0.98914876397629281 0.065628111329436967 0.036810344131858866 -0.068804386772281123 0.05853927623888338 -0.0027850361625911388 -0.029977511001264574 -0.03896634374707373 0.060121449322712107 -0.029630181711513583 -0.0038612251059409026 -0.028801959259792641
-0.99728029203069968 -0.013463006556928963 0.034274069430661136 -0.021047778095812406 -0.032405679981790253 0.031666615782281415 0.011100372958878321 0.023557129088606743 0.0097356491986343077 0.0060384466510241368 0.014576588083162884 -0.023627608833132956
0.01050491142295951 0.99501069472120396 -0.0019870472161199345 -0.014155521847380313 -0.066308194537843534 -0.029898822136255606 -0.030703929975378255 -0.0226979230238907 -0.0057547709686432032 -0.02091414146449122 0.048972230567644041 0.0046471226159685722
-0.0114326403374168 -0.99773757555563147 0.034352577229115069 -0.00073155998442537542 0.019156162240836026 -0.004593964991083708 0.0084593568102320753 -0.023505786501222412 -0.01350160992887752 0.011991740791673727 0.036113551137213033 -0.023789927291736707
0.022537280262761833 0.11876059392729266 0.87163851079990629 0.11234774318975733 -0.00055398590481199681 0.15959681589538444 -0.011452052937929167 0.06590940269404319 -0.25514350247487566 0.0036790105144684383 0.063401842564224875 0.33754125433897175
-0.030317771054991415 0.44220893637808717 0.34199387570563172 -0.2236325733923521 0.4573487201977639 -0.012080345974449073 0.33570640580375305 0.022413079100701422 0.26337516756471019 -0.46776928197170548 -0.14934829636443753 0.059718783749383442
-0.068482123069102924 0.0014888705106354187 -0.017345547808488258 0.99524561297320602 0.00033003761917998315 -0.01716331933610122 -0.039663290873379511 -0.0097196793971022176 0.019924763935063931 0.011789417945638595 0.027901095623093061 -0.034878201173166326
0.021612456804169081 -0.019838416473906415 0.1152104905049445 -0.9870230598029136 -0.041676938272572073 -0.041500469308790137 0.012181422474360252 -0.017434912680465264 -0.079722097347267498 -0.026153332881553859 -0.023261841009238858 0.012610273347565801
-0.0081307445563808898 0.051272733270703912 0.0242217154841863 -0.016291937175839006 0.99349706821612793 0.048554051549650187 -0.0034798730397103722 -0.028914067060653671 0.010827495356312351 -0.02671076871052849 -0.0028335887663249381 0.073294589060780777
0.029510812431815105 -0.034203340784998579 0.031899920936708501 0.067468523120161009 -0.99478424444015634 0.043534581979967804 -0.0010234560923357832 0.0076080594344414831 -0.024193560147984079 -0.010087254590565387 -0.010774331823658943 -0.0060486966898607103
-0.0046856288232829252 -0.012197960581350194 -0.083168450275213579 0.051034370457314224 -0.034036893810484393 0.96590613017246774 0.050665317415158735 -0.041655812589873199 0.2134881397056822 0.067345233457560494 -0.02702522406391351 0.032085572997225725
-0.018208123743381086 0.0069670394125732468 -0.21127261304911882 0.013169740121788129 0.02624729826858814 -0.68287243952258947 -0.094332893149832939 -0.050938478823036343 -0.15707869149935977 -0.0588501239145841 0.041347465831058638 0.66818155279293068
0.016935214134867749 0.0029875102143615113 0.0089521960758937487 -0.021728785595087112 -0.027860280346486101 0.0022457394426003635 0.99509583389300915 -0.029639090596680569 0.023157912284334392 -0.05384392091762541 -0.028783187375508421 -0.054887429171080131
0.018431683949280388 -0.038757262908590072 -0.051402818574396859 -0.034760344153756381 0.0054449813382937487 -0.038499861793702531 -0.99248338760291843 0.0081071451999090247 -0.0015793887385560457 0.049074560254834074 -0.0095107427354953478 0.07214892587009776
0.051400118982055563 -0.021089087854106972 0.020181753455881166 -0.020109305281551564 0.034027071685081484 -0.018960934941906937 -0.04671091015559397 0.99163598600939362 -0.014636398371031029 0.009514847688320718 -0.005298621120229146 -0.093421423685090696
-0.0019873430876141667 0.02707026641044603 0.00043357582341553244 -0.021674514096685037 0.020812606490128397 0.018450064051908924 -0.01175072231320452 -0.99789914983021277 0.010708992863686919 0.0013370776864579984 -0.025474594992690464 -0.036242118322276598
-0.083353165127681844 -0.011945941871401602 -0.098536013429551816 -0.031286729266643561 0.029943470362701119 -0.37117132088976645 0.039855747712184308 -0.085938086053805124 0.89306128507514959 0.1097348651394221 0.042527969000224999 -0.15222981035912864
0.0062022382060189091 -0.13884297823039993 -0.66652292872110419 0.038940685055314492 -0.024524644546574107 0.23768103369758628 0.00067511389260675888 -0.035013424076849271 -0.63041438280966133 -0.019596872811600673 -0.050197575334451364 -0.27616790637768263
-0.00033638827073531727 -0.0093414203859929403 -0.013595657582775244 0.015114020881851624 -0.073117417165272452 0.071536468588805829 0.014224875649118299 0.021478087176496848 -0.020599359707156442 0.98647821347651898 -0.11796538598434789 0.029877069034649335
-0.022974957322026271 0.0096623450647609944 -0.056898954108578599 0.021153496440405026 0.0093588103451260514 0.032820892056301391 -0.037296830808604783 0.031108500301705862 0.026328892031328148 -0.99462181145439199 0.038417941675377779 -0.026991512532195186
-0.014008915936486285 -0.070254890200973932 -0.039110653220969023 -0.067186473847226397 -0.021466501230284943 -0.013907727462799644 -0.0014847380238909194 -0.034183091236160319 0.013209822245552158 0.022227823241004908 0.99293224866691054 -0.020405526445308884
0.0077117469988027994 0.034988339015635576 -0.0070731734187479255 -0.011962038216110211 -0.0086862465333513161 0.0018558614372280976 0.022812812386383278 -0.0070730589149262243 0.060411677762965472 -0.0069891010497690311 -0.99423159975333308 0.075359040513154646
-0.021308296329924602 -0.04096343832689775 -0.40136486190000714 0.11722224875371857 0.04774871966426026 0.034202173081586268 -0.11994512247075602 0.33952218507119331 -0.48680613856860616 0.257640378466161 0.1212128749574982 0.60981138690927794
-0.0024478818637983122 0.0036268106871516913 0.21948603710659498 0.049238437012168478 0.0083962376500867873 -0.32087938776629521 0.011047207676678857 0.074982660004439219 -0.14967966945608224 0.040376654099336086 -0.044249717972995789 -0.90255829527531917
0.46346943931531259 0.19878794123359758 0.2419535572055436 0.0201911051964275 0.0021184005578751895 0.58634683486334205 0.43562004476041799 -0.025888696478495017 -0.26992769121303078 0.12178888901212018 -0.045707441755509337 0.25041050314941593
0.50260622809334199 0.0097033501613189611 -0.25848144999290146 0.019539811470678119 -0.11084924075088023 0.3492685832524135 0.46968506843878027 0.31513548118575702 -0.17421429211213899 -0.00028002723708101755 -0.1102444723632314 -0.42825609877494847
0.41661378914670577 0.11189106998112582 0.18030783863971836 -0.044994957909879223 0.0079771184516546599 0.34412931109820483 -0.4264572420125089 -0.11574923413007927 -0.33643497109652143 0.36153605785572457 -0.072529371727809558 0.4652615113319889
0.41437894254351915 0.0055092551449117816 -0.26234501227437418 0.22629718210223074 -0.0085741356312384991 0.15139405276655571 -0.52064356490822516 0.052093665259904436 0.012805080478754388 0.045440029694675137 -0.1196622706326065 -0.62841025448227528
0.37034500049348695 -0.01044567959142568 0.17558223010577323 -0.30834844117972421 -0.032917280566396333 -0.36401229249285189 0.48041861905397115 -0.24778464194576472 -0.031464374601755316 -0.060655758937076656 0.18498048040740084 0.52168276454537099
0.46529252183028591 0.061962124654466308 -0.2006563947997875 0.12066697652565844 0.13537666647827698 -0.38727391647275122 0.4917285625505966 -0.012560195984452719 0.29805423854833352 -0.21607426777638286 0.056483000401915631 -0.41935980092867492
0.50153976178855597 0.056084138212327897 0.27680378429933666 -0.0012935081658713361 0.009570971587518946 -0.31124598826264011 -0.37282738373691809 -0.27113519510540812 0.22440742172040559 0.02178760470495085 0.076439776881087912 0.55003070613644944
0.4530332980135835 -0.10741546972474175 -0.1581563220151932 -0.019707941053481535 0.098073019983577994 -0.54750657497117927 -0.50810654058087801 -0.086373697149637746 0.37176699322070161 -0.056121096321745785 -0.011170843312227364 -0.20327671080094201
-0.46698635494798219 0.12682590704301203 0.11335423569967308 -0.055050723060301732 0.048779175440914514 0.50418081418287253 0.55981600125278042 -0.077604651730881574 -0.3593226706891095 0.11399419803831655 -0.064307690722828409 0.16649952617114255
-0.40574517943449395 0.023429158086357042 -0.00035925518112682703 0.0020297852061038173 -0.037353055793179379 0.2286276378776812 0.48942229181572233 0.46066165164034201 -0.095523961508558922 0.0096811262295315153 -0.00066412293869638501 -0.56585289408233119
-0.51658052378491837 -0.017606830077320383 0.10799271993561575 0.022289249778506683 -0.011852064103113473 0.46861686439395217 -0.4195030490669357 -0.080650731324383884 -0.211525789624817 0.31297814156806858 -0.017179398064424888 0.41887006292494655
-0.47441680200396474 -0.053868904111625295 -0.31577184325851326 -0.092130049322396795 -0.03485965714375474 0.17908321705733635 -0.50419730896844828 0.0300510074980039 -0.18030899488695581 0.0063965610733051261 -0.10612937398697682 -0.57585359142674952
-0.38564361489154203 0.028107710908499301 0.34213868716531248 0.18658642670749398 0.042556514393945102 -0.1667806046563122 0.47580856906329977 -0.15235623028377507 0.034936265105189865 -0.042277239273242916 0.0502949671184914 0.64330789625920315
-0.44273992192801803 -0.060319966383482734 -0.17540850452548518 0.033497261871949971 -0.11539077406556171 -0.51465757279273505 0.46483216432267471 0.059250123449110209 0.25976982359524226 -0.19783124304346844 0.020335323407101841 -0.40454245726621635
-0.42422508181123386 0.075999689999284123 0.17041272091279117 0.15797224881171634 -0.035414344067076477 -0.25035022076750696 -0.4742684626897668 -0.24484324615814101 0.36277023268505637 0.014057311317934104 0.0037049293848974547 0.52880963050772345
-0.4820750248740206 -0.20393504457068082 -0.11911214192045121 -0.037125092932553012 -0.020123435852568938 -0.55761819725278039 -0.46733370087787512 0.049482796076265718 0.29202982832154384 -0.11531916209907667 -0.034638013990495424 -0.28013591283321665
0.44271974241064199 0.051129953086417844 0.031076103753228751 0.064396859853409164 0.066150755206942052 0.4018021116347042 -0.056122928056116059 0.50175318448322759 0.12694931731528822 0.095306339760581449 0.56620613618245552 -0.17250090161075726
0.4793697679506273 0.065673943606254753 0.074609617858792124 -0.074804374828862208 0.11601000268864631 0.43892335953590095 -0.13977693197233651 0.43931712686241642 0.15658419123753303 0.014426170186948859 -0.53677166971821821 -0.1524124517727608
0.45719600590790083 -0.002409326871483534 -0.094289444442529818 0.010151110360590423 0.0055876051026991832 0.41536114243963068 0.015742519200081358 -0.46943945666301423 0.26273051664558195 0.024277280369850298 0.5166864864523194 -0.22850272774571395
-0.30199124962747464 -0.006357783769245352 -0.12697379103103273 -0.48347895731546681 -0.049579907292761363 0.58535836474107328 -0.041211379475100417 0.044416171879821435 -0.23396675298196518 0.42873259609159708 -0.18914321611713722 -0.18917088782536545
0.41027680774213454 0.080076888875269855 -0.048338845381396496 -0.016348581303671013 0.0030135717656279318 -0.55362033383360698 0.021629625877433688 0.42214329851584093 -0.056485893644754592 0.16083246362174103 0.54377022393256802 0.11285192951880982
0.50942831085043427 -0.035582043368544536 -0.095338284805161655 0.15483547803777101 0.038501377433769517 -0.36753706869022562 -0.10300780406217404 0.51877309549194572 -0.15391462542741591 -0.11963311310299997 -0.44244445304858288 0.23683839965401079
0.44480605212217722 -0.029080110966350315 -0.022210243370708267 0.056870098806975466 -0.059702496891038917 -0.45386179907909874 -0.0085839498407057659 -0.55639711539610626 -0.066216416715632859 0.097337276507495726 0.51422864787895839 -0.0088206314101116588
0.48121495592513736 0.033649864827814673 0.039209294745303026 -0.077360252121821613 0.015538301138151425 -0.39647077158363248 0.078469594506037688 -0.53345628709724635 -0.10471655189006815 -0.031470723876251876 -0.51474209419927042 0.1862763810005669
-0.47823217560632031 0.046359175463634661 0.085021776813004712 -0.052680397576172357 -0.040233123359391089 0.51780180354944239 -0.011956808161579501 0.42929000993803701 0.27473347661233505 0.079018125494027203 0.46407588785146925 -0.088779611186430518
-0.47684048328055106 0.030633951145995059 0.081951973351501395 -0.061205161322839305 1.0998856609327254e-05 0.43619827447188231 -0.050904517529203781 0.50792498413787479 0.12129852390192174 0.00030792071178739838 -0.53907396391623252 -0.071136188788282761
-0.50950702588261609 0.036162372403941753 0.037944777108014631 0.049603719572569399 -0.072155705918620458 0.48730391269438411 0.081727731749701008 -0.50029507236761961 0.08413609505188252 0.0097382844998178484 0.44646508382844169 -0.17042188751301698
-0.52432579414712877 0.034635939918567518 0.015217095623000608 -0.03503560501873932 -0.028359512031737019 0.47936356510796535 -0.032619868922342685 -0.45175478773498373 0.072922489440501684 -0.028704352124671643 -0.50944998491907667 -0.144923116316477
-0.53797164624162619 0.0083889582328196682 -0.074888787019417744 0.065157712553349983 -0.096092698211430558 -0.54739876523733311 0.049794359096456013 0.37590904607194675 -0.046320692522553615 0.12977939447593717 0.42999938991463321 0.21001951868979526
-0.41014703362052923 0.080597415528227884 -0.0091544772237228417 -0.021151252146005155 -0.070285967203803673 -0.49323079318477536 -0.035484683213562504 0.49980679323063587 -0.18033274208026326 -0.061507404292709747 -0.49226741585530387 0.21642387646994854
-0.54195402215488675 -0.012824984638613649 -0.012420751392053822 -0.014197023996892455 -0.015362413847693162 -0.40532015496881602 0.042030025018635661 -0.55862102275894576 -0.066775634396625802 -0.064604581643968581 0.41718684316078641 0.21152665506793855
-0.45429109479784258 0.044805118634241914 -0.027886327602391313 -0.018018999500902133 -0.036374866801651404 -0.49383805360089889 -0.049302962088474116 -0.45929209978281699 -0.21969954366333974 -0.063193526687164325 -0.51705678466437432 0.11100257627693469
0.48588924637363085 -0.00056963221879441188 0.16218255631776118 -0.00059840020717392929 0.0052778441627293607 0.3885252629664826 0.074301762406615374 -0.21074201162879616 0.49455926290345797 0.42280402744953521 -0.14223640771414278 0.30514224113712057
0.39901389832014367 -0.029383331338836173 0.13110521784353443 -0.019756010781369546 -0.43316577784847093 0.064495719896345713 0.092434281332152424 -0.46092018445355426 0.29509631640603401 -0.46746748592894627 -0.025773287060546799 0.32138746118952122
0.5320159132700476 -0.029784782931161664 -0.3338705353847779 -0.40088612227793213 -0.03086248144365776 0.41865538329514945 -0.25781699617285525 -0.068808160666402288 -0.27210494916732619 0.27677885489269227 0.089024201406384479 -0.1946555464767481
0.46695885155912242 -0.063582953940518064 -0.089614785328576349 -0.052021549576958467 0.0093794722948907731 0.61980665626630649 -0.22126416618822281 0.053505212878234121 -0.28359702038849544 -0.42328611367945801 0.078604995426915125 0.25558468956314079
0.48968468237607354 0.10691138351885865 0.29593344019309847 -0.061308777539266376 0.01795438811435893 -0.52068305265091208 0.14166697467964073 -0.18471288941473638 0.33657299200596991 0.43053676652800471 -0.063798204920700818 -0.17061189542304997
0.35890233103870062 0.076748686605666513 0.1819221935745039 -0.29020624714699644 -0.057205285189315232 -0.47706992337013293 0.035105807653889043 0.10933709075415721 0.42439978768636183 -0.56190127738357842 0.041462952558002683 0.079754812702721084
0.39571299317801834 -0.037617562333020521 -0.31863216385938536 0.29338800468169063 0.024877817896589355 -0.30212274556033297 0.124548968801784 0.016129935439623516 -0.52972244287826709 0.49778405358452277 0.13466891457128125 -0.013890363513903712
0.46251745581210707 0.027909004091359279 -0.046199452621131516 0.17026797288925757 0.099515639035764575 -0.34131575646587264 -0.21429757971525035 0.1524045107789149 -0.55786289559502622 -0.39776497334233407 0.073218393913158042 -0.28954068010619111
-0.45513064945749021 0.037405643030349219 0.048199950281299711 0.026074413653508422 -0.052735931297633931 0.36293642530328757 0.19345459621719632 -0.21615704124990678 0.55358031128654039 0.457276590581567 -0.059311133782544379 0.22523426264578195
-0.52451557139626903 -0.018830114502083054 0.13995130888119028 -0.052940643344978333 0.46511393192941847 0.19370338780355151 -0.039068244887245342 -0.37203416936000994 0.23696219211361405 -0.41835220193125305 0.10324245598361403 0.2579212834459782
-0.47727762502289012 -0.06571950935956633 -0.18654379135827109 0.39156656752281499 -0.0053319876927020449 0.46076230625961045 0.021152938785627386 0.036968648673408794 -0.34648331595878534 0.40327293368195416 0.11369568662245287 -0.26459995208785875
-0.51901406055701171 -0.0094992247464841147 -0.16994106813595261 -0.042654287780888908 -0.035489305380372205 0.63067973978010872 -0.097061804609507571 0.090041490096392035 -0.26073510051785809 -0.4455467631242554 0.090308936047779176 0.092948971199762115
-0.53300872494905094 0.030661056618944676 0.37385258721410353 0.035066960916189154 0.022311149731072913 -0.55502267599302268 0.095575004318888782 -0.18446527622231307 0.25851635845344934 0.36691693807554576 -0.062069768069570153 -0.13017207468015646
-0.35489794334536473 0.075550281342560033 0.2917219793205002 0.32689447768093027 0.10422091163493273 -0.44832037322645985 -0.0005887577520949244 0.042020322059788832 0.4147279992383423 -0.53741194429134287 0.01758524943766282 0.040478762958860763
-0.071351886407747783 0.11674151050591262 -0.30279785599386844 0.2922634701382022 0.33914798034489263 -0.14923614536885021 -0.15862153804783335 -0.13909498921320756 -0.12084788323657214 0.55770867525089241 0.0020605855407060743 -0.54472693994335875
-0.46137362355121975 0.031553716050748179 -0.10604250244498527 -0.018275045911998359 -0.043618688284510397 -0.40347300599464586 -0.17064005498709797 0.24226507468894334 -0.48714673312464035 -0.42572046586938689 0.14382035632811352 -0.28778838059287043
0.0048759357358081129 0.49315326401280418 -0.14045175567680204 0.076715251593408335 0.44293269716293132 0.18182260045356058 0.52180365667159223 -0.087325081719213007 0.02575484786119106 0.077610587771836256 -0.044165719740276985 0.4619234496719406
-0.046780883113204171 0.47203188997615891 0.078852557110597771 -0.013429161537633693 0.46735102196589573 -0.24062106557071036 0.48375973794299837 -0.082255557073070903 -0.110229482240552 0.17959181591624884 0.054606740098754873 -0.45178400244125527
-0.12813162156692462 0.46873832690443429 -0.19055385406836639 -0.089392983945557253 0.46035677751206866 0.1836021607530659 -0.46192616173629081 -0.062554084292452961 0.0011154886400732034 -0.054988792900372681 0.0084089872128146753 0.50352970165462108
0.0028798165935969393 0.49944253162062269 0.078122720483256788 -0.088581332841858512 0.50463455964214543 -0.1603413765760211 -0.42897348366357163 -0.003583507278982673 -0.075602263402483744 -0.093028470600178811 -0.00977881978898394 -0.5076779898246313
-0.074048582151587702 0.46266637358587881 -0.15514938149397342 0.069166178590093261 -0.51548934947793756 0.24349366157804245 0.45652542334529389 -0.096697246940611395 -0.027232664513349575 0.05978803307969572 -0.013349840969487861 0.45202062546437333
0.071822024545471722 0.49551463838228071 0.15212689243088237 0.0069999541137507372 -0.46477698316637461 -0.22377620987947011 0.49612613974404995 0.02913267205941978 -0.057297960913391385 0.056706589391047793 -0.072371098064718559 -0.44865987611173075
0.039642411048176861 0.41832490420533758 -0.071585760222010963 -0.11332689723551147 -0.48350412679072707 0.093215201020689711 -0.51335657182787331 -0.063659811624731485 0.026796266125064781 -0.060292562630856757 0.0011430656970956099 0.53949777728764403
-0.028801808348913074 0.46022342303237873 0.084090363318492831 -0.0065855563975384937 -0.50871576806832386 -0.10155459202302694 -0.51097254507356515 0.019384029977789864 -0.067947836140879431 0.0083026633965970747 0.032934887468950333 -0.49386840172696767
-0.027042480821157774 -0.46460572094313801 -0.068758008660173175 0.16247955693868985 0.48180096700330471 0.22163793964760359 0.51296916303404683 -0.073171867875258978 0.024472426954455347 0.020829909967173897 -0.0039199880286523011 0.44887389589377241
0.02673726688616828 -0.46503091320880569 0.11602816471929704 -0.036470179163750643 0.53163789758982305 -0.20103743898557963 0.46496113924965238 0.031463650139536489 -0.11695935388439307 0.046486317763901656 -0.070097161944231878 -0.45524822977173118
0.030360818859707976 -0.45709878951975069 -0.15525298809038765 -0.10471907422162285 0.50944467435995244 0.25376709203249154 -0.44461624897744162 0.026284644351449487 0.17867475734639449 -0.045457133952371019 0.05820523140570702 0.44202304121184988
-0.008274397315955825 -0.45202228835462266 0.10003460199488091 0.042480296688922628 0.51538461837672234 -0.17655070721248345 -0.48974399818837266 0.012222301913398587 -0.027956602454782521 -0.0076510424648596415 -0.0087772662619365893 -0.49607329297177977
0.048565321946053397 -0.47691527672128936 -0.11410424286122987 -0.023831793326253282 -0.43609126995409181 0.090377925412944968 0.51405417528008424 -0.037826309038440781 0.035723903426563591 -0.16428271348499326 0.039545235106127043 0.51259181905874285
0.037016883277694521 -0.46287941735242655 0.14502890596720885 -0.033110677121998666 -0.50154764084017467 -0.1428147907282758 0.49209993319680734 -0.01392862600514078 -0.041812584775269418 0.014879509055931297 -0.02166350284574179 -0.49548082111185643
-0.0017107765551975353 -0.53750825851316808 -0.13056128893149646 0.028154872392822713 -0.45970840277890418 0.098094343653784 -0.44523082643617429 0.024563976268954603 0.021574292821492012 -0.053847111056126024 0.074310677525498345 0.51436151334552083
0.03701588073562332 -0.51144028047716972 0.20907209434436827 0.016020743106518753 -0.43737260691342372 -0.17387653945616635 -0.53668498313734403 0.098373897092588453 -0.031029748649114713 -0.0007501343046483344 0.031732267131684026 -0.41458952163524976
-0.10908948172299889 0.45919530883747656 0.066570373322428933 -0.044421986650955585 0.51501313995800546 -0.043421301994212957 0.03202020009083837 0.47107798114601646 0.29168255013562966 0.086921980914230257 0.40729159160511208 -0.14916414808563314
0.0070618581085328492 0.49378518396427656 -0.17087526795658975 0.0023055409963220488 0.51696939577648826 -0.12464410636335721 -0.027151092781268014 0.44576526225465962 0.072603425820897807 -0.076461882808664228 -0.48030350120585247 0.053629833226591081
-0.00069871626347188195 0.43526544098422754 0.13742648544479114 -0.035723848582466265 0.44635546877581123 0.096007050223460746 0.035322515158759102 -0.47944653451115898 -0.1726476451025504 -0.0059950704100115524 0.5640885478997324 -0.052678435723242718
-0.029267945048941046 0.46801466199897329 -0.081417908644019391 -0.061611643941800236 0.44820443661289489 0.068586217755057341 -0.0089773191494695731 -0.48038928900210359 -0.19895613927344186 -0.11046837871208053 -0.53015481905741568 -0.019598604472431131
-0.018336060487746653 0.44300084267761969 -0.0081224826884558881 -0.021078648711773205 -0.50619282954430822 0.0031200955090091493 -0.12887531058662055 0.49756251252846218 0.12921453697424262 0.0078084896634688416 0.50869168063969206 0.083432295050243563
-0.031317603096356325 0.52771234606721473 -0.1247743010612252 -0.02124454867776002 -0.55309988244752051 -0.013934013670005827 -0.031862889022010017 0.4009122404413844 0.10742514520186734 0.0095560161597103063 -0.46808986952520765 0.076940368722195382
-0.059435673148020014 0.46250677511566773 0.12167334216199735 -0.042718376248768467 -0.50451864517873646 -0.010605585400545015 0.0011797834419933421 -0.4760474248727698 -0.152347595811889 0.062247991303661813 0.50605997352954102 0.038343686520476192
0.074251413041818648 0.46518199264695897 -0.14537413021146994 -0.026344670571009487 -0.53434797205557216 0.06689002145485963 -0.07936291522198087 -0.49893221988337461 -0.22054131224321299 0.024848448797058574 -0.39952726508569131 -0.04639987128444565
0.0098688739747410329 -0.51535872367347191 0.0017908728026255355 -0.18530187582013449 0.50834316271151181 -0.021611571340741074 0.017980552861916552 0.43895320368001001 0.15767152195363918 0.01131246746130707 0.46519468953310317 -0.081795920030904343
0.12931523923465213 -0.4844039425218703 -8.7764375592672817e-05 0.077560222497876419 0.55392298733159462 -0.018302013939544629 0.040230709663945867 0.43771175308312238 0.18651692430166761 0.034455319976126095 -0.44631543495714981 0.084058703012123842
0.029793826289805755 -0.48596359813480855 0.19903684336738461 -0.0067003095476799177 0.49068966786415219 0.10174598841031431 0.051177221230715018 -0.50361556332260704 0.062538495348088752 0.097594564226685235 0.44992825294429012 -0.0066041632949822657
-0.0042602544229583218 -0.4759250088576068 -0.1475517251461694 0.082634302034029716 0.4889126886466475 -0.080841706452285944 -0.12025843374392266 -0.45702201253832975 -0.20262421526092442 -0.047233233694839012 -0.43743410977861669 0.20331978724106323
0.0030923643260284488 -0.47067543968460701 0.087804898692502742 -0.096669031801649097 -0.523250051891753 -0.091134900962345833 0.056775493072771313 0.51501126544719678 0.20051627497476412 0.14470946053308656 0.38666347217950398 0.01371034178814667
0.064008656002236888 -0.48312875801715705 -0.080558204885450346 0.036525144377886377 -0.50054530239575812 0.035321398455455628 0.023492655741810753 0.49440171551609741 -0.035383262858388026 -0.043996398588023997 -0.50268058248104108 0.044857508694988169
0.02237840888568627 -0.51022686989652177 0.10017221076102129 0.055778627945515843 -0.51080593334936786 0.10175266552221253 0.053863985760139364 -0.46139981757417092 -0.056813988670224962 -0.042771078414390651 0.48361588148826801 -0.0036164232111736694
0.023029030221242201 -0.54285625497340029 0.14984416232663947 0.095965017964665181 -0.38934144478029281 0.0020417659403886876 0.15802761760035047 -0.43095111337571679 -0.078064336843606488 -0.046874961495123026 -0.54467809786254517 0.076590731017909155
0.022277352150671659 0.4178771515845488 -0.26461618279177929 -0.095188908755683616 0.40309268947060722 -0.054473681319676295 0.16307530681545501 0.021266737372334851 0.45366372585369003 0.56500298848083919 -0.15076876688127058 -0.074380447243444156
0.010511781143387617 0.50371069552999281 -0.30282546154216605 0.16026184763792459 0.35611502847281773 -0.11600887805914208 -0.087881076382617773 -0.040828564705833938 0.53637939207023755 -0.40672401321950513 0.043622169737745263 -0.15518286073161569
0.0061540943403654196 0.49124688586223259 0.11764806411439042 -0.021519987918981215 0.50937893850087246 0.063578161822670426 -0.092168415045695534 0.015877890023961703 -0.52381956950093034 0.42611458747656683 -0.055626588824923669 0.11411983690040901
-0.074929770026759865 0.41587571603203849 0.26837170623525408 0.14364666946481078 0.4438145040523383 0.14172605797844087 -0.14129992745863085 -0.048071385606529099 -0.44407981586320761 -0.52993359962908848 0.024011438533609212 0.10405772839125392
0.10580905160584027 0.4665392424464701 -0.27620522924154378 -0.1152586849982053 -0.50927545422550091 -0.12046340667586108 0.090076568043585853 -0.062233060138262658 0.32706690105406894 0.5283008501437898 0.091114907704577433 -0.036545201940238192
0.012005864377523016 0.39106225370112108 -0.16589069955921212 0.0035381504428423525 -0.55937916629898454 -0.099630453398211818 0.043225740544866227 0.01199133022701868 0.44530505481342381 -0.47779241453539995 0.070841175208969626 -0.25089786632624067
0.0096870185746364048 0.45306101885492872 0.29081834746796248 0.067665145156462367 -0.41036706585527044 0.22284647379665148 0.050333779277632676 0.040020269914426074 -0.49520368409257925 0.47318970560204354 -0.091186055331737237 0.076427206517012625
0.040368575728128138 0.47475501308861168 0.15051171330051669 0.024626928818665569 -0.49070964866598332 0.12666725133476966 -0.097901069828145282 0.060681710383707524 -0.44859895757373253 -0.52463662492013385 0.0033427191772261553 0.05580829829608952
-0.24223787567293936 -0.42455866210526061 -0.27862280024320069 -0.060267555995846808 0.37779944077973709 -0.12837626572931776 0.19887844334740995 -0.088471523504751168 0.32171724848086503 0.57988946818294318 0.18227291112203925 0.014764306135145436
-0.067793248276899629 -0.38514305366316004 -0.17058220418968745 -0.071827392720083261 0.48084668516113105 -0.18802321667113556 0.094464917603117926 -0.06639740951148812 0.4945224802125785 -0.51683611399503804 0.035715159078923156 -0.14129867279409231
-0.060149035677607647 -0.44629129347058316 0.24581534700457081 0.025616152256212207 0.51078695653420447 0.1519378876835942 0.012761783852384894 0.027964845945370291 -0.43964511529244266 0.50278248035197282 -0.016370097569276747 0.069609197245270496
0.0065896791556168148 -0.51707086845957073 0.21380075186673847 0.16542907102111951 0.51753138918994435 0.10219028916241576 -0.0058116511035806711 0.077793091711937476 -0.39945127668909436 -0.46275679891616617 0.0317776841621401 0.020847567637048536
-0.029337907686470297 -0.49694540294322243 -0.17065229977779964 -0.054412666848792278 -0.31848313904607461 -0.053549278628564685 -0.23707200250589536 0.092432507117218468 0.51575344923401545 0.49933616025269811 -0.18831009498664986 -0.016023635172600713
-0.078329835040139156 -0.55044428706234361 -0.14495795951375021 -0.018111690033683372 -0.48581344683846289 -0.15906383540337898 -0.0197154055243094 -0.062140094250907746 0.47183612712462331 -0.40526773064104615 0.033238859429158156 -0.12646144438083487
-0.067365911474176379 -0.49169351516533688 0.23548917737844222 0.006637712130598483 -0.4446152937806942 0.061218238656387279 0.025997567601226589 0.008455004048026649 -0.54461741423333321 0.4378899979172774 -0.054775287099182855 0.068309634528338645
0.043461655502761744 -0.47252374791178536 0.27963993282982519 0.043486445815052899 -0.4193511128303038 0.19090772477230608 -0.13013572435506482 0.048390522165504359 -0.37407692605420395 -0.56113589889942495 -0.090028937403541023 0.015890605690315043
0.052434629841742506 -0.33829091637809289 0.072292741148643605 0.4698544232403849 -0.081016667179604304 -0.38797821051861214 0.34356781247752105 0.086405217619149544 -0.26638599199626739 0.11512699397493312 -0.34208135000046697 0.41592015932855575
0.35366582809087244 -0.14850700719367335 0.56554835975951068 0.33505609605421921 -0.23765355831257481 0.30068597661214264 0.34462600748047156 -0.27921933991764841 0.063437100990489784 0.033388299913234026 0.02696664318014122 -0.26696549739999403
0.073129319694150624 0.053576728274026313 0.2237835914613085 0.5518360943903825 0.054411178865597216 -0.13897213413643758 -0.42875608531161408 0.10363677361725608 -0.24219125302630515 -0.020963682470508369 -0.14563638099813561 0.58311854663030926
0.063066832338902479 -0.069574454222741028 0.59609500056919684 0.3899664755791506 0.052577250404712506 0.036222894043898272 -0.45416724204779763 0.041218521149879991 -0.27740914648832404 -0.30197689617160101 0.020001877216102873 -0.32123137639717869
0.025963644275668534 -0.47953824667964445 0.17065170081741038 -0.49648182765393689 0.030021553686476708 -0.0055052379568417201 0.51992432195720728 -0.08129797345203546 -0.17091907969104031 -0.032066080916191328 0.42753199668096714 -0.053528637665450601
-0.33618797290558583 0.11236642460944261 0.62301062839263577 -0.29923012926975251 0.12568728423541473 0.11907697888317055 0.37479323753931881 -0.22188677211700147 0.16552578402999499 -0.0034936217624472262 0.052757798366844327 -0.38313941772772514
-0.11677292129246115 -0.010017652385871814 0.27992086373621272 -0.49092259135642125 0.10690167530086571 -0.20024475620983181 -0.47790898661393644 0.086771339880318002 -0.15107540864703811 0.075648292567238706 0.012882897352100726 0.59223174774873755
-0.048298282729228467 0.11284110133647879 0.57746156106504454 -0.48331295489637321 -0.056341933195636601 0.15117613464056015 -0.47907528744905742 0.092821489079582584 0.084722982910406558 0.17254630780466329 0.031675912991215041 -0.34024949995807496
0.038462388011829649 -0.041351744417171682 -0.70100585786326486 0.44538414389488795 -0.08251237196220966 -0.13830102663794136 0.37747050900154883 -0.072626933524317733 -0.047828065025257521 -0.076298533765203458 0.059063962266227822 0.34891655982218889
0.11207181096660927 -0.041559668610901414 -0.43688873546848761 0.53545774558617831 0.36838834146064753 0.39459068336162278 0.087732098040823811 -0.035590185589014493 0.36813832918330347 0.1858107710376643 0.10712805295289793 0.16193420580699192
0.0032230394326088108 -0.20693498161092402 -0.5616855617035017 0.44193034544420634 0.22921653097506181 -0.21076442369553688 -0.43105628558556236 0.18136783577336604 0.0879234627134661 0.041912881731818931 -0.1775761936227585 0.29947991901938897
-0.033280788477458641 -0.053363420457001071 -0.34237600621178915 0.49164115955401178 -0.072975076550934409 -0.33585653799009907 -0.19194043692962826 -0.055313160599226072 0.043866864842593119 -0.42954545268352812 0.12457445834223078 -0.52643549337245676
-0.004836680709215095 -0.32820110800303048 -0.42018991426049612 -0.34810378400931813 -0.060802532741018461 -0.38005122391640939 0.39690604152200931 0.042454946718832987 0.38183911320105235 -0.081777508755082481 0.33109522665730712 0.15792214293185886
0.0016075506975212898 -0.098790905594203851 -0.25484163725592873 -0.44746716650468282 0.013450841615192839 0.24221400611520158 0.48827685168550966 -0.18818383672857858 0.15364380683900597 0.05307401000753826 0.077567115793609517 -0.59995894026715302
0.32093126010040707 -0.0084031285850855817 -0.50152340667846484 -0.39807676441092021 0.14775245121976108 -0.17921664512739194 -0.4360511255210141 0.2866965233252789 -0.041618712587439752 -0.089637232168302272 -0.014150637534105498 0.38818759827194982
0.022672950448802624 0.22828006028314737 -0.32814076539978676 -0.44577141731123981 -0.033699944892107828 0.25056500665220316 -0.35132054136933405 -0.034464728973036575 0.37984871023110356 0.091503811747759442 0.24602549370609086 -0.48914890373866193
-0.0096253325707444364 0.020355585653406161 0.39020696989753767 0.52680023455219016 -0.0062538318722391087 -0.10858362339024775 0.034253635825157822 0.43254635397608915 0.14296898338132197 -0.033473296149615722 0.57331753968302401 0.13914118716416171
0.020465181933707419 0.052509269047641395 0.51215123522228601 0.47340083477327999 0.052856301338337783 -0.043518530882639794 -0.02336409697918778 0.51090049388935144 0.21463130511660533 -0.051298354106289523 -0.42645966715196509 0.11661004290337082
-0.029725470787682833 0.042803923500982992 0.42554156571834922 0.46179506137342663 -0.030328298603300999 -0.012886490063352917 -0.075068959052053352 -0.51179131717425641 0.23570639759045323 -0.10170343158290487 0.50958036018194264 0.09337618562595465
0.034732142645360453 0.0095959923521428299 0.58057978227172125 0.48852254153724201 0.043529226691107294 -0.033704056285711201 -0.086003855998472545 -0.44497193052315948 0.11283648567955097 0.082840288887668437 -0.40863227062321233 0.16724855838128574
-0.022290432257103046 0.055363142955838156 0.4518208583309607 -0.50880980843265144 0.016345769128475997 -0.0034158973569300114 0.10970738409390422 0.47466064592717327 0.063247902789553695 -0.011454697174970645 0.52768278137189983 0.11493751937783718
-0.010069745417796093 0.070975518205743757 0.50674037277944273 -0.48407825006082894 0.021116667630497681 -0.064541994790919016 0.017279919598856355 0.49653761341073788 0.15387429255184301 -0.11017702077493272 -0.41797341646370972 0.20436655272853621
-0.028116561051224776 0.021646385498499478 0.41332038217199379 -0.50412686710232268 -0.021985764185978033 -0.0033278717189871325 0.030036025131080453 -0.46162000992072555 0.24324507279679439 -0.12564392528820828 0.50492937158926132 0.17136329805159356
0.31862750889824271 0.13551777708283549 0.57855010834253007 -0.45370760215315953 -0.028829703974512757 -0.0077935801731558998 -0.0052156642535850844 -0.34285168527111798 0.27210031044068234 -0.18675731627729891 -0.32562409447351481 -0.078270866587561175
-0.23671960010821266 -0.1982319042777316 -0.26973235496593045 0.33621520269127997 0.043996153684799699 0.037069452780640333 -0.18358755172925847 0.51920639215493003 -0.18322889413794921 -0.021650505076882737 0.54558908745703638 -0.2838542586830971
0.014877779902579205 0.08596085660308489 -0.37988027086560866 0.46251323250961057 -0.041388530581097656 0.091857824055610854 -0.11950180115955572 0.46734351699619564 -0.097990006782685504 0.084208235486298189 -0.56384589311389099 -0.2381283249863051
0.031975688939183497 0.36842424102549814 -0.26468896810036935 0.37340008368267963 0.0095173549097463464 -0.26588874582331945 -0.4568377504302284 0.058069750073534855 0.13572185843638035 -0.086408771467536602 0.47415337020170262 0.3466766695410331
0.0044751723392303482 -0.0026851785613229433 -0.5238561323644132 0.417159793609298 0.013017600564114983 -0.0063381507462751188 -0.11467439577513527 -0.47664054608575185 -0.088988288757932368 0.018855532027460709 -0.48877859621219699 -0.25258701825461877
0.028232149038531554 -0.05628040374833123 -0.43615337434767787 -0.52487880386993202 0.012668120232737284 0.12919475590797813 -0.0039381346544340506 0.4691994769387598 -0.2932365185669582 -0.024637810446190379 0.43759349098337086 -0.12332790456102581
0.013861934683797433 0.12219027433169947 -0.44718769779486112 -0.53542466358740703 -0.034065299511272205 0.027069055144363835 0.10533207619726927 0.4498691003680706 -0.1878011289211276 0.0056674139655769834 -0.4920010489773321 -0.074056250713237237
0.042810575249130074 -0.11095143594041468 -0.43259322707850562 -0.47435274366215935 0.023981257559066865 0.026603752107965548 -0.026186422370895933 -0.53191463310485299 -0.22194705968853781 -0.05970288668369951 0.45343203633509854 -0.17430518767335371
-0.035080346906781232 -0.13539107211598378 -0.40386542595349789 -0.49151704212186936 -0.041835446458569688 0.047480162298503568 0.071168436598682175 -0.48719474004527585 -0.22110726776540945 0.073373957048368216 -0.51782122160189847 -0.083085085391333163
0.063763161774431809 0.044199019142409424 0.21359600149544011 0.52208677809726267 -0.16674449802187929 0.39446226057472772 -0.0035482554550358178 0.072636881438779596 0.41305964622441893 0.47307954400327679 0.27660621992617851 -0.12710788210452501
0.20187727827170796 -0.0094771544307454963 0.13125501812946011 0.46456691380917253 -0.018550086274568826 0.3123443304873551 0.062026754592155772 -0.049700927851776239 0.52995337336905968 -0.4772704875657276 0.1999931536083131 -0.27064719863973602
0.017723262948680714 -0.088732625990543476 0.43296712762101741 0.53005735227909878 0.13538617649574691 -0.18975962634105129 0.37297322194579768 0.14559872993965114 -0.18560728622315298 0.45806939673494368 -0.0082501521913854927 -0.25377002929902859
0.065930536657225383 0.17778092711091956 0.47216339685850095 0.39075982520162894 0.19234361024646851 -0.06915918886180468 0.4160378776316232 0.1164669587342449 -0.075248232783556857 -0.42589179997705612 0.032217072344938508 -0.41460873662307723
0.12671415854750204 -0.23054060012657121 0.27706760780367812 -0.37365768280872519 -0.084597210522137811 0.28549047883457046 0.027562368365577308 0.014052761898811741 0.48020400731330098 0.44085853865283187 0.41424966762917476 -0.16803106208934021
-0.34165920275073874 -0.015210281068114969 0.21661357680591808 -0.24016321038807467 -0.063044151558248274 0.2446562189425093 0.070378017894273212 0.067377578184359507 0.62533284246396537 -0.50521857698313866 -0.12734415379164174 -0.20642258933919672
0.037556460922906452 0.044096237173123012 0.50483534679360054 -0.45234916184544782 0.13346955007180386 -0.342088494147952 0.17032568047190982 0.18374554560286066 -0.26572282748778708 0.42208759762327513 -0.11973167328242804 -0.27650024634930576
-0.048139829161168241 -0.024556964264177847 0.56834711922707704 -0.40861087884957387 -0.082347957042946326 -0.17041651320654744 0.0079889099415088958 0.11986537218801016 -0.29367112636510911 -0.47944994564825666 -0.013567696297389738 -0.37489284701976983
-0.12308925165333855 0.037536222948678102 -0.47398438124261782 0.21084411254789953 -0.24627082852955781 0.16983527432397119 -0.28573540086727106 -0.039636950226933844 0.25600645077051593 0.49199199298339552 0.138972979681387 0.4633633272468704
-0.090987906631623719 -0.10992919461752504 -0.37745704196571939 0.34432472001789616 -0.035195762389979228 0.071883600545920884 -0.11369751419671684 -0.099869340837832457 0.53799446051142286 -0.48475014095376767 0.051238148352962962 0.40280311746404845
-0.004116222653345358 -0.077847521092177283 -0.47980839909544182 0.47931579567836435 0.083663306646330898 0.073759922054797228 -0.044539627433617307 -0.48217170749896271 -0.20541027801035452 0.07789213969140163 0.46157921960533338 -0.16041737975410836
-0.092187821171792667 0.058825927380274354 -0.32480110377818372 0.48037172878700912 -0.098288437371687645 -0.29923774215847909 -0.0957109733919351 0.039719962435702187 -0.46410609485554782 -0.42063861005477815 -0.35615471739718119 0.1505608238897338
-0.0010890440301052819 0.0070543134451351098 -0.56649009153293117 -0.59947430013261249 -0.032270761659492393 0.034753533952999009 0.076821630593431778 -0.045437486273406241 0.16434112787171914 0.44533191356876278 -0.008075046264050003 0.28993020906612527
-0.026711404047126484 -0.071986401433902614 -0.42825345195270276 -0.60189498725134227 -0.021518345165056508 0.25032549233061274 -0.033367300970696893 -0.080028636903846886 0.26824101867410033 -0.47211935618397999 0.031863928680120925 0.28621106336572555
-0.39331196051397355 -0.070923866510597552 -0.2757155218504494 -0.23834903091925694 0.04276658764375145 -0.15316453359763937 0.036599365712657254 -0.0027443864821937521 -0.60781894621464139 0.54672723133576595 0.11147253820460221 -0.005489363578353286
0.091497468087449629 -0.021896119730418221 -0.39297703902906506 -0.38856360996127837 -0.039167648045484352 -0.19384099700002466 0.0065631022063187125 -0.033244879796711861 -0.55939878111444941 -0.55179049190449625 -0.073249940104515479 0.15071201337533077
0.19105546988986902 0.52225063215272127 0.22972855597274655 0.055525502569327832 0.030387114131001834 0.33439746425251266 -0.11168874742741106 0.45865909958834583 -0.085627856583600906 -0.07734387004214921 -0.20966670440108456 0.49196735262100177
-0.0297272234291889 0.21828360718206719 -0.23776566707477764 0.039795320722038348 -0.40715342243126795 0.50664495792577835 -0.079925689348893228 0.54874711748812877 -0.37945918803626733 0.0078332660455664484 0.0055658655822004768 -0.1389108605242762
0.0041981423310185895 0.50485967946443844 0.3085176750002277 0.047698769921684085 0.0035000747968883723 0.29750243491023171 -0.01807961659334693 -0.53099847109027165 -0.064828018207361962 -0.096111853687116319 -0.061058691003588156 0.50957455682562958
0.041359502871294952 0.43398772859106105 -0.20504810419525948 0.069136215497211356 0.024616270776852606 0.53592430001545999 0.27242973293163386 -0.44199309225311051 -0.29295764464805424 0.00055651791243181931 0.0098997947080612936 -0.34612185036976756
0.012568322977856917 0.51153851353345825 0.2282336379514476 0.059664795389276618 0.022574753150581345 -0.52052041484400924 -0.12901858182353182 0.45335032861326491 0.29974746359808013 -0.033537025167184591 0.011553199772649417 0.31271347597101468
-0.10611023373231221 0.45265570995956944 -0.32683067496447266 0.10112233903210627 -0.10715663168475664 -0.34064451921798578 0.010047711644627465 0.50645383979013825 0.058436842428579376 -0.01770517519320813 0.1190448220022213 -0.51456945209299576
-0.024295601989237067 0.46538758072085984 0.22568787255629033 0.067728555966147394 0.43790242903748472 -0.37933235304453522 -0.015974867284103758 -0.46663414368442779 0.35687130415115936 0.11069284011760905 -0.053560390929066747 0.17654747351949895
-0.048256383764655346 0.48454347799531694 -0.25863614938608981 0.0079266064203957244 -0.087803219694531712 -0.26568700955671909 0.018242033233516981 -0.48921253419247585 0.18711567049161387 0.012549779472222834 0.12435370420763781 -0.57213562012658226
0.16609361304255413 -0.41130435767511392 0.29241914961414972 -0.064209112796363224 0.061900993824379753 0.24418161107742734 -0.18570598079915354 0.42050658021434717 -0.25614850268943901 -0.10168706132331146 -0.25516820880516639 0.54569025247696124
-0.096790394619140838 -0.43451705409454705 -0.18403983793391318 -0.046812941006049401 0.23975618726973524 0.53472642489163114 0.15511296285558573 0.5323866103821403 -0.31827065151744427 -0.028588548669449369 -0.091707635956362096 -0.065800605023762226
0.18204283426553003 -0.41909034215469682 0.36285036020884287 0.12729510032167968 -0.0042528308505822739 0.20780599739588287 -0.052650471932683372 -0.46853421151247526 -0.17637812637119707 -0.088313644328775795 0.045999031919356816 0.58037661245520944
-0.00018138989077505537 -0.50342949718402352 -0.098372702765931117 0.05398902712764285 0.027534544822163842 0.53483324960251966 0.10698356082326078 -0.52566055321075811 -0.25937341133995429 -0.048641276650479424 -0.052865245207046933 -0.29489349735243531
-0.093520869701729542 -0.080268112833529651 0.18362609716434677 -0.012355643899271495 0.029089195474934021 -0.22610774753260474 0.45379153752652457 0.57044533689694643 0.5689962884685279 -0.12284721736192371 0.14028856095017295 0.095420329870509107
0.38889468821680973 -0.30530886479581099 -0.32708998122743993 -0.041361657179682633 -0.23840233428135751 -0.26174508314020356 -0.005237988594196853 0.34015090050410907 -0.055556768273863057 -0.048346527026081776 0.29565476848370253 -0.55940759698900611
0.031292960094606297 -0.27813214348020177 0.22431788613889134 0.064919460358154629 -0.40775357394714495 -0.43778861421503668 -0.22456322635732179 -0.54690253095224883 0.34328829808718403 0.19744255095502314 -0.027252559375414903 0.045871818319106937
-0.054549727605782236 -0.51406090855706887 -0.24839611027783642 -0.012193838918826241 -0.026012725294188618 -0.34162211353714594 -0.025294935007577415 -0.48829720758533934 0.085719994287537377 0.055691927423966892 0.036853636477167301 -0.55013849753761113
-0.23352507380456167 0.48760464857481312 -0.23030989444226801 0.018842121790488272 -0.047692346455499156 0.38758713412945017 0.4693085678407678 0.045517197248736992 0.46215018405598518 -0.0082507725637982112 0.118230938801396 -0.227727813964931
-0.1343884004054699 0.36494986744374192 -0.096442712640670072 0.41683423805714626 0.060776575208509383 0.22118427552046549 -0.42280792669201828 -0.10388210331779622 0.2265649343486808 -0.024015102686607365 0.43617930442916003 -0.42586885646920059
0.063142477742695421 0.38254656003818804 0.38965161018461369 -0.23201193781649343 0.074249715552748979 0.020966246847432975 0.53498126251725653 0.055393420340179314 -0.44518839538064492 -0.25870926800939975 0.28102222328040899 0.068487747499429708
-0.05064581398396964 0.5079677347273589 0.16931138043750857 -0.091152184348946355 -0.0065698752216775029 0.65679589723323739 -0.43519706859239027 -0.030446765623372542 -0.24574261505642586 -0.064690206143993748 -0.069090349918052185 -0.1064588076953694
-0.055179340358403398 0.44234707964139836 -0.33198744435238159 0.10469576438395327 0.17915538948715129 -0.5737139874813596 0.40813884788484101 0.014666248978670967 0.23149429956969153 0.065001909642031078 0.26342452336967892 0.15768096179923588
-0.15134026533915748 0.39718963853124073 -0.4065282029401352 0.24272229851073546 -0.063299800086688465 -0.23436114175497758 -0.48405838701538489 0.025146278332912886 0.40218889669627483 0.26813953360174181 -0.1959746226007823 -0.17093736727625075
-0.018843086452115149 0.48517440595080452 0.17533444997503836 -0.32139469106270496 0.11100642625758254 -0.27457413619799503 0.17496983640991678 -0.012763582505105925 -0.26840667458026846 -0.12036548312253287 -0.36691563900559226 0.53904193050951754
-0.050141582165817648 0.46699321266507138 0.058749331057644426 -0.025624211032450692 -0.005090906586630496 -0.41216016026638325 -0.52811980884528431 -0.031006335626767439 -0.53517828559074521 -0.10163288771950511 -0.076394033560487476 0.15146005080465244
-0.18856536289493603 -0.53329414374326467 -0.091698109711302322 0.042213864837697672 -0.12256076349878837 0.37405097613518912 0.45253229870454764 0.16798680691205076 0.4777370056499653 0.069182390452310782 0.12405906262773347 -0.18303028043384689
0.57489200867121115 -0.56373196089397026 -0.21663190057063592 0.0024572700820293084 -0.02319469332889644 0.099091606222248302 -0.37933621162477005 0.33259507079026884 0.18384363469329121 -0.0019879238725482324 -0.077913532468748159 0.0049498409118499198
-0.083602793676817222 -0.30060852174662822 0.37890414171536124 0.36110953477285163 -0.1184320467438095 0.10587550055883049 0.48394318170396067 -0.091495651272470307 -0.52556097320139683 -0.15824098640967793 0.20066442945920146 0.13909585404780175
0.12598911900222429 -0.38839552471752992 0.17457280748373122 -0.10679237304800818 0.1153159425236759 0.54416042519157948 -0.55281670723214626 0.090239374553508694 -0.2764791819209349 0.045527895201460215 -0.22092934340776035 -0.20227280762160602
-0.049427482564965236 -0.55449801236768848 -0.36637825613767311 0.35865922296585973 0.077542012604810848 -0.12076228618772042 0.24956012719087009 -0.20944562714775194 0.4275983705499023 0.02499250786872026 -0.3387169469215397 0.047762224417832753
0.039932014247648001 -0.40914264619828733 0.064713680473066332 -0.050612147559210861 0.018824572991963738 -0.52800787705765051 -0.35100538002079917 0.47352935863736023 0.28957398637167669 0.0067205928061451229 0.0070391225490120503 0.33723724157281493
0.34467720698377435 -0.48210595230826542 -0.099503182274614702 0.054754489175300965 -0.08046641737886856 -0.4623709656072148 0.36676160921007012 0.34698403118866628 0.24263870991222916 0.27687810460218437 -0.14579703871047162 -0.062505851420757402
-0.033175635216570784 -0.48244402156817873 0.12802694793535579 0.044783519286917713 -0.046811943733099659 -0.39990594769235183 -0.4519134881656931 -0.13801253969025915 -0.54485677737318028 -0.10633348561268803 -0.062215983597138258 0.22430948861587879
0.026654096489804106 0.50635207057463916 -0.052331807528701153 -0.088213302339893801 -0.029887876829667349 0.49756618292792021 -0.014827866362735424 0.016659390661394251 0.085629601668751124 0.47887215406158506 0.45458772545128318 0.20028273448984205
-0.031631480275670081 0.48475644953121577 -0.1116743056710346 -0.03144689051538576 0.015568475078844624 0.47493879456345361 -0.024209439168280902 -0.10855816768483592 0.041791480687097239 0.44028655362764324 -0.49483412190831216 0.26816185884940608
0.041851719846298867 0.45920495815586321 -0.10925793426197425 0.0253787808082813 0.039392220747882407 0.48721185426569052 -0.026902952785723563 0.069518383297551875 0.1559228791008094 -0.46502598417441859 0.52812558300898693 0.10409806504473063
-0.072787678749968748 0.51230104420097422 -0.1166542810143554 -0.016476844780306876 -0.067248467822017183 0.46803410784690475 0.04029686650194389 -0.057111116788600334 0.24617713556604234 -0.48726585860331845 -0.40666700420762081 0.16277848521714036
-0.10484891602279477 0.50867032098489451 0.081384717083895164 0.045664199347738292 -0.049647170569457229 -0.44193727873829919 -0.041419597222562686 0.013180498723632235 -0.25706172168370311 0.53443654092441506 0.37988019328918143 -0.16086548210400964
0.06828237851644231 0.53307860556337694 0.0079935868428410214 -0.056302359215495382 0.016045175594267103 -0.41227119204081525 0.035849611165798011 -0.061272388626615569 -0.14490634651176895 0.42484532549891862 -0.54094940732313135 -0.19633827740566745
0.046277798418487857 0.47294983387593759 0.013764483108383302 0.00087553262511504647 -0.037332388030362158 -0.45940365350033213 0.0099348016065254011 -0.062434553088789251 -0.0867992818435874 -0.45573098959614389 0.55620856061449209 -0.18152570507256949
-0.00027832592897291975 0.51332202810333882 0.0080922508959319316 -0.031496007545250226 0.015767047442348102 -0.49423670724542051 0.041071592392546458 -0.016531942771308421 -0.096398119200508184 -0.52438477514416693 -0.40345332914636139 -0.20473801060800867
-0.037239366386915308 -0.521908774249212 -0.088057062290991028 0.063144469827677296 0.026752171718844427 0.50823821130690183 0.026571962929621336 0.023679560857662593 -0.0049241302962655569 0.41582846370976634 0.45039508478738005 0.28000241254703401
-0.086556596575473613 -0.4891978537086667 0.0067454238670424755 0.036083197964619534 0.070660966834235103 0.46636204181424618 0.0034593405203315331 -0.022378966636414612 0.086245551242902077 0.41145684127140764 -0.50254311895632964 0.31553445514770923
0.0032009586437122964 -0.51183037599117331 -0.032951595970997678 -0.042400651248834721 0.084699559449565476 0.32516803846799286 0.10119195271655414 -0.0426560598175224 0.16921386090070537 -0.51371568094472342 0.50807667678331658 0.24390394987927791
-0.0017662377767296419 -0.44511311095249761 -0.092864029381934679 -0.0074087756731004593 0.0043962822438670104 0.51069100005118939 0.015865483480072193 0.11190085439283297 0.21340812731277836 -0.5118413165354937 -0.42301339930144793 0.18201522803608344
-0.1015872125116362 -0.47352837790035834 0.08621437975414023 -0.052967202463972234 0.020484016130882011 -0.48344605955433051 -0.061857950594403889 0.14573214683545721 -0.16165783450521243 0.45655509091121738 0.40695747913853431 -0.30954534620115826
-0.044136794736702387 -0.41187499646129527 0.02318840068818619 0.047943369176280344 0.029129229541619079 -0.45737026648017765 0.016501151701113461 -0.12688946037718529 -0.21257714876590389 0.51327692176707174 -0.49743637131393154 -0.20755765494850337
0.050029896908180341 -0.50692721759659176 0.035039644020386403 -0.068419103685575147 0.066133775750165824 -0.45631414981524038 -0.034296742107213438 -0.066182503685994182 -0.14616781440089047 -0.47816374754077134 0.47455592374577199 -0.2031040643410586
-0.067895634632343715 -0.43545311097861161 0.069649374994845553 0.091686611063812234 0.013350152818732683 -0.48564250760215472 0.12342574428010974 0.052072898426691515 -0.064203771723351996 -0.53562714008385681 -0.44156802855595989 -0.22921615701913317
0.44713677544082903 -0.062013954510869405 -0.017489314794448804 0.19268020563336066 0.05612776896721583 0.060641408638918114 -0.16227197725705006 0.42634182474686128 0.23914041401863564 -0.2789913711546535 0.25399169971712943 0.58679474808156573
0.47203178451408351 -0.035938809352180981 0.61496671423975402 -0.005263016958312227 0.040283870752679952 -0.26157771506055216 -0.077957887058815151 0.44333758951421554 0.10071302305176419 -0.065045508597932553 0.16367338727751493 -0.28956568654884213
0.46381889024507766 -0.01765078429560012 0.43021287738058495 0.41706644201699977 0.23101907375872865 -0.050714671168868498 0.3814866736609745 0.030208073710178533 0.15928165864626895 0.044447846787544633 0.019544916529488993 0.44206140762022095
0.46034734293255608 0.032156510966025738 0.32801911368177811 0.051952285568820568 -0.43531089611958806 -0.37000647952325888 -0.031695556690395511 -0.2897319400209063 0.057037718318068989 -0.28307671013120911 0.0093076966400427973 -0.42653108778002813
-0.44520773496587662 0.009338567026309353 0.26173117619544639 0.014801637658992957 -0.027804473248014376 0.063870285973227733 -0.11196809067909218 0.53292836404051125 0.17879455496124658 -0.11738343515963978 0.10164956919022405 0.61278019834200315
-0.46384497988337609 0.067030763598846993 0.47456664213239141 0.0076059469546837996 -0.044718991882781237 -0.23793468913428481 -0.15531493816676173 0.49943227447313487 0.13462219220535124 -0.073797595457857648 0.22926449727657544 -0.38312387336453407
-0.3312148354835367 -0.2266927093096319 0.426485974894806 -0.31709968500120034 0.045904280519860285 -0.035537345960144878 0.02254790151873268 -0.53284839174980259 0.20086175984392785 0.14339606588853757 -0.29349649985892323 0.348727193090966
-0.3893926692756905 0.029546272311406111 0.25252838349373768 -0.021487022579875694 0.45433039163096078 -0.36221053086789873 0.085308787722356658 -0.34068164162450554 -0.1648731550422147 -0.39697260584565103 -0.046834589638572843 -0.36789952545728682
0.45821832888693909 -0.11060322336030548 -0.29981355513003921 -0.035784731995157242 -0.40531953341253418 0.4142841700875205 0.051275834636551991 0.30841800248545514 -0.015140005077044412 0.33734927002512893 -0.10552817218249008 0.35748854118788492
0.48494217762028774 0.031008156190380581 -0.5721391897080168 0.38550525306035971 -0.093559177356008716 0.11258043537301556 -0.17585068399003001 0.36488467467484814 -0.21845594958556475 -0.10226429789428086 0.20813132299131565 0.030338539282401374
0.50130042687271992 0.2661075101962706 -0.52406484337968451 -0.10279379608127315 -0.049876466979510342 0.21527171389801861 0.293786566032469 -0.36079371049711201 -0.091527898440335265 0.14101210367538677 -0.19984321718734102 0.24323414387165535
0.50684951526629207 0.076307412351062448 -0.26477594926288983 -0.083770058895876909 0.11613040829106065 -0.12949100290008644 0.15982740926444899 -0.38197229364162666 -0.31726853360490842 0.13387466173250395 -0.17819245478669357 -0.55508638767534912
-0.48363316733831468 0.13051865879969177 -0.61113914465918262 0.11355911352768445 0.053562098277385159 0.0090830371772020156 0.19492695843633906 0.4965880487527593 -0.25820268370664518 -0.074699138077960775 -0.043584055519908536 0.031326450987434751
-0.50764336312837377 -0.050208436745349937 0.0034932702091805923 0.11830582169117616 0.42873840472653063 -0.23699797500228886 0.058665142781711171 0.48828984478492243 -0.14776746117654047 0.405433585131524 -0.093958300007830536 -0.22107883289153407
-0.50047942448872851 -0.2143536572181364 -0.49962362842124841 0.033043957914009055 0.042352484871808038 0.22517941041083953 0.14689976878124381 -0.44602587852532882 -0.062594888434660392 0.15907804704173673 -0.059838493642907234 0.38345073400493956
-0.47004621965798216 0.036519007497160298 -0.24478722285344492 0.0027410460822222789 -0.025109838232128874 -0.079345303049483243 0.31388050061443429 -0.33109974425415845 -0.34575904010535996 0.12290466655080844 -0.20935984356510876 -0.56941549881908593
0.36588552861819401 0.20616290377336385 0.38277297118101217 -0.14448862577557192 0.08396983236578455 0.29163374066147901 0.47147916651891231 0.25645883879077114 0.43220080610183731 0.018656024059086028 -0.009644370471894103 -0.29804197154876055
0.45182336023842773 0.047541424730285553 0.48235002270737165 0.20016654688783714 -0.070932533226741715 0.14838454671725612 -0.46595437687030433 -0.15857907083740602 0.42905782754119626 0.078805362821630365 -0.04611189540704564 -0.24316632310030256
0.57599210622295782 -0.14330966071920245 0.29685792964119806 0.035507688967865131 -0.023027401323786174 -0.29775940134328899 0.51307872582619352 0.029477034607494425 -0.42371466650174877 -0.012889672149477413 -0.041586192370720067 -0.15352764548857326
0.43153745730066834 0.051336801109043435 0.30811084278473738 -0.026263320753609848 0.027554815316258533 -0.34448548571399051 -0.49367483845280802 -0.12731445596986404 -0.31969155873140226 0.29742661610368687 -0.18412997017647367 -0.33405903250266694
-0.49495280131275532 -0.010613128844358864 0.51638403286794099 0.40107219265428179 -0.22418643644675001 0.18176113987187967 0.38868883813215294 0.17188471248243806 0.24184072394545658 0.014791201333431018 0.033851550297372607 -0.060216546451301672
-0.49418339897952368 0.046883987880288726 0.52889565336236077 0.21360825528559824 0.045337202299524801 0.16827682388204349 -0.39420719653122971 -0.22425682875667929 0.35725248866319942 -0.02890503917965942 -0.02655883957292713 -0.25098278161469961
-0.45487783725114977 0.13629653417432699 0.24186306103841165 0.088671364365552105 0.06219540547427975 -0.46964951246171138 0.43638421373820097 0.030012568562319875 -0.53387271012883963 0.07356644706773767 -0.042595469060571635 -0.011476966857256812
-0.48945281054105916 -0.026033027342677446 0.37785475350552378 0.016051278163957034 -0.018921279171135494 -0.24763625864749619 -0.43530189587989876 -0.093831872300676342 -0.44457878403224077 0.26587769886504981 0.050755565762513388 -0.29297628542886828
0.4496223230987868 -0.02005642231244378 -0.35064772998737026 0.0098949202197707881 -0.076140723203347971 0.31378454084578772 0.463827321121215 0.082724067616268326 0.53240638328940426 -0.20261443170360052 0.039528787982461989 0.14858288440257739
0.38626751452953101 0.16135978698666176 -0.33560603740319034 0.010844681971983313 0.11356401264573233 0.23807582170254557 -0.51321719641699881 0.011526092261760259 0.58672369078532638 0.015512114969691022 0.039870538756917991 0.18120377657599868
0.52928501306476894 -0.1842707094504856 -0.45919497320580543 -0.20050034831798189 0.025139523666965796 -0.15413584817088385 0.42142857676586792 0.29246930371906121 -0.25553341219937592 -0.036587968180083419 0.072792628822069716 0.27454744988712243
0.32013153581463599 -0.0035115917925306796 -0.50870108428579164 0.12594645564263507 0.034085766428850917 -0.13617876847938404 -0.38181858826331805 -0.39548619229282844 -0.45037716555245327 -0.025676752940637704 -0.031590688131688964 0.3105898390047806
-0.53153708459799121 -0.055559314868317992 -0.25151042296907256 -0.093011041715290801 0.070580412390722672 0.20721760404777201 0.46912977795105726 0.15889151886212532 0.36173826921892621 -0.2663847884099263 -0.074060260318540697 0.37672615657260278
-0.52681903224070137 0.017709543833352551 -0.32399750480907802 -0.10924619571660901 -0.021230083893339712 0.35065664417080766 -0.4595928888259676 0.055768399403597603 0.49849613789117658 -0.04689496717021796 -0.077815352198421381 0.1036323407742878
-0.28941033328294152 0.11371579119372004 -0.39490300351196495 -0.32639485018241254 -0.029832518946038767 -0.22015651280226994 0.54395791522057679 -0.032482402317486024 -0.2990263373143105 -0.0077752079601828205 0.09721565427054317 0.44226250169422404
-0.49530242998893531 -0.040371507725284139 -0.55817236289200622 -0.14746121549932625 -0.068219708527854667 -0.20524958611060404 -0.47636183657414904 -0.033140197754890119 -0.26940124658850267 -0.063536535051234605 0.0083959651513042972 0.26126583966479749
0.49637883352997308 -0.10755122944129186 0.4720539067343964 0.015207849775448923 -0.012765835894778074 0.0048697975966099484 0.068253390776272599 -0.027397350730128431 -0.1727714082419706 0.49798114879807642 0.46608813393354354 0.13529768209049292
0.4998137200459255 -0.17411743800608498 0.45416016536781173 0.0022169707723974788 0.027492147727702324 -0.037016234053168291 0.057869996569055157 0.093872166238186949 -0.11778041351109511 0.4081971924532744 -0.53612940813839993 0.17715568406913307
0.51459845148324368 -0.018654435003313409 0.41124368158212826 0.088512300850514924 -0.020515483286735539 0.038436069425683492 0.0043601490942362662 -0.10298710801774658 -0.12932903964413628 -0.53247675320789634 0.49311243241177077 0.04408760297591563
0.48426207680647965 0.070231861855818589 0.44673656583879101 0.13488650815634995 0.0054376668579179804 0.10110957066921081 0.051414454583550782 0.028982189285650758 -0.16121113091900793 -0.50277223981770491 -0.45579034086422238 0.20625198564131828
-0.49907970795856604 -0.042525096783881132 0.39069403048100543 -0.0057233472602074001 0.0027646412198704126 0.056812891963509748 0.099558464294808774 0.031009751713973265 -0.12275931849996999 0.5776249915824837 0.46821395856691894 0.11992850564223502
-0.43545580557023961 -0.0078128686312264901 0.52171878985667475 0.0805130624406699 -0.0093123520109067454 0.042652870485491906 0.14581792213673561 0.070035241216139618 -0.18756420628526338 0.43970420647992442 -0.50314424023197002 0.14797403732602649
-0.44989256296345809 0.02014294220410185 0.44575645224585891 0.043641034139357771 -0.034899723467171219 -0.0022484518443113863 0.025908471881595736 -0.0044976407313692766 -0.18269530367813255 -0.5133521118657669 0.53838176879238198 0.088939144687224886
-0.52688896771764215 0.069627812436257486 0.478599500496589 -0.020236009780727354 0.025990919190560274 0.026131903248846636 0.096087713260542981 0.053654089898807787 -0.14109624831161513 -0.50614306447854407 -0.4130852489750958 0.16695692644182336
0.46573479894089875 -0.19666294018317101 -0.44296935748217092 -0.022859223502880156 -0.084353095854902277 -0.019530852398387345 -0.00061362411940084165 0.043804641353096273 0.24101248515677984 0.54061237173469479 0.43251539563077462 -0.028912716935938887
0.49746956182949925 -0.098753456677467724 -0.43023236473275489 0.029192835028699814 0.054858279363006968 -0.066148851865669545 -0.051587297611188007 0.008165799875285382 0.18591535700005182 0.4565676123863408 -0.53443587536273629 -0.13441145808028165
0.43759062338499966 -0.024209004884432252 -0.48154008874700061 -0.1059998197400802 0.084545005602155818 -0.097764113438412639 -0.075076421760114725 -0.016325453169529013 0.24154610319723296 -0.49011281707790044 0.48922632857813825 -0.065615456796592475
0.47800348914297058 0.028152623020807548 -0.48350865512774477 0.025706622108383811 -0.0018350532669909013 -0.06387199275009571 0.023379447675206673 -0.02815014227640758 0.10144443008595513 -0.53176527627947046 -0.47150889369759974 -0.12438126036670343
-0.49160885415515504 0.28161466412073433 -0.48955156508615555 -0.024296717004804694 0.077074953590831996 -0.028938920575816263 -0.032153890124549118 0.076749447585247682 0.19958778268821881 0.40071664899854387 0.43866610202614492 -0.17950884472127526
-0.49993821558521268 -0.0040033825707605011 -0.45950196320657472 -0.049631100155932854 -0.0088653511472613338 0.0072945887399615888 0.037746434946427522 0.029968392184310331 0.13144650821033574 0.47096688351946631 -0.53317494136177068 -0.10306426095450411
-0.49930640441119239 -0.10500967430077858 -0.48241029389867202 -0.080442577521518344 -0.098024101299847538 -0.042380305706417147 -0.003801464477382202 0.026994128598212503 0.15828190879983781 -0.46054503226115762 0.48715969814919874 -0.11767741128428816
-0.55220187176192748 0.040786971143270234 -0.39890292786979137 -0.025700405495637915 0.0081316895321908046 -0.076838135652106482 -0.058821043277513099 0.017399922023767181 0.12490102422162418 -0.50946727298430472 -0.47541489823817284 -0.1507185113300113
-0.059860394812959891 0.036140673959499457 -0.083584473553712152 0.47535381344777128 0.52011167275899683 -0.17952200693229217 0.17876481513628134 0.47450138616477766 -0.047205338217820518 -0.054320955645435993 0.050183434794152812 0.44114935976107317
0.049876097487860996 -0.050395284147635395 0.088690461319480524 0.52321437709152163 0.51605798551373372 0.26208621234196233 0.015670464500943788 0.47051663804312904 0.027175599362086654 0.045934423821607208 0.0038149204852985777 -0.39224210961417072
-0.030204842049466572 0.095893277506809371 -0.14124874454653802 0.48454325707958062 0.4187590406087725 -0.10827939943260716 0.0069170227959254654 -0.47533695864609388 -0.066394125915110139 -0.20400177328680952 0.095452735430150148 0.51666818266162973
-0.050551017585858213 -0.00471306498238706 0.13551331899427338 0.44129846512772536 0.5217164155677213 0.22856506407749627 -0.12445888951453409 -0.50741724366982377 0.017674599883155895 -0.038042064540645688 -0.07238827774397695 -0.42417243267100602
-0.046404869293372959 0.0071743505655042367 -0.19050366619239195 0.51065976622737486 -0.42670780805746295 -0.19728612492776332 -0.02007647854073491 0.56313169175123179 0.038329329933977675 0.0050060444831012581 -0.0018856253363490538 0.40088724566242623
0.0047171217026131008 -0.047097401987463046 0.15500540098337234 0.51560662730722062 -0.41250790280479765 0.11950961234494464 -0.0404785571822888 0.4481951996375137 0.087818550082254684 -0.07584460416681707 0.041933828818461687 -0.5528987243823793
-0.038722148962110875 0.010460618009415003 -0.13696843851750012 0.49232023474501047 -0.51175056383163675 -0.14613496233400711 -0.11551761132695432 -0.46115808375684003 -0.076453078090957888 -0.063964420152780782 -0.063192028230964495 0.46267341375421656
-0.12884666422593169 -0.042397454848264578 0.08989892800957254 0.47895320774299632 -0.42220847484318225 0.085034607784674116 -0.14773448267886227 -0.53126676183348975 0.0035584935241083299 0.018731865201958211 0.028667067599251271 -0.50336559646929124
0.025959927641382566 0.049251839494953424 -0.10973689067376644 -0.49638762791669372 0.50342571389171353 -0.075492304836942095 0.27902719260617609 0.41344256578146565 0.068859241198471588 -0.090295759713807794 -0.0047088110355268968 0.46648999668481345
0.01094336413350782 -0.056070304919976999 0.13204178422881888 -0.5442851590857174 0.43729497015480201 0.19126402741470455 0.08631133632102081 0.46201172274676311 0.048201508062060514 -0.033626253083795681 -0.14082189916733645 -0.45940916523811931
-0.073127630026285889 0.065435792183634961 -0.16523686400478527 -0.49884784355095574 0.45777120420736056 -0.19769396012253235 0.040584150046128933 -0.52926846745981337 -0.063159467994107488 -0.065391611750280923 0.0055809546808999232 0.41894179201185333
0.069585875406200606 -0.030751441138041236 0.14760358264726967 -0.52478826010054214 0.52053534516329147 0.075266638935040431 -0.054894748813956618 -0.47229156977915343 -0.03467581226656502 0.06308971376573734 -0.10073640891043514 -0.42308060509791062
-0.047390677795554247 0.0041417931672986744 -0.11525052389704944 -0.51472663436580213 -0.46210944886559652 -0.19034705097174509 0.032394487851304103 0.460401126584218 -0.064622961933229278 -0.12609730868909044 0.054096189713418098 0.48343766802609661
0.095657795230379164 0.10640287047561997 0.095245496381666281 -0.4377140331050674 -0.4957816791196884 0.12498454210192297 0.042967158276746915 0.48193208916250874 0.12903970070332921 0.00051623955050829101 0.030019532764336585 -0.51554313925195971
-0.067691691228997569 -0.1293844628191923 -0.094404049451497912 -0.48036235741446842 -0.52307364414810409 -0.14750731872698444 -0.031099421193466478 -0.48112140510108187 -0.059098961801940096 0.014904270152568011 0.059984865246028779 0.45154727483075252
0.088144520988501937 -0.0018002263339078025 0.13354748285197501 -0.47698721184953252 -0.52433382769295611 0.2379249986769903 -0.093738243048831785 -0.48862672344855984 0.053937857772908673 0.02587241443819965 0.055372006774528526 -0.40143945715385804
-0.15002556231368178 0.046506589596408215 0.21165133279066087 0.42432747419762584 0.50924357235225559 -0.016124644612804061 0.43470749253439234 -0.06406982628094425 0.52999536590167151 0.0024379339300607547 0.10448083139398927 -0.077443743236728077
0.0021035939177621397 0.11477007312241148 0.20203635042387316 0.50524283223653033 0.49647071782194291 -0.038795762764492918 -0.47655747681847083 0.098244173593059814 0.43841714778665869 -0.032931313941520282 0.034974260143703653 0.10709762735713947
-0.11083718808299545 0.026246987127533164 -0.10835973555340657 0.4647669729286894 0.54754419948129573 0.12307603987637444 0.39934614030664656 -0.085675636390909346 -0.51682637634456485 0.0557132845842103 -0.031111627512337273 -0.07952747219000339
0.051078531258028401 0.060007962011067652 -0.21829396066034185 0.40050118939241869 0.50458904978755159 0.16136300393405525 -0.54146710170087387 0.037025952815608075 -0.44499767217109942 -0.0059281191541311097 0.028267997126951647 -0.10804512977424548
0.043620165283332492 -0.11359334671318169 0.15348783587200085 0.39044325797836699 -0.38996707951699311 -0.31674323323556242 0.51958117840775198 -0.15647821813427559 0.49553655127489465 -0.019963523313062184 0.0021051854942236632 0.12798163528284892
-0.024499969021562418 -0.065465944348176291 0.0080982411377114819 0.49681375606109174 -0.50835202426527615 -0.055872479041911297 -0.49712172448472675 0.025543028217800492 0.47057524678726237 -0.037567119316572389 0.12465756247869812 0.022508730919883955
0.037113955713318568 -0.0093725353978710707 -0.20106497760196096 0.52901407976518444 -0.47972312069984407 0.039271744923741601 0.43496178198487906 -0.15667781038232373 -0.39899279235567614 0.11315865803310562 -0.18820336086845871 -0.15942026924081379
0.069771900571819645 -0.093531937968857143 -0.19407433066338406 0.42507715171779004 -0.4855208190787012 0.1400904312290043 -0.5395359638321694 -0.0028124458120438035 -0.4528647091528929 0.042637793489793276 -0.10161950149423893 -0.065837053557639691
0.095380372810689062 -0.071463691741996363 0.20352904226930643 -0.43573603384257414 0.43147907418757131 -0.11060248829240893 0.46332057147203215 -0.24084293969630099 0.49235887792780098 0.18228806011267579 -0.010049689499605373 0.087635550932334105
0.064267412074980101 0.12756200377872726 0.14098773879619744 -0.50886939542250798 0.46056142667508887 -0.14473896832384209 -0.4471491573352222 -0.10617415725408436 0.47243694019145915 -0.14289474156895515 0.08217118703857762 0.078248578115473852
0.14890178735989165 -0.03338289243325198 -0.15059254725052004 -0.4530771615691484 0.45182897159053059 0.1072139808154756 0.43936434134106239 -0.074640446970771532 -0.56880545240763369 0.015315870957090491 -0.095460357963903134 -0.040167574478922316
-0.13126748562959098 0.028889732117929695 -0.19176016768744869 -0.53625457223626727 0.44078347573720561 0.12293319965013594 -0.468035447801253 0.045346389624418962 -0.4704149889040124 0.011165971820638219 -0.062959085720613137 -0.04121159717969286
0.074791190048713957 0.0032686619640953729 0.17986655806015747 -0.50469177486299732 -0.47793556420216438 -0.045904192112007497 0.48768634256254495 -0.073044632788410307 0.46955235919958399 -0.1086449290785327 0.033520637187721664 -0.014831391422351641
-0.033521999591295232 0.0087036010236227444 0.21200818859231674 -0.41616399547017358 -0.45817045703658804 -0.17392665753676162 -0.4225389204888409 0.070615692213222628 0.57292295150050365 -0.05794188103114363 -0.1138723532840559 0.11135228656453808
0.095588506253833486 -0.066859565854202496 -0.1412982465319732 -0.34758095729593153 -0.49369409639127676 0.16218022847444455 0.47854927201038927 -0.002225798909275583 -0.58517402987923406 -0.037037616536622596 0.025966172387560552 -0.045712142192466186
-0.11097525148085544 0.01407943625583207 -0.13159457370815295 -0.50271714705659154 -0.51889725378715368 0.12678787498907476 -0.43172130958231947 0.029614707024328387 -0.47259677529262129 -0.070942128968943308 -0.11426875116012031 -0.058454348309606052
0.04971659089340278 0.061311710184033169 -0.035405040031516809 0.40425742603047948 0.49118271787386736 0.063983839674784562 -0.024431101851906452 0.10246962665264661 -0.15846656455819016 0.46406565097313085 0.57439931606546513 0.047297985473396725
-0.1608499293534017 -0.053736014592672639 -0.025372983537488174 0.50406708701865144 0.48854703893530504 -0.073406026619079301 0.086927281840782106 -0.078573853779198052 0.11966545570474682 0.48335966257721485 -0.44345992761753922 0.11875342324710157
-0.049776756800065707 0.05015962472973317 -0.11447962392119335 0.44619603250879475 0.53046040744903478 -0.0018985234037288954 0.081766289427103511 0.011451160526846754 -0.021980121383658454 -0.45562211381081924 0.51864150361461481 -0.13242905188215037
-0.018341054663809496 -0.012132572197760936 -0.085856170634274045 0.54757566022502246 0.48152989498270454 -0.041765966739437721 0.075091137112279618 -0.013528746960701445 0.15992595329300113 -0.4578482682052239 -0.46628856776545424 -0.015572521568516394
-0.076765852579922009 -0.099333667704634337 -0.13549816568269837 0.42408339044028193 -0.49991850395661735 0.0077065443176331846 0.056794345384685835 0.089063090264210387 -0.21323347430696846 0.42903031807821701 0.5376909119216553 0.079060565962031024
0.0041498529468046155 -0.03810171062952937 0.096028891806775582 0.49105112104920234 -0.48910598602383465 0.085115948267974986 0.062800391913475043 0.047452884594653424 0.21505863259866387 0.42659644707783184 -0.4961060295219038 0.14545547251629706
-0.024718720092459432 -0.045183835922499423 -0.1265888207975249 0.52685158987483172 -0.42442344774778024 0.14089070962267033 -0.079562994132753626 0.012928089772250623 -0.12742203065386792 -0.49854287047135815 0.47579475811638627 0.078135769672704886
-0.062286482401897755 -0.056748151127571846 0.11404271127329349 0.4774107670118497 -0.4687479134369989 -0.0019942694737632161 0.035920049078824519 0.012867594532591937 0.2130020445736131 -0.53540655110472635 -0.44008859889331464 0.071279953624852094
-0.029481795717902073 0.032481307016935412 0.0068257546410872396 -0.56634566446465984 0.48031991737355162 0.098328538703289198 0.063524817348310642 0.020203581836953519 -0.10838861732804662 0.48799428954549123 0.42728837001273562 0.00077717469657119639
-0.050238301046849038 -0.011930208073451789 0.047840096014551865 -0.48596652042249594 0.44599726366402959 -0.027831793360810476 -0.022485060287451338 -0.074460165755217064 -0.051662728051421733 0.51246850815213418 -0.50278251656719575 0.18724400942108477
-0.029853847535709667 -0.011170764119133028 0.011539531242197474 -0.54561532837254101 0.49043775433180448 0.036046946592826895 0.025118767270838158 -0.0082745057310182092 -0.12522657481355942 -0.5047256393531776 0.43178607693603094 -0.04192659105075261
0.019568327335619431 -0.067308009346961059 -0.077468288580216774 -0.50959634174947011 0.45801080276048634 -0.176502362536225 -0.0806785456040892 0.0013479551782244626 -0.0022245413798386298 -0.4439528313175824 -0.53372274613565174 -0.00029375344700200177
0.039178446237659238 0.046948233716670118 0.051051851730171155 -0.49285468974290791 -0.48654130021283298 0.040885178915793845 -0.020588666946803186 0.10924474352495835 -0.2363491224008753 0.50133026971119354 0.43855156677015256 0.021819953424832169
0.025890826997276004 0.050165560533233101 0.15824575460071738 -0.47059692734905156 -0.563468355683719 -0.080739239555131209 0.037182887833276543 -0.044685913085359394 -0.012059130352762027 0.45054153794360102 -0.46880477660528541 -0.0020163065574601512
0.059421342506090435 -0.055731659168194343 -0.010553308910917405 -0.48556264059312371 -0.46849044771147175 0.037912887707177011 0.0041360224667654393 -0.0080443323564775258 -0.13104811817663664 -0.53003087004602112 0.48423774074598341 -0.062334655643101464
0.00010845873042361672 0.035213251959599845 0.071231800834493736 -0.45922890318549353 -0.4642633732086644 -0.053140400609105264 0.019486876344069329 -0.0064439124680439157 0.016316221780053843 -0.57450750204021384 -0.47860597986050268 0.067973840281644007
-0.035176057550446803 0.050024188666624211 0.43261433670075389 -0.093281163244041745 -0.025337644444339856 0.43107086739455552 -0.43735304683284254 -0.048164547005390794 0.29406641029306241 -0.032267110685194868 -0.5023176106684043 0.28373030081670586
-0.0046741102043500148 0.017496799694576071 0.25185567968660183 0.017096093681902787 -0.020103969722218097 0.55809556589602483 -0.072871644752380033 -0.079247733410858459 0.17444836845950257 0.020672496986318189 0.034954179534730186 -0.7618410363696716
-0.055456127948276965 -0.042300952389931964 0.11772720213335494 0.008175159646366472 0.054468420007019694 0.37949079958067339 -0.15652448629317228 0.071080182960429575 -0.88319182040964272 -0.0013580000928757256 0.094948132625532783 0.1250262104008652
0.42513923485222388 0.036121089001348833 0.31314482364436719 -0.042795121901861341 -0.41320547626785947 0.30760193767467625 -0.12518218383217233 0.05087666807936217 -0.46022794341169776 -0.025491394083843363 -0.094265799767979233 -0.46162587733656857
-0.012741970988280553 -0.0010303487906977648 0.71596832801775057 0.014781313966057868 0.026377403704777411 -0.17584466171403421 0.0049799531766791076 -0.039080287834083141 0.62350821059088279 0.066173981749178434 0.072559150907759704 0.2354399081804146
-0.015630118826909553 -0.42456548496114116 0.38105448449101531 -0.44481674418628608 -0.036119711634549717 -0.29890843649224813 -0.002187103105779215 -5.9547442419892975e-05 0.42167247737651181 -0.044653885228564789 -0.02855842241777699 -0.45294865849390359
-0.0014730300774569122 0.0935107873093078 0.46602096053704833 -0.052743036132855928 0.062228686339748644 -0.42067253163441987 -0.062036749828857617 -0.38435308675313284 -0.40752473211368623 0.39747530320066715 -0.091711448658799238 0.32620322448381389
0.077988398726791752 0.03707509752996372 0.081774573922440835 0.091264646550096681 -0.0095243386601540306 -0.94782047376652523 -0.035625809741986557 -0.056018175438423926 -0.1831010648676529 0.0020509630270916126 0.024990530506930286 -0.20127245047423381
-0.017363524504726415 -0.017221792595756669 -0.16387306307313304 0.0041551027945935732 0.0031999688525313308 0.49101105471727841 0.032392837553358471 -0.01488838112732384 0.078235279225881083 -0.054986116863645157 -0.059741653991757689 0.84702061340844048
0.0072172197109418006 0.066728878145980608 -0.46337492343767905 0.06367574740710566 -0.041256099050983236 0.36174490998722258 0.028538283761300291 0.4620287825472924 0.25505961309484054 -0.46148210272423396 0.047968492858140671 -0.38672426773555435
-0.03066298072901711 0.46036037851944911 -0.34165002521671284 0.44974137403830411 -0.022925412658825358 0.38536069435281023 -0.063830556393278323 -0.072640539222001518 -0.41441418073692393 -0.16617543609170896 0.076181608055808703 0.32341862488438849
0.037260735434402434 -0.05882761563182623 -0.88856670540834493 -0.027715582757210106 0.030370185848370285 -0.20838065964081942 0.01912893653491194 -0.04739763904922295 0.25663347046716317 0.051046530773553062 8.5594518155448907e-05 -0.29901206004187786
0.0046552429102281762 -0.23701815612257759 -0.10058741153896254 0.03243133913862415 -0.021085878000406257 -0.054253624044331643 0.18958739392372043 -0.54553380735146018 0.46806691904067704 0.10810709958108171 0.28968809974253745 0.53009389505973326
-0.0091989281006977664 -0.057506020219409711 -0.45245771556362724 -0.0474648372757095 -0.081549572463504749 -0.03061661849659366 0.044987911928859287 0.40046773115860507 0.60856116404167226 -0.074982286038148563 -0.49187039172069108 0.041785168932808148
-0.10582211425559034 -0.3770458435577797 -0.48747728658741835 -0.095803020763825464 0.086598408301796992 -0.063781649385620004 0.16956333713380112 0.17969617369511506 -0.1017655258895746 -0.094799600930605646 -0.4809878087964497 0.5258550239351224
-0.086917540045294464 0.026217463199841685 -0.44733528451384819 -0.042731823253544625 0.096913970522071013 -0.37312368971870147 0.40524338655818665 0.02117517194497711 -0.39609239211081759 -0.0090904144580331511 0.45358725804010597 -0.33738065329691597
0.050106593840747546 -0.029105235420299011 0.37096453839344484 -0.021610801128058892 -0.039319465936536527 0.57087359611636457 0.0075309060259621235 0.5371311114557028 -0.073056924518036331 0.47856296378939284 -0.030102124157454495 0.085354016078105568
-0.018183423739625768 -0.018598086227977918 0.54704082778421137 -0.11262593250649371 0.021851884896561497 0.53771060703416151 -0.098224290091833352 -0.45076214237653384 -0.039631158633100065 0.42416430486731854 0.058108990518251191 -0.00882288854262505
0.042199669292013735 0.076297784473313687 0.47644509415090025 -0.064519589636650346 -0.098220493633201414 0.5715674891123067 0.020731861618011223 0.45236976919188115 -0.033212273332295865 -0.44795782360221548 -0.044040023550050829 -0.12697032001055933
-0.091007950039244029 0.018734123857728036 0.49356651759929882 0.0086070750645897889 -0.026269457311663549 0.44643782144528693 -0.024244447346181336 -0.48387907758733079 -0.088817438399295942 -0.53060660531814585 -0.01744625445981703 -0.15239668655447955
-0.023094103722125586 0.047660242537862489 0.37524209719820667 0.11144553971414181 0.020083448391994049 -0.32503223993236896 -0.042165839354330256 0.54596230266837498 -0.33042709266741643 0.46075789601838407 0.03059179912298322 0.34007435583844348
0.0032252127068180922 0.014254583751411337 0.11615563280615904 -0.44606121324277398 -0.061463179591474251 -0.48690489720339342 0.44935457125461736 -0.48563237525501979 -0.046109659731331229 0.034893964489296721 -0.10622114645616587 -0.30673214772938118
0.030197521683713709 -0.028750571999965419 0.44734999974719403 0.13744852591138523 0.030124297943430474 -0.41856305756130108 0.091801293933292255 0.46338605408186778 -0.2756285625615596 -0.47870806919591186 0.036124905324113436 0.27120701830900984
0.0079848049044865411 0.071055166257370531 0.39869884925327914 0.013858644103741742 -0.016658344153752759 -0.40036348652493681 -0.06277100523650711 -0.47275254021648067 -0.24136294453784127 -0.53970333706571239 -0.0053997882606652255 0.3133146436499632
0.022168872557815349 0.031423685003369846 -0.37246979903663846 -0.0099816558148328079 -0.10822053232295112 0.40957206966367476 0.060058251207839017 0.45695380495386673 0.32836875132178794 0.49218917176308213 -0.048941454344267707 -0.33961962192948247
0.019479915616163884 -0.037002458722264528 -0.46428383667945911 -0.051192854126422355 0.072960173768432501 0.41567785163865961 0.013167797180046931 -0.48137775563042651 0.21371726693698609 0.51990632204077425 -0.075050811467050241 -0.22011743601139516
-0.032253719025528461 0.058666182447551424 -0.17650914780383625 -0.031855348329057349 -0.020762935301204558 -0.094612960177758457 0.37886554761597557 0.45620052313376958 -0.084060873510923631 -0.42226586997863219 0.56187641621159767 0.31816222195231386
-0.10650830924785683 0.013371799013874877 -0.46610409623828247 0.027602262348795596 -0.0049871397052343005 0.36543865546357218 0.033763516790958827 -0.48836048031562745 0.31211289171361239 -0.45641348389878278 -0.017650079444959707 -0.30202118237448217
-0.021023705042387229 0.067092202342640891 -0.51457885243010903 0.01613545834904332 -0.01175482813830381 -0.38521757954220698 -0.020620518973223541 0.51717308217043501 0.08379513869276177 0.54172192815024778 -0.033983057907215862 0.10927858251865445
-0.1044604112666752 0.070015509636066856 -0.41291081422624332 -0.068387059797394303 -0.016497744022872397 -0.5781956135295746 -0.0037007926182786519 -0.47204597829138933 0.034891028073479304 0.4998787516926656 0.00066461856005045172 0.022218999398066718
-0.020434359720346445 -0.057443605844416823 -0.50938183183873653 0.0094563729537271348 -0.031242632127026031 -0.55258572899431213 -0.016286931950043829 0.42363368701015869 0.097067450511553896 -0.48735606961226058 -0.020871178027014693 0.057375134091856905
0.052658873661956443 0.043935014363662692 -0.44491837881590951 -0.0052556290227746202 0.050814217743274409 -0.55883494257607425 0.05721564817448177 -0.52674732977931238 0.043286972551001945 -0.446578507146422 0.0061568546384862576 0.018915142124558873
-0.032269573867762864 0.013177707367454085 0.34807122794143974 0.039991981406567942 0.070860991209167959 0.45468161384986727 0.49720812608204862 -0.067339724604541018 0.29449283445504248 0.048073919843858288 0.49453031526664482 0.28094040489238342
0.016087022048651495 -0.027700583278424708 0.31219890773110964 0.016396347946480146 0.0019838501717724649 0.51701648910982867 -0.45838562241839875 -0.060861535582064544 0.33606589424588856 0.0067904268447010179 0.43930768078701954 0.337828007418571
-0.042219023960898071 -0.013402383307759284 0.39311400911777555 -0.0051566214277973688 -0.0033229444920225668 0.37985651607008974 0.52109203498124579 -0.023730284387585555 0.32060583709601609 -0.061028348833238572 -0.46915193412214973 0.31694568259773354
0.49066604137110442 0.066969051274624561 0.0091632708658510049 0.026531064917719231 -0.057275202306392776 0.51272419914124401 -0.096916166609765528 -0.47863868435362744 0.1019942522688753 -0.15507302324159533 -0.43566507912824037 -0.15832024879526446
0.03249402905463742 0.018886918748745832 0.56474402826690429 0.037749986602768459 -0.012365669296961571 -0.48496049636147925 0.42092900248038967 -0.10443416127728058 0.041275571108876224 0.030567333231052277 0.48848423372807898 -0.11638019682508668
-0.040864733551479751 -0.062400019573406976 0.40829488193622659 0.02118822582831215 0.0018542436731709053 -0.5104050367563373 -0.53989063356364053 -0.026325315328590775 0.099349719530479552 -0.016570267087103741 0.51419466640003386 0.0070644108625446973
0.039758730865394068 0.092678848915625042 0.50775262358010376 0.027729638033386274 0.026124431594010261 -0.49938576670638984 0.48185456829815093 0.011179333309600012 0.094379961363049367 -0.06554262759453261 -0.48353293719825235 0.043165585981982828
-0.15530753845190592 0.078233781563160493 0.58758593036873386 -0.06975680186978378 -0.01537314575991636 -0.48044505797623954 -0.44766627130003356 -0.036727273113350292 0.075579973511501253 -0.13836276175617246 -0.40094565234164165 -0.034699195741714164
-0.11883989338625731 -0.036717032783230519 -0.56479343696771112 -0.034072113703986981 0.055621953460800462 0.46397682279445907 0.46737028129636443 -0.04564107874648711 -0.11069421428965863 -0.0065223359213485944 0.46119038910893589 0.022309128502275059
-0.056781137178982664 -0.016654807841008153 -0.53439768840900992 -0.020396449837681331 0.046117255570502905 0.45021356125209222 -0.52514877437723029 0.0076869236851353009 -0.085276848067182442 -0.016278798231527811 0.46857701057523427 0.052351545760487346
-0.12408726435787573 -0.0003652231729758883 -0.5211660315364034 0.1468592611393702 -0.042593871445642584 0.47325846251235959 0.47333001658978835 -0.018267315113291636 -0.052304723940601434 -0.08364504537658865 -0.48086163555337308 -0.017249419878945117
0.12543875695943321 -0.037946515581746894 -0.57676201929732185 -0.06281767854878012 0.084759780870257331 0.47464074769669701 -0.41164204060934101 0.030019474368666255 -0.071304496474833126 -0.024186005794076846 -0.47063268890698873 0.12744360454029954
0.0013735776804092684 0.081526837407772307 -0.15865549263732268 -0.03349489596703336 0.081025385934430191 0.062177237397776246 0.44724944354690754 -0.45008249927938393 -0.19779001655568063 0.5714074700155205 0.33824861561604974 0.27199459247411939
-0.012419981830906951 0.1163092360871989 -0.41615241548476195 -0.078954706511211073 0.05326556308865258 -0.39699642995868156 -0.52618455482468374 0.0049664146898591825 -0.1853115178349567 0.070572224516289431 0.45406894043839274 -0.35222661774733777
0.076625240973265299 -0.0062627545321435451 -0.40635284924672233 -0.026176506294831918 -0.041145864850858499 -0.4758735729916706 0.49967460528690133 -0.026336932594170515 -0.32080760092847682 -0.029789724470111419 -0.48687221677657111 -0.09441937279514985
0.080024091515180459 -0.039286437546706333 -0.44528970186799138 -0.10352095934904959 0.10433453477789306 -0.41149726893970351 -0.47166002627709097 0.084897909159657961 -0.28502802874444755 0.0074809343784107774 -0.47749921090233005 -0.25271375539692564
0.0041504057051088084 0.47073852383625708 0.029101533582736604 0.52954011814635271 -0.078233025445354099 0.067598440070038485 0.035978208816900323 -0.034077884017363211 0.50205243350992723 0.10849840857567611 -0.033357206878564007 0.46801862928646487
-0.002305161577042835 0.46716570558067844 0.30546075666330119 0.47317718641089501 0.041611071169652993 -0.35837024806085399 -0.035117486667216292 0.041987477709560315 0.38495996244813507 0.10979459547663824 -0.0049035668077971172 -0.41366410675046439
0.036847404546485454 0.50144554445825396 0.26123314085729032 0.55305937982708542 0.04070438337930999 -0.099344690074675807 0.32198390597179621 -0.016929225383452078 -0.32433993846475911 -0.084069281294972403 -0.30032884592812076 0.23479629285342699
-0.046155931580851448 0.46414799514163757 -0.02490734295391344 0.5189697763292187 -0.036318047043719805 0.017671000855959434 -0.041721276500846595 0.060508801716882533 -0.51583528715111493 0.0094651059497714175 0.081619091971183166 -0.4823025102818464
-0.070338299950481312 -0.45099649338715708 0.15362766300857175 0.48852656623831636 0.015580682942644362 0.067097487584586696 -0.060573855287467539 0.14147329863868088 0.47102003235561019 0.17986446741998896 0.056692612054279973 0.4934988908550616
-0.037171601036580716 -0.4757043663589513 0.34888638454473475 0.50996915147023303 0.010995578605535367 -0.22164998402152886 -0.012926763334309026 -0.089835968177033321 0.41365983123180472 0.026577912511090422 -0.02328634073430268 -0.40085292502893466
-0.04100762201192118 -0.46369832099976144 0.17045189501049193 0.48425445012442642 0.032176108722509159 0.25546097790761213 0.43900059429082344 0.18088348675500035 -0.048035657036036239 -0.095938151200211097 -0.4284297781585486 -0.18151149349556689
-0.04283242665572539 -0.48982065567013794 -0.010227729966473873 0.51871470504283423 0.027462154460880586 -0.075159822475116225 -0.045828487127567007 -0.035199777394274975 -0.5218058985144467 0.019095530075987466 0.018251095326625211 -0.4542576096672577
0.064887366198687763 0.44363613669787239 0.068662738036668683 -0.40991669571311656 0.011214510673630525 0.019099100538630034 0.090329026837277476 -0.068285090635426635 0.49736106890651954 0.038420472403725155 0.068866742942464643 0.59944208850728498
-0.01136173489540287 0.51528169198906226 0.22738668860766906 -0.48982888414291842 0.035240584029310552 -0.34399886436381383 0.059372414942266902 0.086844478122702268 0.40062738596070391 0.025091966317410234 -0.0083349234548751924 -0.38842386949982449
0.047612811943419119 0.42778924151858749 -0.25403646401681035 -0.48427083868550552 -0.04062051424265694 0.41029236864439939 0.048825242338739014 0.044583161865162479 -0.43804331739367752 -0.044005006257724286 0.021203842917039264 0.38346734766928026
0.0054122448369183715 0.46396360938901754 -0.090296258558442366 -0.42610889771896676 -0.041732905032143719 -0.067633747513090467 0.047137452090248166 0.017915381829432694 -0.58396945147282575 -0.10772263981378706 0.046845498642823981 -0.48094534217294854
-0.047362874318749346 -0.47106583037910427 0.15362031643300572 -0.47664497317402293 -0.016642236231317359 0.1022402053362986 0.075364582172487246 0.16711929312738596 0.48660746202961863 0.024468695885318095 -0.0052129810830042729 0.49326736478713512
0.18295799480911065 -0.36188386556056645 -0.2546725058035173 -0.31081519634202959 0.12078604796405737 0.12664919716073184 -0.29509867380584248 -0.18573345814808584 0.43078529018005574 -0.12646618119347597 -0.39922849631672286 -0.40117300721591403
-0.024762745641470775 -0.54189637907499599 -0.21444230632690867 -0.5205056026343684 -0.037350448957590363 0.33164753394521024 -0.038453896862720688 -0.073579252480881929 -0.40196773835349331 0.0053877945268788665 -0.00073920520383897288 0.33005779317729533
0.042041553957270369 -0.49990697981775767 -0.028225197574240163 -0.43837202062334418 0.0010112289410472472 -0.078339590566181755 -0.091080481780137917 0.02372082725926113 -0.53784376126250089 0.0072457366270842734 -0.042529848858626797 -0.49922458163979933
0.02050567378340876 0.56816635303203356 -0.022791425171397799 0.44200054058910548 0.072399840565292778 0.087281670795437624 0.032078504765707755 0.47688439944362937 -0.016485984598781738 0.48915077026630471 -0.0058253698291525144 0.00089394472296116807
-0.061650628284561644 0.49088475867854509 0.055506668867891677 0.51541978931465826 0.011312015773522555 0.12792396262410963 -0.05619122322030861 -0.48577533818910651 -0.071998839352394428 0.46330777257483657 0.10387201383338399 -0.015422363471510093
0.10654171844280681 0.47806386915151805 -0.028682605005733663 0.52246838539274065 0.029880372731121568 -0.047490109159474964 -0.078531190269674478 0.47035044914468044 -0.024455673376845129 -0.50135495114600404 0.061664587750229663 0.0023801887918505939
0.061645153748702088 0.47191026928635899 -0.024500037228256822 0.47128985642445642 -0.11615693621563912 -0.0094208523167918119 0.03929884729744345 -0.49344376604575096 0.0022232801611679273 -0.53439739046397061 0.011205802219526143 -0.08039136967451202
0.050615069648237331 -0.49481779853462032 -0.10727793141012197 0.45316794008707645 -0.019070051969449265 0.061642177208120409 -0.050298044710185924 0.50695469519920988 -0.13823771257051881 0.50133282941324719 -0.03783254520570091 0.012319529505141827
0.0049161517120121052 -0.5151991079859376 0.049234910428077504 0.50809513321662403 -0.033986362206370677 0.059970414404090955 -0.035066745513308711 -0.47671243019398263 -0.032830374833050825 0.48694806454605005 0.0025125448349600718 0.050224144184044382
0.014694870928501752 -0.50897081404626165 -0.025939371227200265 0.474679262841532 0.044152726425070593 -0.056154265064541964 -0.09396170388940174 0.47354710432023334 0.20782472607889899 -0.48037943698985519 0.047452866861543194 -0.018809473586869394
-0.012347476596917123 -0.48175768668468288 0.014792939460377146 0.47041317497419594 0.005594202065321882 -0.038586217007896183 0.0070535313970115591 -0.49981182926134032 0.026068533565715962 -0.5418137449110354 0.024127569638163201 -0.0066358456005180992
0.062622364532922581 0.54513273318554611 0.039676667007566994 -0.50799927678014167 0.035826843548567383 -0.060760169646657494 -0.00531491019655248 0.46529248316249427 -0.034197612424021466 0.43120390090929434 -0.017484694431294464 0.17423702267219876
-0.068795929902694564 0.51162539288710296 0.10515937847235053 -0.53878022194778463 -0.00032417613626325385 -0.0040264366583103884 0.038615996590248475 -0.48310867190161877 -0.0066676387206182535 0.44402778255668324 -0.007161230097305904 0.0024579041459746459
0.031965533810668786 0.521516378180094 -0.065499084726940104 -0.45164471659574412 -0.03799976805730048 0.0017793503478636572 -0.044675005776062288 0.49522382067263271 0.041976241490397803 -0.51564926983150472 0.033127084042407023 -0.035813078921848228
-0.010002225054034052 0.49283544970269982 -0.031543925425351248 -0.48603837681797712 -0.044883924966890212 0.032534797892497143 -0.044790429353355206 -0.4997410422459091 -0.007408134270085613 -0.50556381327287148 0.025963590798700774 -0.092955487125046726
0.02813207242309658 -0.45164673013651774 -0.05786522510264018 -0.50118377459995711 0.041407046100540253 -0.0010120480288269868 0.053142393941652134 0.50910880838525352 -0.078253087759192846 0.51544949799283013 -0.070176441895649005 0.014910842377409117
0.057385374024124865 -0.4323776200927365 0.078825762295102561 -0.47230594299599515 -0.054890702438175246 -0.071218733373922247 -0.0045492387743295811 -0.48193841654580855 -0.096916358804515518 0.56470392719947238 0.083274722868107484 -0.069869108477711925
0.060705024956254829 -0.49975869224758201 0.0050769561455319403 -0.47252742533993108 -0.034920443553850079 -0.081763144417486611 -0.042256167163683994 0.4957635563944619 0.071228373952287385 -0.5079212333849612 -0.052231934959944826 -0.044618762889950585
-0.033888268668687362 -0.51632674304928061 0.090942268088177347 -0.49423382210893485 -0.043488144591872092 -0.0071132514705331482 -0.017813016827574583 -0.51480450089356444 0.0068249974803469213 -0.4520474259418214 -0.062574307305690524 -0.064256657367269168
0.0083454479522744492 0.38013079817622247 -0.018166198296369718 0.48336747437450711 -0.048492489336206014 0.023095343508005399 0.55127224647420203 -0.14310285577968465 -0.15020787463292667 -0.017571296200039725 0.51940315971284534 0.039262856267515626
-0.062913455060875131 0.27454335588447232 0.28870215162524909 0.31152476607608065 -0.11569274502770685 0.16118821658184682 -0.5573766188745447 0.17969793867824868 -0.32265854815746198 0.24122805550628845 0.43482968375147391 0.081045459442487353
-0.1012856474068802 0.42385987383062679 -0.3214409767394526 0.46765286937005834 -0.14591981616339478 -0.20966555151247174 0.38745955390708609 -0.017733156465879616 0.28093575220396655 -0.093665650213197851 -0.40871994070995349 -0.13273571262424178
-0.024087415944080492 0.50705436645221225 0.14047489995970594 0.419317949577032 -0.083203351044780521 0.034156474726771462 -0.4711819344936517 -0.030244058314276557 -0.018077320743617547 -0.17854104878147145 -0.52973722471042139 -0.053973343255840175
0.056124781210895092 -0.50433952929061732 -0.094255636503349755 0.38818853737662945 0.059590146958961178 -0.19972195761061123 0.53039381611829417 -0.067397320850878836 0.037207418256741551 0.1214851089824901 0.48057151309518892 -0.080779543750022387
0.024455611407424499 -0.49763793777798887 0.10678745235446913 0.48403269910632535 0.13531497610031543 0.082534416012985834 -0.47816423205255093 -0.053042117789842316 -0.11774400687577295 -0.06398725222816426 0.46116874255828533 0.13731712128104517
-0.23686220854771986 -0.53423191682370252 -0.33724844621704214 0.052819710738122819 0.051553665944569095 -0.12441435772081114 0.033857975485144035 0.36856791826147672 0.14428422095522031 0.055200218859490682 -0.27539081147303496 -0.5358503816486242
-0.051166726596126068 0.054030520233391548 0.31903843426884254 0.40993085366838855 -0.029418857023863675 0.22580517405948794 -0.37981128094794875 0.14476994933927595 -0.12355835136759921 0.49274539610999052 -0.31547553044566906 -0.38726728057615045
0.12194690675365956 0.46421716810974656 -0.20747289000659067 -0.5401697585539883 -0.033299584151981164 -0.020540204624932022 0.39694001031400955 -0.056969711683606095 0.10946102106708908 -0.01560249491675041 0.50911398977463762 -0.032297289489455469
0.00036075081413485926 0.43907481719882929 0.049771351980753331 -0.50101188657701323 -0.010603221721697122 0.07879830246003304 -0.47609503617604548 -0.0059365976711787255 -0.14733855648155753 -0.056615028451797729 0.53935927447846488 0.069838461522073222
0.056458359870942512 0.45078937488248044 0.14444951865562813 -0.47475153318096097 -0.051377130643810921 0.2832402900886215 0.46719252989820648 -0.079522595139285654 -0.13858430990405921 -0.056253764945850028 -0.44751722408726968 -0.13133001905975683
0.018053380248068022 0.50117181181452441 -0.072156000763467884 -0.50127982066225474 -0.035796326945517917 -0.03223344173755878 -0.53025879195348269 -0.021007425341025239 0.070327575578796694 -0.0073785801909115722 -0.4471843855932538 -0.055700872986877994
-0.28695368529088361 -0.44773436044018455 -0.50608194929461936 -0.22116107392038525 -0.39223900497272113 0.043694623775673826 0.10738131683535812 -0.053157974476641189 0.0015657544936024789 0.33021448556931304 0.30837374650773275 -0.19469146034929538
0.065568538374605814 -0.43214828142178335 -0.20345578068231074 -0.52134383236936022 -0.11539960122747067 -0.14404507948235562 -0.44662925122778824 0.055650650015115939 0.22726124073751214 -0.017349602380550076 0.45464479588797341 -0.021533159051243245
-0.0040093727560033396 -0.49436710543863899 -0.061983474913858798 -0.41951390011421452 0.020197961773146627 -0.014423310629839502 0.49774592786631772 0.033999836276412988 0.22667419504894071 -0.080974583916500198 -0.5099312298599562 -0.090886226609025872
-0.013924109118523372 -0.54921617107715826 0.20568152752947338 -0.46756208717016912 -0.070797976927340994 -0.1210623152237154 -0.36328666193534398 0.027459665865775831 -0.010958048346367329 0.060372730462093342 -0.52440766259415494 0.077977617291300774
0.43726938355147804 -0.061135410030605207 -0.31691244108673955 0.0663719918180386 0.48730219472084524 -0.31529630263681019 0.11939153481747108 0.016018605711925857 0.49542522868933647 0.043986077037071143 -0.052819932310615596 0.31410541548967075
0.41660236499803255 0.023032058352812256 -0.0059632740509599881 -0.015231237492400912 0.56445706759526959 0.076343780683946219 -0.10017869963506411 -0.012085091332802984 0.49632255568290323 0.073861937014280871 0.11743387880689235 -0.4748053141256065
0.38912891809119676 -0.01676139098964265 0.11297197532294145 0.0071304115298119119 0.43595995143671046 -0.13467578257439647 0.026118128048150228 -0.039197754834437541 -0.56779938766575311 -0.10277694313250495 0.044730454576096326 0.53861573166306564
0.45168783877840191 0.067126121663276195 0.35332258735844063 0.044132450996638144 0.52767235147955371 0.21839101696043717 0.012231910953141844 -0.003866580212007436 -0.43020374860948785 -0.041110584413248163 -0.1225641665704309 -0.36959845621007975
-0.49601421520040867 0.015235267147954142 -0.31541893157109907 -0.050518746544251383 0.52546187969424252 -0.31420627153622688 -0.12826217223585795 0.14963328643943535 0.3750471465041646 -0.014900060474207319 0.060542570700294798 0.30573139962443296
-0.50445903037064199 0.04443070683499506 -0.0648056941386327 -0.040848980817000363 0.43995689350032058 0.025851898002939744 0.0095732742767890358 0.037891976771223447 0.39266890668678367 -0.020935947044438529 0.023302416924266364 -0.62189272121203243
-0.5284104932998408 -0.019681266621874648 0.008233205144697376 -0.077960783697291675 0.49725178237298195 -0.012320735113354056 0.031707524903306104 0.059825103019693814 -0.42827639666590084 -0.058471504206210216 -0.11658318059391116 0.51168599398148273
-0.47943434526901829 0.0041941535688764554 0.32831326453534598 -0.048697404101816347 0.4227694200277371 0.40112980070842336 -0.058157131469986613 0.062789056240678862 -0.37903686083667248 -0.069995023159658318 -0.078129171096977035 -0.39790432423947691
0.42494199786952763 -0.035179038480431329 -0.42742499607186407 0.093203359064917252 -0.45368602589306556 -0.3205397740838386 -0.067345654305254896 0.016964868967353157 0.44226594135232739 0.003331324053232347 -0.021012152310359175 0.34257257384686307
0.44941686435159484 -0.090538550661584796 -0.095331336996386878 -0.020286496621864651 -0.39243792357375162 0.083913843403978561 0.12132738179677557 -0.091217989800240609 0.55231914696249695 0.17867456435321802 -0.053687583725389502 -0.50633401842730918
0.4966242809047679 -0.083460960023583053 0.05498611121435084 -0.033702853198995041 -0.50728073497494153 -0.066419345334996605 -0.022043141999528958 -0.02592482095871091 -0.44926991221061113 -0.13922516248415417 0.0088844310654467157 0.50796646942815937
0.4488893743520469 0.088680540289887047 0.028054935468602889 0.13186023216163509 -0.42984131986144386 -0.15273818490301527 -0.0054121324897722289 0.48162128869417642 -0.11951179182572699 0.45889719720175659 -0.2118582868223656 -0.25025063669909087
-0.5188726825277109 -0.037894724028285642 -0.30056013232387702 -0.033359985289969016 -0.48689765462846329 -0.31570826121683776 0.1203885141198533 -0.087102461301369588 0.41938535870736776 0.12785813919222136 -0.044984524658078867 0.29122017746321388
-0.47036973766807272 -0.02600940391944247 -0.042298443731053431 0.002109571464886537 -0.48546081856137646 0.096564441550665125 -0.087860546132447898 0.021220069517562064 0.49841266134145479 0.14729619060030774 0.069218632165146426 -0.49820977481683926
-0.45911108581939608 0.020065690751674518 0.073613078309923238 -0.0052746322427463053 -0.4378884717891991 -0.098916674062122636 -0.0098476536452247066 -0.0014193685353206275 -0.56036665278608144 -0.086149363777819177 0.0030917871396100131 0.51019192593020335
-0.47463531079412863 0.03268159952208826 0.32802229147627204 0.038831605320214214 -0.50756405431483897 0.28124048321659151 0.10753456934704778 -0.062413271230256862 -0.43597813556977127 -0.072774519335212243 0.062040979564397788 -0.33637477663394905
0.21527305335629227 -0.11805909392304645 0.2898719522414982 0.11623328861648706 0.36446184664476711 -0.087109556144572567 0.081654998752434232 0.41532215736052519 0.40536875246844006 0.58308217448488475 0.1163357719111246 0.068995881098439793
0.52295530754435993 0.023098910436501668 0.076010691729388569 0.23279386678599648 0.49622061434655729 -0.017454093330364399 0.069966305454962421 -0.47200922277766516 -0.074422237379147813 0.42698987887661427 -0.024056752426882475 0.057864408732046901
0.46911998218745604 0.020405491515128552 0.033173609726831435 -0.040008447787106778 0.53946556733768092 -0.019256504383084013 -0.00090951106060725489 0.44602407534478183 0.069973818482713973 -0.52342318867011239 -0.0033503686547183562 -0.087162405712003746
0.34437239448052398 -0.057652708308062808 -0.1790583822595011 -0.046178880648932365 0.40529828663245154 0.11848628338675507 -0.12714434998646454 -0.49909230106797536 -0.28617642173128105 -0.54047401124547756 -0.0012634012792974714 -0.16221657524067731
-0.36208475658469119 0.047104761335831344 -0.33391662615416418 -0.099456600114003507 0.42056645620567107 0.43421200805207222 0.095191299217057476 0.30334593721123304 0.066555138102067535 0.40705485991419821 0.038567350200723424 0.32737868440053081
-0.55435990567761084 0.081549666091187245 0.046548565587976189 -0.041374215071202633 0.52285342011221836 0.017873012380531243 0.03879170112680911 -0.47329896525595644 -0.12117244910545209 0.40731444817333445 0.0053919340935490237 -0.048243208402531795
-0.47935375636381256 -0.066549564755679552 0.027630310251180283 -0.047761803242029839 0.45135794237303178 0.0661344221246081 0.047370405229792266 0.54438571602928498 0.030476213235064102 -0.50021813089916323 0.044604094694329917 -0.053967466486748758
-0.43249499469895053 0.25947462991011588 -0.45258070462889294 -0.017447032433639958 0.33252418203243467 0.024326522169866128 0.077467125372054801 -0.35625106506613519 -0.40056440319690018 -0.33711074215456821 0.14822034097173092 -0.018505447754183838
0.50496412337283147 0.05242126904242557 0.3155880395116456 -0.17942247273459933 -0.3317919122280234 -0.16332758147486998 0.17095492840400772 0.38274105280344417 0.32773772886470515 0.22377785044146595 0.029781670430482646 0.37365952972323963
0.56084567440507793 -0.077320139579994229 -0.022349430140704615 0.075503192210919196 -0.50363844972738214 -0.0065832139057799893 0.018101331280105496 -0.39814377138035378 -0.092416681630991496 0.49766310282345189 -0.065963701017909743 0.013104656235349529
0.5681288416968826 -0.0069078204323797521 0.048753346993322011 0.066079764331555088 -0.48832900394406825 0.026530681609523602 -0.026939461760937169 0.44566045924557901 0.032914700856616831 -0.47430314741035057 0.0066410650452659288 -0.076416277954801062
0.50926428472363039 -0.0017005566563761483 -0.36673304282514785 0.05470922078164224 -0.46500226113358017 0.14900474390347324 -0.016679535516003714 -0.34481612487822721 -0.2668487954237363 -0.33582653727851591 0.14448538769566655 -0.20172039909331951
-0.32754667107656837 0.15854337831853491 0.26009290209048241 -0.027621447297701277 -0.34780437191495689 -0.11318276320458956 0.023578655985326089 0.47320504470032326 0.4043345194644038 0.51621359664187216 -0.044683204303172616 0.094600514250161347
-0.50364711163644937 0.022312414106256794 0.064210885885161953 0.002588345137499848 -0.4311890484364882 0.00079456858615179653 0.015311500916533429 -0.52363914032241266 -0.14428780027377155 0.50345498601591732 -0.082899507711032799 0.014027363284933054
-0.43903499576706906 -0.0097917501571110274 0.011305176378829163 0.030389879411680445 -0.50752258885237167 0.054279182035961604 0.12191548763103795 0.53450890604005108 0.0076120839373653533 -0.49092665953425335 0.052994716622735825 -0.033721045734832922
-0.36602413734303346 -0.19018222595232573 -0.3153534236459658 0.0081905651177522059 -0.44383241458711992 0.062650445460746065 -0.027174269975759509 -0.47300876144810938 -0.3553438700076762 -0.39953166844331867 -0.12402725349775838 -0.060634850461943363
0.48008276775049452 0.012572847159270355 0.10059184456183733 -0.068251522608349574 0.53738255362283827 0.046036196201095732 0.49255792994156045 0.042666402273281147 -0.024892430659856014 0.018589980025088538 0.46375162039926343 -0.056759207870291019
0.49528128866536059 -0.069379341097552311 0.032396682287382968 -0.11333784238901136 0.50511696273221318 -0.033968379870172913 -0.46786732919087193 -0.0051391730774185051 -0.10529586583982833 -0.036308066599966972 0.4980957838746865 0.016117999700902431
0.48729028601337404 0.044660112457958541 -0.039011887809902002 -0.0071591901235056078 0.45625489334705605 0.10185142220468689 0.51686036946093739 -0.049473453631929447 0.085084098073910444 -0.019359625263200859 -0.51197621669273763 -0.033349974247663304
0.48344864890441336 0.096828053955093418 -0.026118072666170885 -0.018477521942942384 0.50517281477388465 -0.055052621009286276 -0.506513574159004 -0.075709865182420608 0.0097317735802293324 0.020249192641402902 -0.45593738924083599 0.16424424134682367
-0.49509484005879589 0.030988355341718527 0.018829060331836518 -0.093208370239213592 0.4827959452705089 -0.036654030218793501 0.52589844321885504 0.044833968137107834 -0.048210321321459686 -0.017495967170912403 0.47589089769397436 0.052548044185685407
-0.48816417109243621 0.033117225283590443 0.046859138600820811 -0.027953208644383862 0.51397690644777605 0.021349372495194068 -0.46208835414165883 0.031419041453291649 -0.085373458197324045 -0.01699156117554429 0.51405431596975304 -0.081558513703873056
-0.45524490818618746 0.065000248421576187 -0.028028811818801066 -0.031111559806331575 0.46352176005897699 -0.059647403334344262 0.52370503271148605 0.024177785734450775 -0.031228735233546013 -0.046650456032935605 -0.53401032121418168 -0.072063960003761418
-0.49897190658140156 0.048155509396859968 0.025152300553865199 0.03215623986244727 0.41676433114674405 -0.014744982940841299 -0.53414454316943294 -0.019659912627171049 -0.044662525923406977 0.10247190651883668 -0.52412119828916381 0.015373048759590871
0.50983434999544741 -0.042461486378496116 -0.015041403901474321 -0.01549978083175838 -0.475643801303957 -0.02274225394888842 0.48049692792030829 0.04231082135068176 0.023234604981046274 0.0018140055194658291 0.52689822452680302 -0.014589552089234025
0.53364163028650347 -0.011259315353199368 0.076181650555200014 -0.040200878253870267 -0.48788418801574818 0.063572458797541614 -0.47119300789710727 -0.040612527148139531 0.053734740738259887 0.038481109779369985 0.48451725718645366 0.053011570245239573
0.4766626555700606 0.058505553312724959 0.0080814453837699286 0.0013735242251603343 -0.51002329756739606 -0.004188312962875044 0.4961769926475279 0.01261621966484721 0.033989515091798705 -0.050242621343292125 -0.49710276127720293 0.10963471268156212
0.49727574462456936 0.0068284243730444205 0.0079415571173336152 -0.009121407811760459 -0.4793183835718583 -0.028001767433524321 -0.4846686957413634 0.0091018153434146449 0.081447351237150897 -0.0053090900341233975 -0.52686716128671007 0.052500242212496877
-0.45424355919383758 -0.023214032457088012 0.029579372784508045 -0.092508868372888547 -0.47822583063601276 0.0015759939616390324 0.53997918766451736 -0.01573336970846452 0.0058157194378965519 -0.018013185128468133 0.50855524022813081 0.064628530339217477
-0.51101893899750905 -0.091433705660149522 0.032773946961144003 -0.045059134083623456 -0.54617159684106698 -0.031447158584384266 -0.4501200622761995 -0.024618303771601107 -0.075465680793733711 -0.016945655181940224 0.46780838867040481 0.0078538685152566585
-0.46839188979462265 0.012742039529082778 0.02533124040189989 -0.018383773376697825 -0.5003639091047305 -0.050506201730741787 0.48558694162497884 0.029735183048932839 -0.035935223779865098 -0.050710828098864812 -0.52997457865216302 -0.071674847692827545
-0.48151672299855297 -0.052803576325188825 -0.0055430997777221776 0.051613726770435034 -0.53382606233625407 -0.041133181862363408 -0.47981811460992091 -0.035141087086700946 0.059440669023438128 0.03468437428811276 -0.48954653941389042 -0.012007883197777054
-0.10504074768974535 0.0011398194892520549 0.17025566831876027 0.55864061800980058 0.016292468596147927 0.31583533114842749 0.22036527587825133 0.053206089656314848 -0.23570079800073979 0.45764859518327972 0.026699221272913468 0.48039537306188679
0.41106676429751016 -0.08442114593353707 -0.22245772232088915 0.46226879142711891 0.02846466114470456 0.52152809189798466 -0.02554909616824981 -0.094556038963604386 -0.29917110310235678 0.37398165671478972 -0.1879103325608959 -0.11681610203843247
-0.11265782310712179 -0.072497648569986639 0.33611112914763197 0.51573225606840534 0.13905000851595065 0.34599059136780164 0.066216720896271036 0.06089778576487663 0.058884561514820778 -0.50863120977391274 0.041333619009995881 0.43827240266335166
-0.024261624591709781 -0.045170253337123469 -0.10787577468008709 0.49908110617158707 -0.049092574045188367 0.48151872885945951 -0.14279553254568303 -0.043600910027804266 -0.21274019379579512 -0.46355639875694121 -0.2516930399315469 -0.3957241548244399
-0.029146756361957456 0.031077504769970066 0.13383927141440718 0.52320882356322229 0.013697678867258957 -0.50377392309821978 0.081424523289170547 -0.15262673889997061 0.10865128514455519 0.45339914455891772 0.27544991788069234 0.35968739473696676
-0.045144192132188531 -0.076692051419665744 -0.24240507152988389 0.45659537993780958 -0.39853664752414591 -0.44619732923268879 0.089837207667376143 0.0054908194844275832 0.20163743865920386 0.40498382099622665 -0.012168961487229608 -0.39242674081430445
0.33620831704388582 -0.079659173173349335 -0.050412288390094803 0.54167975399010482 0.0057381452127640252 -0.54301031235564357 0.12170610078293484 -0.0080862668366914713 0.071728844897872651 -0.38793993559245887 0.27646571908569739 0.20691405465728399
-0.028565491808264749 -0.082766264169983922 -0.32832294447356658 0.50298641714124226 0.059598541116685083 0.21705171460657341 0.3846070286234981 -0.10919119018798205 0.17447057950033515 0.054705181532255266 0.0025678749130344462 -0.62257089324777803
-0.004009822088086876 -0.047558323929684926 0.24002105079775216 -0.39947776006610364 -0.13305178325338687 0.15054650141514078 0.2865213650793666 0.1110046934851508 -0.26085530279561242 0.42474079361134714 -0.095733785828714391 0.62300143843904998
-0.30195084891433216 -0.40099155032384631 0.062199022853792904 -0.42935084855639549 0.27501794944345842 0.48062273701922631 -0.25523211370115639 -0.09543188912850871 0.23313611299739737 -0.11614031056615855 0.21943664738560198 -0.25088516394562654
0.058869118903435991 0.079554718989683706 0.36616218717876725 -0.38746504546199895 -0.040554523384493016 0.18414220635013148 0.04520598934699066 0.075029824753695143 -0.044888827433897514 -0.56859414325686253 0.10543226883179256 0.57126632778795461
0.072941109903130796 -0.013333554353922904 -0.21337592263940575 -0.44998157423683899 -0.0046068461584873217 0.52101998133796235 -0.06477469844094623 -0.02633201219157252 -0.22359895459377865 -0.41724467970832341 -0.26471214318389868 -0.41946965909473416
-0.043743800870517414 -0.084694712811603706 0.17803832427070213 -0.3983643943395172 -0.021879901618057942 -0.47709474575247984 0.029290397007142616 -0.0085703891986826895 0.29661871689258834 0.4895809629573325 0.36281600414987952 0.33493926181434541
0.029686510298886214 0.046914283441795795 -0.32820082927910699 -0.46878597588472892 -0.1440799699175061 -0.29607632651489446 -0.011033223543803108 0.090258374681038228 -0.060302853275038072 0.49451929504727743 -0.073439138321675645 -0.54696807602392528
-0.45962304490549966 0.055019855687000019 0.1751330496176958 -0.51318689402871764 0.048031673666518601 -0.45548719005082122 0.22889413066640796 -0.037406015770742589 0.29492717883158959 -0.26026214461000646 0.016685765726085634 0.27041247058400303
-0.051799173101296322 -0.048244941264778379 -0.32840464736515773 -0.53274075096904117 -0.031486176534084538 -0.33110620671558549 -0.075250718137586659 -0.040484897167421215 0.057490070809324223 -0.43443962577370954 0.019856825963239212 -0.5412627495179152
0.0067977747635660822 0.075101292017347318 -0.38679197011007888 0.40579050512125792 -0.23563965539518475 -0.061932916280927022 0.19606821328697863 0.14348019912827709 0.51295631511054529 -0.013274542924780294 0.54321480482793738 -0.057147703402868871
0.10981760706992019 0.053597683663171518 0.23283956604361661 0.46795498948567454 0.13935831604018528 0.62661931094495149 -0.0058016032619341382 -0.14532461879380743 -0.27645314151241868 -0.082884618453923878 0.43151465266759548 -0.095628167197912409
-0.048376880026763193 -0.012315331141062735 -0.031340249017877832 0.4194929977189551 0.094773488019670851 0.36060098584861766 -0.18684689870212509 -0.042532570760082197 0.58352153709903487 0.083978552459944761 -0.47442614164736763 -0.26867379884807308
0.017148673945121783 0.39650261823404021 0.21217216334161015 0.36394741596799868 -0.18303546087849415 0.528439796065023 0.29761965461238454 0.15681049036494801 0.019008087985128833 0.06029527769459949 -0.39856185971737718 -0.27613561447557361
-0.01561689107913611 -0.14303938584826706 -0.21017692276368982 0.42159358638249589 0.40954441241085132 -0.51706234873502488 -0.02565426958868279 0.26883133431769746 0.31024480911155833 0.14347535845267759 0.27743610528078122 -0.23572020960293397
-0.13713500777582296 0.04713442992811228 -0.031727830411629611 0.46080678242424117 0.064433595217205875 -0.333952997377226 -0.076084120057177046 -0.028363254140841513 -0.61602089218685685 -0.071693704685506066 0.45904269921597163 0.21911481565831173
0.053151415336531282 -0.0071262334375746892 0.019513835008382874 0.41116810952640542 -0.023063212370278686 -0.61106940885403205 -0.13531544806963669 -0.021762141976846072 0.41522113041624997 0.059910470477413956 -0.46699354725488418 0.20219228345817533
-0.32451935480498229 0.16790886741697067 -0.092472406395565573 0.5115676820773829 -0.16101645923010444 -0.29767878985831647 -0.13284937112340295 0.033349897991569788 -0.41297818502084027 0.46991900141149423 -0.25368568238973666 0.084910267285071783
0.47056755599702438 -0.14787314256136205 0.1754618006821882 -0.38187001862763731 0.01350560732604099 0.37711786972961403 -0.18526733165307666 0.092593648078993729 0.45676532414036708 -0.37898363155015213 0.17666921070431971 -0.1063726142141302
0.069157159252202186 0.10702339416504141 0.18636244327168122 -0.46117255097340693 0.0053158402674242204 0.6496263009280232 0.15133503342124516 -0.061354737775006253 -0.20827242034905538 -0.043479530549679783 0.44864414109371809 -0.2027152613796771
0.002009604249700214 0.12603762466945861 0.030325787139516162 -0.59530393460929609 -0.0050272138220667003 0.34130065473547028 0.036064126866036932 0.080927020255585472 0.56116541166539735 0.23004574772760555 -0.36437853820340033 -0.06199558593459864
-0.096522110255374827 -0.007958166141043263 0.1815631883123083 -0.45902748325517434 0.45536596474011815 0.60778354318943806 0.070095595728962151 0.0070327415989595472 -0.085048311901386592 -0.15452002385962402 -0.28031131489034128 0.23567518429567949
-0.16818066568354068 0.38591366382766262 -0.43493278789761392 -0.41288552467259249 -0.12021239505291891 -0.39895114928944614 -0.26692640610524698 -0.013419002833341281 0.36822691703310434 -0.1416191003065842 0.21930129212710253 0.11984163384983187
-0.082381793300215611 0.017534455032547001 0.1115561918834783 -0.46164580238718017 -0.035479514730469196 -0.50632121704361788 0.024183043496041796 -0.022910867418387045 -0.51957088670096063 -0.040153673089969741 0.45835866762502137 0.16418149110252278
0.19705867699143242 0.085517605185224582 -0.12366812441940669 -0.46372505406647863 -0.020224133065954369 -0.61925746969583462 0.061475268103435864 0.17686015937583899 0.25194933671139214 0.15490675317372726 -0.39615775449250257 0.24526882286896212
0.35679770721301812 0.12211051672324404 -0.15556150341312791 -0.48978669247439199 -0.065096825055849641 -0.28375222394837635 -0.10451924224610444 -0.035470961134626298 -0.56371546410019868 0.30720281391453835 -0.22900566106701414 0.17934983665727072
-0.023277940165188641 0.018385953667941008 -0.10955533289433252 0.48102981735346217 -0.076595261425394259 0.48121100081947538 0.44501550529498551 0.51271724185070666 0.066931213525295533 -0.083596682639190817 0.18402637186738766 0.10975203141317924
-0.096810148335293791 -0.0026945548648653322 -0.017536103146259491 0.51912938204629244 -0.089423452184109103 0.39064734596284523 0.44319173614666491 -0.54675043098302489 0.15683658312753468 -0.018096751619824377 -0.072912647389368701 0.18606287239334912
-0.015465955058019308 -0.0061324880765013098 -0.11634696421752809 0.44636112201282935 -0.0011783651988913392 0.51052217291324309 -0.48109312907560975 0.48049279299561076 0.12124001482647363 0.056540445993855402 -0.018745229440914331 0.21387562296054807
-0.085282571391107467 0.078354744209926636 -0.18542104759285447 0.39685297284838655 0.043063505477421771 0.47241007860739237 -0.48470440648095953 -0.51348095508399294 0.15757056032826058 -0.049143929097945772 -0.071689083304713408 0.19673443380199754
0.1354504113399109 -0.10015635090458665 -0.19062931706935135 0.49990381623761326 -0.00091194578408846218 -0.30452089991792852 0.42783031681005235 0.51547157664065535 -0.26168389582751356 -0.13731567721591734 -0.0025283324206214221 -0.23781199292377705
-0.047190746042746805 0.0046316568306609416 0.045943158032012578 0.52788377355545735 0.13316867831948756 -0.45102131254159694 0.40201747294067941 -0.53412203987468465 -0.088156517472956886 0.006462399495387715 -0.14269628253808081 -0.144032782996908
-0.030967323501426971 0.014500378939087399 0.037281353611446001 0.43905333047524525 -0.029226176125384952 -0.45863487921668844 -0.53961602399981423 0.49260774156690873 -0.15195718395597005 0.017919698891177619 -0.05023822397365886 -0.18354589298328303
-0.093576305142951385 0.030755994500823943 -0.019425088350594932 0.49058015711957215 0.099414705616584456 -0.44109989084794216 -0.54302649760331045 -0.48341669345076477 -0.10425788400275342 0.041483571335244669 0.013551874836674136 -0.058780940082919952
0.015131295250508879 0.036787332462491988 -0.07766988036776809 -0.46062038014843637 -0.16683600335192036 0.47587692020105904 0.52279932084558256 0.47533775982027709 0.072583084329128647 0.014671082445591217 0.035382812793442277 0.14113926433074256
0.045074821043387982 -0.13042928223557457 -0.021050171579454619 -0.44934843742829689 -0.07213061983721103 0.48775055494072039 0.44355102441707805 -0.5238270998705552 0.099319240390312438 0.05060501112904988 -0.016590554422207041 0.22729526558687876
0.01536260701177106 0.026451683576210264 -0.037605020792443641 -0.50364869569056547 -0.091938556834845878 0.51156910436141823 -0.43054417026645164 0.48037166175016227 0.073843183523475811 -0.063059988712950057 -0.046341210496080469 0.21477989670711684
0.005148632645017027 -0.051081531270970565 -0.10632943697624381 -0.52274234382834073 0.045737016065888481 0.37651418528703567 -0.48982872111573406 -0.47735964926238489 0.11224982094949353 0.17185531698364323 -0.081607858309429418 0.22879101729464629
0.10859097569859212 0.045691137562124805 0.019967640826526606 -0.48558759683661434 -0.10076163019795495 -0.46572529340215524 0.51519558707429058 0.41287800280129278 -0.098738572099169974 -0.18785839060081377 0.089684749062501137 -0.18410641253627297
-0.061081879996306127 0.30280150626756419 -0.42192980362840976 -0.4137668146512351 0.11814718204725003 -0.1928277548819661 0.4547353180258828 -0.14786745592500408 0.36824878268580613 -0.22664208362840693 -0.28949690758465496 -0.069137272575880912
-0.011395917766710369 0.094314216148214142 0.096569680905557356 -0.50497382710951055 -0.13684759246011677 -0.52895788439225033 -0.42022885961585399 0.44874396284064028 -0.12255114045564251 -0.027977748200831497 -0.0016280706720122793 -0.18536277850872848
-0.078687311838911936 0.021158451156597265 0.05372739810383044 -0.50389157526142292 -0.027398511540384089 -0.47765141663894722 -0.48135527439569936 -0.50020602268840353 -0.10080433914297859 0.0024502927025876371 0.023138939360675841 -0.12269403066377597
-0.048003640600957742 0.02219080654856859 0.30029033029659069 -0.036466290978813633 0.47365504301055944 0.11142543563638285 -0.055508061136257995 -0.21542006242713652 0.10793716376491322 0.43594348652724718 0.17602865925336972 0.62190371158033442
0.0064785905634707685 0.075577603579047845 0.53731548844626775 0.055177350182058924 0.4332385154205628 -0.14951568034427826 -0.17986890271802197 -0.19741801640452949 0.077287762736922644 0.45535068318136712 0.27025328800467913 -0.36709923958723711
-0.0069243957655077742 -0.10284111311061954 0.37883636725088471 0.032923635357723288 0.484421649605844 -0.18964960313799084 -0.078328194158859457 -0.045628404453314647 0.17240764581930218 -0.26751121702935071 -0.35963045108829189 0.57905571967350555
0.43460333026238041 -0.1143145162530791 0.39381522630612914 0.20202757620943035 0.43291405855639076 -0.31751617534183396 0.024464508399442933 -0.34830717070357298 0.21985895528613328 -0.34626501833425599 -0.078825758488011127 -0.13246938628263691
0.53852738568564706 0.11329366689117318 -0.19761327435131459 0.063122820888558612 0.49751076761738094 0.2711513420974756 0.0205803307968166 0.37218318111273491 -0.081916753169663722 0.30559304609777121 -0.0065177501998930154 0.30658355030222334
0.43394467931741504 0.070563683911455316 -0.11563860769461069 -0.046361675106973754 0.45040317437976674 -0.34516245767592979 0.042739358966150637 0.4382010435809196 -0.1453774940860493 0.28541876637320551 -0.095168279396331532 -0.40458454101482161
0.0092582875735556722 0.021463204257209139 -0.54050694042936875 0.082170445529782574 0.48181019863701757 0.33378425901785302 0.10913988044524013 0.1674839997502606 -0.047472941528242302 -0.47643232997322565 -0.023957291398123189 0.2953355386953242
-0.061675596663743941 0.11575965039117497 -0.36121876648373435 0.04015451695502132 0.45664621328580007 -0.09150437373003048 0.17538807424311401 0.20161924556471575 -0.27782730734118999 -0.38134339872136064 -0.2001751926123525 -0.54746088640794832
-0.0098737324982309527 0.024446666447418049 0.37908656229725685 0.10450106536142229 -0.52237092560565945 0.10316478433930731 -0.028602508623015312 -0.19177717138567135 0.19219384175298135 0.42729399383217165 0.21386291062401072 0.50824291181150616
0.018396188664035865 0.004877532879268196 0.53622443144900422 0.050877968892143736 -0.49579166634478311 -0.17045503938655393 -0.03223264956867445 -0.09468036195997144 -0.016566209796018836 0.50949692213881825 0.1205049006259017 -0.38763640922281933
-0.49015895293896783 -0.096318508200660166 0.18443381005986689 0.032202168419711963 -0.45205856473878686 0.31525826896528647 0.022750807381835023 -0.30235916267346569 0.20553157700619726 -0.31363139499869253 -0.020279100443285892 0.42274298137706445
-0.45430721224230541 0.044913332757491736 0.32422946094679356 -0.137978439421167 -0.42947421658114604 -0.28933922501049253 -0.0081497678308036607 -0.40506344932291721 0.15571750043396088 -0.36591337494796211 -0.050171505811449045 -0.27287200648098148
0.16186456698172086 -0.47150224598486007 -0.18148748228297951 -0.12051973405168101 -0.36898788649365899 0.57210664325609728 -0.11297875932374594 0.17347810334789401 -0.039406468197075974 -0.14416675959281208 0.29316047564886438 -0.29904158346205006
-0.42423490023977622 -0.11602141877157272 -0.089347585885385161 0.0094315054005146472 -0.49388229388822802 -0.19691582061341392 -0.10244266142230442 0.47660302289443285 -0.27117596509147829 0.30011149872105169 -0.034276845637981321 -0.33670924640820848
0.063553857654501889 0.01536942366840924 -0.51436856213204973 0.05209585882801749 -0.50944458375812218 0.23539934184353919 -0.025352561792248037 0.17240714044135821 -0.098761533319282335 -0.4577911230551811 -0.17377986293064177 0.36550798852988847
0.018896912080943504 0.056576876574663142 -0.28046359238336244 0.029110060013442164 -0.50478334711070183 -0.090364359999475091 0.054807398187372298 0.19994672304951552 -0.31218636461293486 -0.36610793289095062 -0.32220882713244514 -0.52503940843863861
-0.0051629411776532115 -0.078462054398561451 0.6095172319360298 0.018849949733270338 0.51354845824910145 0.22535622663377805 -0.080556938285506169 0.077498023506367864 0.25134537950160785 -0.31406043937185268 0.33057632029477324 -0.15442959141690857
-0.041850857732066163 0.020798774980995846 0.3139115254747249 0.027067868229428825 0.45350878682167234 -0.26372019027794608 0.085398896311992489 0.34612219828860058 -0.45703967828359948 -0.041787436296731449 0.44188600105783488 -0.30055947820218576
-0.17931313055131864 -0.43059017484022732 0.44008704710095631 -0.060537474074627486 0.39783089456742765 0.1597006278407701 -0.00022561551688413592 -0.18599865795380971 0.18332614963146768 -0.24169509405638404 -0.46667641182915159 -0.23857153202798906
0.024769865256606322 0.046709725883007265 0.22243510392444535 0.20629812462452801 0.48315496207825381 -0.43962641719468132 -0.072958596696159464 0.049998040796721967 -0.44969375368238257 -0.0562377414132307 -0.51394334913212947 -0.033325318192188008
-0.066019123358654994 0.015661648810833682 -0.2959627532776451 -0.23876211840604322 0.38640320153502611 0.24147491632934809 0.084070115062974488 -0.068139775448417608 0.60107342738511005 -0.00032660469072884834 0.51026098355478822 0.099049794845834399
0.086173452179362092 0.45366253058141004 -0.37834943145739414 -0.025155207262185189 0.43242831531234405 -0.1965080816716934 -0.095346380942609721 0.33015038222762649 -0.40216426820296786 -0.17966456397393868 0.3037076144242058 0.11414778680704916
-0.13488555237470981 -0.012170060147354337 -0.32259751458967456 -0.10637005565725646 0.47962871642662797 0.25912393158410241 0.040328478406138367 -0.2595530656697369 0.46671347550878384 0.0076639741533332745 -0.45643917901250408 0.27179772951208697
0.019116587125783183 0.10972319106742395 -0.66613963951221511 0.0047210457446440913 0.51635285122819352 -0.1009219794587936 0.071002999179497733 -0.045595436307569535 -0.2694313188786478 0.31633947170727011 -0.26014707789203628 0.13987418680314892
-0.030563552065454361 -0.097551518176078891 0.57393683672050044 -0.026013671054734323 -0.50630435190860823 0.17100232187684519 -0.13909436975752995 0.033936687174072049 0.32966165835937883 -0.2365427345541983 0.37689301882365195 -0.21611781920078538
0.076776368346900464 -0.028906481566768623 0.34160793075382684 0.12550502240968331 -0.47818914376049809 -0.26369797067746653 -0.04684182599023496 0.26964865599766102 -0.42576895023758371 -0.14305931773105196 0.48097545189156393 -0.23373859670855721
-0.054290028189939277 -0.13927362268049873 0.5750475636429826 -0.010046194044936946 -0.41714494050544393 0.13875593037057565 -0.036106533671927489 0.11169682677224305 0.14478682892659742 -0.04872323968668614 -0.5295686002968446 -0.36885196159765338
0.11767542789131136 0.082622943496565571 0.33049976564245598 0.16991884884797631 -0.48278068822104547 -0.36730908713719229 -0.029501020024110723 0.0043171105966882803 -0.48313691296275341 -0.023425997605678626 -0.48687226823011709 -0.036423439614760238
-0.076353941954366025 0.038316601569400865 -0.2328035615379298 -0.24567089609730985 -0.54127138292496413 0.34334235478563874 -0.04746447361308892 -0.18482801811469832 0.44587897037455954 0.0096085951730925639 0.45885586376662701 0.146383694457001
0.16591249780519585 0.1684938423259647 -0.56973348569617432 -0.14902767014695401 -0.40520177605671204 -0.13914317504579665 -0.025735876228745385 -0.033263963863723094 -0.20920223613090339 0.0041075643689933274 0.51231359328560877 0.32513317629300204
0.024480153956666011 -0.074294918347937625 -0.31694215350828359 -0.12901510669882665 -0.46303400138757561 0.31297777845391744 -0.031081244085585064 -0.31835659789505194 0.40423571440198103 0.065933794885948069 -0.45817317039300187 0.29057664249673926
-0.022315810557638718 -0.11098686901673036 -0.57234963109669268 -0.022263819282409867 -0.54901490225437433 -0.16535396967838836 -0.02017405224903606 -0.071647849564038191 -0.27761003704763482 0.32558898100714351 -0.30334445156987488 0.22295977933540326
-0.07943128954735014 -0.046479462155399748 0.51985909824241383 0.0011391473379114591 0.48732977044945391 0.12426170401120215 0.48463257241800634 0.46430346123832156 -0.070176094778516232 0.041577514340920101 -0.067167931973995607 0.082054460434859144
0.017070800887792972 -0.007803179339228283 0.50192434871688441 -0.019243482687932013 0.4934995450792477 0.069899881524253596 0.41437968637907119 -0.46442986818436577 -0.24208954131827606 -0.078981874852321096 -0.14274967551298556 0.1621510434211946
0.04728526359392949 0.055882079836105804 0.4273309458374745 -0.059920729086510041 0.52936945044967776 0.041225000972625277 -0.50322721176808727 0.4827019432060799 -0.1834228395780661 0.047536310947133252 -0.052499421712191748 0.040111461262095346
-0.046805398261708236 -0.050418528903210941 0.45269880186750522 -0.056360603701855118 0.47007865806221577 0.021231713748874306 -0.55048054645818323 -0.4591224498546489 -0.16889995077744793 -0.067058130974726529 0.00033099871285799582 0.1374169621574019
0.034494511553191526 -0.051989417747908773 -0.43773376607420922 0.055610947146602127 0.47282004322474674 0.05214992018960915 0.55575720799990369 0.43446462929471147 0.22685081469214671 0.073842674999861538 0.020172591667098054 -0.14205224276941522
0.050075622481912767 -0.012736343415386837 -0.4079417247883636 0.038691635207337365 0.53907843657398136 0.0055766938608380846 0.47592655585849741 -0.52246465646513962 0.12176328977362734 -0.0048684760152935555 0.097729114812183396 -0.12208062636601094
-0.059838443813475028 -0.019840816604802892 -0.48576438825163215 -0.10943985549566651 0.48811963208946818 0.058896153976758604 -0.41502821694356917 0.48000066199202684 0.16553655021492733 0.084936480013477617 0.0070959505940598154 -0.26274718572900968
-0.1358220561170666 -0.0031032334100726776 -0.47130175005066965 -0.076221446840685755 0.52170596101065925 -0.040823753178129647 -0.47196746064308837 -0.4657507822525348 0.13378398481412263 -0.0093002127735490308 0.025026705096794034 -0.14654672389550499
0.030546018832555113 -0.023482535404069898 0.4886738287598601 -0.036819788910274494 -0.44506290917886587 0.011477193539054067 0.46337449912862627 0.51953807947990915 -0.24451644666956221 0.03638377082511951 -0.11881763642713519 0.016719441560626463
-0.036222266991745612 0.10826195118740181 0.53035809783318766 -0.16440656106833365 -0.46548710456131659 0.0056692369990729539 0.44177247692818827 -0.4133390286662878 -0.21965819958566959 0.015832326807093577 -0.12798002251438598 0.17622807922776854
-0.023654651367655294 0.047947195008056484 0.42975347416550241 -0.0067715169231116991 -0.51157183194823286 0.022716115134009746 -0.47194659514690901 0.51971374427858352 -0.12231385232119141 -0.095350119413085549 -0.11824196907529913 0.13898348526264837
-0.023099951175837016 -0.012143284109634948 0.49809602365278555 -0.010646006714228445 -0.48307183096735767 0.060102603742381459 -0.49400492393830714 -0.42469532123518844 -0.27687445814788569 -0.031065021515628968 -0.035402948571002332 0.1041651532900358
0.0014242774116846621 -0.0140146378595056 -0.48551349714467057 -0.018212432634949077 -0.5535994536741411 -0.12012949504964229 0.49737343656915051 0.41150417282843194 0.12118190256636685 0.050049383813606102 -0.015226645687911738 -0.093301646983058664
-0.004661083158317798 0.00094004542868417727 -0.43352140323265304 -0.044266575082867736 -0.47438772607871488 -0.071415135551544662 0.50047466034374133 -0.54363134838867622 0.14885760480202234 -0.0050953334360951856 0.072762204807670761 -0.080277030788770118
0.044630490308432871 -0.027248616272572745 -0.47401877424622352 -0.11129202604401521 -0.48390883145753222 -0.033752669066461106 -0.51526621714949716 0.45872025091859014 0.16603048209955781 -0.043601097199351797 -0.022470142735442011 -0.13777986754008587
-0.01249562984458886 -0.040195254253102192 -0.50840944542968347 -0.041878275915601976 -0.43317934687880255 -0.011272310108640195 -0.51768463818286459 -0.48638953942367702 0.10722488014372532 0.097967511446476516 0.066667117171015963 -0.14181450431093701
0.34741495902378461 0.36916244178783958 -0.09656321742934397 0.20018559057176077 -0.21332390257950307 -0.24102391403662754 0.060217578226513614 0.072918255675382015 -0.13148373395075164 0.4304834596554486 -0.25537941643996742 0.55969432838613309
0.46263781502397511 0.47859296841390364 0.10712251699870877 -0.0025242464373411984 -0.025512281435699811 0.28281093932757423 -0.017109893546071547 -0.089982954202701235 0.054163085562184993 0.52808161108637486 -0.074451295959191061 -0.41117394073505159
0.50156984272270766 0.5048134589475739 -0.17317014838341682 -0.040759183906627673 0.029501792547915108 -0.093289295274683062 -0.075535974672036876 -0.11181306372464278 -0.090295691327471797 -0.48555570354006261 0.057098255954394571 0.43241518955915237
0.47315803724142258 0.45585060068797628 0.017871066328921287 -0.032329702872446228 0.011651519127028815 0.18227047389168818 0.0063662551691013097 0.006072038653606962 0.0082588511517017755 -0.46157282650666509 0.10287248823554147 -0.55661566894067571
0.42521382212102865 -0.45312521540861833 -0.1680377182694546 -0.10060374594688601 0.12528283850948604 -0.11304666168568403 -0.012067285787251454 -0.13291753571266876 -0.049879055238324303 0.44114617266029471 -0.064368276854645565 0.5726986880370577
0.45131972710140578 -0.46772326044644968 0.17226016952204065 0.019487168679841439 0.12526210073447855 0.099163117395258793 -0.031850027153833213 0.041109913940249813 0.012403881005976771 0.52710325639164612 -0.032686897759855282 -0.49010574408575358
0.45000083649170858 -0.51648395846354411 -0.10764587757384179 -0.078023647102353322 0.12255992353502983 -0.22800791419835181 -0.008056701384964414 -0.096270904086401904 0.00066730816141635666 -0.50078019844142085 -0.10476383393247375 0.4182941414657137
0.42882658103909127 -0.4895138012112088 0.15429601216602457 0.036916759156059853 0.062716329512555472 0.13617855992534494 0.039589086273858716 -0.031884113905721219 -0.023711761071736327 -0.42661391744151766 -0.061932938772882647 -0.58297057698117605
-0.47993533785820564 0.47680114567161186 -0.13349709107252966 -0.054320493735206102 0.077303129101451193 -0.20286224611338424 0.023511246220531294 -0.05486092403053109 0.0077493888689819917 0.47076104870237023 -0.031943951520716281 0.49815936325977006
-0.5146721546109414 0.51747795698050525 0.16181145070737576 -0.0006696639802552469 -0.027602801665621485 0.14064214862064331 0.089815491032962963 0.00651749613981351 0.057576861538737215 0.48154489161230829 -0.13024716542416692 -0.40041155420405028
-0.4381266239032483 0.47381972069245165 -0.12425377734120638 0.026859334238797262 -0.069547437352780836 -0.12513530644299686 -0.00085733140212833749 -0.034274746626066298 0.028438207610713355 -0.52551564753455626 0.12417414065781252 0.50330277149300806
-0.46984991285329508 0.53137760375731835 0.13098034311742704 0.067734959444910176 -0.029587817730627918 0.1420671108022776 -0.025083172863181655 0.047089096234695517 -0.010844801834094144 -0.49388504720255583 0.050830209015538017 -0.45233418553345217
-0.47533760465377317 -0.45557778602081478 0.0085550336761765853 -0.0061019937443179909 -0.027852447630225787 -0.28611029481737027 -0.093930306943266054 0.0027077227321556734 -0.079565341644637078 0.44092373510969479 -0.11330560501372716 0.51121911319077584
-0.48948085797876378 -0.46759501922269803 0.25258187521750147 -0.060971099529068457 0.065382244876810422 0.16387785018604045 -0.0085436105550362323 -0.089524916844252761 0.076350645188696081 0.47360680655008119 -0.11852745841640233 -0.43686179808992309
-0.48714088494365959 -0.46415323201310721 -0.051707436095202307 0.0090866991927746089 -0.0069831356354594304 -0.25812855436197285 -0.056169610696626175 0.037777477140639087 -0.041519140181168354 -0.53485917829113372 0.027205062522038411 0.42976707138010234
-0.50153875764353439 -0.45487840896392884 0.15803964781347257 0.13782544735337846 -0.050212726822210042 0.09203049466572677 -0.063048575864860998 0.022169504558611771 0.0058923316035794822 -0.46033047805236388 0.091428491837410988 -0.51168012075030811
0.46188835819654961 0.4812882703691051 0.13757355007904801 0.01398358260887619 -0.018431991895251933 -0.12981436801811394 -0.043679180069311901 0.0074247525908143902 0.53818734070903429 0.0020367225780382318 0.47627261474665566 -0.016088859997208851
0.50044366527590378 0.42553181989780209 -0.020982964573833859 0.026929878746165922 -0.101443214141666 0.1623629453173436 -0.014530229353203146 0.025357074071194034 -0.54106521905838656 0.046081924181122981 0.48367302702484705 -0.031496545965511859
0.46758236933684932 0.53082675870436158 -0.023078277925098162 -0.024118450915195187 -0.011506983460327844 -0.1010058153478237 0.012408032207473661 -0.067956083146990851 0.50440186524097819 -0.011489961627791739 -0.4746100015633094 0.059673152917663203
0.45838675778774113 0.49388124595180016 -0.1952824456880311 0.050557187613863075 0.0043810289581427677 0.15519563640963335 -0.07040979382862475 0.12203585288423194 -0.50358991067625414 -0.10005867041910535 -0.44017230552089653 -0.062851179213958219
0.45019752408259361 -0.47064097598650506 0.19431759112603858 0.094831035432707086 0.019751355063845767 -0.19907436475476836 -0.064659176418526157 -0.021191263724337293 0.4890381791544699 -0.038439610101652893 0.48843835021061971 0.072169562804684104
0.50045055061308596 -0.51489012852482696 -0.10686954474638406 0.06376988841495318 0.074153220184833002 0.16574573037925619 0.08453822606219312 -0.094896175585315157 -0.48424538529769562 -0.027150240567104009 0.42930285586687289 -0.017195635096674322
0.43887592733510022 -0.36702288247915749 0.27508879455265162 0.074276478110337607 -0.10499744283531466 -0.048509320832085354 0.068327365241465987 0.054633599681807511 0.58537940369283059 -0.18118551396817212 -0.43814603248541945 0.054690266652879661
0.47374934089317161 -0.43995989776421868 -0.13827486176743373 -0.051633818029073436 0.046956637183822897 0.20268394320655078 0.094987733266841803 0.027541952714048447 -0.47656454847896701 -0.12998845042313903 -0.51292083762433416 -0.0067360806154023855
-0.49281600873903725 0.46142526307062165 0.21980388479888813 -0.033057845431054528 -0.13619028507744357 -0.11162101164859818 0.0053589572784214319 -0.086333962855495341 0.50360006445099359 -0.033376971282344077 0.44855704488090337 0.019818022550510607
-0.45542303751501428 0.4680355600054632 -0.072956938539921606 -0.021849312145940256 -0.066650699015841891 0.18465360365022176 0.088967132073938096 0.18606003862422932 -0.47622725839923497 0.0267354997463858 0.50906648775401364 -0.0019567888565557379
-0.47501828542860364 0.45850222123124595 0.11858841136103226 -0.071328615089820677 0.035828095504461283 -0.14247831744893943 -0.040311687896467531 0.0356241542441329 0.52597566474118207 0.00032897057662094396 -0.48406755478457203 0.097635123602139912
-0.49415230667422044 0.47235637877317843 -0.089617186499382967 0.0012672517879938664 -0.10269138551304197 0.1507110220544213 -0.033987570392124342 0.06046164366639864 -0.52233454713647076 -0.052819602913201966 -0.45643687825293311 -0.051303914674667321
-0.50094653173878001 -0.49014571929018264 0.20994242414124614 -0.029172782861342287 -0.011522269325187752 -0.15728004671087303 -0.032976197757519692 -0.03900033855496244 0.44354468843937722 0.022766001677090565 0.48899619291361657 -0.0060978289039211129
-0.46071293689507775 -0.4920894647482067 -0.13913310481590555 0.013617833498372887 0.11417363577670585 0.12927143743561723 0.045165967776033759 -0.15923721036472657 -0.4729547699405226 -0.088166846563737092 0.48661637553013332 -0.025491186454024855
-0.48972368824816975 -0.44613130358454761 0.24909364996736683 0.050171648040057415 -0.11959342310131342 -0.2106444847276292 0.047108007978730694 0.22398550012355181 0.44723276081518198 -0.052296226794614452 -0.41829130353046684 0.088265064665023013
-0.53313352930149782 -0.47931934051257885 -0.064616541654916357 -0.044502230822281788 0.012824701792293173 0.092244505670166094 -0.0021313821895182854 0.015570024517858473 -0.46310790057684209 -0.0072354496591539195 -0.50336442724158914 -0.055211842614439774
0.52735757514609272 0.5542167151183518 0.021023193569581298 0.043225199072766084 0.10645533102697942 -0.18071453329553205 0.4492118639648755 0.39425525267873768 -0.042827274631359415 -0.016617324246695282 -0.025719339867103688 0.09185123687890219
0.44748227317283951 0.45575161512879042 0.19561744048041255 -0.011797904268676489 0.062183257129034983 0.023329183699417836 0.4981390403488356 -0.51845983067843016 0.15138739318713934 -0.04638858319252729 0.056944621823734616 -0.063070323378342272
0.50298208212715967 0.48808276254547095 -0.021329192681234579 -0.031014574421928044 0.01532180238852131 -0.073845246291223549 -0.54091698964520363 0.44055631771858766 -0.03035140004120105 0.0015097127652612841 0.099072702960048317 -0.065265455581515655
0.41746337545576123 0.49886105161146072 -0.044299994639724026 0.0257886380891575 0.0093642088522612934 0.065358588214658064 -0.52583336908776945 -0.5102889411387298 -0.050129905553266248 -0.012317692192362959 0.12440214660153678 -0.12181478544207514
0.47170916203756486 -0.5061353123061304 0.2201804270897828 -0.0026418040433253357 0.011311545508424108 0.23899366840358366 0.41845878152005667 0.43958751300931354 0.064832397208172646 -0.14337681981567491 0.12122139110105222 0.088235347860750296
0.54551670168059985 -0.50107612803916024 -0.010929977389392628 -0.06140512144566538 0.031583593628656877 -0.042084973084106581 0.42265189910714474 -0.47084309828961635 0.18515614938328015 0.042981366162653904 -0.032572415273538102 -0.084596156242929113
0.32507074443107098 -0.25665043895846473 -0.03059523238569041 -0.10877979786208636 -0.13568820000225326 -0.089730352875975999 -0.45968953486450814 0.42297624282297175 -0.52045688118218569 0.27249400343884267 0.23129814301325805 -0.019418503668525273
0.45674827626438003 -0.48486761765608449 0.039196801768441349 -0.011879177077746215 -0.0078002151681649447 0.04493489189343601 -0.50015639858113803 -0.53543392025294168 -0.045054792507288603 0.020553001810458993 0.043454600027072264 -0.10649105606139571
-0.42162396731701568 0.56408248446147791 0.14030364043166729 0.010676488108269494 -0.021612830465869926 -0.019487128180428071 0.47112739784844571 0.4699319855889536 -0.0057075239057687126 -0.063507264831778723 -0.085099098577351678 0.17115349312299927
-0.47202827824372717 0.54074569458627941 0.062446658633254937 -0.0016326499727251581 -0.028813662587276252 -0.083140450682666692 0.46472406797585664 -0.48518063293365959 0.045970549990547199 -0.088190085561088302 -0.10869254110535931 0.0080640457142608056
-0.47871191350392606 0.46898232010470969 -0.095397133472678516 -0.065391749904586918 0.024608505857502322 -0.016007047832287187 -0.51212302514068753 0.51960318463523758 -0.055383741156004057 0.018772754177160105 0.0097331332938230698 0.02966509392374618
-0.54033850152660301 0.51151214044074844 -0.072971300725461624 -0.049347510541242694 -0.033706122292402649 0.02174112368892837 -0.47860177598339176 -0.4484041623863429 -0.045257476406748792 0.015046378837704015 0.023751793450950593 -0.063687785998976953
-0.41092394137292676 -0.53147763007123794 -0.010613379281671324 -0.019215827850165866 0.024710224800841767 -0.17599180539162529 0.56506580610386925 0.40583270936811144 -0.14770493742166335 0.0058297488536629746 -0.0069765214549101489 0.10348179029675489
-0.5064793312859236 -0.45400280367868262 0.080426381908671449 0.022673946520806752 0.12004308839841547 -0.005524697508837188 0.51853480411372255 -0.46198853490831859 0.10181772271900655 -0.10486228613435675 -0.012354578859101477 -0.11004286584659692
-0.48457646478396549 -0.50872332575325607 -0.0076946553120936113 -0.14831782657142217 0.041382681078143621 0.093562606476770588 -0.50767929839532955 0.44505841166955873 -0.091945185794843967 0.034409415505122096 0.066642629454195149 0.062991504546327459
-0.49767317550096141 -0.51590984359928349 -0.016318085443350467 0.024374452690933832 -0.010645793035530544 0.038711805450176759 -0.48918739460055705 -0.49361796235326633 0.019866891462664644 0.0029144457003474314 -0.010918339360017057 0.01416741750226427
-0.024313203331255574 -0.018567154576459643 0.16454522026895657 -0.032808810818267996 0.4669784778798341 0.42773127880059958 -0.015687761717563257 0.33252370722323965 -0.22090074614018448 -0.12168765224506521 0.45844696404195545 0.43045658403605541
0.042028343458118109 -0.17093874861405717 -0.2340656424170415 -0.061035105521285542 0.52558682262852108 0.32723697803625412 0.015859888958671898 -0.055922974356559796 -0.24954343496551692 0.046892778480260737 0.40122677912110521 -0.54620811377783063
-0.032376177123432062 0.034652584611010208 0.24941145324912786 0.38461532884554506 0.35737577806955401 0.47179747199979705 -0.10937163813890988 0.083970928134838058 -0.32733148810303569 -0.011508396625725314 -0.53309097523311189 0.16379270383925507
-0.022276283117317233 -0.21483030207219958 -0.21154428502929323 -0.010288982360103097 0.48477268841174082 0.34241590747353357 0.018031960380191749 -0.044512147132447999 -0.14855462614661638 0.23281620689362476 -0.54482924463417881 -0.42523451873827633
0.052853704451317665 0.081882094051575954 0.22064363048564484 -0.025945407630804544 0.47023742600667456 -0.35602101997302021 0.067316687993418015 0.030239747635982736 0.27539705072319093 -0.22569513224986457 0.52391105358918932 0.43192618594817062
-0.10492360733341741 -0.0043469853317819832 -0.07174433923524004 -0.29632952763740328 0.42517582292428202 -0.48745138309711544 0.063449437427329239 -0.2767363023497158 0.23752487318908136 0.04741373404290735 0.49112222441628811 -0.31169599111138313
-0.060852782489975089 -0.51127985658528696 0.1932599670239124 0.041494113998185464 0.21228556649878833 -0.65922174357706775 0.23710308086473486 -0.21584054020375193 0.22743828600329374 -0.04810997230292436 0.02106083582335766 0.24267033169013089
0.034948663801568157 0.011313121532991332 -0.16923590881486356 0.018056503478688108 0.49449075505500972 -0.45054289851641982 0.049352406527734961 -0.2619184062104456 0.2657243979973371 0.050749470998595461 -0.46667380231628836 -0.40020925774277127
-0.024841021082573429 -0.11168231621149656 0.27451876903898814 -0.031577022975807771 -0.47716711471592838 0.46457449386507016 0.056954297151388479 0.25512888445650439 -0.27261896739431507 -0.076594851667309435 0.44283158561518193 0.34987451995628316
-0.052925876189764062 0.21324276721572774 -0.27893395980737318 0.063428769502989549 -0.45666894775057232 0.2187765577002091 0.15994404002392809 0.01076382794700007 -0.10079320377289917 0.0040857736722514281 0.49479771879871881 -0.57688005612388937
-0.052154228190956234 -0.026297825712934198 0.1276649911249802 -0.11842753811834539 -0.45101460101714896 0.59733133372587988 0.073380169809489582 0.016484777795291148 -0.30307141180788222 -0.062259204211520765 -0.51094716742869473 0.20879210289557565
0.019174267567256712 -0.31049627226042387 -0.21372260660813816 0.029606980720545618 -0.44617121950310329 0.25047522457675048 -0.082118092985433225 -0.10334998914184729 -0.11748854291986888 0.3519953373050253 -0.42771475589816821 -0.50674954581833631
-0.088112382940269185 -0.073421210866886022 0.15440874083005401 0.03281006909832055 -0.45800089981466152 -0.32541707088216532 -0.024432120158710668 0.022285688830845574 0.31629374128051119 -0.31302886388484386 0.47024805380446122 0.47540537092952884
-0.04606607911255127 -0.0069748165583849286 -0.03436720818473174 -0.25158361995498296 -0.52125325465150996 -0.51824872743089445 0.025702765112450284 -0.10320915973459842 0.2285863788857829 0.066684171764618119 0.48018465586051223 -0.30737366283580581
-0.037680280651989438 -0.096262169804245359 0.28123705943629701 -0.055209201891020826 -0.4187767968301922 -0.22412142515129951 -0.093846659580875083 0.028442456559838167 0.081341057876784251 -0.013529460416380715 -0.48289545589135158 0.65723924761056807
0.014838104124693075 -0.0058701228750218859 -0.3115386456598761 -0.12968828740508101 -0.43096142115750624 -0.4378659641073509 -0.033790134822110393 -0.260592854566989 0.29908755052878794 -0.06304378509233903 -0.51411699486169793 -0.28569401193521021
-0.037578762108374152 0.045746445771736935 0.12968565903221607 0.085165858604527633 0.42216971622264554 0.49399457770905369 0.42815054535623043 -0.011923576913886184 0.068215503616314163 0.53406051885816919 0.080705218791842906 -0.26518523215584877
-0.093283367811741222 -0.15776786287807237 0.024101658742673299 0.036489387246443787 0.42906308649360975 0.52023640399508186 0.49234399463708367 -0.042529764499362591 0.10425396549117173 -0.42564876145497893 0.02063729135740839 -0.27031658476076637
0.0713267029191407 0.11109990042601663 0.013573635139213423 -0.01369961893720725 0.49862525739514213 0.44243937741273237 -0.48650275208071209 -0.020602071806957771 0.13568046821276961 0.52831201030191599 0.0055039168483853916 -0.056171207207525269
-0.036130768945967555 0.069465516881216632 -0.029221344920153335 -0.017167758525978676 0.49112169765179187 0.40904851024063832 -0.49627461274869378 0.011884821404807913 0.17827618826201896 -0.49448072822295092 -0.20878417834268026 -0.13373526716439815
0.10813174151068904 -0.035505746306187351 0.047726228875306288 -0.036406575405288945 0.50766218552352571 -0.46321053623355529 0.46630454887306799 0.064680831811480377 -0.16883142255435238 0.43972635656983289 -0.020524398397074997 0.25932726462213385
0.053306951644724619 -0.060876929511988115 -0.093000784691501706 0.0083947155319157429 0.47876196598743104 -0.39580410610645012 0.53528228413726353 0.0081590470709831629 -0.19442915365242741 -0.50084033074164902 0.018587212053078762 0.15256451019468437
-0.047999971458991063 0.091495229602312489 0.0077068710622149213 -0.020739936677716276 0.44260340179313457 -0.57186540418777532 -0.47692871543687892 0.077947256336897086 -0.027477400144950717 0.46232121703946355 -0.013040110902635132 0.13305840433673208
-0.026037746193533013 -0.044211750975778688 -0.089011835843112994 0.071067722530333222 0.5359233568507803 -0.46757293214012402 -0.44404493026219377 -0.018576279345894276 -0.10306711149812418 -0.50045930966924013 0.052198628306868097 0.13125285636699222
-0.033016416500567095 0.020720189525111055 0.081554292711119789 -0.079059099013943479 -0.52162476432041838 0.47288676754452763 0.46419624117037128 -0.083471409181005957 0.07292113453548732 0.46714755760390536 0.050968632211623316 -0.20316765526487732
0.010452991933237767 -0.00097110316413675146 -0.021910089274928272 0.07151190968133174 -0.50194896939934908 0.52619834642067231 0.46347493812915186 -0.085281019558594517 0.048084320616511342 -0.47508676284890389 0.04273175118189447 -0.11632244740296457
0.06629239359866905 0.1084878081313064 0.0537981534123608 -0.11003303840226532 -0.50222739525760551 0.49257794992737219 -0.46208624364380718 0.00053427975726579729 0.19922703693335142 0.46210779355363246 -0.066808733021318456 -0.05240606786862919
-0.00081886682872506255 0.0022098967921059479 -0.018968495183872121 -0.069228026725614747 -0.46311798813267213 0.43873868203177852 -0.5299461070691952 -0.13647553086166264 0.19723004622151175 -0.47680522555280408 -0.10182925544426681 -0.10858941865248535
0.027813525861962972 -0.048353609346519867 0.030217359898258599 -0.039071403446272218 -0.47206302789010585 -0.49310995842071109 0.49958624807356578 -0.038721808062343946 -0.18249204933785815 0.47044113367697621 0.075292517376522136 0.13067046436672142
-0.018204829568893487 -0.0016108817042991611 0.026474745384476361 0.10080552556207512 -0.51872498687599855 -0.42417608188027101 0.47234504945711886 -0.054522297572413232 -0.23971760918567805 -0.50243278771219546 0.030981536656705021 0.053448499042544097
0.038959106008361243 0.045691782126442121 0.0008144784365754623 0.032144997548188795 -0.55580827509846309 -0.51171768066639411 -0.41964498126067457 0.1502445478981147 -0.025263160908911769 0.40941484773953973 0.11682555226271679 0.20976265756218457
-0.0041826941785221127 -0.0092338911975733511 -0.11355444941204466 0.026609488820931525 -0.53655063489528287 -0.4653507881970847 -0.47726334984519103 -0.10151235838363301 -0.070747214589122046 -0.48714775814651046 -0.013226864325418508 0.035756145971899661
0.018889421487469443 0.094059051269576283 0.089501747356028311 0.064810368841492036 0.43909425449329048 0.46789006543695594 0.080701248832981215 0.42559779110625534 0.53908863700217524 -0.16177226529544619 -0.068871848912327352 0.24017479672803604
0.028861377179769717 0.47583692957401974 -0.045593895163903241 -0.043719629903671925 0.39988600653860584 0.51090451672059523 0.27590229888000817 0.3995465893215826 -0.27979144959946967 -0.10263171485602177 0.011182306858455001 -0.15206137214660037
0.39530264200094484 0.024250344126450548 0.078500808707099676 -0.10319600343252802 0.46198495375077969 0.31354098803168912 0.13867121236736082 -0.35283420118625008 0.28832344390316966 -0.32306545876286258 0.10124789438716052 0.41608098675961974
0.10248668652289335 -0.012010312736222446 -0.27243354793202951 -0.010094420700158278 0.49071884697685431 0.54881295903905247 -0.03685069166038045 -0.37807175474002097 -0.34832099751017043 0.12726669818177674 0.1361946721032038 0.26955537766481175
-0.088237992874429655 -0.04076899324661256 0.32192601616342104 -0.19444134622231757 0.56560615312268758 -0.57597115307237501 0.019525747289493755 0.34110792305852516 0.21092546886101557 -0.11123895213838433 -0.090722160203205462 -0.12500008383297218
-0.028407666996670345 -0.36205204479229525 -0.21906162723006306 -0.18222566890341829 0.40099617814182698 -0.40286606026118937 -0.052209854323929841 0.46867085702128486 -0.47370635172972064 -0.059175317587151506 -0.047250597667336795 0.10633836100243584
0.15264080266201116 -0.3943909563996445 0.20867108869626305 0.015524338358690734 0.4165340568231653 -0.14869898651742697 -0.28236330823452849 -0.30197835685213259 0.5060106735467047 0.32586157559313028 -0.21321243295944958 0.056105666780297866
0.059467974169857704 -0.10577698446993269 -0.081186513394739451 -0.054845014034052016 0.51659404753098392 -0.37909493886531087 -0.15265079501910769 -0.38842747372450248 -0.56097686234936717 0.13766058361754652 0.18170974850662996 -0.15572766236504396
0.0051265561265136936 -0.076645827819001269 0.12802971784355938 0.078227127713010339 -0.50584950976641452 0.4120984718867573 0.039279464868493749 0.38407328567402421 0.55932821620810802 -0.10126971540501328 -0.094380468364347214 0.25458342372264653
-0.47367115267394949 -0.20134692168236765 -0.18481734090841581 0.058759552679429429 -0.44917815251538579 0.34592640415051085 0.21247274683247033 0.33725670254915618 -0.052609429790425717 0.31373292614433207 -0.068134795203745491 0.3336669432354733
-0.038848736073364018 0.40424218167812176 0.37304454756641819 0.12154564514920964 -0.47068762450276252 0.13376120443412681 0.09977769984027797 -0.36432105789682612 0.49108530494139624 0.11218880071595955 -0.17001260577746616 -0.12792084971156512
0.0072355914416300116 -0.012374864838785218 -0.28989171817953502 -0.0098604108081209296 -0.46108476032236329 0.54441696662722927 -0.062622257450191524 -0.36709034209576152 -0.36266496403998327 0.24528223864703788 0.18191138511793609 0.20787787773523839
0.004500006115227875 -0.020892762338829474 0.22332815647181095 0.06648437364302387 -0.5428225124071655 -0.57377962936136973 0.053098938120153559 0.40946992116982656 0.25922461454685031 -0.12534281177256759 -0.1872461697390988 -0.18142160583740682
-0.035772943248579228 -0.47902620694962839 -0.3646535879773759 0.10826892761565457 -0.40716327345607789 -0.20111768860006479 0.059871755935464101 0.29845635809119586 -0.48448545691087302 -0.18201930055726173 0.21087386033481739 0.11551510812794272
0.054706341681310423 0.47055703442087482 0.064647024000621986 -0.062506239391662291 -0.4242372167655229 -0.56693610481364054 0.10569513402575742 -0.32959419772216497 0.21553663476285156 -0.093571322003237617 -0.087189059205342284 0.28893926875963499
0.022721820952251968 -0.017875852142984497 -0.13477992437106676 -0.036783026822689628 -0.47508231915037835 -0.3592978539227013 -0.12130461819374834 -0.3527093786874253 -0.55573112868099228 0.19744285042246848 0.12011700479036734 -0.35139695255835318
0.50861578346757608 0.020472671270905244 -0.17983211055846551 0.39887400134755635 -0.094173560842626944 0.1914550307575939 0.043417429996496809 -0.25021447816243619 -0.064127841610564701 0.16145554239689583 0.40215619552240489 0.49751871631994127
0.46338740415975632 -0.031444091164490616 0.12759327270947368 0.53268925974238157 0.10244255107928894 -0.093215085537988671 0.0068561342244272483 -0.041862598710671238 -0.0136700946888807 0.054706489424835941 0.44170321458946976 -0.51476312869887642
0.46209535925266643 -0.1183008683010536 -0.19232523053368183 0.46378101695529611 0.016230518572354757 0.13358881039516773 -0.015056763218654654 -0.14826918231555 0.11942282610576485 -0.048317966559169354 -0.49516950194351533 0.46720640839663741
0.47852422368361741 0.050877252761631561 0.1927611107947777 0.51735501591113353 0.0173354231796778 -0.12987195400153517 0.073513359737794048 -0.03453635961084156 -0.036649351892686165 0.0047170791725691698 -0.51192608334229051 -0.42001792582200537
0.44698864359324408 -0.087992546815382364 -0.076671766734373786 -0.48813859883087335 -0.0010721113817462303 0.27736315988091781 0.016127382401363126 0.033416241142246957 0.048351850868131499 0.076160508636900867 0.49166758910992964 0.469166346261495
0.44125709802990076 0.11532052360334014 0.18517177437374754 -0.42563781038808418 0.0017569771933878685 -0.10755965715475889 -0.062389872331112511 -0.08470043731987488 -0.07495812498731555 0.16786192219168478 0.47678612981049429 -0.54108874738479695
0.49975820947165545 -0.03389543065718998 -0.0099219758249978057 -0.51716537174007771 -0.021865118297215481 0.1780052049359539 -0.0016576773407264572 -0.0090079676819390039 0.078842872702635028 -0.075527789176203633 -0.45354546836485876 0.48131320298575758
0.45793164903299749 -0.099802531471477593 0.12821774906619893 -0.38303240639439912 -0.10786692769677543 -0.28457098056337948 0.034318143909465408 0.18283831527051198 -0.06617580251817004 -0.10092727755972832 -0.53739068338335627 -0.43197991112811024
-0.53038733044387876 -0.029630640165285056 -0.18720893889478996 0.46851591909110013 0.10905110112037798 0.17806624418898701 0.022134683810485046 0.032700075461829577 0.07696310926124561 -0.016364464122988479 0.50192567932744148 0.39997184781541401
-0.4959719964470729 -0.00066917987498943052 0.12484440584845376 0.42644728393274517 0.099777478473404374 -0.21953411882767349 0.13295534375241311 -0.14140667887233477 -0.09021313244818023 0.092394429369881459 0.47323094542466665 -0.46917108280362768
-0.5371200267299755 0.070928734825976086 -0.10912706157413921 0.44764899404055414 -0.039537532168587144 0.10330574999544524 -0.015215957461476491 0.040472295031246872 0.0341678493671667 -0.050310027480511589 -0.48277330312797218 0.49325391489680165
-0.52396129927230251 0.019008587986761354 0.20416376193339539 0.48730512731841674 0.020346933461138788 -0.20528643739420699 0.0027291188720048208 0.054939839770903269 -0.030141258921086225 -0.06670363610806343 -0.47778736724105342 -0.40832965803667254
-0.51923365952768652 -0.10436981505132736 -0.12281423456983424 -0.48219413180025106 0.011435060546680047 0.13809247010855893 -0.040358153746585641 0.00068073596735861955 0.028014666946639524 0.045580871391061782 0.49263098901277225 0.45335589545277138
-0.49747910949191881 -0.03981256501153229 0.062860737615137149 -0.49058548416944137 -0.053032713456910151 -0.021272123624063957 0.00930940846350513 0.0041377715446498115 -0.16038635649953861 0.10275212658180068 0.46374216593864009 -0.50159402723510238
-0.51071004658182151 0.095707029493826173 -0.13017559089376865 -0.53789911834422888 -0.14435329615106277 0.14249868120159231 -0.078222317832686419 -0.013146134011595407 -0.01408981523619747 0.0092491123788048871 -0.43650549650417519 0.43067139363305817
-0.50327440537389323 0.035552464303533544 0.18205441185084803 -0.50975881757227259 0.0033030680090152861 -0.14535488278996128 -0.055481214547315867 0.013254666066282981 -0.014800604577281917 0.0052844204299431694 -0.50027155655449784 -0.42135687649371228
0.40648894735907776 0.16401847483473228 -0.1692637894420212 0.42066633395104036 -0.049546991474431423 0.012328677926662174 0.55564855688848513 -0.034772590906252086 0.1977751984429387 0.49792966720568965 -0.048231201724399361 -0.017824048783797841
0.46715142379415914 -0.045090759015169346 -0.13896141397272702 0.49112188264104922 0.11213730027822197 0.25337481354314823 0.42856926303825155 -0.098219946568676414 -0.19379299994309357 -0.45521253091913633 0.028862189990054417 0.059378868259249977
0.43311780162419761 0.086798537437513881 -0.076855543539659982 0.4956237969576891 0.024602619810617971 -0.093782425481293466 -0.5074761344775871 0.0099928080305515584 0.073823888554048006 0.52066648459341158 0.062844990250518262 0.076157062209345996
0.44814622937807469 -0.012087702329515081 -0.063587445393337591 0.45065040403137108 0.014321575276868864 0.01605586304444508 -0.55845463213964275 -0.096027699410895631 0.069082603891473818 -0.51048259553314257 -0.026807605596895101 0.065194838690753515
0.52898092467911806 0.024752722715255547 0.017549126538256736 -0.52874941132598718 -0.073562403351752487 0.058070811311035801 0.47553590709625582 -0.0097561268108790188 -0.02392279586072044 0.44764141154084591 -0.017645455112242948 -0.058333947135123153
0.4807661539034212 -0.059144294264343818 0.021824363887274763 -0.42285758281779651 0.015257120888361321 0.11875501174195756 0.48117980603956251 -0.096400505166461328 -0.062247934357023915 -0.56929049812338695 -0.036354394300640573 -0.040377038682639685
0.46233736724106922 -0.031784864752524913 0.072850196484933877 -0.46188508169489878 0.019663026464376177 -0.08270848698906566 -0.45639172208399764 0.094933326015767497 0.25219380461634694 0.51369784681083241 -0.080880361212381388 0.089593564865410091
0.45279183434890335 -0.018659540153962442 0.20785025227303031 -0.43111823989585768 -0.014188929084346524 -0.10713075586656118 -0.53381378386312395 -0.050111802871786564 -0.19800815265357855 -0.46228269375121389 -0.081319009170967793 0.083034572710383364
-0.51899734552035459 0.039272873505147889 -0.21557620543472794 0.40157812339720506 -0.023531125072537237 -0.12845426616785768 0.57316713419725995 -0.0010092308336006413 0.05606169849566018 0.40979953342214298 0.042622182606636819 0.053761422159037217
-0.49173759959814028 0.019242186219563164 -0.14138551639641952 0.50803084993355174 -0.018486572535172996 0.064633358843425553 0.45786870024610393 -0.020322996057211478 -0.12593900997735075 -0.49440712370805812 -0.0041169558519655236 -0.06961810018913861
-0.47802964921682028 -0.18816764498419847 -0.011104041060877954 0.4489227782788458 0.074947646961465636 -0.10028885945344777 -0.44439612365935094 0.061007313791630213 0.19554098535884062 0.49220151196202122 0.18358229301708698 -0.05779061730061516
-0.49996940040815308 -0.01148692182795146 -0.066891678669924556 0.46710622687951436 0.030628406481146977 0.032468927061034887 -0.57679801535989605 0.062786134941326982 -0.0090914259774183808 -0.43250941409719251 0.013192350470850151 0.035839366980093088
-0.46983963579715732 -0.058355654957460389 0.04246237493251822 -0.50748247221509712 -0.059700133230225459 -0.063520791291807169 0.5270719009953142 0.0023865466977162635 0.071327389801292662 0.46908127213067008 -0.067892675269954683 -0.036879374521815153
-0.45532636745004307 0.026493212938515292 -0.057180322841162159 -0.44461025929508152 -0.061829040606343463 0.084313331039810105 0.48591164083106647 -0.060141377962583828 -0.18797574594603522 -0.5215342901737976 -0.0081740855151639404 -0.18157573661013168
-0.45900491127376447 0.023109688392416422 -0.062982714427132838 -0.44319106106564965 -0.12664683977850721 -0.10898242005452098 -0.49432157544006994 0.017302422805531834 0.10750094982981648 0.55142915785327984 0.006813712034443171 0.012186636113684717
-0.49184416796968899 0.026875977505990661 0.11059812414380603 -0.48788883629047619 -0.0074989482570680466 -0.015069622909934011 -0.49020790165827066 0.0061055121540538613 0.006237415360812338 -0.51580354987061805 0.016124033926607415 0.011088320893601766
0.52439853681474313 0.091076704508508369 -0.11193397918234714 0.45597119852983797 0.014979708761670034 -0.058456813136703929 -0.020446800387148339 0.46650411268441128 0.50057214142436657 0.035426584997554217 -0.062213512181218962 -0.13743535437136284
0.48846242311118193 -0.017210015583227836 0.31818586934280407 0.48413660937551417 -0.015975597675418212 0.16549514512968005 0.00076195921587211433 0.46261695907136141 -0.42157472577027372 0.020125290067916444 0.042705241275333684 0.06216803084445905
0.38966405482024041 0.057670018561159671 -0.17424007007918976 0.50961437372078677 -0.0086839356080364079 -0.14180628531357461 -0.045596156894566406 -0.51928509269440748 0.50604748491638762 0.05184703351704497 -0.0011095647373603401 -0.06384221250297531
0.42075551109713505 0.015256812600394796 0.22615475194437512 0.51375698258297842 -0.11412783207825382 -0.031948985900050617 -0.080100050450711377 -0.45950643204414304 -0.52276913788095913 -0.046478499648697075 0.024028911788127983 -0.0025555022384627373
0.40921334842023632 0.088139397181407148 -0.26567083374981348 -0.4568826590726261 0.10503057447278583 -0.1181155119215246 0.065067275937438218 0.5052835453246034 0.46719975626712101 0.056556245844543634 0.15639861223240242 -0.12243558167464358
0.51637112241674032 0.083377601349157726 0.20155762355626267 -0.45917323121756976 0.043554068542767284 0.17067539084700464 0.072170752065489965 0.50039445086433931 -0.41893226657064547 -0.099581909267622851 -0.024302652317086622 0.047977268293726873
0.42481380979950994 0.10544137071712104 -0.21485081904807607 -0.49159750820907483 -0.084734162600055882 -0.16143086450482724 -0.029324557047996632 -0.51959811106946885 0.46065495946076823 0.038581837645661754 0.051949267577628383 0.010684313212360292
0.50554029351137575 0.0031606066262052901 0.28358947747769869 -0.4030558670986239 -0.0039556540407261935 0.13522993861815363 0.045534507854894768 -0.53179036697790105 -0.42556576101887922 -0.00481906032920502 0.11801616710674298 0.057511504564305288
-0.47850721462280743 0.17411533380266328 -0.14783612147553521 0.49060082937934185 0.088975951196404904 0.0069427871964292355 -0.012118677990261529 0.49740372010105149 0.46322162338437473 -0.029612940917041062 -0.043007551380423177 -0.073122568744362404
-0.45908885497949287 0.074538409003699166 0.22782215287184468 0.49421510859959611 0.006966292211866433 0.11083347295928625 -0.01255495267910319 0.51649932077076999 -0.4414188862478704 -0.087352752026498906 -0.016117651606328266 0.074345569097875847
-0.56007448545378757 0.077794071441946985 -0.228641892118991 0.45048876623757211 0.10001825977387183 -0.11047685417303635 -0.025590272560757788 -0.45435727610220256 0.43076016582410553 -0.021004753399437196 -0.039435855756787513 -0.090512535130747862
-0.50099605323316343 0.054966947512940921 0.20806284440350195 0.46077523482258137 0.056063816065137342 0.13344318161546212 -0.091841964492167041 -0.46598426018139355 -0.46715451325915419 -0.10327340483647328 -0.089244530297092964 0.08359301475562339
-0.509578633524012 -0.050096838347603499 -0.24489164693931867 -0.48049285746288101 -0.073566893673357392 -0.14277364732376577 0.015860512636534058 0.54720010609340375 0.31407842877084191 0.018658917892428017 0.047234349182683315 -0.14238751934943353
-0.45491490668554813 -0.014827867126038332 0.18291789114814427 -0.49352603363525649 -0.025821314795605003 0.067142640506063125 0.08016635484084518 0.4995762451921768 -0.501336947506963 -0.010511950600890139 -0.052266872110167846 0.021134228446781141
-0.50069368356610211 -0.045659112749123675 -0.22430605712339322 -0.48806216478193343 -0.0087941554715825522 -0.037021037114122003 -0.0095855415891779837 -0.51195086771337306 0.40274784966498123 0.055099064533213581 0.02176413626197856 -0.1713310066426168
-0.44196460421321448 0.021900655354406585 0.19503045384515008 -0.48257610081394803 -0.014910929320505294 0.19192733787348204 -0.059273662721791104 -0.49430769508655653 -0.47807429509720628 -0.065670003490137172 0.089456543695312862 0.08653970974197131
0.039580338030286863 0.43094230658328714 0.19277046458094926 -0.014342847555330974 -0.085429206050285825 -0.094860110824973531 0.044403994234386381 0.087065842270768523 -0.24480671304409485 0.078767181368978895 0.46400370727966056 0.68415872025386293
0.018856798602383915 0.52204095241886772 0.50875966619973445 0.10438343928379015 -0.08246999446589505 0.1964160220410919 0.11484412709781303 0.11834414588868068 -0.017269939956867115 0.10986389036393726 0.48469875141635382 -0.37082218898344754
0.041166166916186679 0.14113047709447746 0.48977304203442551 -0.36397670090659578 0.083273573788461633 0.12200431428493197 -0.23876421050859628 -0.083617528404050498 -0.51045101163497764 0.0097455055091136573 -0.50940986736986238 0.0075802656677586159
0.041481567587381606 0.34257182853325463 0.49006787975400312 0.0262352632384459 0.45089990191316404 0.13916459592012129 0.025320164793972567 0.00022557871251327669 0.22339778500288596 0.24433782226300374 -0.50892704113682086 -0.21939932355305511
0.4068715450005142 0.44912484197609964 -0.27878748205518122 -0.22176504919639581 0.27689486854748546 -0.23034447572790231 -0.11985427766667552 -0.1713018764460752 0.0030865894740152401 0.36552132146511757 0.29894342938426283 0.33078537009009479
0.330597198834436 0.47175231583765803 -0.49769468807105532 0.18066724141701621 0.26364480016448394 0.10637887702702625 0.17305860717508337 0.020598350533920617 0.071280265543848545 0.15045268813385856 0.38037113349866308 -0.32282639832282606
-0.04590391350125244 0.40234245093547455 -0.56358666127899837 -0.0065526745948049289 -0.050819056528913602 -0.20604220758805145 -0.14135649102490197 -0.17779558298300868 0.080156737060501651 -0.12816376789616532 -0.4815210163489978 0.40865398909574213
0.03629252667923067 0.38395913718515035 -0.24430643085693929 -0.13665614234027165 -0.0020679109500022909 0.12429554785144635 0.041349604334405189 0.087410646158327068 0.23388204453599937 0.0096025775353710385 -0.50519763428119213 -0.66187306927771261
0.037709048778730832 -0.51914443659493181 0.22386985011023983 0.016766214774217053 0.032155311918391903 -0.21939230223298878 0.11130791878194088 0.21195735175605701 -0.21841514367081521 0.033118639009675807 0.47245239421382113 0.54788015450722571
-0.073652459273474455 -0.4341354854629535 0.43667892169120964 0.14016723694798514 -0.024683482666252813 0.2757774483264317 0.18788098660018351 0.25232626427088378 -0.11414409168415533 0.13106727362133827 0.47776694979141016 -0.40207874136682992
-0.021953105173208705 -0.38573404126631144 0.32326455970508416 -0.35939302587418392 0.0062565362012028669 -0.22615883658582406 0.3215235488925523 -0.025200940439148754 -0.47753481639023804 -0.2337453338424329 -0.30615179139170495 0.2923341292774444
0.090160562079886972 -0.34965339403766299 0.45307554562218783 -0.30021770014406141 0.03607937032914698 0.43219453955346787 0.37156061530128193 0.030641521251159608 -0.28876196883779875 0.14893558859189793 -0.2635869626208967 -0.26846238815131579
-0.097411139495850424 -0.41986200560335413 -0.39997821222022067 0.25897064047175872 -0.20990013468346963 -0.49647748158112842 -0.23028861123191985 -0.15218262079242292 0.13448521486335266 0.064516803932709046 0.42526440623521777 0.131680470331902
-0.014026183616133515 -0.47515369010981362 -0.353373669065354 0.2240200981278842 0.10953971037030097 0.1604317859097735 -0.32380466137063069 -0.0086805461526162572 0.47974508691277951 0.043118876088281799 0.32246364428209651 -0.34686420705145365
-0.079903640918975422 -0.36536885684856207 -0.38696279334902395 -0.27480098278450554 0.026835979352563467 -0.34680401899443847 -0.32160001092185275 -0.29178436497837423 0.39018458058428013 -0.059356264403243188 -0.21643673553635456 0.35027890237453613
0.029515748461192069 -0.46378398148485939 0.12241922969916419 0.45788637390180614 0.0077146293814032811 -0.041769942433743275 -0.46797303095247805 0.043198528701734934 -0.012870118578580145 -0.089179136605355272 -0.57152378640371293 -0.044268825875002804
0.024336005024767762 0.43551108624117507 0.50544268753109278 -0.025396830872456321 0.047286732273725485 -0.039784897629381026 0.48329088242587237 0.0096146855289126667 0.12837375448341096 0.5173055569636108 0.029484329231574877 0.17659265303321145
0.17116931766955781 0.42531296257651485 0.46556604733742624 0.19193300469088947 -0.34195127494941541 0.065456953533919879 0.35613409887024566 0.1627597011024409 0.23963530133722002 -0.36597869882362927 0.15190733535572259 0.21735017315110458
-0.0008569121921503985 0.53016292111820018 0.4306366699302514 0.020142918155065616 -0.057005838234634343 -0.08030420611954335 -0.45038265801010618 -0.05109923218913974 0.155855331735332 0.48908855682838759 -0.14293851839893465 0.18436063017823245
0.02821033308805037 0.47188927136675601 0.44724691447275966 0.018378600237702322 -0.046274188161347117 -0.0074177840917856782 -0.47361318372648303 -0.10544327785399622 0.24746924078790247 -0.49110698084143845 0.16182991188508503 0.099584378397866297
-0.062951272552222964 0.441293755655772 -0.41222671612784256 -0.1358869108625019 -0.046858871413533877 0.14036575261358539 0.52130321033887372 0.14991656251861887 -0.2526186718903945 0.45955328504284998 -0.069049718813733077 -0.13037350365944908
0.084865594110221057 0.49729209140887443 -0.49061318535691234 0.025599358855232259 -0.13374370595888121 0.043387884126105683 0.46454108448985587 0.068314963506387702 -0.21434943269748138 -0.45448741067278597 0.058245715869733788 -0.089495765113449324
0.036044215633525396 0.51256717463445434 -0.48411866101940942 -0.0387685509995725 -0.15914665311850909 0.081166868820914964 -0.39503514604662576 0.064010985871074802 -0.35397767723730428 0.42607703840594169 0.027642621011574383 0.020736047357650254
-0.00770507167086065 0.44324801901730926 -0.51662879403010453 0.026810731504618317 -0.052016772330700005 0.050338485833360452 -0.48666848529246931 0.018898120611401323 -0.16781651080926871 -0.48066798591227139 -0.057620017457350639 -0.17572842021373253
0.0099693341050313428 -0.51297698951045079 0.46851849095890985 -0.0087263785411875981 -0.094441362629494319 -0.011304321563358293 0.47056856368469779 -0.072306025303876087 0.19458285986151364 0.46324528727732273 -0.017458789441275459 0.16939925208601575
-0.012655493318807342 -0.37353636158570325 0.56935390454413026 -0.021663450208782617 -0.10047405278133698 -0.071616819288835884 0.42001317926572335 -0.076800757382858978 0.20003578159762936 -0.54080546170889587 0.028598043253633305 0.069578091215956539
0.0071174370038506133 -0.39699093013628173 0.55818656261723809 0.04589891949386446 -0.037144068489391689 0.046276882867840076 -0.51455196495864797 0.10781252885729334 0.024313167675376206 0.45294544993003305 0.018735459540195135 0.20653902311825195
-0.0066347053870383149 -0.47383135268692622 0.42149144418795015 -0.012283476565328062 0.0094890608967603124 -0.020694230907473285 -0.50545918375412802 -0.053403672581150294 0.32793818802415264 -0.45280273822910555 0.001637758319432286 0.1618586397273212
0.10056689003111147 -0.48410843631972805 -0.29720020723407514 0.015959345990018612 0.012312975758634775 0.16708472245635553 0.5503349627332994 -0.037492904289923162 -0.24929321205613819 0.48796553865485409 -0.15328510776709225 -0.10414249336783098
0.037866687310939527 -0.47085600970689995 -0.50955584850440561 0.026491328692022455 -0.044213753336589341 -0.012730247756863577 0.48511328309796942 -0.059512881411079639 -0.067922703688367683 -0.45155142606099336 0.012221982898402784 -0.25856647553396095
0.00050827460084963759 -0.53783767975679331 -0.4598140390623161 -0.071276302442270109 0.17411886536358362 0.062380893668830512 -0.44166734502499794 -0.067318149467498895 -0.19741515119509284 0.46159563092628869 -0.050588533203089849 -0.076210956556608686
-0.033476969141124573 -0.54648064773871652 -0.42549821712485786 -0.0017228559664849072 0.057534310653929971 0.033490409743650806 -0.46017056513812565 -0.0077446615057592148 -0.180294643942883 -0.49792167279075328 -0.065035292595866406 -0.1351888300645393
-0.019946274396566731 0.54246383045312019 0.20403405000982494 0.0083937970476025969 -0.10296791612659326 0.32161771826160851 -0.27604634255783805 0.36711914521709194 0.52272147932330015 0.013645264431645741 -0.051062535314308384 -0.25017008258326839
0.033556886839209266 0.54648090676690497 0.43444791832308322 -0.016521766900615447 -0.024132599164517207 -0.064472284109050246 -0.061452014575229211 0.49618359878749452 -0.25179786209674831 -0.037376984353233236 -0.28447176550798431 -0.33283273895351972
-0.049163067014262429 0.42715506010117588 0.13413868723255359 -0.14514309187361929 0.29747048905611639 0.46785802100956281 -0.11633732831883276 -0.45442903099284782 0.47760469093489633 -0.018977849792486397 0.0077443328974495969 -0.14182923115875118
-0.004938794250295986 0.50700346262100149 0.52824826175157458 0.077858923220552212 -0.022309041566772141 -0.12401238967095829 -0.037061595895094994 -0.46461448628369373 -0.24710466523006178 -0.014408519935234223 -0.14783611488780704 -0.37626330203762465
0.092569964580621084 0.52692709040720731 -0.57137109171244638 -0.047637378913801785 -0.0043709408329270635 0.18320611288313043 0.06571597764724102 0.41260749060928559 0.24048946521651815 0.015803326627879345 0.069641001171655698 0.33758330191928509
0.044056536526099407 0.38325837727876244 -0.19862086708029686 0.018842405699220962 -0.36375219566464345 -0.34748159264661554 0.16233886262651984 0.43330126176465572 -0.57402747078475225 0.058934251901164435 0.033063175939274686 0.1006468530657475
-0.10912458881987591 0.51465157963807306 -0.50214531395435213 0.084601033408281248 0.0035484491220203673 0.11594928494754657 0.049469785232113088 -0.48777828075923713 0.24125364756973133 -0.0032412464565857134 0.29582806748688539 0.25368979453494012
0.14386536531334368 0.51232838209928377 -0.17756093187641567 0.021805516290749592 0.010072527061231008 -0.37004258885227737 0.27011162135276928 -0.43357931911592473 -0.52046030964278722 0.01786530307209875 0.069874588829563558 0.10370232416436442
-0.014941167551700257 -0.40951400762814733 0.3373475865232744 0.022846521459180924 0.067260317410677548 0.30206262791219762 -0.26900863802034752 0.48951350207944183 0.46814589053144839 0.047475266781136005 -0.052551045986770281 -0.29294828153427788
-0.11890923157123191 -0.52185862817805295 0.51535133181509973 0.063106983661524035 0.082524836616447064 -0.18054078096897433 -0.058233557977937701 0.46769457013517357 -0.28159544222501198 0.043153556471104706 -0.23970297410335314 -0.20929467618803901
-0.0054537322391062723 -0.39671538894356612 0.23196936021906206 0.0089080226807797397 -0.14856119918395394 0.38758827289555564 -0.043442304594540467 -0.52054840980642325 0.57520682529794154 -0.052433629827230675 -0.038356739569537744 -0.091987081621718703
0.044053564468929718 -0.4604415837723983 0.5989705036941575 -0.0033628822647624504 0.022847536454350538 -0.26176260955732611 0.024116334598471866 -0.43679392697609093 -0.2728274441151925 0.010451254725842936 -0.014099121041910917 -0.30351412486753643
-0.11070631467870419 -0.39371261442505806 -0.56302277281687652 -0.010613088877215335 -0.030374566556165914 0.19752659280239318 -0.034721796792434895 0.51044735907439875 0.25005078484456533 -0.068450136723585214 0.23768597433097824 0.30036692800352993
-0.083251838456512683 -0.47944177328296045 -0.26053923356640163 0.48250879057375007 -0.018674936512177307 0.3774151972200368 -0.020889408118655604 -0.044564172502399767 -0.39792936405443657 -0.15556475694549771 -0.12267626416474568 0.34597447428697248
0.29437053746844516 -0.48203848239368174 -0.63593390715193654 0.0020174204244154722 -0.058596941874482902 0.28967440622485691 -0.045199255897907166 -0.33163835545544373 0.12844002548787753 -0.07110404621556965 0.10766710253881505 0.20988620403709551
0.022583840951384201 -0.46042873536527201 -0.24224461943406042 0.0099701740180427861 -0.088709819308750826 -0.33210627549141369 0.32500863615003012 -0.50864706118776437 -0.44536321032241971 0.029275239448556253 0.069707427945036052 0.205261976043591
0.43804915168147734 -0.38469855210322879 -0.45909278238781936 0.35758608271291559 0.48246132491864491 -0.05658022820625256 0.018185780911411761 -0.027956351952613073 -0.052185900958959384 -0.062897197637898916 -0.07636162627833612 -0.26812854962649163
0.50047404949429097 0.47447216792269148 0.019427578451345462 -0.35703007303385753 -0.46358700090930105 0.38283484169577137 0.048334042277596058 0.0084873692735844466 0.15637684613897948 -0.064049396491273419 0.027055681886295261 0.05815747728791601
0.33694459327750725 -0.42305555147387958 -0.20633513683886029 -0.35709806652595932 0.39486941212860949 0.48181061051794144 0.19346894083266145 0.048327994935044902 0.25476767014982216 0.2056983021198957 -0.03385189286481799 -0.034722795313321939
-0.3614413368906832 0.30412085395853311 -0.6480176266750971 -0.31621183345757448 -0.39919241463087468 0.25782528580491249 0.030736247584808338 -0.064254867841870081 0.0034310407988843296 -0.041789469013617256 -0.071662296045308702 -0.13841392553463924
0.41646273968057296 -0.41754640406192195 0.46251468453963757 -0.4347800509821263 0.47794904130513605 -0.025739786257033426 -0.018540169529623816 0.041504264729008346 -0.01997292593932919 -0.063759382923073732 -0.053660402514183969 0.10369416921243013
0.39067726475147313 0.45157036661932853 -0.03563895393447334 0.52175837055849483 -0.51427605250335451 -0.24814869934117287 -0.038967967674463387 -0.011506755091405658 -0.034893827839686635 0.047296718902913294 0.19343074044024497 -0.037080901338625426
0.35174962510434316 -0.38378175354036498 -0.38455277338852489 -0.50381664332763165 0.37076683504899777 -0.37600671878443565 0.016772460902953704 -0.12553958166524579 -0.0074792278371502326 0.11913750556117725 -0.057836082440760467 -0.12159944164559297
0.44510246004990589 -0.41513502929487422 -0.27428180481764275 0.31999568970251208 -0.31541131249963156 -0.46396617470166113 -0.10773447750739733 -0.13892212151010941 -0.18843931347951426 -0.055334220306892536 -0.2360452038777146 -0.10943211477298366
-0.46602049391184042 -0.51132125036067644 0.49917460651213991 -0.085431707572377683 0.13728168612964986 0.36991616938889654 0.12244226921006797 0.042916630233172957 -0.073400377924619939 -0.061332112508502852 0.084445244872929787 0.27586806754454046
-0.31505195182086454 0.38723544052923353 0.48201185303421579 -0.37462323154192229 -0.30672726643701059 0.45150692176511142 0.08088867191751932 0.082901228275278682 0.12161740497273246 0.10029568082380749 -0.0035364945511765036 0.20468209087710251
-0.53881070193684866 -0.45077667395020304 -0.14535694183095785 0.34577953264683364 0.43614060754755923 0.34377860524951659 -0.073988065005506587 0.06189305384505716 0.16668894360949699 -0.02603181472207939 -0.13689005440244315 -0.029701899170585053
-0.28320949554574387 -0.45788056100933316 0.25136120326122985 0.37948784064883534 -0.40712689145699887 0.51028228297282519 -0.24108625395093827 0.015881039175616309 0.039257337619710141 0.092132883739872606 -0.071090606438182574 -0.057842141363386015
-0.46283412137727947 0.52589378459973068 -0.049378461279663506 0.43413933311780145 0.39362446221240843 -0.3639141083793081 -0.10756780974139787 0.018793164825674353 -0.1133475196466863 -0.075070600074833502 0.020241694455891777 0.01069657625779781
-0.48896492005309911 0.4851636188985311 0.05133781372840597 -0.43395825131859284 -0.46344234824670072 -0.29503351684790469 0.031604739635454689 0.062666624258877979 -0.13866831085974038 0.083130703658486349 0.032375239203039724 -0.025237132017199012
-0.48630347329747226 -0.34554058998992138 -0.43096708672575157 0.30914791367076716 0.30566099740941916 -0.44558712787628096 0.095074068464170255 -0.092946283297794641 -0.21148250247209119 -0.038541697766150108 -0.059125083752915614 -0.058692924390082134
-0.33735331269722224 -0.28248239071684728 0.64218334814349654 -0.26591851370541281 -0.3760023379542019 -0.34234567934597815 -0.018138510230551515 0.08477924656824086 -0.085485116391016344 0.046331406063982249 0.12600595371459072 0.17848719725317894
0.32960758821577441 0.18053005530173499 0.27563714049302279 0.46777482575499152 -0.44595018318886315 0.48582339430842575 -0.20427004536355839 -0.077883033853100928 0.004807359039000988 -0.10007889148408385 -0.080209886608644684 0.25459406949913682
0.40895686160861461 0.4344200922874113 0.48634358225786106 -0.33798846640545338 0.37920096184509916 0.27348542715298724 -0.095090961714292599 0.016612292003400839 0.056573806565186943 0.12984894258305674 0.17090051088473232 0.12685799012746068
0.38270161607733311 -0.45382761409961453 -0.15614043961092308 0.56157391248499922 -0.42726242197870268 0.23093284198047839 0.15728655490207155 0.046355487467391793 0.20209952277796789 0.0019767537071838943 0.064463476559758009 -0.0077564736050502476
0.37990432161843146 -0.34672054471122682 -0.39400671700694201 -0.5389000928766926 -0.50469503313633868 -0.0015446198649136911 0.045374928169005561 0.017184406700973088 0.073856777124239201 -0.048097126927149347 -0.13783231924969555 -0.077223128032302024
0.29412242066761018 -0.33775115512391651 0.55986057159003999 0.41818596522749346 -0.42741649493912492 -0.25045352931497139 -0.094290671540596657 0.056641603310133883 0.029577478235921575 -0.087073361608644803 0.025912575972174036 0.21084094992927174
0.47681629412939036 -0.4197935949790802 0.24266164858704459 -0.37058121737214716 -0.26697457224147703 -0.5337762465827256 -0.11238824722669088 -0.0059766730472117658 -0.10233989115985401 0.092781315962181657 0.097209003228061683 0.053044192005422278
0.39532599794483253 0.41810959409955295 -0.37374588157737021 0.4201752686665981 0.26447021293245432 -0.47483449667746819 -0.12476297030735733 -0.059149932972020217 -0.060788295925708481 -0.014655276688554304 -0.17673490115601953 -0.055194717489511443
0.45460641129292428 0.31780571228852872 0.15538336461048469 -0.42911475807257066 0.42686452554688831 -0.45750000568762378 0.088556189795896995 -0.11593713954893618 -0.19536618908119688 -0.16794706224949915 0.012486039653227006 -0.06867177194249903
-0.40515627225642448 0.47338023916069033 0.37208073114107709 0.30027138372161721 0.37664404270810986 0.42371942722845146 0.017111360599809819 0.05013200994217254 0.071444234181001653 0.09510143135802239 0.12985758651118864 0.16714099208624147
-0.41921476798125729 -0.43849284470774819 0.12233336722159961 -0.50952561556832143 -0.4853510416431267 0.2726924012270906 0.06280230021772007 0.091377563660302197 0.074422948725970967 -0.084281924857035243 -0.1054903628155687 -0.10681758106531886
-0.35927169678290644 0.43672326528606481 -0.45555028980370926 0.26258799452822951 0.36690107649828047 0.39940051303982443 -0.13447519847773648 0.0014643603194865391 0.053837902185283559 0.02863222347620948 -0.21542100685778653 -0.20339785839737243
-0.40320362781515862 -0.31288066234013107 -0.55385342868505594 -0.42369621697611298 0.42704498237118443 0.10895356930426596 0.16115832895220247 0.030014786364552973 -0.035587385971441066 -0.090089461641090066 -0.091522102071514691 -0.11995983066786468
-0.51957372831798443 -0.43898594108491001 0.10234023260225006 0.41985616551757399 -0.46423871254464255 -0.30239795230208483 0.12205683946825761 -0.11246539101529414 -0.1231840413517597 -0.0085635382450496116 0.026787373700818656 -0.010397874769588363
-0.41893507209115305 -0.47187218781033913 0.2001515310242947 -0.49038665244287299 0.42203201128880918 -0.28803765250617291 -0.10678502580970922 -0.11442915940025032 -0.15271540026388886 0.051291599668707541 0.097864091437847925 0.013651202815337044
-0.42328290475160535 0.36970147575100643 -0.43046307221320629 0.32816182830848845 -0.41691917745908158 -0.3261774144686812 0.059690062988931661 -0.13039966546696952 -0.18128093443947838 -0.090444945800251975 0.21136809223911351 -0.068293051107379071
-0.50518359073368169 0.49545320555916844 -0.13079307896006181 -0.54310887129877872 0.32132240914514432 0.25319154320809611 0.024599404352734566 0.039726227677537126 0.059448004547294937 -0.038608885638668933 0.082161218222700075 -0.077000364035469837
0.36493985234546522 0.45166052140257013 0.43315022063348502 0.3406556841761601 0.30140174796364849 -0.33737782899906432 -0.1674642784668087 -0.0054663483763166196 -0.19117772213663128 0.011983826241642912 0.2835394687149872 0.096582225204749475
-0.36173483516957627 0.48571998915759379 0.55533629945448693 -0.27815936098439775 0.31190986295880596 -0.28010270889165961 -0.10138005289422669 0.0069999354127182238 -0.14814057022258004 -0.004862370730903817 0.18662118533136968 0.067705414798281779
0.24914153587158216 0.37913650799368703 -0.49587662886004502 0.3396719406916846 -0.37575509571666865 0.42240702874029395 -0.068418150934895283 -0.073734515468872872 0.24940456420620358 0.025174396539254264 -0.11703132470615389 -0.16322749517632915
0.38103206567706932 0.41865738308921691 -0.36271677909723343 -0.44931211821606376 0.47229294364275365 0.25951001063564699 -0.06473326241455149 -0.028554412500802311 0.1122200341961359 -0.16296039930353987 -0.089491138371771903 -0.059378510103422953
-0.34957274171250624 0.36305375331684414 0.49131781109272726 0.40512250616672385 -0.36470764399116373 -0.37291666232627041 -0.13619866886514942 -0.057985549795957519 -0.11703513713263458 -0.035683374234971248 0.12751585186388922 0.12349781757362172
0.33986000478668765 0.44291908586600087 0.53224086114256275 -0.34711337160538946 -0.34616518104892513 -0.28199678728878008 -0.12089844085264642 0.012947186323702047 -0.22729688418673263 0.032828907935967828 0.11324648847591214 0.06961948254232217
-0.48525357822088028 0.42696940547013373 -0.0029055283229249282 0.39632655090615254 -0.47067838980905274 0.38745103751713006 -0.17894283402241273 0.076669354930980704 0.079916905531740023 0.065668290561540832 0.051077106197424747 0.047747530573994605
0.51618102738490124 0.41001451859440519 -0.36007034105760388 -0.28526634772962495 -0.31992935833062486 -0.44283583064276477 0.0085639380232349089 0.042487813895325431 -0.040450043919798777 -0.10237878734362088 -0.0055317999950976965 -0.20477440343972517
-0.40387989541724933 -0.2229544514125926 0.51880637364331683 0.40930593226117656 0.44075641786462438 -0.29373193660046298 -0.096006468456488345 0.016554138921656452 -0.12063020601427316 0.034833811413217931 0.13020948383622602 0.16650958076215905
0.416317154017524 0.54509760284125441 0.060395586965780172 0.44487170432545436 0.39748997772535144 0.365190661072677 -0.037635514302830499 -0.088189748686629543 0.089087019868777331 -0.092051485787849052 -0.10483517572423544 0.0057808444072747619
0.44694874370705318 -0.43721346875896772 0.24520307553019335 0.33610582227766778 0.35537725465936598 -0.44001248201253917 -0.1483807946450918 0.13543999084003422 -0.16334283420475698 0.20170363281977424 0.048268886429403454 0.077650370545367248
-0.34026471241723694 0.29768565701492078 -0.28546614730095743 -0.41944417857218969 0.34043794299815028 -0.59130276789382252 0.047863248618069162 0.044720592278070855 -0.20890317208203002 0.034827078130278084 -0.11246629396083127 -0.10415819050974401
0.3971065112809683 -0.45622840005889165 0.25930898402343971 0.3847147157146048 0.36301826774071616 0.4769892579698663 -0.088483762883231343 -0.077314184127351096 0.18918059792833153 -0.04006221977574858 -0.084857568327708022 0.034821584018870373
0.39464242522224691 -0.4440604454429774 0.40962603830982092 -0.27407192170275602 -0.48661128661798209 0.34257024259340285 -0.066403930079896645 -0.048008507018807815 0.082958514466390007 0.092824261514059037 -0.073384058775698841 0.1497193197259786
-0.38896344551326373 -0.25485617848223091 -0.5844726937274467 0.46389382337192581 -0.36948469158198249 0.18201398565376542 -0.088720453644596242 0.059148032164111561 0.13266571335927535 -0.082200081667261587 -0.077843624445306639 -0.12456101149010812
-0.31187245911016587 -0.39764473483700008 -0.1912107182057215 -0.44324414478642954 -0.31892844116994207 -0.5936635158298541 0.086274440379214334 0.030947984657293346 -0.16535763973636958 0.0097933412645087505 -0.14520414155468706 -0.02261072206280924
-0.48950672762912523 -0.017877846860636634 0.39816138378453281 -0.30568603312588583 0.43667619785174938 0.12054188662155235 -0.12916788632360396 0.24201751969970153 0.37440162727168824 0.28348556032569849 -0.044758339302292685 0.071203135876096627
-0.15368044886191065 -0.050203252085501672 0.12714031902883674 0.12683818374837966 -0.013252100453154529 -0.080587172307812635 0.48491456662351268 0.1404735011275858 0.46061401020134468 0.37809962172874284 -0.40811566095697149 -0.39797177352806062
0.069671534882707511 0.062109574059867126 -0.11573908307776135 -0.040258712740868369 -0.11942706363119625 0.19893165283377576 0.28633928705360806 -0.45010661374055039 -0.37544330790220232 -0.42526211362554595 0.39519867952574889 0.39982704089536669
-0.1338482278480557 -0.066149029026978209 -0.12172151014612367 -0.061901286601798174 0.067234584618550405 0.045074208638674187 0.38179680093983087 -0.4769860610807794 -0.0091112920700057269 -0.51862380553672771 -0.42157799265824003 0.36392680309740982
0.018470478627449674 0.096063146711709513 -0.033425053515198234 -0.081695385459175124 -0.05660067781520467 -0.19996440548792416 0.50499165316636518 0.31880207761007257 0.21729052128539028 0.47184092795283944 0.42796601662072714 -0.36027026673559631
0.072783281567464941 0.063388174770399472 0.1761281066909387 0.098770705156416741 -0.0098492303760270589 0.17137473694036093 0.3823808221698794 -0.50803804518728646 -0.11611543480190804 0.44378038266006381 -0.50265103278026468 -0.23030812350043603
-0.054541627665613025 -0.061435669674301599 0.14220570112145653 0.14445225758287089 -0.042574789609693957 -0.044828813672661727 0.36932713700128961 -0.53202193207899284 0.38774015387645128 0.43082036254267442 0.26510969782369087 -0.35022576149831774
-0.027483101863941272 0.049825900403113264 -0.1257378347933886 0.088076240696978808 0.023543973010473496 0.10780064332387396 0.1821805955311081 -0.31979609706600443 -0.61613714418065113 0.21591137860846157 -0.45429280649452347 0.43924408151945643
-0.057991064888424079 -0.16472932530092871 -0.047315246682504759 -0.063735272988228675 -0.073267024695369706 -0.10003676051796173 -0.38926001030441615 -0.3171161516892711 -0.32205747207377577 0.40336184068727204 0.50299951626393169 0.41989123036510995
-0.021135595589504765 0.12675351317250977 -0.040458006169358532 -0.027081823835052404 -0.034902820277551073 -0.1002998597501273 -0.48192654683378355 0.3451890387578011 0.2603152682099833 -0.51904208804831076 -0.37440608801282216 0.37560747267769823
-0.11149336876265457 0.014200957334748932 -0.0093678699414060252 -0.02203784002196402 0.033018409591900534 -0.063298886044394181 -0.38448382820775728 0.40591094139664502 0.61165223756627674 -0.35488824055873075 0.41109031750387925 0.0068040543260038068
-0.14343931829424916 -0.012145929814993635 -0.0062691426941100933 -0.047673705657221219 -0.0094413936893345592 0.22044064625598878 -0.44625395804363072 -0.27071019207798752 -0.37079742931047555 -0.42203514325617747 -0.35623287105426965 0.46189769240368594
-0.055647451916483209 0.26054595283831028 0.026605423647711058 -0.15516430814269638 0.15985685752202763 0.1996007965895279 -0.25207727329801932 0.44827414503520535 -0.29349206435069874 0.4381844271908984 0.23260394895799183 -0.49203680920150761
0.15139594590769834 0.055455003690941418 0.18783904063989723 0.13551777577110677 0.028121841968503581 -0.1623902236538157 -0.31342181370223093 0.2705256515602309 0.38308462629929591 -0.47205300254577898 -0.3247862721758677 -0.49669171775469689
-0.028364043692582361 -0.21977836524327174 0.0050721968410701122 0.015077380034179425 -0.16033033642771477 0.25663928705832662 -0.39697865179555364 -0.22349457602883216 -0.12750827595788081 0.44313191496864585 0.49486561615192315 -0.44046821467547997
-0.0010437896116359919 -0.12206759170318549 0.13489110782292679 -0.069722452665344214 -0.12501547545385222 -0.06407696193958573 -0.39319037242620336 -0.38855647087850081 -0.22823460253579911 -0.32945937995541053 -0.46724059557034403 -0.50772410324396111
0.038409919291568582 -0.026944776296871125 -0.20081427212963507 0.08622249536957792 -0.0020924308724180694 -0.041702356415824871 0.45239700334165156 0.28190123442013154 0.24206073335433514 0.36699170681167897 0.30421908567135919 0.61509152452835869
0.13923590045069242 0.16455248222216573 -0.11566166250555557 0.15886989063990012 -0.046046090307319876 -0.27647652383719917 0.40116707690737763 0.20948190947401976 0.27437700533690096 -0.37189580479449996 -0.27689368611854814 0.58419348981654329
0.051067915382628525 0.026044371277464694 -0.072587868434974043 0.089024992231292191 0.024071218806553704 0.078895904018186497 0.46609282440321487 0.55038112473830325 0.00047391340090836192 0.36925603682925445 -0.50173893618261878 0.26165094070736428
0.027014665314692557 0.056753288052066801 -0.068751596869693968 0.080902428688628333 0.0022431799613383536 0.19410387589450356 0.43379116093485648 0.382179156681762 -0.54178128910080769 -0.33148116950001233 -0.2067299483315434 0.40830902392987845
-0.056908299233566037 0.0065240355025682666 -0.17734688524709011 -0.058780450427921578 -0.025628754291804143 -0.19918382880991006 0.52397350377750684 -0.30389619784274902 0.21258669910116287 0.34768343617512693 -0.44329423806093948 0.43817006176411477
-0.0019983079775625443 -0.036238426947586201 0.11557010397774233 -0.17868860029115152 0.030324280356409109 -0.028132747484688102 0.27611607888999878 0.23603179834954666 0.2958117932897591 -0.39248299089198946 0.52787563248986002 -0.54729736660327488
-0.0096597527088501944 0.054474794385127721 0.29810894740808452 -0.041187547350344793 0.069145337617310232 0.1183530428207248 0.25783081241616906 -0.26513089520792726 -0.60242290497148632 0.38111473729172496 0.28946364761361482 -0.3985764478537715
0.033297145600322549 -0.08200972865977392 -0.045486344802835803 0.056766858785492764 -0.01641065396681634 0.28371669720308967 0.25088666296132667 0.25700086066641942 -0.52000404693098512 -0.51492066445586315 0.34830533128348617 -0.34677382182160005
-0.026910726566393244 0.015846031353956583 -0.089209544713506825 -0.15398243455040103 0.16824700193483433 0.020573703122299537 -0.44477173938992909 0.47718291059246493 0.14591568175209657 0.38317454401434992 0.48372495614842481 0.33316072887375991
-0.031226611317955767 0.085985714086724133 0.059817930965861021 0.069961256921840367 0.066636012708040079 -0.098473259907582433 -0.30958365608303123 -0.5138642506324067 0.47928435229058935 -0.43552992643224525 -0.43430499241619097 0.033198049324695562
-0.081803817016438254 -0.027124697173254705 -0.052347749352041464 -0.10957485995683985 -0.14588664713510083 0.11838509177260094 -0.39153409170672515 0.38245591622229247 -0.36629701186042007 0.44112647717438064 -0.52539597900524515 0.19531776269098194
0.0054122442101412352 -0.080310734600165579 -0.14968041578922589 -0.11201787849484597 0.0026498988111678056 -0.036947202263176424 -0.50768780466903995 -0.49591076045350974 0.071305359651474415 -0.42358797254661434 0.3900396598409191 0.34187716132441431
-0.069616830990623241 0.10478870386257513 0.13374000747135167 -0.1341425944765853 -0.054371901948014716 -0.065718151684832818 -0.35681633802302221 -0.43115800124400944 0.29381886243706501 0.43445178190076406 -0.35781965558293988 -0.47401383755436899
0.052018633343385835 -0.080017928402753791 0.16953296213518923 -0.10403326709912486 0.10125002741510862 -0.039431407134960635 -0.37518295315820116 -0.43227054082564931 0.32577141525965925 -0.4011576157229817 0.28965869145920342 -0.51082655479964079
-0.045711384519473784 0.073974638520934555 -0.072584467624887211 -0.02104794818818647 0.066500289496701934 0.25724387221339773 -0.39801482044847675 -0.51029511164474539 -0.52351052122752351 0.35339010246436231 -0.21218723887873453 -0.2309585457595747
-0.12581412793499069 0.11449261716161879 0.0074093035794956059 0.058863969561547901 -0.093679130987632697 0.1398206104710083 -0.40733190595060287 -0.35502887362136648 -0.49831097761611426 -0.34398263853272054 0.42835085554000946 -0.31165634000218356
0.13379122151710637 0.035942198180262876 0.057461337747036698 0.052539454897651043 -0.15975100365771752 -0.20911474505965258 -0.40326628229118638 0.35803061118928392 0.40649103460850811 0.39854996079898519 0.32917904187065211 -0.42690867987067521
0.083711188303164888 -0.049541261984257068 0.057491601632908285 -0.22213761961894304 0.068525799317603539 0.14869323916589072 -0.52516568922778739 0.38584368668982044 -0.11599781619534635 -0.3934622045353236 0.29448618324616255 -0.48105900456863171
0.074359863369018453 -0.078491562244808785 0.015300847649044243 -0.0099467528955819954 0.045676470116593218 0.15899691600044097 0.48833510535971303 0.43582572212306636 -0.49285157409317121 0.33234460755210554 0.40913313070291957 0.10700236557934395
-0.052468554745929846 -0.039460898516200438 -0.047302473568204162 -0.046913625293010422 -0.082019285922624571 -0.018501016979886743 -0.49353020179524182 0.33424914811367235 -0.39355269800713449 -0.45989162293266556 0.34256002504051403 0.38099353053294144
-0.02757269323815046 -0.016319071264003199 0.098604183760695741 -0.093609296926762731 0.11360780899238879 -0.28286892732839242 -0.3274432349926174 0.44381650997837691 0.29715202165447896 0.35515519392511502 -0.53988992243409195 -0.27831376879241138
0.071012795009282842 0.1056890600562761 0.035415456798273244 -0.021718897061090172 -0.0037224887780416137 0.018227471761559078 0.45806057071361056 0.51162759683429404 0.090789210325744829 -0.46273630700819923 -0.50202113980112262 -0.18904989601371919
0.010758054752617164 -0.015186834852611816 0.011929256946629515 0.057113135197746211 0.043927411136845215 0.0059510798355208753 0.24172531801668076 0.33919626320481416 -0.69746921109671167 0.2838411809214928 -0.37204461833169872 -0.33963631333318728
-0.046731336937647874 -0.061816502738819931 0.018998068236735884 -0.045212733460183702 0.10356855918398929 0.093212459409585585 -0.29632946860428461 0.48996576497391398 -0.46304284550035046 -0.44898956976388171 -0.46194542523089493 -0.12207900722696499
-0.03546337422819075 0.16076972223164118 -0.029031227414108494 -0.041853678141805302 0.069297143892645227 -0.059863441749051866 -0.42257554917735979 -0.44388002613237987 0.47079560407689758 0.4326951934561396 0.42019368984077593 0.029651923226191056
-0.080917307029700375 0.16099180297506674 -0.069124048261669749 0.013759496242654094 0.020441879561487845 -0.076957509919814038 0.50550269895701894 -0.29628733839048665 0.42005917604812948 -0.53510462884439658 0.3734786411430569 0.10312180231917077
0.067189868522378515 -0.27116071825849591 -0.50679855243829774 -0.023754365947261949 0.47126243178174732 -0.17215830288458878 0.058683547394618223 -0.09241976445953197 -0.14973873703592711 -0.010003355676271751 0.50825028713348253 0.34640482165045539
0.087061728676840477 -0.064702683194276411 0.055967364105194331 0.089117915158068259 -0.031496628139722836 -0.031579906959191016 0.39682521414729033 -0.53193459728177184 -0.17477488668490554 -0.33410178473275565 0.37275539716472761 -0.50361555314684492
0.014803808309284749 0.093182346094220783 -0.050039583864216787 -0.00146538191033357 0.21816526410889489 -0.010483732342630583 -0.27614107256285869 0.32731569858034937 0.38743187771741572 0.35296498712590502 -0.36677106696177719 0.5901589473768184
0.050785224044358208 0.01145744357034535 0.15004591582667484 0.062581273370353435 -0.11119980309807588 0.018078115265034996 0.45174940574455275 -0.37341987336312432 0.28007438716182931 -0.37371150852288848 -0.44592312148658869 -0.44463228546309042
0.011015656619919238 -0.048056410902923216 -0.097022114652289021 0.12158907308985935 -0.070053715778934281 -0.11509541015030977 -0.43759350084511217 -0.41605399091475503 0.017290047840880327 0.46145828799418637 -0.5043848318576668 0.35068763232095346
0.032895283424043922 0.10409282224130462 0.11088227301894302 0.071532171190459015 0.002212075280646094 0.041482639401559343 0.3532846526537175 -0.27008016061729884 -0.63557113203527549 -0.43219583723399035 -0.35568373734279962 -0.23224337769589828
0.036415943528190033 -0.40340858813173486 0.45756411903392818 -0.34526548016197828 -0.0081849513976793385 0.13740125371533141 -0.35096893483336528 -0.054000604012770577 -0.35962560677972161 -0.11101629352498056 0.46971464774034399 0.0058149870554096003
