0.99658364651422071 -0.0085616090358947884 0.00509822256989191 -0.00032117142916958039 0.0039673700929851443 -0.00345424899384099 -0.0012252995832258704 0.0057804027945500087 -0.039699491939086305 0.021503338117481438 -0.067975067776044479
-0.99596416837197543 0.0051381520529717338 -0.0059378178853832769 0.00077024135253047298 -0.0030149996864886068 -0.0025213409928751861 -0.00031356836715550057 -0.0067501027868093104 0.042241794700065012 -0.027224124641240063 0.073528851353667005
-0.0011177049658567411 0.99658538466757318 3.7569492006125659e-05 0.0043696598810197161 0.0027124205213223855 -0.0039706128286009206 0.0054652302810973786 -0.0002743147761530496 -0.040626800869797634 0.02157036544368349 -0.068031918004880773
0.00089490484929449874 -0.99597452417888743 -0.0010057342564031863 -0.00713507354740663 -0.00083476910384946469 0.00037421418890519047 -0.0078114536929064574 0.0016730592890413475 0.038848064916912978 -0.012106104967236358 0.079130530257700532
0.00033051523034714146 -0.00096112416871781819 0.99610187609617373 -0.0093337845964062867 0.0025063849448405309 0.00024898999196072555 -0.0004896099667574226 0.00036418059566725166 0.04958463610513001 -0.022723725751962121 0.068638034253200184
0.00072425209752437767 -0.0047876775821153661 -0.99651484170624416 0.0038599943613470307 -0.00060875159825896075 -0.0064439533397167084 0.0025395616615877235 0.0028497995269802291 -0.040270903147415077 0.022612973503378535 -0.068776931089396393
0.0071254692731457401 -0.00668787368803162 -0.0016739241856526023 0.99650408267250845 -0.0016877149159457289 -0.0038739331531517387 0.001500488651967821 -0.0034881128822784884 0.041043582322745409 -0.028558318840928645 0.065946067856414256
-0.0055449932316941394 0.00071079100421349848 0.0078338377339172271 -0.99658836444912058 0.0074961739112538702 8.783056676462196e-05 0.0022414495493028375 0.002849097477545158 -0.040606634311990596 0.02108582717583566 -0.067499318584135728
-0.00015986575793607916 0.006923195145090765 -0.0070334873338556312 -0.0012556754713316854 0.99588215661750124 0.0045563427476278369 -0.0084262306829991779 -0.00059040078033523473 0.046157945538713344 -0.023849620595027207 0.072994909021879939
-0.0019721646211136984 -0.0043086184808944902 0.0064999477329508778 -0.00088520990308181319 -0.99672577525139039 -0.0080760639518632545 0.0072134902896290511 -1.1264121336250313e-05 -0.039239363091844184 0.020854730557972125 -0.066184119133005509
-0.0034038452955478487 -0.0017865722296043095 -0.00044289777847787752 0.0064832807833116639 0.0020524304831238942 0.99656706214144719 0.00022284887502916584 0.0064644155330269284 -0.038854328356539049 0.021694077894926042 -0.069070550273167761
0.0031698986118497653 0.0047450365118715358 -0.0016562130514364039 -0.006599077497730566 0.0023859069515934413 -0.99718739525136524 0.0013955365331016093 -0.0037930137395394653 0.035146981016745744 -0.017191006116753001 0.063131420578609473
0.0012933175005747184 -0.0096930290758520735 0.0017589605374357541 -0.00024885626950657048 0.0025596720459728269 0.0021435590369687152 0.99565848873877016 -0.013606024021330449 0.043582298955082435 -0.017724632366326536 0.078457252164871177
-0.0067317928076161999 0.00070286876088625433 0.0036411601511810278 0.0014702448385564245 -0.00062363887209127325 -0.0071718412654873734 -0.99664580921349111 0.0069530329608152698 -0.039856435624809249 0.021453199974830622 -0.066984745288350231
0.0021841991706887782 0.0052572663571647969 -0.0007150998618796581 -0.0049857987960355418 -0.0038553123299109571 0.0030528412812296209 -0.0016388255696165141 0.99636748373196349 0.04512254769291333 -0.015036170615986172 0.070036122602778805
0.0011515671113935325 -0.005886384907639472 0.0014498714267442458 0.0028923027928026163 0.0064383094212417278 -0.00047978342001250222 -0.0032466231209487455 -0.99652237208492045 -0.039976776360188475 0.022144042579653831 -0.068963721662954489
0.50457290499979368 0.50374911999356109 0.49566120019192744 0.49566238261824835 -0.0019634851667703619 0.0014609277399748573 -0.0022595158293013977 -0.003493287166884909 -0.011921523277087929 0.0086551734004887138 -0.0064383175261690821
0.48858846937632383 0.49489416224067156 0.51009614324995989 -0.49951554321349778 0.0060233761555691517 -0.0053529262191190806 0.0027436441644591225 0.0076773335513337865 -0.039264676823627984 0.022105037744221099 -0.066973659369409688
0.49268244900099917 0.48729103182333783 -0.50061195579360285 0.51244519006058076 0.0018769376327536409 -0.0056534627076791494 0.009544207888274852 0.0043867039641432631 -0.040404160771131611 0.019641735059989864 -0.066595330737742445
0.49225656192261313 0.49205602859640468 -0.49175437499610403 -0.49202892745249444 0.0037151303340886956 -0.0039488301419480466 0.0038297547420235315 0.0047957664063179428 -0.091624701581246915 0.052262706699670522 -0.14302437864600617
0.49648550220086529 -0.50258628707302733 0.49990879374487834 0.49289502050022732 0.0042465610469662541 0.00023137091246465459 -0.00039708147691276636 0.0088343046940415944 0.041396442732495792 -0.021396712470549462 0.076072942964765689
0.50095236443431257 -0.49969965767938168 0.50016022601149634 -0.49883657892436006 0.00097335237425247691 -0.0056549007867781132 -0.0015602875558431136 0.0078652218667547725 0.0013834992955519866 -0.0024141922472797795 0.015615140134463202
0.50522763243189728 -0.50867753996026266 -0.48964380681243519 0.49589441421986402 -0.0051911013380385529 -0.0073945944095282854 -0.0024416714641134867 0.012735210896188924 -0.007132391041988065 0.0010964307160508172 -0.0052937779530622814
0.49913500790035276 -0.50930526695339817 -0.48953174915186792 -0.49529069820084093 0.0042187078613454866 -0.0060360822967129952 0.0032241794795544671 0.0078089807357981664 -0.040197056815734135 0.024160798261630142 -0.064753570879385866
-0.49877608152197861 0.49640764162152218 0.49527654144149852 0.50045573609743499 -0.00065341304920807787 -0.005291942290835577 0.0045031745099741163 -0.0037892758247791447 0.054342602153082516 -0.030575800654476175 0.071386348541331995
-0.50468146997090246 0.49753419968429008 0.49978404961221795 -0.49774377466924041 -0.00031772787001311815 -0.0028746211354627612 0.011487795948455174 -0.00396367075000082 -0.00061605752980525949 0.0056373016877841074 -0.0059303715998081288
-0.49801034849207138 0.49583031502644348 -0.50320771879946846 0.50263346139802467 -0.0061220042821125385 -0.013030637419720947 0.0070972207097386511 0.0014470734628182151 0.00094034838400054233 0.0018250268694414672 0.0039535717645668234
-0.50947802452550883 0.50152082171456847 -0.49416212639469903 -0.48755226094669785 0.0063221941121006696 -0.0019110172947215144 0.0059793340164239119 0.0044905848062280346 -0.043596668215878695 0.025737329562990619 -0.065901244828367719
-0.49520828608655187 -0.49558332833142948 0.49478270066740621 0.4883922934063315 -0.0041149761860013725 0.011675646200872237 -0.0047624645626937745 -0.0077223068223664666 0.081967624378606163 -0.045330018958308307 0.12969153416130261
-0.49952615845537474 -0.49459167412926786 0.49448961859443591 -0.50368194978875225 0.005653282108717822 0.0036818458331290935 -0.0031951143281872697 -3.6808523072790882e-05 0.046811099873493113 -0.021770560606411592 0.070115913899011922
-0.49772028268834106 -0.49803745384812304 -0.4971595145230055 0.49871438917224709 -0.0048187722454525374 -0.0098573519883602325 0.0015010524985966506 -0.0020812351108248552 0.046385775580496905 -0.03204543206829711 0.071021597925593663
-0.4978580049882948 -0.49799534278175794 -0.50249103808683704 -0.5013460900497807 -0.00025507476854631371 0.0022435614354166982 -0.001138233208073703 -0.0016411474837667202 -0.011144020201627376 0.0090402462992167816 -0.008825942477049542
0.49256543118773499 0.49316694541795597 -0.00086568720739721146 0.009462309440926962 0.50854365445363192 0.49845902248797569 -0.0015863701761639321 0.0077227115099031858 -0.038138015677075005 0.024800351313495773 -0.069753904109265394
0.50136462687743577 0.50200845008397654 -0.0011409336913022177 -0.0011436050756987283 0.49771326642298352 -0.4985934740693187 -0.0022963916159329232 -0.0012585215283263513 -0.013465395379018258 0.008859914397442506 -0.0061479422080588627
0.49230647945553263 0.49141955657483616 0.0053313358496373661 0.0041740042901957704 -0.49280514169531459 0.49215650791277393 0.0044273308741860293 0.0047316000873213635 -0.091491330879493196 0.051325398024927325 -0.14132734653748005
0.49236233733812329 0.49162704895505965 0.010013007274777944 -0.00026326246157865534 -0.49929867190278249 -0.50941735862818194 0.0087087424454741751 0.00076247722669866246 -0.038788871405258239 0.024461011259672715 -0.069262498265889511
0.49868570043681354 -0.50479757477461551 -0.0037354587217232524 0.0026756744793087913 0.50042490518891913 0.49585007906181527 -0.0026762695308587309 0.0066315949144157916 -0.0092707781667173399 0.0056375685333026346 0.0031001903632228859
0.49972555220789106 -0.49907664652771122 -0.0020033475372537649 -0.0045361234083285381 0.49422756773544413 -0.49948232409019105 -0.0064684248420913294 0.0018751025094543587 0.028645846164431759 -0.020748928040657633 0.078309282395757587
0.49916833235349117 -0.50986644487250032 0.010001088084475137 -0.00055625028040502797 -0.49156428141185471 0.49167936504460491 -0.00021703430666977704 0.01120658848849676 -0.043526991935886661 0.024283772938206744 -0.069086011870012246
0.49427442323183701 -0.4994786399508182 0.0088563231954189928 -0.0015175083876830936 -0.50173809941956671 -0.50434520381261094 0.0014825615639201322 0.0020778799502875526 -0.0018042540292584263 0.0034256130660509383 -0.0025366769926856536
-0.50290408345627347 0.50610887297952467 -0.0062993504025192666 0.019485203074882038 0.49702377016109561 0.49318798323421337 7.8144191698797531e-05 0.0072379539864624162 0.011227578208425688 -0.0027755244434950299 -0.0082924987470577773
-0.49648866474847791 0.50305964757910271 -0.0047405134164837243 -0.0010761961627641142 0.49509011565860045 -0.49782823946675397 -0.0069389609983215696 -8.5552204545995074e-05 0.05074065795297162 -0.020978839112261137 0.066304637061831762
-0.50832019203559686 0.49951835147320361 0.0020627459257084569 0.010778356325616257 -0.49378615320313723 0.4913130490441634 0.010714826309399746 -0.00028570814139961079 -0.036014926826759851 0.023805777327968847 -0.069134757161778568
-0.49858144750655781 0.49648027063198841 0.0046300590778584252 0.0050445160385491827 -0.50423221184794298 -0.50038391484879197 0.011189539644343814 -0.0043856603566751872 0.0093958865767272848 0.0012704746003784466 -0.0029110440333753019
-0.50330975744239226 -0.49567755241114753 -0.012023107549361634 -0.0043052236190700604 0.49316715395030231 0.49907535867029407 -0.0065127888915066214 0.0024398915475497053 0.044512414190877821 -0.027533571258908578 0.075776543948757949
-0.49400756263691031 -0.48862980859200222 -0.0060447084343356302 -0.0086705175334942704 0.49673826860962894 -0.49349096898074424 -0.0052109333976682951 -0.0057351650225698943 0.072221229663431807 -0.050618731894578932 0.1377144505644089
-0.49284795341193166 -0.4962372452576011 -0.00042121890158573348 -0.0036305519397129898 -0.50533178849439697 0.50525580807492432 -0.0017683429399515465 -0.0016079181923792842 -0.0087044940183666087 0.0077581836750124575 -0.0071284486362427207
-0.49998435703009481 -0.50042359814596138 0.0074081176654829817 -0.0046943052829324207 -0.49474311594272286 -0.49903005437802411 -0.00182129335473821 -0.0050409262152125997 0.040674449601126268 -0.013567192807885667 0.062016085587023526
0.5045557140105853 0.50248228702533571 -0.0036836425232341192 -0.0022753729711057803 5.7180340741912779e-05 0.002547163572616955 0.49610509931906688 0.49648572169148275 -0.012379058176189169 0.0089692402837437003 -0.0076036216576164436
0.49322668364653266 0.48641114835048277 0.0025899768049514266 0.0092782613228109441 0.0044666759648101231 -0.0036741801502280357 0.51234582090203773 -0.50127669371465622 -0.03959818999978118 0.021606275275481188 -0.064760919948789686
0.48949386129980543 0.49358138279046615 0.010713118240484348 0.0028371736124335732 0.0024255338144315215 -0.0051478705365692531 -0.50013879068613287 0.50956785318972375 -0.042113238938480471 0.02127998687536908 -0.067774658847488886
0.49213613010777685 0.49210951637490352 0.0047421184389637803 0.0043011558973548025 0.0030614533648027414 -0.0044818407211728931 -0.49239661066295781 -0.49190671181599732 -0.090835799694690952 0.052803151278205243 -0.14175279785748285
0.49791528150482156 -0.49624641860300162 0.00060886153436941659 -0.0063468959788861344 0.0028647247842494982 -0.0042866491799160421 0.49654938360262396 0.50283470586020695 0.036019169635429685 -0.028660303375199796 0.065036938066006952
0.50630596885879176 -0.50887825681961352 0.0058661563651888548 0.0021481153751812263 0.0024509233795370171 9.9753854777279101e-05 0.49543309748691278 -0.4890515121789899 -0.0021121051800965895 0.0010278334234831801 -0.004614042469475701
0.49459839791766858 -0.4979052472439281 0.0077514241629254186 -0.0018631825245880329 0.0041377591905662377 -0.00063377197126886274 -0.50227805093098254 0.50495233036929632 -0.0025469348434071734 -0.01069594983545776 0.00085099244732281666
0.49899625623292709 -0.51061652812309777 0.0083821829490055757 0.0052039850827117293 0.006039145910897434 -0.0040906874185830258 -0.4955938066947298 -0.48765768372483836 -0.039739692897659495 0.017727874623842246 -0.069326701595336132
-0.49974067809272216 0.49750641892276631 -0.00813964007940721 0.0011833307764919818 -0.0031352038588230761 -0.0064075710075184719 0.49537767138189176 0.4982855933009267 0.053238930510098953 -0.022000276269447481 0.074980741763977524
-0.49933858608580212 0.49775520407318724 -0.0023309308432152161 0.0012435250960395323 0.015874340319471415 -0.0048003133521520467 0.50628482836607236 -0.49625854927598834 0.00081478839667919719 0.0045914609529655722 -0.00030890902864957615
-0.50118361522163668 0.49573049805081898 0.0013386285871222676 0.011237831368249273 -0.00013188513455767508 -0.0014149522148823672 -0.50004816541082386 0.50286203227107418 -0.001700507965288998 0.0023721727401791099 -0.0030408404213091312
-0.5084921966679391 0.49995265482047258 0.0055856548467645237 0.006375610253561528 0.00082063891861109588 -0.0078396916048286639 -0.48782388412053762 -0.49608652948537024 -0.043292913299115554 0.020345517918651496 -0.070617587117654604
-0.49377625898881056 -0.49542617390504118 -0.0032222031121848815 -0.005848852504613828 -0.0032433611486950764 3.8599079560690224e-05 0.49557771977714976 0.49070192736238666 0.082863770419549829 -0.0396051651359908 0.12594510037555018
-0.49436919464502893 -0.50414360254264579 -0.0041422462687081118 -0.0081187172873101419 0.00096440234050102934 0.0044394196513956926 0.48829243375741649 -0.50449331223530491 0.048494661613828177 -0.022567577792280677 0.074367912305982511
-0.49773576370642286 -0.49525539220478937 -0.0016762745675145923 0.0037022044817562739 -0.0001859310772097914 -0.0074643013679964489 -0.49657376048794161 0.50286970426525979 0.044015977272171297 -0.026828062939765352 0.069197898455416851
-0.49629484532103851 -0.4960002151573461 -0.0016364759190197092 -0.0035899454349901027 -0.0016109528356596204 -0.00070297690470289627 -0.5046415712215846 -0.50278424930854848 -0.0094996965790334412 0.0089835313219630807 -0.0055220590859881343
0.0074521497153342536 -8.4591117760447326e-05 0.49250240982804572 0.49630217291434625 0.499943546519521 0.50103746958273909 -0.0044600298609054016 -0.0079884384814212662 0.047666149132677124 -0.017979028402315668 0.086074838945401452
0.0074318752261063005 0.0049238232036336524 0.49127837488693576 0.4891665858856819 0.49465541744032271 -0.4956082067166841 -0.0061268407475179821 -0.0067364128390857928 0.085634111621348735 -0.035463801013710952 0.14246703674215608
0.0037194452188332727 0.00088897448958324098 0.4969082998778489 0.4940142521340819 -0.50497035980043625 0.50380208914751656 -0.0011155414408048909 -0.0026855567110659543 -0.0098937238891686936 0.0060829067666646969 -0.0079045664944276603
-0.00033232698574589835 -0.007015870277652601 0.50494042960038177 0.49751669110855512 -0.49642794980264127 -0.49527227016610675 -0.00073105089255471071 -0.0014429141562165852 0.032912784331784836 -0.023394060200976372 0.063988209412579544
-0.0035914777317558998 0.0050123552226039548 0.50095994470994609 -0.49491726142384973 0.50415635606582176 0.49956819594785273 -0.00094776564988579399 0.016006742933390022 -0.0028875808664936063 0.0068330925910056722 0.0019643326879079338
-0.0041490510269329975 0.0084309838518675431 0.49383745850664668 -0.50532797202390567 0.50182343279354924 -0.49130673826283927 -0.0052284770350467073 -0.00025140968343935526 0.050233128837484306 -0.020901762144905078 0.066956622652999453
-0.0061816227210910301 -0.0046272183567293125 0.51020513944390788 -0.49982666067125603 -0.48732697113173801 0.49511720934286618 0.0066523384036174804 0.0026132049128288369 -0.043004872839379357 0.024165309044280769 -0.068493137487385169
-0.0067391075714492658 -0.00064421695851276327 0.50261481925126439 -0.49770497106277073 -0.49890086239840375 -0.50068248588670161 0.0034571946396916575 0.0014780086050178345 -0.0025008191047471906 -0.00095948038484037796 -0.0039926286455629623
0.00081685711047559193 -0.015399586941092254 -0.50889946873811165 0.50770862003285711 0.49288641408141981 0.4898976564514757 -0.0018246906924671567 0.0083926170371924104 -0.0021830980277455052 -0.00011714357110191541 -0.00044406051881165062
0.0015804285381525679 0.0015865089394796418 -0.50025010309545492 0.4970442755856127 0.49455402495766498 -0.5009716221056526 -0.0059950472912082709 0.0020220399478187122 0.039776926153494215 -0.027141523027889379 0.069113403725451134
-0.0050656786381117801 -0.0084030297021873111 -0.49802042305365707 0.50816440844951827 -0.49790576832008315 0.48883986397753043 0.0037607975503585124 0.0067681362447696751 -0.040913470094533881 0.017404778534774991 -0.068825604544537719
-0.0027682626335923739 -0.0067472916263293693 -0.49378248429312455 0.49532546825713553 -0.50637428660850969 -0.50411619313614664 9.9289605327417956e-06 0.0060667245686426433 -0.0013258017173474893 -0.013699094044278888 -0.0020166767461828705
-0.0067389622499139344 -0.00035927545737928917 -0.4974932403348995 -0.49068254619121432 0.50685969335574643 0.49729163407498034 0.003588251426228894 0.0033270488506303231 -0.04511402094971935 0.022891430875844703 -0.069975828880660895
0.0024253105056417342 0.0030412118183493412 -0.49786824930752127 -0.49795957564452564 0.50179509568906033 -0.50200085219419477 -0.0013543079567748658 -0.00098776170681608524 -0.01312152265633562 0.010295570857280065 -0.008011219282661651
-0.0042612400938820925 -0.0047116170198045794 -0.4915884160523244 -0.49209760489822069 -0.49235913877139909 0.49255742060522456 0.0044024136453399204 0.0045243936000298208 -0.090379313284412899 0.052935821770953059 -0.1417731002336324
-0.0027848071216077597 -0.0064139748737128272 -0.48885427570242956 -0.49597669885935913 -0.49896116800240026 -0.50894390471526718 0.0065401661787400098 0.0036444138369329778 -0.043294897133062081 0.019447904530315946 -0.068445943168714579
0.0047666329099393771 0.0060676856333318381 0.49440680142950083 0.48676782219963249 -0.0074664714810863475 0.0043291884200934846 0.49606828599403902 0.49532651302935937 0.073417009201787967 -0.047795455805741051 0.13920636691465493
0.0051477996868243099 -0.0013490297145320293 0.49986636383033894 0.49599054871918513 0.002757085116206631 0.0014895368598314453 0.49169658128230348 -0.50389121380398483 0.047740671624101415 -0.024236970067681104 0.074500792561930235
0.0013229181994755246 0.0016965079242591843 0.50137257483873265 0.49392648586525256 0.002919388841118697 -0.0029091558520323701 -0.49601216596475523 0.50129101216117922 0.042193259785897864 -0.026435758989946052 0.069575033642413686
0.0012697754386259254 0.0040961232615940001 0.49515228491356539 0.49555597991504285 -0.0040888776656418544 -0.0010918359710368386 -0.50590127212123637 -0.50303861123435822 -0.0097345147288481395 0.0095492731206166179 -0.0065033078437649319
-0.0032326678739576947 0.0030514764254080061 0.4948349515411391 -0.5049454358541009 -0.00065150764592504398 -0.0025285391870173242 0.49580476518797778 0.49679768993905959 0.046223589654802236 -0.022049957754667227 0.069919719188148113
0.00019175328960024325 -0.0084673483378249828 0.50241887119894546 -0.50436152948232027 0.015801162166468333 0.0074082250015907215 0.49749271098197417 -0.49507951479458434 0.013884211900017429 0.0045143708075674827 0.001599946074316507
-0.011863765898171797 0.0042290093905486027 0.50275275308139555 -0.50077892733676821 -0.0015779591859499363 -0.0036930343062895267 -0.49471482324114724 0.50150753946743809 -0.0043135818316462913 -0.00099149806156659985 -0.0036352099517248091
-0.010179067235688609 0.00041037800268616393 0.50868859065067351 -0.49948641878530797 0.011139376515783105 -0.00083560716547626099 -0.49271337956615807 -0.49188657333055363 -0.038851855347925714 0.023903675068527499 -0.068709108932754559
0.0022076900248335545 -0.0041496654562599806 -0.49734816589235237 0.49873813443116183 -0.0019053541061576265 -0.0072381892287123181 0.49328112103932048 0.50187323891254376 0.045678939575452812 -0.034159376611219004 0.073283824476016654
-0.0055061644708839707 -0.0053583980209481784 -0.49673014896673978 0.50317120637303314 0.0035065653599941696 0.0012091494627394991 0.50130937760674366 -0.49859482471807176 -0.0094454032836920453 0.00032738297879080061 -0.0028095782773682257
0.0043590382841113291 -0.0034502232244939561 -0.49012994588971542 0.50319864456489005 -0.0036812542304624197 -0.014453359024776654 -0.50263350891577052 0.5036359813045872 -0.0018995091344884666 -0.0011329399333300492 -0.0039832320888213719
-0.0026797695565740961 -0.011160556838367943 -0.50127805077409848 0.51138635057301185 -0.0010745589917270052 -0.011342002288742832 -0.49020228574745761 -0.48990299718011843 -0.037881421114488417 0.022415220791565917 -0.068571930015791385
0.002262566490129752 0.0033983372073699766 -0.50091224108710219 -0.50153982046391432 2.9958883550801333e-05 0.0016591595617204923 0.49863861436427742 0.49855830236419796 -0.01320756808972123 0.0089772673875320504 -0.0083326965172564691
4.3271018925181165e-05 -0.012072523585765377 -0.4924133533075068 -0.49276720314711214 0.0081807114823281932 0.0013153701959274149 0.5088778763148103 -0.49894527877060707 -0.03891990298025047 0.024655281297473179 -0.066853908605332774
-0.0098697704236529026 0.00095482644205004792 -0.49030082688712723 -0.49197600891935278 0.00040126817356582852 -0.0095436719428059306 -0.49986668230787912 0.51039325665072344 -0.04167946402789955 0.023250803032403441 -0.068770523992573565
-0.0045327714468830077 -0.0039279743853567993 -0.49205572050821383 -0.49193894415447936 0.0035919229136195711 -0.0040707173140146135 -0.49249315427316193 -0.49190181860486681 -0.091898245639460099 0.05203908080680459 -0.14192087885282181
-0.0023212725611677374 0.007400369582371562 -0.0093845848765070489 0.0087558758773619884 0.5002941922777725 0.50316634448981146 0.49073195640809769 0.49574174709647606 0.048054147160363089 -0.022499161066381831 0.083134320298910797
-0.00318978203745294 -0.0057882624517280558 -0.00021486385640057768 0.0048631790475410679 0.5000496300050068 0.49972843987466664 0.49689361181073277 -0.50308913056255478 0.0014319438117207171 0.0029243997624896602 0.011913908600967513
-0.0012007126221913412 -0.0039998573563176073 -0.0026676165177757826 0.011685889745723986 0.49965981193118048 0.50265435000782233 -0.49991921526651723 0.4973482987369619 -0.00088861083882614295 -0.0031007755564293775 0.015251344363334656
-0.0046297160386565527 -0.0046484717940917042 -0.00025552851131909789 0.0061366624470735641 0.5076785999543697 0.497951104703306 -0.49571556261770244 -0.49222514810442247 -0.040656222821372379 0.023085227304039956 -0.063411342598256509
0.0065067547257870893 0.008822532022143911 -0.0071677536296916727 -0.0086456957108900483 0.4989150517145311 -0.49383773059268665 0.48777904130035654 0.49287126149707489 0.085024044753243017 -0.04713527772228477 0.12907544773199889
0.0093336692922485424 -0.0051199557043645578 -0.0087347947419198213 0.0028607470165672977 0.49913022099723958 -0.49570473919255742 0.49220834698738092 -0.50516278676806181 0.040621360603542829 -0.01739164531897228 0.07441075153651551
0.0038972149629983061 0.0052122592024317332 -0.0010809141030383 -0.0050373747776807183 0.49364382453947764 -0.50058903643538277 -0.50425981977317291 0.49419580863519508 0.04336331248155912 -0.028457199005231741 0.06678202968956963
0.0012062306233867808 0.0014904632878028892 -0.0016217718277345659 -0.001345852061838679 0.49649305480112127 -0.49859490624759739 -0.50312536632774407 -0.50152993259508816 -0.0090877477009184329 0.0079121173180996679 -0.0087779139575671992
0.0031484008669060677 0.0015120520753384927 -0.0025733500892098473 -0.0031126054294334351 -0.50289204876847859 0.50419943297415959 0.49629155766030264 0.49631686373337297 -0.010471878291555891 0.0083308581823074938 -0.0062615523005228862
-0.0029758817957795799 -0.0082956394956008143 0.0051984412025797852 0.0025186971263893424 -0.490708548728153 0.49782083355909773 0.50733913111941464 -0.49783883329898043 -0.039088513938192571 0.024620467493621685 -0.062433320425772307
-0.0066332023245748509 -0.0060641766689110525 0.0050356807992174386 0.0062258294484130085 -0.49587670369509568 0.48846421248852245 -0.50089007734693325 0.50804110879326636 -0.042016975891877695 0.023281104422652583 -0.063718453453654747
-0.0044989177569985392 -0.0048605856471768578 0.0051063339255580965 0.0043928404457396339 -0.49274480155143408 0.49202212374069776 -0.49182968069454758 -0.49191758732882163 -0.089969414063758968 0.051360949708915075 -0.1428837390646156
0.0037419524765685852 0.001562672602149527 0.00020892246206384072 -0.0057296927727006281 -0.50162188411322806 -0.49749830100455722 0.50497515380788371 0.48960757870791588 0.041901770754214605 -0.02604363925940574 0.060597789272170077
-0.0055941594551051875 -0.0054629690614668549 0.0045615433603598335 0.0036862478657010045 -0.49326042084995547 -0.49684514441518873 0.50188650376116473 -0.50765510411348691 0.0028458462748475648 0.0038439693565189836 0.010811226125127357
-0.00054425388248822884 0.0016419733910972775 0.0079377149804219661 -0.0022043812680425908 -0.49785098985633147 -0.50595422582648464 -0.4955782312419319 0.50041072803515285 -0.0045950679198733775 0.0051416410244356425 -0.0052557803832329322
-0.0070333218292450549 -0.0047442719751566217 0.0073089127974795736 0.0028886148273808672 -0.50025729300944621 -0.50997785403047302 -0.48851453321375621 -0.49370717973732381 -0.044184867771848102 0.024585224790079435 -0.06768696219859334
0.51614400820408135 0.021997136010030099 0.48522887375646007 -0.0079649999345119751 0.48820603916002747 0.011283812157929729 -0.020837546139114628 -0.019084994317849633 0.50030700975437969 0.01785507160552284 -0.087773450619791374
0.49490951045722292 -0.0019429448777659891 0.50198032009073812 0.0097048765628599126 0.50166849982962147 -0.007427424202832828 0.0070710771809691956 0.0033356824130868733 -0.48083252500317158 -0.037677904842581329 0.13629107146540995
0.5117826104120401 0.020408455281283138 0.48732411176975349 -0.0099986981405121161 -0.50971619800967127 0.019162566143764756 -0.01668624543001148 -0.016716437343415529 0.46062312478875556 0.042166421900589342 -0.15934222294004161
0.49022783966968225 -0.0108526540002464 0.50961720854575532 0.0064790932543523647 -0.48956720747171129 -0.010274855910858686 0.014155070574187859 0.013318725791072666 -0.5010749355219184 -0.022318347824758937 0.089853379376419226
0.51662023294462722 0.014252287431152689 -0.51321542487832095 -0.019804498230029558 0.48291996926007175 0.0089888282260140277 -0.016571173331133508 -0.01054083799744782 0.45882935797673474 0.042531381341566865 -0.15200858461807784
0.48846699678306532 -0.0097781725319171196 -0.48929771834231356 0.011624509551128341 0.51058004741969854 -0.010097404401327861 0.0065156510028815066 0.0068521930924925192 -0.50316097807862681 -0.020858100702552854 0.085250308594742391
0.50638713235516497 0.0033349279208420772 -0.50759229399739003 0.0055746931866297077 -0.50675874468538751 0.0034463788216607359 -0.0090532378197657054 -0.007067196511308175 0.41881150085105978 0.06293839628840478 -0.22263740053077605
0.48368081903255766 -0.01476491973247014 -0.4870813065208372 0.018120479349065435 -0.48370234671997575 -0.013303693258184189 0.0074779126773542072 0.0084581763014069111 -0.54188934610098827 0.0039231982767859294 0.018067877790464048
-0.47619357861039591 0.026596568026207426 0.47688946729261322 -0.029164121149907917 0.47649410449412388 0.025268979284548927 -0.012302133450619295 -0.012891534277324217 0.5488641891846433 0.075312195458599726 -0.096600601722052773
-0.50139410707543564 -0.0036023698757728533 0.5021760891095759 0.0065720492982985967 0.50090456605293354 -0.005238816273853867 0.003270175505740791 0.00043017101556368925 -0.44462260731324149 -0.048508948199218943 0.2130278536786851
-0.48730960455512423 0.0086853714231080598 0.49051997479769127 -0.011235148889840616 -0.51534939033690019 0.02018315850215174 -0.018149395345041695 -0.015311530764067835 0.4966409849847741 0.015930709183151245 -0.090860257485188403
-0.50000843430899644 -0.0078754519436789322 0.50179930881185186 0.0095973098522780381 -0.49587037426475172 0.00035213560356508919 0.0040898646305462267 0.004501686285259386 -0.47752428276346709 -0.022405879426865456 0.15355415946624729
-0.48640844016445273 0.007767342731565925 -0.5199731007457048 -0.01912493646880857 0.48737310140951706 0.0060836649263853737 -0.016727028826249456 -0.019739669983539151 0.49526702385385274 0.024385705634521672 -0.092117438373024871
-0.50481604698338034 -0.0071464529210615363 -0.49494553074596231 0.013940584651659139 0.50443989562454861 -0.0084277210391926743 0.0023268336642471624 0.0028572912582824927 -0.47579943158759547 -0.019523724690538424 0.13650560662537606
-0.48435188073435431 0.0088493010353487382 -0.51132687303075675 -0.020809354038141815 -0.51790288647939819 0.011156486582129579 -0.0096317309565318813 -0.013882571893672056 0.45681924837535209 0.033898595818552223 -0.15802038367419713
-0.51057515527401343 -0.011566101261993226 -0.48864017969125095 0.011486858270865787 -0.48940888561663115 -0.01018720461197559 0.0066070575248155317 0.0072857128677427134 -0.50206186806773123 -0.019518820601678342 0.090052140408180242
0.51688879941925625 0.018588933438547811 -0.0032175820100912331 0.4878442174561321 -0.020410663415242176 0.019076452845981241 0.48804608600350091 -0.0024976973523751513 0.49689191804239635 0.022352681636485322 -0.090006332373506498
0.49572221405733974 -0.014750952534212396 0.0078670025796846055 0.5049435474444024 0.0032667942193119167 -0.002297208174347959 0.50443566645195326 0.0090756781626345536 -0.47459983495421243 -0.020341280730257486 0.13711159827300515
0.51069006120933291 0.019414930384572433 -0.0080744173888435914 0.48446358547990731 -0.015393919222406745 0.0078314139540146977 -0.51844892815816646 -0.012357027240428821 0.45679566872516469 0.034489276771102521 -0.15797618740041769
0.488775863454953 -0.010211818715158506 0.010632793052084515 0.51063286015032261 0.0077670753709108819 -0.0053584001658410372 -0.48916779857026987 0.010040565811094188 -0.50230145695645556 -0.019138416097472775 0.08936934175466929
0.51225985704729338 0.019353852264191777 -0.013696055505194739 -0.51818432979267048 -0.0081889964580018886 0.015593812378879584 0.48394480173535254 -0.0091781740569968941 0.45757036830404341 0.041565375370643545 -0.15105405207591863
0.48940269862386437 -0.01073065851486313 0.0093683413553548537 -0.48821939189101571 0.0068940815991888676 -0.0074766653930522864 0.51008681355298624 0.009985071771557644 -0.50356070994779167 -0.021168166452337055 0.086664544825649809
0.50728082148064102 -0.0065962636148228938 -0.0029425365518572573 -0.50687579739489508 -0.0076234865608949291 0.0074010711396640567 -0.50687764164089744 -0.0032735254414346399 0.4184011959552133 0.063059189732069518 -0.22272482979261635
0.48713458800284676 -0.018675894560720177 0.014148049961857317 -0.48313284732611894 0.0079544496979430911 -0.0068722740407620797 -0.48371675032890904 0.01386298279201616 -0.5423129303853379 0.0034247630330201356 0.018274761951460484
-0.47662592726957992 0.028574828744037925 -0.025911815800578223 0.47470237225985162 -0.01381736181152733 0.012552430911959712 0.47564841300869443 -0.025114388792244226 0.5501922343927288 0.078284092704977382 -0.099684090513058377
-0.50081579649704966 -0.0062540249632718455 0.0043731884045141575 0.50127765806625979 0.0034410881747006126 -0.0030415778296902806 0.50155335212747787 0.0046418114378625162 -0.44548088791208623 -0.0484467231635205 0.21318372285446857
-0.49148289710221177 0.0074005350216191004 -0.011588748849360422 0.48651171057959097 -0.017066142904647027 0.020817403209903218 -0.51581514236935033 -0.019397402297927132 0.49593837115027539 0.017359474206663297 -0.090219139649248756
-0.50157085501768517 -0.0089930662887636043 0.007367212843619928 0.50025918357205179 0.0046805365752531558 -0.0024795646964401383 -0.49607975324506132 -0.0015557253950204595 -0.4769506952474547 -0.021249393401970709 0.15483273439557688
-0.48900190852947345 0.010102426281030731 -0.021038700366730386 -0.5168795753504809 -0.019648718029029223 0.016164583336786019 0.48769658256655951 -0.01169715398429471 0.49648740858970974 0.021139844298259169 -0.087115821020092452
-0.50190879568664437 -0.010121912228915732 0.00019431249721866604 -0.49513186880900006 0.0041052715908604029 -0.0061616200726590398 0.5014075625135791 0.0073050777320711495 -0.48070189525664897 -0.038161452360549762 0.1370443985164562
-0.48637264818913523 0.009591689678541666 -0.019687512274058162 -0.51212448803532351 -0.016426013002705016 0.015821743591771468 -0.51074611605320153 -0.019913166969928984 0.46011435369184617 0.042417049855937111 -0.15939843741460288
-0.5088503650579298 -0.0064837215472551956 0.01008696904320245 -0.48983501090037568 0.013340704983054653 -0.013065158218402952 -0.48969234496624425 0.0096470945350359948 -0.50216728873991823 -0.021834616214963985 0.090000634559876544
0.51152532066315903 0.021670265178703515 -0.016525923406127664 -0.017110163212880756 -0.018811247244972948 0.5100275436063213 -0.01026633755794381 0.48697646852368148 0.46054064511343201 0.043147513427907104 -0.16004234295577421
0.48967916265066336 -0.0096626634372035114 0.013663505874460986 0.014157938805138732 0.011193705806596415 0.490904433064344 0.0058039111124937219 0.50954194565284228 -0.50054875814236766 -0.021508484631038011 0.08912349057497343
0.50644646997263176 0.0031508638169064763 -0.0074510851211420466 -0.0074535554347265904 -0.0028945111048042167 0.50566408676135044 0.0053685616346002456 -0.50801026755141854 0.41885323272889652 0.063403498235754197 -0.2238864367686734
0.48350573593504342 -0.014331156656868614 0.007761238799155328 0.0089724622586114626 0.013800515685792413 0.48373943496540844 0.017586627054769668 -0.48761207244322474 -0.54157994378558239 0.0037651202585682535 0.016850813077295069
0.51594777988568308 0.021298223517041297 -0.018849335464640186 -0.021194426393166405 -0.011069416122840245 -0.48823650743305974 -0.0096741500111904646 0.48601766904049587 0.49987359444165913 0.015444258508527544 -0.087312395716917429
0.49591283962358407 -0.0013744677525078296 0.0028052177085763704 0.0058160830206408021 0.0071824940348650772 -0.49920385690250352 0.0078497440364849996 0.50182250583183396 -0.477683065190457 -0.020378718840268838 0.15584268512759522
0.51682507183430937 0.012730028400785588 -0.01123141226823527 -0.015097754955873975 -0.008625942086218889 -0.48417270236726062 -0.019839631611967709 -0.51185134328479376 0.45726622302222819 0.034456446130381291 -0.15878613943837291
0.48961804927273989 -0.01204746713562729 0.0059429889918120047 0.0068653134141399494 0.010475449690205885 -0.51060881271985858 0.010804901811458774 -0.4885578418543145 -0.50210074371719982 -0.019569857756281429 0.089004669134148201
-0.48811779411274692 0.010183353994676677 -0.015380348620783161 -0.018984611681342488 -0.022538249430950053 0.51495467558992158 -0.008464461190689684 0.48901608728834267 0.49776780021438594 0.022803781995787205 -0.088616482860555054
-0.50143411931061732 -0.0078258538278478604 0.0062621716884502365 0.0042304306039184598 0.0015882529091719223 0.49500614574360652 0.010977402336764744 0.5019903403720436 -0.48079966694059845 -0.034429489169045438 0.13763483262212889
-0.4831112126479265 0.0097959601000294928 -0.014688668182568223 -0.011409020619241331 -0.013693212917593416 0.51704353146190341 -0.019160229175083098 -0.51218173402112654 0.4597963605434503 0.041850726616129076 -0.15092625886262462
-0.51126609807329548 -0.011345251953119556 0.0058870593034866464 0.0075643580901924891 0.01195573864611665 0.48921074578694146 0.012971820816928553 -0.48924477761024376 -0.50127263719247328 -0.021809979841209325 0.087393587783680768
-0.47614183976457536 0.026479937485874933 -0.011931530433104005 -0.013329813799513372 -0.026142279552575587 -0.47686766650509044 -0.028990957764765745 0.47772131384755562 0.54836101567202022 0.07354323606414348 -0.094947277094919152
-0.5019850362506787 -0.0035813222890264187 0.002256987033008165 0.0022951388348165752 0.0061936097664325694 -0.50031470738359074 0.0072576507065977621 0.5020476180499962 -0.44457284140134129 -0.047322509272143154 0.21364866756695175
-0.48721024455106093 0.0061948416161076939 -0.02052239562077417 -0.018395230809554616 -0.0078060565878723493 -0.48863935358748278 -0.017822886605809198 -0.51857957677895727 0.49460173357401338 0.024812625641909346 -0.092249238070445078
-0.50453135543468031 -0.0082470335893962046 0.0026786003449615387 0.0030598692110570393 0.0083165317329356309 -0.50480787331343246 0.010823330007933698 -0.4923885814130845 -0.47831471175220225 -0.018121189994988133 0.13706351037986131
0.017690842268019879 0.51692387305195853 0.48830050260502278 -0.0044982053041929928 -0.019023091469842563 0.019885108317649867 -0.0053095493491451453 0.48851042980162657 0.49629313072577647 0.021280129381511657 -0.08849568622431464
-0.014670959733725513 0.49540669079074584 0.50513798094136186 0.0081081567900618927 0.0024056958386777464 -0.0024684641966714604 0.0092669464728932852 0.50406686618680507 -0.47442282566945759 -0.021687046113814605 0.1392779365391161
0.019517266652628967 0.51145450429277017 0.48540128450414111 -0.0095286603526889297 -0.0084691674966752353 0.014081678066895168 -0.012154303522484687 -0.51767555714034696 0.45590093792936826 0.033966835524534653 -0.15787027219929556
-0.0096826348448227906 0.4883930036048697 0.50988841028046161 0.010943091934667241 0.0052096023726504841 -0.007985555552043784 0.010373021686292937 -0.48938905057249815 -0.50327703044620242 -0.020427241647005979 0.088698282865478456
0.019772253775867953 0.51270798465024314 -0.51705779008139552 -0.013365431322449548 -0.01655602583135277 0.0078717161094563736 -0.0097905460945602821 0.48542554179302677 0.45691570017566863 0.042000964486061249 -0.1503538227306396
-0.010085658875818408 0.48908759826658804 -0.48801918818245582 0.0098520384528434073 0.0079836254477795437 -0.0053941804731643134 0.010133488878349946 0.51019660899287678 -0.50394127611373096 -0.020389320788126143 0.086966504785690624
-0.0057539428437997442 0.50846570179231498 -0.50636874317903757 -0.003909526558261516 -0.0091670963146098065 0.0068169595831926028 -0.0040942806325829544 -0.50596098220260577 0.41809287257532585 0.063632845340669889 -0.2236299609475651
-0.017684997578173392 0.48739458647572453 -0.4834733622126795 0.014465817589178902 0.0063998354852147169 -0.0074383501077589925 0.013839459217178714 -0.48321392800166468 -0.54228804958191601 0.0041402149937695412 0.01734987592816779
0.028378832952799419 -0.47723250377576126 0.47498755853060748 -0.026557743975114113 -0.01188033515381037 0.012847527013247106 -0.025820853914057893 0.47519370583403908 0.55004905445117214 0.077844942022261235 -0.098638286077471632
-0.0064927936403646417 -0.50197878533744344 0.50084579504218985 0.0045721677602892962 0.0051101375765865535 -0.0028936712001408718 0.0057775709401725788 0.50004340646110901 -0.4456487218433004 -0.049382787240516035 0.21437119467396445
0.0077816634109042233 -0.48574197691342014 0.48771025900752285 -0.011731094643790177 -0.01673274299345762 0.017239846676629998 -0.023435419368556039 -0.51587770762220631 0.5002716957112876 0.02120998599516551 -0.089539958210128279
-0.0093079030121074775 -0.50199973582086344 0.49915156415849493 0.0077941932195437118 0.0036740939260183456 -0.0051629622265866567 7.1003018222765823e-05 -0.49682617892181691 -0.47718669144714637 -0.021696944522514992 0.15376048446524021
0.011300366406302288 -0.48359123236537538 -0.51677150666034177 -0.021195394024668308 -0.020740965669138536 0.020076669470817807 -0.016127303237767641 0.48814076340011886 0.50091657021426217 0.017031893069403916 -0.089036711873865582
-0.0096998535052398738 -0.50220244368384559 -0.49561837745155313 0.001452689022034604 0.0077190935789092398 -0.0028258210397662901 0.0077020711019338342 0.50098901640540094 -0.48034318501268997 -0.037835475619920851 0.1370435963297299
0.0092188307801821228 -0.48519311648089458 -0.51211225117441872 -0.020198679925739201 -0.016176858556079816 0.015660540958995193 -0.020317327217084818 -0.51051166046313823 0.46095631840040419 0.043531765277301279 -0.16099091214589953
-0.0065289335163312787 -0.50840081882974697 -0.49091975258713966 0.01058018618196669 0.013630133215273909 -0.012899629674222753 0.010035763252513851 -0.49002006645557633 -0.50162233223740682 -0.020971977525410166 0.087945923893668038
0.021206896069508478 0.51247434098748523 -0.0085695056517338681 0.48604293656484338 -0.020389590599988846 0.509219793852276 -0.016840130572313466 -0.016541056770801518 0.46108695264944927 0.043331281239457266 -0.16078755090759644
-0.0095271097365037319 0.48996031637562953 0.0070831273004726154 0.5094579069493117 0.0097494950613735525 0.49033864155076973 0.013618045020962742 0.013420401851147141 -0.50103184755748031 -0.020892299485369355 0.088817780197095172
0.022930778562816979 0.51608754135725921 -0.010146114742358861 0.48551329237032803 -0.010146892364762393 -0.48874472955062243 -0.01729627625878848 -0.017208822454793313 0.49930841286644101 0.01983103051471902 -0.089609667873100984
-0.0016484188941448673 0.49490808640011003 0.0090285398719188222 0.50252048402141347 0.0068426101874658005 -0.50076962910802947 0.0039416391584736928 0.0075800288542577123 -0.48095820907593734 -0.036900716425640252 0.13741331623783723
0.0030122202028455354 0.50668494514690976 0.0062553418332425247 -0.50829713792741615 -0.0041545478698823543 0.50604702272362667 -0.0077094336548946315 -0.0080682274397585151 0.41811765089471969 0.062834087548993639 -0.22329422177854763
-0.013816161810436187 0.48300737317253212 0.018274218788582042 -0.48696953827473033 0.013600744533497919 0.48399374947495394 0.0081304395703970592 0.0074106908222618785 -0.5423623244691631 0.0034682936883226796 0.01774374877240226
0.012246994665337867 0.51664509853478291 -0.020750449902193262 -0.51414535717440046 -0.0095405785773909745 -0.48435662732141488 -0.010002039960748596 -0.015054670502369442 0.4570066371519434 0.041268447483903362 -0.15024853966271279
-0.010006649551043027 0.48827570202780385 0.0109774432330575 -0.48885036330960052 0.0098349417066049671 -0.51008455652408291 0.0069278431200892497 0.0076364551114721964 -0.50392315491920336 -0.02214176380484419 0.087025448567260258
0.015212840464365699 -0.48618892724999507 -0.010246270850216038 0.48200625459771262 -0.02458277294749912 0.51608861750615265 -0.021123956156628966 -0.016630792530446043 0.50482715072206341 0.022328362447415508 -0.089052200770198944
-0.0068765198930198917 -0.50019602551278686 0.0097811144991553061 0.50238351616678478 -1.0815663997984235e-05 0.4969619366468116 0.0046047458095520829 0.0029030168563317967 -0.47586015221094691 -0.021940804224940262 0.15279627247611521
0.026605854293141405 -0.47554832057490548 -0.029902421523729964 0.47665116431796301 -0.026091455886093337 -0.47711697399523895 -0.012199030259775387 -0.011611187700980036 0.5489915272201733 0.076157131517001209 -0.09622278032199208
-0.0052093496314489195 -0.50182210247823766 0.0054874306813961311 0.50325245581537847 0.0048481616036652412 -0.50013290047511128 0.0013135799073427732 0.0026976906322170912 -0.44346906944603953 -0.04904085794028247 0.21358615784429441
0.008084371744138636 -0.48430633421669506 -0.020629767583443481 -0.51175583843564254 -0.010153513954439071 0.51732711762265216 -0.014602238371310045 -0.0096708918835193575 0.45690083645818907 0.033560316802485113 -0.15855765790033341
-0.011052325157366464 -0.51141433766386524 0.010933969096565055 -0.488020099479619 0.011894476071862062 0.4896753316011796 0.0071330098135441618 0.0058767531173643216 -0.50166338205298289 -0.020243745899412861 0.089248355880178765
0.0042618456830610715 -0.48644738715021096 -0.020066093732559621 -0.51958898614121873 -0.0040228591645616535 -0.4886259583427337 -0.019175789438586215 -0.015802913557287013 0.4952122293801019 0.021774393239016226 -0.088753499654493903
-0.0080869267238964076 -0.50536849038591625 0.011835538881642226 -0.49422098764010702 0.0097067544205417123 -0.50393167927037952 0.0030963432847896889 0.0023087478973315991 -0.47603669956981071 -0.020617539899052868 0.1380236484650274
0.022867825301759244 0.5170121673866418 -0.01930682887973606 -0.01790430370801253 0.48746210133805418 0.010048302788963421 0.48491757324429491 -0.0099901441538435744 0.50024467995540323 0.020229117442520865 -0.088674021788160737
-0.0013442908020356061 0.49583729817445771 0.0060243661096681988 0.0032256202336440744 0.49950147888777996 -0.0066661194599432847 0.50192069708983111 0.007339144239838483 -0.47805590266895687 -0.019974406316405364 0.1537401452419164
0.01202983091500574 0.51734951389880612 -0.014257150709000644 -0.010759322579096592 0.48270941612551271 0.0080758616971943961 -0.51279171233425203 -0.019761816469483755 0.45708323183593735 0.035030763690058433 -0.15910383229381211
-0.011163834025582598 0.48931949198676311 0.0071409560485827528 0.0069927719328722326 0.51017283212420117 -0.0099196845700844933 -0.48865197936770199 0.010007079584286621 -0.5027195196368931 -0.019125945138181836 0.089406805648772264
0.02188445888450348 0.51140943683133633 -0.016456243005346628 -0.017751777716521425 -0.51086882146927337 0.018517020600966164 0.48670502959825263 -0.0090795615607495023 0.4602494979819009 0.042911170208016346 -0.15946942915905424
-0.0089370609481607011 0.48871289671594115 0.013683005974117084 0.013212962219891792 -0.49076029798987159 -0.010113892697365899 0.50989184169031276 0.006436159800046447 -0.50119833277110359 -0.022498012306556681 0.089627126963987863
0.0031950894720767951 0.50628921110724057 -0.0067662466063572665 -0.0092268418714459358 -0.507371434665285 0.0029619939169661701 -0.50796663913491102 0.0060381315399600172 0.41821348348985732 0.062439216019231913 -0.22187344211737611
-0.013837273407361355 0.48257212610968653 0.0089565402859464148 0.0076442313330621469 -0.48438965517023874 -0.013496071145315711 -0.48715442502181205 0.017997978552457314 -0.54218704485004776 0.0030025921639470769 0.018957027576059278
0.027027961328265813 -0.47505277797690698 -0.013155779797297781 -0.011566037568852489 0.47751678880889087 0.026051638871733254 0.47688841926850606 -0.029499635703199214 0.54900662025933133 0.074400942207914059 -0.096695222035264608
-0.0055969158378403683 -0.50176791910238439 9.215945009915216e-05 0.0017718764467938022 0.50199517837724261 -0.0041230027435958955 0.50314071519536263 0.0060076056124528723 -0.44200877098675406 -0.047611846413325803 0.21296246483132672
0.0038568536362461646 -0.48754360468547159 -0.018002264234583485 -0.019988211107487806 0.49037798664033982 0.0065754602913345407 -0.5176238248052385 -0.018354764600220633 0.49403080044480358 0.02366528676772147 -0.090283678893441938
-0.0089192662058481306 -0.50451009199634511 0.0022842607159861169 0.0040050169506020902 0.50532704909383686 -0.0082335317444624367 -0.49273436327701986 0.0095857900715551649 -0.47769310273500348 -0.018057003501464306 0.13619743853748031
0.01463988027681193 -0.48808318851504284 -0.017381259961674372 -0.021855097229830082 -0.51473800502990186 0.023757927464335193 0.4828567237781547 -0.009624291065655868 0.50308781699072314 0.017124630227156556 -0.092882836632649277
-0.0071870933993542852 -0.50242221094193984 0.0035249444645452364 0.0059946841344702649 -0.49357083159041099 -0.0002653671970986058 0.50259989209249467 0.010688646777248925 -0.48058214932661458 -0.034982320354909099 0.13768008665967144
0.0084258127095152395 -0.48380797181733598 -0.010346972888830581 -0.015378341088599298 -0.51770131068806879 0.012028691243776913 -0.51201273087110977 -0.019820991912127991 0.45923065768343058 0.041317306476741616 -0.14901723825476254
-0.011659183509933328 -0.51248403922670582 0.0070652096485207833 0.0064067121533974754 -0.48820484642037587 -0.011285373044988986 -0.48863522751365224 0.012435955772205092 -0.50136068473710971 -0.02267311787935012 0.088691786986951529
0.0158335464129029 0.016430270178609291 0.48934304497864356 -0.0062077280868621607 -0.015828479011185531 0.51926406814642401 0.48995368925278399 -0.0042218936331980556 0.49162880676509424 0.023001203057651503 -0.08830684727393584
-0.0033580611897536697 -0.0045481925949118146 0.50497282305194779 0.0085786486680020351 0.0094779807935924474 0.49049995969922588 0.5051953384754243 0.007627901890522636 -0.48004345443287555 -0.016751825320486472 0.13495922662163776
0.010200917400363807 0.015449678869736869 0.48371257315325678 -0.0095846149958186827 -0.01841685985634196 0.5107926396866419 -0.51811827071650574 -0.014516333325433681 0.45985997320162708 0.041010706776811907 -0.15009626758857825
-0.0071692402290630865 -0.0067472718100979783 0.51233540459758786 0.010841486604971909 0.012054220853778989 0.48892589373092288 -0.48839327983755915 0.012598285870786008 -0.50100243433653513 -0.02236726835978211 0.088958930851951501
0.013449131786650715 0.012623103446921861 0.47490032452290998 -0.02753346794323392 -0.027231344292139692 -0.47855116425196609 0.47561698784484413 -0.026347829684695602 0.54951797967326654 0.073998611980555684 -0.096265639201141229
-0.0021684615113261641 -0.0031397493549331422 0.50091695822157345 0.0065283051597774568 0.0071733932022780009 -0.50271597245791488 0.50075186449465336 0.005480668210021653 -0.4442651166274878 -0.048036929982959185 0.21398296053420879
0.020633875604141334 0.015761326556919301 0.48820718393459239 -0.012161381742380182 -0.010300939691492025 -0.49042912086039836 -0.51548483643118082 -0.020917900977251554 0.49617599538584983 0.023776414077921547 -0.085362326173437225
-0.0034867391015106536 -0.0068503189536618632 0.50106471706129485 0.0080878776798002892 0.010403064145500901 -0.50245686213144003 -0.49376206802019412 0.0018963954011018463 -0.48183783269184599 -0.03649049717346757 0.13760341477145702
0.015321763707343028 0.01135204587881692 -0.51761383432791508 -0.014409103223369567 -0.017895837732574138 0.51052481341466416 0.48320388382883139 -0.008426689352856457 0.45834778932702136 0.035487006983196089 -0.16015554520957431
-0.0064329682414235555 -0.0062114004231979816 -0.48920364069639022 0.012735383802544178 0.011318716452026992 0.48915420056955122 0.51114403466158986 0.010285661674752778 -0.50149560486182676 -0.019616562959842553 0.088210134519370667
0.0068775821458600152 0.0088291940860315572 -0.50571230277713519 -0.0029426978652170393 0.0035868603091371216 0.5077980634010959 -0.50676379022443097 -0.0026552429376277523 0.41872815030663879 0.063829924018008508 -0.22366336384599453
-0.0084306600619628216 -0.0078005893792081338 -0.48292496488241365 0.014576170069301394 0.017177209789031544 0.48827332083150182 -0.48363066203304428 0.013862187909140048 -0.54159076734346789 0.0042129370282280526 0.01743875974628727
0.019058337722838735 0.019922787259281923 -0.51651724756701489 -0.022275175583424379 -0.011808125211586007 -0.48615281306651986 0.48847877956983154 -0.011925836791077529 0.49843652535825067 0.020056208225318912 -0.088739266299085476
-0.0050483879127359681 -0.0025678313680728153 -0.49575556038354734 0.0017045102026666749 0.0086484785951358705 -0.50129698873099948 0.4998031601145278 0.0073159836026728967 -0.47833077300981075 -0.019274996845556541 0.15423811310577915
0.015913471994240858 0.016913589924102787 -0.5109919012473314 -0.020583691824579142 -0.01100304119624302 -0.48708852689944337 -0.51203889796710256 -0.018956331586180309 0.45905134941566345 0.043688920241492943 -0.15927316701836863
-0.013736865965383883 -0.013680535725254803 -0.49004479944025303 0.0099347544909692657 0.0050989069610462108 -0.508646697700185 -0.49038957004261541 0.0101114994372137 -0.50143211637454965 -0.021169398851805746 0.090374726057277935
0.012237392714038639 0.013818722556459434 -0.02674449390856325 0.47524181925639247 0.4777373948992979 0.027451582803119153 -0.027396311760905873 0.47563794141157562 0.5495904720809367 0.07553955959832076 -0.096771407159130254
-0.0013433727923919737 -0.0013698554652708604 0.0060511907404326984 0.50192226484729197 0.50341883392218312 -0.0063361408705198642 0.0036895080635035628 0.50054996001157348 -0.442758657547559 -0.047957741651361331 0.21369142285800136
0.014624976091284072 0.02046067866501192 -0.010227184764639515 0.48887687899808802 0.48828608668392098 0.0071997127478376473 -0.02244651932566372 -0.51593537405042245 0.49651321334556797 0.023889166376465876 -0.089431060262839285
-0.0058463910848029496 -0.0030176405133569718 0.0070742810261699108 0.50222119855541969 0.50215246357791155 -0.010617273731109355 0.0025255714970163173 -0.49466027955730896 -0.48069248632917388 -0.035442226087156053 0.13562493930413955
0.015264452496154223 0.01377256478288829 -0.0031909081433830404 0.48791042126395973 -0.51988383555359963 0.01694879507105226 -0.004805493819012469 0.49106345704808185 0.49141615088554541 0.020263333506667914 -0.08875381736822012
-0.0039292780819322739 -0.0045802169939281375 0.0086387607155114527 0.50461733152217214 -0.48995789504029519 -0.0083770966066820541 0.0083835151336424888 0.50544519266923571 -0.48037258001534722 -0.016347274627070411 0.1362028381868027
0.015552327155172093 0.0103286249090697 -0.0086591715384628301 0.48299726302893231 -0.5117253241623746 0.017758091605934063 -0.01422838274239439 -0.51773833635021682 0.45973196219544571 0.042067418777841134 -0.15077590486195949
-0.0060591717174961635 -0.0074400986732163672 0.010668045414640953 0.51218193165926551 -0.48924015778436319 -0.011642386342280301 0.013240764919322681 -0.48834969003896062 -0.50098347339619609 -0.022035415611135496 0.088552685650766849
0.019642043917573012 0.019527745899597711 -0.021551926814108474 -0.51578385077332534 0.48770097459498851 0.016451959786666626 -0.012913941499249886 0.48831622727583784 0.49741753646914788 0.018709566445911693 -0.090657168561305707
-0.0027798789404997987 -0.005495162890242513 0.0016279988844923249 -0.49458615388597865 0.50255334083684955 -0.0079985078820205176 0.0070617329472668633 0.49927185461638995 -0.47881869405525479 -0.019449285439482693 0.15411766797477011
0.016102578376814045 0.016978221667833419 -0.020592544803159394 -0.51162078573241698 0.48651639212741615 0.0096818481319426858 -0.019863414710705334 -0.51128797562869155 0.45925499901788597 0.043303044407038235 -0.16087377234176989
-0.013434479234697478 -0.013882075261564784 0.0084944389428831049 -0.48887525478295374 0.50955694305536647 -0.0053927337729118433 0.010185868349566803 -0.49082063793017555 -0.50160278164359817 -0.021684792797887452 0.088283868317463571
0.010577935022368085 0.014126665009350916 -0.013874330400566938 -0.51859347130328315 -0.51028244515036969 0.017788808588262962 -0.0085594044808014764 0.48375614389215399 0.4578424868539927 0.033774543421447131 -0.15810917384467363
-0.006287576145560924 -0.0074995637074323999 0.012929145465162644 -0.48921720565201937 -0.48804729213853681 -0.010363228417463174 0.010833184228341768 0.5113318295949173 -0.50187120041291666 -0.021254308100120564 0.090564809395613996
0.0076251090669242818 0.0071462260480388839 -0.0023753405732382057 -0.50666475145962353 -0.50817423384678329 -0.0058260456998911712 -0.0028645030051889712 -0.5063119781789297 0.41813784608275706 0.062964428481852311 -0.22301833913502031
-0.0074374347647898648 -0.0091114182962419125 0.013864176680878342 -0.48316249372167774 -0.48760378015700495 -0.017359747641364352 0.014214345543122736 -0.48351876921124382 -0.54206428878597124 0.0028750936903292707 0.018172547571670045
0.48821959443277074 -0.0084817324343442989 0.51199987545511405 0.0079311872029106702 0.0108437103375741 0.49053701297178259 -0.0013947736079271019 0.011083283818910172 -0.036363460829648774 0.50710666945976435 0.0038084660215468406
0.50857929532957158 0.019746311078617001 0.48693891469665862 -0.0081879430728426916 -0.0095283149410002634 0.51622319940041639 -0.014261536609799943 -0.0066249809816518353 0.0044149807267157785 -0.48091427909535384 -0.075220585122830363
0.49040823507620812 -0.0060579283580074316 0.50858230711606589 0.0016205020748750712 0.0077711741662067164 -0.50357310467046246 0.0011060409607126143 0.0017539414647791463 -0.024048703414087151 0.49357863690692461 0.054366366951797987
0.51217013434872993 0.021621579908527637 0.49280681384703745 -0.0073891308574279644 -0.003048453175691817 -0.49121986437439996 -0.014609580615057956 -0.018431171072744491 0.033438867446793141 -0.50130821021283289 -0.0036918987011180402
0.49335936192657021 -0.021100654797709562 -0.48233586097797526 0.011127632492665603 0.0087481738531820733 0.48174918803556199 0.00270718306847609 0.0098986862183941208 -0.079195135108392128 0.52937011967117698 -0.067903452070132722
0.51127448586775226 -0.01204415636472379 -0.50363826349988194 -0.0028399875141838669 -0.0054697607965782475 0.50221561392072867 -0.010340584382455369 -0.0031532389266379374 -0.042144572473609386 -0.45968516657788611 -0.13906776512586561
0.49168679118406305 -0.010932677348318732 -0.48489570153282707 0.0042981272595746852 0.0053242981206680041 -0.51258595075483138 0.0082585168139709727 0.0027103895491420275 -0.03632013253401116 0.50873800612489584 0.00070384782132389926
0.51291741474193941 0.016791078427807898 -0.51171598978676824 -0.016681196313031523 -0.011057727057805392 -0.48744952674357045 -0.011624648901608973 -0.011453505022232932 -0.0027441157774001773 -0.48177351273800423 -0.066282662807698969
-0.50214365452575582 -0.006932402571313021 0.49470741698128096 0.0099857491271495933 0.0011947909456905509 0.50010097453832447 -0.000674774932435118 0.0058893476868300092 -0.019568001032486598 0.4977666154408758 0.068384839718630921
-0.48705603573947603 0.012114561425267078 0.48280374274467902 -0.0092111943179200798 -0.018487467263802706 0.51768770512886453 -0.018858269387188212 -0.01592875898542823 0.036579596660212106 -0.50905259215944798 -0.0045870133631693236
-0.50583163363907124 -0.00074743935727691413 0.49872302908002691 0.0041185106244502976 0.0062190382319454156 -0.49583829642489941 0.0061226838978476429 -0.0029672752500223341 0.023151964262109585 0.48250023372432937 0.12692164617624954
-0.48370745118885677 0.031719804391743045 0.47470677259785787 -0.022764429452952144 -0.020541086320485371 -0.47489770588142499 -0.0078072288531535359 -0.014349500991729191 -0.0096290572653066047 -0.55927250316417909 0.0078189932886762199
-0.50328556315475026 -0.0090830421998122253 -0.49551766832253274 0.01305381657963528 0.0082883951860107889 0.49144244067079407 0.012625959891150234 0.011844597811373269 -0.03547838280948528 0.50770218772979869 0.0029448424737838429
-0.48315013837534582 0.0037984986293720761 -0.51582624808094912 -0.014648629501189671 -0.017974872492090496 0.50871310810662185 -0.014887057640151299 -0.015611782227767969 -0.004588424987815632 -0.48475269428864126 -0.075342629011962828
-0.49953432474645887 -0.0093265577015466186 -0.49741678769561026 0.0013865536742835073 0.0057167504083172121 -0.49961875607441847 0.011693623349600559 -0.0034909072995412608 -0.007825514223153968 0.50064332861774163 0.049473219314313165
-0.48529037566877259 0.012785349928079875 -0.5169864850611956 -0.019351072990215462 -0.0085463105873263053 -0.48984594472177911 -0.011057272962779552 -0.02246082176433126 0.037634453507529697 -0.50457704749578414 -0.0041360142132960175
0.49817318839088143 -0.00035904056708531071 0.011374873796035695 0.49886783218277109 -0.0039486318040962576 -0.011089406638576606 0.0060049395590321469 0.49984205553391364 -0.0067654119015937084 0.50024201146254454 0.050202554469221172
0.51645897072063052 0.019443644138107931 -0.0017364650474243782 0.48684917660798793 -0.02279706731746789 0.0097628029054527606 -0.010610613403512279 0.48879859163132322 0.035842326870713787 -0.50489938020298342 -0.0026864044380376503
0.49645388732958978 -0.013442243651864546 0.009846196475329163 0.50268739393406359 0.011442027227521917 -0.012932863566152093 0.0082668422831806039 -0.49108334095820899 -0.035787299090184861 0.50768293307124157 0.0030366976462956607
0.51522794630103419 0.014612087199859314 -0.0035487696807147986 0.4832981336251318 -0.015137126416424692 0.014508737141067615 -0.018365899214313173 -0.5089341498269877 -0.0044426058596187057 -0.48505530795517759 -0.075150986955191401
0.48506077073822373 -0.0037077933862870818 0.011579965022055541 -0.49232387598259003 0.0020134180645316529 -0.0092594329535396237 0.0058396389680146444 0.51207556794754283 -0.036966417414039825 0.50840163965010188 0.0011762942965947165
0.51182730774266516 0.015879163901884406 -0.017366342878181576 -0.51217578019496079 -0.0094395695445042699 0.011766592336868857 -0.011606876695129387 0.48893289172639848 -0.0023976098216607952 -0.4810867384002111 -0.065476642820329486
0.48322802500922896 -0.011320506252850785 0.021641885336351117 -0.4935109770425854 0.0094302522753524718 -0.003140569537305096 0.0089788360681836189 -0.48154195575426961 -0.079963579389723219 0.52852528621157935 -0.067422894062698899
0.5037592277597136 0.0036769878699822612 0.012386712155825727 -0.51076986996379148 -0.002656190256672057 0.0099480401665415011 -0.0057984322134685441 -0.50183902812934256 -0.042767404900522922 -0.46060771897493508 -0.13857581674048147
-0.49835130572744585 -0.0040815973138070942 0.00033575519877256815 0.50446958690686072 -0.0014530378734422971 -0.0051450919091936753 0.0059384321379552171 0.49596062257767964 0.023686286800238494 0.48391331083049244 0.12792857304981226
-0.47526243310455241 0.02252547443408303 -0.032298155686361615 0.48359406501352964 -0.014180503623101959 0.0082519833405277909 -0.020792175252429049 0.47376185803480952 -0.012194236056307158 -0.55980717810095537 0.0052212513134710942
-0.49365593952603848 -0.009972719559464386 0.0063662228963441651 0.50157660885842525 0.0064751560002910043 0.00085714420142809762 0.0029126956862084736 -0.50055914666680967 -0.020022682353907615 0.49868588007625764 0.069897171916440806
-0.48310838370692111 0.0089197255905790855 -0.0094856972268559554 0.48981496931901397 -0.01571272698790829 0.021388623853040977 -0.015205965070677617 -0.51833918530352519 0.039441408379321863 -0.50531328627357419 -0.0031317842341187182
-0.50836338218291199 -0.0022062805750252068 0.0092303654862916553 -0.4926185670812625 0.0016599915074548316 -0.0011786119119561746 0.0075449913199605598 0.50293344273441265 -0.022911434521106753 0.49214175006198574 0.055425592490548806
-0.49366196679475433 0.010743246531897239 -0.022527269092644187 -0.51201522237218489 -0.017762710182104423 0.018773805715920803 -0.0038963702348312657 0.48789297874478432 0.032266261434043264 -0.50369279697068348 -0.0067174392487949043
-0.51027735146216835 -0.0077134951870696487 0.0070225787382033741 -0.48880166236559941 0.012140575298582958 0.0017484528116834359 0.0085791949579782263 -0.49067513967528065 -0.038470951081392563 0.50803988474728323 0.0032342425400911619
-0.48753262227475491 0.009236283554573791 -0.020620440206943234 -0.50835395824449547 -0.0072641371695811481 0.013100963492505188 -0.010461737432528951 -0.5164902794761701 0.0028847712697084899 -0.48024383764542661 -0.075094331932649569
0.50004803238036943 -0.0018137015731016922 0.0069810055493989328 -0.0017129744504403629 0.50222429904757038 -0.0062850129561579137 0.49339147930955046 0.010205872741233265 -0.021138736920032278 0.49894804769374412 0.068505087021650077
0.51782570718796839 0.018135706908128591 -0.01371442142707947 -0.020800217292168879 0.49114133246684766 0.0093161028716235491 0.4850000425078147 -0.0058104088312138698 0.037097542993491127 -0.50292078307475585 -0.0059963870513115042
0.49075098253473132 -0.0076904635865357521 0.012658669709428036 0.012272164253066969 0.50293034440062589 -0.0093037286630352073 -0.4969025769408803 0.013186389596555881 -0.035478093987071663 0.50735632346529858 0.0035784544884725909
0.50979717387490786 0.019532482085542785 -0.01542914711127265 -0.014696598653114932 0.48344171121980534 0.0044579938772080375 -0.51497033871542264 -0.013565916985895007 -0.0049822985487705911 -0.48427936497286633 -0.074871240846823062
0.4905241870951918 -0.012042449417222992 0.01187953043178371 -0.0015186108550042448 -0.48830192180667287 -0.0087041147455366643 0.5116823247532224 0.0081518501474374064 -0.036492078057864981 0.50729402153407133 0.0043466354749737146
0.51696116826031824 0.01173787096228965 -0.007467494916997732 -0.015925431483339258 -0.50728687223761992 0.018392358510015021 0.48635195184557756 -0.0082210242423018578 0.0036146662159283224 -0.48197516528438822 -0.075543420530075719
0.48134975084713438 -0.0099826390743737222 0.011127225117926447 0.0027109794580179752 -0.49417531389909519 -0.021003890123237123 -0.48335245439613256 0.011425893072183618 -0.079338696405852588 0.52819020111545212 -0.066193141302276465
0.50174431233368255 0.0042382802855764701 -0.0028289580166501833 -0.0098219328378043747 -0.51149677410641003 -0.010430065748321185 -0.50337806598463875 -0.0028718248377538362 -0.042529534669999897 -0.46074743579572741 -0.13746922148682555
-0.49747568542829596 -0.0070542287842585488 -0.0043872610750183517 0.0023297445401381923 0.50614684581539537 -0.00053345436037239321 0.49915459112869953 0.0044013138793078006 0.023864731926322769 0.47990674019969448 0.1272945728001777
-0.4739226202237784 0.022215100250070997 -0.015877743159735152 -0.0073562903099202576 0.48438498556156684 0.030502394278147375 0.47616330303931098 -0.023773824263289389 -0.0076204739487994227 -0.55825202813993158 0.0061908727170479384
-0.50028711687248562 -0.0057447141780664996 -0.0039812066133753307 0.011410718400912286 0.49901852407357261 -0.010227458462389455 -0.49758478794351113 0.00092550453423529571 -0.0088349346081871907 0.50023823758716879 0.05001827675418935
-0.49015040664516674 0.014021418979940914 -0.025882415688897809 -0.012318518199853029 0.48536462555040633 0.0093033755298257258 -0.5161598261518241 -0.018434030589953437 0.0388099418079123 -0.50475680427026515 -0.0047474365463211019
-0.50309692864319855 -0.0076165775604579398 0.0026732078708761697 0.0017555612729831917 -0.48724759058207223 -0.0037925901001490633 0.50895446684676338 0.0023345869201937953 -0.027809356195355166 0.49680903144487748 0.05261148350009881
-0.4884742920352193 0.0020741710891637672 -0.015037553631288992 -0.015244286003387647 -0.51407096235759098 0.021195408254823966 0.49437536522437847 -0.0088892462212427636 0.033610056553030468 -0.50057941790211502 -0.0040543707071851358
-0.51342446584045698 -0.0063452852510117669 0.0032318061305685163 0.0074409824341119674 -0.49234172751171962 -0.012029971727774515 -0.4852419825737932 0.0067368863721857502 -0.035602335995683985 0.50690732543506767 0.0040515890535133964
-0.48754339556036297 0.010560981991882851 -0.013108336422547245 -0.010531810964536861 -0.51206004950040995 0.015835196604074502 -0.51131628639208582 -0.017551154869357946 -0.0023621171112293161 -0.48323916221247382 -0.064597620489650356
-0.00026739480872723764 0.49821092442705334 0.4999013124529012 0.0097648398708101523 0.010777914121387988 0.0035174255017793891 0.49973408885885978 0.0063095247600490284 -0.0064991652729135775 0.49929119223315321 0.050524150815351825
0.019291755328327529 0.51652574946682828 0.48634937234736625 -0.005616998611887105 -0.0095991359813409425 0.022947361110144802 0.48898480104751879 -0.010871160085932389 0.036658378861950516 -0.50503886293323808 -0.0032531943858976971
-0.013820108662248315 0.4962589039685002 0.50334709047797344 0.0095643216435014437 0.011212270705607812 -0.012149783536340428 -0.49120562612605839 0.0084501431153894829 -0.036441870772064837 0.50706171023114099 0.0043638112457336049
0.014138315247930884 0.51459481489415371 0.48269687280072637 -0.0030760690415740778 -0.015092841635989259 0.014822891968865746 -0.5091601660943601 -0.01874902332286996 -0.0051021144657343032 -0.48628497306478757 -0.073785717488160166
-0.0031441332845624234 0.48558690802268289 -0.49117842771235581 0.010209476675732783 0.0088844169140376295 -0.0017781503059028604 0.51175296463660624 0.0061144328049138408 -0.036968436928520421 0.50936981982878826 0.00036256343002213318
0.016527454081722241 0.51194072125179002 -0.51274215813063817 -0.016941168750030235 -0.011798838132299103 0.010022333475652963 0.48926958109925245 -0.010838210422116872 -0.0024649163775749363 -0.47987729362596354 -0.066497180153770083
-0.011096266732514464 0.48355124740994937 -0.49222412442004826 0.021183614445648372 0.0015723576232190679 -0.0096226740083725417 -0.48182642871784453 0.0098001052378314905 -0.080187918503770675 0.52921415961147278 -0.06690428361728129
0.0033143468235035164 0.50374739411045377 -0.51096456242563948 0.012779231915326945 -0.010363811353085447 0.0030981606132639756 -0.50228874675510315 -0.0049011772467555149 -0.043086056122499355 -0.45997054412622118 -0.13825759173644783
-0.0032041771242266154 -0.49849131083591081 0.50597426603550877 0.0010834817444060735 0.0049015504862368765 0.0020705183715784043 0.49635058367948165 0.0045043371663550649 0.025784343362859542 0.48149237372113385 0.12873528233222312
0.022648533877185569 -0.47541743937994574 0.48259425181206067 -0.031860757539197038 -0.0068192090948859876 0.014227998014425307 0.47421544385323111 -0.021086925046165945 -0.011695658304354099 -0.56020095537524595 0.0041473521802601922
-0.010854189955098166 -0.49388447450147355 0.50213930787559491 0.005473480238467293 -0.0010164678237720732 -0.0075044650435185534 -0.50019631381859608 0.0015432514371670246 -0.020328302418160613 0.49803735709101404 0.071245601861287311
0.0035818076094047331 -0.48403458655146803 0.49338001858819064 -0.011149663822888171 -0.021979679470309758 0.01305506273090949 -0.51712613289756815 -0.014399826526163548 0.039825007050447878 -0.50225097334774116 -0.005208379145929201
-0.0021457242365642035 -0.50786389873968896 -0.49283503795016259 0.0086606434447045293 0.0014273204464593044 -0.0013049767576649213 0.50290661721869501 0.0073705932370393646 -0.021603563811924808 0.49262245411360295 0.054695037132377756
0.0087013256366170726 -0.49305200901296387 -0.51382242588039595 -0.02151235452739312 -0.016848817855779994 0.017089760584884935 0.4884745728201747 -0.0028021877377647519 0.035267365746900835 -0.50186278815156549 -0.0068182299443519121
-0.0076681199861364019 -0.50998998152522734 -0.48815099100113774 0.0063800531273646884 -0.0020949537783370542 -0.012789191135577192 -0.49095214310853924 0.0083920234201634979 -0.037812063851818144 0.5087278193602458 0.003632093270173485
0.008617653688267472 -0.48737719414220559 -0.50944566398888769 -0.019804664119037672 -0.012583001213597124 0.007510331389973637 -0.51653466825744065 -0.010172434822300513 0.0039537530666467965 -0.47932524209034111 -0.074615672546661113
-0.0056717649297550569 0.49061764957111892 0.0026263496150417281 0.50805958526005934 0.50243471189580324 -0.0078390905514676423 0.0019816129649580442 0.0013856365961913294 -0.024532190636269789 0.4952203814225693 0.052704086502155724
0.021955053036801505 0.51208930381522133 -0.0062533620174465947 0.49361675552813289 0.49086267911848919 0.0037039286898809566 -0.018616776953569038 -0.015382370807940504 0.033642139605230423 -0.50088637093618849 -0.0048861014905475023
-0.0083831093448218583 0.48806480297667598 0.0090015336950222229 0.51066954315018231 -0.49182070969476288 -0.010163847841789923 0.012165588502324113 -0.0006480131180577138 -0.036902833553306612 0.50728163773183754 0.0047166520535185281
0.020288671778770848 0.50831535789161841 -0.0087471083256580977 0.48676124621646633 -0.51680743669968343 0.010325211632627255 -0.0063463123760544122 -0.013771597274932402 0.0044097518423142166 -0.48085654930644728 -0.074309541035141091
-0.011850344651067423 0.49228752437023782 0.0055044010014012063 -0.48516185458440136 0.51226202051990655 -0.0061038056337531701 0.0019414921900671918 0.0083490938895504959 -0.03660239809267362 0.50817016781812496 0.00068791672859301036
0.016500686004417932 0.51343334894334591 -0.017576786277412684 -0.51049964999448583 0.48789560031734525 0.011426600444324779 -0.012386701148063664 -0.011565822617365766 -0.0032163417438630651 -0.48190367317857763 -0.067035138485471185
-0.020954627871290165 0.49275515550792137 0.011945279740385929 -0.48385572247754732 -0.48233881929732753 -0.0094566129122156655 0.01004003720983373 0.0035189663659843016 -0.080330350445730517 0.52802808044771388 -0.066138051561806049
-0.010843092387672924 0.51071058471582476 -0.0038240414913580426 -0.5035473745027762 -0.50205563612078263 0.0060756376775376745 -0.0033969923128012573 -0.01007064204249482 -0.042667343218766737 -0.4610751985980639 -0.13733889064420179
-0.00031692785078688137 -0.50520423416721416 0.0041268345060808224 0.49837205050776767 0.49578838484839877 -0.0076914077251152178 -0.0025206257092386108 0.0044547432737794693 0.023215099304032538 0.48364618004845494 0.12662070501999639
0.032226945044863245 -0.48312567649922267 -0.024007777639103493 0.47578615937830571 0.47535782819975003 0.020724795463078021 -0.013982768448103422 -0.0082286591686109127 -0.0092292584272372514 -0.55842032872744862 0.0050900399774721147
-0.0069750411512277304 -0.5024153140922748 0.010665855608584462 0.49366998654195449 -0.49998955713024257 -0.0015632039528827306 0.0066339795244592954 -0.00072202044423682601 -0.019939525654892161 0.49854725786358567 0.068723358677475851
0.0087666880826204711 -0.49570903250108495 -0.00087754273362084954 0.48501536033902848 -0.51557478535859236 0.016458313273815937 -0.0093382317666909735 -0.020521971001762642 0.038326128546494684 -0.50081994134852259 -0.0083027350584121227
-0.0099763759882198818 -0.49902232781671352 0.00272435742110654 -0.4974812689195458 0.50029862770493183 -0.0063985439304424189 -0.0043861730968824744 0.011598994737287125 -0.0071147820769461136 0.50047574330821187 0.04860174902451924
0.0049224732114664547 -0.48177077732674856 -0.023221082962863286 -0.51580203539264613 0.4911807590551559 0.0099518738285507488 -0.020226638579494485 -0.012588314959704219 0.039093815355569342 -0.50771075392809928 -0.007617904472686207
-0.0096995602058160442 -0.50367953341396177 0.013421577104132469 -0.49663738185888007 -0.4908557754775516 -0.0088217392426214181 0.012075155413340487 0.012554161171646178 -0.035613947008749154 0.50673129677450568 0.0042925824249384088
0.0035876675693342053 -0.48395057116361118 -0.015650065833689313 -0.5152072350758401 -0.50766059426954602 0.018354133636238612 -0.015395311237749731 -0.015341201468012095 -0.0044083118024289287 -0.48583834721920022 -0.074220614177391259
-0.011589341260855547 0.49029933066190845 0.00016334711952640987 0.011246180719366819 0.0082204322287025774 0.48858999588005447 0.0077476406023508394 0.51156581896911446 -0.036498316553188331 0.50739279219423061 0.0043364644761986369
0.012319699012726854 0.51638900870139426 -0.015427411327985852 -0.0068543917926962962 -0.018358242641511445 0.5082381710611753 -0.0084579167854997722 0.48631090110420327 0.0030119886725549216 -0.48163475210561285 -0.075575326689814412
-0.0091737552951193062 0.48173589987238785 0.0042134991445609794 0.0098591200045364934 0.0197472216887059 0.49316919023904243 0.011028306621816657 -0.48328341118747414 -0.07942776303350213 0.52872316265954988 -0.067706534773211993
0.0052953795808811516 0.5017960471643601 -0.0097862580693413095 -0.0025004024392860434 0.0095091037447191315 0.51119356680714523 -0.0030493169171027842 -0.5034864237505039 -0.042650016773693115 -0.46031207354099507 -0.13945347300723798
-0.0030172544144970721 0.49961926337609253 -0.000983947942451136 0.0062896029704164668 0.0056673994096493449 -0.50184500191970283 0.010437586372431128 0.49451261212468872 -0.02160073746918053 0.49840391874418333 0.070183405260496989
0.017207217895125599 0.51746850635147457 -0.022045683650927791 -0.015897512830435445 -0.01216397077495346 -0.48743130770052884 -0.0098202656960663347 0.48478545715942906 0.036882506096040775 -0.5069145678640824 -0.0042656925369070793
-0.0076683968676481565 0.49125392165899706 0.012637279084350533 0.012165942956322761 0.0075946572545031897 -0.50396165738789456 0.013246920319065244 -0.49568916523804402 -0.035767448989918939 0.50703959012969302 0.0040438124381476778
0.019304498742146421 0.50991907450214624 -0.015540397163036273 -0.014919410691431944 -0.0049296732568218649 -0.48357032395137661 -0.013521449501624233 -0.51425637966260462 -0.0058325747491485792 -0.48483428718936944 -0.07443428349909717
-0.0074720273136487251 -0.50371578160770047 0.0030877522590246485 0.0024230799048207356 0.0035202384155307393 0.48670406390399507 0.0021261646220081037 0.50795428709426826 -0.027979620692758517 0.49782297785050073 0.051703790327846048
0.0039506542234271263 -0.4887583826215714 -0.016607593516686638 -0.015969075726013259 -0.019504209116273801 0.51411232519039896 -0.0087048522580410667 0.49365757200691668 0.031920918415596237 -0.50103847504137733 -0.0066965486320472202
-0.006574692247879016 -0.51347441112519743 0.0079857793813959983 0.0024597132709302237 0.01224326725868023 0.49134367764363146 0.006586054710064927 -0.48570385564160734 -0.035078188018862845 0.5074213957994459 0.0019770773191471734
0.010585195189788321 -0.48758145269222491 -0.01117789512116886 -0.011676480155045231 -0.015623651785044757 0.5119410058819881 -0.016683193838399165 -0.51220756822401625 -0.0016442300059101042 -0.48219334801853869 -0.06644736893489929
-0.010464735604365217 -0.49691863693471816 0.0044207571193301898 -0.0028946023430397832 0.0011480787282109395 -0.50552809725941561 0.0072674758621109302 0.49894376596721357 0.021296386655199957 0.48127977621523638 0.12764405068251647
0.021969900189575724 -0.47422204275686908 -0.0081067480372586324 -0.01436934935118615 -0.030502307569213051 -0.48371482361074042 -0.023826051618542947 0.47613243760788826 -0.0079839115666241554 -0.55861852746106821 0.0077445330391668534
-0.0064592274255858917 -0.49980664342437869 0.010950639576101408 -0.0043529985748043025 0.010490019151558444 -0.49998119581835898 0.0019533933951227933 -0.49726717167133588 -0.0089836488961628803 0.5000656391182855 0.0499668955450654
0.0080134372022872876 -0.48950659922077355 -0.0087815925694254872 -0.02530419858863478 -0.0063084211628681294 -0.49076575538952699 -0.017790818141825565 -0.51561049814545112 0.033163791093622857 -0.50143662232878561 -0.0012689399000459906
-0.0051678169137508315 0.0015119530727838479 0.49818801853998512 0.00700197691750704 0.49829434943423334 -0.0063253267841392883 0.0006463061439457063 0.50408989501955659 0.020311513880325111 0.48226027475748101 0.12766690860970462
0.0069583566588465023 0.01473376935693781 0.47333700044388083 -0.021416827105463332 0.47754764589849402 0.022756061204079886 -0.031614402155602045 0.4832278772312173 -0.0082743404373318095 -0.55861083978205739 0.0059263502443767605
-0.0013417040250671202 -0.00042840111087981766 0.50345118920390941 0.0072861989733135173 0.50786362296597087 -0.0033930791689823041 0.0065290786836203754 -0.49163556476569131 -0.024076779118515818 0.49324335702315125 0.054110971410540248
0.017281294663800597 0.015326801346742422 0.48725227199551885 -0.0047965220769855006 0.49516383282153992 0.0077612412383157208 -0.020752783526451248 -0.51460217957933074 0.032054929829204361 -0.5004823399617323 -0.0050032224109366301
-0.01085263533534519 0.0030508062480052184 0.50075473365546463 0.0055029347049352084 -0.49775653711003132 -0.00089683725832272979 0.011299208456320728 0.49955784135559272 -0.0093576670147010686 0.49882996792652978 0.052156887951790222
0.011285082025667924 0.023044652699606535 0.48859041040979612 -0.015013467254826024 -0.51540137060410729 0.020743708821752124 -0.0071904481125127269 0.4839588906040132 0.036484533008966147 -0.5086429167452402 -0.0031741208571986071
-0.0076649744664156437 -0.0027248081683676996 0.51363331414704394 0.006740070411247588 -0.48568589016807279 -0.0054565165460934281 0.012048794327072846 -0.4915900838041416 -0.036095898451229083 0.50698409277835965 0.0026245000062090637
0.010529221140399562 0.011314564048558245 0.48775506676426433 -0.010492542591861055 -0.51148784140920056 0.015449774611044756 -0.016793090864412843 -0.51238026144941951 -0.0019264129156258767 -0.48260535982114111 -0.064500585073064151
0.001593732560532405 -0.0069959162579706635 -0.50008139025788167 0.002064679862018698 0.4934549297965779 -0.009909556206680761 0.0047374491028491931 0.50165720242499234 -0.020384364782545735 0.49912335336148478 0.07102713548367455
0.020214895951117286 0.018618132336166295 -0.51885416527267358 -0.017566277781401893 0.48516051254733072 0.0097113930182102671 -0.011868310996992348 0.48513979714956224 0.039803080399985313 -0.50710977476637187 -0.0023198377942716267
0.0015026131160556485 -0.010597682340048658 -0.49050198900793757 0.0093324379557744707 0.50986108320669155 -0.0080673566219378583 0.0072374788292472493 -0.48872398314122961 -0.038406542785386785 0.50872152691521644 0.0025616360841296017
0.015848583741697911 0.0082932248941016348 -0.51639186835512818 -0.011421214014115657 0.48600946706482434 0.0090160713795363542 -0.019628874650275126 -0.50911156347648678 0.0028958924423616531 -0.48076733627380819 -0.076661938113165698
-0.012061832395907154 -0.012679955087896206 -0.49023857355972167 0.0073034608483431478 -0.49671628436678339 -0.013742324305656516 0.0094919036065761291 0.50383190516316256 -0.035346379472433201 0.50713776852844117 0.0039805847922780259
0.015520992986145316 0.014901473761399555 -0.51040759244256351 -0.020032211658440345 -0.51337246109925971 0.013697737973393439 -0.0035694084076954261 0.48371121918039822 -0.005090188312873235 -0.48520174900304947 -0.073790254090728105
-0.003010297776654145 -0.010199835876368352 -0.48094436495138354 0.0090792781205933128 -0.48415618341146999 -0.011171619989039289 0.020979550826217875 -0.49293674928502879 -0.079410214509892482 0.52887358101655357 -0.067267702076318159
0.010535553713893338 0.0031852818634649535 -0.50208337474739528 -0.0048558272216053539 -0.50379904335253667 0.0040393967413847338 0.011734396800945129 -0.5110219865193254 -0.0421538995728718 -0.46015006737640068 -0.13835305017433391
0.0038746354814032337 -0.010678586429989883 0.0068778554831331841 0.49982568061312777 0.0012504746047330008 0.49725826871169471 0.49957044667912515 0.010680871393583998 -0.0095145694620609334 0.50046883989641977 0.049862718118927798
0.02342357232545168 0.0073471695327827708 -0.0079558487724851953 0.48940610856319694 -0.019567958327467432 0.51469896158832451 0.48976241234242757 -0.0033796486923630348 0.031974998880168408 -0.50358089189564881 -0.0047996742537280311
-0.0026083307047856828 -0.0082630753044381604 0.0078232663643204182 0.51297460790914651 0.0046359098841169729 0.4850628240152261 -0.49166451047122112 0.011265987892796316 -0.035041866654439723 0.50825225897799831 0.0020314832625699859
0.01194330498731362 0.01033223921578498 -0.010742832256636702 0.48859299855312194 -0.015866075850397215 0.51165237322117085 -0.51227106379027854 -0.017565431724547467 -0.001525234453944012 -0.48155712350443386 -0.065133827666567959
0.00142271982922795 -0.0051733596074453455 0.0050416752751321044 0.49642443770096822 0.0056457262313856444 -0.49714891105751835 0.50608743046975901 0.00012057402241170994 0.020944385951289633 0.48327583312922218 0.1272829815207161
0.014890685089292779 0.0073364238254827289 -0.022227310634745506 0.47408820512961558 -0.022846189031215262 -0.47691264018932739 0.48372595417492797 -0.031118474142304061 -0.0083648056724841147 -0.55806546230553633 0.0060796141921427675
-0.0017557074446176821 -0.0017577318198002234 0.007721212428362185 0.50323078694329959 0.0015947155999361455 -0.50819074132788011 -0.48978145051761884 0.0060054770755124933 -0.025198901247469294 0.49486632581181406 0.054616966772657649
0.015289832448186219 0.018765043976083248 -0.0036331527743990286 0.48810720887996673 -0.010074995969949305 -0.49517318161647339 -0.5132756160284444 -0.020463081077958991 0.03292199530097932 -0.50087351194049134 -0.0050530404561485815
-0.012173428360102531 -0.012390798101163026 0.0084975973967336138 -0.49125679700304448 0.013964555947360846 0.49630125224007354 0.50330568676763354 0.0093412345685857847 -0.035323607089372148 0.50707082640238821 0.0032297060529490529
0.015487070258895006 0.015351936374591087 -0.020655197389241115 -0.51007153869194544 -0.012182135612754063 0.51369416091844911 0.48330959765520648 -0.0038307818684936018 -0.0049636669185165218 -0.48542025851135068 -0.075063000965362559
-0.010367797625763175 -0.0030802472038733986 0.01026070467488723 -0.48168801119450783 0.010606163050956859 0.48337006462253246 -0.49350122931877843 0.02096206010093685 -0.07935621614965882 0.5284207520307953 -0.066981468120299009
0.0026200636125141949 0.00998850810154857 -0.0051843854422935183 -0.50127229984925104 -0.003368156696462731 0.50354403770189349 -0.51128093027565813 0.011365359803060046 -0.042668248949367146 -0.46099440947679277 -0.13838656016782991
-0.007349490990912466 0.0015573386754962543 0.0027485025600086604 -0.50073726288352716 0.010693160134443448 -0.49376962906040789 0.50166776122462886 0.005154475286143846 -0.021043010758909769 0.4979711269449455 0.071834851400112837
0.011312166688331455 0.018523158255593076 -0.019770053414031083 -0.51793107389124149 -0.0012249569178943219 -0.48495190225258761 0.48969149159228981 -0.007397645199004781 0.035909375236348719 -0.50450992128157301 -0.0057793742996534846
-0.012693050537273043 0.0012917081699902677 0.010358577518064542 -0.49068223205306738 0.0070340133690407159 -0.51069857999846957 -0.48871013207489505 0.0077024033880601986 -0.039121025152894978 0.50758837988564709 0.0050009805230205769
0.0073116390663868873 0.015279426225000258 -0.01197828554158706 -0.51539845524083283 -0.0087121005224133127 -0.48629029866370138 -0.50927467868350929 -0.019458508506964796 0.0020743061092446113 -0.4817558671552139 -0.074481720062619397
0.54593201304823713 0.048783947854750667 0.45938725484031273 -0.039157540843732075 -0.035205412259103307 0.051769255102433617 0.45841689158846693 -0.031253426602178114 0.12833136633762909 -0.033754569190072248 0.50433896352023322
0.47027481517755482 -0.029664925682769912 0.52790798200819655 0.035018771439440835 0.039802840690677389 -0.024804247030029983 0.5274737184610564 0.039154632919557911 -0.099847294261367583 0.033035649431196738 -0.45279849439262482
0.54018181481647665 0.044909073635195904 0.46088013323833432 -0.039802634101598421 -0.038413848644437393 0.038870899523033457 -0.53957948016936308 -0.045024818622414302 0.09011976122771842 -0.019031678270001181 0.4330686304742622
0.45600756905650436 -0.033335169200256656 0.54205522001664275 0.034634493847063991 0.03818638208229843 -0.030524798079749459 -0.4632288549120252 0.039294673242087221 -0.13101615274757172 0.033325321709164052 -0.50904974015884408
0.54398182260634143 0.042565701553854404 -0.53976976015024658 -0.04726459232819287 -0.043320367411634093 0.044112781930370701 0.45330931355170245 -0.031768859236679249 0.089788551089923993 -0.0097368858876830597 0.43612913830499495
0.46752720009184467 -0.042599737394677754 -0.4624756268761348 0.037757773821183442 0.040498907704029086 -0.041551034065632098 0.53040541294377475 0.0398219515259376 -0.12995132213961519 0.032699248089376617 -0.5099561724283781
0.53197613666380206 0.033247341496797249 -0.53028207594639032 -0.034252336635623118 -0.038782626201301504 0.032843375153658233 -0.5403852129898199 -0.015848694574511886 0.051364123735667767 0.010557737943961688 0.36867848283658794
0.45382415855901886 -0.039377741477315459 -0.45203278640339767 0.038157986528847831 0.030963828090496161 -0.038451956619917634 -0.46586249298527149 0.051152017849217593 -0.17354706556240507 0.057260615012614854 -0.57552088558924386
-0.43952426518407117 0.056817110259248488 0.43772364451307333 -0.055801643377256661 -0.042811417443709775 0.05033065758900665 0.44996077914729743 -0.066864740309202295 0.1025142758153631 0.012527110705850187 0.62201827131833876
-0.52697223218143796 -0.034066627469346765 0.52530454015067729 0.0356736321523108 0.033850120492601554 -0.028821830663983677 0.53437898924869542 0.029969502593856539 -0.071932527271135055 0.0042422305984736626 -0.38767818439047325
-0.46516293848157847 0.039899709356656932 0.4596001809008205 -0.033465962707324944 -0.046786371012718236 0.046896201144721365 -0.53968060556014408 -0.052281645307135992 0.12715341617700621 -0.031129755455646366 0.50414815217761189
-0.53692315838344329 -0.030325584922857474 0.53203105011021412 0.034896801432027745 0.029367040054177 -0.03060884511719833 -0.46231829952461556 0.03547804221297772 -0.11610278813346944 0.031903168502743759 -0.44184291359106459
-0.45507801896701522 0.036926320229921025 -0.54766032301279854 -0.045686484469526979 -0.049353769988520549 0.043769761986472352 0.46040428866028499 -0.038111672185660646 0.13175991129808354 -0.034494487824088829 0.50318447918843801
-0.5230233210570373 -0.039805068543671697 -0.47079608264010281 0.032035244344061742 0.026700291913048131 -0.037658490905826764 0.53082508576428411 0.035743002501254187 -0.11731523223324958 0.015310573506057006 -0.4505616217946381
-0.45925591322249854 0.038599434399215267 -0.54509716087001758 -0.040803952950302223 -0.042046789812289501 0.036680049343375182 -0.53632756586582775 -0.047894249706015073 0.096949153154557488 -0.010009211330126161 0.43156044100989005
-0.54029931856940117 -0.036149097934651632 -0.46015723490081517 0.037241010479654037 0.025706734379599021 -0.041739533600473507 -0.45991428113968963 0.036524354649751831 -0.13306660057762254 0.032652454622447848 -0.50951664649962092
0.54514239398517794 0.041337383838079236 -0.037739349930990505 0.45816710611799133 -0.047027822035344877 0.53679879219654203 -0.043971909457559299 -0.0355513189595138 0.098525518066083603 -0.0098145507144306119 0.4317453505826187
0.46081707331470101 -0.03939024998993202 0.037346876453134559 0.54073060310332322 0.036720751191035149 0.45906475658990359 0.026685014805151824 0.041241770128700228 -0.13082842467136971 0.032320909126343833 -0.50955775240485557
0.54655231316151409 0.045741138111151734 -0.036636072470568937 0.4556965601605501 -0.039738396420308741 -0.46210527126683121 -0.051773484641357823 -0.040056978076479823 0.13160662730146111 -0.030167702160405686 0.50254441477682943
0.470320740891988 -0.031956372948713549 0.040332150519029913 0.52324919278525472 0.034569918537655231 -0.53167900202585128 0.026493551725315961 0.038097386802429647 -0.11762696929879095 0.016330019114819964 -0.4496966285631388
0.53047373398919828 0.0337399397420277 -0.032738825420964589 -0.53157052080567346 -0.017454482947616954 0.54098421653472484 -0.038442576448063558 -0.03267474482268129 0.051048601303325163 0.010012293509413078 0.36823895349352526
0.45254299166654799 -0.038327366087510799 0.040068472599345768 -0.45408482424219959 0.050012505836978131 0.4648840621200202 0.031516355596660946 0.038672311138758991 -0.17338638128553518 0.056516586131595346 -0.57582385466676789
0.53907810421454816 0.046718697960800797 -0.043486058807060426 -0.54402340279544636 -0.03209330443655857 -0.45359477077886629 -0.043781806637500892 -0.043864133908971287 0.088727320228758053 -0.010548487260321001 0.43675708085332005
0.46248617248343177 -0.037845317842569844 0.042266582710921777 -0.46736388586317779 0.038056325781510469 -0.53206972587212864 0.040747453002209763 0.041974845577897039 -0.13085925868051376 0.031258599221847733 -0.50831962488086158
-0.45991698296454936 0.031072372022734229 -0.036406635901584793 0.46330254733144383 -0.051459683335605237 0.54350892434857523 -0.041114758343144625 -0.043302567527629954 0.13050722526274458 -0.032603168888899497 0.50182217462480372
-0.5319409693188365 -0.034734577557557371 0.030791745263241986 0.53673909903585115 0.032604204579800775 0.45915995635477969 0.030209572512352002 0.030624368353919497 -0.11832229849722026 0.034861141360348541 -0.444790385337621
-0.43923254977336096 0.056613602617652067 -0.058251724410542341 0.44001740603422695 -0.065405918189372414 -0.44926690119187801 -0.042622697464818657 -0.049560743001475664 0.10467611867826863 0.011441052107392951 0.62079099098383883
-0.52576034875189726 -0.036324607758541023 0.035856355964260393 0.52734288027780796 0.028488491664909868 -0.53544390164147682 0.032879288499474107 0.027163408538211975 -0.071772996802567712 0.0053182486792005207 -0.38518836396193429
-0.45945170532956092 0.039609792862593057 -0.046722767727708815 -0.54040098149840909 -0.042958108889083288 0.54003736749492248 -0.038221638326173896 -0.041589524181994769 0.089891729932531306 -0.0190277202658823 0.43358971405418023
-0.54224451751291358 -0.034785798935629782 0.035060308185015876 -0.45611078943285682 0.040207481813484457 0.46240855885853466 0.037947586458875436 0.030534293434986513 -0.13083239749819334 0.032898124480068416 -0.50939618358409167
-0.46098492513024975 0.041348635895477485 -0.048392086186626625 -0.54543104845538093 -0.037503754042360338 -0.45680783732505592 -0.037574552724647804 -0.054614086919965839 0.12912382592293142 -0.034415774358476044 0.50360151035369083
-0.52795552948507085 -0.035432354983361454 0.031198017219891242 -0.46951496048550256 0.037739589205811774 -0.52837601306369986 0.040534016296128385 0.024114768233867569 -0.10134445187345725 0.03365799963190029 -0.45205786968592998
0.54248790578349704 0.0508016236766555 -0.047451561300281789 -0.044701969007682057 0.46166237104486735 0.032915450894707009 -0.038836899844149321 0.46256791884921189 0.12654354861308251 -0.029187407427813936 0.50231267142601355
0.46052616248800871 -0.032260781694617574 0.030331636005172701 0.029705300235548064 0.5317430905038637 -0.03555423755686242 0.029429601567333423 0.53671036842018482 -0.11691458660166619 0.034036156333986788 -0.44419147110279283
0.54152565554362464 0.045763239883926658 -0.042663962017974302 -0.038122838959113232 0.45957570296755101 0.039354562494695655 -0.04497469815974707 -0.53940725847259885 0.08958574833060054 -0.018195843341677446 0.43276310889952102
0.46264264721931875 -0.039601449343251258 0.030558586301775926 0.037848032625240322 0.54116424219569959 -0.036578859860872129 0.032919179378423175 -0.45567256715872057 -0.13038289329596028 0.034615462030309595 -0.5107948369802876
0.53800428273688461 0.048745230703923302 -0.03435118912247713 -0.044427307241622548 -0.5434396827366903 0.039044876940075898 -0.036915825028295185 0.45857496476501108 0.097967682557266705 -0.010537816266072256 0.43221270733893546
0.45927302621352351 -0.038001334342888528 0.041152932352895522 0.027322443128480776 -0.46127708052408023 -0.038994406893942311 0.036817430656763857 0.54154773920774735 -0.13198360838331405 0.031100739238064404 -0.50780960167274292
0.54083635385119766 0.015686845542628232 -0.032455827008838339 -0.038688432130201761 -0.53026400060409884 0.034400125161505118 -0.0322019628033164 -0.53173453283154548 0.051505790834120324 0.009627814419997098 0.36852732012787059
0.46503117592099735 -0.050833629276530609 0.038875354806782385 0.032039903415842091 -0.45352869132841117 -0.038554883301322562 0.039149992044675105 -0.45339919385429761 -0.17316293917686282 0.056400213890257331 -0.57548189159465257
-0.44968249683984146 0.068032884942969774 -0.048110126643095351 -0.042317005564514912 0.44139129790629039 0.056312934407343869 -0.057274531558272355 0.44046016537234128 0.10500520380587722 0.0098870799345407122 0.61858311041176961
-0.53519169625234242 -0.028434501054983415 0.027180063030359945 0.033648427978158153 0.52518934896112934 -0.036586587817935112 0.032555743691564436 0.52733773004218565 -0.072919489825165454 0.0074007431775727486 -0.38627832354519454
-0.46100636043346593 0.039748122294929099 -0.052737482804465489 -0.035482498558430192 0.46110931603499761 0.033281122039085516 -0.046590380211453404 -0.54490523099204002 0.12690023369733203 -0.03275662241989892 0.50185107181656896
-0.52803766552409714 -0.037523300109755853 0.024170625455678569 0.040430910421660519 0.52732447265021043 -0.035992996450214455 0.0308459205704553 -0.46932072440744804 -0.10155012570191591 0.034089762454270194 -0.45331534247868788
-0.46032633542582663 0.038173319773050031 -0.043737156642954259 -0.051665126820567592 -0.54626439162142881 0.045644792588009825 -0.036342332461955708 0.45389895503855315 0.13287479934538868 -0.033761100002093369 0.50540227051143305
-0.53133127475367048 -0.036428679071205262 0.036953567583541833 0.026935651912539906 -0.47200450996441423 -0.030644093857976333 0.039926234953264389 0.52393154167331502 -0.11526142377264896 0.016000381003436211 -0.44822097428998731
-0.45377247866578979 0.031873514082972836 -0.044922899994300595 -0.044560791239741243 -0.53785393991152042 0.047402697777056475 -0.043059139386932871 -0.54418757924766714 0.089783973626892277 -0.010691829480033466 0.4374555076585111
-0.53254720612572559 -0.039283476983365706 0.041560716722486346 0.041599086776942538 -0.4633042045829992 -0.038084722090056873 0.042383522907052787 -0.46663582627858508 -0.13023987795649516 0.030829807759854191 -0.50777259891639881
0.045635102823835448 0.54682149133761881 0.45520920949356858 -0.036702910672025121 0.46232291230908035 0.035110264316820732 -0.040055925969390185 -0.052535923487099165 0.13085394121218258 -0.030281661071011583 0.50295300639897467
-0.032668633257717454 0.47056083116272956 0.52410485779548521 0.040035638782349434 0.53030879275514409 -0.036345328041686914 0.036662229068796168 0.02727072825679721 -0.11781471590422435 0.016431250982142077 -0.44992222299273121
0.041789362404731252 0.5444965209378041 0.45849892883366161 -0.038149490892771934 -0.5362256847219965 0.047060520562712566 -0.035033950186600063 -0.043907137005209686 0.096877925390733366 -0.01108730742356456 0.43322555761248016
-0.039856267586405716 0.46044220649333106 0.54130172777933439 0.03586639780495849 -0.46053770308818542 -0.037517418373824482 0.041306562823887179 0.027883907996643326 -0.13151689033383354 0.030755815747188584 -0.50782044432576134
0.046961524388724071 0.53957830874699197 -0.54438215598752371 -0.042685866203937009 0.45362654899032073 0.033243766028709168 -0.043762935520346408 -0.043732808806299941 0.088912995507189854 -0.0094015696675678485 0.43562827241038504
-0.037660224616697685 0.46339170316437994 -0.46642091108983724 0.042175494982531384 0.53056834453506485 -0.038625537654511662 0.040996140945360006 0.041766073307366543 -0.13030169542473133 0.032262231655509045 -0.50998375070748991
0.034420941274935182 0.52989232921492235 -0.53164986519445512 -0.032959577526967751 -0.54075430781905887 0.01833636120312988 -0.031884590770256058 -0.03812700057449786 0.050823985284244165 0.010339013288785791 0.36929621414861391
-0.037926882918416886 0.45250569791238893 -0.45325577069493578 0.039245658316308676 -0.46649509398476974 -0.050365155538586517 0.038171594900990077 0.033169332095592391 -0.17377107973451741 0.056802004906484869 -0.57505189050836036
0.056071150710454536 -0.4388142314845504 0.43934544419361027 -0.057649636463453668 0.45071918722480603 0.065699978031105485 -0.04929758946745829 -0.044325189995274218 0.10406539314909451 0.01070048850309986 0.62060199986771125
-0.036217365494638408 -0.52446435151132809 0.52708347121002286 0.035324735256987885 0.53588022363368337 -0.030305820629748601 0.027102669659072032 0.033182073897908178 -0.072272980851286847 0.0064082352800380318 -0.38648999090476827
0.034522604287016458 -0.45939772195602224 0.4636709299602777 -0.038867517577058398 -0.54179050924375327 0.050902958620498255 -0.045215051171745103 -0.045777491234341328 0.12685602576275271 -0.029299248693632592 0.50402536021176247
-0.035213518807376228 -0.53260519648012283 0.53679604428220495 0.029890235437360503 -0.45906399211984422 -0.031996299213726723 0.030566693376133169 0.030747697107672559 -0.11868345234246043 0.034246265173894889 -0.44401178955068799
0.035773869018373768 -0.45979467247030237 -0.54590886124940952 -0.047651611935177508 0.4624866005418552 0.031959856568386263 -0.052565761956025289 -0.034132873974373742 0.12439381454730859 -0.032413343088093058 0.50165125547192413
-0.035553075007223198 -0.52702850343446317 -0.46968653517462033 0.03085919774919467 0.52790852848560155 -0.038660260529119861 0.023172286290111869 0.040360834595751648 -0.1004684954136085 0.035251546619467868 -0.45357979660933884
0.039230433595396456 -0.45994833395497725 -0.54082923113370551 -0.045819745919520039 -0.53914580757285557 0.044693095856537662 -0.040446605402774199 -0.038709139102938189 0.090137240424997725 -0.018590588592208988 0.43362710331826365
-0.034587541931147291 -0.54234271889457086 -0.45629227297230301 0.034735218974672591 -0.4629197659902517 -0.03994080595675914 0.030112491720171275 0.038968427844815683 -0.13026787770298745 0.03330451748343035 -0.50878749424142977
0.045260102872662765 0.54549713367902108 -0.040872030431931862 0.45937659842688461 -0.054820182053059441 0.038680726479775489 -0.038052660839759278 0.45951435818520586 0.12850045872718432 -0.03572421468641887 0.50278775784351093
-0.029871486579303677 0.47033448560532976 0.036152343248042326 0.52748219643220728 0.023188007226660916 -0.039969690756813898 0.038669204424075565 0.52841799978994874 -0.099851627449042399 0.033182253114477631 -0.45212956915858388
0.04501991375016072 0.5406236160131408 -0.039606756178178291 0.46076923773368472 -0.039299468573707849 0.038842568845239095 -0.044274056694076448 -0.54011379425637951 0.090089800751614213 -0.018480979191982865 0.43200499138315496
-0.033353772574609593 0.4572878946165877 0.035378996325563197 0.54113037600533376 0.028442940887495126 -0.039048018166526803 0.039287445860077458 -0.46221435695933705 -0.13110385613194567 0.033881826204228839 -0.50975090686068147
0.042658562618931153 0.54339376553041396 -0.047274306202698735 -0.53954144398799153 -0.043004819706844492 0.044328778609844709 -0.031993221774143481 0.45322269546036442 0.088906826517915927 -0.010803380306892705 0.43737131013810465
-0.042873514493845973 0.46725677948528654 0.038372994100435515 -0.46286110307756856 0.040380689460713909 -0.041210537268673991 0.038817401185231741 0.53140207835046249 -0.13159850146872717 0.031379764588062249 -0.50852074999343932
0.033033159762751597 0.53186942776789858 -0.034240794270975337 -0.53061603833654725 -0.031802096070718849 0.038277261057278432 -0.016666655454870154 -0.5403671011849871 0.050215272103613061 0.010044919501721084 0.36867944422460769
-0.039298698831844253 0.45422278116568526 0.038502378578921033 -0.45270078763763627 0.037330942671011134 -0.032661850227842106 0.050088773061180848 -0.46447418025282738 -0.17438330276246108 0.056614039684013233 -0.5756705744045405
0.056938334545423311 -0.43949007747076457 -0.056111974839865832 0.43793814029201761 -0.048833396108615541 0.043773996397341322 -0.066929039563378923 0.44903995434048249 0.10291404763086753 0.014405649644686458 0.62245647656084846
-0.033877543332860867 -0.52687353647306667 0.03759717671882843 0.5247013274400476 0.028388260020785254 -0.034919225417256977 0.028902524007716802 0.53462909256099889 -0.072221187630936962 0.0047763907965474592 -0.38807728088396554
0.037214125583522696 -0.46482749861546391 -0.032017778980175153 0.46076356212328629 -0.04462170983830796 0.046568703480654783 -0.05044636039403623 -0.5411919929308372 0.12868899614375726 -0.030046835396918093 0.50216061909363707
-0.030604950578249308 -0.53615830307902956 0.034702048899226498 0.53189119264190532 0.029411557708399545 -0.030757007698639243 0.034075881212095767 -0.46199795354179346 -0.11530375956969638 0.032862701647719268 -0.44350413289460716
0.031025992516667957 -0.45661037053400833 -0.045890727069194726 -0.5467255924497596 -0.037513504286242907 0.049956896311690459 -0.037670639252780885 0.46347755033753046 0.13125368376078245 -0.031773000235947521 0.50115766059432865
-0.040317176271475547 -0.52328510691271479 0.031502323477504118 -0.47108450239903249 0.037665380188262675 -0.027424791327932664 0.035118597624497698 0.5312968058875488 -0.11707777494691934 0.014348179113626363 -0.44948941019326538
0.037994950164021046 -0.45913882024376762 -0.04176701503664812 -0.54482607831228891 -0.035063244582311109 0.042311975957491345 -0.047295218170873204 -0.53736969097661624 0.09697215188404977 -0.010858504821102006 0.43084072011916558
-0.03630720474967522 -0.54007250842704257 0.037287398706433543 -0.4607357161113988 0.04192202313726559 -0.027401387945427538 0.035681468193948719 -0.45945581381487355 -0.1326910358689295 0.031730788730586795 -0.50974588204531424
0.04935774959760561 0.53812422268910298 -0.044493224904425623 -0.035120524300551098 -0.039096217584644287 0.5442096626679136 0.45837992466891386 -0.038015345262745408 0.097752846141418215 -0.010376160661462472 0.43111455391354192
-0.037764091541900503 0.45946358792031666 0.028549530605164533 0.040199215870716822 0.037719039722891867 0.46052822679922428 0.54070731118445703 0.037533311887008571 -0.1319296267615952 0.031753983730177675 -0.50925452448145325
0.01689036775688969 0.54063909141961031 -0.038428839992593604 -0.03227013615923336 -0.034607239605046594 0.53077684471787079 -0.53147986187581042 -0.033002311669264851 0.051425594907607834 0.009718952628049872 0.36835469991101005
-0.050406611039320849 0.46505044516662891 0.033504116117375228 0.0385584610549847 0.036714443270839593 0.45232108214459016 -0.45446521612515461 0.039769811007084897 -0.17363425840886701 0.056758028187935905 -0.57545205239774122
0.051523153135280199 0.54066090617938622 -0.043113377405736279 -0.046599051113190869 -0.032806578610236795 -0.46217428673508254 0.46475287356891909 -0.03394280872545398 0.12622999997419704 -0.032301934823907821 0.50218999968489808
-0.03235220406962272 0.46069748227783097 0.030099814927853057 0.02989135546849286 0.034357776729312332 -0.53213092797461736 0.53643289378646497 0.030939271762006695 -0.11785756256706048 0.033800855560835702 -0.44364118432713706
0.045145793193788551 0.54136266152586476 -0.038735634373825607 -0.042008884036732662 -0.039456107189174104 -0.45907323393565791 -0.53892510156766993 -0.044893270807473844 0.08917525142322176 -0.018725716493318046 0.43423445631987206
-0.04133416693775372 0.46285758714090697 0.038747338815392766 0.030530521731530657 0.033579590110623399 -0.54248142654342824 -0.45627395138962956 0.034328041790936743 -0.13081817777381571 0.034150251283937484 -0.50849111709239414
0.036993540933263631 -0.46441261639988124 -0.051482209393682775 -0.040383484655708124 -0.043469969944878166 0.54541667261374271 0.45530643898124246 -0.03231476743490639 0.13539581848618018 -0.029445940676904932 0.50175181338062458
-0.035749834758478892 -0.53131113205065073 0.027571983887779872 0.037049853679272479 0.032306385785523854 0.47056919984148343 0.52302333210022167 0.039759697899014117 -0.11580145532873491 0.017112461861700602 -0.45053456805576664
0.031685652713000625 -0.45424020672024168 -0.044770513044715229 -0.044624601943272051 -0.046276556665623664 0.53850303969160118 -0.54360622218880683 -0.044475059875689053 0.090615259045767602 -0.010549124525083801 0.43672747986197302
-0.039704327259888907 -0.53194203069347346 0.042065744715646808 0.041548119004334999 0.037925217712325605 0.46215870340944215 -0.46764492408942709 0.042079542323307233 -0.12919822192063124 0.031693101848632263 -0.50870166489864521
0.067809838960550914 -0.44937657606449077 -0.043240389790903902 -0.047763647373062913 -0.055178287691337639 -0.43993175311834315 0.44130183809883733 -0.058012016600078625 0.10499538688043301 0.0097108453404107179 0.61927037092687343
-0.029141787156944363 -0.5347635786921936 0.033137824554897249 0.026955138944739339 0.03705975464102524 -0.5259466586236905 0.52770452227960685 0.033327552494421646 -0.073307843637609782 0.0069172579928044589 -0.3851700742475021
0.034168151402429035 -0.45315763841494755 -0.042517746888918462 -0.049980406858789996 -0.03796092880240557 -0.46038007590131658 -0.54510336108249435 -0.050959301973089732 0.13575596995134673 -0.03149107373199727 0.50658479061255168
-0.038614040995139896 -0.52797117912518743 0.040473760806123305 0.024434056842958445 0.034741890376630238 -0.52838606099262397 -0.46916710933004935 0.031720078270992047 -0.10148725010577132 0.034227434400999186 -0.45224583354963843
0.0396311985682129 0.052116423613569156 0.45613235186059642 -0.034599853618542724 -0.04728012276978668 0.54576413471058904 -0.040977284093692334 0.45751351040483224 0.13069342947219961 -0.0388753456782946 0.50673036068158694
-0.03998184327379558 -0.024985759480887229 0.52871665148912683 0.038774562537794412 0.030188688458750865 0.46884045458067553 0.034873704789865179 0.52808157190191241 -0.10230158417648323 0.032708038793331728 -0.45209282145656482
0.044859520884747761 0.044355686426079781 0.45375279621669395 -0.031789709642056137 -0.041996007041621229 0.54265866849175659 -0.04796298915318898 -0.53989428104391757 0.090025524533873719 -0.011062150423948352 0.43687831988477321
-0.041570051060140327 -0.04174006854744651 0.53237448474119831 0.039391699059147994 0.042232002711135211 0.4663538336785597 0.037310079644728079 -0.462432933648527 -0.12975611667183068 0.031635220706121264 -0.50912892489608985
0.041374144107475461 0.048161777631134717 0.44891220267655851 -0.068446974088828383 -0.056273127739287061 -0.4417412463840652 -0.055731102881058495 0.438983578848608 0.10523363585920277 0.010634907473571594 0.62004815783795963
-0.031472808607334472 -0.025095408879792429 0.53612200171702562 0.02910307172062087 0.032731733340227345 -0.52737261925008017 0.035974984117496007 0.52679091899507402 -0.070824914115578813 0.0029933493613540918 -0.38351616255762089
0.046881907155071394 0.042125468297711299 0.45784204935999429 -0.040673595557370719 -0.035767417589949217 -0.45516915023858723 -0.047959925137984943 -0.54778897775749313 0.12910437418927909 -0.034859643504212168 0.50600349003007838
-0.027783628793041443 -0.037134554443396736 0.53091779675017103 0.035387004292183742 0.038743080563828206 -0.52418846530634622 0.031323038924401317 -0.47104173064951937 -0.1163141479882407 0.014849291224845244 -0.44926344960823106
0.037925840802648818 0.040301855202907862 -0.54126552292218555 -0.046674449330970064 -0.041956051582945457 0.53991683884046615 -0.038739845840115888 0.4604281388427639 0.089976710774075874 -0.01859982189911082 0.43195301696341853
-0.038260820144231551 -0.030324863627010496 -0.46198599359770126 0.0407288903366326 0.033003613921538034 0.45620931811720844 0.034999041459116052 0.5423530986228452 -0.13031806154561124 0.034696060783300543 -0.50965871006271657
0.039033779290009091 0.032547318018672215 -0.54064739533598272 -0.016036407388383488 -0.032821037648295068 0.53225993506203928 -0.034007315681106355 -0.53071978601841518 0.051743928967580115 0.010649785028991948 0.36724864034687998
-0.032270111280858174 -0.038089105174356257 -0.46442895255534772 0.050547414795865331 0.038523515531272486 0.45376512600514629 0.037472255115998984 -0.45231646559038668 -0.17307316866731665 0.05755190824710122 -0.57672421246232974
0.044585728412759838 0.043610589139494116 -0.54225798172118123 -0.052214657722315219 -0.035634344051751858 -0.46510618242212254 -0.033069591232233762 0.45972283319507279 0.12646734255398179 -0.031666379742015492 0.50230582631335219
-0.029995139772844268 -0.029058697548843476 -0.46204209676606933 0.033516489638262453 0.030206900876727113 -0.53649132194883997 0.034270129021941695 0.53245458008627888 -0.11672601791526797 0.03195001063539802 -0.44225122498658032
0.044276357603982373 0.035990366244972934 -0.53899359157970805 -0.048564622766848219 -0.037672625309933018 -0.45793238364489597 -0.03986507294977968 -0.54369433443730431 0.096256600315963559 -0.010089171492503437 0.4314979847364897
-0.027688198030468521 -0.041153962058719268 -0.45972231903429756 0.037242059130972338 0.035316757802274355 -0.54074039309627975 0.037459425001826564 -0.45986963476368631 -0.13332029555339486 0.031632692633810744 -0.50941384890250152
0.049292073723088185 0.042802353459683189 -0.067949914905833408 0.44944049186616714 0.44209481921870059 0.057340460142360695 0.43952715724033475 -0.055823879899988292 0.10521439976840576 0.012071914758727157 0.61876677127088731
-0.027073487271765 -0.03241148630693793 0.029072992272289711 0.53506793474225101 0.52612763478756974 -0.034995096226571695 0.52563351205155973 0.034790093291840969 -0.072930696758905192 0.0055681820292986925 -0.38754072374717746
0.040405302437282541 0.047576551386065785 -0.039644917840146156 0.46041293984781917 0.45601073221749688 0.030397331548052874 -0.54645995686127746 -0.048901026535662952 0.12934354220345562 -0.031680089854855389 0.50491497114712036
-0.037596112462865684 -0.026621738555077479 0.035536150470985128 0.53139082773007618 0.52230109455746998 -0.040473260521340114 -0.47200394715018129 0.031000078272403045 -0.11593074073231037 0.015668410370477264 -0.44985342132337641
0.052188194291302607 0.038243859241126457 -0.030343486726886033 0.45846599645939012 -0.54397197379874218 0.048795923469182816 0.45934770994767571 -0.037525169302998096 0.12893606287827497 -0.03378219083984281 0.50620277596149099
-0.024478746569739453 -0.040235711068721355 0.039370592892829508 0.52773286357192006 -0.46959403369134789 -0.030597118910054122 0.52798232687479008 0.035701988227133531 -0.10279332137197439 0.033206869164356036 -0.45228971571841192
0.044234655467284542 0.0443554160891413 -0.031429003296990179 0.45383835947916196 -0.54245368993581478 0.042338536762527385 -0.53913211697731067 -0.048962150774059167 0.090270733227411346 -0.010680277809012552 0.43788890227972999
-0.041693977979836601 -0.041468238533626141 0.040006106555992835 0.53153856835443014 -0.46835960865595261 -0.04265605580702795 -0.46264337559434265 0.038710962890522449 -0.12953514058203974 0.031855766772405029 -0.50783503513859019
0.045089714829158564 0.047565897549217806 -0.051100831475492131 -0.5419385044543098 0.46633831927382791 0.037836973550347243 0.45887923483799281 -0.032942862467719859 0.12699751677110441 -0.029931308166061796 0.50180978866606984
-0.029176548417196777 -0.029343441154872991 0.034625467470871633 -0.46242519934640158 0.53620971912025772 -0.030958958199605542 0.53151098874543867 0.03504647873886086 -0.11592725514267942 0.032007731036972048 -0.44336956747558237
0.035595226134776482 0.044768125583132812 -0.049164787739989495 -0.53809813631687253 0.45848778692192454 0.038327054428545664 -0.54379417962754673 -0.040246306865201718 0.096527763204261458 -0.010643177239923016 0.43164712322125054
-0.042192806814442943 -0.026812469650566294 0.037064175042563312 -0.45933723300880985 0.53928476714781892 -0.037011738522850515 -0.46148968597773626 0.037776661100773656 -0.13390571653722919 0.031725015343652886 -0.50951099993107485
0.041581921004711045 0.037439080241865826 -0.046145312968035701 -0.54166063117079866 -0.53842001701039965 0.044044725244949068 0.46021300693389677 -0.039348993891549916 0.089938813268449991 -0.019731745031957054 0.4332261422652075
-0.030308791720714278 -0.038536859795619459 0.040744228713814945 -0.46299551743410594 -0.45638625989722664 -0.033504360994049881 0.54182413078505987 0.035898602106159645 -0.13091027171246689 0.033487966472871812 -0.50895907924201844
0.032260450518789306 0.038162878908231626 -0.016445483607656994 -0.54066985198425832 -0.53152142774923161 0.03327884290447395 -0.5298195893451334 -0.034277206469720815 0.051198186017792628 0.0091850976682796414 0.36972511583668038
-0.038922789081796756 -0.032687425620345933 0.050990890107724507 -0.46521019070360498 -0.45480974011990399 -0.039686425928036076 -0.45285582511425432 0.03860838048999686 -0.1737822094061123 0.056112318201197789 -0.57450081830499999
0.5454081071087854 0.54114480042028845 -0.04480080320976583 -0.028939356385253818 -0.037906916859100442 0.029093072560986949 -0.042500238826192777 -0.028865478355564005 0.49996457029623398 0.27691206500657561 0.27437203338966726
0.4506371992136145 0.45157414897301928 0.058276476812001134 0.030626215210824877 0.030440984975876689 -0.057825595564042355 0.032227451214900824 0.055822842352597692 -0.60049945409168826 -0.20721900848910835 -0.42036677628476887
0.50414758702046369 0.50071873360018582 0.0090622161642531004 9.3138875889629071e-05 0.010240924558263075 -0.0040806486903336887 -6.7064540099972538e-05 0.010287972094884988 0.36576882607403005 -0.39668900854383848 -0.45128422215110192
0.49118496588437155 0.49235190769426329 0.016508898911931958 -0.010858200626457738 0.016645506528410618 0.0089575975812303046 -0.0094516792175230076 0.016760213132086702 -0.46779698281438353 0.45740592141368175 0.29521981558499999
0.45293490498133848 0.45366055575536118 0.026374579561906818 0.058751726349580619 0.043745647611621911 -0.045669716334097957 0.057816048592428643 0.025202476783579873 0.048907026855912292 0.53199366365402334 -0.5399150560739886
0.54368827667028174 0.53619736350235292 -0.04210907558458981 -0.027289949875373608 -0.040041364005774446 0.022913674753281356 -0.027831876401093247 -0.043485337108130358 -0.16371021273815636 -0.47368718561092221 0.39799875728111445
0.54522458433515453 -0.45902032381224084 -0.043280701305097105 -0.038323996174917441 -0.044063173702688481 0.02750867452389872 -0.048783158789343653 -0.025743302596386686 0.55111228753087849 0.22464659131353709 0.35882711444151982
0.4625825224146437 -0.53617475888222399 0.057827924957964003 0.042058957532750921 0.033254328762977861 -0.049152044152493017 0.035938377762059423 0.046885402070848618 -0.55147364858146586 -0.26102418216292689 -0.3378647992577381
0.48954655417605747 -0.51404017422792159 0.010927476043312633 -0.0047120432145470164 0.0071959938370155883 0.012650613771910096 -0.0018913757566475207 0.0064338200684075026 0.41855493265641164 -0.44069205189635507 -0.35540223625559364
0.50012190083780261 -0.49645889707785973 0.00079358504223455708 -0.004349809072070652 -0.0039103659545811267 0.00045978209798877529 0.012684790209689895 0.011734982709633758 -0.41524745141397407 0.41836416353182243 0.39447935545680701
0.46101196554462703 -0.54780823185657557 0.053726317095654459 0.035133383108139057 0.0451026747486417 -0.047553299482112087 0.036331594441207454 0.055443733002432778 0.065318280916530011 0.50746236933598698 -0.46127989661221797
0.53189197601015337 -0.45175260703309517 -0.041240502187545977 -0.041046019336735566 -0.022178046965102789 0.046081392659282031 -0.032323150275069872 -0.044915508317066241 -0.10223519830705642 -0.51373189969992628 0.47913975328798919
-0.45525908212036292 0.53882937905968153 -0.03846893001872409 -0.038286933806705177 -0.042938650977557155 0.045935641106949289 -0.032112851548417504 -0.050362375189709603 0.55909087041121153 0.23311275568836876 0.3535685893135706
-0.54811149172383544 0.46573165302381681 0.044740009351147171 0.052534124285573067 0.039836034720608038 -0.05030159843403826 0.051672567391240376 0.049228975396634213 -0.53841718675355099 -0.23766785877138855 -0.34973780546219474
-0.49733544932092638 0.49799324786517457 -0.011906776323780484 0.0083471344776378034 -0.0060952104395113511 -0.0045692289611531395 0.0091502098860335498 -0.012454940409140431 0.42687596777900855 -0.43353953775829973 -0.3660221659420837
-0.50754780010858713 0.5053684949468461 0.0097479493987853126 0.012776726342215491 0.0086756282657621947 -0.00057103342981166606 0.0048876979015765 0.0056254816049530493 -0.410135076975567 0.43072187345522928 0.3645221609024657
-0.53445735781280512 0.46723608429674551 0.037371202342708354 0.04364337185041086 0.037234000951574371 -0.045405345273618364 0.036437015410239547 0.041311597181409115 0.12399877293319576 0.50120559114686392 -0.46869965104959055
-0.45970895984097887 0.54568868177763497 -0.032622044355566975 -0.043849584344875743 -0.049394507279248462 0.031557870637590885 -0.043570571171199092 -0.033002996738810131 -0.099517712288371155 -0.50351736252055612 0.46695581435862216
-0.46094625202091605 -0.45384055837557791 -0.059782411716308784 -0.057029436455439245 -0.061954716216147204 0.05634226435731348 -0.0628915930685746 -0.051959366879564636 0.58127456944248546 0.23569128186798938 0.40942952460647791
-0.52878383239181737 -0.54821581962205546 0.031688890755602002 0.040800785876714249 0.042104563088804205 -0.031197931814997311 0.041314947048133738 0.041223653271016673 -0.51656810455386748 -0.25298654063579645 -0.28316244063326618
-0.50292995584672151 -0.49490614960303564 -0.013214467526870067 -0.017892090280045486 -0.020138620213493125 0.015250991803904265 -0.018602661385210342 -0.016550721889111369 0.44681091868690537 -0.44315269287390313 -0.32303585731386958
-0.50051938774435079 -0.49390184080896471 0.0015575214856578406 0.011678225236777879 0.0028535710939175964 -0.0072192668147732742 -0.0023694490686507405 -0.0096104664102650544 -0.38336744206837559 0.41140910563266003 0.43475996072467388
-0.5481216840670482 -0.52400799947589238 0.040095671573726316 0.02853210904494342 0.03550425843331604 -0.026581346528746243 0.027521267258691421 0.040906412335751832 0.13414976846825619 0.48687110090181562 -0.40387991714116606
-0.45918294471135007 -0.46153607246653011 -0.053059071300997851 -0.058920093552111037 -0.065798596053864719 0.048590322238906629 -0.058341819908296053 -0.05307128939310049 -0.082482954023082075 -0.51791944368128562 0.53093675933520035
0.061754947389653807 0.056362935138919323 0.46038320484368628 0.45548538610399841 -0.066266218153961012 0.052010966799833143 -0.061330935202542528 -0.054318292138543285 0.58089536444616696 0.23589405049007692 0.40828442715558766
-0.050274478408953868 -0.040890693183553282 0.53441370818427947 0.54120833526780709 0.037252767685048656 -0.028275104899331136 0.03925822353869584 0.04875217423599619 -0.5171597766247743 -0.25323525498215871 -0.28214959256247701
0.024262882561046632 0.011432686883868701 0.50120422336761372 0.49839120308158308 -0.0055487240287706409 0.025537181606163206 -0.017999253996915422 -0.017175522678922705 0.44532766412218239 -0.44239855345321716 -0.32302635362043164
0.011105479940421267 0.0031141772032367374 0.48722470316183542 0.50691554985941123 0.0034750480176985281 0.0018642370075497017 0.011656727435946583 -0.0013956262665186067 -0.38418747888388127 0.41190729418772681 0.43369882154957184
-0.047952589745142438 -0.038053024414948143 0.54483267260530044 0.52688253694347387 0.03857097826522312 -0.028329542255767635 0.028214855974249619 0.037698263480134768 0.13391477194765003 0.48690922249166718 -0.40284412619067661
0.057849527928240906 0.054365718247751507 0.46800572038929339 0.45272088321704107 -0.057196100296062098 0.054687144628692744 -0.058294788858875554 -0.055814297871631856 -0.083789106667185781 -0.51832088098506413 0.53033904475064608
0.043338673278178773 0.03541695807632652 0.45094925252998791 -0.53583152413049906 -0.023203436986922454 0.050187478333615573 -0.039311683674657087 -0.038548972878577968 0.5623168127385334 0.23831402700075496 0.35681137911111593
-0.046719500097989038 -0.046511036820234102 0.54979143686373133 -0.4608106360310889 0.051555582391313373 -0.045707352019579282 0.051889977889454694 0.040025064799924646 -0.5472123625358275 -0.21851906773902202 -0.35327507276470671
-0.0094903092719069645 0.010054062061924799 0.49676346438408131 -0.49470592380291539 0.020287667314485541 0.013155548552908909 -0.0046468174408252402 -0.0094335649894374263 0.42747025900789076 -0.43464130716818333 -0.36873002057974397
-0.0059371670201120606 -0.0011935709267980664 0.50612317869149148 -0.50399741341166027 0.0036446321012863466 -0.0069246061472025113 0.003307016762906559 0.0016628581401970442 -0.40693364677287819 0.42028972129293601 0.38402588849049585
-0.035863805128070164 -0.042467861438263678 0.53615892758550476 -0.46531499812958715 0.039460327225050593 -0.041093674415971525 0.04154281321193621 0.045957545101942811 0.12889531787559666 0.50014941545826486 -0.46805841043191598
0.032411652887261846 0.036959061005454076 0.46070786378613432 -0.53913184533634007 -0.036089959597209037 0.034673129050039005 -0.041208454035693599 -0.030311391795948016 -0.083222622124971751 -0.50808116968314598 0.47378742292102116
0.034463397541536947 0.037993562981697308 -0.53176558399619356 0.46617962502349897 -0.051098650273849099 0.021571346400246945 -0.041017885521838882 -0.030605279408462888 0.56188957107409732 0.22181444714621629 0.35588425104476146
-0.046992772074758694 -0.039006654595215642 -0.46350317149291398 0.53720627172842905 0.038702662465548855 -0.049228790490702196 0.036669296282811743 0.046287275881064599 -0.54301055102752183 -0.26545577478984778 -0.34656694290095502
0.0072811463684646855 -0.015365402042784117 -0.50634070094258399 0.48390543498722793 -0.0100975474132585 0.0032693274529264119 0.012441556763338329 -0.0031119500364638975 0.42729716469702705 -0.43441530005824164 -0.37092973521965905
-0.0011285494845952495 -0.011936670146116608 -0.50600618038423695 0.50777356693001441 -0.0083916944470581976 -0.012096396105771358 0.0024357497487133171 0.0095119583717214705 -0.40511644441666095 0.41884768449573606 0.38224877045508915
-0.043418015647595398 -0.04932960043271948 -0.4647634734496649 0.54773857038028428 0.032677057457754136 -0.052902941954784871 0.047417012986820689 0.049947456250945307 0.087964360791597918 0.49349114410685685 -0.46880482907460386
0.025617682778670613 0.041775204134396872 -0.52497340512321655 0.46374042415028999 -0.030676534769871578 0.034113910012074943 -0.028787344829924646 -0.042297734805159228 -0.094851152398290159 -0.51382075745195099 0.47876422113315975
0.029970459113875966 0.040967438400018805 -0.54308660061121727 -0.54549015940321177 -0.025135650706931686 0.034620772964116066 -0.039172571877873326 -0.027714624515306915 0.49987646555815224 0.27408388659365968 0.27529878938421226
-0.030015248500410617 -0.058259398898746505 -0.45177307822482132 -0.45123568890788418 0.054149231236728178 -0.040831582296204996 0.057248088063666665 0.02977505382459017 -0.59971103331548059 -0.2078989571425357 -0.41994501010214852
-0.015820945423481583 0.0038312455079740474 -0.50006124901197235 -0.5040633094267456 0.014981915374591613 -0.0073933584963674802 0.0011138259026995188 0.014002631898598645 0.36639111620410297 -0.39781496404921723 -0.45013144421264673
-0.015887122804603249 0.004186238657405375 -0.49170086377436978 -0.4923845155037811 -0.0099847872661584288 -0.015144110376705447 -0.0084942256701724898 0.016991534354969692 -0.4683420497195902 0.45696980217241734 0.29438451792200387
-0.030158624493248055 -0.055586881586603062 -0.45216451078159681 -0.45440105723789781 0.028353352066108395 -0.05477917257416122 0.054955147298500588 0.033071993037197357 0.051218210715259484 0.53171373505450681 -0.54019088655866665
0.026326223656459535 0.038348874382382429 -0.54176115090748089 -0.54266427557990082 -0.025409777028031526 0.030327478466632037 -0.037983733161909901 -0.026055747163147965 -0.15734522462029094 -0.47323797553247754 0.39679699255103557
0.04794009043848451 0.022559584622218604 -0.06492067255208829 -0.030510207569887531 0.45719910237629791 0.53679927996477661 -0.047887421153640704 -0.04405671969584618 0.55750115699009384 0.23470513420091937 0.35317774629042742
-0.049783522415559979 -0.041885468722680536 0.044397172107872564 0.053090194911539219 0.55056058499744154 0.46664573262480236 0.047276413389968241 0.042509426652573928 -0.54871887712389988 -0.23497823020508402 -0.33128997538322691
0.0010958438652357676 -0.0050421634246575553 -0.010116397423211054 0.0094908380011325816 0.50282103625709362 0.5065636476006965 0.0048366754640910403 -0.006744022911633671 0.41786438087996547 -0.42572581274169047 -0.36663776526826403
-0.0082757689576261582 -0.006453574975182487 -0.01441047362648412 0.010745363300296459 0.49565030239503494 0.50467216835450879 -0.00041811957239554936 -0.0014645383171170059 -0.41014623395612604 0.42493829829098351 0.38782561594147424
-0.046661216800357126 -0.046926334181075162 0.036802919818025533 0.049355836705111483 0.54718637379786716 0.46715630200238506 0.035799639454957517 0.047633496532913669 0.10187802446822807 0.50567749021956043 -0.45226412432458241
0.020478162675626421 0.052257751817077619 -0.036286355817807092 -0.044792195594962628 0.46111391419098907 0.53542266403413152 -0.040264440927156732 -0.044625687048489314 -0.09352843429615397 -0.50667589576907557 0.47449188852787455
0.061290877547530771 0.051641654934211009 -0.056843152932204662 -0.05085466864447058 0.45649480645512169 -0.4614526485445507 -0.057817937975233984 -0.053426401255932378 0.58131025167997163 0.23451165551015138 0.4090459041432945
-0.033529316916229297 -0.039911927990782914 0.045997231128303243 0.052601903430927362 0.53791297267397231 -0.53841980249353516 0.028606528517308771 0.04043632305356111 -0.5169104590451199 -0.25301168890191705 -0.28193811452142253
0.027838682417216362 0.0039018419519078577 -0.012665341071784967 -0.011215758291666669 0.50199273313639936 -0.49835997081660094 -0.0075583673332700191 -0.019033870782464078 0.44685712793308413 -0.4421244152883253 -0.32091978144966671
0.0023026164459404074 0.007219707669448793 -0.0024490493792969827 -0.00014320265334216728 0.50608311835848252 -0.48746914704410299 0.007286778210846152 0.0084876360738587384 -0.38435322746396205 0.41230009817179386 0.43398888453992224
-0.050617522257796144 -0.042631689720655723 0.043222612257177606 0.033805036197955753 0.53570581257081662 -0.53570011461424627 0.039064849292687963 0.027438704618529888 0.13442074453353792 0.48662381557724055 -0.40187495687114205
0.048374414138725577 0.058322138534983275 -0.047515863089020269 -0.056098269016059465 0.46088847143966422 -0.46110774039482477 -0.054042811283370094 -0.055744328561203045 -0.081539065714515899 -0.51785575364661585 0.5319434964195795
0.047083773140316615 0.029961681196521768 -0.029582728395138088 -0.047017218371634029 -0.54445459330533963 0.53933711403438356 -0.034493248803178257 -0.036630921039829067 0.50007554566780343 0.28006089070255413 0.27466901920773434
-0.058704503461015932 -0.030479766597953897 0.034331456096525645 0.050577265838709799 -0.45112253549952919 0.45153549463643633 0.060140089373617395 0.031189738574640143 -0.59995134149943685 -0.20807119924604034 -0.4203181475824318
0.0069627118635615598 -0.010785156198054174 0.014311622905351372 -0.004891155403401415 -0.50372600143322221 0.49506072989650929 -0.0055965364523594772 0.014034117241937965 0.3649128726540487 -0.39803655747023159 -0.45711996337280025
-0.017563301582889084 0.010273686495885906 -0.0086962266267616942 0.019431651866358798 -0.49157961845162795 0.49223012091387297 0.0093156157400814416 -0.0059004917995744569 -0.46771079077787253 0.45675583752396492 0.29612645899545009
-0.048840828061909175 -0.033283578956648956 0.030015200686777623 0.056040009377854826 -0.45416342780246022 0.45267880256723797 0.029288444141435086 0.057144696967369249 0.050136290488261279 0.53193661332182529 -0.54008270380359547
0.044038389700973402 0.027733079913624004 -0.026463230319889293 -0.043462083972518606 -0.54053705702678401 0.53949700415299373 -0.039878221773432539 -0.029291902109834077 -0.16288666008576444 -0.47414802052508964 0.39707457258913037
0.036873300758298505 0.031904744122879414 -0.036778580985271557 -0.051555344195479871 -0.53449276950175206 -0.47001900796654961 -0.032542911684469836 -0.038182698971265826 0.56209646321533036 0.22528064637979667 0.34320646521534048
-0.05533792480829261 -0.047467266526544691 0.044535842410776266 0.037687656834021595 -0.45972474065329483 -0.53692895876091584 0.057261580734949545 0.025695117479656714 -0.54100662855591097 -0.26249771693898932 -0.35511811668026588
0.013233587828364788 -0.0058171887161825144 0.019900400460179383 -0.0010660021462680809 -0.48938978879508432 -0.49268807411878951 0.0088231617165611363 0.0073696708959008084 0.42927373761584936 -0.43908045999295525 -0.37409920345772191
-0.010731523125839774 -0.00356496563186423 0.0063081159922503448 0.0094075013285951671 -0.49963207429066742 -0.50912882613894617 0.013485293439692221 0.0082200769846123289 -0.4338255651282279 0.43532115537274546 0.33606682174611047
-0.040322908715341145 -0.039516399264414102 0.054098251615963003 0.043851110052322131 -0.45531812858520077 -0.54238467142775137 0.052576577632093183 0.025275926118225683 0.12510814351789648 0.49415032784953727 -0.47668384016885668
0.042161795342678755 0.032569302512477923 -0.023536606914332958 -0.036463274626648383 -0.52993069837984363 -0.47264168138948998 -0.029301215749408117 -0.038416479815508831 -0.088421830134382429 -0.51520736760763197 0.46418739574276863
0.065070221532988359 0.05195082944315807 -0.058209084491595814 -0.056784221668460887 -0.062124132592721752 0.05158340214052131 0.46157599124221022 0.4558050822638684 0.58105092290833538 0.23493752396448134 0.40780815725926051
-0.036787273498916521 -0.032002668032020794 0.032083983774150851 0.042657296812908863 0.043553937119135702 -0.050960242828558697 0.52720006265004027 0.54873097482620747 -0.51642162126733449 -0.25441407133430477 -0.2825176234789874
0.016639332218769131 0.018035305522544579 -0.01248449757560576 -0.017382867471087575 -0.0079135594978771047 0.024989293884824362 0.51291014005391922 0.48617783653341745 0.44669218786766535 -0.44203810780208336 -0.32229713685713596
-0.015910401713258009 0.00082561991476541347 0.003723680061518114 -0.012149498065178035 -0.00042968417866787124 0.013933745538910854 0.50480059974305702 0.49068008436593247 -0.38451679344097439 0.41063867174869612 0.43280768663626512
-0.037939036635769363 -0.025527066626289788 0.045703944411179191 0.043087363495643571 0.039504954707676176 -0.049038257601436278 0.53338997980052927 0.53829596716672834 0.13474912831287694 0.48593393989823508 -0.40179807670040713
0.055519858692246342 0.057858834709300512 -0.051138661178938574 -0.059396631515248891 -0.06017994089918851 0.051127375026123904 0.46752170383970981 0.45250458343005479 -0.082284261933421463 -0.51924664833616851 0.53053409043527577
0.050083955615396823 0.022500005138402467 -0.041571530007405419 -0.030840178678759211 -0.036774013398029617 0.036342559024254373 0.45156684052962187 -0.53818162352571042 0.56044749033612529 0.23769818860498765 0.35704206911221903
-0.04667741245142689 -0.052351205840378799 0.055530091876632021 0.036878638274120822 0.04531549035547501 -0.041281452040144793 0.54752659662394387 -0.46908090972976291 -0.5521909873819566 -0.22701475341058447 -0.3325754571597061
0.0075109185080704487 -0.011159540029886714 0.0030448474614348802 -0.0030236352218953378 0.0049264144712473272 -0.00287332113886707 0.49600273087429025 -0.50995853174965289 0.42425877790754341 -0.43006141864232633 -0.35880825547120643
0.0021504603362366413 -0.0013084670224799313 0.005043766547914834 -0.011436938089219256 0.0055594789771236325 -0.0013593763768622636 0.49519777386119024 -0.50189013570846874 -0.40903193473523602 0.42684264430004853 0.39139283898030625
-0.04039810333807977 -0.04977832933015789 0.044859907894805165 0.043683914544546815 0.043815019848589029 -0.037622606508148096 0.54143971275253033 -0.47031140768971924 0.11173176273259101 0.50063259187388243 -0.4595295826890779
0.021207502272161824 0.043160564023518276 -0.036508123685091209 -0.0541467572957317 -0.04584979513591645 0.044366092727835427 0.4547849341806654 -0.53973944783944672 -0.10042427008048765 -0.50721813430778662 0.47312668656327694
0.032799321763071411 0.044481065727776582 -0.036462568225859082 -0.035790741061341086 -0.034529202284939407 0.038701790357972547 -0.54268549532478905 0.45816630065282554 0.56126897532629805 0.22269808343148575 0.35014831707608596
-0.049484068384192149 -0.044970702518750898 0.043047262585288015 0.040232292594100348 0.050312423547336838 -0.028674152174578971 -0.46380621854477366 0.5363673373729243 -0.54216673417620986 -0.26557436108409399 -0.34845813789847491
-0.0065171069364411251 0.0078955491048505848 -0.0022891879304669884 0.0030126099122632956 0.015966319503527081 0.002420937711145162 -0.47902459766843075 0.50632514701925191 0.43026121582569926 -0.43871503915656118 -0.36904575329129113
-0.0065570529834759897 -0.0082259500111067085 0.0086799589937429696 0.0068771461956570303 0.0077382548355637648 -0.010224095052964115 -0.50101595902334306 0.50812191283695596 -0.43192987648864051 0.42669715182907136 0.34894633137977532
-0.038790660763294307 -0.045201394581041228 0.046394919554713678 0.040677424849295402 0.055268216829725769 -0.032221321358994297 -0.46606102825379669 0.54234251333630024 0.12165590727317077 0.49428693141620833 -0.46699483251822976
0.036954217226031309 0.036388389532895929 -0.038693924765866229 -0.031911189572547724 -0.031119806286299633 0.03526811334721993 -0.52348240384644495 0.46908748116754129 -0.091950634361314454 -0.51478089270229543 0.47439568522968412
0.02726488972356518 0.046898727044671934 -0.031577252418956307 -0.04270273807892775 -0.043119158590350481 0.024809251456047603 -0.54433719592866214 -0.5389866027468081 0.50015563060324908 0.28099206905329643 0.27539061200016141
-0.054902008724503286 -0.03715047680610855 0.058327802398765526 0.032225546047639268 0.056370189319634049 -0.030474906644055388 -0.45129223489864378 -0.4515972783577521 -0.60057985371057476 -0.20675442216590004 -0.41953586272611765
-0.008511272563483897 0.0053592779245336336 -0.0058636067742241088 0.011438255564171535 -0.0039633553596814296 -0.018685150370773587 -0.50315858383003054 -0.49387323000456046 0.36430987137458315 -0.3978632272803897 -0.459644014401065
0.012610143503467066 -0.020532022243945253 -0.012995532770543348 0.019713283051690768 0.0062304200343619911 -0.0082368571003420404 -0.4910976927968429 -0.49234166549863795 -0.46754876108776711 0.45768640205722333 0.29512592721563263
-0.029850734059826665 -0.057336274605052889 0.052352890127217146 0.032010151678973774 0.055120374538682709 -0.028458656609440185 -0.45310774564576262 -0.45271735131067309 0.050929436349227246 0.53210645868947215 -0.54057112329663348
0.02797080664721048 0.039821115802379688 -0.044309902083471846 -0.025868181489715023 -0.040331533705333461 0.024585913670494189 -0.54263934284101389 -0.53828987223107172 -0.16236721121444017 -0.47355709440124161 0.39741087910714851
0.064144827691456255 0.064977096557520431 -0.064513573254360038 -0.06530272522797205 -0.064455072258380444 0.064157732285879676 -0.064855967851999596 -0.065068543130485906 0.96816464064580066 -0.1601046840132459 -0.059580255826118124
0.027923753397236538 0.041847253224466231 -0.035177888770744709 -0.033424939728005566 -0.061996140634941951 0.0069209428237998792 -0.056519214794886953 -0.0089036211963590059 0.12642384307510965 0.67898263450910101 0.7148068535360822
-0.05118181516679008 -0.044249810580350296 0.059256911862382355 0.035931484212237338 0.06580011532622479 -0.031103246048685047 0.068897083060843967 0.026380030002240189 -0.13969555375947842 -0.65874000499229435 -0.72555282361268369
-0.029982538995331421 -0.057475766721654518 0.021543858363064015 0.06712681083584561 0.053756134041198236 -0.035115768961029858 0.050825249083067264 0.040224361288693021 -0.97166247405334061 0.19497391592534249 0.018989504786915159
0.021059620980191887 -0.030876743690437285 -0.015954459552785655 0.025515759357551345 0.0090870020842936314 -0.00036249240070039036 0.0060436865325175738 0.0037461222637490206 0.64438336673715046 0.75392668803419649 -0.11802068235599798
0.10568224531073565 0.10551284381099985 -0.10589785533220199 -0.10527505110877237 -0.10419282907777125 0.1060022390187038 -0.1048100532189985 -0.10641394901470276 0.42102997101920608 -0.23892321590676432 0.82258669753560787
-0.093992183721182399 -0.073703031015593168 0.080670423475446909 0.083873365515299031 0.06936090261065235 -0.097722026924747449 0.061761306032829331 0.10347404863699815 -0.45457462316104141 0.26954199323210981 -0.81487301636075027
-0.023359994481552317 0.004225523976629739 0.03027782171987952 -0.013773242091791101 0.015497603260396472 -0.0028490469860919573 0.01813519273190185 -0.0012900994385444513 -0.66540386920523276 -0.73473456854704877 0.12310145896894238
-0.019619858389241702 -0.072645082313052306 0.03618090080612392 0.05555335556186311 0.061710905658412397 -0.02952797580368419 0.051464625936501293 0.039964090841022176 0.51016200423781677 0.08009020845029631 -0.84518455659450764
0.063249419610400842 0.063044934040952141 -0.063768857553594988 -0.062033373821103854 -0.061710668077149547 0.06259141637215819 -0.062798440321453028 -0.063017097789626011 0.28136393472839394 -0.94064514510923447 0.067011917502396212
-0.05060594981694054 -0.035277477526368388 0.063213805853802638 0.020949826931417916 0.04986805281223667 -0.03344580625464829 0.058150951270127912 0.027403568389223556 -0.32261106026037967 0.93260783475466613 -0.10092796408339502
0.017172285759315311 0.047398798126441273 -0.032861037413212432 -0.030861866202828932 -0.058523744434030474 0.0051532536306576771 -0.04746269199659172 -0.015424322961512983 -0.53302452538123257 -0.070737456933744641 0.83687814521905624
-0.19794915181568673 -0.19832221350148801 0.19841568183706826 0.19971280882102072 0.1941451105717977 -0.19295163865443501 0.19749698195053028 0.19701914585682045 0.58112724539197447 -0.44363724554476575 0.39365378521966859
