0.99976587830890917 0.013249765123513047 1.1631041478039154e-06 0.0009635726559945743 -0.0059002319387735248 0.0079951594344963087 -0.0061626804712119933 0.0021703920771000067 0.00054457803739926954 0.0064955766921845738 0.01038220565657959
-0.99976587830890917 -0.013249765123513481 -1.163104147602588e-06 -0.00096357265599417965 0.0059002319387737694 -0.0079951594344964284 0.0061626804712119811 -0.0021703920770998557 -0.00054457803739939737 -0.0064955766921837785 -0.0103822056565801
-0.012843407549382775 0.99809270577349352 0.0020624067607783489 -0.014928015688665364 -0.0067123121651458482 -0.00096531466223647117 -0.018775897672666481 -0.0036058370897348469 0.03343610355257292 -0.017997822297847448 -0.039566152206703391
0.012843407549383845 -0.99809270577349363 -0.0020624067607787322 0.014928015688664961 0.0067123121651454683 0.00096531466223638139 0.018775897672666016 0.0036058370897348365 -0.03343610355257258 0.017997822297848912 0.039566152206703245
0.00015876822567213045 -0.0026766962038393912 0.9997245570724238 -0.0092561516136503985 0.001865903132581599 0.0065509575505303978 0.01125382041109021 0.0098259454714753214 0.010059375322008623 -0.0048611966230254168 -0.0079703921907493033
-0.00015876822567227156 0.0026766962038395699 -0.99972455707242414 0.0092561516136498625 -0.0018659031325814919 -0.0065509575505308228 -0.011253820411091032 -0.0098259454714755765 -0.01005937532200866 0.0048611966230250906 0.0079703921907481722
-0.00096400072056130844 0.01292986913642148 0.0086589565769905844 0.99889511913076801 -0.010802610139202726 0.014279678299475377 0.0068883564949990417 -0.0058403067873156259 0.02942429210364823 -0.020021816693945243 -0.017222842047623997
0.00096400072056108228 -0.012929869136422117 -0.0086589565769927684 -0.99889511913076801 0.010802610139203342 -0.014279678299474992 -0.0068883564949992239 0.0058403067873156727 -0.029424292103648077 0.02002181669394543 0.017222842047624132
0.0058664844324452558 0.007705271197709581 -0.0013022258643330144 0.011374298382633237 0.9992967316981255 -0.0008401602195695733 -0.0038505607027236812 -0.013281690019831987 -0.02968808029443654 -0.01031151847020503 0.0012406515571076629
-0.0058664844324449687 -0.007705271197710052 0.001302225864333375 -0.011374298382633352 -0.9992967316981255 0.00084016021956956181 0.0038505607027236361 0.013281690019831881 0.02968808029443671 0.010311518470205555 -0.0012406515571090119
-0.0080180259691875408 0.0006862457478989866 -0.0069205322956976149 -0.014697894003995061 0.0015447341769495233 0.9995391229953402 0.010783629096998143 0.0011881221998919769 0.017308422360170852 -0.0050548751626862962 0.012150816045815499
0.0080180259691883127 -0.00068624574789964677 0.0069205322956983426 0.014697894003995834 -0.0015447341769499895 -0.9995391229953402 -0.010783629096998275 -0.0011881221998915126 -0.017308422360170387 0.0050548751626872191 -0.01215081604581544
0.0060148217925562698 0.018524425327392936 -0.011289455424210556 -0.0073227707275644949 0.0039315129175480999 -0.011361741157341893 0.99940591142085022 -0.0029020084374604361 0.013223848434306809 -0.013723420518494792 0.010547368401179884
-0.006014821792555896 -0.018524425327393203 0.011289455424210998 0.0073227707275646797 -0.0039315129175474068 0.011361741157342023 -0.99940591142085033 0.0029020084374605415 -0.013223848434306266 0.013723420518495066 -0.010547368401179745
-0.001914890907260149 0.0034395688533500396 -0.0099041738076882779 0.0054946620270533101 0.012685237630363931 -0.0013698421301182502 0.0022550317216986889 0.99919214663309908 -0.0047188333706808094 -0.03568370869791123 0.0027930900392719301
0.0019148909072597246 -0.0034395688533499311 0.0099041738076880281 -0.0054946620270532884 -0.012685237630363855 0.001369842130117929 -0.0022550317216991425 -0.99919214663309908 0.0047188333706812621 0.035683708697911799 -0.0027930900392711196
-0.003305152532497998 0.019958948912487701 -0.000543385278611036 0.0013996533948497617 0.49001176490717574 0.49363899187299898 -0.0066893384584584921 -0.025125702554498398 -0.15483034448663027 -0.48628845454209174 0.5046509023179977
0.49402261985287921 0.49786795277837226 0.4965645851801796 -0.5110578568885441 2.7984583932678718e-05 -0.00034943798834277825 -0.010286557113893875 0.0071154036230780676 0.0073078824041652663 0.0018291872326280652 -0.009965748346623584
0.49289985090664601 0.51347451811863432 -0.49450101531525215 0.49709341385587308 -0.012640528687851687 0.0073792827606021074 -0.014652021029985052 -0.008550848635713643 0.026672799185806485 -0.013331432838289829 -0.019218198203499213
0.49386385162720808 0.50054464898221307 -0.50315997189224382 -0.50180170527489387 -0.0018379185486494766 -0.006900395538873551 -0.021540377524984465 -0.0027105418483975344 -0.0027514929178422596 0.0066903838556543679 -0.0019953561558755965
0.0075357218772999276 -0.51921039495215415 0.49867411302124037 -0.013350441383783562 0.013571400168898689 -0.0036226206668527067 0.0084816024551165985 -0.48857892075908632 0.48554105508526668 0.079959802660174245 -0.019682009516945438
0.50686602740226316 -0.5002247529951207 0.49450217841940064 -0.49612984119987841 0.0067402967490785559 0.00061587667389403184 0.0084893405587723823 0.010721240712813418 -0.026128221148406818 0.019827009530476589 0.029600403860079342
0.50574325845602941 -0.48461818765485926 -0.4965634220760316 0.51202142954453844 -0.0059282165227063296 0.0083445974228387627 0.0041238766426815471 -0.0049450115459789765 -0.0067633043667666114 0.0046663894595577503 0.020347954003203595
0.50670725917659043 -0.497548056791281 -0.50522237865302388 -0.48687368958622962 0.0048743936164964254 -0.0059350808766366041 -0.002764479852317852 0.00089529524133704242 -0.036187596470416111 0.024688206153500786 0.037570796050826014
-0.50670725917659087 0.49754805679128139 0.50522237865302322 0.48687368958622934 -0.0048743936164967732 0.0059350808766363318 0.0027644798523181993 -0.00089529524133691611 0.036187596470413856 -0.024688206153501122 -0.037570796050827353
-0.50574325845602974 0.48461818765485926 0.49656342207603144 -0.51202142954453855 0.0059282165227070947 -0.0083445974228391895 -0.0041238766426815237 0.0049450115459782219 0.0067633043667659045 -0.0046663894595559766 -0.020347954003203834
-0.50686602740226294 0.50022475299512037 -0.49450217841940075 0.49612984119987896 -0.0067402967490781777 -0.00061587667389429422 -0.008489340558772018 -0.010721240712812436 0.026128221148407828 -0.019827009530475816 -0.029600403860079182
-0.50590202668170214 0.48729488385869885 -0.50316113499639237 -0.50276527793088965 0.0040623133901247594 -0.014895554973369125 -0.01537769705377141 -0.0048809339254971612 -0.0032960709552420091 0.00019480716346879207 -0.012377561812455142
-0.49386385162720736 -0.50054464898221307 0.50315997189224437 0.50180170527489409 0.0018379185486490019 0.0069003955388728475 0.021540377524984083 0.0027105418483978068 0.0027514929178413176 -0.0066903838556522177 0.0019953561558747009
-0.49289985090664534 -0.51347451811863365 0.49450101531525309 -0.49709341385587347 0.012640528687852355 -0.0073792827606024465 0.014652021029984962 0.0085508486357132856 -0.026672799185807335 0.01333143283829299 0.01921819820350015
-0.49402261985287954 -0.49786795277837248 -0.49656458518017915 0.51105785688854399 -2.7984583932900285e-05 0.00034943798834241005 0.010286557113892779 -0.0071154036230777814 -0.0073078824041661735 -0.0018291872326276206 0.0099657483466234018
-0.49305861913231819 -0.51079782191479484 -0.5052235417571711 -0.4878372622422244 0.010774625555270312 -0.01393024031113262 0.0033982006188935658 -0.0012750968357624572 -0.036732174507815393 0.018192629461317784 0.027188590394246349
0.49238546461139093 0.50986699392130774 -0.0030795941475519591 -0.0086440193270150064 0.4941144608855782 0.50286440377401531 -0.0090027548748025984 -0.0067645064162880362 0.010800511827851252 -0.013434319619276762 -0.0078962394735997855
0.50040349058057909 0.50918074817340853 0.0038409381481458124 0.0060538746769794533 0.49256972670862831 -0.49667471922132544 -0.019786383971799836 -0.0079526286161793903 -0.0065079105323183045 -0.0083794444565905811 -0.020047055519415612
0.48651898017894679 0.50216172272359805 -0.0017773682832191258 -0.020018317709650037 -0.50518227081254741 0.50370456399358488 -0.0051521941720780754 0.0065171836035438531 0.040488592122290376 -0.0031228011490726493 -0.0091368910307081455
0.49453700614813456 0.50147547697569927 0.0051431640124791648 -0.005320423705653797 -0.50672700498949663 -0.49583455900175477 -0.0159358232690767 0.0053290614036527323 0.02318016976211967 0.0019320740136147087 -0.021287707076523658
0.50522887216077517 -0.4882257118521855 -0.0051420009083307351 0.0062839963616492479 0.50082677305072332 0.50382971843625168 0.0097731427978644293 -0.0031586693265527308 -0.022635591724720672 0.00456350267857076 0.031669912733104169
0.51324689812996294 -0.48891195760008493 0.0017785313873669259 0.020981890365643893 0.49928203887377387 -0.49570940455908835 -0.0010104862991333907 -0.0043467915264446917 -0.039944014084890275 0.0096183778412573771 0.019519096687287671
0.49936238772832947 -0.49593098304989525 -0.0038397750439977067 -0.0050903020209847154 -0.49846995864740251 0.50466987865582191 0.013623703500587597 0.010123020693279599 0.0070524885697162568 0.01487502114877633 0.030429261175995488
0.50738041369751719 -0.4966172287977943 0.0030807572516999711 0.009607591983010498 -0.50001469282435174 -0.49486924433951907 0.0028400744035898678 0.0089348984933880302 -0.010255933790453321 0.019929896311463365 0.018278445130178969
-0.50738041369751707 0.49661722879779446 -0.0030807572516997807 -0.0096075919830110115 0.50001469282435185 0.49486924433951929 -0.0028400744035905583 -0.0089348984933874977 0.010255933790453368 -0.019929896311461571 -0.01827844513017934
-0.49936238772832969 0.49593098304989469 0.0038397750439975956 0.0050903020209840779 0.49846995864740234 -0.50466987865582214 -0.013623703500587604 -0.010123020693279278 -0.007052488569717622 -0.014875021148774857 -0.030429261175995252
-0.5132468981299626 0.48891195760008477 -0.0017785313873667026 -0.020981890365644008 -0.49928203887377387 0.49570940455908863 0.0010104862991341993 0.0043467915264441426 0.039944014084891295 -0.0096183778412569799 -0.019519096687288292
-0.50522887216077528 0.48822571185218516 0.005142000908331122 -0.0062839963616490102 -0.50082677305072376 -0.50382971843625168 -0.0097731427978642905 0.0031586693265530049 0.02263559172472002 -0.0045635026785706759 -0.031669912733103531
-0.49453700614813384 -0.50147547697569905 -0.005143164012478431 0.0053204237056541795 0.50672700498949697 0.49583455900175549 0.015935823269075975 -0.0053290614036521113 -0.023180169762118921 -0.0019320740136143388 0.021287707076523232
-0.48651898017894601 -0.50216172272359849 0.0017773682832191346 0.020018317709649267 0.50518227081254774 -0.50370456399358476 0.0051521941720784337 -0.0065171836035444299 -0.040488592122290473 0.0031228011490731602 0.0091368910307076615
-0.50040349058057887 -0.5091807481734083 -0.0038409381481448448 -0.0060538746769795817 -0.49256972670862892 0.49667471922132544 0.019786383971800353 0.0079526286161788716 0.0065079105323175368 0.0083794444565924234 0.02004705551941531
-0.49238546461139054 -0.50986699392130752 0.0030795941475524318 0.0086440193270166752 -0.49411446088557837 -0.50286440377401553 0.0090027548748020502 0.00676450641628771 -0.010800511827852573 0.013434319619279187 0.0078962394735987498
0.49551120082241057 0.51665323253887507 -0.0095650296834855781 -0.0078962758665901845 0.0020021032219960659 -0.0028508692576007387 0.48836118249933541 0.49742734659150184 0.021242848326798385 -0.030454687411035231 -0.0079217440548360087
0.49742609172967067 0.51321366368552535 0.00033914412420294864 -0.013390937893644752 -0.010683134408367784 -0.0014810271274821086 0.48610615077763603 -0.50176480004159696 0.025961681697479026 0.0052290212868774761 -0.010714834094108101
-0.50233116115430965 -0.039457939330476699 -0.0037943811668906141 -0.50970700293736448 0.02201057591543136 -0.013522226126610382 -0.5054715344482309 0.0075872228506957858 0.4732736432275319 0.069174465733935306 -0.03593671051035726
0.49141126993711404 0.49468923835813144 0.011628599548413165 -0.0060681671660797335 -0.014614647325915503 0.0098807140298594505 -0.51329976064321436 -0.49886279160413738 0.012737833263172656 0.018952441805371336 -0.021262202495286511
0.50835460837179447 -0.48143947323461866 -0.011627436444265109 0.0070317398220743361 0.0087144153871419206 -0.0018855545953633068 0.50713708017200121 0.50103318368123717 -0.012193255225774025 -0.012456865113186784 0.031644408151867226
0.51026949927905396 -0.48487904208796867 -0.0017232626365761726 0.0015370777950202553 -0.0039708222432220247 -0.00051571246524514892 0.50488204845030327 -0.49815896295186235 -0.0074744218550933921 0.023226843584725335 0.028851318112595812
0.50233978657923806 -0.49996389856201118 -0.00033798102005435596 0.014354510549638913 0.0047829024695946526 0.0094761865619784769 -0.49226883124884896 0.50393519211869697 -0.025417103660079664 0.001266555405308482 0.021097039750686927
-0.011800369257933768 0.011676151171962345 0.01444616810625393 0.50466776613995945 -0.50687975875985736 0.0066743086118351063 -0.50045210829975972 0.0036242702571412919 0.058750617674591089 -0.0050426041071732078 0.48364452402538288
-0.50425467748649822 0.50340346741536113 -0.0095661927876341066 -0.0088598485225856692 0.0079023351607697412 -0.010846028692096265 0.49452386297054757 0.49525695451440283 0.020698270289398919 -0.036950264103219659 -0.018303949711415912
-0.50233978657923839 0.49996389856201096 0.00033798102005430864 -0.014354510549638887 -0.0047829024695943472 -0.0094761865619778212 0.4922688312488484 -0.50393519211869708 0.02541710366008048 -0.0012665554053076162 -0.021097039750688711
-0.51026949927905407 0.48487904208796834 0.001723262636576485 -0.0015370777950209583 0.0039708222432215416 0.0005157124652458555 -0.50488204845030371 0.49815896295186257 0.0074744218550934511 -0.023226843584723929 -0.02885131811259465
-0.50835460837179436 0.4814394732346185 0.011627436444264607 -0.0070317398220740976 -0.0087144153871418668 0.0018855545953635061 -0.50713708017200176 -0.50103318368123695 0.01219325522577315 0.012456865113186128 -0.031644408151866484
-0.4914112699371142 -0.49468923835813194 -0.011628599548412716 0.0060681671660788184 0.014614647325915131 -0.0098807140298594245 0.51329976064321392 0.49886279160413699 -0.012737833263172953 -0.018952441805370757 0.021262202495287673
-0.48949637902985471 -0.49812880721148239 -0.0017244257407242178 0.00057350513902564102 0.0019294096955515907 -0.0085108718997411979 0.51104472892151487 -0.50032935502896181 -0.0080189998924924885 0.016731266892540259 0.018469112456014992
-0.49742609172967062 -0.51321366368552424 -0.00033914412420124943 0.013390937893644256 0.010683134408367836 0.0014810271274815728 -0.4861061507776368 0.5017648000415974 -0.025961681697478339 -0.0052290212868758247 0.010714834094108163
-0.49551120082241068 -0.51665323253887507 0.0095650296834865704 0.0078962758665903181 -0.002002103221996039 0.0028508692576006125 -0.48836118249933541 -0.49742734659150173 -0.021242848326800023 0.030454687411034881 0.0079217440548365742
-0.0014783870158158624 0.0093223449390948347 0.5000803777446936 0.4931576859478789 0.49595237943422588 0.50976479931288743 0.012537622650181495 -0.0040539645678903469 0.013552004745696015 -0.020124703474931373 -0.0059008833177236269
0.0065396389533716659 0.0086360991911954826 0.50700091004039038 0.50785557995187436 0.49440764525727721 -0.48977432368245205 0.0017539935531837802 -0.0052420867677816221 -0.0037564176144750908 -0.015069828312244885 -0.018051699363540636
-0.0073448714482605617 0.0016170737413853545 0.50138260360902487 0.48178338756524469 -0.50334435226389918 0.51060495953245855 0.016388183352906118 0.0092277254519418372 0.043240085040132867 -0.0098131850047257201 -0.0071415348748325282
0.0006731545209270358 0.00093082799348635434 0.5083031359047232 0.49648128156924054 -0.5048890864408484 -0.48893416346288227 0.0056045542559072983 0.008039603252050536 0.025931662679962473 -0.0047583098420396095 -0.019292350920648443
-0.0005143862952542628 -0.0036075241973263505 0.49142142116770043 -0.50573743318288955 0.50675498957342968 0.4954851210134128 0.0056492661551826185 0.001786342219425311 -0.015872287357953794 -0.00010288678098693611 0.011321958729901074
0.0075036396739339246 -0.0042937699452253531 0.49834195346339827 -0.49103953917889387 0.50521025539648068 -0.50405400198192729 -0.0051343629418159099 0.00059822001953371915 -0.033180709718123501 0.0049519883817007813 -0.00082885731591640242
-0.006380870727698852 -0.011312795395036235 0.4927236470320342 -0.51711173156552348 -0.49254174212469454 0.49632528123298236 0.0094998268579064311 0.015068032239257999 0.013815792936483984 0.010208631689218539 0.010081307172791236
0.0016371552414877317 -0.01199904114293532 0.49964417932773159 -0.50241383756152747 -0.49408647630164515 -0.50321384176235784 -0.0012838022390916682 0.013879910039366207 -0.0034926294236865656 0.015263506851905672 -0.0020695088730231519
-0.0016371552414885702 0.011999041142935096 -0.49964417932773103 0.50241383756152747 0.49408647630164537 0.50321384176235784 0.0012838022390914336 -0.013879910039365829 0.0034926294236860287 -0.015263506851905041 0.0020695088730244876
0.0063808707276995814 0.011312795395035173 -0.49272364703203442 0.51711173156552304 0.49254174212469498 -0.49632528123298236 -0.0094998268579064259 -0.015068032239257045 -0.013815792936483861 -0.010208631689217748 -0.010081307172791423
9.4994995919859513e-05 0.48888618315723142 -0.003360610063687135 -0.0089589515501794035 -0.0013430406171423205 -0.50430967974643071 -0.021074796598296811 0.47990122544328118 0.060071213577835229 -0.52056780700417404 -0.034927810030227123
0.00051438629525512409 0.0036075241973261194 -0.49142142116770077 0.50573743318288933 -0.50675498957342968 -0.49548512101341285 -0.0056492661551829975 -0.0017863422194250495 0.01587228735795319 0.00010288678098655374 -0.01132195872989923
-0.00067315452092656775 -0.00093082799348611332 -0.50830313590472287 -0.49648128156923965 0.50488908644084884 0.48893416346288299 -0.0056045542559073269 -0.0080396032520506054 -0.02593166267996256 0.0047583098420386711 0.019292350920648887
0.0073448714482611081 -0.0016170737413858432 -0.50138260360902509 -0.48178338756524502 0.50334435226389895 -0.51060495953245799 -0.016388183352905396 -0.0092277254519422727 -0.043240085040132749 0.0098131850047266014 0.0071415348748325429
-0.0065396389533714802 -0.0086360991911967246 -0.50700091004039016 -0.50785557995187358 -0.49440764525727721 0.48977432368245261 -0.0017539935531838201 0.0052420867677819404 0.0037564176144751732 0.015069828312244769 0.018051699363539293
0.0014783870158150455 -0.009322344939096075 -0.50008037774469183 -0.4931576859478789 -0.49595237943422676 -0.50976479931288854 -0.012537622650182515 0.0040539645678902446 -0.013552004745695432 0.020124703474931803 0.0059008833177248698
0.0016473491952030421 0.016108583556661848 0.49359494220875805 0.49390542940830373 0.0038400217706449219 0.0040495262812731475 0.50990156002431919 0.50013788843990015 0.023994341244642076 -0.037145071266689027 -0.0059263878989605397
0.0035622401024632275 0.012669014703311755 0.50349911601644726 0.48841076738125089 -0.0088452158597191275 0.005419368411390766 0.50764652830262025 -0.4990542581931991 0.028713174615322225 -0.0014613625687773235 -0.0087194779382324047
-0.004367472597352315 -0.0024158417707303712 0.50488439763296877 0.50122820013586844 -9.149114690250162e-05 0.015411267438615248 -0.48950435139653109 0.50303989687735962 0.010770492810335484 -0.023421650748193676 -0.016473756300139693
0.50425467748649777 -0.50340346741536146 0.0095661927876336816 0.008859848522584932 -0.0079023351607698869 0.010846028692096476 -0.49452386297054762 -0.49525695451440249 -0.020698270289399284 0.036950264103219464 0.018303949711417026
0.0026113499157654641 0.0031787144202407901 0.48493598563176665 -0.50498968972246416 0.014642631909848337 -0.010230152018201879 0.50301320352931955 0.50597819522721532 -0.005429950859007996 -0.01712325457274376 0.011296454148662219
0.0045262408230248539 -0.00026085443310868366 0.49484015943945492 -0.51048435174951767 0.0019573942794843795 -0.0088603098880839538 0.50075817180762094 -0.49321395140588392 -0.0007111174883270982 0.018560454125167932 0.0085033641093923348
-0.0034034718767913873 -0.015345710907152196 0.49622544105597721 -0.49766691899489962 0.010711118992300728 0.0011315891391400919 -0.49639270789153034 0.50888020366467479 -0.018653799293314111 -0.0033998340542482747 0.00074908574748474839
-0.0014885809695314755 -0.018785279760502469 0.50612961486366537 -0.50316158102195296 -0.0019741186380633582 0.0025014312692578397 -0.49864773961322928 -0.49031194296842406 -0.013934965922632702 0.032283874643662731 -0.0020440042917880146
0.0014885809695308865 0.018785279760502229 -0.50612961486366526 0.50316158102195285 0.0019741186380634124 -0.0025014312692581862 0.49864773961322911 0.49031194296842406 0.01393496592263182 -0.032283874643661989 0.0020440042917876764
0.0034034718767909709 0.015345710907151359 -0.49622544105597732 0.49766691899489984 -0.010711118992300279 -0.0011315891391398096 0.49639270789153006 -0.50888020366467479 0.018653799293314142 0.0033998340542504631 -0.00074908574748329155
-0.0045262408230250456 0.00026085443310939381 -0.49484015943945431 0.5104843517495169 -0.0019573942794838899 0.0088603098880841551 -0.50075817180762161 0.49321395140588475 0.00071111748832674844 -0.018560454125166295 -0.0085033641093913495
-0.0026113499157648873 -0.0031787144202409597 -0.48493598563176626 0.50498968972246394 -0.014642631909847459 0.010230152018202486 -0.50301320352932011 -0.5059781952272151 0.0054299508590076821 0.017123254572744308 -0.011296454148662609
0.0024525816900929499 0.0058554106240802086 -0.51478857144065748 -0.49573353810881515 0.012776728777266527 -0.016781109568733594 0.49175938311822981 0.49615224975573918 -0.015489326181016326 -0.012262057949717572 0.019266846339411715
0.0043674725973522491 0.0024158417707299314 -0.50488439763296822 -0.50122820013586822 9.1491146903014257e-05 -0.01541126743861535 0.48950435139653148 -0.50303989687736017 -0.010770492810334513 0.023421650748194169 0.016473756300139766
-0.0035622401024641287 -0.012669014703312623 -0.50349911601644692 -0.48841076738125039 0.0088452158597189159 -0.0054193684113908796 -0.5076465283026208 0.49905425819319965 -0.028713174615321333 0.0014613625687766563 0.0087194779382305642
-0.0016473491952040495 -0.016108583556662344 -0.49359494220875821 -0.49390542940830395 -0.0038400217706455655 -0.0040495262812728795 -0.50990156002431963 -0.50013788843989937 -0.02399434124464131 0.037145071266687868 0.0059263878989611763
0.00097419467427630239 0.015177755563176536 -0.014708193695965153 -0.002575852160936757 0.50872910821149342 0.49298368974415613 0.50429700576841097 0.49209828518784865 -0.0019373214353207064 -0.032386761424649566 0.013365963021688181
0.0028890855815365689 0.011738186709826216 -0.0048040198882765804 -0.008070514187989963 0.49604387058112898 0.49435353187427294 0.50204197404671291 -0.50709386144525026 0.0027815119353608512 0.0032969472732626462 0.010572872982415788
-0.005040627118279668 -0.0033466697642165056 -0.0034187382717546073 0.0047469185666280935 0.50479759529394574 0.50434543090149753 -0.49510890565243831 0.49500029362530973 -0.015161169869627502 -0.018663340906155124 0.0028185946205074633
-0.0031257362110194663 -0.0067862386175669316 0.0064854355359342192 -0.00074774346042588756 0.49211235766358125 0.50571527303161501 -0.49736393737413781 -0.50419185300779013 -0.010442336498946341 0.017020367791756717 2.5504581236542459e-05
0.0089922206434643933 0.014491509815276509 -0.0077876614002669476 0.012122041843059192 0.50718437403454375 -0.50655543325118502 0.49351337667141348 0.49091016298795753 -0.019245743795491856 -0.027331886261962039 0.0012151469758719217
0.010907111550724406 0.011051940961926148 0.0021165124074215358 0.0066273798160053415 0.49449913640417981 -0.50518559112106687 0.49125834494971482 -0.50828198364514154 -0.014526910424810467 0.0083518224359482012 -0.0015779430634003152
0.002977398850908019 -0.0040329155121156552 0.0035017940239432744 0.019444812570623086 0.50325286111699574 -0.49519369209384295 -0.50589253474943663 0.49381217142541817 -0.032469592229797374 -0.013608465743466344 -0.0093322214253081098
0.0048922897581684267 -0.0074724843654664398 0.013405967831631458 0.01395015054356895 0.49056762348663219 -0.49382384996372486 -0.50814756647113579 -0.50537997520768119 -0.027750758859116681 0.022075242954445087 -0.012125311464578932
-0.0048922897581677831 0.0074724843654662074 -0.013405967831632089 -0.013950150543569949 -0.49056762348663219 0.49382384996372508 0.50814756647113501 0.50537997520768152 0.027750758859116934 -0.022075242954444348 0.012125311464579127
-0.0029773988509081916 0.0040329155121165009 -0.0035017940239435406 -0.01944481257062387 -0.50325286111699574 0.49519369209384256 0.50589253474943696 -0.49381217142541844 0.032469592229797305 0.013608465743468806 0.0093322214253074957
-0.010907111550724069 -0.011051940961926555 -0.0021165124074218229 -0.0066273798160056451 -0.49449913640418031 0.50518559112106665 -0.49125834494971493 0.50828198364514143 0.014526910424810019 -0.0083518224359489281 0.0015779430633991861
-0.0089922206434647593 -0.014491509815276516 0.0077876614002677274 -0.01212204184305875 -0.50718437403454408 0.50655543325118535 -0.49351337667141348 -0.49091016298795753 0.019245743795490999 0.027331886261962788 -0.001215146975871927
0.0031257362110192525 0.0067862386175666072 -0.0064854355359338619 0.00074774346042539078 -0.49211235766358158 -0.50571527303161501 0.49736393737413787 0.50419185300778957 0.010442336498945892 -0.017020367791757741 -2.550458123640999e-05
0.005040627118279602 0.0033466697642164519 0.0034187382717538284 -0.0047469185666283937 -0.50479759529394619 -0.50434543090149764 0.49510890565243804 -0.49500029362530895 0.015161169869627037 0.018663340906154256 -0.0028185946205077843
-0.0028890855815366205 -0.011738186709825595 0.0048040198882772674 0.0080705141879899873 -0.49604387058112875 -0.49435353187427233 -0.50204197404671347 0.50709386144525059 -0.0027815119353603525 -0.0032969472732610632 -0.010572872982415871
-0.00097419467427753491 -0.0151777555631763 0.014708193695965375 0.002575852160936397 -0.50872910821149298 -0.49298368974415518 -0.50429700576841174 -0.49209828518784943 0.0019373214353201188 0.032386761424649801 -0.013365963021686425
0.50297275401965535 -0.0079667394781207639 0.49410269811769236 -0.011898182695276142 0.51325611278118388 -0.0012126994555676993 -0.0047854511073349365 0.003658585041229661 0.48532793904769583 0.051211066273282209 -0.032257111993819122
0.50281837694737075 0.026245079595504123 0.50432079619454595 0.014979902120255562 0.48200629011074964 0.014918656221023863 0.0060260303444892071 -0.0049439375124855373 -0.50441206598272204 -0.059888204674328774 0.03590957701675785
0.49710626958721033 -0.015672010675830593 0.49540492398202557 -0.023272481077909329 -0.48604061891694117 -0.00037253923599729041 -0.00093489040461086333 0.016940275061062229 0.5150160193421307 0.061522584743489449 -0.033497763550925569
0.49695189251492633 0.018539808397794347 0.50562302205887899 0.0036056037376216818 -0.51729044158737603 0.015758816440593765 0.0098765910472133865 0.0083377525073456277 -0.47472398568828689 -0.04957668620412372 0.034668925459649884
0.50281398579398273 -0.0052900432742815371 -0.50562185895473144 -0.0026420310816272384 0.51139020964860249 -0.0077636570060969886 -0.01603927151842538 -0.006167360430245775 0.47526856372568632 0.056072262896306964 -0.024286719803069949
0.50265960872169879 0.028921775799343838 -0.49540376087787824 0.02423605373390442 0.48014038697816763 0.0083676986704931677 -0.0052277900666010315 -0.014769882983961979 -0.51447144130473099 -0.055027008051305226 0.043879969207507058
0.49694750136153792 -0.012995314471991405 -0.50431963309039818 -0.014016329464260933 -0.48790652204952284 -0.0069234967865274138 -0.012188710815701593 0.0071143295895857691 0.50495664402012153 0.066383781366512934 -0.025527371360177492
0.49679312428925354 0.021216504601633955 -0.49410153501354442 0.012861755351271383 -0.51915634471995731 0.0092078588900632516 -0.0013772293638772209 -0.001488192964130055 -0.4847833610102964 -0.04471548958109825 0.042639317650399147
-0.49679312428925321 -0.021216504601633775 0.49410153501354498 -0.012861755351270675 0.51915634471995731 -0.0092078588900632342 0.0013772293638766775 0.0014881929641299241 0.48478336101029629 0.04471548958109868 -0.042639317650399328
-0.49694750136153781 0.012995314471991145 0.50431963309039829 0.014016329464260225 0.48790652204952284 0.0069234967865275301 0.012188710815701873 -0.0071143295895867743 -0.50495664402012141 -0.0663837813665141 0.025527371360176687
0.50590202668170214 -0.48729488385869951 0.50316113499639181 0.50276527793088943 -0.0040623133901249416 0.014895554973369014 0.015377697053772043 0.0048809339254973945 0.0032960709552404535 -0.00019480716346923518 0.012377561812453577
-0.50281398579398251 0.0052900432742807035 0.50562185895473122 0.0026420310816266095 -0.51139020964860238 0.0077636570060973294 0.016039271518425442 0.0061673604302456466 -0.47526856372568632 -0.056072262896308178 0.024286719803069279
-0.49695189251492561 -0.018539808397794164 -0.5056230220588791 -0.0036056037376215734 0.51729044158737558 -0.015758816440593973 -0.0098765910472134941 -0.0083377525073454316 0.47472398568828789 0.049576686204121867 -0.034668925459649738
-0.49710626958721016 0.015672010675830343 -0.49540492398202535 0.02327248107790876 0.48604061891694122 0.0003725392359966966 0.00093489040461105708 -0.016940275061062517 -0.51501601934213104 -0.061522584743491177 0.033497763550927546
-0.50281837694737086 -0.026245079595504418 -0.50432079619454595 -0.014979902120255094 -0.48200629011074936 -0.01491865622102353 -0.0060260303444897171 0.0049439375124862668 0.50441206598272248 0.059888204674329149 -0.03590957701675649
-0.50297275401965535 0.0079667394781204603 -0.49410269811769281 0.011898182695275584 -0.51325611278118399 0.0012126994555666717 0.0047854511073349287 -0.0036585850412302226 -0.48532793904769511 -0.051211066273283111 0.032257111993818345
0.50248553822659403 0.0052461202568518774 -0.0064237169099622049 0.48282891812183359 0.0092392467550029122 -0.0026091295499813668 0.4946600529964062 0.0010152997030204137 0.51646636180288541 0.041924805213677308 -0.032229978500218248
0.50233116115430942 0.0394579393304769 0.0037943811668910998 0.50970700293736415 -0.022010575915431246 0.013522226126610025 0.50547153444823112 -0.0075872228506964874 -0.47327364322753257 -0.069174465733935001 0.035936710510355296
0.4964707164340379 -0.01327830507054148 0.0048657385142490978 0.49015168884939814 0.005307733837454965 0.0087526116073611375 -0.50474585842444386 0.0039173081404799996 0.50324251336857895 0.05564822573217245 -0.042777346901399158
0.49631633936175362 0.020933514003083221 0.015083836591101537 0.51702977366492897 -0.025942088832979097 0.024883967283951817 -0.49393437697261933 -0.0046852144132362075 -0.48649749166183881 -0.055451045215439733 0.025389342109174613
0.50344953894715527 -0.0076837488795700841 -0.015082673486954676 -0.51606620100893408 0.020041856894205297 -0.016888807849456275 0.48777169650140711 0.0068556064903360532 0.48704206969923769 0.061946621907624864 -0.015007136452595866
0.50329516187487089 0.0265280701940552 -0.0048645754101011964 -0.48918811619340324 -0.011207965776228821 -0.00075745217286522445 0.49858317795323159 -0.0017469160633805669 -0.50269793533117957 -0.049152649039988693 0.05315955255798336
0.49743471715459892 -0.026208174206963114 -0.0037932180627432447 -0.50874343028137015 0.016110343976657407 -0.005527066692113768 -0.51163421491944316 0.0097576149277963202 0.47381822126493117 0.075670042426118703 -0.02555450485377745
0.49728034008231492 0.0080036448666617188 0.0064248800141096483 -0.4818653454658387 -0.015139478693776085 0.010604288984476358 -0.50082273346761819 0.0011550923740796671 -0.51592178376548603 -0.035429228521493807 0.042612184156801902
-0.49728034008231525 -0.00800364486666158 -0.0064248800141097377 0.48186534546583865 0.015139478693775949 -0.010604288984477609 0.50082273346761863 -0.0011550923740790368 0.51592178376548592 0.035429228521494265 -0.042612184156799002
-0.49743471715459914 0.026208174206963263 0.0037932180627433011 0.50874343028136915 -0.016110343976658271 0.0055270666921136274 0.51163421491944339 -0.0097576149277962612 -0.47381822126493145 -0.075670042426119535 0.025554504853775268
-0.50329516187487089 -0.026528070194054433 0.0048645754101010125 0.4891881161934033 0.011207965776228188 0.00075745217286494148 -0.49858317795323165 0.0017469160633803204 0.50269793533117979 0.049152649039989137 -0.053159552557979037
-0.50344953894715527 0.0076837488795698872 0.015082673486954011 0.51606620100893352 -0.020041856894206095 0.016888807849455231 -0.48777169650140689 -0.0068556064903357783 -0.48704206969923874 -0.06194662190762347 0.015007136452593316
-0.0020455900778550088 0.4903256235580899 -0.011894639653050298 -0.025720310612222769 -0.00075370115290454554 0.50017251481423897 0.50182543261078683 -0.0011124360858051614 -0.0038221685191800968 -0.011338893734966833 -0.5065839389081932
-0.49647071643403734 0.013278305070541794 -0.0048657385142491559 -0.49015168884939819 -0.0053077338374554099 -0.008752611607362017 0.50474585842444375 -0.0039173081404808774 -0.50324251336857917 -0.055648225732172589 0.042777346901402967
-0.0072225765793439579 0.48232187967468948 0.49083234597433018 -0.022783795045395131 0.019544325634116611 -0.0059577774592076546 -0.0080392634958510473 0.50700738878427842 0.51425832526715953 0.02627827166441293 -0.056455071684379764
-0.50248553822659348 -0.0052461202568511748 0.0064237169099622023 -0.48282891812183382 -0.0092392467550026156 0.0026091295499804266 -0.49466005299640631 -0.0010152997030202654 -0.51646636180288563 -0.041924805213677134 0.032229978500221648
0.49499366925237281 -0.0084181196744310752 -0.013520820538045542 -0.017558872068238619 0.019789781269487484 0.49501654231156356 -0.0019677505521699342 0.50557659173190372 0.50143708602865344 0.038428131889599433 -0.021420288634455255
0.49483929218008793 0.025793699399193858 -0.0033027224611928523 0.0093192127472913732 -0.011460041400947656 0.51114789798815408 0.0088437308996545828 0.49697406917818671 -0.48830291900176459 -0.072671139058016102 0.046746400376122765
0.4969085601596327 -0.011857688527781201 -0.0036166467303573374 -0.023053534095292139 0.0071045436391235792 0.49638638444168171 -0.0042227822738688031 -0.49361555490119585 0.5061559193993338 0.074111840587510816 -0.024213378673726048
0.49675418308734837 0.022354130545843929 0.0066014513464957344 0.003824550720238584 -0.024145279031311508 0.51251774011827234 0.0065886991779554966 -0.50221807745491187 -0.48358408563108418 -0.036987430360101076 0.043953310336850814
0.50301169522156053 -0.0091043654223300022 -0.0066002882423483239 -0.0028609780642438101 0.018245047092537717 -0.50452258068377609 -0.012751379649167839 0.50438846953201188 0.4841286636684824 0.043483007052286762 -0.033571104680271385
0.50285731814927581 0.025107453651294392 0.0036178098345052284 0.024017106751287043 -0.013004775577896747 -0.48839122500718557 -0.0019398981973438232 0.49578594697829537 -0.50561134136193442 -0.067616263895327461 0.034595584330306392
0.50492658612882069 -0.012543934275680381 0.0033038855653396773 -0.0083556400912973942 0.0055598094621740245 -0.50315273855365794 -0.015006411370867036 -0.49480367710108741 0.48884749703916269 0.079166715750198027 -0.036364194719541276
0.0037834281964233304 -0.019584688246022625 -0.0056750006940772812 -0.023843727310564989 5.0200940647250759e-05 -0.013196699708359233 -0.01945866127913071 -0.031552301416581233 0.332581059661816 -0.91491868174497348 0.22308451002686816
-0.50477220905653575 -0.021667884797944702 -0.013521983642193819 -0.018522444724232884 0.02569001320826066 0.48702138287706781 0.0041949299190424602 0.50340619965480338 0.50089250799125462 0.031932555197414975 -0.031802494291036258
-0.50492658612882046 0.012543934275680338 -0.0033038855653402619 0.0083556400912963152 -0.0055598094621738849 0.50315273855365794 0.015006411370866965 0.49480367710108675 -0.48884749703916353 -0.079166715750198804 0.036364194719541117
-0.50285731814927603 -0.02510745365129486 -0.0036178098345047414 -0.024017106751286387 0.01300477557789682 0.4883912250071854 0.0019398981973436649 -0.49578594697829514 0.50561134136193475 0.067616263895328071 -0.034595584330306267
-0.5030116952215602 0.0091043654223304984 0.0066002882423480914 0.0028609780642432701 -0.018245047092538071 0.5045225806837762 0.012751379649168356 -0.50438846953201188 -0.48412866366848328 -0.043483007052285728 0.033571104680268228
-0.49675418308734831 -0.022354130545843568 -0.00660145134649626 -0.0038245507202387817 0.0241452790313109 -0.51251774011827245 -0.0065886991779561966 0.50221807745491165 0.48358408563108374 0.036987430360102151 -0.043953310336851771
-0.49690856015963275 0.01185768852778063 0.0036166467303578652 0.023053534095291525 -0.0071045436391237145 -0.49638638444168193 0.0042227822738691622 0.4936155549011953 -0.5061559193993338 -0.074111840587512398 0.024213378673725458
-0.49483929218008782 -0.025793699399194243 0.0033027224611923735 -0.0093192127472916733 0.011460041400947734 -0.51114789798815474 -0.0088437308996545411 -0.49697406917818704 0.4883029190017642 0.072671139058013451 -0.04674640037612262
-0.4949936692523722 0.0084181196744309017 0.013520820538046001 0.017558872068237797 -0.01978978126948706 -0.49501654231156378 0.001967750552169481 -0.50557659173190383 -0.50143708602865333 -0.038428131889599759 0.021420288634456282
-0.002452581690093152 -0.0058554106240806866 0.51478857144065726 0.49573353810881499 -0.012776728777266608 0.016781109568733056 -0.49175938311822998 -0.49615224975573979 0.01548932618101543 0.012262057949717789 -0.019266846339411978
-0.0073769536516279472 0.51653369874831401 0.50105044405118326 0.0040942897701351788 -0.011705497036316783 0.010173578217382958 0.0027722179559731375 0.49840486623056174 -0.47548167976325839 -0.084820999283199222 0.011711617326198517
-0.0053076856720834743 0.47888231082133964 0.50073651978201861 -0.028278457072449217 0.0068590880037533129 -0.0045879353290899172 -0.010294295217549853 -0.49218475784882088 0.51897715863783955 0.061961980362324816 -0.0592481617236515
-0.0054620627443671922 0.51309412989496406 0.51095461785887208 -0.0014003722569183336 -0.024390734666680833 0.011543420347501285 0.00051718623427423 -0.50078728040253773 -0.47076284639257754 -0.049137290585287041 0.0089185272869264226
-0.0073813448050147447 0.48499857587852907 -0.50889221109809346 -0.013527643431746545 0.01767842250153542 -0.01250873500973804 -0.019293083906941365 0.49718144331280251 0.50419894994515035 0.031139468287438021 -0.048484679493631555
-0.0075357218773008982 0.5192103949521536 -0.49867411302124059 0.01335044138378429 -0.013571400168899024 0.0036226206668525259 -0.0084816024551169853 0.48857892075908621 -0.48554105508526718 -0.079959802660173329 0.019682009516946972
-0.0054664538977559204 0.48155900702517895 -0.49898803729040514 -0.019022305458799859 0.0049931848711716638 -0.01113889287962031 -0.02154811562863997 -0.50201070332029607 0.50891778331583104 0.066823176985349189 -0.051277769532901855
-0.0056208309700397302 0.51577082609880398 -0.48876993921355183 0.0078557793567298854 -0.026256637799263089 0.0049924627969702567 -0.01073663417681568 -0.51061322587401259 -0.48082222171458699 -0.044276093962261016 0.016888919477676553
0.0056208309700400928 -0.51577082609880387 0.48876993921355166 -0.0078557793567299843 0.026256637799262177 -0.0049924627969708882 0.010736634176814914 0.51061322587401237 0.48082222171458705 0.044276093962263383 -0.01688891947767511
0.005466453897755812 -0.4815590070251789 0.49898803729040508 0.019022305458800563 -0.0049931848711713463 0.011138892879619767 0.021548115628639692 0.50201070332029618 -0.5089177833158306 -0.066823176985350924 0.051277769532901439
0.0099776663104517386 -0.027805450448694098 -0.0099356353037380208 -0.033313894893401828 0.0060823066145948472 -0.012482159707084212 0.48927265122604491 -0.51352046030733822 0.49019291608380389 -0.42533327992962328 -0.27099351930870941
0.0073813448050165488 -0.48499857587852907 0.50889221109809335 0.013527643431746806 -0.017678422501535306 0.012508735009737882 0.01929308390694116 -0.49718144331280262 -0.50419894994515058 -0.031139468287437706 0.048484679493630348
0.0054620627443680266 -0.51309412989496417 -0.5109546178588722 0.0014003722569181614 0.02439073466668085 -0.011543420347501438 -0.00051718623427439458 0.50078728040253706 0.47076284639257748 0.049137290585287249 -0.0089185272869260913
0.0053076856720831646 -0.47888231082133959 -0.50073651978201894 0.028278457072449473 -0.0068590880037529304 0.0045879353290892806 0.010294295217549047 0.49218475784882082 -0.51897715863783944 -0.061961980362324809 0.059248161723649363
0.0073769536516275509 -0.51653369874831467 -0.50105044405118404 -0.0040942897701357756 0.011705497036316901 -0.010173578217383026 -0.0027722179559736136 -0.49840486623056174 0.47548167976325767 0.084820999283197848 -0.011711617326197897
0.0072225765793441365 -0.48232187967468937 -0.49083234597433034 0.022783795045395412 -0.01954432563411726 0.0059577774592071003 0.0080392634958504523 -0.50700738878427798 -0.5142583252671602 -0.026278271664411382 0.056455071684379375
-0.010835528583423976 0.48874850079209481 -0.0032086335173899206 0.47119556231128845 0.0076398172715185014 0.49836106547799369 -0.0059576967662469957 0.00017225043827860542 0.53495441152340428 0.034012378396564444 -0.056402433609545041
-0.010989905655708693 0.52296031986571945 0.0070094645594625839 0.49807364712681856 -0.023610005398917347 0.51449242115458449 0.0048537846855778131 -0.0084302721154374087 -0.45478559350701436 -0.077086892551047864 0.011764255401030118
-0.002817502614236609 0.48806225504419509 0.0037118987783079701 0.4858934563152838 0.0060950830945688426 -0.50117805751734656 -0.016741325863245032 -0.0010158717616127711 0.5176459891632329 0.039067253559252335 -0.068553249655359402
-0.0029718796865211838 0.52227407411781979 0.013929996855161107 0.51277154113081369 -0.025154739575866124 -0.48504670184075555 -0.0059298444114202903 -0.0096183943153293483 -0.47209401586718486 -0.072032017388361971 -0.00038656064478480604
-0.0098715278628635807 0.47581863165567273 -0.011867590094382379 -0.527699556819479 0.018442427410720844 0.48408138717851867 -0.01284605326124663 0.0060125572255946445 0.50553011941975734 0.054034195090511876 -0.039179591561920947
-0.01002590493514709 0.5100304507292982 -0.001649492017529271 -0.50082147200394889 -0.012807395259714673 0.50021274285510897 -0.0020345718094220326 -0.002589965328121988 -0.48420988561066058 -0.057065075857101674 0.028987097448659307
0.49941844152234499 -0.005907173948453825 0.49350260125235557 -0.02308645820219506 -0.0048019335758973259 0.50367008013760006 0.00051483544412456281 -0.010705638354221695 0.068322977526764445 -0.49796472663440072 -0.0031845561677807362
0.012395741310335264 -0.040363837296277828 -0.0090002412488887091 -0.025610719813340236 -0.006741939311782655 0.0047792977833169019 -0.0019663238559035571 -0.023456680321366975 -0.01334906422048337 -0.71805004711100329 -0.69360200946819928
0.0020078789659600704 -0.50934420498139843 -0.0052710402781691998 0.48612357799995387 0.01435212943666434 0.49932638014023029 0.01281820090642014 0.0037780875280131933 0.5015183079708313 0.052010200694415427 -0.016836281402840471
0.0018535018936751879 -0.47513238590777362 0.0049470577986838269 0.51300166281548443 -0.016897693233771785 0.51545773581682142 0.023629682358244954 -0.0048244350257024881 -0.48822169705958607 -0.059089070253198518 0.051330407607733969
0.010025904935147469 -0.51003045072929787 0.0016494920175293588 0.50082147200394933 0.012807395259714032 -0.5002127428551093 0.0020345718094211527 0.0025899653281213669 0.48420988561066036 0.057065075857101417 -0.028987097448655533
0.0098715278628630793 -0.47581863165567323 0.011867590094381661 0.52769955681947911 -0.018442427410720847 -0.48408138717851923 0.012846053261246111 -0.0060125572255945187 -0.50553011941975667 -0.054034195090511251 0.039179591561919226
0.0029718796865204032 -0.52227407411782012 -0.013929996855160739 -0.51277154113081391 0.02515473957586636 0.48504670184075516 0.0059298444114198167 0.0096183943153297508 0.47209401586718419 0.072032017388361014 0.0003865606447822238
0.0028175026142366745 -0.4880622550441952 -0.0037118987783076709 -0.48589345631528336 -0.0060950830945684775 0.50117805751734568 0.016741325863244561 0.0010158717616124688 -0.5176459891632339 -0.039067253559252467 0.068553249655362886
0.010989905655708515 -0.52296031986571989 -0.0070094645594626975 -0.49807364712681895 0.023610005398917285 -0.51449242115458438 -0.0048537846855778661 0.0084302721154374712 0.45478559350701325 0.07708689255104742 -0.011764255401032365
0.010835528583424592 -0.4887485007920947 0.0032086335173903218 -0.4711955623112884 -0.0076398172715177138 -0.49836106547799425 0.0059576967662468283 -0.00017225043827881665 -0.53495441152340384 -0.034012378396565332 0.056402433609546589
-0.00040386212604897443 0.49505529161248607 -0.010373686302309471 -0.018877286424563388 0.51388287756048068 -0.014649285857870094 0.48298398579681734 -0.0055935064966541968 0.50335593836143055 0.034533254830530546 -0.047972410629496282
-0.00055823919833348492 0.52926711068611043 -0.0001555882254556366 0.0080007983909667884 0.48263305489004626 0.0014820698187211546 0.49379546724864193 -0.014196029050372436 -0.48638406666898693 -0.076566016117082525 0.020194278381079924
-0.0064186839186051829 0.47653086628509272 0.00091576912190152705 -0.011554515696998923 0.50995136464293289 -0.0032875447005280877 -0.51642192562403288 -0.0026914980591943804 0.4901320899271242 0.048256675349025578 -0.058519779030675678
-0.0065730609908895296 0.51074268535871714 0.011133867198754867 0.0153235691185311 0.47870154197249865 0.012843810976062676 -0.50561044417220791 -0.01129402061291161 -0.49960791510329394 -0.062842595598586695 0.0096469099798980173
-0.0062703465584938323 0.48735002041477599 -0.0090714604379761744 -0.030251584807196513 -0.48541385413764421 -0.013809125638300196 0.48683454649954183 0.0076881835231773481 0.53304401865586537 0.044844773300738029 -0.049213062186603859
-0.0075036396739328803 0.0042937699452249263 -0.49834195346339843 0.49103953917889448 -0.5052102553964799 0.50405400198192718 0.005134362941815386 -0.00059822001953400918 0.033180709718124229 -0.0049519883816996841 0.00082885731591648753
-0.012285168351050037 0.46882559508738264 0.0022179949862343677 -0.022928814079632657 -0.48934536705519199 -0.0024473844809577787 -0.51257136492130861 0.010590191960636385 0.5198201702215598 0.058568193819231583 -0.059760430587785823
-0.012439545423334039 0.50303741416100745 0.012436093063088597 0.0039492707358982498 -0.52059518972562646 0.013683971195632433 -0.50175988346948408 0.0019876694069201387 -0.46991983480885813 -0.052531077128380572 0.0084062584227918777
0.012439545423334206 -0.50303741416100733 -0.01243609306308789 -0.0039492707358977225 0.52059518972562668 -0.013683971195633745 0.50175988346948419 -0.0019876694069202745 0.46991983480885813 0.052531077128379788 -0.0084062584227913763
0.012285168351050041 -0.4688255950873832 -0.0022179949862341122 0.022928814079632379 0.48934536705519172 0.002447384480957921 0.51257136492130861 -0.010590191960637157 -0.51982017022155957 -0.058568193819232311 0.059760430587783443
0.0064247236307783491 -0.52156183948840062 -0.0011466376388772352 0.0033734999916662633 0.51666367680807868 -0.002322230038290849 -0.49764602795136603 0.0009143390305388539 0.45669598637455217 0.066254497646874827 -0.018953626823971677
0.0062703465584941975 -0.48735002041477588 0.009071460437976752 0.030251584807196395 0.48541385413764471 0.013809125638299233 -0.48683454649954144 -0.0076881835231763004 -0.53304401865586581 -0.044844773300737668 0.049213062186602208
0.0065730609908894152 -0.51074268535871736 -0.011133867198754808 -0.015323569118531478 -0.47870154197249881 -0.012843810976062844 0.50561044417220768 0.011294020612911444 0.49960791510329328 0.062842595598586973 -0.0096469099799000105
0.0064186839186049331 -0.47653086628509267 -0.00091576912190166073 0.011554515696998427 -0.50995136464293322 0.0032875447005277334 0.51642192562403244 0.0026914980591945786 -0.49013208992712404 -0.048256675349027014 0.058519779030676351
0.0005582391983333224 -0.52926711068611032 0.00015558822545603626 -0.0080007983909671041 -0.48263305489004665 -0.0014820698187211561 -0.49379546724864215 0.014196029050371702 0.48638406666898665 0.076566016117081651 -0.020194278381081187
0.00040386212604927925 -0.49505529161248568 0.010373686302309398 0.018877286424563263 -0.5138828775604809 0.014649285857868935 -0.48298398579681767 0.0055935064966550806 -0.50335593836143055 -0.034533254830531469 0.047972410629496504
-0.00084502943933714952 -0.008838922101085606 0.48564823563783094 -0.029077450580370586 0.019295986448756661 0.48929849185596846 0.50531593973855682 0.0083572908938122584 0.51516582557345225 0.043729889321703103 -0.026719448377165209
-0.00099940651162164153 0.025372896972538982 0.4958663337146843 -0.0021993657648390198 -0.011953836221678588 0.50542984753255971 0.51612742119038113 -0.00024523165990476402 -0.47457417945696578 -0.067369381625909316 0.041447240633411993
-0.0068598512318932174 -0.027363347428479044 0.49693769106204172 -0.0217546798528052 0.015364473531209139 0.50066023301331064 -0.49408997168229296 0.011259299331271436 0.50194197713914557 0.057453309840198329 -0.037266816778345861
-0.0070142283041777819 0.0068484716451455664 0.50715578913889503 0.0051234049627258927 -0.015885349139225721 0.51679158868990138 -0.48327849023046854 0.0026567767775551509 -0.48779802789127258 -0.053645961107414951 0.030899872232229817
0.0071729965298500164 -0.0095251678489853362 0.49256876793352883 -0.014379556576374398 0.01775125227180711 -0.51024063113937124 0.494532310641559 0.0071691686939202703 0.49785740321328081 0.048784764484390383 -0.038870264422980402
0.0070186194575660573 0.024686651224639304 0.50278686601038236 0.012498528239155933 -0.013498570398627301 -0.49410927546278022 0.5053437920933832 -0.0014333538597970014 -0.4918826018171365 -0.062314506463223548 0.029296424587596789
0.0011581747372942344 -0.028049593176378628 0.50385822335773955 -0.0070567858488098717 0.013819739354259683 -0.49887888998202884 -0.50487360077929133 0.01007117713137976 0.48463355477897441 0.062508185002885519 -0.049417632824161728
0.001003797665010074 0.0061622258972462568 0.51407632143459314 0.019821298966721114 -0.017430083316175533 -0.48274753430543849 -0.49406211932746674 0.0014686545776636205 -0.5051064502514423 -0.048591085944727948 0.018749056186415335
-0.0010037976650094785 -0.0061622258972462906 -0.5140763214345927 -0.019821298966721055 0.01743008331617581 0.48274753430543821 0.49406211932746685 -0.0014686545776633922 0.50510645025144263 0.048591085944728135 -0.018749056186415487
-0.0064247236307780333 0.52156183948840062 0.0011466376388772871 -0.00337349999166686 -0.51666367680807967 0.0023222300382905719 0.49764602795136553 -0.00091433903053967671 -0.45669598637455155 -0.066254497646875174 0.018953626823973446
-0.0070186194575659376 -0.024686651224639537 -0.50278686601038214 -0.012498528239156223 0.013498570398627837 0.49410927546278016 -0.50534379209338343 0.0014333538597965027 0.49188260181713667 0.062314506463223118 -0.029296424587595897
-0.007172996529850215 0.0095251678489854004 -0.49256876793352844 0.014379556576374275 -0.017751252271807318 0.51024063113937057 -0.49453231064155917 -0.0071691686939200213 -0.49785740321328187 -0.048784764484388773 0.038870264422980541
0.0070142283041777992 -0.0068484716451454692 -0.50715578913889525 -0.0051234049627254313 0.015885349139225569 -0.51679158868990183 0.48327849023046865 -0.0026567767775549033 0.48779802789127169 0.053645961107413424 -0.030899872232231222
0.0068598512318936693 0.027363347428478756 -0.49693769106204189 0.021754679852805218 -0.015364473531209292 -0.50066023301331108 0.49408997168229307 -0.011259299331272231 -0.50194197713914535 -0.057453309840198002 0.037266816778345951
0.00099940651162180936 -0.025372896972539041 -0.49586633371468425 0.0021993657648386403 0.011953836221678112 -0.50542984753255971 -0.51612742119038157 0.00024523165990454095 0.47457417945696562 0.067369381625909372 -0.041447240633411167
0.00084502943933754797 0.0088389221010857812 -0.48564823563783099 0.029077450580369466 -0.019295986448757026 -0.48929849185596924 -0.50531593973855726 -0.008357290893811431 -0.51516582557345136 -0.043729889321702214 0.026719448377165691
0.0015709849384540971 -0.0050685549430720478 -0.0063827705859415751 0.4944429973624615 0.51621459092986033 -0.0020308398634025439 -0.0027593269689255937 0.49433633618983364 0.49237869173447524 0.022541113542773654 -0.040677894730910144
0.0014166078661692495 0.029143264130552717 0.0038353274909117998 0.52132108217799256 0.48496476825942564 0.014100515813189203 0.00805215448289936 0.48573381363611695 -0.49736131329594357 -0.088558157404839938 0.027488794279662328
0.0034858758457141652 -0.0085081237964206823 0.0035214032217476929 0.48894833533540827 0.503529353299497 -0.00066099773328388942 -0.0050143586906238906 -0.504855810443265 0.49709752510515476 0.058224822240686362 -0.043470984770180764
0.0033314987734294533 0.025703695277203252 0.013739501298600092 0.51582642015093882 0.47227953062906219 0.015470357943307181 0.0057971227612002721 -0.51345833299698129 -0.49264247992526283 -0.052874448706927063 0.024695704240392653
-0.0042954994939905086 -0.012773826140781168 -0.0050805447216087322 0.48306869897982851 -0.48308214076826511 -0.0011906796438317557 0.0010912337337988941 0.50761802620966578 0.52206677202890994 0.032852632012980672 -0.041918546288020081
-0.0044498765662755596 0.021437992932842875 0.0051375533552453128 0.50994678379535885 -0.5143319634386998 0.014940676032758841 0.011902715185623801 0.49901550365594899 -0.46767323300150837 -0.078246638934632809 0.026248142722555275
-0.0023806085867307996 -0.016213394994131328 0.0048236290860800271 0.47757403695277512 -0.49576737839862872 0.00017916248628574132 -0.0011637979879000144 -0.49157412042343301 0.52678560539959052 0.068536340710892152 -0.044711636327288973
-0.0025349856590154581 0.017998424079493126 0.015041727162933748 0.50445212176830567 -0.52701720106906313 0.01631051816287641 0.0096476834639249338 -0.50017664297714981 -0.46295439963082752 -0.042562930236720718 0.023455052683285758
0.0025349856590149611 -0.01799842407949389 -0.015041727162933498 -0.50445212176830534 0.5270172010690628 -0.01631051816287633 -0.0096476834639246632 0.50017664297714959 0.46295439963082813 0.042562930236719865 -0.023455052683286615
0.0023806085867310971 0.016213394994131353 -0.0048236290860806334 -0.47757403695277489 0.49576737839862883 -0.00017916248628627093 0.0011637979879004934 0.4915741204234324 -0.52678560539959041 -0.068536340710895843 0.044711636327289431
0.0044498765662752543 -0.021437992932843646 -0.00513755335524505 -0.50994678379535929 0.51433196343869936 -0.014940676032758483 -0.011902715185623244 -0.49901550365594932 0.4676732330015077 0.078246638934632504 -0.026248142722557554
0.0042954994939912528 0.01277382614078172 0.005080544721607975 -0.48306869897982868 0.48308214076826461 0.0011906796438316092 -0.0010912337337985651 -0.50761802620966612 -0.52206677202890972 -0.032852632012980762 0.041918546288020581
-0.0033314987734299464 -0.025703695277203193 -0.013739501298600038 -0.51582642015093894 -0.47227953062906247 -0.015470357943307284 -0.0057971227612005245 0.51345833299698118 0.49264247992526272 0.052874448706926709 -0.024695704240395203
-0.0034858758457139943 0.0085081237964217283 -0.0035214032217479462 -0.48894833533540849 -0.50352935329949644 0.00066099773328365849 0.0050143586906233875 0.50485581044326489 -0.49709752510515476 -0.058224822240685939 0.043470984770184198
-0.0085086674289526678 0.018287751415497423 -0.49454960860673103 0.0017777681934096178 -0.0063675346754177185 0.49061252256110538 -0.0074812227060915967 -0.50546241053018837 0.041790295897126933 0.010695849824575361 0.50681401412698546
-0.0015709849384534715 0.0050685549430717321 0.0063827705859416245 -0.494442997362462 -0.51621459092986066 0.0020308398634003065 0.0027593269689247784 -0.49433633618983375 -0.49237869173447418 -0.022541113542774341 0.040677894730912226
0.49248817904304842 0.017166488616026772 0.49930258662851762 9.5985240545773076e-05 0.0023123389466548757 0.51041515984276697 0.015359933592751588 0.023890098102688596 -0.040410601807185025 0.49454423154087312 0.017747185679427624
0.49569061714388846 0.48990804500881596 -0.002536208868941145 -0.010043672721861883 0.0041026959784016956 0.0092254119010156208 -0.002313416416343991 0.018361196138211737 0.16563085631447888 0.47285413492281464 -0.51254714179159477
0.5005062050122363 0.016480242868126969 0.50622311892421612 0.0147938792445411 0.0007676047697051506 -0.48912396315257278 0.0045763044957535838 0.022701975902797066 -0.057719024167355679 0.49959910670355995 0.0055963696336135266
0.50743646749153293 -0.006593419696353648 0.50042313354805346 -0.0083885641982001657 -0.0063466677528474028 -0.49586904285774025 -0.010268793652873538 -0.011893760554113257 0.051014555166594408 -0.49290985147171307 -0.015335372213596449
0.49232941081737608 0.019843184819866341 -0.50042197044390591 0.0093521368541944101 0.00044643581407367085 0.50386420229223627 0.0041061131816618676 0.01406415263121265 -0.050469977129195778 0.49940542816389849 0.02571757787017484
0.49925967329667253 -0.0032304777446145907 -0.5062219558200679 -0.013830306588546795 -0.0066678367084792864 0.49711912258706942 -0.010738984966965959 -0.020531583825696927 0.058263602204754378 -0.49310353001137541 0.0047858360229679027
0.50034743678656379 0.019156939071967295 -0.49350143814820774 0.024050030858189384 -0.0010982983628761694 -0.49567492070310354 -0.0066775159153359851 0.012876030431321347 -0.067778399489365856 0.5044603033265852 0.013566761824361803
0.5072776992658603 -0.0039167234925132745 -0.49930142352437001 0.0008675874154484305 -0.0082125708854290276 -0.50242000040827051 -0.021522614063964024 -0.021719706025589008 0.040955179844583543 -0.48804865484868876 -0.0073649800228462181
-0.0018535018936754217 0.47513238590777318 -0.0049470577986844349 -0.51300166281548432 0.016897693233771802 -0.51545773581682175 -0.023629682358244152 0.0048244350257025947 0.48822169705958607 0.059089070253197415 -0.051330407607736266
-0.50034743678656357 -0.019156939071967815 0.49350143814820796 -0.024050030858189419 0.0010982983628758697 0.49567492070310382 0.0066775159153363182 -0.012876030431321579 0.067778399489366509 -0.50446030332658498 -0.013566761824363088
-0.49925967329667237 0.0032304777446137763 0.50622195582006813 0.013830306588546155 0.006667836708479126 -0.49711912258706953 0.010738984966965322 0.020531583825697048 -0.058263602204755495 0.49310353001137541 -0.0047858360229672409
-0.4923294108173758 -0.019843184819866532 0.50042197044390613 -0.0093521368541949288 -0.00044643581407295604 -0.5038642022922365 -0.0041061131816616065 -0.014064152631213602 0.050469977129195202 -0.4994054281638981 -0.025717577870178143
-0.50743646749153282 0.006593419696353145 -0.5004231335480539 0.0083885641981999957 0.006346667752847094 0.49586904285774003 0.010268793652872928 0.011893760554113042 -0.051014555166594235 0.4929098514717134 0.015335372213597182
-0.50050620501223619 -0.016480242868128252 -0.5062231189242159 -0.014793879244540988 -0.0007676047697062116 0.4891239631525735 -0.004576304495754119 -0.022701975902796729 0.057719024167355783 -0.4995991067035595 -0.0055963696336129376
-0.4994184415223446 0.005907173948454132 -0.49350260125235562 0.023086458202195206 0.0048019335758969573 -0.50367008013759984 -0.00051483544412435085 0.010705638354221614 -0.068322977526764694 0.49796472663440094 0.0031845561677820975
-0.49248817904304854 -0.017166488616027247 -0.49930258662851773 -9.5985240546666079e-05 -0.0023123389466556121 -0.51041515984276686 -0.015359933592752237 -0.023890098102689352 0.040410601807185448 -0.49454423154087296 -0.017747185679428734
0.49497836210089569 0.026346432838882754 0.0022779656248072436 0.5142678986282786 0.0015483340374696645 0.013825037654510573 0.0089129029470570685 0.51505898418989648 -0.041741771281794987 0.4716495047378001 0.0084420977477164018
0.50190862458019192 0.0032727702744017235 -0.0035220197513556309 0.49108545518553737 -0.0055659384850827755 0.0070799579493433596 -0.0059321952015701767 0.4804632477329866 0.06699180805215775 -0.52085945343747364 -0.01248964409949172
0.49689325300815523 0.02290686398553313 0.012182139432495994 0.50877323660122531 -0.011136903592893274 0.015194879784628147 0.0066578712253579815 -0.4841331624432022 -0.037022937911112969 0.50733321343571258 0.0056490077084448889
0.50382351548745208 -0.00016679857894807461 0.0063821540563328092 0.48559079315848347 -0.018251176115446126 0.0084498000794615349 -0.0081872269232690711 -0.51872889890011264 0.071710641422837715 -0.48517574473956143 -0.015282734138761137
0.49594236282145676 0.013416563702461458 -0.0063809909521852538 -0.48462722050248896 0.012350944176672655 -0.00045464064496479183 0.0020245464520569321 0.52089929097721221 -0.071166063385439293 0.49167132143174608 0.025664939795342619
0.50287262530075305 -0.0096570988620197588 -0.01218097632834796 -0.50780966394523097 0.0052366716541195815 -0.007199720350132585 -0.012820551696570164 0.48630355452030238 0.037567515948511349 -0.50083763674352733 0.004733197948133175
0.49785725372871703 0.009976994849111161 0.0035231828555035045 -0.49012188252954225 -0.00033429345369062884 0.00091520148515304115 -0.000230485269641633 -0.47829285565588675 -0.066447230014759232 0.52735503012965756 0.02287184975607132
0.50478751620801343 -0.013096667715369744 -0.0022768025206592745 -0.51330432597228437 -0.0074485659762433811 -0.0058298782200137383 -0.015075583418268101 -0.5128885921127968 0.042286349319191313 -0.46515392804561517 0.0019401079088640265
-0.5047875162080131 0.01309666771536981 0.0022768025206590338 0.51330432597228359 0.0074485659762433881 0.0058298782200134746 0.015075583418269025 0.51288859211279669 -0.042286349319193832 0.46515392804561612 -0.0019401079088619171
-0.49785725372871709 -0.0099769948491112322 -0.0035231828555035765 0.49012188252954231 0.00033429345369071682 -0.00091520148515340522 0.00023048526964118969 0.47829285565588653 0.066447230014760578 -0.52735503012965768 -0.02287184975607234
-0.50287262530075338 0.0096570988620191551 0.012180976328347739 0.50780966394523019 -0.005236671654120068 0.0071997203501315268 0.012820551696569578 -0.48630355452030222 -0.037567515948511959 0.50083763674352766 -0.0047331979481325696
-0.49594236282145687 -0.013416563702461221 0.0063809909521848921 0.48462722050248902 -0.012350944176672925 0.00045464064496511633 -0.0020245464520572847 -0.52089929097721233 0.071166063385439543 -0.49167132143174547 -0.02566493979534264
-0.50382351548745186 0.0001667985789478296 -0.006382154056332778 -0.48559079315848402 0.018251176115446424 -0.0084498000794612192 0.0081872269232692151 0.51872889890011209 -0.07171064142283877 0.4851757447395616 0.01528273413876275
-0.49689325300815568 -0.022906863985534064 -0.012182139432495912 -0.50877323660122542 0.011136903592893243 -0.015194879784628183 -0.0066578712253575305 0.4841331624432022 0.037022937911113808 -0.50733321343571192 -0.0056490077084477902
-0.50190862458019148 -0.0032727702744023684 0.0035220197513556786 -0.49108545518553726 0.0055659384850829056 -0.0070799579493431427 0.0059321952015700527 -0.48046324773298654 -0.066991808052157514 0.52085945343747397 0.012489644099492162
-0.49497836210089524 -0.02634643283888315 -0.0022779656248069118 -0.51426789862827871 -0.0015483340374703519 -0.013825037654509414 -0.0089129029470562358 -0.51505898418989671 0.041741771281794175 -0.47164950473780004 -0.0084420977477171963
0.50235846102730652 0.03127656210654859 -0.0033952664041170307 0.014098771876902453 0.50222114259972572 0.0012691688813758863 0.50211888419777073 0.010291215038359282 -0.062326616578339079 0.48748479793937916 0.021550983731038243
0.50928872350660304 0.0082028995420668337 -0.0091952517802793322 -0.009083671565839337 0.4951068700771733 -0.0054759108237909995 0.48727378604914351 -0.024304521418550867 0.046406962755610251 -0.50502416023589536 0.0006192418838320017
0.49634363923475106 0.012752136779155274 0.0078941890200933274 0.021421542604467006 0.49828962968217805 0.012630910038717511 -0.49728702722307938 0.013193223475818854 -0.075550465012644369 0.50120821845787411 0.011003615329857183
0.5032739017140474 -0.010321525785325969 0.0020942036439314691 -0.0017609008382747889 0.49117535715962529 0.0058858303335511857 -0.51213212537170627 -0.021402512981091394 0.033183114321304753 -0.49130073971740057 -0.0099281265173498685
0.49649197659486161 0.023571290908838721 -0.0020930405397836149 0.0027244734942692126 -0.49707558909839933 0.0021093291009456777 0.50596944490049456 0.023572905058190725 -0.032638536283905062 0.49779631640958433 0.020310332173930672
0.50342223907415817 0.0004976283443578458 -0.0078930259159459091 -0.02045796994847264 -0.50418986162095203 -0.0046357506042214985 0.49112434675186734 -0.011022831398719074 0.076095043050045344 -0.49471264176568919 -0.00062140967327749307
0.49047715480230591 0.0050468655814454285 0.0091964148844268911 0.010047244221833687 -0.50100710201594678 0.013471070258287612 -0.49343646652035567 0.026474913495650409 -0.045862384718211434 0.51151973692807928 0.0097629637727512548
0.49740741728160215 -0.018026796983035661 0.0033964295082650349 -0.013135199220907855 -0.5081213745384997 0.0067259905531207404 -0.50828156466898267 -0.0081208229612597018 0.062871194615738285 -0.48098922124719379 -0.011168778074458954
-0.49740741728160215 0.01802679698303452 -0.003396429508264495 0.013135199220907275 0.50812137453849948 -0.0067259905531200648 0.50828156466898256 0.0081208229612587945 -0.062871194615738785 0.48098922124719451 0.011168778074458121
-0.49047715480230614 -0.0050468655814465907 -0.009196414884426499 -0.010047244221834603 0.50100710201594645 -0.013471070258286843 0.49343646652035611 -0.026474913495650832 0.045862384718211968 -0.51151973692807917 -0.009762963772749227
-0.50342223907415806 -0.00049762834435806047 0.0078930259159458883 0.02045796994847212 0.50418986162095214 0.0046357506042217674 -0.49112434675186756 0.011022831398719055 -0.076095043050044442 0.49471264176568924 0.00062140967327856133
-0.49649197659486205 -0.023571290908839183 0.0020930405397837767 -0.0027244734942699967 0.49707558909839916 -0.0021093291009455259 -0.50596944490049423 -0.023572905058190957 0.032638536283904666 -0.4977963164095846 -0.020310332173932112
-0.50327390171404696 0.010321525785325634 -0.0020942036439314184 0.0017609008382742895 -0.49117535715962596 -0.0058858303335504068 0.51213212537170638 0.021402512981090551 -0.03318311432130424 0.49130073971740018 0.0099281265173500333
-0.49634363923475033 -0.012752136779155467 -0.0078941890200935529 -0.021421542604467068 -0.49828962968217871 -0.012630910038717342 0.4972870272230791 -0.013193223475818874 0.075550465012646562 -0.50120821845787389 -0.011003615329858355
-0.50928872350660315 -0.0082028995420677549 0.0091952517802793357 0.009083671565838872 -0.49510687007717341 0.0054759108237912701 -0.48727378604914384 0.024304521418550787 -0.046406962755611077 0.50502416023589491 -0.00061924188382851176
-0.50235846102730641 -0.031276562106549319 0.0033952664041171136 -0.014098771876902718 -0.50222114259972594 -0.0012691688813753637 -0.50211888419777084 -0.010291215038359114 0.062326616578339822 -0.48748479793937827 -0.021550983731040193
-0.0068000400052262468 0.5185070487307637 0.49814874689257727 -0.004162247293569411 0.0030996882037679315 0.00048449071806014386 0.50336446615395014 0.018956918200595387 -0.026007126012531422 0.47796325936795286 -0.0080287170745326659
0.00013022247407106234 0.49543338616628252 0.49234876151641471 -0.027344690736310507 -0.0040145843187850234 -0.0062605889871075304 0.48851936800532353 -0.015638818256314694 0.082726453321419827 -0.51454569880732171 -0.028960458921738028
-0.012814861797781581 0.49998262340337091 0.50943820231678771 0.0031605234339955896 -0.00083182471377966189 0.01184623187540176 -0.49604144526689969 0.021858926638055519 -0.039230974446837513 0.49168667988644693 -0.018576085475713273
-0.0058845993184852051 0.47690896083888973 0.50363821694062538 -0.020021920008745805 -0.0079460972363325933 0.0051011521702349974 -0.51088654341552675 -0.012736809818854378 0.069502604887111866 -0.50082227828882653 -0.03950782732292131
-0.0069588082308984847 0.5211837449346034 -0.50157581017984654 0.0050939043200795252 0.0012337850711866172 -0.0060664668324708366 0.49211064574286051 0.0091309727291196477 -0.036066501334540403 0.48282445599097751 -5.8324883783823169e-05
-2.8545751601540959e-05 0.49811008237012266 -0.50737579555600942 -0.018088539122661444 -0.0058804874513666188 -0.012811546537638116 0.47726554759423279 -0.025464763727789809 0.072667077999409024 -0.5096845021842964 -0.020990066730989274
-0.48707830402997399 -0.51068719405906737 -0.00078903168586712757 0.0082766802190775736 -0.010894836230829199 0.0087505855906563797 0.019805753839565676 -0.010265575042996687 -0.51156098019677865 -0.27598550028883734 -0.40413937770347119
-0.0060433675441580511 0.47958565704272937 -0.49608634013179831 -0.010765768395096213 -0.0098120003689142476 -0.0014498053802956524 -0.52214036382661733 -0.022562755290329726 0.059443229565102208 -0.49596108166580116 -0.031537435132171193
0.0060433675441578776 -0.47958565704272949 0.49608634013179809 0.010765768395096716 0.0098120003689137845 0.001449805380296261 0.52214036382661655 0.022562755290330298 -0.059443229565103346 0.49596108166580155 0.031537435132172845
0.012973630023454379 -0.50265931960721089 0.49028635475563631 -0.012416675047645277 0.002697727846360853 -0.0052952743248710918 0.50729526567798944 -0.012032981166580511 0.049290349768846671 -0.49654787650947202 0.010605693284964399
2.8545751601939315e-05 -0.49811008237012239 0.50737579555600909 0.01808853912266143 0.0058804874513665823 0.012811546537638052 -0.47726554759423351 0.02546476372779026 -0.072667077999409885 0.50968450218429606 0.020990066730991602
0.0069588082308983121 -0.52118374493460362 0.50157581017984687 -0.0050939043200800335 -0.0012337850711865599 0.0060664668324715322 -0.49211064574286062 -0.009130972729120208 0.03606650133454057 -0.48282445599097695 5.8324883781255548e-05
0.0058845993184851253 -0.47690896083889006 -0.50363821694062505 0.020021920008745239 0.0079460972363319827 -0.0051011521702342775 0.51088654341552697 0.012736809818854319 -0.069502604887112227 0.50082227828882642 0.039507827322921567
0.012814861797781393 -0.49998262340337069 -0.50943820231678794 -0.0031605234339955133 0.00083182471377911318 -0.011846231875401132 0.49604144526689936 -0.021858926638055387 0.039230974446836667 -0.49168667988644749 0.018576085475713367
-0.00013022247407057377 -0.49543338616628263 -0.49234876151641477 0.027344690736309483 0.0040145843187845403 0.0062605889871072042 -0.48851936800532375 0.015638818256314399 -0.082726453321418675 0.51454569880732137 0.028960458921741525
0.0068000400052258868 -0.51850704873076425 -0.49814874689257677 0.004162247293569018 -0.0030996882037681831 -0.00048449071805929265 -0.50336446615395058 -0.018956918200594881 0.026007126012530118 -0.47796325936795186 0.0080287170745304212
-0.0074355931583988026 0.52090075433605276 0.0076095614248005749 0.50926192263373804 0.49444804095816436 0.0096096415614179871 -0.00044650186588165693 0.0059339512800139389 -0.03778063198608355 0.47208890035663753 -0.017308300425010428
-0.00050533067910205054 0.49782709177157175 0.0018095760486375771 0.48607947919099664 0.48733376843561216 0.0028645618562511458 -0.015291600014509252 -0.028661785176895854 0.070952947347866807 -0.52042005781863776 -0.038240042272214149
-0.013302077590843569 0.51319548313834273 0.0089117872891334524 0.49788762425110539 -0.50484869073996108 0.010449801780987478 0.0034040588368417883 0.019215641299845852 -0.0080925516916497374 0.48240041882684243 -0.018548951982114967
-0.0063718151115457989 0.49012182057386194 0.003111801912971196 0.47470518080836344 -0.51196296326251334 0.0037047220758207396 -0.011441039311785209 -0.015380095157064495 0.10064102764230173 -0.51010853934843203 -0.039480693829323309
-0.0064715924378366679 0.50797088519963074 -0.0010493951521921988 -0.48963319649702952 0.50525065109736755 -0.0046700367380571543 -0.0073348583608815335 0.011774258067329397 -0.067204924089729293 0.4921107170505824 -8.5458377382353741e-05
0.00045867004145964892 0.48489722263514984 -0.0068493805283547258 -0.51281563993977097 0.49813637857481446 -0.011415116443224408 -0.022179956509508759 -0.02282147838958086 0.041528655244220745 -0.50039824112469178 -0.021017200224588136
-0.012338076870281295 0.50026561400192104 0.00025283071214157867 -0.50100749487966234 -0.49404608060075789 -0.0038298765184875704 -0.0034842976581578276 0.025055948087160992 -0.037516843795293679 0.50242223552078846 -0.0013261099344899466
-0.0054078143909847259 0.47719195143743992 -0.0055471546640217528 -0.52418993832240424 -0.50116035312331053 -0.010574956223654921 -0.018329395806784617 -0.0095397883697488969 0.071216735538655637 -0.49008672265448544 -0.022257851781697032
0.0054078143909855048 -0.47719195143744092 0.0055471546640211257 0.52418993832240357 0.50116035312331031 0.010574956223654144 0.018329395806784533 0.0095397883697486922 -0.071216735538655832 0.49008672265448544 0.022257851781696796
0.01233807687028126 -0.50026561400192149 -0.0002528307121407684 0.50100749487966234 0.49404608060075761 0.0038298765184879733 0.0034842976581578029 -0.025055948087161928 0.037516843795294415 -0.50242223552078791 0.0013261099344895623
-0.00045867004145936583 -0.48489722263515012 0.0068493805283545324 0.51281563993977053 -0.49813637857481513 0.011415116443223627 0.022179956509508381 0.022821478389580242 -0.041528655244220732 0.50039824112469122 0.021017200224590631
0.0064715924378365682 -0.50797088519963129 0.0010493951521925778 0.48963319649702891 -0.50525065109736755 0.0046700367380575689 0.0073348583608809836 -0.011774258067330016 0.067204924089729279 -0.49211071705058246 8.5458377381759679e-05
0.0063718151115475128 -0.49012182057386228 -0.0031118019129705772 -0.47470518080836382 0.51196296326251323 -0.0037047220758205154 0.011441039311784858 0.015380095157064497 -0.10064102764230203 0.51010853934843103 0.039480693829322816
0.013302077590843129 -0.51319548313834373 -0.0089117872891329008 -0.49788762425110533 0.50484869073996042 -0.010449801780987261 -0.0034040588368421791 -0.019215641299846264 0.008092551691647687 -0.48240041882684193 0.018548951982114061
0.00050533067910144718 -0.49782709177157147 -0.0018095760486370562 -0.4860794791909972 -0.48733376843561227 -0.0028645618562508184 0.015291600014508903 0.028661785176896 -0.070952947347867765 0.52042005781863676 0.038240042272215599
0.0074355931583980021 -0.52090075433605321 -0.0076095614247997743 -0.50926192263373882 -0.49444804095816486 -0.0096096415614178501 0.00044650186588161302 -0.0059339512800141584 0.037780631986083599 -0.47208890035663587 0.017308300425006067
-0.014853293452563894 0.5126460914696116 -0.0044811569832235512 -0.00047440211143262351 0.0073159660823595646 0.50197452295407641 0.0045539306473283353 0.51568508410008296 -0.031353943395943197 0.46688627600841293 -0.0018452521372042665
-0.0014166078661698948 -0.029143264130553705 -0.0038353274909110483 -0.52132108217799256 -0.4849647682594258 -0.014100515813189244 -0.0080521544828993791 -0.48573381363611712 0.49736131329594285 0.088558157404839147 -0.027488794279666485
-0.012938402545304173 0.50920652261626131 0.0054230168244656695 -0.0059690641384859888 -0.005369271548003954 0.50334436508419422 0.0022988989256293676 -0.48350706253301579 -0.02663511002526317 0.5025699847063253 -0.0046383421764761481
-0.006008140066006913 0.48613286005178091 -0.00037696855169700762 -0.029151507581227819 -0.012483544070556626 0.49659928537902709 -0.012546199222997047 -0.51810279898992628 0.082098469308685751 -0.48993897346894855 -0.02557008402368344
-0.0068352674833762478 0.51195984572171249 0.0024393753124752338 0.014223491892561725 0.0057712319054103742 -0.49756460004126357 -0.0062296984496691731 0.51449696190019101 -0.048662365756112484 0.47194115117110075 -0.013996068183019
-0.00056854289618958804 0.48546543816197935 0.0064919193992441183 0.48199025030541487 -0.015235748584936549 0.013908584110036794 -0.00095267526148677868 -0.502771719677228 -0.0020167411792560951 0.005881200107606988 -0.52794099717513854
-0.0049203765761163887 0.5085202768683621 0.012343549120163376 0.0087288298655087068 -0.0069140057249539189 -0.49619475791114576 -0.008484730171367777 -0.48469518473290774 -0.043943532385432534 0.50762485986901207 -0.016789158222291274
0.0020098859031808369 0.48544661430388109 0.0065435637440010193 -0.014453613577232899 -0.014028278247505894 -0.50293983761631278 -0.023329828319995253 -0.5192909211898179 0.064790046948515742 -0.48488409830626206 -0.037720900069497798
-0.0020098859031806508 -0.48544661430388136 -0.0065435637440015848 0.014453613577232361 0.014028278247505592 0.502939837616313 0.023329828319994476 0.51929092118981779 -0.064790046948516547 0.48488409830626172 0.037720900069500393
0.0049203765761165162 -0.50852027686836276 -0.012343549120163255 -0.0087288298655091422 0.0069140057249527072 0.49619475791114614 0.0084847301713683893 0.48469518473290713 0.043943532385434247 -0.50762485986901162 0.016789158222288807
-9.4994995920304808e-05 -0.48888618315723137 0.003360610063687128 0.0089589515501796516 0.0013430406171422457 0.50430967974643082 0.021074796598296346 -0.4799012254432814 -0.060071213577836118 0.52056780700417371 0.03492781003022908
0.0068352674833762088 -0.51195984572171227 -0.0024393753124750039 -0.014223491892562284 -0.0057712319054108435 0.49756460004126413 0.0062296984496695929 -0.51449696190019156 0.048662365756113123 -0.47194115117109975 0.013996068183019586
0.0060081400660075704 -0.48613286005178064 0.00037696855169661665 0.029151507581227552 0.012483544070555857 -0.49659928537902709 0.012546199222997177 0.51810279898992606 -0.082098469308687652 0.48993897346894866 0.025570084023685127
0.01293840254530396 -0.50920652261626231 -0.0054230168244650155 0.0059690641384865361 0.0053692715480037319 -0.503344365084194 -0.0022988989256303998 0.48350706253301573 0.026635110025264204 -0.50256998470632464 0.0046383421764738834
0.0079230309732677556 -0.48957242890513092 0.010281142359384217 0.023656845554174109 -0.00020169355980769623 -0.49522944324890911 0.010291167501298626 -0.48108934764317285 -0.077379635938005453 0.5256226821668607 0.022776993984413237
0.014853293452564347 -0.51264609146961204 0.0044811569832223083 0.00047440211143261191 -0.0073159660823600278 -0.50197452295407596 -0.0045539306473288991 -0.51568508410008329 0.031353943395942732 -0.46688627600841281 0.0018452521372045888
-0.0014099503642193475 0.015770903205850468 0.4971590713882823 0.015397626119389302 0.51048107249181163 0.0055430174530053979 0.012251694789346132 0.51516606927082609 -0.066540558838526331 0.47082626719206583 0.008497545626420246
0.0055203121150769873 -0.0073027593586308384 0.49135908601211975 -0.0077848173233519618 0.50336679996925848 -0.0012020622521622211 -0.0025934033592803171 0.48057033281391648 0.042193020495424047 -0.52168269098320885 -0.012434196220789395
0.00050494054304059182 0.012331334352500603 0.50706324519597079 0.0099029640923357452 0.49779583486144802 0.0069128595831227865 0.0099966630676467765 -0.48402607736227266 -0.06182172546784781 0.50650997588997715 0.0057044555871480652
0.0074352030223370693 -0.010742328211980394 0.50126325981980824 -0.013279479350405304 0.49068156233889509 0.00016777987795620698 -0.0048484350809795684 -0.51862181381918282 0.046911853866102436 -0.4859989822852962 -0.015227286260059349
-0.0072764347966641774 0.0080656320081407794 0.49846129725261518 0.0040233277367562213 -0.48881565920631398 0.0063831776725749223 0.016102255492069818 0.52844775929065813 -0.036852478544093077 0.481137785662271 0.0072568940693113464
-0.0003461723173681237 -0.015008030556340306 0.49266131187645301 -0.01915911570598534 -0.49592993172886635 -0.00036190203259218556 0.0012571573434422031 0.49385202283374863 0.071881100789856572 -0.51137117251300224 -0.013674847777898746
-0.0053615438894045221 0.0046260631547904527 0.50836547106030383 -0.0014713342902969791 -0.50150089683667731 0.0077530198026929025 0.013847223770370643 -0.47074438734244084 -0.032133645173413695 0.51682149436018288 0.004463804030040798
0.0015687185898921451 -0.018447599409690672 0.50256548568414128 -0.024653777733038926 -0.50861516935922968 0.0010079400975256685 -0.00099787437825557936 -0.505340123799351 0.076599934160537758 -0.47568746381509036 -0.016467937817169941
-0.0015687185898919135 0.018447599409690204 -0.50256548568414128 0.024653777733038142 0.50861516935922979 -0.0010079400975252534 0.0009978743782558799 0.50534012379935078 -0.076599934160535441 0.47568746381509114 0.016467937817169757
0.0053615438894043764 -0.004626063154791334 -0.50836547106030383 0.0014713342902968444 0.50150089683667698 -0.0077530198026922962 -0.013847223770371161 0.47074438734244056 0.03213364517341305 -0.51682149436018365 -0.0044638040300400798
0.00034617231736827002 0.015008030556339997 -0.49266131187645323 0.019159115705984456 0.49592993172886618 0.00036190203259220806 -0.0012571573434425074 -0.49385202283374841 -0.07188110078985667 0.51137117251300246 0.013674847777896957
0.0072764347966643543 -0.0080656320081406493 -0.49846129725261551 -0.0040233277367566489 0.48881565920631331 -0.0063831776725743125 -0.016102255492069555 -0.52844775929065824 0.036852478544092633 -0.48113778566227144 -0.0072568940693098823
-0.0074352030223370528 0.010742328211980214 -0.50126325981980857 0.01327947935040469 -0.49068156233889554 -0.00016777987795596773 0.0048484350809802268 0.51862181381918215 -0.046911853866102027 0.48599898228529648 0.015227286260060343
-0.00050494054304064484 -0.012331334352501225 -0.50706324519597046 -0.0099029640923359655 -0.49779583486144852 -0.006912859583123228 -0.0099966630676479526 0.48402607736227221 0.061821725467847082 -0.50650997588997726 -0.0057044555871496733
-0.0055203121150764469 0.0073027593586307308 -0.49135908601212003 0.0077848173233515195 -0.50336679996925926 0.0012020622521621324 0.0025934033592802026 -0.48057033281391653 -0.04219302049542116 0.52168269098320819 0.012434196220789779
0.0014099503642197796 -0.01577090320585145 -0.49715907138828219 -0.015397626119389577 -0.51048107249181218 -0.0055430174530043614 -0.012251694789346299 -0.51516606927082598 0.066540558838526401 -0.4708262671920655 -0.0084975456264201228
-0.0049487336882449474 0.027607101388097601 -0.0018755228833770656 0.50002844892097431 0.00089395473892335076 0.50460106992132037 0.51596149758073739 0.01352077171601369 -0.024388508217913347 0.47685442290007296 0.013203542123288668
0.0019815287910516536 0.0045334388236168725 -0.007675508259539823 0.47684600547823319 -0.0062203177836290579 0.49785599021615318 0.50111639943211028 -0.021074964740896873 0.084345071116037784 -0.51565453527520055 -0.0077281997239181692
-0.010963555480800597 0.0090826760607051766 0.0094139325408336364 0.50735121964853935 -0.003037558178624309 0.51596281107866182 -0.48344441384011277 0.016422780153473069 -0.037612356652220034 0.4905778434185678 0.0026561737221097496
-0.0040332930015046144 -0.01399098650377642 0.0036139471646706258 0.48416877620579812 -0.010151830701176872 0.50921773137349524 -0.49828951198874 -0.018172956303437821 0.071121222681730628 -0.50193111475670515 -0.018275568125099981
0.0030692922809431641 0.026920855640198787 0.0050450094123214448 0.51472634292496944 -0.00065077943802666419 -0.49493805307402022 0.50517786848373947 0.012332649516120918 -0.041696930578084629 0.48190929806275962 0.0010527260774729715
0.009999554760239138 0.0038471930757173088 -0.00075497596384162681 0.49154389948222799 -0.0077650519605782274 -0.50168313277918675 0.49033277033511197 -0.022263086940788799 0.067036648755866221 -0.51059966011251456 -0.01987901576973344
-0.0029455295116126725 0.0083964303128054758 0.016334464836531434 0.52204911365253404 -0.0045822923555740294 -0.48357631191667799 -0.49422804293711042 0.015234657953581525 -0.054920779012391001 0.4956327185812554 -0.0094946423237066754
0.0039847329676832447 -0.014677232251676385 0.010534479460369168 0.49886667020979314 -0.011696564878125775 -0.49032139162184474 -0.50907314108573798 -0.019361078503329389 0.05381280032155971 -0.4968762395940185 -0.030426384170915123
-0.0039847329676835899 0.014677232251675146 -0.01053447946036919 -0.49886667020979331 0.011696564878126163 0.49032139162184502 0.50907314108573765 0.01936107850332865 -0.053812800321560619 0.49687623959401839 0.030426384170914665
0.0029455295116129297 -0.008396430312805403 -0.016334464836531688 -0.52204911365253459 0.004582292355573823 0.48357631191667777 0.49422804293711059 -0.015234657953581074 0.054920779012391098 -0.49563271858125468 0.00949464232370794
-0.0099995547602391346 -0.0038471930757173135 0.00075497596384126175 -0.49154389948222837 0.0077650519605788476 0.50168313277918686 -0.49033277033511224 0.022263086940788629 -0.067036648755866818 0.51059966011251368 0.019879015769734353
-0.0030692922809428544 -0.026920855640198776 -0.0050450094123207336 -0.51472634292496977 0.00065077943802585353 0.49493805307401995 -0.5051778684837388 -0.012332649516121154 0.04169693057808508 -0.48190929806276017 -0.0010527260774755044
0.0040332930015043473 0.013990986503776108 -0.0036139471646706163 -0.48416877620579801 0.010151830701177011 -0.50921773137349491 0.49828951198873966 0.01817295630343671 -0.071121222681730337 0.50193111475670571 0.018275568125099319
0.010963555480800356 -0.0090826760607052772 -0.0094139325408332756 -0.50735121964853935 0.003037558178624656 -0.51596281107866193 0.48344441384011272 -0.016422780153472732 0.037612356652219944 -0.4905778434185683 -0.0026561737221077963
-0.001981528791051599 -0.0045334388236167719 0.0076755082595398897 -0.47684600547823347 0.0062203177836290162 -0.49785599021615307 -0.50111639943210984 0.021074964740896596 -0.084345071116036674 0.51565453527520089 0.0077281997239195439
0.0049487336882446898 -0.027607101388098177 0.0018755228833776602 -0.50002844892097431 -0.00089395473892385361 -0.50460106992131992 -0.51596149758073762 -0.013520771716012788 0.024388508217912809 -0.47685442290007291 -0.013203542123289199
0.49759201837841627 0.032874811989835842 0.49803898154966586 -0.000561704440500205 8.4260673258252367e-05 -0.0049742933125163378 0.49612991449216737 0.0029997389777116075 0.047720256589562873 -0.013093685479217222 0.50462954596184506
0.50834744994872083 -0.0037773177427694081 0.49039728320269493 -0.015053645244719164 -0.00018707656190263724 0.0081586691402010074 0.50836713686856083 0.0060945901334047365 -0.023892454795848752 0.0010046450298813621 -0.49167036409483295
0.49157719658586058 0.014350386662443152 0.50932843697387642 0.0067610662870646173 -0.0038472522442891911 0.0063874478448264389 -0.50327599692868219 0.0059017474151704949 0.034496408155257341 0.00062973503927623328 0.49408217756066397
0.5023326281561652 -0.022301743070162076 0.50168673862690583 -0.0077308745171537846 -0.0041185894794500662 0.019520410297542864 -0.49103877455228917 0.008996598570864562 -0.0371163032301541 0.014728065548377358 -0.50221773249601342
0.49743325015274392 0.035551508193675113 -0.50168557552275794 0.0086944471731495252 -0.0017816424593234423 -0.011525250863046697 0.48487609408107718 -0.0068262064937643094 0.037660881267553618 -0.0082324888561923423 0.51259993815259397
0.50818868172304843 -0.0011006215389290067 -0.50932727386972843 -0.0057974936310701084 -0.0020529796944836216 0.0016077115896704736 0.49711331645747076 -0.0037313553380712225 -0.03395183011785851 0.0058658416529060722 -0.48369997190408393
0.49141842836018751 0.017027082866282486 -0.49039612009854733 0.016017217900713358 -0.0057131553768710137 -0.00016350970570431841 -0.51452981733977254 -0.0039241980563047875 0.024437032833247933 0.0054909316623016902 0.50205256975141344
0.50217385993049246 -0.019625046866322358 -0.49803781844551798 0.001525277096495062 -0.00598449261203194 0.012969452747012385 -0.50229259496338008 -0.00082934690061123436 -0.047175678552163314 0.019589262171401736 -0.4942473403052644
-0.50217385993049224 0.019625046866323482 0.4980378184455182 -0.0015252770964946582 0.0059844926120318429 -0.01296945274701268 0.50229259496337975 0.00082934690061120184 0.047175678552163411 -0.019589262171401438 0.49424734030526479
-0.4914184283601879 -0.017027082866283322 0.49039612009854711 -0.016017217900713702 0.0057131553768709018 0.00016350970570470967 0.51452981733977254 0.0039241980563053357 -0.024437032833247829 -0.0054909316623020146 -0.50205256975141321
-0.50265960872169846 -0.028921775799343505 0.49540376087787835 -0.024236053733903504 -0.4801403869781678 -0.0083676986704935077 0.0052277900666009673 0.014769882983961995 0.51447144130473099 0.055027008051305781 -0.043879969207506447
-0.49743325015274398 -0.035551508193676189 0.50168557552275794 -0.0086944471731500144 0.0017816424593234833 0.011525250863046231 -0.48487609408107757 0.0068262064937647561 -0.037660881267554028 0.0082324888561936174 -0.51259993815259308
0.011800369257933723 -0.011676151171962941 -0.014446168106252995 -0.50466776613995901 0.5068797587598578 -0.0066743086118344671 0.50045210829975972 -0.0036242702571408609 -0.058750617674591971 0.0050426041071721479 -0.48364452402538222
-0.49157719658585974 -0.014350386662442814 -0.50932843697387642 -0.0067610662870647899 0.0038472522442901409 -0.0063874478448261397 0.5032759969286823 -0.0059017474151705036 -0.034496408155257077 -0.00062973503927828622 -0.49408217756066469
-0.50834744994872105 0.0037773177427691718 -0.49039728320269477 0.015053645244718576 0.0001870765619024791 -0.0081586691402006188 -0.5083671368685605 -0.0060945901334049169 0.02389245479584751 -0.0010046450298833221 0.49167036409483339
-0.49759201837841632 -0.032874811989835537 -0.49803898154966586 0.00056170444050062881 -8.4260673258121856e-05 0.0049742933125156187 -0.49612991449216759 -0.0029997389777104569 -0.047720256589561645 0.013093685479218355 -0.50462954596184484
0.49001421002442747 0.031759004870219647 0.0046906428662063281 0.49982636929349333 -0.0074433853329332472 0.50434049913829704 -0.0003639586278035091 -0.0027883218330090739 0.059445001943312828 -0.016339722836774827 0.50080504485572463
0.50076964159473214 -0.0048931248623858932 -0.0029510554807648188 0.48533442848927377 -0.0077147225680935733 0.51747346159101448 0.011873263748588981 0.00030652932268499758 -0.01216770944209678 -0.002241392327674474 -0.49549486520095343
0.49803223599361512 0.031072759122320413 0.011611175161904488 0.51452426329748857 -0.0089881195098821341 -0.4951986238570425 -0.01114758772480188 -0.0039764440329005113 0.042136579583142222 -0.011284847674088137 0.48865422880990922
0.5087876675639198 -0.0055793706102850397 0.0039694768149334519 0.50003232249326868 -0.0092594567450438835 -0.48206566140432561 0.0010896346515917217 -0.00088159287720700804 -0.029476131802267221 0.0028134828350123322 -0.50764568124676945
0.49097821074498887 0.018829135733797887 -0.0039683137107861793 -0.49906874983727467 0.0033592248062693864 0.49006082083882196 -0.0072523151228036644 0.0030519849543065329 0.030020709839669039 0.003682093857172628 0.51802788690334867
0.50173364231529327 -0.01782299399880774 -0.011610012057756008 -0.51356069064149346 0.003087887571109697 0.50319378329153897 0.0049849072535896538 0.0061468361100011507 -0.041592001545747048 0.017780424366271221 -0.47827202315332884
0.49899623671417664 0.018142889985898879 0.0029522185849120228 -0.48437085583327888 0.0018144906293205379 -0.50947830215651768 -0.018035944219801536 0.001863862754415205 0.012712287479497722 0.0087369690198588149 0.50587707085753386
0.50975166828448115 -0.018509239746706201 -0.0046894797620581239 -0.49886279663749838 0.0015431533941595503 -0.4963453397038009 -0.0057987218434078424 0.0049587139101091218 -0.058900423905916016 0.022835299528959251 -0.49042283919914403
-0.50975166828448149 0.018509239746706912 0.0046894797620589982 0.49886279663749844 -0.001543153394159379 0.49634533970380079 0.005798721843407852 -0.0049587139101089917 0.058900423905912283 -0.022835299528959432 0.4904228391991442
-0.4989962367141767 -0.018142889985899056 -0.002952218584912663 0.48437085583327938 -0.0018144906293204237 0.5094783021565179 0.01803594421980112 -0.0018638627544150534 -0.012712287479496187 -0.0087369690198578123 -0.50587707085753364
-0.50173364231529372 0.017822993998806956 0.01161001205775671 0.51356069064149401 -0.003087887571109167 -0.50319378329153941 -0.0049849072535901092 -0.0061468361100003319 0.041592001545742698 -0.017780424366272217 0.47827202315332817
-0.49097821074498843 -0.01882913573379839 0.0039683137107855487 0.49906874983727456 -0.0033592248062695421 -0.49006082083882169 0.0072523151228030686 -0.0030519849543063846 -0.030020709839665795 -0.0036820938571702662 -0.51802788690334967
-0.5087876675639198 0.0055793706102851082 -0.0039694768149326765 -0.50003232249326901 0.009259456745043259 0.48206566140432572 -0.0010896346515914793 0.00088159287720777143 0.029476131802268875 -0.0028134828350125044 0.50764568124676879
-0.49803223599361546 -0.031072759122320718 -0.011611175161904252 -0.51452426329748824 0.0089881195098830257 0.49519862385704255 0.011147587724801934 0.0039764440329007585 -0.042136579583144033 0.011284847674089216 -0.48865422880990933
-0.50076964159473181 0.0048931248623853849 0.0029510554807649059 -0.48533442848927377 0.0077147225680939844 -0.51747346159101426 -0.011873263748589434 -0.00030652932268455658 0.012167709442099125 0.0022413923276733958 0.49549486520095404
-0.49001421002442747 -0.031759004870219813 -0.004690642866205904 -0.4998263692934935 0.0074433853329333747 -0.50434049913829726 0.00036395862780427395 0.0027883218330084754 -0.059445001943315735 0.016339722836774307 -0.50080504485572397
0.49648102013189421 0.030523367453589009 -0.0017817691104513686 0.016162236934950388 0.50317653731243861 -0.003673902683954987 -0.009997715914314878 0.49249299876733654 0.018875187878848329 -0.0267989904925169 0.50535792865481832
0.50723645170219933 -0.006128762279015155 -0.009423467457422563 0.0016702961307313098 0.50290520007727746 0.0094590597687624206 0.0022395064620776986 0.49558784992303007 -0.052737523506564417 -0.012700659983417175 -0.49094198140185941
0.49839591103915432 0.027083798600239919 0.0081224046972368669 0.010667574907896703 0.49049129968207428 -0.0023040605538359824 -0.012252747636013549 -0.50669914786576253 0.023594021249527999 0.0088847182053963403 0.50256483861554757
0.50915134260945949 -0.0095683311323663933 0.00048070635026609511 -0.003824365896322682 0.49021996244691363 0.010828901898880873 -1.5525259621192316e-05 -0.50360429671006868 -0.048018690135882995 0.022983048714493852 -0.49373507144113027
0.49061453569944974 0.02281809625587939 -0.00047954324611828631 0.0047879385523175123 -0.49612019438568716 -0.0028337424643848307 -0.006147155211591324 0.5057746887871688 0.048563268173282853 -0.016487472022311492 0.50411727709770981
0.50136996726975414 -0.013834033476725958 -0.0081212415930893098 -0.0097040022519021621 -0.49639153162084809 0.010299219988332893 0.006090067164801493 0.50886953994286155 -0.023049443212128706 -0.0023891415132104728 -0.49218263295896786
0.49252942660670923 0.019378527402529537 0.0094246305615703144 -0.00070672347473596791 -0.50880543201605066 -0.0014639003342667809 -0.0084021869332897414 -0.49341745784593066 0.053282101543962408 0.019196236675600758 0.50132418705843984
0.50328485817701418 -0.017273602330076469 0.0017829322145991402 -0.015198664278956293 -0.50907676925121148 0.011669062118451002 0.003835035443102965 -0.49032260669023686 -0.018330609841449335 0.033294567184701453 -0.49497572299823811
-0.50328485817701418 0.017273602330075206 -0.0017829322145992302 0.015198664278955486 0.50907676925121192 -0.011669062118451224 -0.0038350354431027868 0.49032260669023625 0.018330609841449637 -0.033294567184702216 0.49497572299823805
-0.49252942660670984 -0.01937852740252885 -0.0094246305615706648 0.00070672347473652974 0.50880543201605111 0.001463900334266558 0.0084021869332901612 0.49341745784593094 -0.053282101543962998 -0.019196236675600838 -0.50132418705843862
-0.50136996726975425 0.013834033476726357 0.0081212415930896707 0.0097040022519015428 0.4963915316208477 -0.01029921998833226 -0.0060900671648017844 -0.50886953994286233 0.023049443212128717 0.0023891415132101961 0.4921826329589673
-0.49061453569944929 -0.022818096255880032 0.00047954324611801255 -0.0047879385523170882 0.49612019438568744 0.0028337424643845527 0.0061471552115906587 -0.50577468878716858 -0.04856326817328218 0.01648747202231118 -0.50411727709771037
-0.50915134260945916 0.0095683311323657063 -0.0004807063502656906 0.0038243658963226087 -0.49021996244691407 -0.010828901898880867 1.5525259621151347e-05 0.50360429671006857 0.048018690135884362 -0.022983048714495944 0.49373507144112971
-0.49839591103915482 -0.02708379860023891 -0.0081224046972371341 -0.010667574907896346 -0.49049129968207444 0.0023040605538363662 0.012252747636013648 0.50669914786576198 -0.023594021249528148 -0.0088847182053948537 -0.50256483861554757
-0.50723645170219944 0.006128762279016633 0.0094234674574229533 -0.0016702961307309451 -0.50290520007727768 -0.0094590597687623304 -0.0022395064620774935 -0.49558784992303001 0.052737523506563418 0.012700659983415874 0.49094198140185941
-0.49648102013189405 -0.030523367453589779 0.0017817691104515959 -0.016162236934950319 -0.50317653731243783 0.0036739026839539475 0.009997715914314453 -0.4924929987673366 -0.01887518787884801 0.026798990492518427 -0.50535792865481888
-0.0087867932307853867 0.5198867052499847 0.50406321815792032 0.00084103594226924111 0.49736082995036063 -0.004193739891996731 -0.011804930170346638 -0.0050782163968919039 0.042710054982780361 -0.023634433950088029 0.47500200860816655
0.001968638339518893 0.48323457551737853 0.49642151981094895 -0.013650904861950372 0.49708949271520014 0.0089392225607200799 0.00043229220604635931 -0.0019833652411989063 -0.028902656402631625 -0.0095361034409926163 -0.52129790144851174
-0.014653277663230197 0.51218143405227456 0.50536544402225325 -0.010533262440363978 -0.50193590174776459 -0.003353579672426023 -0.0079543694676228304 0.0082034736229400686 0.072398135277214129 -0.013322915479883223 0.47376135705105843
-0.003897846092925946 0.47552930431966856 0.49772374567528255 -0.025025203244583009 -0.50220723898292507 0.0097793827802897648 0.0042828529087702077 0.011298324778633058 0.00078542389180199514 0.00077541502921604549 -0.52253855300561947
-0.0089455614564576992 0.52256340145382441 -0.49566133891450359 0.010097187555917993 0.49549492681777907 -0.010744697442527774 -0.023058750581437085 -0.014904161868367865 0.032650679660771058 -0.018773237327062774 0.48297240079891546
0.0018098701138468708 0.48591127172121862 -0.50330303726147474 -0.0043947532483013096 0.4952235895826187 0.0023882650101893872 -0.010821528205043342 -0.011809310712674739 -0.038962031724642486 -0.0046749068179671865 -0.51332750925776205
-0.014812045888902498 0.51485813025611415 -0.49435911305017005 -0.0012771108267146877 -0.50380180488034643 -0.0099045372229570518 -0.019208189878712988 -0.0016224718485353159 0.062338759955205728 -0.0084617188568574808 0.48173174924180784
-0.0040566143185984107 0.47820600052350865 -0.50200081139714114 -0.015769051630934422 -0.50407314211550691 0.003228425229759455 -0.0069709675023198548 0.0014723793071572465 -0.0092739514302064164 0.0056366116522410708 -0.51456816081487045
0.0040566143185982919 -0.47820600052350876 0.5020008113971417 0.015769051630934325 0.5040731421155068 -0.0032284252297604794 0.006970967502319873 -0.0014723793071579794 0.0092739514302061284 -0.0056366116522413977 0.51456816081486989
0.014812045888902768 -0.51485813025611449 0.49435911305017066 0.0012771108267149438 0.50380180488034576 0.0099045372229573884 0.019208189878712568 0.0016224718485361588 -0.062338759955203125 0.0084617188568587871 -0.48173174924180767
-0.0018098701138464888 -0.48591127172121829 0.50330303726147518 0.0043947532483016357 -0.49522358958261836 -0.0023882650101900546 0.010821528205043481 0.011809310712674027 0.038962031724641272 0.0046749068179654284 0.51332750925776205
0.0089455614564581086 -0.52256340145382441 0.49566133891450359 -0.010097187555917635 -0.49549492681777929 0.010744697442527214 0.023058750581436808 0.014904161868367906 -0.03265067966077044 0.018773237327067052 -0.48297240079891557
0.003897846092926008 -0.47552930431966955 -0.4977237456752821 0.025025203244583006 0.50220723898292519 -0.0097793827802903875 -0.0042828529087703847 -0.011298324778633616 -0.00078542389180339019 -0.00077541502921605156 0.5225385530056188
0.014653277663230891 -0.51218143405227445 -0.50536544402225314 0.010533262440364158 0.50193590174776459 0.003353579672426929 0.0079543694676229033 -0.008203473622939288 -0.072398135277213935 0.013322915479883912 -0.47376135705105865
-0.0019686383395194039 -0.48323457551737914 -0.4964215198109489 0.013650904861950416 -0.49708949271520037 -0.0089392225607207113 -0.00043229220604655073 0.0019833652411985724 0.028902656402631587 0.0095361034409896985 0.52129790144851129
0.0087867932307852791 -0.51988670524998426 -0.50406321815791988 -0.00084103594226860858 -0.49736082995036068 0.0041937398919967683 0.011804930170346591 0.0050782163968926186 -0.042710054982779723 0.023634433950091745 -0.47500200860816716
-0.013238865373755177 0.52555713674793481 0.0042294439385265137 0.50197685313668772 -0.0022791737194118628 -0.00059422047279783768 -0.010934865916179651 0.49332557580017766 0.064877136835475996 -0.043900839099404933 0.47115200292081016
-0.0024834338034496191 0.48890500701532974 -0.0034122544084444575 0.48748491233246782 -0.0025505109545733476 0.012538741979918567 0.0013023564602123961 0.4964204269558708 -0.0067355745499377119 -0.029802508590304963 -0.52514790713586823
-0.01132397446649515 0.52211756789458552 0.014133617746215046 0.49648219110963404 -0.014964411349775641 0.00077562165731956054 -0.013189897637878686 -0.5058665708329213 0.069595970206154933 -0.0082171304014910674 0.46835891288153908
-0.51268757427893652 0.49743742893555659 0.00078786858172440188 -0.0092402528750677882 0.016795068169598425 -0.016745745025154343 -0.013643073368354946 0.0080951829658943673 0.51101640215937816 0.26948992359665219 0.3937571720468927
-0.012274864653193532 0.51262726761151278 -0.0044295126384656441 -0.49691826599407934 0.0085234364197906767 -0.014873898772273443 -0.017823222411179833 0.49916588258749361 0.03545284473183262 -0.02387902240545603 0.48837484496843597
-0.0015194330828894678 0.47597513787890816 -0.012071210985435787 -0.51141020679829929 0.0082520991846295796 -0.00174093631955597 -0.005586000034787277 0.50226073374318692 -0.036159866653583506 -0.0097806918963564971 -0.50792506508824253
-0.010359973745933896 0.50918769875816361 0.0054746611692229625 -0.50241292802113358 -0.0041618012105733146 -0.013504056642155531 -0.02007825413287943 -0.50002626404560546 0.040171678102510412 0.011804686292455723 0.48558175492916389
0.00039545782437114209 0.47253556902555754 -0.0021670371777478738 -0.51690486882535325 -0.0044331384457334472 -0.00037109418943804737 -0.0078410317564867483 -0.49693141288991211 -0.031441033282903381 0.025903016801553786 -0.51071815512751373
-0.00039545782437146236 -0.47253556902555849 0.0021670371777478968 0.5169048688253528 0.004433138445734083 0.00037109418943842614 0.0078410317564861567 0.49693141288991183 0.031441033282902528 -0.025903016801555784 0.51071815512751351
0.010359973745933693 -0.50918769875816328 -0.0054746611692234239 0.50241292802113324 0.0041618012105727221 0.013504056642155204 0.020078254132877674 0.50002626404560591 -0.040171678102507838 -0.01180468629245272 -0.48558175492916422
0.0015194330828883923 -0.47597513787890766 0.012071210985436859 0.51141020679829929 -0.008252099184629871 0.0017409363195564072 0.0055860000347871062 -0.5022607337431868 0.036159866653581618 0.0097806918963572187 0.50792506508824342
0.012274864653193301 -0.512627267611514 0.0044295126384652442 0.49691826599407984 -0.008523436419791074 0.014873898772273179 0.017823222411179337 -0.49916588258749334 -0.035452844731828137 0.023879022405458181 -0.4883748449684347
0.00056854289619001749 -0.48546543816198007 -0.0064919193992437046 -0.48199025030541442 0.015235748584936515 -0.013908584110036823 0.00095267526148643043 0.50277171967722722 0.0020167411792574291 -0.0058812001076097801 0.52794099717513898
0.011323974466494335 -0.52211756789458508 -0.014133617746214815 -0.49648219110963338 0.014964411349775501 -0.00077562165732003043 0.013189897637878938 0.50586657083292219 -0.069595970206155711 0.0082171304014926894 -0.46835891288153919
0.0024834338034499439 -0.48890500701532968 0.0034122544084443491 -0.48748491233246843 0.0025505109545724469 -0.012538741979919039 -0.0013023564602121513 -0.49642042695587102 0.0067355745499375601 0.029802508590303735 0.52514790713586779
0.013238865373754584 -0.52555713674793514 -0.0042294439385260861 -0.50197685313668772 0.0022791737194122852 0.0005942204727990818 0.01093486591617996 -0.49332557580017777 -0.064877136835476967 0.043900839099403441 -0.47115200292080961
-0.012801021648158892 0.52697775329069585 -0.0042529413060792267 -0.011228369808002736 -0.00048236391774368728 0.48703955236152224 0.48958821023439397 -0.004207287241498321 0.06779054286623061 -0.025437224244063757 0.48971597114848497
-0.012973630023454696 0.50265931960721033 -0.49028635475563592 0.012416675047644097 -0.0026977278463607532 0.0052952743248705289 -0.50729526567799021 0.012032981166579516 -0.049290349768846158 0.49654787650947246 -0.010605693284963323
-0.018815843440715796 0.50845332796330267 0.0070365141181312867 -0.0039055990804378886 -0.0044138768352913367 0.49840129351886431 -0.50981770118645553 -0.0013052788040383346 0.054566694431924918 -0.011713803725570132 0.47916860274730427
-0.0080604118704116785 0.47180119823069683 -0.00060518422883949514 -0.018397539884657938 -0.004685214070452832 0.5115342559715812 -0.49758047881006279 0.0017895723516552972 -0.017046016953487536 0.0023845267835288287 -0.51713130730937329
-0.0047829956789717945 0.5262915075427963 0.002667590989618013 0.0034695241959925458 -0.0020270980946933605 -0.51249957063381768 0.4788045811373966 -0.0053954094413900524 0.05048212050605954 -0.020382349081376906 0.47756515510266961
0.0059724358913322458 0.48963937781019068 -0.0049741073573521958 -0.011022416608227443 -0.0022984353298544438 -0.49936660818110074 0.49104180351378962 -0.0023005582856965145 -0.02113059087935228 -0.006284018572281367 -0.51873475495400789
-0.010797817471528602 0.50776708221540279 0.013957046413829267 0.010792294923557993 -0.0059586110122408541 -0.50113782947647589 -0.52060133028345357 -0.0024934010039296441 0.037258272071752703 -0.0066589285628834202 0.46701778670148963
-4.2385901224155295e-05 0.47111495248279783 0.0063153480668580904 -0.0036996458806623617 -0.0062299482474018316 -0.48800486702375923 -0.50836410790706044 0.0006014501517636224 -0.034354439313657649 0.0074394019462144037 -0.52928212335518832
4.2385901223376852e-05 -0.4711149524827975 -0.0063153480668577417 0.0036996458806628388 0.0062299482474017639 0.48800486702375906 0.50836410790706077 -0.00060145015176395634 0.034354439313658114 -0.0074394019462161506 0.52928212335518865
0.010797817471528416 -0.50776708221540334 -0.013957046413829508 -0.01079229492355673 0.0059586110122409252 0.50113782947647589 0.52060133028345346 0.0024934010039301198 -0.037258272071752425 0.0066589285628825589 -0.4670177867014893
-0.0059724358913326335 -0.4896393778101904 0.0049741073573532097 0.011022416608226648 0.0022984353298543948 0.4993666081811009 -0.49104180351378912 0.0023005582856960392 0.021130590879352207 0.0062840185722774821 0.51873475495400834
0.0047829956789720504 -0.52629150754279586 -0.0026675909896185812 -0.00346952419599229 0.0020270980946933766 0.51249957063381746 -0.47880458113739643 0.0053954094413901843 -0.050482120506058881 0.020382349081381586 -0.47756515510266995
0.0080604118704116368 -0.47180119823069688 0.00060518422884012126 0.018397539884657539 0.004685214070452139 -0.51153425597158142 0.49758047881006262 -0.0017895723516552649 0.017046016953487626 -0.0023845267835291219 0.51713130730937296
0.018815843440716334 -0.50845332796330278 -0.0070365141181311913 0.0039055990804377824 0.0044138768352915796 -0.49840129351886386 0.50981770118645597 0.0013052788040381045 -0.054566694431924891 0.011713803725569214 -0.47916860274730422
0.0020455900778560553 -0.49032562355809023 0.011894639653051015 0.025720310612222227 0.00075370115290489552 -0.50017251481423919 -0.50182543261078716 0.0011124360858046783 0.0038221685191810878 0.011338893734964365 0.50658393890819275
0.012801021648160098 -0.52697775329069529 0.0042529413060793846 0.0112283698080027 0.00048236391774359762 -0.48703955236152208 -0.48958821023439486 0.0042072872414981978 -0.067790542866230499 0.025437224244066373 -0.48971597114848492
-0.010264790110539825 0.019050624065007439 0.49527077465800451 -0.0019837213931857673 0.0081836060875280468 0.49579363798151765 0.0060276294266972648 0.50355568157438624 0.047130837848456675 -0.029849055496362867 0.50163671197550741
0.00049064145976455249 -0.0176015056675978 0.48762907631103308 -0.016475662197404185 0.0079122688523673053 0.50892660043423454 0.018264851803089465 0.50665053273008032 -0.024481873536957053 -0.015750724987260847 -0.49466319808117021
-0.0083498992032793994 0.015611055211657952 0.50517494846569277 -0.0074783834202394473 -0.0045016315428361778 0.49716348011163591 0.0037725977049983873 -0.49563646505871284 0.051849671219135599 0.0058346532015501121 0.49884362193623621
0.0024055323670247866 -0.021041074520948066 0.49753325011872174 -0.02197032422445809 -0.004772968777996758 0.5102964425643528 0.01600982008139094 -0.4925416139030187 -0.019763040166275076 0.019932983710650564 -0.49745628812044129
-0.0022467641413528479 0.018364378317108288 0.50219130695370218 0.012714172610809916 0.0066388719105781738 -0.5037454850138221 -0.0047559996703008681 0.50236755937449451 0.029822415488285722 -0.024794180333675961 0.48948589592969194
0.00850866742895247 -0.018287751415497464 0.49454960860673142 -0.001777768193409496 0.0063675346754170654 -0.4906125225611051 0.0074812227060915464 0.50546241053018848 -0.041790295897127301 -0.010695849824573554 -0.50681401412698535
-0.00033187323409225193 0.014924809463758857 0.51209548076139055 0.0072195105837557063 -0.0060463657197859346 -0.50237564288370429 -0.007011031391999354 -0.49682458725860429 0.03454124885896577 0.010889528364236805 0.48669280589042097
0.010423558336213046 -0.02172732026884765 0.50445378241441952 -0.0072724302204637721 -0.0063177029549463882 -0.48924268043098751 0.0052261909843932253 -0.49372973610291077 -0.037071462526446185 0.024987858873337963 -0.50960710416625632
-0.0104235583362128 0.021727320268846804 -0.50445378241441952 0.0072724302204631346 0.0063177029549460768 0.4892426804309869 -0.0052261909843931411 0.49372973610291071 0.03707146252644631 -0.024987858873337928 0.50960710416625654
0.00033187323409244324 -0.014924809463757766 -0.51209548076139033 -0.007219510583755904 0.0060463657197855607 0.50237564288370395 0.0070110313919994529 0.4968245872586044 -0.034541248858965805 -0.01088952836423652 -0.48669280589042135
-0.50233262815616486 0.0223017430701625 -0.50168673862690538 0.0077308745171551273 0.0041185894794502718 -0.019520410297542777 0.49103877455228923 -0.0089965985708646487 0.037116303230153871 -0.014728065548376653 0.50221773249601431
0.0022467641413527542 -0.018364378317108403 -0.50219130695370218 -0.012714172610809019 -0.0066388719105779145 0.50374548501382233 0.0047559996703004761 -0.50236755937449473 -0.029822415488284446 0.024794180333674438 -0.48948589592969199
-0.0024055323670249761 0.021041074520946994 -0.49753325011872185 0.021970324224458035 0.0047729687779964353 -0.5102964425643528 -0.016009820081391637 0.49254161390301909 0.019763040166275701 -0.019932983710651154 0.49745628812044085
0.0083498992032800968 -0.015611055211657192 -0.50517494846569233 0.0074783834202389043 0.0045016315428359063 -0.49716348011163625 -0.0037725977049984562 0.49563646505871273 -0.051849671219136563 -0.005834653201549877 -0.49884362193623638
-0.49569061714388529 -0.48990804500881707 0.0025362088689379167 0.010043672721861777 -0.0041026959784045865 -0.009225411901018785 0.0023134164163444489 -0.01836119613820935 -0.1656308563144811 -0.47285413492281247 0.51254714179159833
0.010264790110540576 -0.019050624065008272 -0.49527077465800429 0.001983721393185377 -0.0081836060875281804 -0.49579363798151788 -0.006027629426697303 -0.50355568157438579 -0.047130837848456335 0.029849055496361826 -0.50163671197550752
8.0936967067375749e-05 0.037905847697066009 0.0018544868177095119 0.50871929379502767 0.49634848585581626 -0.00552759276507633 0.49510324241836617 -0.012559428200150879 0.042286385814463909 -0.0290775430958728 0.49543254398367015
0.010836368537372682 0.0012537179644589106 -0.0057872115292609081 0.49422735299080861 0.49607714862065461 0.0076053696876409796 0.50734046479475947 -0.0094645770444573268 -0.029326325570945923 -0.014979212586774523 -0.50086736607300697
-0.0059338848254884566 0.019381422369672337 0.013143942241920425 0.51604206452259194 0.49241697293826797 0.0058341483922652437 -0.50430266900248333 -0.0096574197626904494 0.029062537380156829 -0.015354122577378658 0.48488517558249095
0.0048215467448163296 -0.017270707362934311 0.0055022438949493165 0.50155012371837326 0.49214563570310682 0.018967110844982597 -0.49206544662609081 -0.0065625686069974614 -0.042550174005250019 -0.0012557920682771035 -0.5114147344741875
-0.0057855474653775796 0.030200576499355303 0.0031567126820427433 0.49734499541239496 -0.50294824584231002 -0.0046874325455071577 0.49895380312109017 0.00072226181968173186 0.071974466108899404 -0.018766024625667239 0.49419189242656247
0.0049698841049271121 -0.0064515532332505982 -0.0044849856649277148 0.4828530546081754 -0.50321958307747039 0.0084455299072101909 0.5111910254974833 0.0038171129753745308 0.00036175472348923851 -0.0046676941165686514 -0.50210801763011503
0.0082421917246693621 -0.051111069125398818 -0.012810988296872714 -0.029966629721633352 0.020868137001363047 -0.0017757206785835901 0.00085308403206714478 0.006605535872463604 0.6298620907008009 0.042291833706311614 -0.77282582700620583
-0.0010449376876283539 -0.024975978560643632 0.0068044697592827596 0.49017582533574033 -0.50715109599501829 0.019807271064552358 -0.48821488592336659 0.0067191214128342943 -0.012862093710816978 0.0090557264019284697 -0.51265538603129512
0.0010449376876287989 0.024975978560643368 -0.0068044697592825783 -0.49017582533574006 0.50715109599501795 -0.01980727106455164 0.48821488592336687 -0.0067191214128350081 0.012862093710819183 -0.0090557264019250211 0.51265538603129579
-0.50727769926585975 0.0039167234925135833 0.49930142352437035 -0.00086758741544903136 0.008212570885428476 0.50242000040827062 0.021522614063962945 0.0217197060255888 -0.040955179844584577 0.48804865484868865 0.0073649800228482911
-0.0049698841049269932 0.0064515532332502998 0.0044849856649280349 -0.48285305460817535 0.50321958307747072 -0.0084455299072098405 -0.51119102549748296 -0.0038171129753751848 -0.00036175472348763991 0.0046676941165683453 0.50210801763011514
0.0057855474653775258 -0.03020057649935555 -0.0031567126820430521 -0.49734499541239446 0.50294824584231013 0.0046874325455070268 -0.49895380312108972 -0.00072226181968026027 -0.071974466108899099 0.018766024625667722 -0.49419189242656314
-0.0048215467448161041 0.017270707362933395 -0.0055022438949493286 -0.50155012371837282 -0.49214563570310732 -0.018967110844982007 0.49206544662609031 0.0065625686069973625 0.042550174005253717 0.0012557920682781665 0.51141473447418762
0.005933884825488546 -0.019381422369672396 -0.013143942241919419 -0.51604206452259271 -0.49241697293826797 -0.0058341483922652801 0.50430266900248333 0.0096574197626904876 -0.029062537380159712 0.01535412257737827 -0.48488517558249017
-0.010836368537372193 -0.0012537179644594855 0.0057872115292612221 -0.49422735299080822 -0.49607714862065433 -0.0076053696876403646 -0.50734046479475936 0.009464577044456992 0.029326325570948997 0.014979212586773642 0.50086736607300741
-8.0936967067547595e-05 -0.037905847697065141 -0.0018544868177091339 -0.50871929379502756 -0.49634848585581531 0.0055275927650762641 -0.49510324241836662 0.012559428200150845 -0.042286385814467232 0.0290775430958744 -0.49543254398367076
0.48707830402997138 0.5106871940590707 0.00078903168586993738 -0.0082766802190742499 0.010894836230823766 -0.0087505855906565323 -0.01980575383956576 0.010265575042990598 0.51156098019677321 0.27598550028883839 0.40413937770347652
0.49984416672955378 0.50065527683793676 0.0012745381790618682 -0.0056877628135896634 -0.023507380334743842 0.015780430362917239 -0.005132824304314723 -0.011701020055629894 -0.47758029860680529 -0.28748774589450143 -0.43332332425359282
0.49947404534030604 0.4703233567627903 -0.0082112095630102241 -0.033887400032430827 0.0041528969190428909 -0.0039712878073402584 -0.021772077695471147 -0.013191105278375678 0.49821191597629244 -0.4420645468221594 -0.28946263176473097
0.48744842541922151 0.54101911413421633 0.0102747794279408 0.01992295699976129 -0.016765441022962638 0.011001132579601428 -0.0031665004484102239 0.01175566026573977 -0.46423123438632025 0.4305623012165018 0.26027868521460723
-0.0020078789659593319 0.50934420498139865 0.0052710402781684018 -0.4861235779999537 -0.01435212943666374 -0.4993263801402309 -0.01281820090641987 -0.0037780875280127688 -0.50151830797083052 -0.052010200694414581 0.016836281402843548
0.49123185361563759 0.52143442588819289 0.0045997787338708171 -0.0039207703108066084 -0.016715240082318034 -0.0021955671287555187 -0.022625161727535842 -0.019796641150844146 -0.1316501747245111 -0.48435638052847557 0.48336319524147298
0.49992171157935683 -0.48740551171442231 -0.0012733750749166811 0.0066513354695838722 0.017607148395969368 -0.0077852709284206437 -0.001029856166895283 0.013871412132728632 0.47812487664420583 0.29398332258668641 0.44370552991017193
0.51268757427893774 -0.49743742893555665 -0.0007878685817179679 0.009240252875073041 -0.016795068169598536 0.016745745025154506 0.013643073368349606 -0.008095182965896279 -0.51101640215937361 -0.26948992359665536 -0.39375717204689542
0.51231745288968822 -0.52776934901070427 -0.010273616323787291 -0.0189593843437658 0.010865209084186497 -0.0030059731451024395 -0.0029961800228046 -0.0095852681886402728 0.46477581242372135 -0.42406672452431388 -0.24989647955802857
0.50029183296860391 -0.45707359163927586 0.0082123726671577829 0.034850972688425352 -0.010053128857816803 0.01196644724183836 0.015609397224256506 0.015361497355474846 -0.4976673379388985 0.44856012351435165 0.29984483742129481
0.50853402469326858 -0.50818466076467905 -0.0045986156297237032 0.0048843429668010011 0.010815008143544158 0.010190726563254742 0.016462481256323235 0.021967033227946249 0.13219475276191103 0.49085195722065855 -0.4729809895848967
0.50407526116502122 -0.47665827988530446 0.0025373719730899498 0.011007245377858204 -0.01000292791717731 -0.0012302524665220259 -0.0038492640548698702 -0.016190804061108396 -0.16508627827707753 -0.46635855823062849 0.52292934744817698
-0.0079230309732679655 0.48957242890513047 -0.01028114235938503 -0.023656845554175042 0.00020169355980690658 0.4952294432489085 -0.01029116750129821 0.48108934764317396 0.077379635938006994 -0.5256226821668607 -0.02277699398441263
-0.4999217115793535 0.48740551171442503 0.0012733750749080435 -0.006651335469587202 -0.017607148395969795 0.0077852709284200192 0.0010298561668982905 -0.013871412132727618 -0.47812487664420134 -0.29398332258668852 -0.44370552991017581
-0.50029183296860369 0.45707359163927602 -0.0082123726671576632 -0.034850972688427954 0.01005312885781884 -0.011966447241838015 -0.015609397224258801 -0.015361497355473781 0.49766733793889467 -0.44856012351434671 -0.29984483742130796
-0.51231745288968744 0.52776934901070593 0.010273616323789401 0.018959384343764374 -0.010865209084188429 0.0030059731451062876 0.0029961800228048507 0.0095852681886426563 -0.46477581242371802 0.42406672452431304 0.24989647955803479
-0.50407526116502221 0.47665827988530335 -0.0025373719730917947 -0.011007245377856779 0.010002927917172574 0.0012302524665208446 0.0038492640548681606 0.016190804061111459 0.16508627827708156 0.46635855823062772 -0.52292934744817621
-0.50853402469327047 0.5081846607646775 0.0045986156297223441 -0.0048843429668014955 -0.010815008143541352 -0.010190726563253158 -0.0164624812563227 -0.021967033227944372 -0.13219475276190945 -0.49085195722066244 0.47298098958489304
-0.4998441667295529 -0.5006552768379362 -0.0012745381790620161 0.0056877628135885601 0.023507380334745819 -0.015780430362918003 0.0051328243043119058 0.0117010200556303 0.47758029860680962 0.28748774589449683 0.43332332425359238
-0.0011581747372941557 0.028049593176378371 -0.50385822335773955 0.0070567858488100113 -0.013819739354259756 0.49887888998202867 0.50487360077929089 -0.010071177131380482 -0.48463355477897518 -0.062508185002884908 0.049417632824161908
-0.48744842541922184 -0.54101911413421611 -0.010274779427930664 -0.019922956999761515 0.016765441022958603 -0.011001132579605935 0.0031665004484099112 -0.011755660265736921 0.46423123438631814 -0.43056230121650285 -0.26027868521460923
-0.49947404534030332 -0.47032335676278814 0.0082112095630097071 0.033887400032431292 -0.0041528969190419169 0.0039712878073418795 0.021772077695472108 0.013191105278377704 -0.49821191597629977 0.44206454682215857 0.28946263176472797
-0.49123185361563815 -0.52143442588819122 -0.0045997787338700443 0.0039207703108073387 0.016715240082318068 0.0021955671287578428 0.022625161727534242 0.01979664115084355 0.13165017472451176 0.48435638052847674 -0.48336319524147292
-0.50818868172304865 0.0011006215389300269 0.50932727386972942 0.0057974936310698204 0.0020529796944843085 -0.0016077115896701044 -0.49711331645746998 0.0037313553380703343 0.033951830117857379 -0.0058658416529083499 0.4836999719040837
-0.0067855475972348643 0.01014254507684836 0.50394900357811356 0.49352502505581403 0.012732754779472426 -0.001850190051784269 0.0017346236854205376 0.012976116891397773 0.51431247311461636 0.26929511643318416 0.40613473385935339
0.0059803151023422648 0.00011062785572386637 0.50443451007130602 0.49611394246130092 -0.021669461786096265 0.022680825901788965 0.016407553220670022 -0.0089904782072315909 -0.47482880568895758 -0.2941781297501555 -0.43132796809772195
0.0056101937130975986 -0.030221292219417297 0.49494876232923496 0.46791430524246208 0.0059908154676881721 0.0029291077315321385 -0.00023170017048475982 -0.010480563429977611 0.50096340889414004 -0.44875493067781691 -0.28746727560884794
-0.0064154262079865422 0.040474465152004452 0.51343475132018235 0.52172466227465508 -0.014927522474313589 0.017901528118476614 0.018373877076575482 0.014466202114140181 -0.46147974146847409 0.42387191736085617 0.26227404137047217
0.0018267655166793334 -0.010636603973394771 0.50062376302329825 0.49175803255303357 0.0059406145270487513 0.016125807439888905 0.019226961108640705 0.021071737986606529 0.16838234923233675 0.46616375106715791 -0.51055178563571946
-0.0026319980115709182 0.020889776905975016 0.50775975062611278 0.49788093496409036 -0.014877321533670279 0.0047048284101164038 -0.0010847842025509783 -0.017086099302445808 -0.128898681806666 -0.49104676438412975 0.48535855139734974
-0.0058215468766733419 -0.0027873240595614264 0.49529004700111856 -0.50537009407495237 0.023535364918676128 -0.016129868351260936 -0.0051537328095816659 0.018816423678707339 0.48488818101096237 0.28931693312712842 0.42335757590697759
0.0069443158229050457 -0.012819241280696279 0.49577555349431135 -0.50278117666946365 -0.010866851646896812 0.008401147602312713 0.009519196725672717 -0.0031501714199224031 -0.50425309779261751 -0.27415631305621752 -0.41410512605008826
0.0065741944336596822 -0.043151161355842987 0.48628980575224218 -0.53098081388830454 0.016793425606895146 -0.011350570567945041 -0.0071200566654836929 -0.0046402566426630865 0.4715391167904755 -0.42873311398388375 -0.27024443356122907
-0.005451425487423776 0.027544596015584261 0.50477579474319023 -0.4771704568561112 -0.0041249123351084936 0.0036218498190003965 0.01148552058157463 0.020306508901452268 -0.4909040335721343 0.44389373405478699 0.27949688341810291
0.0027907662372404578 -0.023566473109817687 0.49196480644630836 -0.50713708657773604 0.016743224666250712 0.0018461291404132869 0.01233860461363975 0.026912044773924036 0.13895805712865419 0.48618556776109861 -0.49332894358810953
-0.0016679972910089663 0.0079599077695559281 0.49910079404912344 -0.50101418416667642 -0.0040747113944669729 -0.0095748498893600559 -0.0079731406975489232 -0.011245792515133047 -0.15832297391032232 -0.47102494769018294 0.50258139344497743
-0.0069443158229043674 0.01281924128069897 -0.49577555349430741 0.50278117666946831 0.010866851646892797 -0.0084011476023107528 -0.0095191967256685744 0.0031501714199187163 0.50425309779260674 0.27415631305621324 0.41410512605010352
0.005821546876674525 0.0027873240595637019 -0.49529004700112128 0.50537009407495226 -0.023535364918676183 0.016129868351260519 0.0051537328095785026 -0.018816423678707471 -0.48488818101097025 -0.28931693312712803 -0.42335757590696615
0.0054514254874294564 -0.027544596015585059 -0.5047757947431899 0.47717045685611154 0.0041249123351113802 -0.003621849818995374 -0.011485520581578491 -0.020306508901449524 0.4909040335721449 -0.44389373405477528 -0.27949688341810314
-0.0065741944336591123 0.04315116135584722 -0.48628980575224162 0.5309808138883042 -0.01679342560689465 0.011350570567945669 0.0071200566654834709 0.0046402566426635965 -0.47153911679048444 0.42873311398387343 0.27024443356123096
0.0016679972910084058 -0.0079599077695553331 -0.49910079404912405 0.50101418416667809 0.0040747113944695663 0.0095748498893640649 0.0079731406975516693 0.011245792515132254 0.15832297391033073 0.47102494769019554 -0.50258139344496044
-0.0027907662372405905 0.02356647310982134 -0.49196480644631035 0.50713708657773704 -0.016743224666250882 -0.0018461291404153388 -0.0123386046136415 -0.026912044773921132 -0.13895805712867243 -0.4861855677611025 0.49332894358809781
-0.0059803151023458912 -0.00011062785572026359 -0.50443451007130768 -0.49611394246129897 0.021669461786094982 -0.02268082590178994 -0.016407553220671601 0.008990478207229563 0.47482880568895869 0.29417812975015079 0.43132796809772433
0.0067855475972409965 -0.01014254507685603 -0.50394900357811212 -0.49352502505581436 -0.012732754779472459 0.0018501900517857823 -0.0017346236854206495 -0.012976116891395342 -0.51431247311462158 -0.26929511643318887 -0.40613473385934501
0.0064154262079860018 -0.04047446515200892 -0.51343475132018079 -0.52172466227465519 0.014927522474316316 -0.017901528118476021 -0.018373877076576683 -0.014466202114136996 0.46147974146847842 -0.42387191736084578 -0.26227404137048443
-0.0056101937130944909 0.030221292219424958 -0.49494876232923407 -0.46791430524246291 -0.0059908154676901254 -0.002929107731533407 0.000231700170487262 0.010480563429975895 -0.50096340889414037 0.44875493067781308 0.2874672756088531
0.0026319980115696541 -0.020889776905977948 -0.50775975062611678 -0.49788093496408853 0.014877321533671183 -0.0047048284101143603 0.0010847842025503418 0.017086099302447418 0.12889868180666103 0.4910467643841247 -0.48535855139735323
-0.0018267655166770637 0.01063660397340027 -0.50062376302330136 -0.49175803255303013 -0.0059406145270477382 -0.016125807439888437 -0.019226961108639477 -0.021071737986608854 -0.16838234923232837 -0.46616375106716001 0.51055178563572068
-0.0074587021181609196 0.0092117170833738889 -0.004354132326611403 -0.0029562565134237328 0.51762184122032218 0.48708397341109838 -0.0038699305704904684 0.0049365136393411391 0.48838081043465037 0.27405342627522433 0.42542708478000074
0.0053071605814174186 -0.00082020013776253661 -0.0038686258334139486 -0.00036733910793786194 0.48321962465475282 0.51161498936467176 0.010802998964761787 -0.017030081459285251 -0.50076046836892829 -0.28941981990811766 -0.41203561717706705
0.0049370391921724818 -0.031152120212909928 -0.013354373575487253 -0.028566976326775188 0.51087990190853882 0.49186327119441547 -0.005836254426393247 -0.018520166682028768 0.47503174621417077 -0.44399662083577551 -0.2681749246882088
-0.0070885807289136462 0.039543637158520065 0.0051316154154593691 0.025243380705417772 0.48996156396653534 0.50683569158135755 0.012769322820668765 0.0064265988620866308 -0.48741140414844464 0.42863022720288213 0.28156639229113045
0.0011536109957534246 -0.011567431966883431 -0.0076793728814176987 -0.0047232490162096375 0.51082970096789648 0.50505997090277344 0.013622406852733445 0.01303213473455535 0.14245068655235307 0.47092206090919764 -0.4912594347150761
0.48949637902985421 0.49812880721148167 0.0017244257407243511 -0.00057350513902622389 -0.0019294096955517464 0.0085108718997416594 -0.51104472892151576 0.50032935502896247 0.0080189998924919577 -0.01673126689253954 -0.018469112456015839
0.00055932385102574708 0.0085254713354737735 0.0025663999690842629 0.011741637490574582 0.51607710704337062 -0.51245514958424387 -0.014653559667486334 0.0037483914394496848 0.47107238807448204 0.27910830143791737 0.41327626873417894
0.013325186550607391 -0.0015064458856610282 0.0030519064622764624 0.014330554896059706 0.48167489047780149 -0.48792413363066944 1.936986776373308e-05 -0.018218203659174783 -0.51806889072909268 -0.28436494474542529 -0.42418643322289312
0.49305861913231785 0.51079782191479439 0.50522354175717121 0.48783726224222534 -0.010774625555270404 0.013930240311132458 -0.0033982006188948951 0.0012750968357625231 0.036732174507813499 -0.018192629461317351 -0.027188590394247019
0.00092944524027592089 0.038857391410619363 0.012052147711158848 0.039941274709414117 0.48841682978958506 -0.49270343141398404 0.0019856937236718969 0.0052384766621963973 -0.50471982650861258 0.43368510236557301 0.26941557624531198
0.0091716369649399495 -0.012253677714783331 -0.00075884058572505417 0.0099746449877881616 0.5092849667909477 -0.49447915209256693 0.0028387777557351297 0.011844012534669371 0.12514226419219154 0.47597693607188585 -0.50341025076088974
0.0047128734366929858 0.019272703164593317 0.0063771470170901163 0.016097547398844631 0.48846703073022912 -0.505900131122341 -0.017472967555455993 -0.02631382475438971 -0.17213876684680915 -0.48123357937940414 0.49250008627217784
-0.01332518655060598 0.0015064458856596148 -0.003051906462278685 -0.014330554896058539 -0.48167489047780154 0.48792413363066961 -1.9369867763800873e-05 0.018218203659174884 0.51806889072909657 0.28436494474542851 0.42418643322288607
-0.00055932385102452388 -0.0085254713354718133 -0.002566399969087683 -0.011741637490570708 -0.51607710704337273 0.51245514958424243 0.014653559667486491 -0.0037483914394507612 -0.47107238807448426 -0.27910830143791315 -0.41327626873417866
-0.00092944524027658876 -0.038857391410619106 -0.01205214771115559 -0.039941274709414797 -0.488416829789587 0.4927034314139816 -0.0019856937236687497 -0.0052384766621967503 0.50471982650861402 -0.43368510236557001 -0.2694155762453152
-0.012955065161359398 0.031838365960811549 0.0064338412797932676 0.013869082322778987 -0.50933516773158949 0.50767585180092822 0.016619883523391842 0.019708288881920073 -0.45772332385400361 0.43894174567308986 0.2803257407340175
-0.0047128734366913543 -0.01927270316459171 -0.0063771470170874735 -0.016097547398844048 -0.4884670307302284 0.50590013112234178 0.017472967555458473 0.026313824754390824 0.17213876684680265 0.48123357937940398 -0.49250008627218039
-0.0091716369649417796 0.012253677714784878 0.00075884058572257362 -0.0099746449877866784 -0.50928496679094881 0.49447915209256599 -0.0028387777557365851 -0.011844012534663531 -0.12514226419218386 -0.4759769360718884 0.50341025076088886
-0.0053071605814211924 0.00082020013776416118 0.0038686258334157072 0.0003673391079395328 -0.48321962465475587 -0.51161498936466809 -0.010802998964763841 0.01703008145928539 0.50076046836891985 0.28941981990811866 0.41203561717707693
0.0074587021181629388 -0.0092117170833698973 0.0043541323266093179 0.0029562565134227461 -0.51762184122032184 -0.48708397341109921 0.0038699305704879916 -0.0049365136393418694 -0.48838081043465298 -0.27405342627522888 -0.42542708477999452
0.0070885807289170219 -0.039543637158517643 -0.0051316154154598132 -0.025243380705413033 -0.48996156396653373 -0.50683569158135888 -0.012769322820665388 -0.0064265988620880983 0.48741140414844913 -0.42863022720288263 -0.28156639229112296
-0.0049370391921708633 0.031152120212910653 0.013354373575491258 0.028566976326777661 -0.51087990190853994 -0.49186327119441142 0.0058362544263928949 0.018520166682028948 -0.47503174621417454 0.4439966208357764 0.26817492468820509
0.0033051525324968253 -0.019958948912491517 0.00054338527860307254 -0.0013996533948462913 -0.49001176490717624 -0.49363899187299898 0.0066893384584562387 0.025125702554502548 0.15483034448663946 0.48628845454209235 -0.50465090231799359
-0.0011536109957531928 0.011567431966887795 0.0076793728814209842 0.0047232490162089514 -0.51082970096789448 -0.50505997090277344 -0.013622406852733398 -0.013032134734555402 -0.14245068655235835 -0.47092206090920008 0.49125943471507427
-0.0043329659071435168 0.015997955700944005 -0.010839567862545318 -0.0022085130530023075 0.025509483556743089 -0.018631299620516635 0.49349400680364924 0.50912836664713201 0.49882314693359669 0.25703305848347024 0.42540158019876317
0.0084328967924416319 0.0059660384798027669 -0.010354061369351412 0.00038040435248777891 -0.008892733008825919 0.0058997163330621917 0.50816693633890153 0.48716177154850404 -0.49031813186997875 -0.30644018769987225 -0.41206112175830928
0.0080627754031916896 -0.024365881595341539 -0.019839809111426257 -0.027819232866350681 0.018767544244960289 -0.01385200183720439 0.49152768294774407 0.48567168632576269 0.48547408271312231 -0.46101698862753349 -0.26820042926943666
-0.0039628445178906107 0.046329875776085577 -0.001353820120474581 0.025991124165838077 -0.0021507936970449112 0.0011204185497442863 0.5101332601948052 0.51061845186987642 -0.47696906764949709 0.41160985941113182 0.28154088770988533
0.0042793472067714023 -0.0047811933493175753 -0.014164808417356473 -0.0039755055557834573 0.018717343304316202 -0.00065530212884068798 0.51098634422687106 0.51722398774234679 0.15289302305130542 0.45390169311743622 -0.49128493929631534
-0.00017941632147695365 0.026745187530058393 -0.0070288208145433285 0.0021473968552710807 -0.0021005927564038749 -0.012076281158616708 0.49067459891568005 0.47906615045329198 -0.14438800798768631 -0.50330882233384544 0.50462539773676085
-0.0024180749998854059 0.012558386847587078 -0.00093539405485442535 -0.0077031750800497564 0.012824245926375249 -0.017261457490401262 0.49123897508194914 -0.49006377998596645 0.50354198030428376 0.29271676718137674 0.42260849015948887
0.010347787699701086 0.0025264696264525968 -0.0004498875616675219 -0.0051142576745611479 -0.021577970639194307 0.0072695584631742652 0.50591190461719771 -0.51203037508459559 -0.48559929849929123 -0.27075647900196043 -0.41485421179758836
-0.00049064145976509882 0.017601505667597581 -0.48762907631103303 0.016475662197404737 -0.0079122688523674753 -0.50892660043423477 -0.018264851803089639 -0.50665053273007987 0.024481873536957244 0.015750724987262398 0.49466319808117065
-0.0020479536106350759 0.042890306922735058 0.0085503536872150784 0.020496462138787367 -0.0148360313274097 0.002490260679858268 0.5078782284731066 -0.48857369476322127 -0.47225023427881319 0.4472935681090397 0.27874779767062052
0.0061942381140329614 -0.0082207622026652452 -0.0042606346096660426 -0.0094701675828378108 0.0060321056739514331 0.00071454000127198257 0.50873131250517312 -0.48196815889075251 0.15761185642199141 0.48958540181535326 -0.49407802933557937
0.0017354745857834125 0.023305618676711024 0.0028753529931435603 -0.0033472651717787556 -0.014785830386769344 -0.010706439028497118 0.48841956719397883 -0.52012599617980804 -0.13966917461700229 -0.46762511363593479 0.5018323076974901
-0.010347787699695205 -0.002526469626454191 0.0004498875616625124 0.0051142576745632287 0.021577970639195108 -0.0072695584631749252 -0.50591190461720137 0.51203037508459204 0.48559929849929689 0.27075647900196592 0.41485421179757803
0.0024180749998814251 -0.012558386847588549 0.00093539405485968188 0.0077031750800502603 -0.012824245926377112 0.017261457490398091 -0.49123897508194897 0.49006377998596767 -0.50354198030428532 -0.29271676718137329 -0.4226084901594882
0.0020479536106341439 -0.042890306922734732 -0.0085503536872094839 -0.020496462138787488 0.014836031327408168 -0.002490260679859043 -0.50787822847310571 0.48857369476322288 0.47225023427881235 -0.44729356810903337 -0.27874779767063113
-0.0099776663104499067 0.027805450448692474 0.0099356353037337586 0.033313894893400448 -0.0060823066145923111 0.012482159707087485 -0.48927265122604535 0.51352046030733822 -0.49019291608380194 0.42533327992961961 0.27099351930871868
-0.0017354745857839687 -0.023305618676708231 -0.0028753529931446775 0.0033472651717814383 0.014785830386768896 0.010706439028501102 -0.48841956719397828 0.5201259961798077 0.13966917461700096 0.46762511363594206 -0.50183230769748455
-0.0061942381140321521 0.0082207622026689853 0.004260634609666694 0.0094701675828345634 -0.0060321056739522129 -0.00071454000127649264 -0.50873131250517056 0.48196815889075334 -0.15761185642199305 -0.48958540181535726 0.49407802933557654
-0.0084328967924396561 -0.005966038479807494 0.010354061369354023 -0.00038040435248504526 0.0088927330088265765 -0.0058997163330566831 -0.50816693633889976 -0.48716177154850698 0.4903181318699778 0.3064401876998693 0.41206112175831128
0.0043329659071424751 -0.015997955700938229 0.010839567862545698 0.0022085130530000502 -0.025509483556740924 0.018631299620516996 -0.49349400680365069 -0.50912836664713101 -0.49882314693359975 -0.25703305848347147 -0.42540158019875851
0.0039628445178929335 -0.046329875776084141 0.0013538201204766366 -0.02599112416583765 0.0021507936970462552 -0.0011204185497415077 -0.51013326019480665 -0.51061845186987576 0.4769690676494957 -0.41160985941112943 -0.28154088770989072
-0.0080627754031913027 0.024365881595342774 0.019839809111423645 0.02781923286635074 -0.018767544244957031 0.013852001837203276 -0.49152768294774318 -0.48567168632576352 -0.48547408271312181 0.46101698862752821 0.26820042926944682
0.00017941632147505131 -0.026745187530057977 0.0070288208145423822 -0.0021473968552729143 0.002100592756402655 0.012076281158615304 -0.49067459891567955 -0.47906615045329248 0.14438800798768953 0.50330882233385288 -0.50462539773675286
-0.0042793472067740963 0.0047811933493165683 0.014164808417355903 0.0039755055557864332 -0.018717343304316708 0.00065530212884084627 -0.5109863442268695 -0.51722398774234524 -0.15289302305130578 -0.45390169311744272 0.49128493929631212
-0.00037012138924470179 -0.030331920075144302 -0.009485747742060912 -0.028199637218851714 0.027660277253795881 -0.01975171817025461 -0.01663925339116101 -0.0014900852227415751 0.97579221458309851 -0.1545768009276568 0.14386069248886157
0.50477220905653619 0.021667884797944383 0.013521983642193746 0.018522444724233384 -0.025690013208260899 -0.48702138287706809 -0.0041949299190425218 -0.50340619965480338 -0.5008925079912544 -0.031932555197414385 0.031802494291035384
0.012955065161359032 -0.031838365960810112 -0.0064338412797924393 -0.013869082322779065 0.50933516773159015 -0.50767585180092667 -0.016619883523393525 -0.019708288881919774 0.45772332385400183 -0.43894174567308919 -0.28032574073402294
0.00037012138924441627 0.030331920075157913 0.0094857477420719222 0.028199637218845264 -0.027660277253786381 0.019751718170255079 0.016639253391158751 0.0014900852227400215 -0.97579221458309728 0.15457680092765982 -0.14386069248886665
-0.0041535495856606305 -0.010747231829115465 -0.0038107470480045012 -0.0043559099082926258 0.027610076313156446 -0.0065550184618941706 0.0028194078879812505 0.030062216193845494 0.64321115492128411 0.76034188081731535 -0.079223817538001173
-0.0086123131139121348 0.020779149050253905 0.0033252405548121729 0.0017669925027875095 0.0067921402524313964 -0.017975997491678605 -0.017492337423220736 -0.0080956210952108365 0.34593012388229349 -0.19686863463397763 0.91668651949506863
0.008612313113920007 -0.020779149050254509 -0.0033252405548192037 -0.0017669925027649161 -0.0067921402524327998 0.017975997491673244 0.017492337423208673 0.0080956210952085085 -0.34593012388229116 0.19686863463397614 -0.91668651949507018
0.0041535495856699287 0.010747231829116254 0.0038107470480037127 0.004355909908280475 -0.027610076313150298 0.0065550184619040325 -0.002819407887960423 -0.030062216193841886 -0.64321115492128889 -0.76034188081731124 0.079223817538006031
-0.49631633936175384 -0.020933514003084044 -0.015083836591101987 -0.51702977366492864 0.025942088832979104 -0.024883967283952101 0.49393437697261877 0.0046852144132360834 0.48649749166183892 0.055451045215441225 -0.025389342109175716
-0.012395741310332062 0.040363837296272242 0.0090002412488791803 0.025610719813348559 0.0067419393117831867 -0.0047792977833129241 0.0019663238559029504 0.023456680321370479 0.013349064220479283 0.7180500471110034 0.69360200946819939
-0.0037834281964250595 0.019584688246027975 0.0056750006940607164 0.023843727310565964 -5.0200940641445642e-05 0.013196699708355493 0.019458661279120933 0.031552301416579095 -0.33258105966181295 0.91491868174497459 -0.22308451002686938
-0.0082421917246525093 0.051111069125397493 0.0128109882968842 0.029966629721633064 -0.020868137001369684 0.0017757206785875093 -0.00085308403206113981 -0.0066055358724707199 -0.62986209070080235 -0.042291833706311788 0.77282582700620439
