0.99830135990577096 0.005010629488890422 0.014294492644397508 0.02241420319012058 0.01665421819088584 0.0038976413119404308 0.0030389094065517955 -0.016322850915816742 0.0022657604675783115 -0.0019832329486246377 -0.045664728956083381
-0.99738095470844212 -0.0078306954457366025 -0.020736783937099084 -0.0082502015582141784 -0.048726810044977767 -0.040565238428082753 -0.0034168408678644374 0.0096090330884126673 0.0041078170489919456 -0.0027342287373554462 0.022883013086443259
0.0077727769023169307 0.99800180254734594 -0.0024968669188515109 -0.010884560451990872 0.0050945500894536474 0.029943142479779691 0.014115468558952411 0.010807141939090043 -0.020317323830112248 0.019530321660971597 0.042124386610658746
-0.011623343667119141 -0.99701836131191524 -0.0084111421966269403 -0.0058376866061680003 -0.025661043742165868 -0.04191523970164459 0.0080914760369790988 -0.0045181513996928767 0.032322673110992274 -0.016187043196567941 -0.043662586555730132
-0.022391172649660455 0.0083904958831603742 0.99897890150966717 0.012399205839086049 0.00031631690652861804 0.015213693459456659 0.023598741328186314 -0.017730167443825672 -0.0041894133180117666 -0.011875423465326379 -0.0073658793060997693
0.022757269458062598 0.011385837220190907 -0.99908063199250274 -0.023931451670251871 -0.0073740615939452622 -0.0071135207546053217 -0.0019757023429193966 0.0060467597761799385 0.017195109584358926 0.0093468604798305766 0.0094426975023452261
-0.013434194627131763 0.016569607330925835 -0.010609813117756762 0.99928214043208075 0.006399866844820119 0.005984982110868604 0.019999727565491638 0.0059652242767185663 0.012044081227590526 0.0016225124308732425 -0.014407028063938093
0.027418840564100915 -0.0038900603160825446 0.0024190557822471007 -0.99928165204970454 -0.0066799583780130034 -0.0079910802815412654 -0.0061775136681970922 -0.0056159956564149176 -0.021269925376374173 0.00020078860997185824 -0.0057247119472489706
-0.023140291197534763 -0.022411413550728516 0.0033924504499276164 -0.01194221231550115 0.99904333262877654 -0.004642681543496713 0.0092423877945974897 0.018290591991014748 0.011373381158408583 0.0066798293320454814 -0.010249582556103138
0.036139573859468616 0.0063335149929272961 0.0048593935406251237 0.022570469991960593 -0.99870976155207325 -0.0043740524285581037 0.0048104835269063622 -0.02052640674305322 -0.0046929329554791337 0.0077154972763668495 0.012427033850160186
-0.005955757537504003 -0.036690033008220303 0.0067905548181568989 0.0032663493235830336 0.0016736221931574014 0.99851177771207578 0.013376708025599477 -0.0034946634204259248 0.034348219231909158 -0.004416898998982237 -0.011939864538514096
0.025044506307009145 0.025974356982910222 -0.0080948794570969863 0.0061151386949375519 -0.023532527717907949 -0.99844287023335687 -0.0040266621045356504 -0.013133289429115813 -0.020109193997243868 0.020670371697804925 0.011528107372178171
0.007162334379176836 -0.00040740207261093383 -0.009345097329585236 -0.0066527981741364367 0.0013603062984845695 -0.0027083639886829242 0.99980785769536717 -0.00078726044892120318 -0.010940127547250239 -0.0059465515544632258 0.0060281671237656835
0.002669106384178038 0.0080640217159807393 0.017301041056259184 0.012570142895161535 0.0057664403366819248 0.011298311349144285 -0.99906563280138638 0.00055322635113472479 0.031333231719364626 0.013555569094389017 -0.0034116960090452746
0.032824767056738785 -0.0074828502860180427 0.01301962797421803 -0.0034577314103748872 -0.0089865616995725862 0.006632749031108982 0.011806700411703161 0.99873264999954658 0.011737268267465817 0.024978311329311512 -0.013868651567820543
-0.026394829110301447 0.00042617770237125439 -0.0099734682818691921 0.0037276642778007654 0.022777341885801144 0.0071130407206414685 0.0025158304358633239 -0.99859488601213686 0.015990063538404254 -0.034070386935965986 -0.0024112229857878838
-0.07635319971995122 -0.037142504649605168 0.41090655133831616 -0.44418727477145453 -0.020952940494391236 -0.0097834374040065165 0.079992723756814724 -0.016491831725284845 -0.40001123220226936 0.34554118044649218 -0.58312163674178463
0.50100641108658373 0.48622571902156136 0.52757000518351371 -0.48197257321084064 0.032596590170267802 0.0082528449350031431 0.0097655505362863448 -0.0068115332179986467 -0.024110995464184326 0.0096085409414060699 0.0018385460810355614
0.49732424948122339 0.49516005508276129 -0.49668303822309889 0.50833586528451635 0.012901833379718472 0.030729591718348704 -0.004511966668543174 0.0062429668164830114 0.010229751555074532 0.029767796928299978 -0.014995039006981752
0.53086670922820811 0.49101412925260945 -0.486863527567934 -0.48658508739898404 -0.0014504660425797473 -0.004956165370523527 -0.039770175573384282 -0.0022247356297273014 -0.027363853667001028 0.021834369224626421 -0.02111199291678565
0.48201009018603813 -0.50917137260764689 0.50829072833538302 0.49749124380440407 0.00016239667730776048 -0.010724921852126854 0.011004914327739947 -0.024814752177494029 0.023435823343388836 -0.014197731934981578 -0.030838941415661861
0.52075031116736303 -0.49477523201136503 0.4832432681171539 -0.49745698247126402 -0.00073404170559075255 -0.022805996148393449 0.0063315327109756368 0.0069925989019991525 -0.035589769892923243 -0.033371745818026474 -0.0062558335844984563
0.48521748908999013 -0.51822488353298479 -0.47455456690760245 0.51385028175554615 0.0017032207480760632 0.018861850327039697 0.013527726996446093 -0.0092416294483823654 0.060600057676602301 0.0057253549563808272 -0.049300965348573859
0.5160845302162439 -0.50193179962421808 -0.49781841977821695 -0.4811651360071314 -0.012971691547184401 -0.025323520370142273 -0.013980897181707452 -0.01738433278659399 0.025503026448675973 0.0031793508510682142 -0.020258835365870257
-0.53354285849277416 0.52090756066659982 0.47323379307604135 0.46800132884185919 -0.0090079773051860296 -0.0091025791759968659 0.0016690151447684026 0.016699703007677053 -0.01620633979764818 0.016573634017469235 0.0053728573201511087
-0.50079485293232651 0.50780775430807124 0.47332721672182088 -0.51415301762021548 -0.010111154886976238 -0.00055712239432467378 0.0078680973782733459 0.0030278455642058768 0.035311020256443545 0.039013179156725572 0.0011416568631425455
-0.50212688567594999 0.50001537029919363 -0.51531180599342441 0.4779705853908916 -0.025375220072347347 0.010035798443139199 0.023144378536220336 0.013150693633991404 -0.027903332837268566 -0.02321635909083063 0.032867383421246073
-0.4910108927914541 0.4871444616411249 -0.50884452959550008 -0.50900594758962137 -0.030637668205658952 0.0011674795010333024 -0.0043385885258354065 -0.036561862126776194 -0.0017054439853853378 0.028412966765446527 0.0219758644426753
-0.50451659528363735 -0.5091564506153311 0.49788499104744205 0.48456777241026577 -0.0042826962411263731 -0.04790905425631916 0.017296669948138832 -0.017377520574368355 -0.0017580033300237409 0.0093410815094874516 -0.02285180851343438
0.47756341280422338 -0.52534522886111545 0.015635036166706254 0.0050564849855310751 0.50845022548745711 0.48212638945223507 0.016829264758766799 -0.017327207628019443 0.051872336925508009 -0.0015996623854296504 -0.037832699195824319
-0.50348288310972744 -0.49572656350723826 -0.48455833116128832 0.51221216952135573 -0.035273173863395645 -0.024023745569610545 0.012820185137532815 0.021744857015202346 0.015067812968817493 -0.020019881288345479 0.022709249472580628
-0.0081030162036002992 -0.50197136916630203 -0.501949958366816 0.00062944962930361879 -0.0059209539208109705 -0.0058480541095890428 -0.047443106464154908 0.46487888431826113 -0.47553807767888195 0.16028464944042711 -0.16045190468641959
0.5010039721057975 0.46595712875333178 -0.0038503095842088706 0.013799643961012856 0.4935390022043486 0.53536891410445508 0.031659313140876562 0.012633351464800515 -0.014100678095637757 -0.001907268387965573 -0.010426777130357705
0.4770192191719505 0.49718300461846504 0.50352028527009574 0.51867802468504443 0.026924737985895945 0.032201049160005275 0.023040989787966291 0.0011861741805559961 -0.019571670868279004 -0.0049518677001097466 0.00066248998046295501
0.50746190828918725 0.47802544975800487 -0.0063658083731899153 -0.0019207461442687906 -0.48953994133172235 0.52254861498410632 0.0071266133048559274 -0.0092857773359752097 -0.0053415437585578448 0.03126158183090446 0.0089792087657941128
0.52299459219155653 0.52558390030008795 0.038745577261614372 0.0098955369693522616 -0.47432784018911384 -0.4696601575862 0.017609105739035801 -0.020839653507099095 -0.045531890216171454 0.0027366168326791191 0.015700363389188371
-0.043749262182473735 0.48965025143568702 0.0033629428771446619 -0.00055560664574291741 -0.0032496583888557587 0.51241457126015322 -0.4826172788704492 -0.0023478070597642538 0.088338170112770745 0.0045520074578769597 -0.50496381948756541
-0.018496360310678656 -0.02901287120312732 0.046065549113153026 -0.015523852067875276 -0.46442005503492623 -0.47960240256419706 0.033247017871498037 -0.011932758088941153 -0.56043583676373543 -0.429752048907238 -0.22522378985288966
0.50719124427571372 -0.51273312046910857 0.0064793060073854809 -0.0090602516050312734 -0.49495232345385359 0.48178976709253885 0.026163402438516798 -0.01137690202830813 0.018713846237009456 -0.021232045767455486 -0.03199330923417848
0.51649302772449746 -0.47953392336111977 0.0095896064967421549 0.016543898060457394 -0.49764848866284633 -0.50403576153073404 -0.0062858850114185421 -0.021510390609603115 -0.0089231363296810827 -0.019665883506158725 -0.015551906031210374
-0.56211339230667612 0.47143758451211992 -0.025321242721585577 -0.021437558661348874 0.46495149666641483 0.4928443444147087 0.031285984133925845 0.020049835743982999 -0.0027035797928922477 0.0046730144541310492 0.013747968804769745
-0.49738173965264415 0.51957794855604367 -0.031945761279613613 -0.032027752849823572 0.49184455031341984 -0.48634952964858275 -0.0018944749783693148 0.0072197431774480986 0.015247852602318838 0.042369340610303931 0.0085763276479560585
-0.48332962646510325 0.48951618215591336 -0.026783873892876099 -0.016536298099551996 -0.51486715887942813 0.50945903338286525 -0.0083257453848243155 0.00064067356386994458 0.00086982043982847799 0.021771324366779605 0.024379928096047981
-0.46960166069715448 0.51648234699354389 -0.019114297954454889 -0.01340097426715366 -0.51428161472290412 -0.49445849227397304 0.005022817502702461 -0.003383188127062231 -0.032278861231473117 0.011625881548724201 0.044573338794757479
-0.51201061948664683 -0.52710723951190586 0.0045569359039760501 0.014754555046503453 0.48038445070421704 0.47492787611672971 0.024626942035883292 0.015016548264877897 0.047351828950287819 0.01774747459519125 -0.0070541818215161829
-0.51405017684641141 -0.49003320014223617 0.49140303186092654 -0.49646020841229155 -0.049512427086537837 -0.054134149291942005 -0.021752002434262809 -0.0025065506277532285 0.022853390915477167 -0.035707623204192775 0.003386648919756749
-0.49971453206093375 -0.50117011116991472 0.0001848228973905949 0.010358319203609022 -0.52121316679683016 0.47564164276645288 0.01558490740247169 0.023577516398983003 0.012115446669115423 -0.012630533799671634 0.001826623807771632
-0.46480946194626432 -0.47810769103387141 -0.0111792349528943 0.013654848283067129 -0.52471210796119638 -0.52706957944317201 -0.0096955847373063446 0.011698121915406322 -0.013386106144147708 0.0026017879426971087 0.038882184998884989
0.50764151129798862 0.49168651829263282 -0.0041279215182423628 0.013363103365156576 0.01476895292906708 0.0028986333841556837 0.50752413267462215 0.49076064209265757 -0.031489915258821222 0.015911711052786069 -0.02123151046621162
0.48735442586252187 0.4903344474714621 0.00071345716089121856 0.024325054854834879 0.029139288254316786 0.0079159516859645673 0.49307703294258409 -0.52664064087505913 -0.008830707140236059 0.00045759289350340683 -0.00054742358903894458
0.51490284812422049 0.50528828046925056 0.023766135695701001 0.029723554078257611 -0.0050311572279216395 0.034006406741637948 -0.47455663835462697 0.50038862268231821 -0.028061258416773142 0.0059888687141254459 0.02264212909060084
0.49794645242179941 0.50053002253249246 -0.0011579623354380979 0.035290877590642152 0.024481013146027342 -0.0089299300740796738 -0.5074014665724268 -0.48764829666145887 0.037950117739715544 0.037429422646099733 -0.038663857253835546
0.51914570759136502 -0.49180188679555153 -0.010424067005907686 0.00088536476515453254 0.0045828464372717585 -0.013144696088819069 0.50718672321136449 0.48009897091831455 -0.0022601243767021075 -0.0022961114751873586 -0.023908858285993533
0.48386762279720491 -0.49760214067616598 -1.0226126779216057e-05 0.016636306542751365 0.0094353663076709223 -0.022630286170720441 0.50320381998597197 -0.51156390883925185 0.022585343956964488 -0.024344878421097678 -0.037038119164326526
0.5160016551116885 -0.51347375952077345 0.00054588007009785417 0.014581689238281181 0.0064549265162318304 0.022365391101587404 -0.47920226132929478 0.48674770006650131 -0.004406369514401591 0.021368567875936433 -0.047937742912521439
0.47667705115154047 -0.49079698685720358 0.011729456461676266 0.039809658077609118 0.006647026430457976 -0.0064588326365525982 -0.49689466112500874 -0.52885831622356783 0.051157266978398855 -0.0082963680496547666 -0.028420054749168824
-0.48014871083651794 0.49764285468946445 0.0048869950891947218 -0.027154492941773859 -0.018663514783664993 -0.015674308835167749 0.5190835833275832 0.49922377706697785 -0.020192796639493433 0.021178018696339188 0.030416132690288797
-0.50885413843940741 0.49182930893454402 -0.011914278561998266 0.00012147490993424496 -0.0085537765256873365 -0.011737841405139953 0.51243675698644586 -0.48360812359288019 -0.014709072777145201 -0.010787652850348118 0.044916705920534407
-0.47226865115746069 0.47499800278939192 -0.0083905939023901158 -0.027011713593956651 -0.036471314636519474 0.0091824798749336814 -0.50853597398746408 0.53871369454295437 -0.015111132822241816 0.0085513034876297505 -0.0013986996489099613
0.21789741340380842 0.23809796517606444 0.20232195460111912 0.20143451602580822 0.23732395955428823 0.21723664389781086 0.20427443160592318 0.24317316946305309 -0.57087490817101993 -0.34651464302700152 0.40493681612597121
-0.47660164033471064 -0.50717693407982312 0.0024986258711633298 -0.00073057426198124247 -0.01862892525490099 -0.017491504456648484 0.49378167400863193 0.52037693477366098 0.014901060189112888 0.0077934966938200323 -0.0082092324046849977
-0.50276429522362764 -0.49024902398366693 -0.033740289798966046 -0.013881589660103926 -0.01809796482607974 -0.0281118374797391 0.50262969151540826 -0.50043078324382928 0.030952477727616171 -0.017400672656019668 0.010325967729010354
-0.50438688463798231 -0.50436845831381572 0.017974509688878756 0.026189563385688425 -0.022231640368880583 -0.011605904778599579 -0.4948537773093285 0.49277293251985471 0.0013777826692854317 -0.016652996869459286 0.039796548140256079
-0.51457956648121661 -0.50456316258955847 -0.013883419971392197 0.0082888088649473012 -0.0007113375326871479 -0.02943456782446181 -0.48921387676050182 -0.48799467991955681 0.040665049022442876 -0.0049995671983297874 -0.018651126025726661
-0.030117761669989754 0.00064911458290275786 0.4964432251376395 0.48022550401989283 0.51120087593256891 0.50912150288145408 0.019207110722917749 0.010236241125631136 0.018980746875285712 -0.024761137824421079 -0.0064785725682817421
-0.022413537136502532 0.0071970005075313922 0.49302992041066768 0.49775096378075656 0.50603265324427427 -0.50140887928301703 0.0096002879723955364 0.016738885498061282 -0.00026358903813910315 -0.0062560463122452691 0.026829804082413481
-0.017300706167087097 -0.0014002074106907493 0.4990078660589648 0.50958450102958663 -0.48619527064122786 0.50349342090520433 0.028318273550067552 -0.017419337094470563 -0.00095385148947231991 0.0037348260879134635 -0.0013520865625508084
0.49069961736615242 -0.0072955469496225403 0.012383089761398016 0.012426186047595867 0.018522895143134956 0.48365733462780597 0.013128199531378252 -0.49298945598307647 0.52472481501062784 -0.062563781658399722 0.046087774074790311
-0.027382304427719783 -0.01953268755055897 0.50820362471398028 -0.52037607737169722 0.47768260088114689 0.48605856951423443 -0.00050820156358617329 0.01108767177537829 -0.032521590660085538 -0.064705660855576941 0.0022860720131515498
0.012050333125719159 -0.47683135209149352 0.013947362027618987 0.017846129091118251 -0.52175928025571028 -0.032883287726579953 -0.47396430828276248 -0.0065678113538224486 0.51685548863570774 -0.061402102962850855 0.055357607475137273
0.0053156292479657691 -0.014074287347775615 0.4803782121479272 -0.50010807884711272 -0.50281876861588959 0.51431910505987322 0.0008712905656318037 -0.030372307003915779 0.0039487086295358189 -0.023970518389898925 -0.0061701825793122837
0.015072715149325703 0.013111285677935238 0.4907537386241968 -0.4740955598205896 -0.5212314499197872 -0.50997053951915072 0.0018241319140075189 -0.027305477181804826 0.014417698326188579 0.018336145362241183 -0.030820435989789119
-0.0021816665972140955 -0.029192957348450083 -0.48446448468288605 0.49440525782100903 0.50278634475651685 0.510928081929093 -0.00054468133076383243 0.023997732393356903 0.064421835401549096 0.016869699712554177 -0.033882957839670831
0.02450697238030872 0.00796768681937653 -0.48825618493819534 0.50282579771561786 0.52239997941142036 -0.48408346436452532 -0.012154822295358336 -0.020224333867826187 -0.0066576749825212099 0.014166753612043738 -0.0082289369319975079
-0.00022266974071848846 -0.019214998309112719 -0.48989642719005494 0.51083786704476042 -0.50654085553076722 0.49117020165930969 0.011558349165687046 -0.01744718325022775 0.019722870698026779 0.0017718186556596484 0.0038681454387156787
0.013709098755601435 0.030674023698216219 -0.48514555403933468 0.51459530421467603 -0.50369770437467298 -0.49081192716305855 0.016932693823423956 0.00099155929461392346 -0.047674375129643218 -0.036146200906519751 0.014893311444484369
-0.00094291827988217283 -0.0010422481035165304 -0.51057948755384575 -0.50871929589021403 0.49156793445681857 0.48844256326968799 0.0043011944227505945 0.0026693719511359424 0.014142350280811174 0.0042084776716930202 -0.0072646078190630372
0.018202699039161493 0.00026547948826666771 -0.50282402744029242 -0.50244217909955091 0.48569745863192659 -0.50679394833600566 0.0046081958854268783 0.011817394080541678 0.020002274347259399 0.029793073364835335 -0.014061063099251654
0.030303017231100314 -0.026938491382039166 -0.50307290865724763 -0.50147182682622027 -0.50757686808013247 0.48580174178151708 -0.0099451168213531803 -0.005217692813857277 0.002142209357643862 0.0016117853683087476 0.0053641770639457588
0.023455838498095495 0.0041623530222222802 -0.49001815843787982 -0.505950471881769 -0.50429481651058639 -0.49700309405382642 0.0062387276277814261 -0.015013108115266587 -0.037723756512785672 -0.0045944020371304663 0.017174979758426353
-0.0079472898520344237 0.0095760921219946588 0.4907402937777276 0.49076862598526833 -0.0023786463194710706 0.0070533707325022531 0.52058390528486753 0.49691279907738584 0.0018510066641931073 -0.010104152380862588 -0.0086254512104692194
-0.030474071283635738 -0.0021316225073366181 0.48773417932719604 0.49323897675755218 0.012596747774007691 0.0060184975826175127 0.51006654145781649 -0.50709477868605568 0.0039488162399069415 -0.019275529653817569 0.001561551123538246
-0.023043408525589386 -0.015283927491072925 0.51757834537908709 0.52787258065048237 0.0010047594030492778 0.015134726098082961 -0.46181365442302758 0.48808331465214827 -0.02448918312559167 -0.016770187276324861 0.0095076640492530364
-0.021687966924597735 0.023667382505649839 0.50104800298062135 0.52408285561643875 0.033569912815218789 0.020151320370645605 -0.47677363042210452 -0.49388778622249424 0.010219960858613909 -0.011579058417680206 -0.015740687899064139
-0.00081290220193804778 -0.0045738106618859872 0.49963467808007866 -0.50671233607656807 -0.011392322857377358 -0.0043918558945397106 0.49752478437577019 0.49127597623907587 0.029848904383610472 -0.017857032232584742 -0.057830064538497358
-0.0049431725699206636 -0.005933472209237239 0.48015498862221434 -0.49021108543847119 0.009917041490724799 -0.0033936695194366224 0.50691349252619167 -0.5207425814303237 0.0095619017697164445 -0.004688606470246927 -0.026967292157022465
0.047235086819564572 0.00100759942006287 0.50408689134275986 -0.48466074200996651 -0.0024255197153719762 0.0066159522181570389 -0.50383338258290222 0.50481397705388587 -0.0037567701663996423 -0.0041749424518810118 0.0013327329836549805
0.17234314154243732 0.26659305194338334 -0.10920652258223577 -0.1216846427084583 -0.10192673649129953 -0.088858003671411612 -0.35991581261743155 0.30525093451929103 0.55437767616052547 0.3797814900602749 -0.42417196009455577
0.0092523682083020704 0.0015976455845032492 -0.51595930854607186 -0.010148253472963437 0.50623508313301036 -0.0011989917242514264 -0.023851318647169849 -0.48377000342842696 -0.044093757938322174 -0.49038351087069648 0.01723079423731461
-0.016845892701372829 0.0071732455907245283 -0.49970946054966919 0.50218510466385435 0.0019168756994400896 0.00080099586058111764 0.48959801935627295 -0.50669350713700634 0.0088744332348360024 -0.021450887730395687 0.027885359040882126
-0.0059570167563036585 -0.018085199000346389 -0.48605962985784756 0.49742395082679391 -0.0094979836515342655 0.02077308755588117 -0.51202827097319081 0.50055669152979609 0.024246585222822022 0.027648873807008211 -0.036726655251126908
-0.027891119650411012 0.011869520336430787 -0.48025006328495085 0.50627095132291089 0.015531612832015344 0.013944368822724488 -0.5133538062223949 -0.49348811465364539 0.063850243147424143 0.022659901365171351 -0.006492282087446591
0.023541131467096528 -0.03660645814409158 -0.50114302283470269 -0.52154017702874012 -0.016335501054930389 -0.0019532665813981921 0.48340147330432581 0.49052921366235203 -0.014013939649629804 0.0090616487861379207 0.010594106052070415
0.020521846921491151 -0.0020965721022812938 -0.50711213372726327 -0.49564660536131988 -0.0020368527600177996 -0.0091202400492001613 0.49725375244735492 -0.49896945984621471 0.018160720984976193 -0.00535814906212704 0.0082776401677847663
0.049012637531827663 -0.018134781650747767 -0.49854850207613094 -0.48692745088382028 -0.015901475591847403 0.0068039343904857663 -0.49915283857552845 0.51119741142972486 0.016979690985932435 0.022504742684260344 0.0070474251450164437
0.50428733221063204 0.0079792780467943213 0.50378394265416238 0.017245148923543265 -0.49292542983498783 -0.014029359722130931 0.025479325417475492 -0.023058498592158021 0.48757427115086421 -0.078440360342984808 0.057447445059458715
0.50626776238007476 0.0010355947942174344 0.51065313171665105 0.021835195784757521 -0.45766152359239165 0.020920651210664463 0.0055828332091729868 -0.02500707639052829 -0.51125225952549114 0.062718541372877981 -0.08116482975414778
-0.022086065984737478 -0.013011118838509621 -0.0022829938619577548 -0.0050071570405332833 0.50981412287782513 0.49553511426476848 0.50351274998535689 -0.48947957955872506 0.025968543707269181 -0.0074308586205273754 -0.0014873847132232732
-0.0049611518158252411 -0.060657391792643491 0.010100766549679323 -0.017080758676979349 0.50551365943601623 0.50897391529911207 -0.46599885727270174 0.51354956666691065 0.011599370060425902 -0.010826125428703707 0.012803940001774417
-0.028930931824538302 -0.001089584546324192 0.0076171412465291244 0.012285794668877576 0.51497250373549541 0.49838955276763974 -0.496816909302706 -0.48401005459254831 0.054198328387251152 -0.02181828860904874 -0.029287465796087292
0.0046196616576848386 -0.0039429004415312422 -0.01475413308161618 -0.016014543679993613 0.48545069834025617 -0.49265172918950123 0.5081322150109393 0.51032820609981477 -0.03292550726700192 0.02992066084764523 0.022545389112467548
-0.019254503069795547 0.0052617729187962765 -0.018720726967504236 -0.0069477471382869416 0.49917621835576398 -0.49682526514783726 0.49980579463949859 -0.50219228682293238 0.0094189027243635533 0.025043363691619993 0.02172070197825204
-0.0087607489780889124 0.028936994503691721 0.0090394808365590988 -0.0027577904413430198 0.49640497262829092 -0.50832653544409767 -0.50022190918796794 0.49350681169235827 0.0048130708925198168 0.0087816316029214712 -0.017652314137000139
-0.019763660285587861 0.0034845264143487944 0.0070579227459007191 -0.0016651692341305539 0.5153743102071543 -0.48558380831828346 -0.50349004665105368 -0.49293816822366615 0.032641728220597147 -0.014679110657203094 -0.019264753931295956
0.010343123611982146 0.0021540963390800616 0.015783647215289603 -0.0027631696930386514 -0.51089461078693121 0.49636936715132934 0.50464378375177665 0.48672509589771762 0.014199039704968388 0.020321995268061728 0.0073827761193363079
0.01999982024303126 -0.0060181058906067734 -0.0034935740125981492 0.0052199510477493362 -0.48265248061501059 0.49657603338231593 0.50499684473069917 -0.51232572333051818 0.025771341425637379 -0.038392664186074087 -0.018588813668264748
0.018015396045529489 -0.036908629790924012 0.029571194478121652 0.023446581682551947 -0.50652974075162516 0.50002617661176096 -0.49659622417811627 0.4928205038916974 0.015584410911182128 0.021039119317198009 -0.011183377165011724
0.013935125894963854 0.0062949650269868212 -0.0040300024448152554 0.01131957358147131 -0.48188256783658723 0.51284446041518494 -0.48776418686017631 -0.51054906459203342 0.037437016104887276 -0.064120602528348808 -0.017729384363202715
0.031448661276020251 0.02690217409806802 0.011863178386754034 0.0057963029025321407 -0.5104951286966628 -0.50668936944652909 0.50494203342042676 0.47304427096875135 -0.04163230736156881 0.0052206701945919495 0.01660377204686574
0.0077063452501980392 0.015507887583112626 0.00037640663905646587 0.022359836014449807 -0.49386178630085686 -0.49915520167023114 0.49500929967143581 -0.50970977660166783 -0.01186711166490214 -0.026679383126118342 0.021301489303233445
0.044124329375954841 -0.026784444376675501 0.018991456244269445 0.021569413363119492 -0.48948050344852945 -0.48102727782870286 -0.50325461620494605 0.51989648529596921 -0.025868471288767791 -0.010852102820185332 0.034450061317836102
-0.0031346286798776529 0.011691922264278065 0.0067214695913042242 0.025430596935612532 -0.49484124807794289 -0.4951867837405603 -0.49166019730548438 -0.51690437973518388 -0.00045863381211827287 0.011929116750082297 -0.0046223886559483849
0.48698196753750206 0.0027148940507316336 0.5015121684029642 -0.0013768502025734597 0.49410362214656794 -0.022762185306553287 0.019029086628008313 0.0033931580955588059 0.50731665784641033 -0.071807783659956534 0.061385393948563974
0.49305937274223771 -0.0033990663899149979 0.47245679518121697 0.040961550391252488 0.52399165872954701 0.0078525164905541983 -0.019089591736821041 -0.028509418009901564 -0.48052297424463197 0.097067370559198909 -0.1259250027192538
-0.02762070708054035 -0.012105752262681261 -0.01736992798937842 0.50397682963834689 0.48848679720602328 0.030578029773278767 0.00090821273785189464 -0.50185965263172194 -0.50247015308191867 0.010769762266082556 -0.028029320986987811
0.0076967640289033988 0.0025398235735331208 -0.48499681129543604 -0.47683974061976764 0.0055490284839457091 0.0069572931891669805 -0.5205052313554942 -0.51350637697817214 0.046853919128195115 0.0057695785506745112 -0.020346877720815434
0.48990014422851341 -0.011685467301958134 -0.48406784051179841 -0.0076790699917735983 0.50935446952052676 -0.0035799868091545236 0.0097528440190305134 0.0033498392450277102 0.51185363253847316 -0.055228151585914279 0.029584371197929771
0.50535184680991652 -0.028017205552396677 -0.50736539700644223 0.0020379562481793257 0.5064706977748723 0.030239634582010403 -0.004640246906297666 0.00051375883768380048 -0.47024503280818736 0.05461775647207049 -0.069630873376236274
0.51625666613130949 0.0083468824489618312 -0.48916871906422582 0.015537536677972655 -0.49379894256487333 0.016154367841940707 0.010976288309900245 -0.0024467046474728371 0.49280012267493584 -0.058816123569828113 0.057842991139350014
0.52453071470375057 -0.022838127635345817 -0.51002969367419693 0.036649956563191019 -0.47484839826656866 0.028232793390618811 -0.0064750296074165799 -0.050249673783375075 -0.46554104172942745 0.094063065959623368 -0.091929711834885006
-0.51875038714326271 -7.2306972169379106e-05 0.50634375896635908 0.010802373781770475 0.46625419903651077 -0.020399100595342425 0.027180908429751342 0.031571603014322873 0.49969406493858193 -0.03483517927060318 0.062809390325149345
-0.50935088951049146 -0.032713306619788191 0.46459917837626413 0.011301651168518532 0.50664826850304645 0.030546546162199633 -0.010695740127597565 0.032275364397866463 -0.5108872122669772 0.049470755803110472 -0.035729963010267332
-0.48660522766403635 0.041000831315117364 0.49865522678570012 0.0046814881603139064 -0.50831904847278619 0.019400038722418585 0.021469247830586444 0.035917067486710821 0.46612915199011973 -0.12249227558404022 0.14162982706568822
-0.49937665057899322 0.033667178593790849 0.50059781112573443 -0.038249512629100479 -0.50950577474974335 0.0086527829659821479 0.042802897467279735 -0.056694164326042441 -0.4741790022849966 0.078502235592991937 -0.041263053257025485
-0.49569392849814803 0.013232982473009081 -0.5048796789694161 0.021125173840400888 0.47231134955006082 -0.0089828880375308166 0.0092620123154371677 0.029918314797686182 0.49734756556428733 -0.11233402675744814 0.12103522650397502
0.015589609249301974 0.52013639656265398 -0.029525809608154822 -0.50212473358353549 -0.025057609368386458 -0.4994175298062733 -0.0025959141086303035 0.013514016353753959 0.46765335014354081 -0.058527324496989268 0.062079365803283409
-0.47577282248674629 0.028096420221065569 -0.49358369828700088 -0.0028931744169861974 -0.52072720625434932 -0.022418089072867905 -0.0095666574822893848 0.007822190696742096 0.49489490416036475 -0.054279178775382332 0.097664107094833016
-0.48409106847912542 -0.010998887122961125 -0.50132311389299666 -0.01897214417521445 -0.51591025093920151 0.014173998412331162 -0.029076127679964689 -0.017821205441389012 -0.49429687995247995 0.040074836204639662 -0.019681241725204402
0.48929567169081911 0.015545000320079858 0.01667647695285444 0.50698090353353631 0.010474203626142573 -0.0072554905056393644 0.51353610662257765 -0.012993995380228138 0.48031779863869123 -0.079574980354172431 0.044186697159412369
0.49428448707765466 -0.0083337861789696977 -0.014205705579401633 0.5044316145804596 0.022103732880758488 0.023216116963094106 0.49842572067196367 -0.029178902628834096 -0.48294473358332229 0.072522715878258343 -0.11026335514903965
0.48233608863122435 -0.0025213159989432134 0.026525815868206314 0.52488515266806723 0.0058851713300667897 -0.0069468658328240961 -0.46959958392176543 -0.0068797157755400408 0.5157790048901445 -0.05826929220026187 0.032560896434109782
0.47337576104483042 0.0071151695609806683 -0.0069523714138159986 0.5289879489331597 0.031265319269063667 0.018872316992649369 -0.51981763086246624 -0.013390168608501027 -0.46704012610520335 0.039435786420572959 -0.067699087741913272
0.025803765088630332 -0.037111232484159401 -0.014996856146378077 -0.49294205632808219 -0.019818402748294248 0.49660434724271674 -0.50777184198948089 0.040952983417273603 -0.056503019686727704 -0.4949253709477176 -0.008854057942293268
0.50847888544302255 0.017083941742666392 0.006692446320657997 -0.47899397777001007 0.0079819706803351768 0.021038780636152991 0.49935166392040842 -0.037637029802986458 -0.48622378558825102 0.089486441497823518 -0.12641588947866067
0.50166900640287737 -0.027991604812958645 0.026567087357005133 -0.48940481679374387 -0.0055593760012385999 0.0020182216931694404 -0.49620010452877222 -0.022543242361955661 0.49634786181466839 -0.070380298567002786 0.09617424550230716
0.48166641974889274 -0.050154103267546324 -0.0065743573221372035 -0.45287001162812052 0.0030874328311973312 0.0084205889872571923 -0.47271797299690355 0.0095235682519878642 -0.50940602070775665 0.17617866147534883 -0.21489700511168325
-0.4930106874478023 0.0057135422541848488 -0.0084140726942516317 0.48387689349108365 -0.014761345216739698 -0.011302836170166339 0.52432687123192057 0.0087789666812414704 0.48854475523315632 -0.052752731217419649 0.076811162838514663
-0.51148570605979915 -0.016430968440909844 -0.0042704923192673026 0.4882021799753079 -0.0049994649806860145 0.018923891807873711 0.50374174840038222 0.022334040852840475 -0.49192483933625558 0.039457199960954148 -0.03960057016018001
-0.50340650111727936 0.039912006909616791 0.011187356056797888 0.47926028712539814 -0.019407175912047249 -0.032773977889367298 -0.49305769994589127 0.039783419119940301 0.51081501005338004 -0.056921554464494165 0.069727474580514162
-0.52517592038414829 0.037981318150336882 -0.030426758250497538 0.46782910801101824 0.015598601137255568 0.024855798766148001 -0.50951412214934633 -0.024375360607158909 -0.45745522661395205 0.13200651464636456 -0.12331617886803306
-0.4997225234134744 -0.014263005856845304 -0.024891066625427439 -0.50278279137375503 -0.03424133578516679 -0.029018475557394844 0.49474871086768279 0.037029649096819668 0.4662309043584309 -0.10705028616356806 0.1402527111815785
-0.4707942363709815 0.0057959532636499798 -0.031363705427696134 -0.52083814293137298 -0.019535576855412684 0.028577663674565407 0.49586513936937532 -0.02555167151260513 -0.5075524845113859 0.017265978164193556 -0.020544007801747359
-0.47830993290065649 0.011982082187756241 -0.019212781432693934 -0.51966500979534158 -0.022442769493614241 -0.018096968457956823 -0.48571159492642701 0.024619776691787346 0.50460796988177115 -0.06961834854079578 0.061856298604535308
-0.47359786160553186 0.0010768313307672668 0.025940603087188738 -0.5022383989701461 0.0044631166571339762 -0.018370065354180228 -0.51547373103477911 0.010611116556108248 -0.50294798281889908 0.027971703760746119 -0.053528965080186473
0.49128948192716193 -0.031031886615924372 0.016097591318447072 0.02006330688498368 0.012896921322796347 0.49319785473885241 0.015618088187557623 0.49068989186041495 0.51970683254185124 -0.036176976427047793 0.034279493375208907
0.49295848331081565 -0.030593287646070791 -0.027845109355356744 0.012754105671004179 -0.018794798245873302 0.51716809770488137 0.026999992735057998 0.48589171067911829 -0.47481548671824919 0.1000174003409864 -0.12259241623692223
0.49705709308920776 0.024956186037087071 0.012400488430172281 -0.4899696543538673 -0.0084269800242948827 -0.014803437293589577 0.50882794234061779 -0.011831171593905121 0.49947980181074714 -0.047586414054515982 0.031730965819782818
0.50102154702036594 -0.037188495160598141 0.004678983982542493 0.010941786981384165 0.02589035434691626 0.5007477946065827 0.001096468776334537 -0.53139706107035745 -0.44608241744320676 0.046054201873582466 -0.11198032855734447
0.49200610871784117 0.51533984076721107 0.0073862802073024428 0.003914938637015781 0.50748866054574227 -0.48354703380608116 -0.0015384952677027467 0.012411775818243596 -0.014845572530927319 0.023240542817364693 0.0023550236691336477
0.52303092757981751 -0.0053595440192145197 0.016049490295360812 0.045548479764280107 0.0056991389370121314 -0.49796534035510226 -0.00014061329707655318 0.46307410864454002 -0.49941270888034139 0.093160677660132168 -0.059549122860018226
0.48770516025096089 0.027491901746576172 -0.0013286871493905369 0.017748873937288637 0.0038401532280786018 -0.5061977714451793 0.014217974726521853 -0.50337262053353582 0.49669850920929093 -0.05328915486605617 0.041047100863320744
0.49913784645809461 0.008099903002140427 -0.010740135434714861 0.0071723695475180973 0.023890786684727609 -0.47835845684687023 -0.036222063014731812 -0.51615464616305118 -0.49991391206311053 0.01967175510122109 -0.05659391714099362
-0.49027781224555383 -0.0098857612092607215 -0.0031535245990303214 -0.030812419117930454 -0.0051614858591031276 0.47950594751393122 0.0024924580812144079 0.51531478079245852 0.50876871046109973 -0.021203202714452633 0.061378186826902367
-0.4931807778514663 -0.029809761807285121 -0.024291269043359247 0.0050728576689135461 -0.0074847623549402992 0.49311939087402357 0.0054981250706982541 0.53231413638101821 -0.47212713802044864 0.0721815152194452 -0.023297397570430613
-0.50647297986146211 -0.028091824928672657 0.0029478423505035732 0.0096514887508857162 -0.0037428235302413878 0.48396871213364223 -0.026201372193319222 -0.45665021275007178 0.5097902672359983 -0.15213670206818475 0.12691250760381406
-0.51347849613577967 -0.041177434987466184 -0.021050955178889861 0.013822432076662764 -0.010626773957433883 0.52493460898479649 0.036553939267893243 -0.49510518223837136 -0.45721507444390175 0.039821017005717434 -0.035271926901803488
-0.46602795452261125 0.0325292568068557 0.0091830163935925444 -0.008511622772424109 -0.047140175080174034 -0.52980780403077687 0.015105639674352751 0.51307046869662853 0.47742183034019264 -0.0087471112245246768 0.084893521458075827
-0.48207312350185899 0.0054299450226308384 -0.026420163601736761 -0.04010529271426011 -0.017996529565504727 -0.48736726978674372 0.023881115335132447 0.4995537059229348 -0.51872297020250313 0.074586390175071071 -0.05155547326855256
-0.49569159437418153 0.047524213442660404 -0.024388175889663796 -0.031549505498255893 0.0021762275404096413 -0.49529910135093075 -0.0078054530154232386 -0.49524027135048221 0.49008812381737371 -0.10245078002302151 0.095440134741351199
-0.50340391021771369 -0.0090536083489250012 -0.022690054610512933 0.021841222031078855 -0.016215037676737161 -0.4855203406833537 0.015524337736657897 -0.5039735000156006 -0.50148438155100661 0.058515229249631623 -0.019411809738780508
0.035307318208133584 0.51228418731522951 0.48735042550648783 0.0042091978563926968 -0.017916869199277766 -0.0065785160109227596 0.031831039771750627 0.50760551722338942 0.48195775850305672 -0.045261719757163546 0.073602843557318887
-0.027453739839277309 0.4695408353471659 0.48978471115857619 0.013994189380752635 -0.010307262479030969 0.0316846089363165 0.013522105383343573 0.47772147006486926 -0.5159009727763163 0.14667955864057683 -0.14667407561143173
-0.014637148257076711 0.50783815497633766 0.48816492581317839 -0.010833117095854132 0.012316644137377701 0.0132600400858201 0.037304524615070798 -0.49187567801645427 0.50049351198790903 -0.074053834987353961 0.061848576667682204
0.0027753550831804406 0.50189150713958675 0.48763590652001804 0.015216865235985359 0.032873979391476481 0.042213662108483999 -0.0032932518379403543 -0.49949428472185431 -0.50222668856166597 0.056354946157773131 -0.047971634566052294
0.014176529526471278 0.49436015187869425 -0.4943624335776679 -0.023878742624446961 -0.0073576793912074759 0.011074184075574306 0.048960492583941057 0.51972560306420146 0.46749741222707564 -0.05964409770527921 0.12507118780653748
0.029632728551626436 0.46796088733230978 -0.51666587257328001 0.02420157713840768 -0.017668726655963009 0.0098302336760356639 0.0035853330975278617 0.48022296666612663 -0.52486081776263482 0.045649092841354079 -0.063298354523186023
0.021571787043141239 0.50697910345006314 -0.50051926000430969 0.0067029979110693975 -0.00091866823150088257 0.01472407776523617 0.010840164736644507 -0.48452681278709131 0.49704559961380479 -0.077514358449283491 0.061467056971488201
-0.027385871664935824 0.48005112606217865 -0.49419987768923396 0.0076223348958927946 -0.0070604916861565503 0.043585034535567196 0.010740338365546342 -0.52027443285525654 -0.4894533956559905 0.076034415833478211 -0.080081872246888591
0.00097325557471046945 -0.48939456914613871 0.51157764791625493 0.0031372176936837687 -0.030862706589044213 -0.06099871186790691 0.010715550251910386 0.48624111194943698 0.49768785042721364 -0.091770105248932268 0.037906942987191099
0.025302411848972788 -0.51022827364404599 0.47511291633240693 -0.0036801599063124549 -0.00066916677647077007 0.0013346527260365978 0.025855950205864505 0.49952392234461357 -0.49162564324114316 0.1031019550943387 -0.10373222937837819
-0.018217539524917951 -0.484968231144631 0.49162762837225815 0.0042718208668598269 -0.0043165917403726111 -0.035352513256941137 0.029892816572393805 -0.49735419703191086 0.50920000361265727 -0.10990025843503334 0.043267091105323924
-0.02192674524939087 -0.48848636860177425 0.4984526098886044 -0.0076208023295389607 0.012830549737544191 -0.0024666050411595681 0.0075731236397612667 -0.51520063685176465 -0.49433446172786222 0.035572126319085559 -0.033098531936520036
-0.49561029512298815 0.003965684116958211 -0.53655693561879603 -0.022247439152948533 0.48874909070858685 -0.013670381913958172 -0.031945862920302499 0.017981779542491205 -0.47156532097103948 0.043585113828177258 -0.035867329908651019
0.027623415798412401 0.042319087743661554 -0.019279872332014315 -0.0087205524259457001 0.37598822703694573 -0.39867656378680916 0.061679477150511537 0.046607011906958498 -0.51268155886343614 -0.15331636957421879 -0.63589564346570182
0.082829134253884037 -0.34643958484699799 0.23512853229199274 0.32582908626666862 0.23312980957052282 0.23722173033778868 0.014623817207800146 0.0034869473943416607 0.58419050160773078 0.35601844636417807 -0.36440579003039614
-0.02328630817887456 -0.50178674059036843 -0.51882801457832095 0.024283918637569263 -0.0019229374263549958 0.0063738001994269149 -0.011093852833853104 -0.51122447294648643 -0.45521414614773109 0.041788053156883775 -0.086090526983659071
-0.012142268485472509 0.5001564905001038 0.0067808881479729461 0.48949507710715623 0.0075755130681203642 0.49708569138803838 0.038172128020176971 0.012924532728484858 0.50651797829658318 -0.050276307832192987 0.046698415591184532
-0.01873683825537718 0.48140073235598047 -0.026900120260052653 0.49686825032696924 -0.014187369937276463 0.52940479910154836 -0.0030075985577219253 0.0034897000502711992 -0.47128260080027595 0.09379806740014407 -0.09435718005663965
0.0060711717347193073 0.54104938403607905 -0.025374725691235885 0.4816840376756249 -0.012309239318237264 -0.50792931035316935 -0.0057825469631903759 0.0053103621078653979 0.4599062123035117 -0.03784300231312266 0.058430810618858159
0.0028916720067156489 0.4960273484836924 0.0072876681540123287 0.51606935840229839 0.010230616672696742 -0.44961849035740042 0.010554203285573938 -0.0063066736345714098 -0.52897131105185302 0.070746598948282571 -0.018424659931648855
0.027952680997231305 0.50147315415636828 -0.027595173206597524 -0.53116554819224637 -0.022028098128197671 0.48426008747368454 -0.007707213350638906 0.0063385359966907865 0.47121750803010254 -0.050062170239984827 0.072112285695586073
0.010442352299486033 0.4480248135480519 -0.013220155517525549 -0.49130997164801582 -0.0047615088097840656 0.54835735926600782 -0.036148504728078561 -0.030366305762960222 -0.49351036807454823 0.067203783361861613 -0.081168582152703311
0.015961321819311893 0.0018094404889577331 0.021511927041106164 0.016504494952165587 0.50213652897613392 -0.5131913268597903 0.036392002244553183 0.020387621406679202 0.3243974812282166 0.39219200607092919 -0.47192376575967981
0.014204521272696214 0.50160282304846948 0.0047599730649918633 -0.50199801409631539 -0.01195843486916999 -0.46637556210900555 0.0079606748683037944 -0.042733566661024819 -0.5201307589359575 0.070627727128752441 -0.033244467109344068
0.032880884713791539 0.017544044019472772 0.4930181120892565 -0.47857043865854482 0.010097465391511184 0.0282955201439621 -0.51133343620081095 -0.51039500585888287 -0.037214834160174536 -0.039833226407217613 0.025987694708239945
-0.021759168979760414 -0.51421216470388975 -0.0068005742534952831 0.52189621826210209 0.0087982206078747755 0.50684657878615225 0.0026021164533722814 -0.0017753722909799952 -0.44073322097288747 0.039356601143076715 -0.09957398052110332
-0.0027505570643085969 -0.46660128451417388 -0.0038424398014047043 0.49960211331601179 0.0026394919019021236 -0.52310568872442542 0.027734229672398789 -0.0040242850950425631 0.49431446933131917 -0.092198325519922977 0.073344414059436522
0.03064096434456616 -0.50283537316476468 -0.017044818519956099 0.5148138715194156 0.01042021550447576 -0.49647615246733034 0.010190006087200861 -0.042671484925202577 -0.46955840141815175 0.068698845408392453 -0.08466052349578472
0.0028523726514769004 -0.51644292074160014 -0.01520040380479931 -0.49470954174300413 -0.018834203473661843 0.46739238821227219 0.010008009383650686 0.014511240410612086 0.51484637038054204 -0.059676464393156804 0.023681574967002888
0.011299287853031303 -0.5427661018919625 -0.030544627668546348 -0.50715999656968236 0.0010911417105585683 0.47890321958177234 0.022253763835263961 -0.015485066353426183 -0.4550357093318112 0.069970109340612638 -0.071380906144293529
0.010734144865987524 -0.46186245564811457 -0.0060001883927724917 -0.48684311746843695 -0.031747068125565062 -0.53136407206189284 0.0059906016444602923 -0.00798355888609068 0.51088386219437665 -0.060933712821858055 0.036675754489017547
-0.014826677689366843 -0.49184570513026782 0.0099860794295424191 -0.49941742402831873 0.022965636764869523 -0.52268491806019923 -0.010982216843057347 -0.032546200746998037 -0.46895442141732557 0.071778993260267696 -0.091505219623635156
-0.0055195888529496195 0.49208076673249179 -0.0053756790292093315 -0.0010557973126962363 0.49495111537983055 -0.017823105458356824 0.51923811246206042 0.015790222181794836 0.47905648544508722 -0.061826563663819931 0.096574230738638592
-0.047594609389284129 0.46788023888788832 -0.024355178824374976 0.0021911202706034879 0.51125450732123923 0.028646717194111642 0.48988971154748168 -0.025982370835307415 -0.49631390124484515 0.14704192029043811 -0.086065241785104288
-0.008327975063616648 0.52152730528461999 0.0069977265789020237 -0.0062462483710540358 0.48324307326218996 0.010055729780726936 -0.4710986379662806 0.0174290364032814 0.51805592505053766 -0.042356877759501879 0.042581694934257425
-0.020478502570469279 0.51055023372284636 0.017326180481144968 0.010665615224461781 0.53100288165513709 0.062376011409664249 -0.48774056106108626 0.05000882569075147 -0.44981454929508186 0.064428570816263575 -0.07598949748671581
0.01792232335265051 0.50955108538734695 -0.011372203616494192 0.0084063816632698116 -0.51111676830317754 -0.0028789729196044304 0.49918667848102111 -0.0061347841751913466 0.46363901039232186 -0.077816652014626009 0.091358137429422046
0.016762942632171273 0.49695390705427339 -0.010672332118606539 0.017410414816572461 -0.48135480581213624 0.031089717442169741 0.51134764620622575 -0.015766493428536772 -0.50307059318508618 0.063004262892663032 -0.029920239402002044
0.011431533753544755 0.019132435695977543 0.48674170990315491 -0.0066549633492988978 0.0071202079736746183 -0.53127459196157312 0.51141038152452467 0.0054726834246909646 0.45051731557860281 -0.083413080977828 0.093509237559387268
0.012251325025538056 0.47217764589960726 0.020633732503752 0.020220880639666663 -0.51146106735820529 0.040661147475362702 -0.50045455217131318 -0.021997883449669582 -0.50063287547982349 0.10039357076538369 -0.034161056076483003
-0.013043737605982089 -0.49076306664429037 0.0060146411114428309 -0.035041661624522678 0.49172113392073663 -0.043073193396132067 0.50536512056761995 0.013199047237925558 0.49980510515144888 -0.060071764576304608 0.071347921254510643
0.014789664152693059 -0.50945018461809244 -0.020665306764550539 -0.0011855310274742229 0.50135328251296141 -0.0050162677614361993 0.50376076777711687 -0.011464658891441978 -0.47528783704375338 0.05813804824831223 -0.072443962894338826
-0.031854572678617028 -0.47916034614654468 0.015364946780589653 -0.0081650425233910431 0.49017095806054517 -0.0098517836177262948 -0.47627331787857841 -0.0020673737460735818 0.53382220457987473 -0.10176011978396156 0.081002828139050603
0.0014249679293790024 -0.53453917329469502 0.0089694638133894136 0.0049788538091847124 0.47351131048126682 0.048797068080685221 -0.51449106382134613 -0.029912840759388042 -0.46826722694738887 -0.019687434195898617 -0.048050626572201542
0.021444332512963595 -0.48543720937299806 -0.0047007520180381585 0.002191195341017649 -0.49519173179890619 -0.023295513477124535 0.52019274403575599 0.012986851792595584 0.4870966682061359 -0.070267323254712508 0.071670186274882627
0.0036946211673881536 -0.5081206385492063 -0.026865675231627081 0.0043696605518032646 -0.49309328151838078 0.0082740105781041306 0.51114467930590413 0.0082692549477279709 -0.47965819306594243 0.052242387679168174 -0.060917579403190127
-0.0052937037093475931 -0.081052290837385882 -0.052111373380813508 0.012536276210884561 0.4933521584730427 0.5344015325714051 -0.025804590581866817 -0.036698388126834042 -0.47542004047527425 0.29392018902830114 0.38356545480446119
0.012749002780808101 -0.52138343700382317 -0.027064441708578506 0.017075760849376422 -0.5068219767558424 0.023576134883027983 -0.50950984156160262 -0.040643954307286852 -0.4489189571699258 0.051287580553333455 -0.064323424803566245
-0.0042573244442949158 -0.020675304583963258 0.49455106570965912 0.0056342777090224363 -0.001136715531362039 0.48566060074023115 0.51413021109803825 -0.0038961036321331225 0.49920204705066046 -0.048594567121794961 0.056260330028919267
-0.015000884054568547 -0.032706078883785177 0.49385948664905804 -0.016440040591253084 -0.0052570609912508262 0.50697256572403715 0.51702892979649073 -0.024079006212301742 -0.47077019589232372 0.057817750198607923 -0.067991300483479913
0.012813014747753582 0.0071021662360110848 0.51878545118496822 0.024587146651937227 -0.015748636028018646 0.49783742471083825 -0.47681769574838645 -0.001740354041385126 0.50194328840651181 -0.035651226996525058 0.037096821871981704
-0.013627085519553068 -0.019655634782201756 0.50621939622591949 0.03208672091901426 0.00061761482194399697 0.51366394570508689 -0.48712036053087931 -0.013547127915061541 -0.47165786584802716 0.093004316433753995 -0.098532114619496403
0.012597718505065497 -0.49396261029001892 -0.48097082526570867 0.0022236075142748417 -0.016844848516504349 -0.044094953760140124 0.0002900332626811059 0.50670799317013926 0.51337261475611418 -0.03239712189840388 0.030366997176176819
0.017372106372012332 0.0089125447178068293 0.50308174646458548 -0.0029463410920457186 0.048707622487484177 -0.47323994020183341 0.50359889532900792 -0.014772240251619721 -0.51100100934513348 0.057632826983990797 -0.043780562673247134
0.01743741299427895 0.040242269814486926 0.49191905686153919 0.0042104630339935513 -0.011140195117154793 -0.51984953563981995 -0.49089486782922459 -0.0040292851323981312 0.4902070104374765 -0.058914573335760605 0.030641797604261275
0.017159432580746148 -0.02832255977340983 0.5067131758125466 0.019435525225307719 0.034134815424118822 -0.49039940380371855 -0.51347425048965156 -0.020524713487116788 -0.48205457126889878 0.033678417820992859 -0.050226767123535077
0.0072273828626091552 -0.010810566600931635 -0.489577352433329 -0.0088842472493528852 0.0080913743764399904 0.48108302983249634 0.51037374331247798 -0.002285547790532699 0.5123356371594745 -0.052328368135140142 0.053357154937352588
0.016650284354912864 -0.035479025783603443 -0.51790955102704916 0.0015259114440075753 0.013767522384917458 0.50365134472949435 0.5072883112108878 -0.029388091558129829 -0.45735167868142174 0.069921719160796689 -0.064128450545650958
0.011114076874878309 0.00028575654856330981 -0.47918441636008263 -0.0098750446431640909 -0.010254207673257099 0.48868625318213166 -0.50147088217319435 0.018537421794558202 0.52355327752893144 -0.059796319847665258 0.041730749720056817
0.019369277735118148 -0.03554521775569916 -0.51219655525786145 0.030724585911581007 -0.0099492525058580313 0.52414374475932046 -0.50390831852377316 -0.022677773772317937 -0.4460506208069257 0.040901737632069467 -0.071933448528634619
-0.0051678249943742077 0.02448322989750791 -0.49641613117894962 -0.0015681411938546449 -0.016409336526971584 -0.52074964346860608 0.50760341816547871 0.0071205758324657652 0.46230552084363052 -0.044923857909335355 0.089646488128508992
0.036705528353349892 0.022652037357772985 -0.49680731966720953 -0.0054449585001962149 -0.0044372035746710527 -0.49355272784214654 0.49496905916836464 -0.039133164644046634 -0.49480039403093479 0.10847072545383414 -0.067522904892687946
0.015005047591421754 0.021760974477227187 -0.4922729495909941 0.0010007929392979213 0.023595390932593975 -0.49616776990004091 -0.5027400310115212 0.0063354807093161424 0.50018205774036861 -0.058206750907044975 0.06221461127730727
0.025874372773941102 0.0072113592484645637 -0.51905115308249028 0.0067564961464250924 -0.046336636920284245 -0.4559581184689695 -0.54348133638903751 -0.0043681346885127781 -0.47227078049650278 0.011090133045022897 -0.034930629688814906
0.010227937724998543 0.01309259919721666 -0.015688568652274051 0.49436365985192066 0.48471663752461952 -0.04273315966373372 0.030883240331061025 0.51780418705178133 0.49502936621706667 -0.038586848978618304 0.051846920318575684
-0.016064200327848215 -0.022534371971393023 -0.027307518270098727 0.51303501023128817 0.4872740324940868 0.011052846893919357 -0.007304316365859374 0.50234510589784998 -0.47121670280133243 0.10187448317056934 -0.1135685842377136
-0.025964528149366239 0.0084455258794451614 0.0011933488190812062 0.48420506307000261 0.49840986911131424 -0.014827142161883451 0.021280944763396894 -0.49166967486886343 0.51430421645356927 -0.074628113422775352 0.062419365934666682
-0.5257295277838262 -0.0032215041408543256 0.46646434127278114 -0.0081537032481170599 -0.017846503277582682 -0.011266567558293052 0.5129599341105272 -0.017498889557750422 0.059191001942135869 -0.060536364490088604 -0.48465952634066067
0.025026954323245656 0.0087209523409720584 0.016614637961490219 0.50988624883298583 -0.51451076730316059 -0.03994343461650763 0.022011064374358836 0.48659290296313779 0.47933951685740833 -0.040788004896648807 0.063510487564065521
0.0052362730937144967 -0.018763552075056641 0.014221358576454042 0.50759769034468949 -0.50241759874788527 0.02489210444369842 0.020938458899360864 0.49048537017439992 -0.48975306263453722 0.081562934480434016 -0.034567265182500841
-0.0046312849988685394 -0.022785858725224081 -0.0088119333426081355 -0.0046772971243958152 0.49203275773835187 0.49084129372437857 0.51644906287888293 0.49920676159164995 -0.0084765356867696363 0.018351642391210898 0.0016608576569814709
0.0010684146547964865 -0.0052238748557052791 0.0069969606320478229 0.49872225077294741 -0.49308529329751472 0.016137169520500382 0.0177688095299081 -0.50280465547329289 -0.49660349895863776 0.0089514888867105527 -0.089340906376022475
0.01457132019444277 0.0093958353601005309 0.01120559367593886 -0.49475581242349154 0.47603279403725351 -0.047918607616653112 -0.00027002198789911533 0.50826722604320906 0.51693257863498832 -0.010974297241924629 0.014550933258023261
-0.005000771833401473 -0.049842703890598403 -0.020605946054733721 -0.50721685431973396 0.50391175549954148 0.0075884881805422053 0.0013126880508312971 0.48495977933324991 -0.48501260008381331 0.10633961904968296 -0.063870688168090828
-0.0065327364165746775 0.0062090552246397068 -0.0079740653395124223 -0.51478367459159158 0.50715346399871686 -0.0099712897387189432 0.012440998914481865 -0.48384425612492576 0.48637464408119169 -0.062435821798229561 0.053200771529351078
0.014704078895060292 -0.011145833401787843 -0.0031535573246587335 -0.49820208181061237 0.50767439015605886 0.014212930002070762 -0.0026347480927812455 -0.50215931234196431 -0.48432428320603971 0.023238010506545521 -0.0789181481866887
0.033920406107043617 0.010088991821394036 0.005856543184510633 -0.48771863042826602 -0.5201038236145098 -0.011208884994389443 0.0091905411180747913 0.48494670449057597 0.50026320172255434 -0.054868288036727254 0.040971429256487828
0.0015331797876617552 -0.0094502127895320174 0.01728547270548 -0.47383537384798441 -0.53326305647509997 0.039651993032425073 -0.010620523551449672 0.47561101433056774 -0.48850919917909191 0.11735390446270184 -0.10205888869056967
0.015540156545951441 0.013709631105792945 0.0054844925218852075 -0.48796351562600665 -0.49977680426068088 -0.0023231058401143785 0.007930458979774983 -0.50507794390826255 0.49756088454842623 -0.073681789575205506 0.059053914870627035
0.03872325047677827 -0.01206218870609087 -0.0056285658164850344 -0.48379756941659385 -0.49474736789213036 0.017689077156448761 -0.012595107056208933 -0.52432229279569786 -0.49000623082822209 0.016323368132945201 -0.061076354023137665
0.50096518021049985 -0.023431402412145166 0.49778219749285224 -0.0092162466688544293 0.010586127163860599 0.50911136857486539 0.032354546661969068 -0.012820817900566226 0.064407646087291742 0.4830999835552966 -0.050608512196180039
0.50552699359514985 -0.0058170440089184835 0.49517510963137162 -0.006352194039402753 -0.0046021251520669314 0.49958273860185637 0.0070822041226180372 -0.021097255452866209 -0.049769462734644582 -0.49650666355738482 0.0086412228641136977
-0.47732338176486844 -0.49632192955178062 -0.51980770330357529 -0.5037022158058061 -0.020910651835305667 -0.018455762598887752 -0.018205664571062374 -0.012111523812753917 0.021456416426606041 -0.013780387864410479 0.002162911172508749
0.49610472438149755 0.00541147978613852 0.51935223888119919 0.025922885703861576 -0.00037847477904245848 -0.49609770224510374 0.005061902941160973 -0.048409372127184748 0.050578368004951912 0.48056820266489775 -0.038287621876712231
0.49428099320306923 -0.024353362957871577 -0.48573848615626103 -0.0066626257592890432 0.014912823940067212 0.50841172185365158 0.00026177797085169812 -0.01711849773763709 0.1089515368273192 0.49637322264525136 -0.043036608725787677
-0.0089672473957497761 -0.033176756776235598 0.021088360727103184 -0.50854449073346952 0.0025271602223565291 0.4988838799835022 -0.50440228581288971 0.0073091354666519242 0.093598015872592408 0.47521866170216265 -0.042387576298160021
0.52182683247292305 0.00090344642977299228 -0.48332340671437446 0.022115981205590461 0.035167496775423142 -0.47346680364787558 -0.011050865214473684 -0.025318091878605568 0.06461968243503044 0.50996900157643643 -0.056484761501934815
0.51790491920578796 0.031196039659426647 -0.49229274627506675 0.019071974722003549 0.031730795116040156 -0.50156851639080791 0.016095382879161069 -0.0014289905362515987 -0.042063761177104267 -0.48274630161956078 0.020811978000411683
-0.494796675886994 0.013157498078636672 0.49031706975626083 -0.012939501515466875 -0.02158762787659536 0.50782385929052054 0.025004885493247041 -0.0036033777768868873 0.071313331851946077 0.5003188141212177 0.0055710632898433032
-0.49126533874622746 -0.036767273330903058 0.48816216762252695 0.018636326017492263 -0.023407183416896259 0.48643228476186379 -0.0063302140829838002 0.031071407279242513 -0.11567219127244814 -0.51648131644351758 0.018818769598561519
-0.48614186916560559 0.007656441985001183 0.49322598550635971 -0.02955493183134732 0.038851388861308733 -0.50076817817707708 -0.0039909815713509355 0.0040784774728248796 -0.01886033954727815 0.51630104557969458 0.015127871227008288
-0.51142051205663308 -0.46814032975757286 -0.020063574840011755 -0.020379990372231708 0.48046014514146057 -0.53348353358436151 -0.013352517381250395 0.016410160967240003 0.049580701532432964 -0.010509383519078435 0.0035906231314849209
0.0060910806353811457 0.50017308692481044 -0.012752340087428931 0.48725330943524775 -0.49801866207015583 0.028626658141897968 0.0084236787448736059 -0.022458706111438301 0.085375362655054077 0.50442770610258236 -0.032522049701389819
-0.49257014952553047 -0.020881055365670691 -0.50279589403940605 -0.0010880470815966951 -0.0090527495688453984 0.48935322643219192 -0.0047722750366531487 0.032991689714318082 -0.069029102789557345 -0.50816859032374806 0.021763329173974468
-0.48676416922312893 0.0017141141037495004 -0.50011310966924416 -0.01320102632330152 -0.020905001822174241 -0.50192152440003024 -0.026868872686529894 -0.019434276075220951 0.092052958150519837 0.49928235285980582 -0.039393370883862612
-0.47509341613466577 0.017559377689399646 -0.51277699380315678 -0.015689010895131465 -0.023979181316914965 -0.50298385599476614 -0.011521098151298049 0.017744626478690767 -0.067254749965937527 -0.50076511517762035 0.03856492956916488
0.50979707503176763 -0.021195443838867286 0.032158809792059193 0.51754907460029054 -0.00094840780235501464 0.012555761992499009 0.015801458026484035 0.46832716256321677 0.071342766468715069 0.49195466806721244 -0.062599617533095842
0.50667719587019211 -0.021705264310494 -0.0058217824781090274 0.50597897476264242 0.0012738511268856583 -0.014719835741727737 -0.0028362784090215183 0.5024774538816007 -0.039998355433693428 -0.48212533079483777 0.0019619394269355765
0.467186412644502 -0.0092469707288739926 0.015542672758177865 0.52214790639569952 0.029946886026409089 0.0019000512481302015 0.014831940843522384 -0.5142478382775042 0.090285382707754727 0.48084217925412776 -0.061963174891058195
0.47649945267166083 0.018229584536375541 -0.007365083791752638 0.5051204919336959 0.013801355639190568 -0.0046489993029404054 -0.019097715555492157 -0.50125652239530594 -0.042026722055823168 -0.51348888177296026 -0.011958526421145267
0.50856450753540849 -0.00032045167488880426 0.028626841161967079 -0.49208893695381284 -0.037198530375340162 -0.0065025239773009317 0.041688057375580408 0.48265739918869033 0.060068836845029727 0.50823245697553066 -0.018985599699377392
0.5166017751725489 0.03670123888471593 0.017632355925812394 -0.47443250135453424 0.016869485201742168 0.0063601276112405063 0.0057296066356157371 0.50103954635650616 0.0094059788068667841 -0.50466526473342266 -0.014301699569536669
0.50698025220884335 -0.0067891967173722544 -0.001810887557545403 -0.4897888045800442 0.0065658178546960143 0.0048778429693748272 -0.0050958536451505094 -0.51866142487015832 0.088853705550210438 0.47225962503201113 -0.054789589871305833
0.50027306466431987 -0.0092524198036533032 -0.0047108607813595117 -0.47733424453968559 0.013942938417012166 -0.018296267787980547 0.017803535784529416 -0.49606548524477101 -0.012190176100983153 -0.52353825226252659 -0.02455784640124924
-0.4975803090409941 -0.023159692745927038 0.033882387595702293 0.49300740526646497 -0.013404568620895169 0.0008740001372739073 0.0089011642571351114 0.49324410827773357 0.086811741330877143 0.50584202634733888 -0.026669934116207546
-0.50449603733050896 0.029150050760172536 -0.008194731826486272 0.4683065780558745 -0.016477153091967425 -0.0066007873743285303 0.022358341626423452 0.53965685283413034 -0.0054314322614869301 -0.48288014154651915 0.0029334966993900709
-0.51494258567513618 0.0082612577578958513 0.0068257921648393494 0.47791884651256183 7.4799477876160326e-06 0.026616827594247411 0.017938951014189432 -0.51308291864993649 0.10763210813622753 0.47957579697599767 -0.021234667407735369
-0.5202327047936588 0.011164112977116072 0.012069010838744568 0.5139422579571753 -0.019254090090281596 -0.025463143379151239 -0.00012703232167751195 -0.45582660525015295 -0.060725472151879983 -0.50008858649191446 0.048762800915980405
-0.48812842360840791 0.0066218552004256919 -0.019209899144122685 -0.49142794676856938 -0.018698643354981379 0.00085920434304775364 0.0080289378181556195 0.48535309718879072 0.046134294232855026 0.52979342105375882 -0.032006774659557556
-0.45882658833207635 -0.0015473287647040108 -0.027777482526236887 -0.50771093411283696 -0.021926608728030837 -0.0058773517476274689 -0.013492494851251272 0.52112212508937172 -0.096134594515968744 -0.49590663949946717 0.059185259894342881
-0.48232793247950539 -0.036097603467745522 0.019823287444239543 -0.51564936327547251 -0.019584762375336583 0.0052217371519913168 -0.021153217533520341 -0.4929492846891762 -0.017736052699898433 0.50518717010642267 0.019584949659140712
-0.4778613587088546 0.00069422797511383425 -0.017348547094247147 -0.5251326892569429 0.0059312699157864522 0.010292551283680335 -0.033780443890454287 -0.48482950013956672 -0.059082937109096012 -0.50440221755068104 0.036448001189290563
0.49301004656178227 -0.0090955927168475184 0.0085630251126536609 0.0091807349245413648 0.50581203632815874 0.0069297400828962118 0.51341820133236293 -0.015657185529803455 0.084448963302291222 0.47669400651728527 -0.050938348294602177
0.48223102904306875 -0.013806759873334544 -0.0025757983078894134 0.00090699732718719681 0.52162178249391533 0.0098574673458859362 0.49398868780442862 0.0075156036828765357 -0.038350183244071634 -0.49896187158915895 -0.023530898030345661
0.47751669614809694 -0.0090797692513692307 0.019598855153178697 0.0043899546788469549 0.5091014477648641 0.040446229363122151 -0.49772881687569998 0.017302974331309725 0.12811249535611324 0.49194156033460079 -0.064954722374660989
0.47761008743530464 0.018923568269198068 0.00477720568206365 0.046371597170692419 0.52416545562996741 0.0023629411220041385 -0.49827062001388711 0.014948747248017855 -0.011220530219033145 -0.49569387858544006 0.016338619293342498
0.51824318046745765 0.00083631965158479217 0.0070514370133059967 0.028145995750807205 -0.48772851678786261 -0.0097436603087975391 0.50179745764694972 -0.04944881577883424 0.070702371771772604 0.48185725600433021 -0.034296168915901815
0.51528153344087879 0.016235512710261739 0.00057931129929184554 0.012333853209715587 -0.47503518193735123 -0.00096658684425074502 0.50868679100511416 -0.0043398252565594736 -0.081049696932928086 -0.49300446085837618 0.0024483241973314034
0.52254777680509445 -0.031410281486276503 0.035983615629874503 0.03575367190938137 -0.49493382031943883 0.022222386802418313 -0.48369479808623544 -0.021361892227388185 0.069729733487915044 0.48850226849939893 -0.0041301763206694235
0.5253354053068976 0.026142378853556452 0.00073003305199451725 0.01441198390077471 -0.50153054700122246 0.01269964664207098 -0.47867957910789916 0.0020570333848408777 -0.096972234679600033 -0.48246909424240841 0.010884258882224017
-0.49261402727350817 -0.0036875215091867475 -0.043776594027339688 0.010018901593535183 -0.48857386314980289 -0.0058107675814490587 0.50710621904608322 -0.0052338947994104972 0.035797523579028843 0.50609154118651078 0.044369439559196019
-0.49777641382516019 -0.0013689469999188975 -0.0031272238826779808 -0.013656748722239553 0.50344900319926966 -0.026627393690925271 0.50676530189704683 0.021867238984580435 -0.072325595043055566 -0.48279746096502341 0.047296270796653862
-0.50849781895162915 -0.010445675215934874 -0.030934265494666061 -0.029598435490354232 0.50117239865615115 0.012894662739516519 -0.48327570336745057 0.0015838127380345005 0.13205226132277814 0.48613935744835218 -0.028646567242397065
-0.50213412346190711 0.0058986023032785301 -0.0073454280764268113 -0.017087444341912793 0.48921331640160204 0.0080304051949903112 -0.49645162566342543 0.041964593992073577 -0.054701909197618852 -0.50444613776195513 0.049020277237091674
0.012271040253301318 0.0023779243207170927 -0.49977095423971402 0.49804623289059557 -0.010652084204871059 -0.00097880507836356099 0.50773584795466165 0.49316707740830029 -0.013117792555701446 -0.013138302906699633 0.023540099172768881
-0.46806292905953756 0.013772926151293491 -0.02436349254311394 -0.00055780565872536633 -0.51657085736031749 0.012911486194149608 0.49652262555358223 -0.0041726596493456402 -0.092297401413937497 -0.50560964255333629 0.049084652935726218
-0.47215662194252028 -0.009341197193969775 0.0020827462021174342 -0.00075040077097064911 -0.53137193176065278 0.0055647450041573622 -0.48041825787438847 -0.022524899105887886 0.075840254040432931 0.50736503621071227 0.010429358893769301
-0.48400219073930856 0.031471649988705261 -0.012922489170202977 -0.012514296405693882 -0.49344337886548217 0.000408466297997901 -0.50572402426662055 -9.2254797262265309e-05 -0.045704379007458988 -0.51227715357991843 0.025840118091455314
0.0088893011094955173 0.48780895640860261 0.50312072389463813 0.0006823571506905891 -0.0068315476492503196 0.015729229267567358 0.52107762058582607 -0.028168937138247342 0.049628583654148545 0.48346552417233823 -0.0045945815389194745
-0.013776807549311289 0.49991158829993132 0.47175075495056656 -0.0030498819558686906 0.0045286680416227196 0.0036059846895381922 0.49106889234946843 0.016683449119854376 -0.035392109269084614 -0.53324968515561511 -0.016498251302991426
-0.011411942417036348 0.5108792608648931 0.48720536061882164 -0.0010300080817565078 -0.020780757348279753 -0.0019834888227458652 -0.49075656336642937 0.026122954223185064 0.088512732627491347 0.50136343219040969 -0.018494370837090646
-0.0051708828302001056 0.51562776597062476 0.51753509644208329 0.014093843835334475 0.028918636964859325 0.019683451238299322 -0.48667921160412336 0.026830726573140763 -0.049552298863457071 -0.47064633557371305 0.057414146543344119
0.034216364618584717 0.49514545856971792 -0.50063646802739292 -0.018417691836833262 -0.010835805694206909 0.01899417947777866 0.49492879307359883 -0.016132353893734557 0.078046771174499582 0.50087832620025619 -0.004558290916452979
0.035641466273053382 0.50002435437590564 -0.5058875364192037 -0.0077943799406356802 0.020410261209985063 0.020613710178880758 0.5066362360176877 -0.0043830779311498213 -0.084324106521246528 -0.47525268718450447 0.04696505727556604
-0.0078594983187757466 0.46790651153140073 -0.48426461962208356 -0.0028939843121491911 -0.0013937251315171888 0.029350803950370794 -0.49087191918115597 -0.029749377071668519 -0.0077476194741915791 0.54664787883816457 0.069953699723258003
0.0082010569020420938 0.50594356627955861 -0.50229772342954804 0.011925502406349901 0.014540752432159876 0.028401217602810214 -0.47936091595981656 0.0361461644351748 -0.021018215063998966 -0.50880438469150824 0.0085712889494618787
3.80946947774269e-05 -0.50412523266760367 0.49062542430430217 -0.0053084046874097551 -0.008635410040151283 -0.029727825380659892 0.52349828321587821 -0.018028521357019156 0.065478967114726699 0.47334769092006967 -0.037906945907533629
0.0053487635962992533 -0.48346345353254255 0.49397478335580641 -0.012194116661089712 -0.012208868246936363 -0.015784384298466722 0.50969503699136776 0.0017905355217446395 -0.066018259417104694 -0.50674467986937599 0.027123340480073043
0.00089250218510417828 -0.52536808062360374 0.51184295974983407 -0.010282527108089643 -0.024548011040248858 -0.025080641001696293 -0.49024935951940463 -0.0033663164043581701 0.084126920606609021 0.45737378025037173 -0.063585484718180943
0.030529994659904268 -0.45910417194301206 0.49412506771443349 0.02524507587339541 -0.021241753872665851 -0.0092068203428214493 -0.51608839063275158 -0.013906774304340909 0.0026428582496658549 -0.52546201737782317 -0.017333867386528489
0.021579641474008357 -0.50527411688968349 -0.492636581897616 -0.014517776428401812 0.0017090576308467407 -0.023106302123382685 0.49975107158749632 -0.0058864971330210899 0.09253108283378994 0.49082001941486414 -0.039267276364175055
0.0035204495481013535 -0.4934926711472864 -0.50540645224618785 0.023418448784272138 0.016531880915346037 -0.0090351995029920584 0.49068396501708966 -0.0073225800463007371 -0.019461809731650549 -0.50882903066803198 -0.0018515222577116365
0.0135947069691111 -0.49462114220187525 -0.46831297082205209 0.0043181861236760953 -0.014971150586015721 -0.010416147028101529 -0.50286878020920323 -0.032021919990413504 0.14215234519849237 0.50804795430989769 -0.057222077873088022
-0.0059814570621341727 -0.50601216331584897 -0.48601709733201626 0.015516267652027061 -0.020311186363071491 -0.014990099423825072 -0.49133076123917413 0.023866328447836423 0.0020612785753436869 -0.51344640836392719 0.03490430073931905
-0.02967752911601924 0.48162311390740914 0.0050982219892371002 0.50179057093920654 0.5004755754370418 0.012575619643563365 -0.0040180078264205887 -0.0064116519195361876 0.089387082693676179 0.50516546815264429 -0.03827857380699972
-0.051475958533225341 0.50511821803959778 0.0039467106190130196 0.50175162025655418 0.50584549053611982 0.00070420101705450809 -0.0037127149821366838 0.018240324117211246 -0.023785242134395521 -0.4833650149218876 -0.0011921735324574466
0.52543741578964809 0.01888051283456095 0.017187935306631839 0.018397908024550002 -0.012704353504004373 -0.51799862706958533 0.0088887966424799972 0.47914974316729486 0.47138566411481236 -0.022342341236335956 0.045541742520089995
-0.0068419547748388865 0.51558192654209423 0.024346894500837549 0.49787609488903906 -0.48983581641798124 0.029201546851431445 -0.017831886237402752 0.026647583643703454 -0.10303130396634838 -0.47890937442477755 0.062173320403939795
0.024770947130400674 0.48239251897211555 -0.0033498817144415557 -0.52070761264440657 0.47696838421756438 -0.0067690990220701797 -0.015115695216611295 0.0005640721085618225 0.043448086042835281 0.51535035961060138 -0.017000772017478401
0.0089955658238478307 0.50474228721321202 -0.0075581957275381991 -0.47939513853602561 0.51703318934306364 -0.0017794112062635029 -0.0029499441819810161 0.013335231991362925 -0.048127580741457857 -0.49353677457750073 0.043239454920515542
0.027836616256554817 0.49056912927585899 -0.013885054453434145 -0.49590512609321619 -0.5058369600787489 -0.0086088166350110924 -0.011307055544011402 -0.042213354425194506 0.054353796607494592 0.5003849576508258 -0.035467782886333905
0.02331319083034946 0.51688236862765047 -0.02681947825732264 -0.48300108667548641 -0.49619480441052655 0.0018033528211430791 0.0010367150214008417 0.0049462682617071639 -0.085068665317140288 -0.49418168103614973 0.024279414073991507
0.49497277837745185 -0.49137548768593808 -0.0022302576835941659 -0.0077932299237850142 0.51429514787671682 -0.49785587392567032 -0.0265486047523 -0.0022858920808742403 -0.010375793188729984 -0.014319268113161207 -0.010180752055425108
-0.030524084711710364 -0.48380531109985797 0.013047150244263939 0.50167187498602517 0.50440657718402382 -0.0060301636358017193 0.01006526181638096 0.030327284021280338 -0.024975073216975414 -0.50699839334191321 -0.0011252366862423858
0.0012797659551432178 -0.4981013143295579 0.016325722012486416 0.50264171328646401 -0.49456898056704135 0.0045191053351851607 0.026678056048508727 -0.032036450129962882 0.048706883035783737 0.50018940060071093 -0.0077118827478111565
0.023488059030983364 -0.47839000206099719 0.0056987406982971682 0.49397122726450066 -0.51041974580298366 -0.0016000650158981291 0.012442945668615459 -0.01078829606066382 -0.029923986511292498 -0.51449036578947527 0.012385281544420567
0.0072659204537128567 -0.5086022847125965 0.013124119950095216 -0.49949368384216225 0.47038149483338737 -0.024594632313826602 -0.007973125316343194 -0.0078953753167307402 0.11314443439471591 0.49839357641812326 -0.091746200542662637
0.015636802467829496 -0.49193991277376165 -0.044141349250647451 -0.51552169603462594 0.48289586048431093 -0.0091498949284061788 -0.0050313450062774538 0.027083285501108188 -0.036392008593162176 -0.50357422923528494 0.033124020847325415
0.030639000135313888 -0.50342892822915697 -0.0029665844592197295 -0.48527792160940464 -0.51717911166726638 -0.02327063620164126 0.0046474572008341226 -0.020436867252871777 0.089254508599545992 0.48278590122121778 -0.024768728041752969
0.013373627900578744 -0.48327653350832356 -0.0051901693243526052 -0.491034325762712 -0.49877393956276134 -0.023056913488208156 0.0078409975233905624 -0.0023613474598390034 -0.01400098031998382 -0.52492975554318688 -0.0013763527891371375
0.017933137592606084 0.48290614008992516 0.0031906817377036658 -0.020339490413332058 0.0052118604878909512 0.51176757378181281 0.020246937968356443 0.49200876303036833 0.08316871973889961 0.50333429959281795 -0.037120877813874388
-0.007783897269061953 0.47588073807062525 0.011813945859071242 -0.0080903995100577355 -0.03284908472800465 0.53416048854608522 -0.013863483253105468 0.51235314797243459 -0.026302039088382221 -0.47252016024256877 -0.014155451365680222
0.020435652605859115 0.47389735477454054 0.012069857725162964 0.007616430796979835 0.032638739488089798 0.51689050784358415 -0.0028591555925054917 -0.51193789021908764 0.068074813478372909 0.48959864722993168 0.011371522780103871
-0.02531393778996038 0.51043037890678755 -0.0056320463466996195 0.0027579235773282679 0.038650026104988619 0.51422083282088293 0.01292467603826254 -0.47964716425121007 -0.055384739933761189 -0.4887433292278649 0.026416976019633557
0.010391625820285973 0.50266508592509196 -0.010603595164985172 -0.01437222953441304 -0.018253951413350743 -0.49726241339775068 0.028734198517533085 0.47171561747851465 0.0018502792695893619 0.52524679060725998 0.0082958578807948505
0.024946478135868096 0.51997863407316325 -0.010879933380956379 0.0054114423538938307 -0.010097850515735382 -0.48993978445970499 0.0070142177846025623 0.51067349268110351 -0.089864869516455129 -0.46590545116665977 0.052240579223197844
-0.0064045469453662381 0.49186677168975557 -0.0026186198879950724 0.026546076905201547 -0.00019105812655587125 -0.48663721721680436 0.004468062556080574 -0.51056954762329521 0.015650617740429543 0.50911180281606472 -0.018912839223215273
0.0059903800288938465 0.52799076632916919 -0.016888366935461425 0.0054608740211670751 0.011176830026362931 -0.48334040326582139 0.0069010421812104421 -0.48051342234811206 -0.084091994753802843 -0.49489642111705373 0.064786235581298854
-0.006554294105347293 -0.50666900468884546 0.0059067511041763689 -0.014908825534368862 -0.03284481938319752 0.49480490537698057 0.026369754547083058 0.47085458324003843 0.075060080767726592 0.51859664478375056 -0.0099911643311382439
0.020928980432258996 -0.52104511560220568 0.0050292709537898776 0.0048231788946932032 -0.015510819006716388 0.46478386193483284 0.020066439669634648 0.5052860960988339 -0.011645048131332032 -0.5053726887088299 -0.022514934871513726
-0.0092345800412861594 -0.51620282727506916 -0.021315702055502029 -0.0075492561707534598 -0.0053933479482007442 0.4882799347041904 0.028811199462613919 -0.52181550044401825 0.10047882324418167 0.45889973490100433 -0.026175714969288288
-0.0011819232198012339 -0.52465511656776398 0.011630234780773864 -0.0072991048745673021 0.0020819791430258415 0.48146733989869644 0.0040680603994423196 -0.47753498047662901 -0.052638742901631994 -0.5115532464950886 -0.014770594074272633
0.020827622172507623 -0.4999831642050595 0.01477529736763074 0.012291652398561063 -0.0087344427267923817 -0.52605805487709301 0.0095055852498988347 0.46227058998826503 0.068416082804817951 0.50232842329485483 -0.040015299437046924
0.0034514976441462502 -0.4768365575210271 0.0097241609834909856 0.0026152918477388284 0.0074330634948125175 -0.51735724997594945 0.006961916790850526 0.48629050570279569 -0.076336944184792588 -0.51228050701954231 0.0037735712365185993
-0.002387914619201991 -0.49375898341749552 0.0073901250274647345 0.0036847186332464171 -0.011212415816418167 -0.49386394652523907 0.0078437675263896972 -0.520448361636205 0.073597865345117211 0.48546591892206215 0.0088899424082637107
-0.015477300063850596 -0.48133470626221653 -0.025271552067106486 -0.0032287845504791 0.002165272375992872 -0.51878076898968051 -0.0087745239336176218 -0.50120721964418125 -0.054830841946306032 -0.49387694282939865 0.0091420718599521805
0.011354706559986308 -0.014911336380551797 0.50503113774883512 0.020379200906075701 0.49996908255393863 0.0017086048438325803 0.03406731626826115 0.49445623170500863 0.070640218605622945 0.49196076757391366 -0.039267970335713775
-0.022359207879938347 0.020566904833739737 0.48504027784091192 -0.0038209302765906603 0.50260924008891894 -0.023065514776452387 0.010902751262389819 0.52392154143632941 -0.019150936441512164 -0.48530232612039065 -0.012352074609274543
-0.024441672133145541 -0.047052902568728579 0.50554203576528889 0.010914068966778276 0.50694680168835204 0.0042905676989218426 0.018266127908701215 -0.50404785008051323 0.090388449185648714 0.46846346730769645 -0.049571311614082535
0.0020133273921835188 0.030775572102211171 0.49007343389195895 0.010432288796115354 0.51310322583527368 -0.0026699352677230902 0.0040299212167889094 -0.49322292712659682 -0.053941804730322188 -0.4985429083956503 0.027315061486553348
0.023774150529331597 -0.013937961255564409 0.52996960537372684 0.016455292578273228 -0.50910000404806932 0.0016871006877752818 0.024901997945551077 0.45704931347752792 0.072173700976679869 0.49354072655204168 -0.024710867410989417
0.048307942134412224 -0.0029186971889454613 0.50466667443371138 0.010154351832055014 -0.49726292963967045 0.0069152502008219671 0.010043096174677605 0.50059315011583783 -0.095781390060830029 -0.48536802833492171 0.009871958964314231
0.028613841246956137 -0.0075413340025001956 0.51249653075479351 0.0020298785550647734 -0.47184034189524021 0.037679511613085401 -0.016306587968348839 -0.54692799457173191 0.070798758088298955 0.45605549692442554 -0.0043922219246686931
-0.0029994921333952144 0.02160358468396641 0.48461550043424662 0.0018866333561018123 -0.47817742535929025 0.0027449265906291155 0.011779109432597433 -0.50874694244030594 -0.051101872050370444 -0.52364174029962385 0.01526723326294477
0.009264307805900842 0.00083706925141947472 -0.48664980401968333 -0.0038046780865880433 0.49778100310616497 0.0083508610838616305 0.02415224483387365 0.48233988632812391 0.081510486355593395 0.52320108499457851 -0.039960844022778809
0.02152923317432643 -0.0046511452860936086 -0.49626779302196589 0.0093064855515694236 0.49588927544825095 -0.019853132688422315 0.00035497870439015318 0.5270392806022004 -0.062395860909306711 -0.47388845420831649 0.024741982983921159
-0.028300997326343984 -0.0062735226832600476 -0.51724464488677602 0.0058823563244632402 0.48940524504859984 0.022875736133848971 0.0177863267314117 -0.49913670059558574 0.11330165658904409 0.47857359561652496 -0.01478267200345274
-0.0082655737325283106 0.023315807011425698 0.0082146927448205186 0.49593057178044803 -0.48583667017210003 -0.0034745994149431927 0.010054414811780692 -0.50898285562687395 0.49584966938493175 -0.081658405197339551 0.074996459636988061
0.023536285382660151 0.012110684668735487 -0.49240462715796784 -0.00059551021667802551 -0.50772625937558613 0.022853075740688535 0.0052233050746468045 0.48980088875917949 0.089467711349916393 0.49881887281962212 -0.042089817978877495
0.012570818024594668 0.0083748990674838656 -0.48200727466743803 0.014284246462516364 -0.53164746661755435 0.02761234966733005 -0.015144257820607949 0.5060940155655077 -0.04544163685596956 -0.47474880755647325 -0.0036658809110546864
-0.49345750503066454 0.012724931478417936 -0.51240760638333782 -0.017005921043445543 -0.016677601181393525 -0.0080554969495175224 -0.47929005225739801 0.0056989686458688935 0.10578779976029933 -0.06449069896937884 -0.49803858860259431
0.030602552195549599 0.0038006083058212854 -0.51868918919525597 -0.0005728823779458964 -0.48669092112775841 0.0059572959201744319 -0.0053927450455765339 -0.47489624232143851 -0.062403443199952779 -0.51300917245218758 0.0218762541827855
-0.0084273365425562852 -0.0061889673423448756 -0.0066157592260854426 0.49384581294053187 0.0048509778284862564 0.49311212439335211 0.51356227145975464 -0.014753168408557397 0.075241286766958099 0.49237963030786941 -0.026782606705255917
-0.021094176327110255 0.0050588288299895827 -0.013133108838291777 0.48812323424572224 0.020635097952525959 0.50108081800820348 0.50934734762054057 0.00095129042033985172 -0.04228392205721479 -0.49792705126730558 0.020735868551090952
-0.0061323368318106511 -0.018448899166170072 0.0030671124712901652 0.49865089215417507 -0.0068876363063780054 0.50615242103036995 -0.46976315862640938 0.0019251344960600674 0.087729357313146308 0.51608529460072594 0.00077298608836406392
-0.027841320384901318 0.00093060385431640766 -0.011921503920541237 0.51957042127950559 0.021771487149634308 0.49010534591703203 -0.49296232716217175 0.0055514204093050365 -0.0062298199404360061 -0.49526251657090253 0.0092063530185421596
0.013854551790140985 0.012904445734795844 0.019197672107379937 0.50231771986302254 0.0090188718215333391 -0.4996254899202513 0.51186556052227417 0.0019036292470514388 0.055385767571828164 0.48063987787017926 -0.033921421603255217
0.015010570159079251 0.0062824514919118373 0.00071992456574269687 0.49618121459399156 0.023815113061443304 -0.48925520394649807 0.51305937392318979 -0.0052778105536085982 -0.10663108921069908 -0.48785481974025474 0.031157544765138215
0.001114996745221897 0.006393016396473516 0.026055307816146598 0.51710623279284151 -0.040991976134811772 -0.48420638643386199 -0.49143491361901354 0.011107595691237261 0.075331462364851151 0.49760307557170314 -0.028786824208757066
-0.005455611044299217 0.025746731492067257 0.0016367893916152735 0.51149042102120412 0.014232039633917046 -0.50221326548868539 -0.49030789272801728 0.028563052415532052 -0.054644322054467877 -0.48625160438226139 0.067949944318599076
-0.0041145963360487868 -0.013635888927916564 -0.0059833987801633272 -0.51661331669488275 -0.0064710313976305859 0.49320094758611582 0.49899199785856402 -0.027319650324858877 0.08354315909955233 0.48133736067719091 -0.034328882864501399
0.032127011804436501 -0.015924811831036764 -0.034168758738367305 -0.49330310864902899 -0.013236854719314519 0.51117239620166044 0.48264599202095887 0.01146769762451825 -0.055123825364872342 -0.5058482016068343 0.026956642007332464
-0.016541247302115199 -0.043976915275316074 -0.013332744417973103 0.012599579365716953 -0.0041693756905318378 0.076825963351604173 0.011875451467478124 -0.011606661209516795 -0.99090756843666561 0.056089651068583095 -0.078846021929135937
-0.47980726633829135 0.52230421694621154 0.010295065143199448 -0.017789927022077909 -0.016626897077618066 0.021473216635941025 -0.50353696691971872 -0.48996943852982283 0.026921451807207369 0.0034560518471261062 0.038301865628004583
-0.011003267441560601 0.0027174372350508868 -0.00064613618793688693 -0.51241323866113953 -0.019403708497421367 -0.49080634818374258 0.49814748682273757 -0.021623279568022735 0.06608484244451801 0.49191171149471929 -0.032765843781755455
0.015074550955253077 0.036312004768562854 -0.023789450159360959 -0.49984177003677077 0.016830572987647771 -0.5043679253495188 0.4900379410248743 0.019085003475326007 -0.0826408140327934 -0.49602615837835079 -0.0018209780886590306
0.0096884341857174788 4.8563056880281073e-05 0.003439998480659877 -0.49040612651263016 -0.03034126306079022 -0.50227417608410874 -0.51220944397232804 0.025228233449633552 0.063520957220083996 0.48882506438350359 0.014709022257528688
0.041680545878125599 0.0231879073805266 -0.0052267317172862782 -0.47085832084975954 0.027027465502746113 -0.50807946099447188 -0.49605851631611125 -0.000327571208142187 -0.047575606942977959 -0.51469496633406853 0.062180766918075898
0.51639839605167259 -0.028427829123959945 0.4919669058521477 0.011084287481876265 0.016982358592069882 0.0020253380407378296 0.496792159588829 -0.041812799880926572 -0.053350245986006052 0.044420960289290011 0.48652597482941029
0.4641477832442254 0.0054690730510761759 0.5096845121693826 0.02294842892939571 0.0083918916616457593 -0.0089467632929450206 0.5058470040171964 -0.022292902311426017 0.056345881468555743 -0.042999455614710483 -0.51252272855592795
0.50493260229119252 -0.02029015930443729 0.50959462215811602 0.048975016849778272 0.029059320341255072 0.0057210846503649897 -0.49523242790457039 0.0061583484568867239 -0.038140786507890267 0.016622029649316878 0.48440156491653541
0.47657853182944454 0.038526633198372684 0.50524713607157057 0.053076907527690453 -0.012052870344534632 0.00099264803707058689 -0.49465203109424294 0.030633394936012043 0.055653583194193036 -0.0063954427581861973 -0.51419184952447727
0.51411011465859002 -0.026690230371991457 -0.4911443481502954 0.022625425343498953 0.031240762485372046 0.013062449221036145 0.48442746547367305 -0.034562960984305689 -0.012834410309084601 0.057111507119761609 0.502798283892683
0.4926135855845728 0.0080951914805821312 -0.49719776755235146 0.0050087354788323291 0.00069882609773662928 -0.0024862456523105413 0.49643679263557394 -0.019368559505162721 0.082066683250246228 -0.023954416040526096 -0.5058612074272606
0.52988481790916309 -0.055214759331210166 -0.48810440936874216 0.053446485839640276 0.029419237581408356 0.014704198041611412 -0.49819416927299803 -0.0098111888443090482 -0.0031105727953921994 0.056546160189896007 0.47168679248856199
0.48689609895203134 -0.020635704616206372 -0.49267726848344062 0.022014948666523999 0.010504974825486312 0.0080144119231006679 -0.48451544518604217 -0.034158934147825837 0.072285910902707126 -0.095635022820352536 -0.51848130387682012
0.00058121302069732755 -0.47563211381969978 -0.49115150528945822 0.003733984094966183 -0.011052918508342105 -0.020726814040535089 -0.0047979732112284658 -0.48816353196492901 0.53365085026733661 -0.081737674443794511 0.046768696579469526
0.015570279636647514 -0.0059485305796152061 0.0035557458750762106 -0.016029584092871491 0.02360752631153077 -0.0015027581007631111 0.5062462332919202 -0.49797398148130256 0.10934906870070069 -0.47746479410813764 0.50467795028866413
-0.46766619015092248 -0.021788763473702004 0.47352036650544599 -0.038524173919604693 0.017271671578100105 0.018425484433369731 -0.50655429607706126 -0.020393639103590339 0.020129835485079284 0.10149544649728121 0.53549083508712714
-0.50431425865860369 0.011617363251630089 0.51212131404446914 0.0069556685517482781 -0.019539464913598092 -0.0040970979586830965 -0.48543126786681179 -0.0021617191192157409 0.085050116157430647 -0.044117783411130165 -0.48784103654411815
-0.48018463996811922 -0.01880185900437676 0.48492893047079427 0.0056749033836717066 0.015160789392989477 -0.015754931474849014 0.5100464348648599 -0.0022079324594996624 -0.062359844965904312 0.051331252175037645 0.51645616822899965
-0.51426771528218251 0.0060471679759045898 -0.51598836543860116 -0.020696107554303241 -0.046143976706049618 -0.026789645444037859 0.49836208040052776 0.044935586697868485 0.017378266310160602 -0.030801617104881062 -0.462966695415021
-0.4737484053182362 -0.0031264400963718153 -0.49856648686587429 0.022523622146322211 -0.013705559771723802 0.012810331828973873 -0.4930062727984218 -0.010972769930137398 -0.052067856077879456 -0.015360691535783514 0.52915240933082897
0.51351582608878754 -0.48773548183345711 0.039885839669694396 -0.03435017153648013 0.012754481368517801 -0.058729417425623619 0.036949217209281494 -0.028604937094894832 0.48915007275007677 0.3972732078143561 0.30455816843924
0.52271782253866028 -0.045873375291567285 0.015638718200705545 0.50714698047389561 -0.002067794142263958 0.50987626123041707 0.010987299349819115 -0.029875155180242398 -0.05363738997795376 0.031563994045705847 0.44983830830901472
0.47086280784369228 0.01512665336249642 0.0017672855411603853 0.49853631384731628 -0.032417135440198475 0.5006575734488522 0.01549104810270369 -0.00025565933404816227 0.079940666943963637 -0.076086271870359587 -0.51515946615734332
0.50933467516388531 -0.00022626169985047134 0.0049525623347542085 0.52532044135359746 0.023309347161492664 -0.47646737131816219 0.0072537614387719954 -0.031907836649889991 -0.053735670539936949 0.044411541266317967 0.48072541801643554
0.4818401824159147 0.042171158521644533 -0.0098159275515775028 0.50736848916208344 0.0026761925253352449 -0.49096978700080118 0.0081893093848898653 -0.010186993607873987 0.053143989481880129 -0.034046931066518286 -0.51314684570395253
0.54210209381846519 -0.026257349195436212 -0.02421279844349947 -0.48729303109694666 0.014034593976067567 0.48563092140951075 -0.022666505927005771 -0.012685847401772081 -0.10553457514254037 0.0038126789339684285 0.46854452059886026
0.5012802562894918 -0.0092940870569719249 -0.0054204749785374401 -0.48342276281343566 0.012015044156554341 0.49533553852946394 0.006656440527499875 -0.014374398571981814 0.093360653758378875 -0.045899352663391756 -0.50826098084417248
0.53420344677938369 0.0059070651435723532 -0.0053226899347986216 -0.4727453593714746 0.016530108131291629 -0.49666994626957101 0.0098687997317955731 -0.031025084457336958 -0.041930007105858945 0.062905774870639433 0.48718147246283305
0.49314712589675047 0.023580816725238499 0.0010161915960362165 -0.47632016640296665 -0.0050178718574685572 -0.5133992736909424 0.010650056993219663 -0.019994762535358913 0.065412777085996562 -0.01977549247036894 -0.51047116933194014
-0.49943416179910666 -0.04705429129173188 0.029920276643757435 0.50009465225109451 0.0092851976656590091 0.48176477619652647 -0.006703671730445458 0.022174800022802289 -0.058134085459471657 0.014400257299542838 0.51093484201204364
-0.52747402114725495 0.0054325755587734774 -0.022660559010659928 0.48584861614056235 -0.020215882331258112 0.48657083378078947 0.026915215541560285 0.0063754119948282667 0.091172157187323993 -0.045872660363974728 -0.48665970584361445
-0.48829753651150942 0.0227185210817125 -0.013391266201013857 0.49276274740874804 -0.022649713853110875 -0.49404087074642705 0.010202295760367892 -0.025658507780777554 -0.020603232236886433 0.086081972689162123 0.51465376402574625
-0.49818717706223703 0.042028289886522338 -0.031786713620108278 0.48521437523730043 0.015298395181100493 -0.53148955532757902 0.031766192454244675 0.023956484258423984 -0.001141150786713665 -0.041076226432199034 -0.47708806662792053
-0.30669077946395323 -0.28703993150692997 0.21620448688649582 0.24452386507868604 -0.13127054705675165 -0.12270025743983921 -0.20364585313716274 0.16005669716272575 -0.56819797394681693 -0.34622189453812308 0.41823069639565835
-0.52860894941138781 -0.033009777474598372 0.0097922294616238116 -0.49594383853267471 -0.021819404510539025 0.47852074126242083 -0.013078303451898411 0.038039503966771533 0.013363057877457039 -0.067982506972631015 -0.48739135176164544
-0.47531256387392135 0.017800348763516608 -0.01502719980557376 -0.49468307909652875 0.0025049233454642462 -0.50510693667692708 -0.030881092290895834 -0.003964320537649898 -0.087866492835795243 0.012494016425732604 0.5146247933211614
-0.49660755229720022 0.025900268390062899 -0.0070686411283782643 -0.49738156694802371 -0.016623589976347785 -0.50493906643164432 0.003788331885163906 -0.019636958847196167 0.073414975903319066 -0.033539184056896369 -0.49306928981000719
0.020055367847872454 0.46192850808549141 0.0018634215597310069 0.50428108728299614 -0.0024660966057102442 0.017083467749695731 -0.0023873379202040508 0.477577835501315 -0.016337757018125908 0.13151085339124333 0.53476228980342466
0.48054225688476998 -0.0025433320112272471 0.010094038100560365 0.020518994876085724 0.48792306614620856 0.020585480205821505 0.0084876943527645281 0.49668540298156499 0.068491945828374007 -0.022441612821810751 -0.52734606138840534
0.50659916695867924 0.00093923825754035461 0.0013883303728194187 0.0131278572403042 0.53585410571392811 0.015180543212014543 -0.032286544946686924 -0.50851733655545506 -0.034077296305557149 0.051944054181928899 0.43854339901341133
0.45000803714876758 -0.0070268061021006344 0.0087457072459152588 0.010348759242859384 0.50149008195984768 -0.0045301917954894801 0.01607585099432501 -0.50431364315156202 0.10323371877403181 -0.048385846185879829 -0.52740677554008331
0.54386317764120784 -0.011132946596146873 0.01983239429910745 0.027579516773159906 -0.49065075017277354 0.0015361345722649312 0.027063778937180417 0.47440222337233218 -0.053634837694987593 0.031128704025824835 0.48224352752797184
0.50501576382999613 0.0084047061364427213 0.01037730858801752 0.0064743801770044398 -0.5026091745372635 -0.020173660995325166 0.033776643985002144 0.47789267554584164 0.055280299582229762 -0.013728566968317642 -0.50887053171373298
0.50991423520755119 -0.019677685108859141 -0.016810534968623288 0.024880549232421733 -0.47548500348364109 -0.003065848092579729 -0.0073735286630141929 -0.52533201621106762 -0.052710328895408311 0.0074265831357260411 0.48346831185961703
0.48161776994625799 0.016266039602311468 0.008972384464041373 0.015691086208032053 -0.49461389199609634 -0.011669023549659027 -0.0019494645122288524 -0.50880557542364224 0.075237488894918922 -0.04761446414194602 -0.50582529253424702
-0.48191504573900695 0.011332473421773607 0.011364344729912908 -0.0088924280879273988 0.48210588771030038 -0.0055397668614615711 0.0052131286385812712 0.51684312252842712 -0.042854456969540683 0.018370927558851828 0.51539933902712398
-0.5126890598238274 0.011130729688817486 -0.013089659121582269 -0.010704050492600916 0.48197083656850542 -0.018345704741585193 0.030413203011832025 0.50660048034558414 0.071614194624056285 0.0064300647134153165 -0.49129290502508799
-0.51306151602239758 -0.02818981109228786 -0.011588663710505442 -0.029019840356325297 0.5166341486343432 0.005715018475851737 -0.015380110262294557 -0.4933598112481048 -0.056044379878363436 0.016855326696478243 0.47009332732418668
-0.52727952167976577 0.020438170066007517 -0.0079814947285195108 0.01117002466397627 0.48180738672311485 -0.011711505665009014 -0.013281396039570235 -0.47402280309585398 -0.018742110159509488 -0.10299491723292915 -0.50325079557001873
-0.45006559804289958 0.016481548900376689 -0.025228699896583773 -0.025714740096201536 -0.50601276483534341 -0.020310857865172813 0.012955210841207614 0.51239346914630757 -0.075967895628627949 0.042190185944446672 0.5187909926511054
-0.49646671878426263 0.020257392439071382 0.026083569491697402 -0.00017924646822749384 -0.53483492896908036 -0.026351620167798684 0.0029230147471424523 0.47202453003406047 0.08997705914446151 0.014422033756747811 -0.48432187038636765
-0.4725218526302154 -0.021590130859654839 -0.0081340823653304178 -0.014613528014730216 -0.50143952798301838 -0.0044164467895906777 -6.1926780841652828e-05 -0.50646937182256135 -0.043269848181373319 -0.0077784323317348575 0.51582179976507991
-0.50568394468754951 0.048644194120399338 -0.035245150490495786 -0.016401996875142093 -0.49791500740508482 0.0063538795827663749 0.0083505670399586073 -0.5092328960721787 0.038058630404853612 -0.079887591143902648 -0.47458208664576962
-0.006357620271102424 0.48206529692543232 0.4981886245497939 -0.0041114237228920226 0.51856432953941356 0.012885844800542775 -0.011256251552428822 -0.018766279286409213 -0.024277198852781071 0.086398406115996779 0.49168675847653703
-0.049271559300566266 0.49854315752143569 0.50511687946348549 -0.0030871452512734473 0.48967235566837386 -0.0059253928348571711 0.028495433976336536 0.0055611300257542347 0.071410025919537448 -0.009748771167355539 -0.49801904451144091
0.047291243917911556 0.47518109065453706 0.50372234696024465 0.024469561297499436 -0.47865933131357186 0.040226274330412856 0.0022506251067952046 -0.021193477309433419 -0.090311384203341921 0.0639694155212127 0.52363741027841437
0.002071048857028497 0.52308362351638293 0.49429785611223903 -0.003049827006453871 -0.51634790038323375 0.038257839926274538 -0.00078025487520106134 -0.018083835691692342 0.062196647288558636 -0.034259114865369651 -0.45671763839530943
0.03501216897633911 0.48063097784247888 -0.49377327316285913 0.027657306242234891 0.52511653383082946 0.031480539023641396 -0.0037818179416923147 0.0074060287648507559 -0.05618620929301036 0.027476200893654656 0.49241411200758106
-0.0049135162335427343 0.49956992029467079 -0.51016643117575755 0.0054756674707163505 0.50316062593164346 0.013197460809971301 0.0099784972978061697 -0.0011611997325170959 0.065977078232473299 -0.015557594243230529 -0.48173152358810184
0.039220085854628786 0.48500254280914468 -0.50274126017536291 0.0041515850538701672 -0.48140961954767453 0.00093074318600480448 0.0023475109948431724 -0.015826163704180468 -0.098591814592933771 0.015121963015769296 0.51817682501390616
0.023637086924236599 0.50904250637157611 -0.49891328196537688 -1.7902324385155936e-05 -0.49102961853854737 0.017422668976315326 -0.0073377845331321096 -0.0019761549068630746 0.037712362799318215 -0.020161612135824063 -0.49809884032033247
-0.0029989457484271569 -0.51825652538558298 0.52350930645241112 0.0048869898831756017 0.49473367257887163 0.0086136767093005079 0.00088016218252852504 0.01463358654343863 -0.034364195855263291 0.018326994065881036 0.45907298786638007
-0.04036388962255371 -0.49670336892495615 0.49063187697424376 -0.056606652222867947 0.48177839972015463 -0.075575514070547509 0.005079040032633369 -0.01975465717239612 0.0064294415527555715 -0.096298604632408497 -0.51007811271369563
0.026498269719472774 -0.51855906669999385 0.50624268846004805 -0.0063354120832976374 -0.48879577115340728 0.014085351585014637 0.015643036075424145 -0.021457805240420243 -0.034111297904853129 0.028862352717137107 0.48192434875231233
-0.015073189547188599 -0.48398707050572087 0.49971022476737043 -0.0017608107401391076 -0.49607067500604357 0.015548926391136621 0.01629109337596114 -0.036340198421868898 -0.0050543502247059578 -0.067351981965241045 -0.51316681104706363
0.0073336342781686967 -0.53928801584951236 -0.51156539038918603 0.024509767625877581 0.49434367557312409 0.0080166222022187601 -0.0063119978671633877 -0.0033165001695940961 -0.033800067941892546 0.029028147530958212 0.4475923616117351
-0.028581850712246549 -0.49699937556935708 -0.48137878174622251 0.01518147328051849 0.48388939207907461 -0.024177130196152783 0.0092576534305555576 0.0042653484434723617 0.11290609370706098 -0.029615677323315871 -0.52130263837047552
0.025612211900610748 -0.50903728247832969 -0.49801252850096717 0.014647040513095047 -0.48712133584230488 -0.005515766371421536 -0.0083763455303472838 -0.016252562084140876 -0.0077941621841380844 0.051217290713750023 0.5016554166223155
-0.0016339657769281217 -0.47223987840750808 -0.49837298958004717 0.013656402870415587 -0.52640084255499797 -0.049243121446206461 0.013102012819235656 -0.015683957433102171 0.088953630364101324 -0.022802027093764433 -0.48995064160341134
-0.50615855244088048 -0.039275359733133633 -0.52568543359444253 0.010301838761161383 -0.017223483719282472 0.49087957623162554 -0.0068141318417780979 0.0097171254692787271 0.061056386717851484 0.46904860278266564 0.025979359676974349
-0.016426373064430438 0.50019036534423311 -0.00044771003479451626 0.48494780873377052 -0.011858075431745243 0.00085545737088415065 -0.018982954763368327 0.50326124260613336 0.084685402477557736 0.021216235204787475 -0.5029611042361658
0.0069469679403537368 0.48754594863997952 -0.012273535460472055 0.49808496327135232 0.016124791228171176 0.031472546235768173 -0.020699712553543848 -0.49789400591321314 -0.051221972696875936 0.013211565144215402 0.51150340376982251
-0.025266083215287581 0.51669627175005584 -0.0083834708876292935 0.49241109964653823 0.0068220889785847302 0.01843189639313858 0.012677728681675162 -0.4862767637695482 0.067484351254460256 -0.025885863430531772 -0.49760557380333259
0.056546143225772984 0.47644376244056974 0.0096150410345964502 -0.51933110860927767 -0.0019678321887614805 0.0023037122684175103 0.0010172585893996812 0.48369163684568972 -0.090008348217231013 0.0244112463608568 0.50728828097384859
-0.026606594265573279 0.50529084625777021 -0.043690852533321424 -0.51826882652221984 0.014514373365586393 0.0037083815232508213 0.027606710731967712 0.47799101406574473 -0.020577227191442397 -0.037063334159478947 -0.4921409458064081
0.013816984687280725 0.48924058854897207 -0.013324115536831051 -0.48281063097380772 0.0063819300658113035 -0.014375700082188863 0.022548921803884837 -0.51149482667535029 -0.022484109829724555 0.057689621038069482 0.51083526803609447
0.011321785116249792 0.51824950807236903 0.017800604414497108 -0.49002592315467086 0.0042013148376152448 0.014487844079714955 -0.0093562513010604521 -0.50090096807881146 0.035902684562506747 -0.040258195741228728 -0.48653921184951177
0.049937664727301934 -0.52282508229749447 0.012074171279931835 0.49348664273176712 0.0013406845290125865 0.013370553168106461 0.016947534632197926 0.48584443397758675 0.004638699830149565 0.051820452985784846 0.49118818372140094
-0.023253479991705822 -0.48438090298857184 0.010622003843271164 0.50119748027469102 -0.052479761628291988 -0.040801401535031798 -0.00064831521846627762 0.48599631537098115 0.053328617651513976 -0.044650369727018475 -0.51775801268251409
-0.0061333515962717997 -0.5250823131509551 0.011355944634211629 0.4982645333802041 0.0095721298689429926 0.0015782240066165448 0.018879675533036346 -0.49696115728598134 -0.034539024322120637 -0.020389455279114829 0.47626129295052999
-0.047861567686169587 -0.46407034052534607 -0.014257541136573244 0.49688437386943263 -0.021225374791172164 -0.019314689295761217 0.036113360387053345 -0.50415643183034053 0.089042732353800988 -0.08047992648860218 -0.51433797044728058
-0.0077169971979593422 -0.50489676187902621 0.027494967404082058 -0.50566206755159071 0.01457650490181267 -0.036114108362793863 -0.02618425179368291 0.48368870394557312 0.017467597641634396 0.090108102884308483 0.49395135402983253
0.00018282610054564885 -0.48389911367947858 -0.0063922767857213575 -0.50145174484576571 -0.021922890136666626 -0.047404159780555469 -0.023801582628751695 0.49050806222087634 0.07288680296910735 -0.04736568898207099 -0.51273625216860041
0.033232264144265285 -0.51658940085565208 0.00017069433023935961 -0.49857886082258718 -0.0077851335197225311 -0.00018531335425929073 -0.024324000706795031 -0.50716910157864692 -0.019897661022556936 -0.0092155998351862133 0.47444331221107416
-0.01641526718478091 -0.48425670866774106 -0.027973957262194336 -0.48542915441936307 -0.027913393542208047 -0.022575641484483096 0.011180041849549412 -0.51437688825885008 0.077629144460894042 -0.038993294460970523 -0.50523046043126707
-0.028888487310124056 0.46609405341825821 -0.0088651439479934119 -0.021949958353206955 0.0018075913461471377 0.51714438289288023 0.49891203580425725 0.0020142216609195154 -0.023085880795107483 0.053534276281789153 0.51147205582286037
-0.004131864469698863 0.48430314674855673 -0.010107922836200104 -0.014287200706250744 -0.001887164984582648 0.50210941121328534 0.52008481725372502 0.010981189203204665 0.040561277646965467 -0.026091132073637033 -0.48997439243836022
-0.010550053595765718 0.47405919027017912 0.0069826581619034213 0.025958294908382196 0.054242903157916814 0.54643120016390956 -0.48132287422443176 0.017120557802152155 -0.02050104672436983 0.019713700685719163 0.49003152468156225
-0.50429484292982774 0.056988632664406152 0.47480509547343541 -0.012164952125267872 0.0082875334572579135 -0.51523258647950554 -0.018869382486007436 0.028011118325485855 -0.042734075035866952 -0.49773518191941074 0.024711377495794717
0.036904974614646868 0.48479480314450141 -0.0026361225319793224 0.017111757357093225 0.018154587638109357 -0.47154909634845116 0.50361674350393881 0.0081491481059121455 -0.10617425026633993 0.028380621041777843 0.52426086728733967
-0.0049134830097726833 0.5337704686474628 -0.0095596960022672119 -0.015064373113363274 -0.025948219850283786 -0.48081612028695175 0.50502176090320217 -0.015606030515482856 0.043059305299775225 -0.0013706186961254666 -0.47512383667387209
0.039620987785398576 0.50416050080163177 0.021882722034288555 0.0038164487603791794 -0.0048408785357066811 -0.47256851831932611 -0.49376994874921654 0.011661044194169553 -0.11721055313751384 0.046856570441041023 0.51042718887444194
-0.035950974082450383 0.52926643710136956 0.012541368996648686 -0.0016417754793793724 -0.024975481948109945 -0.47850846265071706 -0.48934295345463746 -0.0030925724397975621 -0.035767765994354023 -0.07306995902907934 -0.49269241828333021
0.0071039018099140873 -0.52235056447809136 0.0048401661868038171 -0.010881751941175822 0.014780957028548149 0.47885598433626314 0.51320666606965015 -0.010708989501435095 -0.040823185831982335 0.01836043613974473 0.48159801654279732
-0.014972807598972637 -0.502276975231571 -0.0068164929932528016 0.0028668422941341173 -0.003070892273052633 0.47392721453643638 0.51592780706403496 -0.0053405361715295344 0.078978586536167961 -0.031050753054895981 -0.49941039931174125
0.026204356021664536 -0.52510826573824976 0.0072502870538263863 0.015679982523153401 -0.01668754662834776 0.50861842525977241 -0.48374879059992398 -0.0069755000192998186 0.017195143535893354 0.021958919069302238 0.47902569726794803
-0.029610547637849843 -0.50316878748916061 -0.0017325923649598146 0.015769641254102462 -0.013204924406686313 0.48240412245959935 -0.48877125688057332 -0.00031198359906256621 0.10189203701341036 -0.036911652684101064 -0.51201826111193582
0.041060726074411823 -0.51546054632267646 -0.0088080514553815891 -0.0026126102974187377 0.0014099718113343616 -0.51120766736585199 0.48693111994094285 -0.0041167746829952707 -0.078824181868387466 0.0081230497221717497 0.47728049224442221
-0.0014689573939826992 -0.46426718672036249 -0.012366831871119116 0.00039305791737533974 -0.018413906078090132 -0.51493755683774156 0.5169885745020234 0.014300688518934108 0.037821931083560259 -0.043060813488038752 -0.49803066281898117
0.024699026186529568 -0.51069095090134597 0.009840511109816364 0.021059987905044351 -0.00034820731942058 -0.49013455913959503 -0.51079873824079713 -0.019431518514460511 -0.024678793483245687 0.025670835339666111 0.48502719014211726
-0.010333556729287999 -0.46130110797746371 -0.014857144734003956 0.012936437313003363 -0.018172458729246332 -0.53317302287186052 -0.47916269255882243 -0.018919278703376164 0.088531542242578698 -0.017806492331234939 -0.51380247027591686
0.0078616951911398159 -0.03415837814773006 0.49652460144688682 -0.031960978256347784 -0.014056620554858375 0.50971320942590481 0.0089714752638468762 0.49016684508859115 -0.014912595107445813 0.033014761185189243 0.49955148602701566
-0.028403633759231228 -0.031095124227904728 0.49211829571470483 0.022115554581531745 -0.013868506120058369 0.50435738319873591 0.018774233498172317 0.49279559466687894 0.074639288385479813 0.0061544807528850741 -0.50217450720570689
0.0015885144343825593 -0.023453782578147779 0.48245578603817468 0.0026499534283762967 0.037462500136698905 0.5070450751655261 0.0085183869530884165 -0.49744289516487394 -0.044502038543639204 -0.00017132368951719047 0.50860218653780542
-0.045397813589758591 0.01383994701849422 0.49222622599389232 0.0073366899455049621 0.019323158680742719 0.50052932124756278 0.020230795996672706 -0.49803105387656149 0.072678291948099411 -0.060966125343141775 -0.497052115608006
0.023154142651531425 0.0043805933729776604 0.52397832081244644 0.001220757024771811 0.00069022239544221683 -0.4690780356170855 0.016429826408780865 0.51762189629016331 -0.092401639246570411 0.040032836479157154 0.47593296544620894
0.00046972247909170348 0.025925367497417796 0.48206895222443374 0.002720956187088406 -0.018789430855136506 -0.52589215389234301 0.0011352422799989627 0.49397137180819739 0.0398313696204824 -0.029260288281418901 -0.49352048460517967
0.005032674276442382 0.017545812115123387 0.49605904401900852 0.027683435915028046 0.018312444735848605 -0.48555963858411527 -0.029196036898724891 -0.51745657791471977 -0.025610219429989912 0.018690842051752827 0.49709497193386848
-0.028809478622127439 0.051606060074795561 0.4799635526184825 0.013302201165135995 0.0097474580499040831 -0.5152765199782765 0.016328133143461824 -0.51494967111155565 0.006935258906023996 -0.063309189307706321 -0.48048313201504272
0.014061309933349598 0.029197496880441862 -0.49897250609888583 -0.50166449799805124 0.036891681882765009 -0.019587550156125438 -0.029907230329384641 -0.03514551325457934 0.18607176479547796 -0.43955637006420656 0.51633529163262648
-0.0072446046900867247 -0.023452124991905313 -0.50026840618567048 -0.023732691887825941 -0.0054534563575157399 0.4931801144325611 0.015598596461818348 0.48914367047220203 0.10033822511117034 -0.028956386242660975 -0.50487458926866879
0.015574270021769962 -0.010329646036291971 -0.50005238273494401 -0.027451695199943782 0.0030446457771576437 0.50545227879041166 -0.010668646320083281 -0.50960967067697904 -0.027517870558279936 0.00060822465237878683 0.48247284263094842
-0.021956202801489525 0.0042147937710881531 -0.49154068778372983 -0.0052639457183638553 0.02042401006254798 0.50829750207182012 0.0099339296062330891 -0.49377876345418847 0.092802747467025826 -0.053298310652435156 -0.49366740114118424
0.014031392513428772 -0.029830402950188684 -0.50608962745941855 0.054439443427661494 0.028453806561290682 -0.49149740068273978 -0.040816198689918648 0.49614283569684209 -0.054030113119317373 0.085559657475674789 0.48926496448824169
0.024379048241802502 0.041470967762974306 -0.50124262703401357 -0.0042350755253090381 -0.025374436681840338 -0.51292105836439439 -0.022728742030685405 0.50090257191876142 0.055184761797976871 -0.016558985930904904 -0.47744350393476315
0.51108548723703762 0.024534201169403465 0.49324402619217461 0.015625608549442369 0.032681759518006448 -0.48493855779039446 0.01430286005092799 0.0016816291738494722 -0.09189549425855835 -0.49816913172985222 0.039971253408134802
-0.0088185256982559624 0.046024802735838657 -0.50219121177356496 0.0046244627826568735 0.0014669050374489319 -0.49618344205486536 0.0074228085314152698 -0.50234828881894011 0.062645747601152477 -0.047599099863976674 -0.49070085281464954
-0.014101872704975161 -0.039561796491593859 -0.016300854865578803 0.50259638748835078 0.51589978363397204 0.010459910635595647 0.49449543311975225 0.00061771025812143931 -0.042718635799997837 0.043012448663504094 0.48052480773410627
-0.038628624344658663 0.0060309845327815581 0.0059645215476449905 0.49394558661884236 0.49787369117729935 0.0073226650215017994 0.5077312140234691 -0.0027815471707718711 0.06479909072127793 -0.027974274252088215 -0.49370193425093012
-0.016351768091656733 -0.02419304588920267 0.0056417099687006396 0.49064098827820857 0.52556771372325695 0.011466767253610783 -0.49892633196262398 0.02220952719722118 -0.036290018184839193 0.070361899931264335 0.47575780527024059
-0.041223080931885078 -0.0062402836680327846 0.018313455835505386 0.49428006975413541 0.50121195597577017 -0.0036799445253684359 -0.48815034878935454 0.025119087657515509 0.11250166893438725 -0.026356032490737695 -0.50011356918511696
0.02197198188242289 -0.016030638145883267 0.012560050666241347 0.50848359780891128 -0.48003690115736314 0.0025933449389584917 0.50385830994236358 -0.0154136102624601 -0.058549568991678534 0.013872756181841018 0.50236788646980057
-0.014358791033451461 0.024776234370025893 -0.017958473119645314 0.48981100310228182 -0.50011343277054832 -0.0031000527077569414 0.52259438024166005 0.0043266159130047671 0.050277560769428284 -0.036908800261247252 -0.48146223458360904
0.027835378445840494 -0.034885054490303671 0.0069139276414557187 0.52721804612439438 -0.484858787465482 0.01492158768353812 -0.48183177544490757 -0.017754592420127099 -0.044354346625311271 0.022571298068465098 0.49973693041677897
-0.021800274105503618 0.029014870787304532 0.00055847383919902969 0.50908113800944821 -0.51387694466148526 0.0030509015556867513 -0.48530051191013163 -0.017559847303635762 0.080858420024844099 -0.051929700582065287 -0.47997961738822975
0.051871637223547783 -0.0045085387164415644 -0.00012857571064874373 -0.5219616710670677 0.48974272060554269 0.019150658874191203 0.50752964993635907 -0.0035228956302405115 -0.068206589026171091 0.016879631336664678 0.47126903835847983
-0.028382576870853028 -0.0021330114247698102 -0.023374662215279882 -0.48966153604414009 0.49008433800470808 -0.010567769552155994 0.51465165249327927 -0.012526326337385478 0.05621120541808787 -0.017669616868735919 -0.50008559420004306
0.015247338409889812 -0.01481362517151652 -0.039793538304532493 -0.49134746409913271 0.51977811260288154 -0.0087431778298882271 -0.5121627499926712 0.0089839096032505623 -0.051145154395682194 0.040036023274612843 0.46870714355986948
-0.0096021606261302659 0.0091369695704664813 -0.029769310696082813 -0.49002343007944432 0.50855356511634064 -0.0027968108640088296 -0.48815091561077634 0.014904721274074981 0.057878046538592506 -0.072260766732966886 -0.50308611177494089
0.050877928733182802 -0.0063923580513762174 0.0034424487432804301 -0.49111948464569416 -0.51543408776803978 0.013927615203218393 0.4982099428822328 -0.042948819182345749 -0.067493303169527272 0.04315184825996015 0.48354826226446285
0.0020185175215092863 0.020011416873257023 -0.018987034472410423 -0.49979038661600467 -0.51428907655846912 -0.0011933893303868641 0.49224655216509478 -0.019391768427622254 0.053637709651391433 -0.036462706865643291 -0.48791455257520333
0.025179954898949641 -0.016442376853261567 0.027030181290257922 -0.50928542422001954 -0.50702495113682511 -0.0076761250308432722 -0.49048272435627394 0.0082188172734147368 -0.091945262006607881 -0.013971436941144007 0.48225526022571585
-0.0048822971694425007 -0.010119143499532851 -0.00483661523894273 -0.48595625272352488 -0.52376265400151389 0.0014500134625747829 -0.49623827312595609 -0.025212778318823195 0.069790759870248256 -0.02645873332008954 -0.4867325249021468
0.52383956998542447 0.49262673742244073 0.026028851331481171 0.018368320688904517 0.025158288068910142 0.025565790867720199 0.038354220346061806 -0.0046302759330381481 0.48455180082750776 0.42123421187351501 0.25862784547441503
0.4771088907921015 0.49983724911718491 -0.042510206257889822 0.041049784605460327 -0.030944279586253492 0.059923481439817183 0.012265040387633513 -0.050904783215173922 -0.49722502296086846 -0.40629151560983268 -0.31534427046960434
0.49191558543725211 0.52769460342461583 0.038654820503177652 0.0089960344544139526 0.039535420916501508 0.008006269386367065 0.036077755738501791 -0.0032406382877021756 0.46848345693941451 -0.30632970751666166 -0.40215475050172733
0.52228126578192935 0.44404228189771472 0.0019751714117396957 0.068737499813593714 0.004786029252041967 0.042367149906837265 -0.018912179635394259 -0.079275778649131726 -0.48519363564335805 0.3810691080209116 0.36909789470366339
0.48293284599612313 0.49208779362644589 0.043412420288473114 -0.0054207176829003823 0.039824021304412156 0.031072545191127354 0.0399223373805348 -0.03065011705874629 -0.12270236144566751 0.46857280709618265 -0.53198724018246124
0.53466066852891558 0.490903476642222 -0.038930732540742793 0.011160758762667379 0.0058685913429712081 0.042376885876565358 -0.018244187253166202 -0.045305592625941943 0.11726050870868866 -0.4550527787680772 0.49646030596276614
0.51024728685325804 -0.54503386248707597 -0.023614259190844492 0.032646424530174883 0.019840396767992475 0.025787238207892769 -0.01129664758212944 -0.065354462620648299 -0.47945648620209735 0.30984906386565286 0.33108905925831711
0.47883928882242233 -0.50119343681444684 -0.051529857127137771 0.025550741873433667 0.0071961893773392982 0.01733135365886606 0.031038610553006864 -0.012262397811229236 -0.48494741348716552 -0.4084144600772498 -0.33580890404202346
0.49512037463999514 -0.48183331225892084 0.024007619146378185 -0.019960993374227486 0.012955166150334362 -0.046406239140815181 0.0084612126381698877 0.014837109411476448 0.48659719068181168 -0.33372950428292136 -0.41346384542769266
0.22872919549408019 -0.22445421799784673 -0.29032882565316409 -0.28133966585359277 -0.14781739803290975 -0.14280702921687924 0.16850185175078339 0.23686266331788228 -0.57589516535197471 -0.34080435052182628 0.39914527641074954
0.49141657367925468 -0.48934889546326171 0.034819339986745509 -0.018292936944515982 -0.033530101103865999 -0.018624656601671129 0.020600680683810393 -0.030993559819507445 -0.080559798892814935 0.45633395224560874 -0.54764377122799746
0.53796826114698215 -0.49141431536275099 -0.0068578307197965727 0.028286717304458357 0.01190260427276177 -0.00089164814508525207 -0.004322143963692464 -0.029701399001335487 0.097669540282950065 -0.48351647052451485 0.47316394094803166
-0.49373147790973743 0.49273452565512321 -0.042409948455857119 0.013576020527192133 -0.031708048891050819 -0.0017674973820405947 -0.030212470722534777 0.065378395787001706 0.42710244766460814 0.4046187428952116 0.39891167261636867
-0.49030536579165374 0.4969290429664896 -0.0068877277452046833 -0.0048239948667108089 0.051128526839455075 -0.032121967597199173 0.023778226440512775 -0.0013052494658877135 -0.53570436271488509 -0.41967999645268095 -0.21276264796753849
-0.47102356347111796 0.54976588735732412 -0.035791233441917772 -0.0082827940093128539 -0.075412963926716481 -0.0088871749128390555 0.011522818787208476 0.067471702487387264 0.42778320521110891 -0.40948036870442267 -0.3367799113290405
-0.45303401264936988 0.4560463089764219 0.04334651866138195 -0.075823433948125588 0.015458823607363007 0.059801938174083261 -0.01345358554046352 -0.0045829659127453294 -0.53361366141349431 0.28825269198073245 0.45530586420299757
-0.47712522614810127 0.51979566765072349 -0.056811767535475018 0.0092587560803711819 -0.034820182612954352 0.022727982733782334 -0.016882265733933938 0.045284829610205794 -0.24575174815405712 0.48083167635438495 -0.45076925944209528
-0.49123854567586417 0.45027446047222525 0.023136855108376465 -0.018288637234983432 -0.010630915493949079 0.051142319861422286 0.012330292760470036 0.0034412735406814444 0.0601483346791859 -0.48584762686640892 0.55902561904433401
-0.46823954625645914 -0.48876837495412895 0.062652872253502093 -0.0088000893849605778 -0.060262734022235025 0.0070768376095450202 0.018166140981795205 -0.0035975749001189816 0.53595650911916315 0.42834384412342791 0.2512009565270289
-0.50228705335726187 -0.50325742305332355 -0.021562008273501621 -0.041953927295512117 0.060281438534807219 -0.022788702124643855 0.044224073000510677 0.0093072892221884463 -0.44451647047728321 -0.40397603282133937 -0.35387502213872496
-0.50715843823992868 -0.46014796694370996 -0.031008631162767492 0.010198237890214731 -0.062413150269369722 -0.024450650192565631 0.037704721366630813 0.011334031893574088 0.52395612235044509 -0.30510900595120838 -0.3953779991378098
-0.48842342223100382 -0.51138651182489414 -0.0044132224615358682 -0.082875312430282649 0.0605314181741873 -0.038001673433838166 0.064409477259397968 -0.0036909905503731432 -0.42552033636662906 0.40536248964405563 0.37199719566522466
-0.5048648517323957 -0.4880577457645715 -0.05081996496450613 0.031718739253743279 -0.036042049990496226 0.015412837360162331 0.014183980821673084 -0.02201918578426083 -0.058262607169472139 0.47511841229759455 -0.52150524364541129
-0.45273681059200976 -0.51319709494977583 -0.020206387205866143 -0.038535230113613969 0.022647633255576248 -0.026807853872280598 0.057997014113618815 0.029186310215400555 0.21945115184063102 -0.45337591879590811 0.52020117028573432
-0.022483051408689812 0.059525766238558202 0.51397419796263033 0.48624189438061433 -0.058068314227079407 -0.084400929068326247 0.029548015878826522 -0.030987528111411488 0.46623798890618318 0.39434095286040161 0.33187216219977728
-0.00058073572749957705 -0.023636695955000491 0.49960717323303244 0.49330198921305013 0.052262529328180762 -0.0043822381991457573 0.043372700113740066 2.831797199628393e-05 -0.48901367616886687 -0.41413071311240696 -0.30202052632103527
-0.052723453670242712 -0.088140847460988603 0.0088902754079023816 0.10236632616136938 -0.071830349605034718 0.097267558324282077 -0.44412761711255411 -0.51987784620918553 -0.4026123016449501 0.46514358581924509 0.34394100302345532
0.012525936062226007 -0.072846791426748395 0.48416959591787551 0.50573626051227238 0.061719516992376738 0.03998081700419933 0.065112423922741178 0.0079284433807435325 -0.49073426215784477 0.36844916212662387 0.34360141079356715
-0.064433753781380831 0.030749932314398043 0.48911027032851212 0.48365225233326103 -0.071307596353351099 -0.046613278166342191 0.02232773664737325 -0.03311755143129478 -0.12345719176597381 0.45363964070915913 -0.54025077737218885
0.025002553770710253 -0.006167103985356249 0.49390554795029096 0.4929174541790397 0.016273940950387356 0.026962255107717166 0.025095225517328235 -0.0055271180834764334 0.13018071729168021 -0.50314926082871736 0.49057946414752024
0.016447606325986727 0.056016369747139874 0.44204298588960705 -0.45841760458356312 -0.054826595855811386 -0.039531486045178248 0.048923961600881347 0.011289231400391194 0.48860124121219156 0.24032724338584147 0.53615752294099284
0.026403013800428827 0.0039206265341429616 -0.51112271305142454 0.014050811571511446 0.018844819879853755 -0.49782291865066008 -0.028082090356018007 -0.50321721265210095 -0.047117770670025962 0.026695275748664024 0.48240230296763476
-0.015687386275270769 0.024334498000877412 -0.50495887379613258 -0.48729403172860558 -0.0051034522997462917 0.037533953440589615 -0.052656606518964505 -0.054114259190364479 -0.47070924129827268 -0.39594192436681752 -0.34820926046869088
0.097301489639514585 -0.05024295346335305 0.47590576881080282 -0.43679102454569807 0.1213878002850583 0.022543253114308607 -0.11124416365064609 0.0072253854103038438 -0.38493299142130877 0.53231017803929548 0.33397180396204845
-0.042967304293994618 0.038810088524990106 0.51640893185620607 -0.50004731951665271 -0.06121941165997194 -0.035806963143293638 0.066461970365276818 -0.003701166207693458 -0.38336583158924992 -0.39614111815991049 0.40812263805988674
-0.033319184949127612 0.010223396903408923 0.38535826415972169 -0.38090605083593071 0.056293797401736845 0.084012046963729117 -0.0081874458738523549 -0.0041096213844493508 0.50048529682970599 -0.64610905392243367 0.16413872769214904
0.010979695284383839 -0.070813495544205018 -0.4097236768277035 0.46233113148564292 0.025607552255278034 0.11041860122730981 -0.027942479255037816 -0.047919170380796454 0.48176272212659332 0.29393965698905411 0.52803450928721818
-0.011559277282066462 0.052103855013472034 -0.41548985980494868 0.40527216898300078 0.0085320201547224288 -0.0085827981143718219 0.052890603015179213 0.068223043578824319 -0.10417058790747485 -0.57568243023515753 -0.55714826180131216
-0.0488958754727419 0.030702574457198602 -0.52122310068566535 0.49609977048388726 -0.030274933452604968 -0.056240665902850054 0.040999768339389835 0.011276271591219245 0.53720882575114992 0.13630333321607815 -0.40720805715079922
-0.094555998799202512 0.025605287874976745 -0.44658788922412679 0.44362065127235173 -0.088335624566035303 -0.043896287778141668 0.085738254449643142 0.045582825408678009 -0.39763767403447997 0.5614061147723286 0.31892327114082347
0.04287250034629074 -0.02061520959551278 -0.42445945514703753 0.44103156365614954 0.078924732365563341 0.063445497920738267 -0.051986070878071715 -0.077787899673475117 -0.37209173860621725 0.34317420866042569 -0.58977414297986863
0.05220230133457656 -0.035548774292917876 -0.53643610291728416 0.50881436443846684 0.047183300459491671 0.050342567597038992 -0.059916657099383361 -0.0190791290180026 -0.45593215576950502 -0.37420479579378424 0.30452822140711572
-0.0060528344335254941 -0.017075572475054097 -0.48916250557646257 -0.48641743772631607 -0.0041701127898398135 0.026037110273013208 0.0040803728760899606 0.030020517950329159 0.51713110203853063 0.44058186124153298 0.2462514007886871
-0.35690867985558511 0.25471681638635402 -0.13768836988668759 -0.18775949699882694 0.17410292718520262 0.16466783435410576 0.18458716465463207 -0.19081643845196342 0.56979313669104625 0.37354483170573388 -0.40176261946589331
-0.00246470895543437 0.019704536712874775 -0.4797700811869598 -0.51855117705279363 0.0042627561791754066 -0.0089170094942573885 0.02703104620702642 0.011433740310038069 0.49981350426418181 -0.29721083443280161 -0.40177617057703302
-0.47577327996477992 -0.04592277594433751 -0.024817062719385163 -0.51384234423780317 -0.011901954325415093 0.51386473218725626 -0.02653717386542824 0.012985533559142124 -0.052021295333196563 0.0057990535691638933 0.48894757798319877
0.05794396036912635 -0.0048522903459275674 -0.48406017298835691 -0.48482728285571153 0.045711635743122918 -0.015967359323395654 -0.040701697459360336 -0.10437960090738022 -0.44459318501486977 0.42146942740035254 0.37020452401043286
0.029270601261995374 -0.02312215459178622 0.51984015198761591 -0.51728916360883914 0.025157979611025623 -0.0089103488913976556 -0.048901936568839476 -0.040210507104418189 0.51639421285096931 0.11043528132681908 -0.42095985378441564
-0.017173254669073882 0.039690863007603772 0.061898246921674116 -0.076393186101200258 0.51224881542205081 0.49322008173508347 0.016502200671116796 0.015733416852695463 0.48022011552031924 0.38972421961720383 0.31588180573692315
-0.015007386160568022 -0.012882934968442568 -0.030914015657211365 0.024951563019653962 0.47967138659861058 0.52625392861082287 -0.015784996443150328 -0.01255855072131702 -0.48028602830468531 -0.41824611014469931 -0.29153276666868611
-0.038335429642573075 0.047204973123519255 0.011403036475143997 -0.047009463689205243 0.50926102507365045 0.48796983509168018 0.033637231610467437 0.038779575977906787 0.484412163864261 -0.32141108986746481 -0.3948484047808356
0.029813779935911368 0.059891799528121403 0.41038510311309423 -0.39701812970420147 -0.03631012511899525 -0.051275171544099621 -0.064959085508731196 0.0090458278354218404 -0.14274134221824716 -0.57941899487993365 -0.55238957457931581
-0.042626154006073967 0.010279380892036507 0.040577836092267859 -0.054523894036659887 0.50955976386659496 0.51462597827236134 0.0083151357279622595 -0.001234755956272967 -0.09532262295943629 0.46479582962091348 -0.49373540208334654
0.014746899876691344 -0.040453641997246804 -0.03021508789647329 -0.0032219219613087765 0.48956603848378244 0.5105043841551492 -0.00034766857723401187 -0.013941013025484854 0.11312054072216093 -0.49400205462033453 0.48980027335347004
0.014658637020271353 0.10770388883684261 0.050935012499970865 0.0014202092027122432 0.41956417290412867 -0.47337920876848355 -0.039237345315395224 0.10821259165290725 0.38295523827542299 -0.3570348477107077 0.54597481851871477
0.059130218814081002 -0.073290106504748861 -0.51256272878304299 0.0036277748875800015 0.002632430118070528 0.52571036461142673 0.014106570462122426 0.48420831617209897 -0.039970458496921109 0.0014681178497286972 0.46450367810412907
-0.056180457573946484 0.054059851364290701 0.48377944768047226 0.49724377407066006 -0.058070863773556615 -0.10322174670699553 0.038881692919450421 -0.0040260299286866644 0.47153674835595255 -0.33896972080089627 -0.39978123763295198
-0.0021262655614093097 -0.00068196934326678581 -0.49390793656252235 0.010175601718709971 -0.49332161073146991 -0.0022947282424396597 0.012009061952908098 -0.52901058780611843 0.089569754037454638 0.47382390591356893 -0.0068329800898224375
-0.065826862656516522 -0.063301121374871996 -0.042644940090639689 -0.044253789889278014 0.42531721746690238 -0.38203607498938802 0.08019762134223675 -0.012865436547757896 0.19349608131305077 0.56462272594003093 0.54607670818807541
-0.056697085481109223 -0.016403546741788171 -0.016252837674196226 -0.028168840041453279 0.46149689536347405 -0.44076912835822996 -0.020223226220990653 -0.020744662935261757 0.32145523267341464 -0.5779804990164441 -0.38725659858960965
0.0038551304004547267 -0.018676316761666558 -0.0048352662927308738 -0.012073893689707592 -0.51932475551778501 0.4972147398416471 0.0035685764239096625 -0.027169363975331314 0.55313287958216006 0.39221000151519136 -0.14836070370398396
0.50668999827785044 -0.027709500179874634 -0.0047826673978539 -0.020256682159466143 0.50148507860636726 0.00021440397764820358 -0.0010576646684622565 0.49840952581955972 -0.0063901850263174383 0.070097649870964285 0.4870412745006249
0.066769410184274625 0.0097700903701287978 -0.067973628047842544 0.019977787711969692 -0.42203435273443846 0.47213323574648935 0.041780639562564101 -0.024733566313083762 0.43394284948701939 -0.56468801661632573 -0.28260883571769607
0.036681627138963412 0.029414318036023422 -0.044137521646261536 -0.095346444217066589 -0.33127703925738583 0.35237659967934715 -0.045163831925400015 0.060607241278301277 0.028958925566323481 0.61826604147429132 0.60335057746096932
0.010162858239869744 -0.016685410536388223 -0.0059516521030518101 -0.0027156529106847618 -0.45039403755942825 0.45402419696023472 0.061340748048917801 -0.094574918069043043 -0.42955889669360081 0.58567682301215096 -0.22436012729198249
0.0095957425332280025 -0.025666835731054542 -0.0054622017556348592 0.015742247815748289 -0.48909911746611584 0.53730066406691324 0.032250203979711255 -0.022091183159466947 -0.49382682586914128 -0.14561992523787615 0.45217622486947079
0.08154118018708717 0.056383926016617951 -0.097114128523496476 0.020608319433416924 -0.47841619323508183 -0.49339121549931331 -0.057589858381979962 0.027517884234024667 0.39918246330260948 0.4055838450655474 0.42435877088001578
0.063985170031864297 0.052529944660119246 -0.076459366158689715 0.0067547288182762391 -0.49305172558475979 -0.46486180608374217 -0.097578164603133691 0.028317308022623812 -0.29482956540100097 0.45942300092140953 -0.46876540453249338
0.088311155020099535 0.067310641326492504 -0.075356506395127851 -0.008077496376652147 -0.49260576880300599 -0.48891853335658425 -0.089899922991208622 0.020097166234498153 0.38784183029156788 -0.46618823828835387 -0.35211665915586848
0.031293618932732505 -0.042203346371154388 0.08791792824071111 -0.043593594234922525 -0.44074848134745165 -0.4633833816658251 -0.010005494166831004 -0.036657358157815692 -0.54776856158709741 0.29153670534866977 0.43833585495734101
-0.18781262115407996 -0.10604919621660615 0.17582484999878392 0.11395976518944373 -0.38484285203565322 -0.3804398818813407 0.11237575108705564 -0.11287553068630447 0.54666057888729402 0.35516370372169154 -0.40791177607210349
0.018241856826153393 -0.00043732947779510695 0.065059607717312354 -0.026363965158838664 -0.48158484159855569 -0.47989276982368001 0.035302531696286436 0.0057797135524967382 0.046517610226035865 -0.48041274057722883 0.54614855011956598
0.027793311799781509 -0.01105764195296704 -0.0086425127199579645 0.033754966449498512 -0.015285456768156814 -0.0089670742599476817 0.50251824330055417 0.49408858077630408 0.48173843784585446 0.45297512936508699 0.25233036906647854
-0.0074830935248885013 -0.0055806648418439894 -0.017996542243829836 -0.019249838060184678 -0.025762928689301162 0.029542202215491965 0.50877702988217144 0.51061941563630042 -0.4590153100337408 -0.43284438306547618 -0.2829247054068762
0.014709186388005334 0.026031102340755782 -0.026731138696141469 0.021858043933888585 -0.032665406968440655 -0.067073665803924654 0.49805881872473146 0.5062068788503381 0.50179657349745455 -0.28683287630800414 -0.39238615803764615
0.0086603218414877201 0.0066869924456549002 -0.50101011863655553 -0.47320340328705335 0.0082396620156787517 0.020380742793962237 0.027185886973224611 -0.006176288231359555 -0.081814714755461343 0.48382805048205113 -0.53188717546241426
0.0070508921261140996 -0.018152027331001162 -0.026105705121284 0.044322947690483484 0.0023627055905413399 0.0015258204810696409 0.50111770629771812 0.49214725127276082 -0.1183545415402862 0.46003183451003871 -0.52725884347253638
0.037321423730598512 0.005640033221099041 0.0076731969619225132 -0.029486626764031576 -0.0066469490181268681 0.004582655137241448 0.50927563067226556 0.52479894689497142 0.13358806646590426 -0.43968642362431642 0.50163358570449246
-0.0037646208871508565 0.018454916781630023 -0.0048370710436899892 -0.0026271307047645957 -0.030410094212173378 -0.0084911501395114435 0.52118277292594217 -0.48722626533983676 0.49949485319882858 0.39722778813919979 0.28690090740461766
-0.024385827044438993 -0.0044057328100971958 -0.020455185506489452 0.0045088154586505717 0.029480111849684652 0.0093881768188492296 0.50905944361424438 -0.50585856754704273 -0.47683707883393756 -0.41934251024755925 -0.2823717654493284
-0.016053406937996124 0.037202672882894486 -0.024988174392880452 0.0059701773851500387 0.007141325694302445 -0.043398146137482267 0.52071233245338877 -0.47947799580633299 0.49438453424291579 -0.32074270367808577 -0.38396792634918153
0.0039060793410162628 -0.026618767098226744 -0.0037962865674683712 0.007403775356841804 0.00019359083445768562 0.04508481637793027 0.50932102895003128 -0.51396415711375321 -0.48174814589285525 0.2988167228369828 0.39017240126547242
-0.025740719635938103 0.0022476441109531681 -0.030419590958772513 0.020942581130060253 -0.020973849539851774 -0.016677939005474415 0.51980618198463158 -0.51168543187751425 -0.092253588335171208 0.45931939186313853 -0.49572662616480379
0.041696682627958941 0.49729965368640977 0.0085715295321120936 0.0012359590957798149 -0.48840232778123915 0.0052197737801442231 -0.48025351608208922 -0.012340458513398381 0.4903228444000638 -0.10560425495922791 0.17306324143431473
0.031906956734553224 -0.07487417445437243 0.083182669122142297 0.039768961436355679 0.058574059569119048 -0.0079674403963010173 -0.47337078461029186 0.50392452416257472 0.43894640023446269 0.3928840792594141 0.3953843813625908
0.056848153279780621 0.013095771513196377 0.01841149408901345 -0.04552363479540384 0.056201617480755403 -0.037678943723659861 -0.46238071283101251 0.48558274391846978 -0.54508252375059163 -0.44452507930562379 -0.2128451328325435
-0.042692955940964797 -0.024069013123843432 0.059025653950594191 0.037475040263839028 0.0021580065074615642 0.046430005784113097 -0.47126230261221808 0.51532877963755819 0.41037286976751985 -0.44229144824760619 -0.37265219549024142
0.063648634876286581 -0.021688766247447151 -0.065279575169986462 0.021736140312586871 -0.027353434890850983 0.069009604068233199 -0.47650808884568074 0.47984950973180562 -0.51933947914546785 0.29106544205542728 0.41651642612240369
-0.054083564526312813 -0.0605453422928715 0.070900232944654626 0.030047239626853173 0.061889758745386284 0.0266961267694267 -0.49464599130387937 0.48660713290170426 -0.25549564563222826 0.43473932730333686 -0.49719116883439768
0.053622506555607019 -0.0015710544048132854 -0.0069086918780316298 0.016215025072179597 -0.05284577649288489 0.06099280319123903 -0.46630012861566811 0.48787346661710107 0.067816994437094519 -0.4896576280808877 0.53896070036197874
-0.00184817534391288 0.040720801511504104 0.040042908958610339 -0.038879223872258173 0.034174066176078835 -0.04408729645919407 -0.45602001616462562 -0.48666476681532611 0.53914839541213522 0.44163896344297654 0.2481713092777367
-0.039888813448454186 -0.055792390904775835 -0.021736367536035524 0.10462207605771275 0.0026581021424476239 -0.068622140969739856 -0.50850821449217853 -0.45156883488059352 -0.39073613106733296 -0.41282237787634668 -0.43996559277954422
-0.018625364349863248 0.037367431875940722 0.01881488878285284 -0.014300148391002387 0.0036705460698741089 0.019171682584757269 -0.45789890965229396 -0.46208788629240594 0.5649000088865116 -0.26954693389268586 -0.42702816593576404
0.22182760540148355 0.18405441707332651 -0.084249241663665736 -0.15986847450175165 0.0557757895173377 0.083388598317844093 -0.41378074500506462 -0.32273378048452006 -0.57778493663866315 -0.34343153237135576 0.38346287397252216
-0.021191633225766757 0.017874941783985656 0.04995534622591398 -0.060089424913507439 0.034812689031602333 -0.027347028743494144 -0.50204164434464282 -0.46448037166900596 -0.052268038380464919 0.48420341036078779 -0.53496974070739567
-0.035713259146296417 -0.036948563738494512 -0.0053706038707175907 0.045713586283453934 -0.016394086337202792 -0.05504707744727403 -0.47736243871244993 -0.48832914188998122 0.27352821602478655 -0.46602066892835686 0.48333078430514281
0.011194006396373564 0.03821342084418454 -0.011339024114538221 0.018013731173993956 -0.015868015830969355 -0.044872631293929821 0.033781485692949136 0.025719766818215146 0.99295586534189817 -0.032646471523806064 0.08286239160929984
0.035446184066031977 -0.049440366008258012 -0.0094441966278721954 -0.0048134265873990677 0.086194759668724211 -0.020929989381030266 -0.0045662230115010253 -0.039863442317114535 -0.18482585827758763 -0.048477218607654367 0.97478134585705278
-0.11197804130995885 0.020172033779365706 0.022479551628598368 0.046589070279519876 -0.46644767224549982 0.4409185129675014 -0.069342525093648966 0.063511973318734496 -0.46380733520085199 -0.32816585186588071 -0.49065603280481623
-0.4624691658091043 -0.024728177734100926 -0.51297397555665625 -0.00058645791655023694 -0.0016428358868824243 -0.0081974495017735922 0.48929723195480357 0.0034000971005303453 -0.098407832930038172 -0.00882362181348708 0.52260209293456517
0.01908016299595321 -0.0022963750443962799 0.033949488906764344 0.0087108623730111339 0.00053912453658397971 -0.013020639860635345 0.038384465570986091 -0.00019867429911574099 0.18681046121889516 0.97121820170940776 -0.13636733106805873
0.066017672213373929 -0.035650877489525321 0.014639688887774697 0.0058280585482969284 -0.39819436619601678 0.39718374546156571 0.050682411758726245 -0.014879653657472904 0.45011812998950246 -0.24791075975260288 0.64105579125568224
0.00014061132583881623 -0.049710947693800751 -0.064278669252623113 0.016963879366300172 0.41850722104190768 -0.37410826609147541 -0.15020501874780587 -0.097224692461663972 -0.50592071807075556 0.61759433067479597 -0.092796949440348761
-0.0034685897136640708 -0.014094169107944973 -0.011934354488445043 0.0028568058750582663 0.026877407255381947 -0.013266797406375916 0.015943997889568622 -0.024298397851003253 -0.24113930231772343 -0.96163047145184821 0.1225331801500613
-0.022211676064477003 0.0082207063573261126 0.0066254528976118993 -0.010311415989965649 -0.025716167862223523 0.012298012070684561 0.016985603395035624 -0.0037500941811310197 0.18212857552714842 0.012119623644339222 -0.98227083835736406
-0.00063538474984528896 0.052545745488134919 -0.40448767634207911 0.41947859703972368 -0.057745305085436863 -0.050401982034719746 0.049260863128956701 0.029899929591532641 0.45850603895269282 -0.61510576563039621 0.24471934554549524
0.029980842410968139 -0.0062218157898485177 0.051052405909317887 -0.089256464206722799 -0.018453044791399011 0.026188273395323709 0.50924959731433961 0.47516154007722389 -0.48152252533865625 0.36677824003671577 0.36872641851780125
-0.027800051781640935 0.010849823667085279 -0.0047284062159555973 -0.036802765050912706 0.52401725761591778 -0.51918631613804433 -0.014004977030977259 -0.012078923667616936 -0.54391484357961684 -0.23672259793060316 0.31837263504647467
