0.98063632434211057 0.0083760787732922275 0.071396382593035781 0.082152223895838344 0.058147416409966603 0.018878088870700312 0.14683750017594399 0.025092617122870853 -0.02187916630296757 -0.0047641074949449748 -0.0024534754695573436
-0.96298528006648343 -0.013028884024903205 0.030380019601708542 -0.21484058481844137 -0.10853032013780102 -0.092368355056960699 -0.060641013444850199 -0.030347974808799798 0.0041621250879081166 0.0026944375351375081 -0.021829276432746413
0.021300631749384676 0.97116620364248629 0.11632847659300573 -0.060439900317710585 -0.041084011371324829 0.10422437275001092 0.078079919374522203 0.10705373520802772 0.073289212405197438 0.060467856578536212 -0.0078695452004949092
-0.030228442010546634 -0.97927745821143131 -0.095086749494714809 0.059267767304735756 -0.039382629599182213 -0.12225378332523489 -0.051047550567352107 -0.059392472558562927 0.048939544163131163 0.044085904892108431 0.0240582564151661
0.003006337709995267 -0.052294171839208335 0.9922522579250842 -0.0038499594620034884 -0.026602201403221226 0.05214999361125925 0.012932749849954635 -0.03775534575125053 -0.043370805994795932 0.068195758968013914 -0.033544098161172708
0.047513796054888653 0.0893065378928522 -0.97997284878986091 0.079621376842838876 -0.045041611371946427 -0.052165632708523091 -0.0095475550746411987 0.069235468707494058 0.096966737206393622 -0.061143556282913986 0.017454080700357637
-0.12862584801555035 0.11456979767438752 0.062921615095291164 0.97724277374890856 -0.018035003593715741 0.061038709685375329 0.013543604327857844 -0.042759922655299619 -0.023420320371475182 -0.068320131741747628 0.0093598475735445323
0.11258617357335679 -0.017870814398970897 0.00025931845177802973 -0.97733958556731426 0.02999372350768436 -0.11710802277820179 -0.043279156357921081 0.095170397912940338 0.057296123878201301 0.0066221969213270341 -0.054232397914083144
-0.0036200400989079063 -0.018993485853590786 -0.065533715203187348 0.013057610985283923 0.98764172832490393 0.063183154953543791 0.069044637087514849 0.05806102830899694 -0.071752989137499071 0.0026896616148428796 0.04938328183440293
0.093169480921613729 0.026805631413082402 0.057660786386622691 -0.069430302180137723 -0.9874780330505919 -0.040927646054941584 0.047323681936593087 0.025479552298441489 0.048983489304321504 -0.018577572641828407 0.0058641236067775706
-0.001483421418754484 -0.1322689082656433 0.0044032072125296563 -0.053146180233093324 -0.053048237744400234 0.96750548485670429 0.1267577640859805 0.12297796523591999 0.050320428717579566 -0.069308950281070036 0.047443282763338555
0.009006311274835789 0.18600221362895072 0.062625261275722863 -0.0013943938127463167 0.11409884044634473 -0.93171795361743881 -0.074897584114425902 -0.22475218673597153 -0.035555306909717692 0.079360808904200233 -0.12882466117158425
-0.063371974031741662 -0.01656963919547156 -0.06075717612595348 -0.070930851490615843 0.024656906578770892 -0.091953492530523678 0.98540706769157094 -0.045702481503155264 -0.052544686041860744 0.045239800750686919 0.00015004808172135531
0.025419115188617659 0.016554884706398276 0.056072195231156231 -0.0050062991305198229 0.028046479791108945 0.10171771866837369 -0.98812361340149968 0.021032412162948697 -0.035117887466332938 -0.081414569252714966 -0.0092366182587169613
0.019071694528505941 -0.11283772468401124 0.092130358133798843 0.058465546046210036 -0.040091503458571189 -0.15619607964177235 0.0026638090231128394 0.96466832047369133 0.040807444689646408 0.044299474463894026 -0.12154585991573533
-0.0098427511883165605 0.11919394588250551 -0.081725443211311449 -0.076111862146928083 0.067880856634708789 0.11214405770709344 -0.029303739091471093 -0.97423807184584787 -0.052319173901449301 0.0018245735463171386 0.057450889679434736
-0.047499561386766163 -0.16047452056326095 -0.47234998352167024 0.10876148683837888 0.030937886897608253 0.48419054125610544 -0.024383516243729805 -0.41583709647905304 -0.43861069509092365 -0.21901533179317301 0.29629109807268184
0.53532166513150792 0.43153546381313956 0.55817513448329981 -0.43968145773939471 0.029027205283176313 -0.043697253457698648 -0.023989698168650042 0.071475246820453184 0.076173576435715276 0.025668230450014626 -0.086203691006306857
0.3952928516528938 0.59154513884749604 -0.42134139301408013 0.52496962038667883 0.030870141666474754 0.17483759858805431 -0.0088949765655893243 0.0032567774522717459 0.042339310474674867 -0.084465914593614397 -0.012579811938677099
0.57027566268664187 0.49195340431557372 -0.4769539688646301 -0.39668617427536718 0.011865774962566383 0.044509405420263888 -0.068672566129173662 0.15700410167112525 0.093111803118326467 -0.088044146367628709 -0.0035825405062466105
-0.051753016767662502 0.075869544681153298 0.52788483918559148 0.46086168528348787 0.057590010702111318 0.11472045493450919 -0.46316121065891391 -0.51391658387942851 0.042440829800587283 -0.035712770329429676 0.048238580864684258
0.53764727866987405 -0.55096974434093593 0.50090151253734416 -0.37543843364545409 0.059012261563503227 -0.050751039089952057 0.010500661153034699 -0.052269799486732098 0.021109808702857037 0.021456924928643969 -0.075530572498583234
0.46774376262748196 -0.37255317842925095 -0.47049186621073741 0.63570887814634292 0.00067858793417803866 -0.0058044013301735324 0.079800370409665977 -0.031883650623237683 0.060202874453584368 -0.069115795708040939 0.033336626719027679
0.53071091703005369 -0.51773860469719135 -0.56825427962139663 -0.34035750624275446 -0.0017225291496533002 -0.043526996920970284 -0.018418992054475818 0.039938178127299093 0.056317447666990109 -0.05731361047939363 0.035328637414111339
-0.56463921027606501 0.49563694672246639 0.54412724924227773 0.35533880626821868 -0.032549469618407462 0.048826798552014654 -0.063608884204949728 0.034448145705611846 -0.029383232698001482 -0.016713529794727816 -0.058029674225741214
-0.42234893866399659 0.43517909562584434 0.50629847916763226 -0.57922634062708589 0.0709427016513869 0.035195123692409853 -0.037835225308341755 0.16438416877718848 0.043597523869168486 0.059746202347065291 -0.014270578317793433
-0.55406446929951658 0.56988226087854765 -0.42493390312118107 0.42261845731443387 0.010294275610785835 0.038752772792698197 -0.025524108327000489 -0.03452351493608375 0.0054808968825425962 -0.048750744162952081 0.056690494134242042
-0.36613829440594697 0.57120991239534469 -0.44014811763892864 -0.57882700478318161 0.026408909753851788 -0.032426519811660857 -0.054905537881530832 0.063383126682796442 0.034397954032911758 -0.025597634259497442 -0.016477613980222284
-0.58783375286307582 -0.46427744632802947 0.41530231862764161 0.48902379277910168 -0.084720202998652919 -0.011929686710854906 0.016819761965274266 -0.098407066227160223 -0.081949540109092112 0.056240535050434977 0.010594142743763784
-0.39909763445887608 -0.59865622421633624 0.38560406860696261 -0.56316647188156466 0.026879094759418468 -0.0080753357117916268 -0.083080044016549184 -0.026708671345480172 -0.054007383077913494 0.0046864302869934317 -0.071712808633193598
-0.51327314666233737 -0.43742279705648845 -0.54406103659532956 0.47057907393731546 -0.060811373229822011 -0.0049042350519217645 -0.030400834173220995 -0.072961961897087438 0.041800312373950717 -0.12202078837477003 0.034041518969250714
-0.43735793600919437 -0.48611721278560055 -0.5632141060932121 -0.48964767194897624 -0.030116365563162557 -0.065677718382647854 -0.086976667807998842 0.020672549714928525 0.021349202519829448 0.041943963929388831 -0.0038963465171988946
0.46412152337038187 0.4990609874510078 0.1255422113772926 0.11664683680381112 0.037565554081601289 0.029017566696656193 -0.48477067008362623 0.5131594113245288 0.0032815182515656435 -0.074038227791770411 -0.0090116260267817418
0.50455226464115976 0.5074479375753751 -0.054082097905729161 0.11332739874431379 0.56106504069107554 -0.35813644096108294 -0.02849345759364354 0.025978509594402965 -0.13533886462285366 0.029777262695095785 -0.091705432274130319
0.51400144890987987 0.4142266015853267 0.055754641160979897 0.037880156746242039 -0.47941967044871564 0.52342546285273495 0.11726082496780371 0.16788049925498691 0.065226080612962548 -0.082220575014535016 0.053937774756361183
0.55872728976369124 0.54736582827643154 0.054418286876031778 0.11036430520521842 -0.37601538582088156 -0.47459048343210003 -0.020872964229273396 -0.05454261097627864 0.018513852809304794 0.0094059492619506749 -0.051061990610370263
0.50046001929065098 -0.54280680048734364 -0.062158008986007526 0.10222145156412187 0.48992725717355445 0.44478572785821424 0.011741111301091438 0.047457383591066077 0.0053032941079377153 -0.0061024177523726041 0.016407948824771177
0.50823294852825418 -0.44052918310437245 -0.038674650351812459 0.07344895488224186 0.50253099707368321 -0.50142968917980901 -0.038304771773239717 -0.069880305902549011 -0.13732300696508576 0.098378227546248156 -0.043443049029784214
0.49809955001697531 -0.56287975240517796 0.024094401503418787 0.042389324078081603 -0.4858017744727689 0.42373406437441608 0.096359898457885854 0.031986578064368144 0.049948683287370919 -0.011882568741231232 0.064710653097465265
0.52311734844071023 -0.46089809468792475 -0.0023727840545329153 0.075277870476804093 -0.47081015485615574 -0.50573122540154247 -0.021542447070971946 -0.14423955092639215 -0.073342177539668166 0.061128351967808428 0.020920048424245084
-0.56119486082182635 0.38415671435395854 -0.048316932342605694 -0.14871841921502507 0.43326839452222171 0.54512204428406241 0.057865444412692098 0.12091675800170747 -0.0070689827740380131 -0.042716931062322404 0.091152231148024357
-0.56113437364118868 0.46485315727639082 0.0035621964185800436 -0.055375564134351227 0.52536301506662464 -0.39909186185329526 -0.054175899187002309 0.043115156913728032 -0.059030003765264467 0.12985266303244544 -0.074429849489132408
-0.5058132872757255 0.43094556156951436 0.021883752563822734 -0.18558942255312619 -0.51911668665613708 0.46851963943005298 -0.014819719819431304 0.16509954141443506 0.049859006388158142 0.024707413272424102 0.062847932607666399
-0.41118886123295778 0.57440082621720567 0.12623662064981664 -0.15691381738558835 -0.4767740588119902 -0.44926440378290822 -0.13046813456561299 -0.081848709079550538 -0.052654303651656797 0.068406445480665337 -0.010232805358277763
-0.51100053804711343 -0.57014202113088197 -0.10066009658838604 -0.035408420329883589 0.40454514314630907 0.48127814515342815 -0.0010359628779447899 0.0097473797408234881 0.021480517488431296 -0.035602428713355394 0.072937360403046519
-0.52256176268796606 -0.44966888636639329 -0.059609080740338237 -0.023680998057787461 0.40954596649528102 -0.57013937856439878 -0.061461909791469864 -0.14456179139810546 0.022584901585334955 0.019821911621837204 -0.047408766330416525
-0.51110411267493328 -0.4929645435834496 -0.051730322576977135 -0.038772455364482497 -0.55209670073511474 0.41794122380944604 0.00047235426395091692 -0.060678343192632538 0.088461595386530437 -0.013716768670968701 0.019947271322867124
-0.4323933301741994 -0.40864796392420838 -0.031169702706927409 0.060203674174245284 -0.55230106447474947 -0.54377022356706473 -0.11823811706130935 -0.15284443009869661 0.0021798364106710615 0.057902171562498911 0.0050209257713215412
0.42828522005872671 0.43958006131224714 0.049789018516117826 0.078132869560769327 0.076614594234196115 -0.12278775946114427 0.56805193566910073 0.50789945264715552 0.090210740045327406 0.049078391452129319 -0.051179064454772251
0.4608288096695578 0.50936880291593656 -0.019663260101913129 0.021007481648653674 0.063305281218454315 0.1605317528192578 0.52607790273114508 -0.46587281517480533 -0.055986760512209036 0.017057663682430637 0.018797593309952579
-0.15300955650499395 0.36207688240154107 0.062982032569829469 -0.54963439296582262 0.021531107871887008 0.48103888794633065 0.064639901837500832 -0.30222807180867894 0.038957577259612394 -0.26685914219438345 -0.37324266271521322
0.47251574729697449 0.59617145725826493 0.040272981077061509 -0.050184579347140261 0.089037351878331103 0.17523430408020937 -0.43242689644987764 -0.43498374739722179 -0.03137711987441217 0.014128534544604528 -0.033842655464368605
0.45386630734728939 -0.54700369413246241 -0.032468469780739494 0.10015953689697346 0.02831122403892123 -0.14860732905424345 0.5096729077459945 0.44116599947247259 0.062317909784733345 -0.03395397564012851 0.037285779076302678
0.47107954307787231 -0.44231865041812191 -0.035688982647698091 0.10442172445416163 0.022728678958891468 0.041456761035224533 0.52049331552308764 -0.54177897579479095 -0.021679231348273709 -0.049167184249395923 0.026462586539161739
0.59051496664885694 -0.4761605621355639 0.034625131454513937 0.11875703861968433 -0.041083507245222389 -0.066596131819464222 -0.44086798408706496 0.45180726644673297 0.031688553447038234 -0.019748235953096629 -0.057005414564874013
0.47293713311285396 -0.46702550174700497 -0.054444744456974448 0.068904638661311468 0.084874395855486562 0.045258553938519484 -0.44444689784970681 -0.58188420785030215 -0.0085394727865734654 -0.071104920905717239 -0.0015687288484435133
-0.51614329652509339 0.40888007928967968 0.0068438784524138168 -0.1206517785935483 -0.071869728387772933 -0.11175391578627447 0.51579805586237504 0.51282238354561205 0.014117871515397982 0.070140612972277472 -0.0013568084087466727
-0.52646420806675298 0.52168777913183428 0.044390368281898143 -0.14929937453902703 0.05258517618916992 0.04359587526341957 0.43468455510295695 -0.46788901681170614 -0.08354303726565375 0.079871003911124006 -0.022827149645599825
-0.46465124031362193 0.44217056729442039 0.020301200685410629 -0.032586249130831246 -0.05316528862468247 -0.073337856457956138 -0.48040459312021555 0.58713169032392643 0.0030689528904301665 0.055795215419737657 -0.016453066530411363
-0.50364050473063304 0.49252831762313409 0.036373577591137254 -0.12540591929291531 0.022386063774316824 0.20220493995906047 -0.5072061875787518 -0.43160102808450168 0.010802832313654859 -0.03888983270241101 0.012560197569082042
-0.54978532493664278 -0.52941401104581254 -0.083306771666337473 0.014889678125251741 -0.15198180672409101 -0.18339630443756683 0.40643618686963073 0.43034069729833635 0.032457230638646237 0.039320468985998662 0.024071679744574678
-0.53418559282413769 -0.41433167175365465 -0.083353335081766441 -0.045160599979804282 -0.066983622424299866 -0.042186575225682192 0.42453850349189259 -0.58169590602478105 -0.087693158624033138 0.037724944085285372 -0.0022175729931208162
-0.51347158920229397 -0.49809087307556549 -0.0082001108772225551 -0.00080278658744589173 -0.057763114537447445 -0.004662332401977937 -0.55008848131240307 0.41709521461805971 0.076175474559017478 -0.048443509303785104 -0.010534531971864948
-0.47107720109467394 -0.44594335448925043 -0.0042253606169956005 -0.028021084355347649 -0.035948695829297994 0.049872458054431607 -0.5323867437002241 -0.53631509288519252 -0.049704996712628902 0.031615292982807776 -0.0099273550303886973
-0.16427165691199533 0.006506167444705317 0.46536130034440454 0.46579480958466846 0.48854784997195344 0.52860351076211554 0.11281688666333449 0.067253562358575061 -0.063453744729017478 0.0024650679757952168 0.0079201564048497122
-0.028756848863569062 0.00076166427263357826 0.45406963327523892 0.50680975052406274 0.58411108308840132 -0.41588155290491463 -0.051617037717460554 -0.098496710196783577 -0.093818210434168159 0.00091492837538499551 -0.028727526579494574
-0.049597352785024681 -0.069829555639702681 0.47493472950730009 0.46683055177682042 -0.56813642454625191 0.47525505172357457 -0.0021303109380592443 -0.0084762981558613327 -0.0054162871873652124 -0.018547819603255935 0.0086063739419971735
-0.044895232806883408 0.11677844067794253 0.51318512464754507 0.49419990080334397 -0.48762919524882592 -0.45756444037472604 -0.022180333913506815 -0.1573549978039098 -0.065712767219846702 -0.0037819691909782042 -0.0047134894721879428
0.021498693524552446 -0.12939363870778231 0.47004405129133203 -0.49322790430390645 0.49125469431118435 0.51277414457227732 0.030850231487664415 0.10155661969345943 0.010546591315033885 0.050016722162208656 0.020809416259879625
0.034013727378347132 0.035820130772332912 0.45238011015981361 -0.47331200067058615 0.59854869405997779 -0.43676971718429619 0.048737677961005678 -0.034282033308496822 -0.037995686802674906 0.11814457960303311 -0.030119969424806107
0.031680115715698058 -0.12192813871909511 0.49046919686064533 -0.54236623752847024 -0.47961126461236453 0.45174851851213982 0.039008705717472489 0.11318178789413347 0.00045746794875312888 0.0011359154780051402 0.031172835005412864
0.031493679172202263 -0.10267932804180194 0.52472727926147145 -0.48610128020233834 -0.46090887127830626 -0.47367303345001754 -0.047133232059624899 -0.15790191678360102 -0.0094806917412873608 0.095523832696159494 -0.060494283131726896
-0.12608871309665143 0.010009903657729908 -0.52149576667136344 0.4651999576092839 0.44979672065569259 0.51833056267675182 0.079817575697629914 0.11869188503800947 -0.0013450562965822803 -0.064714933213030207 0.00070725088629263095
-0.071215165149799489 0.06935506206368576 -0.50084468888237321 0.55828810030512988 0.46807408558409497 -0.44155337632590397 -0.029983366442123079 -0.042994723793470899 -0.083601467528883019 -0.026290303086454716 -0.055647125783862848
0.42864407597915594 -0.062424026676993573 -0.40789982501581779 0.037041664021385708 -0.48143150831258236 0.014403155636658796 -0.40312361755505155 0.12064865229905691 0.13463516357743124 -0.43548196482420742 0.16671376524046139
-0.015832375750389333 0.17279110855060154 -0.43606434254483262 0.517416783470251 -0.57069564640023196 -0.4162880677558069 0.028356349337944464 -0.06468766769485737 0.0141350663696176 -0.017991297429106236 0.086712110273716642
0.067144235649632705 -0.10461476897319236 -0.4970570215034944 -0.4911542594173906 0.46840907018332878 0.49778404145862909 0.005931321851273999 0.1322325178953829 0.087430887988947326 -0.011388933662580182 0.061308370135585558
0.084498523836809475 0.058071154638105305 -0.56287575077636898 -0.38587458875471353 0.50528890228829471 -0.51125112904054515 -0.047855004470543146 -0.030277673718123888 0.0098617238151503875 0.044309670793388566 -0.042395756718020476
0.039088643816832865 -0.053664202081557172 -0.46922401805578318 -0.5507428687606476 -0.48704935759380585 0.43523704906832655 -0.015311931938041661 0.10829312242675951 0.12617874537520568 -0.12508093235533843 0.043895421927470486
0.080129969030586695 0.0085494797062845018 -0.48192875189344841 -0.47475372273033073 -0.50890253558783727 -0.49697185968412827 -0.13696427117438167 0.023670244907379529 0.037826290472478631 0.093236754292848778 -0.021294191511191315
-0.17771958314362202 0.00029662624749352169 0.48634271425240622 0.51123397900233369 0.0081965708376209208 -0.14798890644976034 0.4895909875415862 0.43779805119656484 -0.06209191285398509 0.058455633784713884 -0.099596230375368036
-0.1197345436392496 0.02467492843023569 0.47465408278146243 0.4234079112722488 0.018790329709765092 0.052556110398299709 0.56533876937226468 -0.49575721539360085 -0.1073428490119203 0.011646015104732892 -0.018098354473387711
-0.032390699070080381 -0.088423298280742899 0.53716073750009774 0.53448990522482642 0.072889517743115306 0.02377459063798722 -0.46935307050143005 0.42875294464165198 0.018145802294924355 -0.06779348844333731 -0.044568079776162603
-0.027095764512282901 -0.35165881347089811 -0.52998824952758128 0.017568263439716996 -0.32619082693543783 0.18043336516832026 -0.38141960540950159 0.091263807068202571 0.44992934395419859 0.21327579337516231 -0.2317672941360932
-0.0048370432462511125 -0.18802945072637267 0.47898395172532715 -0.49449333263682665 -0.021345527119155709 -0.16404196166917548 0.49371642154306078 0.44286818231759156 0.0061546738597212875 0.14266429910640885 -0.055024865859042198
0.0090990519604510784 -0.10037626957909243 0.4435919311830806 -0.56714208286833356 0.054447554360394376 0.06666723196901847 0.4603790789410277 -0.48766202347666837 -0.060751138866330996 0.090026822193000192 -0.049498859965928482
0.081582000145479783 -0.13943420892691882 0.5523000316495057 -0.41846404047866337 0.025365034480887741 -0.038811615888763563 -0.49645795799431852 0.49360314491892554 0.020374582422312805 0.0034467066971510091 -0.03261444268445983
0.054213009226605782 0.010203825278838048 0.48320219673615011 -0.55273415001082471 0.11161815119186705 0.070726364671050243 -0.49511888618617284 -0.44126435561014182 0.018414031848461097 -0.015075785149685387 -0.0085614758836604042
-0.094012184460073867 0.035452896117235649 -0.46848310874342824 0.53130770382043102 -0.040939627064392754 -0.090041548729780499 0.5496687409658102 0.41098537379001066 0.026949272817829079 0.020146208264585706 -0.078613823047648801
-0.08065310445429566 0.085668190714049325 -0.47477381788986373 0.50189588927843676 -0.018171453587289631 0.073508062213633568 0.46646645748816412 -0.53190451732630506 -0.0066870814543466932 -0.049990339738686801 0.0074576429402264397
-0.0093223548320683393 0.043648047655173446 -0.41067382505458361 0.57960662403366314 -0.010385777769089428 0.035133982969630315 -0.46793910919331988 0.50622651927930418 0.0074707355101721459 -0.1262028436214333 0.0292161415480904
-0.050407716124502372 0.083378364585464271 -0.43377293435958891 0.52495735533343468 0.03379870654982646 0.10307257597861434 -0.50949418734390717 -0.4996108962369798 0.0018855291020876894 -0.072151056413265094 -0.024431818429315043
0.040355300973127846 -0.10751106432179372 -0.47931427503690976 -0.48280768894084047 -0.059671220437120587 -0.11005982393693699 0.45664998653306799 0.53262841022233898 0.070463428017985788 0.037684566116292596 -0.098418025766006098
0.11608800434070485 -0.028468272066306973 -0.49648067024150561 -0.57126619034670167 0.00078969112396095004 -0.057478121361956361 0.43019441151536736 -0.47037035234521013 0.0019306613626880807 0.015397574950323727 0.054903057270365541
0.061722078604344636 -0.050657244911651717 -0.43487467397478691 -0.44522868869770321 0.04695442484907985 -0.032403669060192639 -0.54734937164476438 0.53346640720111704 0.13526339941470947 -0.022888809042809669 0.005207534204248198
0.11491152090898681 0.068930154026163426 -0.47848123772863899 -0.55366616056894646 0.063554012446541991 0.071755440938232246 -0.52136871964067588 -0.40410312083467342 0.014071156779037083 0.035903143396146378 0.027455435921214019
-0.026951575058014474 -0.11018526574477952 -0.023037223728685073 -0.057336104485119298 0.43220952077989377 0.40676867195168842 0.58043808146804154 0.54089020121114906 -0.017634414841098567 -0.013012948034015492 0.033135620380532221
0.47635886549133633 0.39358061629177843 0.034560044085887039 -0.0016108895815604304 0.4804315759207774 0.59344367208435533 0.094417864074057348 0.13780729054650637 -0.012598576517723175 -0.076949553399131523 0.0020265175468196653
-0.03332986663871023 -0.13046094262628805 0.00096993927924490016 0.040524363405336064 0.45822083239711409 0.50511720816730432 -0.43556885698227571 0.56524532803563987 -0.022273706029504757 -0.067478399209600443 0.029055292438959893
-0.02104849310651951 -0.0055638700217887915 0.012793523174579951 0.0054905097654423746 0.47948347050998319 0.671401904831052 -0.4126874050310671 -0.38038475524528048 -0.012916540286934423 -0.052144852896000446 0.027529784992659363
-0.05423561409351095 -0.051662188241679272 -0.029310541223063785 0.069115528636727222 0.47565128502196946 -0.63195118296765063 0.44863655550050108 0.38374577910752039 -0.0022763334799607809 0.057650669907780672 -0.10621980228786949
-0.029706930640800721 -0.013261880833453078 -0.039152340703584032 0.033884202640749976 0.55178232193741439 -0.40375631384289856 0.45049828407797943 -0.55909487074642483 -0.090952007771438748 0.061409828687229231 0.034618937268890211
0.0069153984276751354 0.039745384156017617 0.051001924763013379 0.028600378811077656 0.57479556030485279 -0.43496535985445611 -0.46940182092452659 0.49645796503325973 0.015075522321144097 -0.070516131208853236 -0.05796659917207117
-0.073575342588275319 0.073263997035175957 -0.032892309577016013 -0.024765580273951478 0.5728502670043969 -0.31820181332323461 -0.56298711378100696 -0.48812709828620299 -0.039011077859090956 -0.0097254284335127495 -0.035707041013057265
-0.028824606160385947 -0.10205702805026121 -0.046043621666961819 0.017665546633642143 -0.52069082777050124 0.3727659661881963 0.58742313100534227 0.4631648405811214 0.046330772422990649 0.10558696938431672 0.058010876832637774
-0.078536908213651044 0.062401285143274525 -0.12578708427484353 -0.1332103096226471 -0.47363633593671473 0.51332395032382516 0.51519258519554345 -0.44593633545262035 -0.059299252790554577 -0.018376873136962034 0.020026828000898788
0.058759483612938229 -0.057036020085412149 0.060353749058413016 0.038728858898072704 -0.493079379001581 0.43277526262261529 -0.46124945763168879 0.58090736272965371 0.076449506817620971 -0.038437676444313541 -0.014269047781912788
0.031566218190267281 0.034614826770650829 -0.0055543304881642804 -0.078776812339861529 -0.47821805893559538 0.61945674779064341 -0.42002285823053925 -0.43268699369054919 0.077623280015858831 -0.082705075865373789 0.051447424544642198
0.047883668133947094 -0.020197019320844074 0.014852297495761739 0.052901457845857688 -0.47978468119434348 -0.60591360178284981 0.5131459028914469 0.3591352007857283 -0.050720101574716361 0.03125375845311653 -0.033306311719691999
0.024346833385526755 0.13337803342624954 -0.039708976917719803 -0.0055028977421124068 -0.45592978102693388 -0.44759486834830942 0.45224491231097325 -0.60214045010383577 -0.014130847608813403 0.040408504494083473 -0.053536952855213114
0.10788400022045407 0.050522567876919611 0.05516572125544824 0.099060183246012776 -0.47583274583134799 -0.53692713089580357 -0.55324697133027889 0.38301913882827787 -0.0030715950149285023 -0.0094746444530766638 -0.07321007068332927
0.08625974640179189 0.087297388925734659 0.082511679298646265 -0.011079147363858956 -0.38728946079617832 -0.40692397465540731 -0.58887502399609626 -0.55837628779552739 -0.053629771648047796 0.014859387677163025 0.027792503475347084
0.37834061858934276 -0.099113934906945547 0.52654169937653761 0.013416967623163819 0.51855960963792413 0.032522804323175822 -0.3428810432817655 0.035506117993561001 0.15976828530452017 -0.14795682998905288 0.36524184274910421
0.43521748386581371 -0.084284028917563036 0.3926638120326878 0.22549092064534443 0.44267181814870038 0.08534588276909387 0.12550668342404622 0.13108462279135075 -0.43512550082771451 0.37748100031833681 -0.17449197218307441
0.47745755908741133 0.014148190401629686 0.46072296711653088 0.15966288870307888 -0.19638535272662191 -0.1313916098669104 -0.029230377968744163 0.41127373983728294 0.4750030568126048 -0.15327128389349134 0.24315583704361704
0.56373393530773586 0.0015519735957331313 0.36179322333333908 0.18016772214147084 -0.47182411482601189 0.052298234458019351 -0.18430331535163663 -0.34998261190725355 0.13416755149283927 -0.34496999414912816 0.0057469057936584082
0.43008917287874554 -0.058575717085659819 -0.48671892377945641 0.20555198185036253 0.30372014846313733 0.053255096619275556 0.048788299726604971 0.48366565393859823 -0.14627699547129713 0.39847558924842841 -0.1444669831251342
0.44876724486615255 -0.029461100641004202 -0.44510472645752969 0.16631418044896551 0.42959271274247368 0.11326227370735069 0.046507126969608993 -0.44982934966020166 -0.28693140270853923 0.24205981085258543 -0.17073722294583907
0.047418081973169171 -0.23771227919762172 -0.37176310968535164 -0.033812440926087269 -0.40999213534652651 0.0069212763102677747 0.53582006035334018 -0.13507341001116083 0.49014775538284688 0.13924587098529095 -0.26223968799972208
0.46249542600411886 0.1926003214131744 -0.41090047289885195 0.055410184574873365 -0.54660668391495093 0.12089808336042354 -0.03009554934230171 -0.42273307708838026 -0.25719468241414406 0.080871343381431066 0.10677134950777109
-0.45813067780919675 -0.10717534889370976 0.57812881706022901 -0.031543177390722404 0.38389757703764865 -0.21834087574379601 -0.13570565050200661 0.10351150302227383 0.4126977117643908 -0.20019047292432093 0.093943899359989702
0.22069540414887989 -0.20931383481819768 0.14810246356895643 -0.32364102915278437 0.54036271635282707 0.033576778868484265 -0.47139559357004679 0.056017561788534814 -0.50893742677631626 0.027846464146071451 -0.050394777174629306
-0.45174834832842359 -0.035153805261417155 0.36398531262377498 0.1212836401628062 -0.36265140206146085 -0.2331741145224861 0.38545584274375855 -0.070943014493458523 0.38363491645247527 0.27436475290772672 -0.29248165533993914
-0.2977513466998214 0.086197429407627604 0.50987185392347723 -0.082222908271785272 -0.33734928870149639 0.0069830737528201996 -0.40265589388421691 -0.21423831371889221 -0.42965718672400399 -0.34962966597020134 0.091950494031573654
-0.40684376243681719 0.05282038495873239 -0.37165882052123878 -0.29913746798604407 0.34873811295445489 -0.11850483326275862 -0.092777493405951178 -0.4050085026234812 0.42111061908164099 -0.2439885774770367 0.24271147360283771
-0.40465145460759494 -0.0053918400227698947 -0.45132520119724656 -0.26345919168986576 0.44258217574871161 0.060161484368850701 0.075534930916969778 -0.37577593201647536 -0.4191356978315024 0.17205736247715495 -0.10692526773784219
-0.3345126740302129 0.076538506876473428 -0.38758331260067902 -0.0031173073035112315 0.046049204943149062 -0.50706667518122728 0.3950406865169564 -0.16676799805844572 0.18044672875601286 0.46011750986247274 -0.21127609834218666
-0.29396201554043438 -0.11811451638644342 -0.52858798450396327 -0.10804360103999364 -0.40733427405344907 -0.010832198309653845 0.40085553485664083 -0.026818166944134168 -0.36725728816619041 0.093281783589290207 -0.37085615708445507
0.26222760877696505 -0.063336667420438503 0.11259299261604741 0.34036225494259764 -0.052625672946562549 0.29642385730486592 0.57658685207475679 -0.032186339446406843 0.48128713700114606 -0.33981303137538715 0.1657298210312188
0.33976823201634121 0.20204070278701755 -0.097818906473851497 0.55979479081375594 0.042484871883741317 -0.27286977585924388 0.36560027951641849 -0.12274872015165249 -0.53009519867388344 0.11312370454441992 -0.044797018417521386
0.10533045892677487 0.37482819074861956 0.029451258160027721 0.49373364207091991 -0.23617530258454114 -0.074389550891978379 -0.42014931908348052 -0.093216851447636639 0.41285270596327506 -0.27553543002109726 0.33297822053630688
0.19896533409989814 -0.0022473686227534821 -0.043155778191156201 0.37576646812361791 0.11619006062200116 -0.37020694508382918 -0.50798478846155315 0.062425735948114909 -0.57149032555676704 0.22000289802639009 -0.17275296774810897
0.4516791179006362 -0.014967093350107359 -0.051918069487080054 -0.17784731255763592 0.43766107102291318 0.08324203112229174 0.53065530592353838 0.0069017018833952854 0.12010372050668676 0.50878770603642198 0.089598206034392752
-0.19879614993885278 0.43827192465593789 -0.24294714642290621 0.1438428812142043 -0.32325199993172021 -0.0029107267769883489 0.46160440790983909 -0.034219174548144951 -0.52533754056044413 -0.2174504838681611 0.21603140244293725
0.55559348884349546 0.086577334415119458 -0.01068884453589332 -0.31188664561104512 0.094384223632299993 -0.43118924838517808 0.12212610992344623 -0.21331080424999657 0.49154735563131746 0.22096366373336093 -0.20184184443566577
-0.36645672815631081 0.012382443937287352 -0.12223996547796617 -0.44986878093566912 -0.057625628759244436 -0.27237799243384331 -0.43659304049289227 -0.036342855064999235 -0.4360419063700578 0.40551889214527154 -0.15559153665819028
-0.63682480962949162 0.028872193803011269 -0.085390350196333842 0.20752978373045547 0.35613069703832362 -0.063561292310262016 0.43039463607915868 0.0025311530722746888 0.47337380167951154 -0.053381506415422803 -0.014595654321345375
-0.53866531657751793 -0.2054344433072739 0.23560212010973017 -0.15228430959343739 0.47447310969474477 -0.028735195463722586 0.35587890053356874 0.16579305882485051 -0.35049233779383648 0.28141947120520994 -0.082511363848216571
-0.39736928138368416 0.12569177954883859 0.18868095061331752 0.24792805557437694 -0.43565103343302647 0.062724822079045242 -0.46341010017336531 -0.13988479728457426 0.47238799261260089 0.26217440876026854 -0.096445160779160877
-0.52819837083655807 0.046973564856410945 -0.15850841400754709 0.45055830121380397 0.018103749084847312 -0.24527836899900893 0.11039671878325893 0.17227311076108934 -0.51309676189411058 0.22720519371332112 -0.27097434157267913
-0.39616020821225473 0.034655690116823797 0.11820980485509612 -0.51607777533382437 0.012198793595673701 -0.55415379464921666 0.26844778766643862 0.0050697288769336974 0.40740115279366362 0.011833379979417774 0.12690689773140976
-0.42282922001604784 -0.20246205899232297 -0.11677803577220269 -0.38978036265985044 0.029674164478285962 0.17270814672608939 0.37867115258033235 0.0074610230405574695 -0.54656495865946764 -0.33146027718741339 0.17861519135615248
-0.27070071701557336 -0.01706000578354756 0.061528276632630753 -0.42515646894283898 0.0051657685030190807 0.36137830305431318 -0.4983266226675872 0.021988660814957945 0.52555339150522595 -0.24792550061336535 0.15741352475947284
-0.25441247008534323 0.0093459350744665298 -0.038718521766439862 -0.56071365591964917 -0.049949037430777214 0.41348433383790539 -0.4599446812053633 0.14097714219580434 -0.41303503871934683 -0.19166516827863223 0.084063521806403835
0.36379580622633606 -0.066206829942894091 -0.05095455091666877 -0.23680678840487626 0.043988599903526285 0.42623009997614175 -0.066662239655815345 0.49428997577426131 0.5606140633519483 0.21257120535888543 -0.11290381294529619
0.54044847684021025 -0.03242952944717542 -0.14339370563150836 -0.49158441651511658 0.033041833194619896 0.30741798008761001 -0.071165990562502987 -0.14229048251415735 -0.45537524885667863 -0.19019576576460295 0.28319070021941295
0.48975845778900728 0.11911954876308063 -0.37022456906694756 -0.069981556079682775 -0.10201272557112707 0.38130556680006872 -0.024365270437952214 -0.37391331365100833 0.48675981511044292 0.19638012389314916 -0.17966051805465652
0.48523415909483902 -0.067096035264668952 0.2854243310352606 -0.04997897164540268 -0.06570319582954505 0.58439323372438534 0.085650696447880467 -0.40371725399938424 -0.3058019232855404 0.18202087140461515 -0.18242408856762196
0.54867673910035097 0.030767754908241272 -0.29466967873352368 0.065209370606770387 0.10226097818523025 -0.57538125508775484 -0.0062886730567261054 0.32198642903712343 0.27675476315278319 -0.25605237256549074 0.13976043419165482
0.45466209866350976 0.060630738303422665 -0.33737513515661188 0.1260863358003412 -0.29909754040509307 -0.10579125769418581 0.20908980371944652 0.51880942818900533 -0.39585699990432471 -0.21741687896337153 0.205865933084173
0.36931342293508529 -0.0037786568599319707 -0.36890058541157356 0.17214926890079779 -0.1097979385195567 -0.28290721454169526 0.026891491200672898 -0.53704363785472398 0.44064277961625387 -0.24730794659441432 0.24761244801791399
0.31768693078682603 0.21672203753334768 -0.32632091023593296 0.1059114482747044 0.41899834377947198 0.16051671100828241 -0.32478097320518529 0.20596704860625456 0.44090445917067922 -0.19718272582240634 0.38973824468726248
-0.56853932141820052 0.05542864840173975 -0.50734575218077582 -0.060255635188448509 -0.11368786487854658 0.2253140798206795 0.026215632075785263 0.35012664338032984 0.34427445160965653 -0.21458989137122858 -0.24722305847960629
-0.41903194102254421 -0.1446495907936764 0.50505116961298335 -0.016373989893432975 -0.10627428330191083 0.22952183878236476 -0.039534634057837539 0.49102550981180582 -0.31430396372469482 0.0046013362292278434 -0.37774627272823752
-0.43541404807711082 -0.069117222647755494 0.1730553731171062 0.42649266984433182 -0.025208140606016935 0.42394391275509341 -0.046151984538329374 -0.16694866740334791 0.47932280905213126 -0.26844994815538559 0.28567774150810366
-0.40735883781589871 -0.053257324653522731 0.10236294720246332 -0.22069698963226 -0.13309141786460385 0.54870550534932339 0.0048361395145308768 -0.2664767491757053 -0.47115878527797012 0.31812597581385793 -0.24293632868029247
-0.35510507871324876 0.018150179021958906 -0.20424160256881824 0.12758542542074153 -0.10205869163243947 -0.55755010765832524 -0.081141822791239326 0.49668619943320258 0.39686354283001934 -0.16248966808045476 0.23898837212832622
-0.50847131262775069 0.029726530007298638 -0.44593878342776 -0.017883860018375455 0.35659918936718221 -0.043951413155624529 -0.25039090948311693 0.21136811991350291 -0.35109695813673003 -0.38675599260623444 0.17909761740791638
-0.39523252221601768 0.13149650013526371 0.15092969886687604 0.33204042046906412 0.014825277148369705 -0.45029109747179913 -0.042323332113354269 -0.52349529366390801 0.41311187034002589 -0.18508223584220548 0.098650946954993671
-0.45021743723957092 0.075485783648395366 -0.088732971852050924 0.23071535434983145 0.011978541880157997 -0.35082799587840491 -0.085106922126380366 -0.52107832231896833 -0.50836644395334429 -0.25467242193685147 0.072242525362806509
-0.078354493697352159 -0.060563043153715655 -0.04416110776306946 -0.041172524267171683 0.47859190119100514 0.54086931300146468 0.53793895480806031 -0.41281016349220284 -0.066491316340323292 0.010283078883961962 0.025300242157993192
-0.03676830276675723 0.42517855207171251 0.31848315622613538 -0.0068540053373953146 0.15874640193879608 -0.30304515305635082 -0.0080566965511872125 0.43509016086164226 -0.4618851313059143 0.24424623294093958 -0.37012640056637175
0.04690637013909349 0.44606547503532706 0.46118195166883508 -0.01820112982561636 -0.15158667432419581 -0.23614160556028438 -0.066995523191653916 -0.49294885949231632 0.33681135960475023 0.28567024426560317 -0.25402278327061623
-0.15420729311673062 0.081103632215181423 0.48595546420989388 -0.12707178862944907 0.10027563878202798 -0.22389328407026546 -0.027773370779121499 -0.41882287295595461 -0.59505620395636916 0.21918511196311441 -0.28078638559677538
0.14108957484905418 0.26793430243944238 -0.34356143671279554 0.0058226499579717306 -0.25960947936353451 0.11106329734175896 0.22050424397659324 0.51088156972451793 0.49497764594113663 -0.31962303052800689 0.23177702233713138
0.031612351202785272 0.34334868495897819 -0.37044961045776947 0.043040729558499691 -0.061429259360992756 0.53773183064733543 -0.13395260662399655 0.38512419116560248 -0.25578392987914295 -0.43305509475582576 0.17283451212485895
-0.12247592285419591 0.46445782946838832 -0.46226697860170834 -0.025894133051534325 -0.2256185616518632 -0.22105595503706565 -0.22522292205811739 -0.44664732375163047 0.38701447863148597 0.19279103424105073 -0.13408971148545959
0.26986686233052976 0.11978334596512127 -0.46462774273023211 -0.085173141773368682 -0.10086373523080461 -0.53569823539970263 0.14173441410582022 -0.26301461526091885 -0.38550107095809999 -0.31637421513818431 0.23361352499193971
0.034444082244242953 -0.57819834420691574 0.47679651445593479 0.050474265489084166 0.070561665654425385 0.37999278665345693 0.048331842012198048 0.2623012217478784 0.35095569509031899 -0.21369467672727882 0.21276990635785104
0.10081643834488462 0.1887802912161082 0.56851923959021367 -0.063717192888459548 0.45187893856060463 -0.017856845014919097 0.14452478944366506 0.53628549567342698 -0.0052845242859355882 -0.32107149506979299 -0.10395297085094989
-0.080426073574256365 -0.4192720075716096 0.30507751030338737 -0.12515945454059488 0.40490448211140567 0.11267544291460234 0.065335167442537645 -0.55783431003168893 0.31908485190281693 -0.17410630185101067 0.29118054591821152
-0.019659941544168828 -0.31527102631684795 0.33596221889374595 -0.03520612709952655 -0.13473134719109589 -0.30113204732371807 0.01045350414096447 -0.65367735959762319 -0.06333973392296223 -0.46677357198121527 -0.16727725882516917
-0.048794960052213676 -0.4232738942830071 -0.48121183642510501 0.11122063240907246 0.24910227261412904 0.082043245604276352 0.027634840774889338 0.56889109762027079 0.39136075522650526 -0.021023674497872236 0.16653637541088176
-0.044997315828942966 -0.59074523476530805 -0.3180903467459526 -0.021179203357142816 -0.14768905518149919 0.35801920485127553 -0.10261714869686847 0.37462410363108023 -0.30433101343134761 -0.32618316316823809 0.21792006300721964
0.027146266586293818 -0.51651548274807713 -0.41119856124366011 0.032227741843123603 -0.055576504629706897 0.3854140990623694 0.090570011410974108 -0.24677427566978336 0.46718845750778737 -0.23528518865841597 0.260757610868806
-0.0057758797352957802 -0.36901774828939482 -0.42502576448272872 0.029023508067428466 -0.027314271351583895 -0.48954235713758093 -0.048699997957132972 -0.40259125486729941 -0.39599464854244104 0.25925355495220842 -0.23114911115661374
-0.020716695746078668 0.37899800134990985 -0.33038845958540031 0.0741051576746065 0.070895753069621342 0.46166262459919205 0.47428632183221686 0.16987443616123962 0.41939462019035229 0.18196549146857391 -0.2455942007572269
-0.15839122705117506 0.40165609494036536 -0.00053906015346173221 0.36571274689266375 0.30890153656375302 0.32893670397693858 0.015445993499074996 -0.41973894404212103 -0.52823965680764517 0.086893903519605104 -0.11494318986478434
-0.08156041205627447 0.4589722056164634 -0.0070712049638826319 0.35889855989353259 -0.48161574152874104 0.12625408312065617 0.31746638211508887 -0.25390282553273497 0.46925601995506749 0.10869473148004817 0.093129554536783746
-0.13664457462328097 0.46223787639771219 -0.14091875065951603 0.27445748519162666 -0.023125715310001706 -0.57989261385303226 -0.13030480544752981 0.3060595340458292 -0.39415324425258652 -0.19621344627200443 0.17652444850065299
-0.011898839056995866 0.30613434427139258 -0.079392139129859998 -0.39360770372821746 0.53068705930557403 0.17071446174818047 0.063115074808663588 -0.24744433418165526 0.51091324887210798 0.24894190156056933 -0.21429240051874363
0.23257880686977375 0.38418841965195893 0.0436367133146673 -0.53576871358194067 0.37804980317643994 0.16509151964244326 0.071525218211490701 -0.22803284836380355 -0.38899596946196408 0.31394142560783489 -0.17940260955507009
0.32641747259601983 -0.23187987902052559 0.036581688164922438 0.36713409071155295 -0.021581303600517694 0.47392824382668497 -0.46354054273900996 -0.024182243378309147 0.49876850439420678 -0.1182933194283472 -0.016309990849792812
-0.40490751002502479 0.024017878418110924 0.39117524114360053 -0.1600387571867524 0.55090483490409603 0.11509995846870834 -0.099903542884497584 -0.27972843659657853 -0.33991950441128899 -0.35552504349191871 0.099631305546990637
-0.11563661539572501 -0.51437233263722471 0.29079290997151802 0.28793978581034707 0.42330589776056998 0.10357641080954884 -0.40673674118742548 -0.098220230227570288 0.28206371316315637 0.33041651304589853 0.029094385461077066
-0.12447511134691761 -0.42940555357266269 -0.0035106025284899083 0.43818042020604225 -0.1661069170584582 0.37412546273452341 0.38964251726102256 0.10234349563142245 -0.44762718391241085 0.080960010273080849 -0.26705980805195312
0.011173438757696403 -0.44618074506712785 -0.054302192433316923 0.45629454651211215 -0.50192302061259575 -0.1157369065636715 0.14436669058614801 0.26153107197147502 0.4486896601271132 -0.10463562524142811 0.15103455705273858
0.018580445804746996 -0.34890009209454015 0.22712381686404642 0.12445531531594876 0.010337133003227595 -0.50333098568214707 0.43389200025847457 -0.15349345000689965 -0.50056510513428376 -0.21203832713809082 0.2237230830053257
-0.24521162736147908 0.0041957348905532349 -0.017470806159117187 -0.43612920911535397 -0.029647493910796414 0.33208259389073669 0.4552919978990565 -0.015335545159819997 0.61277396348473756 -0.14106256701295089 0.18779071864790889
0.096574756958818994 -0.48324046105892249 -0.18357989663818799 -0.42763773430441548 -0.42989461629658615 0.16117038237828962 -0.14823435249900202 -0.41640468745817572 -0.34393871045792218 0.11355056065023668 -0.056896715310021884
0.030222909017622521 -0.44258279915889848 0.4372645543356099 0.14629909719694459 -0.02016386582503223 -0.62092079022899804 0.017035084534190024 0.32396614536819096 0.1084150664048667 -0.27396868670202768 -0.11223720751157476
-0.46440364416690666 -0.14971583785399914 0.29476710825062624 -0.20520075908264446 0.084251828594918879 -0.45391406232158416 -0.18183430596883698 0.35725391940056783 -0.45551959518277291 -0.18378313015835915 0.13347156502511714
0.34911782867888269 -0.072444226024708527 -0.48400368632383722 0.067203637933345342 0.50381263055849812 0.070506979362376362 0.36481943382293303 -0.1169323875617914 0.42226999921320363 -0.20351960437322109 -0.093785358575130054
-0.053590077920596786 0.5582101746638195 0.40596826257862884 0.053543316576617504 0.31441548830961219 -0.27285618022787655 0.33390748335853532 -0.07128518044388657 -0.39086300040342414 -0.12244779863274254 0.24536026620763018
0.06518108748275557 0.43726926323402104 -0.31792281504247044 -0.0027327401448567173 0.39052286248488044 0.22387683154537677 -0.37695683888503079 0.23956763289044361 -0.44279574754641943 0.088826409210659402 -0.31207110907060004
-0.13423582477060519 0.52853399464028483 0.15345147625354591 0.10531173840535733 0.45124541795083406 0.069481237638686702 -0.44300972190943638 0.11229618605706738 -0.16653900562538068 -0.13658965004661108 0.4519784866983998
0.46700688580301009 -0.0031230328436556323 0.40920787573561107 -0.018820196128129508 -0.42863040261991531 0.080560378724922138 0.41443561218149144 -0.14598857426901299 0.35788012559851795 0.30944832631922237 -0.083483781898880657
-0.011687735475950291 -0.0117469051538227 -0.4783947300084358 0.45969890045151562 -0.5124872577041184 0.52274968574989078 0.049480975214688062 0.014394628187202201 0.088960340472069688 -0.077937124041453726 0.083586346446499316
0.17395241142949006 0.50136571019227605 -0.045309110926071497 -0.13894218006589326 -0.42945758792466188 -0.0054068501946472371 -0.42888132353876318 0.043103418677553122 0.024140601535825729 0.57105570676590034 0.0082219922964532604
0.2486655984044871 0.27011493784838497 0.034144273725080096 0.41900384275861946 -0.34331644683171342 0.086698839724755228 -0.32006221605362789 -0.0047646925088172644 -0.50776795512506612 -0.29041372908827034 0.34417940472538117
-0.19754103824637026 -0.48651578969768328 -0.019943491223086706 -0.33862642910388097 0.33237593659687414 -0.065755401110447864 0.43871703112234722 -0.10711896751551971 0.39756864351397136 0.29457710735375364 -0.213619245782977
0.048329990572474758 -0.41141218183300793 -0.14025882674205212 -0.54878373407644376 0.18030232065762003 0.13515641203149223 0.29687403790235223 0.044672064299314522 -0.41172466571920757 0.17058380806778498 -0.40993425959691066
0.19351241050502624 -0.4124860726463444 -0.10490432959634452 -0.32771933575900619 0.50704141310372963 -0.05233282945037758 -0.29042586496536638 0.0098501436070739697 0.57018052482860437 -0.06590235038240716 -0.016745947710644724
-0.034994758618786009 -0.57907456919802835 0.10402721155964355 0.11353313408447639 0.43149911725090956 0.086290568575905696 0.10444132618665186 -0.38544592269036221 -0.52196018980419168 0.064309468181931811 -0.10022140046628417
0.07286917340356272 -0.42202990271415924 -0.02016592174567719 -0.44076352468676377 -0.28752030836073272 -0.12855056052351238 -0.029269612600260429 0.34188053089830461 0.53448295670262036 -0.3039777768881668 0.1639969325357141
-0.0055011345128884413 -0.43516137855762071 -0.33722039707910817 0.10884087451034266 -0.55445175191157214 -0.058801546917338479 0.32884249192953874 -0.22004070368627821 -0.23275270558296224 -0.25879480672548899 0.31058355256097753
0.41078470666908939 -0.048745355128978193 0.093889567928793979 -0.36702198678243547 -0.35691649203007164 -0.019533136500838592 -0.5532488926406447 -0.041189585111387005 0.47608849864085317 0.064550686919773878 -0.13776984727537997
0.087200733418483029 -0.60123542777088224 0.2639700722503987 0.013805385486489878 -0.0707399753197262 0.38752387378181175 -0.3898683078459122 0.056854699338760001 -0.32830489622760295 0.26403753943110964 -0.27043044669128291
-0.050432206415786017 0.40199171693859725 0.35675266200057859 0.064003752167793276 0.036142310960716087 0.51078353507966356 -0.093555488693664021 0.43985586223205864 0.34623301582299626 -0.19437879926827828 0.28705051075933796
-0.016223366566772174 0.25818873423055994 0.44146091915984814 -0.12888829971885749 0.04368287229838206 0.33126373381941515 0.56390972925799676 0.096494759818439746 -0.45697193895051896 0.1088950370444263 -0.24888689150338766
0.013349991608499574 0.25158887507512373 0.49678035315119257 -0.0049251853786604653 0.27374514360439706 0.2148996623420078 -0.49909698465125441 0.045814242609120127 0.48214340398540512 0.1536975231899334 -0.24760782470990852
0.042465987717375406 0.44103271442577541 0.47686932628507001 -0.13422938374145316 -0.067269158067008075 0.42938684722533865 -0.39323021806408859 0.091180364308598896 -0.36082524417295203 0.14892088298060746 -0.23248773995782909
0.30113387671608888 -0.10275676495709184 0.22506119544519673 -0.29914356936205583 0.36433288183255508 -0.24054655956541721 0.43520456330894536 0.13252835787087516 0.46796065082100213 -0.29751735755770697 0.23140526426728011
0.31565473365396379 0.21991248277113623 0.37689450661136792 -0.25308106973507671 -0.37749457941632436 -0.10156209720733443 0.27844417767073926 -0.29544291296618197 -0.46203913190034701 -0.28071111843686486 0.18970373921292158
-0.031790773540816678 -0.30988344526068362 0.44773872013052407 0.0099246618267803503 -0.26782240605013841 -0.13837145603258888 -0.39831100534274155 -0.21143824933965844 0.47610057478208917 -0.15013338553521954 0.39868289981690763
0.053271181870371949 -0.52051475139720438 0.47011272355161837 0.088365086230592305 0.035274109785795885 -0.33968354780361532 -0.42889745519230932 -0.17455361910539316 -0.34980972001753113 0.020461084399645193 0.20874757189956977
0.036377662786879712 -0.31930410498211803 -0.41383073436779 0.24121423083229596 0.28796357872003858 -0.20321917160558597 -0.12841239623799028 -0.43022940930376735 0.44629863720073382 0.3164101516146729 -0.20536643396990609
0.29221768000713261 0.20282960570826128 -0.48350385793176709 -0.17106749550405459 -0.062184106744127582 0.56295590928811079 0.26420988641606752 0.029137655261220152 -0.37643345486309565 0.13190048461426876 -0.24471808297880529
-0.010275885296504909 0.51339235967441477 -0.3380052412883926 -0.031193081328404974 -0.034128770865191088 0.41684209721877791 -0.46669452066103984 0.1709391652445906 0.38596901007182011 0.047571965619590491 -0.21890840608647089
-0.27189820107257295 0.24687741001844932 -0.58441687249383523 -0.040720759963763307 -0.34029630707575453 0.31622705901798775 -0.38114008159116697 -0.1118056435245485 -0.34198698713616332 0.13606800682178932 -0.11350179070760251
-0.054823370514951404 -0.34730498106330432 -0.47961637389507761 -0.041841309014568652 0.064078059293595654 -0.46408080279695757 0.47301686861041314 -0.0030767667231299208 0.2801335915777064 -0.16172278405828402 0.31101540994124965
0.12706897290465249 -0.37060558613099615 -0.55033673900202673 0.070188665687192758 0.21468084727590989 -0.067243960536545189 0.44832893426624132 0.063447167952613681 -0.52009557980081511 -0.0072152473388764713 0.11190413668566121
-0.083210548173387522 -0.34128476863838608 -0.39775039686105035 0.095732341307762273 0.01675259678540025 -0.35382740847561628 -0.59865016780191271 -0.11040006101111982 0.32638027766781857 -0.16731891543784227 0.28047507110397257
0.4437607240241378 -0.077869009514626067 -0.49688487902003731 0.13226948140292727 0.37344667552281907 -0.075518150680609339 -0.32028219912508699 0.13962206508259703 -0.37307562949654705 -0.3291637098150858 0.13359807858781905
-0.098264715568463445 0.53797023268954069 0.14581101912232849 0.46011581874391583 0.34287306927016076 -0.24234415431029332 0.1164908745711534 0.30231105097177541 0.36317498883153454 -0.19330235748926203 0.13209108364124947
0.02048127061746598 -0.5160375328141461 -0.044203131920449119 0.49445075099869079 0.38357164363902385 -0.11227617523005053 -0.032250185581658437 0.44700394914177011 -0.25330830937766952 -0.09846478223293717 -0.22891954254642316
-0.097971891175631182 -0.47230999146768537 0.0046777488231326903 0.49291870812345934 0.37346559525469103 -0.23220376638837303 0.038753104606943485 -0.011961969025251392 0.42087423675734081 -0.33761128111752814 0.19539067086147036
0.39055819177149559 0.084773658566898516 0.15824957872090356 0.13844694598262744 0.34274832516085529 -0.1413088870386735 -0.10567310973081202 -0.4952755355264033 -0.53558682969143545 -0.30424545245015905 0.15079593493444152
0.074180578332500524 0.23671608869895253 0.082202861407860928 0.54836387348168958 -0.19433755990230531 0.18964896899384387 -0.059601763862777185 0.4430669925652061 0.52586811543662171 0.17508055446883714 -0.22409253181291633
0.43194367065070277 0.048107417021005593 0.27221018682068693 0.448277017771259 -0.36937651569049207 -0.07277792385376522 -0.022118241698153351 0.43681013803163088 -0.3087376872411724 0.19164110635669213 -0.26643282141232044
0.0012075379367670852 -0.33744247183624337 0.10820121192395034 0.3466074085687012 -0.35806167432445829 0.097310973405220685 0.036172198920272639 -0.6426233517979052 0.43376464218273003 0.063098290711944852 -0.10100977478524736
0.17008030318078143 -0.26005737518889904 0.13994572656232568 0.39086775452360317 -0.37256145927836404 -0.01173975371291552 -0.10802163006470183 -0.47594809715418335 -0.57030909333859314 0.02139446673066393 -0.16803312922054361
-0.22302345366070653 0.23796459180968818 -0.04784128266740597 -0.34804545190383057 0.42859294311505014 -0.025023102980338708 0.013443856300361042 0.55064918232611249 0.51811453175678424 -0.092543496009882986 0.074085590590784622
-0.12290374918164088 0.26412232995578944 -0.031928143978466793 -0.49918556113416529 0.44944429808811903 0.010954364974822765 0.069239832190084907 0.50366008115407002 -0.42494071645809123 -0.028754841554499415 0.15145683249883787
-0.024975395465374816 -0.42234380889360829 -0.10205306387723426 -0.4472653539137279 -0.17591277673169634 -0.32166373470667547 -0.12159523406018057 -0.52517397667794941 0.42844341003245123 0.044396446528695281 -0.00020498509823173053
0.11432513779998094 0.47281571299526665 0.062409121095514386 -0.48232729685165981 -0.055163317487529263 -0.29479806740494863 -0.37233998808610852 -0.0099202410583163064 -0.45468411798033709 -0.10908012437917498 0.28199300345394201
-0.1400182421119304 0.25159292284379914 -0.12673276112076845 -0.28570558179195171 -0.47314309555014905 -0.082103291743508208 -0.0074648356589080657 0.31746977834814183 0.60841926639322386 0.26098880100981797 -0.22286708943602873
0.011225454820239506 0.34649700731881178 0.0010926725983484604 -0.52423119551507669 -0.51483888739004957 0.073274880588619154 0.064837844591157032 0.10607119837612249 -0.47942139658195387 0.17075900110794129 -0.24516816173427808
-0.33341118620565802 0.0027862715267164993 -0.37914061169921148 -0.11217060156891326 -0.54770863779197698 -0.12947881310995576 0.063297669792308303 -0.1596560274391961 0.48364097950133844 -0.23236875393598491 0.31360704455424421
-0.23458677601497185 0.21423155894300752 -0.25465552049695472 -0.43105598255836902 -0.4160581203062067 0.023954331087138288 -0.063956353152251483 -0.45978727378570811 -0.27762657373898819 -0.38718809088707867 0.17958601167014313
0.45783874672653335 -0.0054059135688761936 0.43900102864302271 0.13669765285980412 -0.026264940732527737 0.41526172527686644 -0.31206740736445993 0.18847868688352487 0.071175300816740394 0.48139675376563551 0.18998715463101687
0.51332475177209469 0.47946948356982017 0.043543120507765667 0.073977338298283318 0.011980012029993145 0.11509179539548929 0.077977487367947684 0.016950719775847115 0.029462300795017982 0.44575645377477108 -0.52906876951434723
0.49891274887700288 -0.14525586954499806 0.31926525425307833 -0.035778847494772621 -0.03217071965878919 -0.40699788272784987 0.090761091716689404 0.3280335323044612 0.049767614223094524 0.57560380387685783 0.10224486575056511
0.48304360412472674 0.052834022063957188 0.40180044132260428 0.04285424310546504 0.082998122138431663 -0.43393530471895536 -0.094197280655339846 0.32972521858771159 -0.44985093370970325 -0.18199806978422609 0.22875274303769197
0.49795945879189446 -0.10781062351836349 -0.065288648598525484 -0.52501414062340523 -0.27040049850798914 0.24993779338793287 0.013694359776385752 -0.0062276615964281671 0.047110934899228983 0.54332065963986342 0.16517373450912973
0.55834257348389027 0.095033446546359118 -0.31334897250896748 0.050934229223987944 0.039111099509725022 0.24748527032454196 -0.01314786218745558 -0.38969360553402721 -0.059478610105003479 -0.5652499112536622 -0.2014511443374353
0.38233741420054468 -0.0019937927273989604 -0.49260853131955934 0.19038058441643727 0.063569782084484369 -0.46412976172299447 0.14561243934662474 -0.12180454042352921 0.017054871126923145 0.46787129129735328 0.3165673690077061
0.43432945670936085 0.16960485093362063 -0.49951982420019014 -0.046425087433802824 -0.014706890426697294 -0.27956587192941162 0.47133181919329042 -0.035852712748548725 -0.098022445459298099 -0.0015052893898599264 -0.46850148151631393
0.10304239051120768 0.53109542544915866 -0.032432805693964464 -0.27447947762389402 -0.0052445000631464352 -0.45038559599885003 -0.39087142369407563 0.12863842285856047 0.45596820632497964 -0.020591727113230034 0.22448834343412313
-0.4622316794304126 -0.096964423724131207 0.15686663248657845 -0.33202256198793439 0.13850743004604438 0.14205238258327113 -0.051942955204245744 0.38999621151494196 0.036354095768665995 -0.65962824242788742 -0.10725815284403184
-0.11799067218202973 0.23309729680629226 0.38965813255556209 -0.09680886227281281 0.072021240881318199 -0.27654901573351021 0.47855693077626166 -0.11803633901539774 -0.10000629886453752 0.65721452816431958 0.063170475794816452
-0.47379262509353881 0.071337127185646318 0.46623889398703744 -0.1264821626308871 0.1110902664168676 -0.36281408938468918 0.39977812566229742 -0.10528680996865279 -0.11271728103388837 -0.33150988032220841 -0.31554422813112276
-0.47395434038201356 -0.02085867254217335 -0.32532080511056244 0.010768741764823158 -0.0007423462217296589 0.43605117461338938 0.0431882054163946 -0.43879644361031428 0.45599924555929305 0.21981688222591583 -0.16786636155556145
-0.60054693978017359 0.02999141936881039 -0.21019706310477898 0.052731611315203097 0.082297653455132999 0.31154381119184099 0.079725089847807906 -0.35833671383630039 -0.035371399942176196 -0.57653072084246593 -0.1387368415949404
0.012440007035572746 -0.43051816428381884 -0.10601620751573725 -0.39477433077618995 -0.16670830199435968 -0.40896949545302108 0.36162824244226338 -0.081665687945019202 -0.11455548076129109 0.49340255549629602 0.24156185858648416
-0.46494497824121739 0.19078139743831932 -0.44618711153493179 -0.06879377127042563 -0.091491508869026864 -0.50661219133238566 0.21557297009640983 -0.066923381864311751 0.020935394696893261 -0.44251142054137982 -0.17714796921082979
0.57389473635718324 0.0017369389720370645 -0.32926265285851231 0.14111385001460042 -0.48879270574359096 -0.075244718861004575 0.059759834530298005 0.31948651790756766 0.29667821538571332 0.32166160424206808 -0.024651580288539986
0.21139154765213722 0.12971259681487907 -0.012510106529552307 0.24076061259240963 0.1877801201810593 -0.45050136161785653 0.49846190206163354 -0.11481674598752095 0.044898312684852101 -0.60545173014069209 -0.10917152162719736
0.38295177358820415 0.036946435934557618 0.48902550202141337 0.12123389084863156 0.087628553574938234 -0.47711299572181604 0.14695260442435323 -0.43162562119365638 0.18628775985153398 -0.088581571630443667 0.33522851735879378
-0.052380768392768437 0.57751475066024938 0.19043820515976842 0.29501176338867352 -0.25164439775132474 0.025281188627135905 0.024821635481797028 -0.49467614039434776 -0.10085187116558156 -0.46845204942819135 -0.039131265475390316
0.33417581554687004 -0.065230860646458999 0.15470324814672937 -0.29665941752322839 -0.044539243955677293 0.41371851597321768 0.02645358871507476 0.59906521130278201 -0.41592710762829721 0.24343034543351075 -0.084570607968958961
0.44982044438135638 -0.1368554777114831 -0.061625455736843429 -0.35350955100507281 0.031641521322780364 0.24089588937766887 0.061378539618351824 0.50229028668684927 -0.020557719741100221 -0.57443242535964223 -0.068376478620266606
0.5635275550193507 0.075890620497888611 0.14800431013641019 -0.11485361816002866 -0.044987293947872639 -0.26353015322326023 -0.052881075115397261 -0.50570347431411089 -0.27182904266458674 0.48569340110094128 0.042274820031056544
0.03421586469157413 -0.39149985871100629 -0.059677898614102408 -0.58033959021244863 -0.024100901276262802 0.21529623140094345 -0.060334291663808916 -0.2852369128150779 0.080369075968889633 -0.60482855857741069 -0.03148374434806385
-0.48702990174781013 -0.20813462137394712 0.40116607386453562 -0.072575362037182276 -0.067598697825582837 -0.23402856483774376 -0.1744660616230316 0.26296152128290462 -0.0021750829935289107 0.61451500303122319 0.12930936090026879
-0.51710287335242944 -0.001417358542573535 0.10147723850755776 0.46569643154099316 0.17079762635030427 -0.32170391750584892 -0.1338013498283821 0.22966456504574745 -0.022293205667535686 -0.50374134558435801 -0.21878215089708816
-0.31734183918431708 0.16616922133667089 0.0075744275830213334 0.31319747858213032 -0.074185995299213964 -0.3277466103508937 -0.19092414747754261 -0.44541538844312573 -0.18240527741176388 0.62641685735580033 0.0096875789484778263
0.025812279492547004 -0.41411891782547566 -0.0036461413323663088 0.50247815849644384 -0.20122839082190741 0.29845680334787017 -0.015702142198674801 -0.26024032597671326 -0.045291305469912398 -0.60942059996389975 -0.065999778263546222
-0.26212457517239085 -0.23882329786024367 0.10590208564987962 -0.40583727234079398 -0.019126325638399114 0.27104223394949667 0.0014043563109587816 0.63697048902499143 0.050911836058756883 0.06469837104596364 0.46042807998081675
-0.024033498468712704 -0.53710910582848281 -0.17695583475470644 -0.35767025272749559 0.49427811922014958 -0.21148889986338226 0.054680395558785816 0.33997058049854328 -0.1628599264835579 -0.33525573822914007 0.07187977051707356
0.10426336145060473 0.14721863712894634 0.50396451440294909 -0.0060579293326712379 0.42970115637394218 0.21128810536817025 0.056670034790437321 -0.46966542297352631 -0.18997749105795161 0.32746489317384114 0.34209843765568759
-0.43811331316906277 0.09897824816328725 0.39425766094663661 -0.22792149598722278 -0.41484874953247058 0.14721326175477195 0.057189425120085013 -0.49467867322702586 0.31292302513752851 -0.22198823438130078 0.043866550868371747
0.022024522207339029 0.0446643106052984 -0.041664438238671234 0.0098957485639948484 0.51681026560770804 -0.3335406468114458 -0.08012271771936795 -0.1241269075422497 -0.14541129791141136 0.54464382761756858 -0.52700613964209386
0.44024613828565623 -0.0038976675280902795 0.11314022810874487 -0.28922304123719944 0.44394682612231839 -0.11202932666034583 0.51266247908675344 0.055165598619905394 -0.42298758473600562 -0.23379838065617375 -0.025137069929614609
0.4742677222640363 0.16077491674890637 -0.080092021353578194 -0.29745596620844289 0.39205593970469704 -0.01483180217507889 -0.47494478242092941 0.097927450638116489 0.16063000290910817 0.48788976658755234 -0.037392161198437898
0.29225003418987944 -0.19053470636986003 0.35855522760743902 -0.00037214811560099833 -0.052793264696065247 0.53442335576691791 -0.4113422191807769 0.061051022465898781 -0.2384279364820579 -0.46289107895070952 0.13146604492163949
0.4711736381458369 -0.17159032505256094 0.0071524686560636187 -0.095805482630679617 -0.37142224108461946 0.0097943827631601695 0.5322063769602946 0.036546251803918607 -0.47097297562846424 0.28437421302716198 -0.11835713178131797
0.53524812068883731 -0.039455218149768254 -0.14459110965058949 -0.24090998533833818 -0.43332223232877443 -0.17508636032330177 0.4535431895198449 -0.024606969983367772 0.17645773913816232 -0.41507478830472078 0.069669169026943853
0.4877200289137989 -0.071204423443172182 0.28263020742318429 -0.21748810602034452 -0.47458709460744763 0.013134356587417729 -0.45564264484803291 0.050406916370713671 -0.41814658059273047 0.12530966192176624 0.061421658433335122
-0.00079262564304155732 -0.47475672173077371 -0.058862373836774014 0.4290306265089997 -0.4262614153098247 0.16358464077805901 -0.48229687972236335 -0.089078278500954788 -0.072821301061968033 0.046882428829745658 0.36134265813387861
-0.070886583086310018 -0.31812095342198943 -0.10370094663043307 0.47522439713269526 0.36939104252958421 -0.14580407483825278 0.40426826661172011 -0.022134488930820994 -0.12646149018358621 0.56529417970867679 -0.00082566826658753525
-0.36422965408550029 -0.0063744183212227695 -0.054417410441233938 0.42202723193035757 0.449750795661293 0.0044710802446010422 0.47715201995433432 -0.042636128729994463 -0.36985860289617967 -0.32566921181788544 0.10763088212680842
-0.46316171015247087 0.038606848156027801 0.25371336656401305 0.20049239029114155 0.4061221491033048 0.13025966932829586 -0.48720994077508567 0.083708018121328345 -0.38304760351770001 0.3048665761442802 -0.11606306321107937
-0.47863580517853077 0.10752642083908155 -0.1535631648925857 0.26778939213728653 0.44855154131424346 0.072399720415694216 -0.54235506484110751 0.074413451234117203 0.38932699136502863 -0.079563061495890292 0.0045454256763267495
-0.58150558304896049 0.12244103700630612 0.080869952743704426 0.3124986499401789 -0.040521336270098914 0.34484859518747613 0.37675551127360041 0.037472734742057492 -0.028912329943167208 0.52631773316392882 0.030105836360673148
-0.44609430771390418 0.0048154609003038555 0.11830001784223931 0.37481737424636835 -0.42175624695180447 -0.10659248311415662 0.44588850032888583 -0.081476370516481086 0.098559355827443448 -0.48747213938366191 0.066749123060563187
-0.28720432103577281 0.013935323761198253 0.17028949014408046 0.25197025472161477 -0.53254735144400789 0.044323912378955561 -0.43462316078773272 0.12715411024287715 -0.43477967740213624 0.36193943628924991 -0.1190029041888374
-0.35721181332014268 -0.01657700813145168 0.026395185229708681 -0.46127360127858424 -0.1058363716964663 -0.43919167414717691 -0.47320356149961373 -0.12559832280609487 0.10821260231940413 -0.44868487388186329 -0.042890387189950717
-0.039175414941404772 0.14110657266778812 0.51536910921761292 -0.0081147175487193864 0.30644391443455615 0.18541458437197134 0.57260893263453749 0.046844834777916532 0.44075766047589215 0.16300548172990326 -0.18352951595111108
0.43627566832362646 0.49482131394343276 0.54149451812054628 0.49678935462424245 0.077842683467597526 0.10478782140851521 0.074009394564542211 -0.034569254351882274 -0.014346797972790476 -0.028950229973238591 -0.0065643987297996677
0.096457354879462026 0.3036013399205329 0.54644367891929924 -0.011141151245360661 0.15603049343471131 -0.32728690473226107 -0.50145963407308358 -0.034285290975133144 -0.14201721149938198 0.41665218395939801 0.1480877313396495
0.071425107269085061 0.38115202651903018 0.54920379592573276 0.039916141546377674 0.10171931730800328 -0.4358537383519745 -0.33034540649818983 -0.046878985532911963 0.06245953333739717 -0.47361978568460206 -0.080904614158597191
0.11577187173106979 0.4599592571279621 -0.37364829750469242 -0.12451428177965657 -0.37264808128810578 -0.029585254925648785 0.48745232860913917 0.0056258858522353549 -0.040250474190187131 0.48430297631465669 0.079779209749989338
-0.18333929629696202 0.48610978529498156 0.14406583264004771 0.1167418519484595 0.13154259022326248 0.28979776974219579 0.50573858369195279 0.12035071799012448 0.071602435253375743 -0.53478276156508353 -0.18176587522444398
-0.48610171356271509 -0.51557170366777028 -0.064462428492839258 0.013418111018169043 -0.06036710489661707 -0.058095487395282842 -0.078356557436040433 -0.026518564104104251 -0.42948833962013283 -0.31340085469993328 -0.44386135799035492
0.034901863856460789 0.52568081201852823 -0.41968141359884292 -0.023029106036075286 0.0090673722155059089 -0.19446693723524655 -0.43679665221651959 -0.15097159591267756 -0.036458616969468338 -0.54055807520524035 -0.027624384740470388
0.013982136799504791 -0.44561136245267413 0.44672721558519712 -0.036137883542534083 0.018333273718451473 0.36908441012082022 0.40233534614831595 0.00019565384145934047 -0.060841636118327928 0.54570400335215807 0.020883438697853168
-0.13568806846241921 -0.5720431252165622 0.15993071602035089 -0.014039557465758511 0.24504350563873467 0.10180379378666085 0.52297785076860737 -0.088325357036277502 0.025178231626084784 -0.4860561104576494 -0.19994611482231747
0.13691399713467048 -0.35504427100747527 -0.13931414584365837 0.015428063563213868 -0.18272216978620801 -0.30633777987246125 -0.54393700424598435 -0.0042830070262522531 0.0098884686363925143 0.63779911507222031 0.074499249601507042
-0.00078991842526465977 -0.40592701842461393 0.24847626316270024 -0.0006537621937127622 0.38545193332678768 -0.13603954205963831 -0.46549628990048209 -0.040632746926325645 0.015903841190351303 -0.57995011637232485 -0.22686761644966308
0.033791603864976462 -0.47104358677380187 -0.49797467289279712 -0.04965122703708915 -0.054178171275715316 0.43456136914393351 0.28175524845219052 0.10268706665343647 0.027365771156968838 0.49089095663718052 0.055675124212452395
0.0030697131876137275 -0.1068855787511032 -0.53286243582282389 -0.028448448812027204 -0.10411812952289254 0.32921840725240853 0.52825872590208223 0.094672901577211921 -0.011247269360710554 -0.53784765579705218 -0.084629627771773075
-0.093304226822605446 -0.44368993533269979 -0.48002441894521192 0.16701356273485629 0.37002313468300868 0.12573440630704993 -0.48444222937490522 -0.021256299398326677 -0.25081756458184401 0.26585345161231211 -0.12110621861658849
-0.050113054837188455 -0.19945939500832477 -0.5082069926385645 0.0017931107779708866 0.16030556101472837 0.36385248426660816 -0.48021103033796164 0.013142981861347844 0.12688586724085055 -0.5100325250881993 -0.18528894754358943
0.075330604121647118 0.48180046818204164 -0.0020686295386654905 0.47120395379011465 -0.04541986600566493 -0.28860920551261526 0.072551377443047335 0.30067773282319926 -0.026262851973991284 0.59104835985461035 0.095389849810225247
-0.0017221720995678801 0.23195034975311929 -0.027109185344168375 0.39660153301210055 0.56688178761040642 0.087267724159798485 -0.013144523019747284 -0.44548874849123166 0.18077372864094196 -0.47364709890898737 0.059531923044215541
0.41478062486801082 0.089093026597685837 0.041655391194679682 0.60382376511270941 -0.32610815354533657 -0.038943018887921343 -0.30132023701889521 -0.27101446811970897 0.096819782030017232 0.41479470449045347 -0.012108846082419708
-0.44323873823178128 0.053405043737044564 -0.16225394184264125 0.25065227134906559 -0.50597365631399271 0.10560895987206549 -0.45136940907693257 0.059515441760662237 0.02918864768518218 -0.48589240552812457 -0.012328341623630683
-0.089350639698031906 0.43725047910346265 -0.27632098769848973 0.082423292078974641 0.43686150834827558 0.013564421005635999 0.49176916198913406 0.14798382645170016 -0.3294173156697523 0.35038175621641987 -0.1778492588369186
0.14754175508885864 0.27267355933467713 0.042181839102077068 -0.48111477298180799 0.54700968386713067 0.12442778814127536 -0.30686296777653932 0.032890616208521434 0.078441702696379095 -0.50450069445787116 -0.0026896932829036922
0.068027816149609233 0.47518996399854874 0.29977518103209883 0.21065894240336921 -0.4513798938525333 0.15241437252141368 0.16300760771667069 -0.32285275282589393 -0.35382241717736651 0.38917156268014907 -0.030003789182458725
-0.11469259702832997 0.4661579514700947 -0.051552424014740257 0.4217133833754827 -0.25992767373597836 0.4350829623289183 0.18134894479326347 0.30018611183128818 -0.27383560900418397 0.048070010274236769 -0.36316271075804429
0.36135629221037774 -0.49353958520914049 0.47628692914325338 0.61315704162767559 -0.026176042402832268 -0.030594943316068351 0.13334943178958003 -0.046709891395406392 -0.033151162911727837 -0.0053553173599227826 0.017796394288060478
0.47536727201951312 -0.041685474600258461 0.12513176576119406 0.4889985926722844 0.28857066607263598 0.079279753484774756 -0.070751711488432331 0.25752797309938386 0.1060800649776992 -0.58516785738448918 -0.054327927652644839
-0.061942044289245476 -0.27924396150161684 -0.052365698955833609 0.36287087277975877 -0.57674896810680987 -0.052790149206319074 0.31550355217435944 -0.14772776791788361 -0.043178066733102219 0.56329794203821704 0.08835995987800567
-0.2341191161256114 -0.15841712564763105 0.030771597750321161 0.45236809141757456 -0.074021591052801441 0.41099311411911504 0.15144898203375456 0.57108287381817935 0.08947530213419834 -0.4175209685465569 -0.093337585218122313
0.049375900462557937 -0.51632900139866733 0.035555660743278643 -0.27464865095252056 0.37961940683757722 0.015462678022912906 -0.13381870595237677 0.48212853319515592 0.029318875435237247 0.49703745099489371 -0.10797738233496999
-0.055507189519986448 -0.26939424108288407 0.00086634366860781267 -0.55857579969553806 0.2076531826847689 -0.34081018140642183 -0.070354815933359655 -0.44857249195021898 -0.41586164200757192 -0.14711557069892717 0.22872607875352521
-0.11924324701334796 -0.38591907333494391 -0.067901720488818748 -0.39154853908717052 -0.53823289271400643 0.011017852952505876 -0.052698733051113514 0.44534708653570604 -0.072269159872049557 0.40384308868621882 -0.14031150768604581
0.20874893264713534 -0.41710634892472787 0.052635091620163277 -0.50971131017869453 -0.33855069457104647 -0.23428556062278702 0.12489399596030908 0.25759037324567507 -0.42440976198409802 -0.23613237889393571 0.1803617211474246
-0.0062418398583930544 0.34894357246870927 -0.28902302641429628 0.011484190919060453 -0.12086897714357768 0.38752202588333584 -0.0028436152970465222 0.61341331762285489 0.031628920111380264 0.43049247218908293 0.25911861080369636
-0.38960626846493812 0.034683545124594581 -0.11702026691210565 -0.43513560575373972 -0.50443024605544007 -0.024530899425510053 0.10744558343715477 -0.35587638050301446 0.084749605163282019 0.48255452121614917 -0.10335239583014107
-0.1065515993193589 0.43508573675223883 0.029711816703480935 0.464572746988482 0.39073733338946276 0.022421403669793939 0.2337723574730563 -0.34604104321907708 0.29189052804245968 0.4014514385359953 -0.093278558307831799
0.07068880897171255 0.47683000419036425 -0.39041503769680247 -0.12435202555249943 0.46674212555841166 0.11927494638748955 0.1984348841256694 -0.16569110379802571 -0.34928301723321203 -0.3375986525866741 0.25470132585638461
-0.10521718621841854 0.28254185472018867 -0.1438665947684736 -0.40955836389340999 0.10733975483620317 -0.43014440481251354 0.015388707700825063 0.43373351364207435 0.055538789332198614 0.57276252971518882 0.067931699693103142
0.10953305777416636 0.3508957017204507 -0.4300841069858557 0.14782401132536016 0.28276313435434236 -0.29273441441072567 -0.047574387127242594 0.26357434700095145 0.52724984713076806 0.26809079884524983 -0.2660867798292823
-0.015568722743422013 0.42552482382424828 0.090116139079998603 -0.50366250164095783 -0.064017721954550175 -0.16927287708694325 0.49211546258595756 -0.013581689782667139 0.16719327463858574 0.17090494497832942 -0.47393422259007939
0.016472374307774068 0.4382393062163914 0.50474594109298732 -0.10036174257043695 -0.28541640313672334 -0.26488359056363808 0.48156128942728066 0.040335236127945713 0.29191220992866207 -0.23736989950081935 0.12697548179788115
-0.08856365743333898 -0.36438308026675081 0.0050062163208513932 0.48936168811808339 -0.10364743472120859 0.22955811939575985 -0.12495415322732568 0.49567123596609669 -0.033811336724649754 0.53891598727947365 0.059704623635655305
-0.0074843827206968489 -0.37769731349556096 0.419011967199657 0.040040477778060364 0.26986371100972484 0.20423939298521065 0.14686248611830227 0.358541635649061 -0.55619615645265175 -0.18497374151997242 0.26811221322805173
-0.083121958010195118 -0.29066764715382315 -0.078495162345763828 0.45904387008885045 0.033239955340264624 0.49513685092195125 -0.0793272969636349 -0.4363866310984294 -0.135676500777591 0.47835760467738969 0.038661031852633414
-0.074237104839680004 -0.45189676463570128 0.41387175153702666 -0.045996729955929766 -0.23687259350744252 0.3661304655345336 0.17274971886625926 -0.404487324664147 -0.32074786964307184 -0.18957358288305665 0.30731530510592503
0.091445336921829296 -0.44525854595431036 -0.22982514858346934 -0.060753139921826183 -0.087913509293243208 -0.54995293864435602 0.042814997633658619 0.30417887252584586 0.4351524677915321 0.28522210301716999 -0.24824944320230291
0.010366067455103626 -0.44342969707488372 -0.4254887025696632 0.11439680325044477 -0.1597527878220433 -0.33003903049783018 -0.017536094664122606 0.34730405702539768 0.066888835508113711 -0.53333859106897274 -0.25463086466286106
0.018589490494544478 -0.43106863155029179 0.3728559609609447 0.08927149850153468 0.067388101100472497 -0.46444089576404463 0.091071914702382448 -0.4316149731181223 0.1243819591971667 0.44556541180043063 -0.19496617451683462
0.14461799532757788 -0.36759040341953325 -0.018530656968737038 -0.42263547829935327 0.054110863011750346 -0.60051201325453984 0.3665001268271752 -0.11838653517378626 -0.011098276342628112 -0.20850027736843457 -0.33094241544731501
-0.033221970602312537 0.41895041066995486 0.31452583865485562 -0.03841071201247976 0.52949630251811264 0.18256093553739242 0.014508222720160611 0.33815678172963581 0.05584293863254626 0.52476137617456986 0.12738408554171937
0.0029532664200468389 0.25902523233224511 0.44623455612081864 -0.064052969444693214 0.098437735464982926 -0.49915285581952001 0.036458534370109125 0.36284584799489089 0.45231344561361764 0.18833066810396312 -0.31270330388164952
-0.51752741231392574 -0.035403023270711036 0.45517959069624714 -0.17447919513951327 0.27894606630053548 0.1262766645579162 -0.052453750913333382 -0.40069294419630191 0.18131089004081316 0.40152278383298606 -0.20523994228617704
0.33237639476736147 0.051758345770455599 0.55366781469304527 -0.065237979618317038 0.24912228594597197 0.23671150549735243 0.22963932731479073 -0.29640063403715694 0.036416458034954947 -0.55957411104543608 -0.053961207990697348
-0.047047059317792211 0.33457220969372858 0.51862265527422768 -0.036859843659820389 -0.37408678218179925 0.13976786135834274 0.13701275600502039 0.4560239188187139 0.07694649603345334 0.46691474011925671 -0.073372207031966452
0.089595790015604998 0.39268191560667237 0.14071041155736788 0.37742126452991714 -0.40360938669524848 -0.17009369885784414 0.0049711460629741008 0.40904150241202208 0.070349720628814755 -0.52848210361844694 -0.17920042768111891
-0.028416842431144677 -0.21545481368229405 0.45975155300475778 -0.057040198403536378 -0.39513017584895566 0.13566452963590026 -0.2653078717548526 -0.43741986817344214 -0.035016877716905467 0.52265549182621329 0.1658148316234441
0.052140378817984799 -0.54874433538083456 0.22778296904336462 -0.075210785903479252 -0.53735238499507854 -0.057571730944473237 -0.38187252632194568 0.060131982738891032 -0.036056187631916599 -0.40152847131111363 -0.18598268325381487
-0.39848256422062905 -0.018965661980490461 -0.42003573935809863 -0.023432913920613509 0.50269863045593144 0.10478581814242521 0.0021086271667036835 0.15009005635532663 0.21838375836017909 0.57118050273269183 0.060965081776958016
0.048648834463954752 0.30609022650079837 -0.44851655577765709 0.09490283291074339 0.38022047219347688 -0.10011916663860002 0.10393638315650537 0.470095198462538 0.048275067231381363 -0.49930426648515192 -0.2361132368880553
0.069080613589865378 -0.36987407171660602 -0.10056654579583628 -0.31118999309633089 0.37091424212135576 0.09443705026940219 -0.11762255644289484 -0.42130614598302235 -0.03366435945467363 0.63004326826932189 0.12470253835816369
-0.012309019263620345 -0.42249464268753961 -0.44916081428535987 0.055882613008642397 0.34373482089052138 -0.19920084983976569 0.017818682959981007 -0.44524262561023165 -0.095374089996369593 -0.50013844986222211 -0.02916622281797919
-0.54394286491576138 0.025199290062487025 -0.43194439130128615 0.15185757998220437 -0.3791676642868162 -0.13076460904314935 -0.11720617891329982 0.26595327133331503 0.086555823290643222 0.48395368506462949 0.08255581355942794
-0.38244577264508212 0.058274958378381904 -0.35352259665392693 -0.25829560131128959 -0.46829046573411243 -0.10233607900562874 -0.014534794817077021 0.5100651845698656 -0.28606501963174824 -0.23086076369181974 0.18266948953380766
-0.14454103346539765 -0.22692277692334853 -0.59852596134809488 0.012575638366461398 -0.25148171306315553 0.027159148766514766 -0.16279659260879148 -0.46571738697997067 0.062495887291043335 0.36073951340022131 0.35750195936002543
-0.030836410538368175 -0.20295697065603513 -0.48029144223515696 0.03519307480152898 -0.48337251760335109 -0.14467261706547099 -0.17400962713357609 -0.45924979552278467 0.070325866593321976 -0.31562988692286525 -0.35440418577130101
0.4126933280307582 0.044315030839733614 -0.00075555979188184422 0.54978018650998384 -0.055885959219330116 0.41861544613541368 0.41713701886193211 0.091054938678070269 0.017543548328739608 0.40538642911015416 0.012617890183014839
0.135346031818839 0.30405338430082296 0.015740927777773389 0.48359671291065115 0.36046247647266222 0.12515345199165254 0.098273352597935584 0.55089631787492899 -0.41224635563001716 -0.072665913444751609 0.14543401440035564
-0.12402438512758746 0.4516150050465752 0.042450559387716399 0.45638426213987121 -0.1429291997765523 0.50205703903416765 -0.38437515829428448 -0.035586061678461484 -0.053890583566723459 0.28801532730837903 0.25142695546708121
-0.12294740192950769 -0.27119366115611371 0.037391174428282672 0.50838393419244776 0.39771494643686173 0.14849710894656673 -0.40027813645368976 -0.10172536282140977 -0.33715304494968806 -0.28633341888245761 0.32407931375034715
0.34879622816404016 0.071491087581970467 0.022344997970108808 0.5595136790116173 -0.05941322897013003 -0.42639536110516374 0.36501685497495362 -0.035704703187305765 0.46238806918536318 0.14142250699902856 -0.077570881614611842
-0.1970165235873701 -0.40388252377588957 -0.076894468087976023 0.44902942856420769 -0.064041940216053792 -0.46231955009994036 0.41405436382620864 -0.12715658642694361 0.0014002300927111744 -0.085043743487156709 -0.42170873875885578
0.35147850018759624 -0.095395683818811777 0.24053798304928092 0.28332306632908183 0.15346503619105006 -0.49184874526332073 -0.49729097634692748 -0.063796166161199971 0.44464496602760684 0.074824133974954785 -0.095337704236704054
0.20782114515731415 -0.13377489892373945 -0.040855785206118871 0.49396881777525192 -0.087713122388781387 -0.53264929935607652 -0.31340201712266463 -0.17312249548412278 -0.13930627007233232 -0.5038482156601285 0.01923298978533133
-0.24941869003037082 0.10997295287908397 -0.037722317057931692 -0.56955902457226859 0.073312128644971136 0.37613139891811975 0.3801707318332932 0.18944333695057097 -0.0058014497051393993 0.52176853150754732 0.018212441248878899
-0.067826637609661941 0.409223439347565 0.2282539565747268 -0.16182913103803653 -0.02288516969773206 0.57929485303482509 -0.0049817238692734141 -0.27751093622821027 -0.34328607443738801 -0.25086227546571904 0.39462207537896687
-0.22669969758671563 -0.071024039756885468 -0.0213243217347306 -0.28070351436380153 -0.0023905428640826299 0.47599129736843765 -0.51182424291049244 0.12610322086846523 0.061724330160231725 0.59480114738717971 0.047705739070481069
0.15155496548690803 0.38402251461682446 0.20641755582887145 -0.40018833860769304 -0.39256141371169712 0.15065224122183932 -0.32469291331386069 0.10329994719089421 0.080552958316111464 -0.57101728930193407 -0.036775465328166911
-0.24814739383272447 0.19504106666895416 -0.10072386703037892 -0.37523839212091215 0.019586836056801178 -0.53573563796097812 0.39980954796973711 0.022249397384221849 -0.53555159868292213 0.10647539666506385 -0.05950757707139042
0.046711045075538166 0.27568312047487842 0.065892422669561593 -0.45081928845418651 -0.023237910695530398 -0.51061385082131894 0.12164586788502761 0.40763371023568434 -0.081744610735924775 -0.50886621989965097 -0.079878520067493367
-0.30864172235969384 -0.0049999880016579536 -0.054419144736117524 -0.29073697493079786 0.15796499699247762 -0.33607015985497696 -0.467863622163601 -0.043406725895230841 0.48264124832852617 0.39691519792536206 -0.26089270032732653
0.57021954282474574 -0.081976326930442101 0.040779760207376572 -0.38048395355011766 -0.04006723774104072 -0.38690281769972029 -0.33559725614845715 -0.15078066056272002 -0.094992515998124458 -0.47018152736108265 -0.070319133004428297
0.36622400769900026 0.10219868690001259 0.53434764739031293 -0.085628641369784389 0.083405271591797156 0.28459474546476177 0.43904146734155197 0.21761813377524997 -0.018866015015943514 0.062424166285886117 0.47985139195237203
0.4853846961644584 -0.093977649588259951 0.3673099325585279 0.22995639579295274 0.34657297488916644 0.16566317878101885 0.027861157015324531 -0.43353020388179747 0.40479033624854971 0.18367255653826317 -0.18412155160129326
0.1531113349753655 0.40956438985441868 0.53202051761353386 -0.054971244646990387 -0.44618827826371305 0.084146575541570012 -0.21117714991428932 -0.038592533786161183 0.055048107604184097 0.05030780985867557 0.51471865396212424
0.46171437661215353 -0.029497142416778879 0.48344845013104309 0.069000229904186722 0.10644732973129709 -0.060722724018922911 -0.42838636377913691 -0.20062688407420279 -0.19969080518367652 -0.047182619442178483 -0.51631327079709044
0.45913080633250053 0.04449649206138704 -0.51910107589792609 -0.037169676507637903 -0.055681925926196633 0.2744820114422058 0.40421884237256112 -0.025446628107506964 0.082951912716841103 0.02114502967690245 0.51629649042575121
0.4155702936394336 -0.11669411484172965 0.0084889595417942647 -0.36408628947829286 0.038393835726369466 0.43247257609460876 0.54290668108840268 -0.052119047958357388 0.22111045554184494 -0.11462653806008304 -0.36476454594958113
0.57128046786571507 0.11679391076546936 -0.070743013321471482 0.065900432077413376 -0.0069492071844454847 -0.27213944756743952 -0.52971460152579763 -0.060604658350811691 -0.034845259584211634 0.067105978634152644 0.53530767787437028
0.54524000096595338 0.043921036538491574 -0.49885182450483218 0.064090752878977184 -0.066596067695109118 -0.33682845366050962 -0.43217205133042058 -0.16797986259737716 0.055616839313388726 0.11257106420990554 -0.31492805456154083
-0.53068447436623756 -0.033455702413364687 0.53830701295899941 -0.074682632981199773 -0.0038177650554547938 0.31638003285652988 0.4396306795006833 0.15275391274481659 -0.0038469054209346386 -0.18173467017001163 0.26859018413242886
-0.50162861686801274 -0.053237288100564654 0.035223090947597173 -0.063338333800154925 0.029308643924345384 0.33176948145605556 0.47170466097159219 -0.0036143519040400889 0.054108512092978366 -0.016117916975632005 -0.63533161163713181
-0.29712161666912318 -0.13538754146020948 0.50167508402199801 0.048705945844908428 0.076699317276373025 0.41015374696727508 -0.3700265794844399 0.019077707815270448 -0.071196658926971718 0.10348845871684191 0.55871948616798162
-0.38266765572933353 -0.116211476459816 0.47644116477854931 0.071635940285794952 -0.1032029434304931 -0.38664525948392831 -0.47683727968163064 -0.028217524381782304 -0.030815297836129501 0.03316532458300684 -0.46644133718563535
0.085121714133737952 0.5441054905528786 -0.28418168484846845 -0.032956913296597723 -0.08576337640771535 -0.29583904562616087 -0.11865352907071733 -0.35459904363945177 -0.49429636764963347 0.17152732239795718 -0.32620907411407041
-0.43030425517183202 -0.1458836305848564 -0.37310935883121499 -0.14333312704075013 0.09097732898138125 0.33899208609803361 -0.031959495765745659 0.50187248078500168 -0.40494113159115475 0.24304744948381099 -0.18617719364677723
-0.41257233723473746 -0.051341447737345856 -0.40963329693537859 0.080702791061104104 -0.063565493882465421 0.41619729943535894 -0.35329606446691164 0.17304300065224482 0.11613147307268756 0.0056896186690734299 0.55434114021847514
-0.36668029327200935 0.013071989915475141 -0.45726476185130394 0.088285482685538902 -0.0083136398941530739 -0.30556530741720284 -0.54089693129903493 0.094415900846524584 -0.052437741257888353 -0.090719772895632753 -0.49253058432198643
0.43744761918616548 0.08424000357453687 0.010117080112256807 0.40609607648333146 0.054291452670400336 0.40019745598394324 -0.048885200525275903 -0.4951036422081701 0.063074840492062287 -0.050888982240240153 0.46833295275598824
0.37180910932898098 -0.049519383601230184 -0.066314838159162545 0.57039963989577369 0.10062689311366575 0.47778337536558951 -0.27559213291805429 0.039986035186156267 -0.39036168999775889 -0.020048219815776581 -0.2466081865005213
0.16723493478750295 -0.2301342324556962 0.036952555675529603 0.57545167808414244 0.04630820849419312 -0.48199148325062713 -0.14190414382965774 0.35390737625682556 -0.011309825976300916 0.13938206167630574 0.43261745003176572
0.24081279949659345 0.076062265573124718 -0.057819638484741184 0.34273771860374369 0.09340495711272874 -0.53256616950232849 -0.079803880469799499 0.30112303788747324 -0.0012529732761595534 -0.12655413371362978 -0.64031164295834997
0.52778988450360442 -0.064924072984708259 0.13970641668515049 -0.31427109087810662 -0.045377676864676204 0.40711750629552501 -0.030633307826273326 -0.087272829183269118 0.43070549448545487 -0.2886590765945693 0.39210772997441096
0.42010546544513028 -0.018183616825894554 -0.08157199730377028 -0.40340972319619856 0.080209811786152663 0.50647933501800046 -0.41478210251508923 0.054054866547248573 -0.067651172856211778 -0.052979908342943097 -0.45659911817778109
0.39803101205601366 0.32402545766392177 0.045009783857101041 -0.4090292658141253 0.026003371166571976 -0.44821237233012762 0.37171891041835525 -0.00097960628302597836 -0.06834046742513554 0.1604553491093752 0.44394283723632949
0.49166725988089616 0.024233942092451669 -0.16863980964398972 -0.41764991920736522 0.029285218859151339 -0.39710598964359073 -0.091525748911438595 0.23622870105688884 -0.47012757398940586 0.24875732544627768 -0.22175050268617905
-0.58625053638653402 0.047422524233756924 0.043049895924458563 0.31933328432098157 -0.12003011083030247 0.43244124940473821 -0.050043089346055426 0.13293949488367007 -0.51211213470872075 -0.15438990291937138 0.20627508415754983
-0.41082902888020606 -0.10839694015919396 -0.11713881385269655 0.35003025150786599 -0.072170821041234998 0.59170491670728365 -0.38606115932834084 0.11418038810200193 0.033450955197490605 0.080511508561329756 -0.39777147794071804
-0.30176581513885375 0.14505432263868767 0.010396642426640278 0.42021969549553756 0.020888439852300496 -0.48607443086072305 0.49790840199268283 -0.048830888605470621 0.018228545445294498 0.13745379558449367 0.45274299126405465
-0.37395669171569051 -0.1025283759852462 0.036661236198291168 0.57159376529362271 0.11586823036183196 -0.41447570485268803 -0.14986275613570949 0.16214618043055648 0.33152156928040449 0.36371143086379515 -0.21312555926612825
-0.40768469862783152 -0.15261484353220767 -0.042305093342973027 -0.50401737683004 -0.019369604868035115 0.40402702851762118 -0.028676277033754388 -0.40758294069084045 0.020036639927284782 0.11588859334436385 0.4585715017201118
-0.2725667816839496 0.098190682997780096 -0.20666954406204141 -0.47846011250135145 0.5092162459138343 -0.031175967465929412 0.46738291104044644 -0.0050435035831790532 0.06228416612438048 -0.33495632155770594 -0.22273113025559849
-0.46422343840863678 0.016807848140090845 -0.34940708611323917 -0.21145918874242881 -0.064103596183252093 -0.50934398344581999 -0.05793518857458297 -0.091922548946602914 -0.14730276089335048 0.035588060619701274 0.56489147287035812
-0.39524591096697848 0.028173319949033909 -0.082075758573016494 -0.28516378272487286 0.03425450604630343 -0.31381821889796557 -0.049817367186276051 -0.52943581926055194 0.0010469372467317691 0.0094690673034050106 -0.61024753910541196
0.54088791369085465 -0.14176297758290149 -0.077566683552033791 -0.28242394331615495 0.34395062595618409 -0.020739719433138629 -0.012623131478093894 0.48193809715989688 -0.053283628027032841 0.091020696634653189 0.48916653056261317
0.35884835831537487 0.06210360996689597 -0.062856884522351247 -0.35900381411617643 0.51000081722472956 -0.091132130979850914 0.15409488796706597 0.38519302537964745 0.14250303046835153 0.060913453468026672 -0.51960938040996441
0.47720188296494104 0.11006911854926507 -0.12685329637762688 -0.30107104597442558 0.52813211106447155 -0.056001526987777758 -0.031602055533338398 -0.44949087320919995 0.14632649520750027 -0.0052653230275190891 0.38325972774285
0.26783505224219378 -0.19780802226682676 0.055997495363825402 -0.35835638131085223 0.5443726730256222 0.0082263889779842815 0.0023226221229628425 -0.47250152774725745 -0.012594935467522567 -0.16857553592239069 -0.45752884388137616
0.30936514700920009 0.23929638439845882 0.059276196041188015 -0.45366644049282123 -0.44122534589046031 -0.12482995440298289 -0.084511028189412252 0.58239629603738019 0.048359599693209639 0.067567415770699579 0.27241448223386466
0.45141748844951579 -0.1419042175401079 0.16311260075421988 -0.29274828864607116 -0.38333858752792122 -0.2052396136974628 0.06399698401036065 0.4066112957902791 0.11726847397076946 -0.057555796517944832 -0.53685516379256915
0.30535014650188658 -0.19761559996305467 0.027324618421082754 -0.29483842789691417 -0.30527838169068977 -0.087706282631636032 0.032441752073312055 -0.47709710734260974 -0.013679573170647309 0.054543860391538808 0.66881198140013542
0.43073393298709106 0.13040695978797132 0.00019893133639165974 -0.38109449466014711 -0.33226236662430664 -0.025059187219094999 0.0070537261548902505 -0.46621574882988887 -0.05476416514401896 -0.02981990639378794 -0.56560391364326379
-0.53115679897829216 -0.15628738588114299 0.097274495703764438 0.36407828867623621 0.38905446034538427 0.0048913292994783239 -0.0092481432550883536 0.4907288041631338 -0.014598494263035494 0.033069566922522935 0.39728715334949249
-0.376508332098065 0.20213701407628121 0.016621163914138631 0.30180870779365332 0.43802047967496105 0.13601745363050002 0.036880353597780594 0.53156130812535307 0.069996683137272309 0.10889983822720185 -0.46365758994192091
-0.59072650197419485 0.040714610402561573 -0.040935493831557049 0.26488077692160178 0.41419835854794745 0.11659370702057394 -0.046695341931196531 -0.42035295222382713 -0.025138010640463761 0.18695402029964739 0.42181965613297512
-0.45014072741604039 -0.15137024913857211 -0.02391114133567817 0.4442940885273241 0.46457597505393783 0.052247787776837869 -0.040330537487387082 -0.33992192172469066 0.0058039452056442963 0.0092457928253439035 -0.49054876404282788
-0.17852400962768122 -0.31551091177771645 0.070185734244165549 0.4500342757521692 -0.42717784730409453 -0.22954201530663665 -0.015715548343736403 0.37009547125062764 -0.45254873751827063 -0.27810863523052026 0.081192960008570181
-0.26600234447362492 -0.14331387569994353 -0.073047187896580698 0.27948814200903566 -0.55876048453396165 -0.045328964239071554 0.040859719512951566 0.38633723098833328 0.07218326587609028 -0.02185707774877628 -0.59529173525327572
-0.31857484563081578 0.13905682380759829 0.031214115188714781 0.28348788379866907 -0.46434692794184723 0.1231270500779188 0.0032995538561836576 -0.46440450222037538 -0.15518102358114305 -0.00054116780342773391 0.57209383374213507
-0.50958350119076568 0.11341607207549435 -0.040112229018900547 0.37442360322833779 -0.43645058034420986 0.1173466599926347 0.056279506939854035 -0.44033208688198777 -0.12443798270071496 0.05473865714647088 -0.40725816735761644
-0.037297493888600181 0.48938047212247748 0.41435421405445011 -0.18725246576115262 0.26864218230278708 0.064576506596570118 -0.055679188659905794 -0.33275397012099855 0.4498763180919641 -0.19599461858474598 0.34841933603720066
-0.024269312539453441 0.50896460899676554 0.41620072951796794 0.0045957486937341623 0.48058043692721064 0.026724518565327371 0.061116743812571615 -0.19892029059940272 -0.045629841275321215 -0.079262199061192515 -0.53271097778191201
0.21898717786716715 0.44249106621179563 0.0011894942890081661 -0.54768909675851651 -0.4127797404576628 0.016756781523533985 0.10652012324379914 -0.3184550629221034 0.37900345700232757 0.029732502225115389 0.16830270622749768
-0.10639943779072802 0.32682201599229221 0.50956354810058102 -0.049555225936157056 -0.48341508478266521 0.078320851473378653 0.11819373290710859 -0.043365917524980903 -0.042397015445065966 -0.16694718657161203 -0.57828389933927926
-0.01753139289325932 0.48627434227932248 -0.45876043171099895 -0.069468192828813127 0.19809532720001097 0.3844128552135051 -0.012875414726067447 -0.36794747823360707 -0.0040151977116067586 0.42145234050050806 0.21849171312600046
-0.078691097403431359 0.43562987830199917 -0.50832889891308808 0.059457939716576091 0.31804472329981248 0.15259339895856378 0.068026475846948389 -0.32741220859479242 0.048984584051070618 -0.15897312737355365 -0.52741379615559425
0.019123781191070961 0.55694161707127698 -0.39290701058883193 -0.055284628210295235 -0.39960560034950737 -0.0093654622467267377 -0.15658650798646351 0.074549871754023306 -0.023746688509668153 -0.042774821238048231 0.58290226535667267
-0.0024263468118801718 0.54914112244573177 -0.36576592327966762 -0.11915760102686015 -0.52142611034768127 0.092144596485044403 0.21019022794044118 -0.049855238227601233 0.088981699332973008 -0.31949377423186703 -0.33677824968648151
-0.031183093537961198 -0.55114126559437904 0.38169403369702076 0.0041811540180936137 0.38569626171598603 -0.29585595477107535 0.23076952229398165 0.12582141980777062 0.069356285833778356 0.21745876133946679 0.43827678581260171
-0.054530485809610917 -0.39259796193857865 0.51191110875527557 0.017266284859760919 0.45050464125844725 -0.070890529025430679 0.068752561537134646 0.12087065963370018 0.071166483593588986 0.064317217250462869 -0.58653580942521943
0.077333848080408302 -0.41015945965131778 0.49688937355077473 0.047288846659892005 -0.44973073590076162 -0.015090539695532614 0.038396886548263273 0.30117310016315219 -0.14791534393472436 0.19275653550764074 0.47218043343688848
0.19905977782857215 -0.23535641545430111 0.51613585213755642 0.036733254275881366 -0.38370275668064657 0.072450868836127683 0.40001820117821452 0.28690145055431288 -0.11479847020795864 -0.47140088392410945 -0.083878442486160651
-0.02020879485533781 -0.43131647195856421 -0.40344822629974691 -0.002092853896996546 0.46076039056131834 0.0045926917607095824 -0.062625799848222502 -0.10115674702153687 -0.027369014934204444 0.043309082556683802 0.64937062304439019
-0.19337861812595958 -0.29747589431340837 -0.58654668598907078 0.029140655703853786 0.36931857289611753 -0.091873666561401487 0.21411853930235705 0.17830517737839033 0.025530877603589172 0.04600131750265906 -0.55134580684444823
0.12336417104067232 -0.3391294795698111 -0.39404918392714444 -0.070894864678720859 -0.36176499692816122 -0.16517301722814534 -0.081483382845218555 0.32349025460675551 0.072568952999557318 0.1445952440847692 0.64331646451741187
0.268657107834543 -0.35576054059157058 -0.4686762563091198 0.19269971743639794 -0.42805248035446147 0.050423235607446 -0.22683650520807166 0.18657328564428288 -0.42047396850745733 0.19303732873901897 -0.24159800024632078
-0.31194489432898947 0.26155323569663191 0.10839256551947372 0.4713576874982936 -0.4391192771325349 0.026332258401664324 0.06387602004465949 0.43715067785725786 0.076586338610614368 0.026834197219829187 0.45284405715777615
0.056158821150390732 0.41384322914795618 -0.47196855296801704 0.024688286851722866 -0.30227285628599743 -0.22171419249302429 -0.080379243755657914 0.50405826696555656 -0.18907812098023358 0.20123663626440064 -0.35342297642539694
0.064834084321479815 0.55584061452112321 -0.17890136983716742 0.30591836012457552 0.16900872696518002 -0.31859887596404973 -0.080803170318826015 -0.47800116160643824 -0.078049567433058839 0.039847302329445833 0.43414630103457669
-0.41024856418428901 0.018077569444591414 0.47812156789057675 -0.10862493161562232 -0.51079645769832382 -0.15713383976815778 -0.14061662241194223 0.38192844047521812 0.28847489104190177 -0.23763489581685288 0.0059302787223062979
0.14102423124119931 0.38974233166686906 -0.069523334801514097 -0.54183689212743136 -0.11828623035551142 0.2852029325228902 0.53182915935940012 0.17277482324246818 -0.13979489121738436 -0.24368679832232049 0.20698010234714492
-0.068845273228965442 0.38085803018498193 0.028462350480961553 -0.35834806289577564 -0.11335415212727309 0.29361226198005103 0.04063615177317581 0.60013440346490732 0.060157803352509948 -0.14811013082641483 -0.48431245515815924
-0.17107888203538452 0.37991691363014302 0.021838441895238533 -0.48224837949659305 0.1744844051980711 -0.3034693809629051 -0.13773444404221355 -0.45154579710711767 0.067205769107907792 0.41352263503421444 0.26913620325160442
0.09820720310769758 0.47454112097002954 0.053674395307572009 -0.43619580629192339 0.17178523522160027 -0.35417868542261172 0.14092832955288417 -0.49463966937855763 -0.051991815306922311 -0.37118132908757984 -0.10980762662274383
0.34717710429832666 -0.15133641963126951 -0.031433543239806246 0.42562082368015325 -0.069032774775327044 0.39629997698929842 -0.045139198046069112 0.42578352085797194 0.048908700710127893 -0.094724978315313749 0.56383593450763159
0.30434644114673237 -0.15047264175984382 0.20065136788820906 0.33563089892023956 0.54815381875744329 -0.057572784557513003 0.093116233702761314 0.43579194369395502 0.43255786155717585 0.20129614862519707 -0.042699266315059395
0.028685361642836193 -0.36268859572385709 -0.055795010647205628 0.52814625502585133 0.068803152946944224 -0.30000328963793144 0.0019166923622696221 -0.55698182380006434 -0.094115056895424751 0.11538322004937185 0.39804946657752677
0.069725201785919136 -0.46967695660756476 -0.050216061372145633 0.53588428349141548 -0.12975850722766685 -0.086443520425285844 -0.41502705860424716 -0.11802978611856821 0.07735146027299078 0.0067615001735801972 -0.51800687838831905
0.16869229238063113 -0.54072874159075768 -0.0072135066174098521 -0.47253992763223285 0.13398564039978489 0.27445058911680265 0.44536950219073634 -0.0028779445404329561 -0.0055675154827958808 -0.034853029928526826 0.40364097407782529
-0.086408122190198888 -0.59784776907416082 -0.04899252016723956 -0.22748260201898729 -0.038453510455414674 0.31263299336523137 0.022905379241062635 0.40982288075397549 0.19711970515426544 -0.16029312773977691 -0.49871385004201346
0.13075645546676659 -0.28582021652159001 0.06831331509031191 -0.41382303197197612 0.065368909350688661 -0.67958941911442283 -0.30203250675048077 0.19590861287926153 0.068076768328750606 0.062895760460520103 0.34782801308403161
0.073297986454424077 -0.47188019326376263 0.18788589009920306 -0.32168825002883533 -0.036575358751750685 0.50343497579531871 -0.13232310775946815 -0.2757064160691387 0.44890681359434748 0.22407268623769416 -0.18203897945831599
-0.078702226425119953 0.50482114209501205 -0.042919868080097325 0.3513796490108308 0.16180876090884999 0.36540719038259323 0.42913117715609639 0.020599597317790531 0.029831563468445184 0.036784601856213198 0.51684269523206705
-0.13196982639657728 0.3282216591952839 -0.50277986441690392 0.036708013866582505 0.18854552516349715 -0.23048808896741785 -0.59171277460733718 0.049374128008305158 -0.057124904108717608 0.33929218073314982 0.24718618907542381
0.10195181917125264 0.40403593917557473 0.0056747532786978697 -0.57245502745271437 0.14886152635705255 0.32716690519549818 -0.20855098668762459 0.12414773593104744 0.10675468451719473 0.17272454752917785 0.51893099819364996
-0.13045526662806683 0.39624618731445388 0.18181087408300931 0.26165792802853893 0.17311343791234549 0.3599080105808829 -0.43269707262705198 0.073458658119509856 -0.0068259109300823273 -0.53786488402760635 -0.28806270342379797
-0.027976898531218625 0.54750843158819684 -0.32343342485004661 -0.10679212326957721 0.12148034731337481 -0.26541490490007885 0.48897752798908506 -0.13096364241080688 0.4488321847100919 -0.10097175939315019 0.1741820924229896
-0.18907951187078381 0.57254540363976858 0.025466916878244063 0.37231543098127229 -0.12468911460115939 -0.36955378387504423 0.41509034148872193 -0.041268962902531292 -0.0053831195871890808 -0.010982075075689657 -0.4134044963924684
-0.48668556524894963 0.046347408309928416 0.17714312047276079 0.36192464452886747 -0.082844464412840352 -0.34084691251577209 -0.56681668525316131 -0.0072144762212318289 -0.076778528052505984 0.0095788560334656974 0.38504573964187305
0.1021550162873153 0.42478853228524466 0.044042566148055975 -0.43580790539410413 0.08736186794051598 -0.28203342320918834 -0.44978316053268563 0.069878946040659334 -0.023524834747583444 -0.068869128010691866 -0.56355256758429828
-0.22694289247847754 -0.43639124760407494 -0.012561588621781821 0.37356768487874331 -0.0064023667421153592 0.27524003499950878 0.48353784658627436 -0.017194568480599335 0.024056241557129668 0.081833340225046 0.54879051204489182
-0.1012941629812547 -0.46048217710653028 -0.085023580885039751 0.49320304315990926 0.12232900832945329 0.34501140827029236 0.25739123274700126 0.042750015388941506 0.46596777799334477 0.16575202174292897 -0.28380034277327748
0.1954128344253227 -0.54808326305676369 0.029539774238389545 -0.4168309888908075 0.0065024027576329252 0.21916142536361091 -0.50675477536076918 0.033557860665913347 0.0062827805325774908 0.05117258336325102 0.42206544367601401
-0.26701553468117067 -0.25266453432198138 0.49076023857396123 0.0026265852321272179 0.014485927043305837 0.46098080130228664 -0.15906847193834447 -0.31016766403234031 -0.027895074432779797 -0.30207549961335356 -0.44470572758587629
-0.040184746865081195 -0.46390204538734003 0.33904896826026176 -0.13014827427765088 -0.32520192626353861 -0.24318550061922178 0.50912555465783393 -0.21148646333436105 0.30565825973928795 -0.13904633413798126 0.2639992657351744
0.026920278426682577 -0.53522532362796926 0.29380145211622311 -0.11477337344138908 -0.3997338991303318 0.041290756936664591 0.32329112294106677 -0.21845902130929393 -0.045257426014347617 0.048093772877345821 -0.54334342229824983
-0.071084951752357517 -0.25224257890125601 -0.28211774691450292 -0.10186691439634404 -0.26709448279101866 -0.25215737658547255 -0.54094789607037552 -0.044013392873607171 -0.54810686327724456 -0.26713229431702923 0.20021966210409897
0.13214913259639474 -0.51568835351050779 -0.10785761879562906 -0.40187039770508537 0.045550680504007464 -0.25766279561049982 -0.45493529969763047 -0.018700762755761834 -0.042749215887726358 0.063099754649038942 -0.51174128781361261
-0.08163724570538923 0.39891069614190228 0.39388788269337754 -0.081823464941927659 -0.24453306487425724 0.12545119823202161 0.071256448824127919 0.49984228185818924 -0.45894068065263421 -0.27911931754933972 0.23102926242244573
0.33466695750792624 -0.008365382547727911 0.48462202854211206 0.15118023281596576 -0.0046353612291402946 0.52333085322775108 0.037101794472995629 0.30710516287634554 0.097161704032533602 -0.068883458557337449 -0.49642920367268595
-0.0040397613677611716 0.39400830071957049 0.34253257640098717 -0.16824194616141702 -0.090759805190335857 0.61770569233770778 0.060077315921962089 -0.2573540378171929 0.29270417115214103 0.39098006503397104 0.030463562340343635
-0.06541186089116377 0.60079415458689478 0.032557860031421047 0.42934169793133936 0.13761800701993923 -0.2611055146406881 -0.48628082772652037 -0.079772609205270059 0.086360905580296993 0.11104189849594127 -0.31565382458735569
-0.12048310904079113 0.24918469654704992 0.4616191610558365 -0.089029980779316994 0.097523419138712791 -0.37188274850050951 0.038505232795905772 0.47612070389552441 0.086223219643480301 0.098893591270409434 0.55603656405642798
-0.41361695274403082 -0.093907263274395358 -0.0047670453944703619 -0.401403845767206 -0.0097839243932465719 -0.40532234682481827 0.044713658306233514 0.40926927579950878 -0.018899808956147901 0.062537853676360791 -0.56639553573703516
-0.45026424464854142 -0.046027318525583012 0.5407391077791962 -0.12155227841524353 0.00040837292790701956 -0.33952890653479739 0.082053709141869866 -0.35887481186738568 -0.12845904545436651 0.071924949650989556 0.46421002273900458
0.38011436500121426 0.089701751661200604 0.52740254661894681 0.074590378531495138 -0.039267959529060099 -0.43239728982704068 0.41891386076044135 -0.048277452384695677 -0.17946538220478506 0.019048104488255734 -0.40601713853381627
0.42945482260123474 -0.019119032783955395 -0.49201392513693665 0.01921798910973695 -0.030189562565704972 0.49190071034991967 -0.44817461015275123 0.059821594238343871 -0.084926164336689161 0.24067690354968044 0.24556330375529384
0.3758774315866858 -0.018388740131237362 -0.43736289550038965 0.23192977243536642 -0.12044380426688717 0.32488062873488383 0.012199395175470838 0.29200878626091153 0.18218268555668996 -0.18475247712895387 -0.58352736938910821
-0.49716061800555517 0.075482462369080364 -0.57926093409253487 -0.10937148766964122 -0.027866126965155533 0.19753834559047884 0.47647150971368463 -0.054253406031764012 0.026554189852720587 0.10687249759711795 0.34312542795788414
0.046578984922159693 -0.45073586306507124 -0.35265512353356349 0.021555887096015906 0.042109502999776276 0.49275982536304458 0.096628619172480112 -0.38404115724528565 -0.059627241408873051 -0.082094798014678116 -0.50806708953872404
-0.073205903729421318 0.27840105965974254 -0.48632200074824894 0.072477096706912769 0.37434764335919696 -0.22723229304230205 0.1950705083312714 0.42127892937316597 -0.003042607072656927 0.078528519987779349 0.51175836986522216
-0.140834883098751 -0.27769704380835708 -0.47397741193323711 0.011818627525194999 0.078565189319328793 -0.50865572979734397 -0.16701279067022556 0.48839547947572926 -0.32878995288793905 0.18868880117762529 0.056769417162893784
0.38392599455746745 0.025375318090582272 0.053260543439869246 0.2907590095703918 -0.020607751203573065 0.44175969738519832 0.43990045952828488 -0.024995196442285605 -0.45114939776013813 -0.37293554478803875 0.17958077111259479
0.25239467132996052 0.13182793260691586 -0.025302906489860864 0.43019049125169317 0.071543826819339462 -0.30802238909262408 0.014899311867264809 -0.61757662666728419 0.01859073130054191 -0.066724577779695635 -0.49678693120925477
0.42035454235678765 -0.068713304073174705 -0.0018147302930774051 0.39520392174838792 0.48435222667547162 -0.11453513134775435 0.40849586935958837 0.0016105225636553612 -0.022765577911021826 -0.10385385010691196 0.48631303598326442
0.20320750391385892 0.0021088218828838622 0.0077522744422848034 0.42927715358493262 0.38955271754575604 0.14722357527872362 0.51014543383225397 0.039956762461520169 -0.071470288598939877 -0.11261846606165772 -0.56683451062229806
0.27491921726109175 0.11140823604857616 -0.069370775558031311 0.52928014640169641 0.51997940694582978 0.074758034540664264 -0.30445298365820417 -0.012174665545356157 -0.047655750090752735 0.42108050743211994 0.28048315042604877
0.29771458327700234 0.0050779295310846755 -0.15727477488427899 0.26769258408398772 0.58742313566902193 0.0934409933218385 -0.41028215999637402 -0.010856054553550083 0.21297357634738276 -0.042156220213645304 -0.49554435900185678
0.41283510231494935 0.09953877911752812 0.1247242474386276 0.39591115303931845 -0.46094560223523418 -0.11239944604852636 0.38435732862435501 -0.055399771933353908 -0.047855866391857613 -0.0053952577131531586 0.51878122894424361
0.29957570317296639 0.027161752478662222 -0.010720028097494689 0.46967871963410834 -0.5269616496285372 0.061343115972650984 0.44652281988553494 -0.15393333332626827 -0.036376578406579166 -0.18518052088863671 -0.38556306873724117
0.092993853511445804 -0.44891567985624514 0.50209903622354235 0.11969604103465313 -0.32398023012855121 -0.05532159995097724 -0.20355164362210909 0.21411299154415572 0.39742116412604922 0.320254217016542 -0.25997809956917589
0.2546698141743714 0.32408424899983546 -0.059648961974108412 0.20809499341464685 -0.49818784303075536 0.14211917902174512 -0.50838284563824399 -0.024218486032512643 -0.13724619497938262 -0.13431193484020623 -0.46791698588375474
-0.26103511027566723 0.1445094618044945 0.10645281795675875 -0.35012886089681816 0.49919905148905308 -0.00188356871725216 0.43151009509496224 -0.05433020566179482 0.065670840238450393 0.103185753468201 0.56898095902875701
-0.51375269676002955 -0.12925761685009793 0.27853495572781894 -0.062194574557474874 -0.0013721068023547711 0.37034773316407665 -0.0061830374505086848 0.36793852105042224 0.53631326788454081 0.23667935238863708 -0.14722567667874195
-0.43748981923901747 -0.10576191746009392 0.034219848520925772 -0.43633211497364144 0.49201708856194365 -0.077804914612296633 -0.43988571233365648 0.097126978104104089 0.006896065583823649 0.1417544406004636 0.36694819139900597
-0.3872377400017914 -0.065519556007620258 -0.091120407015251773 -0.3747164780588163 0.50734376149781235 0.21342325836124393 -0.34080370630782914 0.062710915332202036 0.013780681257654234 -0.030174723238753604 -0.52240915690840017
-0.27220265841734959 0.12945635756236482 0.11876855561655052 -0.34829494749868384 -0.46078471155625611 -0.045306258420994699 0.39566913347828131 0.074805128488603836 0.047392757555253448 0.18695992573486594 0.60000521563536435
-0.2964948080749325 -0.10307476170570491 0.030892291390210113 -0.53630410622965996 -0.49293893912710107 -0.071009305718337995 0.40814975658743013 0.068787856719186274 0.061749309936798891 -0.37349398046444243 -0.22412084083412434
-0.31891048350305978 -0.028602213139874866 0.0057627503189130536 -0.36359057730951477 -0.56261563460616726 -0.043530143440466823 -0.52164605828336097 0.024556369307797053 0.035563156855453852 0.13783245907000319 0.3922184642895275
-0.33544450197378622 -0.032504887304294384 -0.0082061499468042212 -0.40396765053192102 -0.44470990765950652 0.19504019699279673 -0.43383687708076596 -0.0018644909678941272 0.108763401231878 -0.030154070333496274 -0.53516257040565107
0.50824877672725943 0.47490710230177535 0.057482459837618023 0.097619491030025943 0.030945138452190626 0.032612508536014786 0.079026031950187856 -0.036869355663734851 0.47095835582873469 0.35056665102704904 0.38598994386346019
0.44292206568127795 0.54658318192094135 0.037286246316378925 -0.047124672847489064 -0.052655920303874212 0.061691095443747637 0.11198271188728171 0.1553243396991548 -0.45945666618749553 -0.34246775763872511 -0.36031522508427255
0.47082464323087186 0.46951043124848829 0.072127464532718746 0.052169920836635908 0.038916183229552946 0.069281696219982036 0.11190199762416031 0.013097462663276523 0.5480051547984911 -0.3463737354312354 -0.33266740276782153
0.52427897382677935 0.51345107480625618 -0.079911585771565263 0.02320991547588281 0.0026387173916940288 0.13835519945031796 0.013215759390390066 0.11025127142281763 -0.46226144782165079 0.33080753653800971 0.31619075587843642
-0.43822004200028941 -0.10034261583406219 0.34306551009146474 -0.039391716143286654 -0.52884416017645697 -0.092561948228087818 0.37438424690757927 -0.054590265425667521 -0.48766700250757244 0.092909549136481528 -0.028462108882262405
0.47118644520940162 0.51321109583457392 0.091455815918406902 0.0096214387606505403 0.024227496077308289 -0.05174724372982327 0.10479016988684846 0.11476070857517104 0.028568978877776246 -0.52544162124241101 0.449243958210575
0.49995527481432089 -0.48246463252841637 -0.0120712680657449 0.1391699043524901 0.011533182139329592 -0.069064872319379453 -0.055142051222099878 -0.10320532420927876 0.49027776929315126 0.28753506673650558 0.39511386011028665
0.47640929984717506 -0.51344401696352526 -0.02719965710604904 0.026054211268591577 -0.014226599276039222 -0.032879016786312984 0.086525155440848434 0.0077927982349039549 -0.45020477701293138 -0.36809443000639214 -0.40122583471753914
0.4546887153289848 -0.48872037416955472 0.03072687634133878 0.099975072953925243 -0.035078202695333863 -0.062716622967991895 0.094751079826963847 -0.088533683783934683 0.50827821242201121 -0.35008183217584671 -0.37495005806923543
0.49401457657000719 -0.43962296132925832 -0.040036308987471153 0.18513314362050423 0.0020430736332007556 0.047674957790663164 -0.052105097772011076 -0.031502919142418116 -0.4839835703697416 0.3219114030325102 0.42772954589969686
0.54790097253644499 -0.46714457224225375 -0.097552531476761004 0.055533431346778413 -0.021386915128784635 0.033402057954441004 0.032824073494478224 -0.095676355182867309 0.069999321991223662 0.51453324869689743 -0.4330486844150051
0.43784061590051848 -0.55594604827436145 0.087254305832657864 0.070749548096031151 -0.0019910212666364542 -0.097579572084565275 -0.030867937817373767 -0.01741891341732367 -0.045676301753304262 -0.5018334126881715 0.47105805397859413
0.060922237908450909 0.2261699138624218 0.05203412601086297 0.45683636055068111 -0.0059143228572876658 0.63406258062203869 0.10059781708314272 -0.37957993131532297 0.21609567966117624 -0.12482935236844735 -0.3393784760420952
-0.51282127225838492 0.44916444124329497 -0.0062516628257621807 -0.13028039665280558 -0.072420029583520729 -0.0027771849229506354 -0.067684088151514707 0.11353145407596817 -0.48581207246207325 -0.34230699458519281 -0.37728402274078404
-0.44407079321708154 0.53612815403777803 0.08366806677501662 -0.10602570415696237 0.024483050236784432 -0.1274297386058057 -0.050641265149638418 -0.031235983772498661 0.51903285707226055 -0.27762695678332011 -0.36093783594707091
-0.42512279223699934 0.54688271224372009 -0.0034355514029813395 -0.10667823660028228 -0.012843899088869239 0.063278313618458676 -0.039768333307778875 0.095233897055422553 -0.47239972716444667 0.40850797005710837 0.32239334882425202
-0.44969934757797914 0.50643866983042374 0.019914248415995067 -0.090764037903617589 -0.06218753177483622 0.099668951390974925 -0.10969817318298601 0.016375629466791119 -0.024836555846551613 0.47888910630455511 -0.52592871433165966
-0.52948128404411399 0.48439132135741192 0.057359313618245499 -0.13539905015814954 -0.041091951305190326 -0.088560343353566939 0.082185501606354405 0.04297453547388707 0.017692229383474947 -0.50105119315120172 0.44033346523842204
-0.49876896529443965 -0.45557350354458176 -0.084235131413314207 -0.02976384719200224 0.021826195818092167 -0.07382656489226172 -0.038725243830352682 -0.056317683582861884 0.52600224852520538 0.26448773449760515 0.42245788015913954
-0.0013131845167052168 -0.092326329253136857 0.020412304374082778 -0.0006509368191417931 0.45262308241822613 0.46213754402918616 0.12072675369434682 0.079477594005983004 0.022099307948966564 -0.54503709047541438 0.50415555916113408
-0.51169605848266386 -0.42991497645185184 0.024297657423338826 0.027676304049117448 -0.081401349745452961 -0.095522825414180321 -0.088636138165507236 -0.15671978702331368 0.52854301151250327 -0.32206151367698771 -0.34746844840070423
-0.43709397188984983 -0.5110155443253207 -0.12799501650836997 -0.011894308901571771 -0.09322243427114621 0.013406831339805114 -0.073484829126468601 -0.033709357321419435 -0.53463204419032051 0.34029534443005716 0.33800728392085516
-0.44190149497360182 -0.49031344048617587 -0.12047464099295671 0.049135386451188812 -0.085503725357117408 0.019456722015636044 -0.058169202717909888 -0.087379519548776693 0.0013436907518691239 0.54948562946873647 -0.47617520235116589
-0.51326330114825003 -0.49332129323447038 0.049277835911420431 -0.0317510171637575 -0.072621111051245246 -0.1351896729175758 -0.058533918676674804 -0.11258410993852402 -0.012571811291447554 -0.51941431615838207 0.42444987452374339
-0.069038001602644963 0.028112624688006686 0.54563927506929211 0.49744920646073504 0.013888303822345573 -0.041948721889660194 0.083835690390269904 -0.014166974491748857 0.41791531956018718 0.34918510349816245 0.37881439509671505
-0.023414790599537435 0.056164094050931361 0.49803798881631944 0.4099638053931377 0.09130177743468107 0.036107300956971247 0.082463671603710681 -0.012039578830036972 -0.54150531738711527 -0.39979873775003677 -0.33246530989119638
-0.059908634856465658 0.011447045283699065 0.55169217759741673 0.48450713843117421 -0.012599615032451255 -0.029653155533397261 0.089326840398550225 -0.075470719708361042 0.44616738807333617 -0.3387876719926281 -0.3586264015039265
-0.11369192766019237 0.055960171301565359 0.43535386579599683 0.50402560912272909 0.021077607512783054 -0.058928625638004051 0.00022222678660783457 0.03383630739962009 -0.53853499550723638 0.31989706257633654 0.37808985192090394
-0.088575908193459327 0.032012578555956885 0.47473390786549835 0.50169845747416231 -0.015615925880984078 0.15004566952361587 -0.0290738600662762 -0.10416468724315357 -0.028188093077397659 0.48594397337245554 -0.49261205065733366
-0.038846081079056086 0.02544748323179764 0.58449735370259259 0.41627938756555755 -0.018167903722740051 -0.015523343281810669 0.026677663701545166 -0.0042372638309716585 -0.058949506861024015 -0.49015788002818717 0.48773684688992186
0.067568751093474377 -0.06904991859388962 0.51758462155544771 -0.46057225498152859 0.062508070196896179 -0.030991601354295916 0.0025914748507433845 -0.021614748126685433 0.47931667680341949 0.42007769306818515 0.31479284289877274
0.077561997684186451 -0.047791684577730767 0.4558308668657185 -0.5346942724596333 0.023253948248664939 0.044672284555188353 -0.030221819263619373 0.050681711327744385 -0.43636884627473371 -0.38688637955028066 -0.38974755059122962
0.015230187334779302 -0.082484730353699964 0.50070654437187545 -0.49360942500580379 -0.0014783903359601399 -0.037454300768972805 0.056511289856273753 -0.065646160062816275 0.50792999585842691 -0.28024251868041133 -0.39136977164245412
-0.0062601902484764544 -0.081156300361007086 0.40616470012455974 -0.54965605456144517 0.0035936745715666953 0.024667891181660385 -0.035269961913773809 0.032974221563355909 -0.48395510129333741 0.41063284430134595 0.34712873872123579
0.11601468528457197 -0.068323914459795923 0.42513145499542526 -0.47012645438286582 -0.059828082546903888 0.094036373258135436 -0.071985625867209441 0.013644065994815451 -0.028733762912268521 0.54114748850563632 -0.51832444964701074
-0.0010464839816418572 -0.029762081496028821 0.5004063135166088 -0.54166754549959728 0.058926873738854378 -0.012272558057053636 -0.0057852886309510305 0.047513035453847594 -0.060482885865730265 -0.44881370261825981 0.49426414552182513
-0.096945510255535758 0.052335364638247145 -0.43476896674640003 0.57880630812813594 0.034701953201527462 0.039394595467869414 0.020953090766864958 0.023914463548181861 0.49696899532247713 0.29363624655807224 0.35616605675262686
-0.0061901954361663824 0.12527054422179776 -0.48911795275925957 0.44986170690149435 -0.13710512440655337 -0.035272671104437305 -0.013705152402485814 0.0043536586927984651 -0.45393969578849369 -0.42701858315721586 -0.36606306204968042
-0.11052693420045068 0.13135077776628368 -0.39331862266444834 0.52756592160805726 -0.029256752418790086 -0.11574190621605973 0.036556641286745642 -0.064344788429827077 0.52408052358532509 -0.40880055194031406 -0.27567799461433568
-0.06990560181139012 0.098226304909957943 -0.50827795227553918 0.49120333431760643 -0.093789927845107382 0.08205497881524533 -0.021958704419366499 0.093888776729036394 -0.4499581371997125 0.30641836229586827 0.40577852610955623
-0.049854978705552937 0.14950978281341931 -0.51635149278607884 0.50432158088596313 -0.070650676035764082 0.096738846519074592 -0.011852730497435019 -0.075018178327149396 0.010111066397578913 0.49367268190584002 -0.43619846127411155
-0.033758341149937143 0.10197636326832864 -0.45668290959551905 0.48901607167263894 0.034026786570012284 -0.027708044110335478 0.047114771424048463 -0.010463262038744529 -0.048837163407509633 -0.54649867889627823 0.48524682734666036
0.11633531853726743 0.035120267048799753 -0.5035420681674021 -0.40655180660922485 0.046036203157526157 -0.075186993332070323 -0.0060425708197445549 0.01075922161321392 0.58552289426034076 0.32986215450800593 0.32683770356668262
0.059662166955955637 0.00075670881006389111 -0.58280240587844212 -0.48425870516731118 -0.020713760965318281 -0.056863654526280359 -0.079882929806906297 0.1067742446197308 -0.38562964336892247 -0.40662512747232754 -0.29457756597046653
0.066917793446282375 0.043057409529217168 -0.45371138805913919 -0.47760869095108138 -0.020726910107205284 -0.10980308049440034 0.0077403176005087955 -0.060918106187506225 0.54544468902726118 -0.31499157250609172 -0.38303672679492567
0.029487358499343395 0.056609842180590036 -0.60419685390257272 -0.45701791350115023 -0.0089988260092305032 0.033256649898460652 -0.0057961837502130513 0.11910815493909112 -0.40565837440735864 0.36027138923482938 0.33502997977974996
0.099685194475011146 0.073899468175303726 -0.51912712056408394 -0.44575452236021273 -0.014102275727494977 0.028774812272953591 -0.025441035312256489 0.0082786367788221724 0.10256833043182233 0.5229999935669315 -0.48022886971823481
0.088037106872060455 0.021687476422880627 -0.44380093524731479 -0.48089422208097349 0.071215203971244201 -0.088010783125523351 -0.00095730184928833749 0.14159228120846196 0.067472241755324763 -0.48802674807742857 0.53662947573586461
0.026579804308171532 -0.10128047409985477 0.062342770114548883 0.076960122446595197 0.42986195857612169 0.52114405790854867 0.11227363310595651 -0.0078417582641937891 0.49896768660540058 0.28340357521499882 0.42532418815267908
-0.0082159130883584248 -0.10282224681597259 -0.083521813625931543 -0.063827422444346055 0.45158197518463561 0.50176183208261438 0.08359747659697736 0.11413382067698469 -0.4589935429529281 -0.43597630694492767 -0.31914503736154171
-0.07809241651699568 -0.060352181151188795 0.093046229206987116 -0.020286968640285848 0.44940504282569349 0.50515083205304345 0.045186990867787373 0.082285678289642838 0.53316590945990072 -0.38238273808520434 -0.29112287580078688
-0.0080574969273892981 -0.025127127720890804 -0.10244430742554002 -0.0064973308021817585 0.42761072510945103 0.56333932630124606 0.024831457215389156 0.10536682898208743 -0.45985252830689444 0.35172254080417126 0.3763942886933514
0.046964066310715723 -0.06532234383322634 -0.022853203283524439 0.015857644482846132 0.41937365417618172 0.60659702975278817 0.051069415106213649 0.048411639830085305 0.011520642048468061 0.49233266475798548 -0.44882453782030357
-0.0105328378845515 0.42247271568533246 -0.34771772761466641 -0.006653550109678814 -0.060012679356376677 0.46324817809317098 0.032331665007134011 -0.30902551083889768 0.37991670513228443 -0.4100670802758058 0.2705915071375018
-0.068908005246140977 0.083935584981546352 -0.034748671576272289 0.11577796106823703 0.55475124351871352 -0.4762872519446319 -0.055469165483097105 -0.11021378583149663 0.45142949278728706 0.2648647620194754 0.3870790272881221
-0.09517236784890036 0.02016452798712939 -0.063106937275899028 -0.039559482616767463 0.53431689438918473 -0.42329521490972322 -0.028990891345839088 -0.039058627183292061 -0.50118171971732572 -0.33373243178356199 -0.39419321540992008
-0.024981711329407807 -0.47707324836842957 0.2506006882571748 0.0072094331530916187 -0.072116835915716423 -0.38702959211805776 0.093021261921029261 0.24801636423066431 -0.50981466560585842 0.3485883101940262 -0.3199089407081453
-0.043758957760886168 0.020105412387204612 -0.065571951738100778 -0.044015985256819816 0.51038686685094881 -0.4065604388270625 -0.061420360885542334 -0.046118832436598235 -0.49764014981192978 0.42247874213511044 0.36554655001085312
-0.00024787118323524288 0.0061000728250994798 0.030862172261780455 0.067930544844262516 -0.021562455788500072 -0.013119423487349364 -0.033154097828336032 -0.070273671015310193 0.52103539830666601 0.15967377846307149 -0.83111217741141319
-0.070293121166566844 0.021211116426325533 0.051666988225881436 -0.0025228049532210798 0.47674360802979954 -0.53495927155759748 -0.073936521267963545 -0.042303197239028562 -0.11107882693712616 -0.49565962523060209 0.46172945960315137
0.020265797372408939 -0.091603867600569475 0.02524002413064878 -0.02357072889160906 -0.50600446308906755 0.40271210792968742 -0.055815872243326937 0.083751595792213127 0.54523591109382585 0.28391455936174875 0.42868218428544053
-0.051494914562559911 -0.085112917665916527 -0.043561203785294267 -0.088420309389988641 -0.51000513063522579 0.5023435404814145 0.019317450775863172 0.047134556312046633 -0.412587943759051 -0.42539364963274101 -0.33786191071011756
-0.0023986015768940579 -0.039102548362747645 0.071941943445253786 -0.018135890035955865 -0.51369126549516175 0.43990597584574193 0.044784015030402052 0.069094203495575907 0.56461829435192989 -0.35630281496122707 -0.2881658699985386
0.028261175012827894 -0.030715582155410426 -0.07784343952393892 -0.099301819771796862 -0.52823471570469793 0.52002872516283105 -0.016458693019117124 0.081644568626879632 -0.44927418405256264 0.24662921765160109 0.40406141739225115
0.10186149226427961 -0.024143845705758549 -0.056928640155524041 0.013227621739198244 -0.5551890198520868 0.52827870740368343 0.03465780956232721 -0.0076127992282969664 0.074591582092887021 0.43947820118052511 -0.44536290673251167
-0.096101000699223546 -0.049724035288742009 0.077913282628140818 -0.062438089418120873 -0.50281844658000263 0.39624538856443409 0.10463888731460988 0.13400328868636421 0.060224721895047746 -0.52438829194289749 0.51085227728581362
0.067417014273440892 0.060313413811874793 0.078460140831048422 0.02689300119185806 -0.46001453992042302 -0.52846839205851004 -0.0037589879453731809 -0.11016810089204372 0.4368125100364475 0.39673809057463466 0.3656342036293812
0.02870262926986835 0.0092878802001547123 0.054880391755762974 -0.077295567040080101 -0.45053253970200913 -0.52159463352194468 -0.021312925777093761 -0.065031721861067385 -0.48946655213937329 -0.32936722419835784 -0.40288864656267503
0.041183762347499007 0.047301526832692904 0.082729756095203083 -0.0052018430192953607 -0.46210557809527786 -0.58364239628740355 0.013463202654379241 -0.083770863451942415 0.49667082970614046 -0.29646148434824876 -0.30536050717276464
0.083367130028971836 0.14633050575521714 -0.039918716414503015 0.006763225363651512 -0.49062062263588369 -0.45085172788055528 -0.0080298792660934599 -0.0022507631950946455 -0.51118680438319863 0.36735614324413063 0.36012519189783432
0.099290847595637041 0.051659450045860228 0.0099637437387676414 0.026546466816202464 -0.47737674517898698 -0.47904423156863218 -0.017656812161610063 -0.079365521431114305 -0.020356883450526359 0.49712446104813712 -0.52453686581036119
0.014240990021095835 0.03380090469819251 0.14847419770515388 -0.068221094328713941 -0.4887063729263364 -0.54500522979173782 -0.038588906310961471 0.027817856812366058 -0.0089435402554620558 -0.43578442578149246 0.49380196333766274
-0.046553294293313174 -0.072855214866839088 0.01460841489002467 0.0055053474687793537 -0.0039065575511447017 -0.16977078656059938 0.53032236463150229 0.40903419811095293 0.53092038196211422 0.37837140238141653 0.29975265951113012
-0.080597859228913563 -0.055494649595436596 -0.049380455592860792 0.011194085371989428 0.0044851230937145844 -0.12174664760572178 0.47714491595648745 0.51085750005071029 -0.48491032962533787 -0.30114716649685241 -0.39818077506592775
-0.08450720625990038 -0.088065621461327778 0.047005746163648408 0.030285296784619973 -0.035053862428287293 -0.1636252915499582 0.53675473891069336 0.4439222803628457 0.47313504339692092 -0.31281586485619894 -0.38352451601627635
-0.042606538898114818 -0.097429045402116415 0.0027708225855649546 0.027476384409176827 -0.0051910199086896988 -0.12361082683236799 0.44367780911740312 0.55697431928448482 -0.42798210094115718 0.41112273191446275 0.33669285934042059
0.012239928431378897 -0.081774814729069625 -0.011275508424405547 0.049727813273767137 -0.025069072982307362 -0.04698175035975944 0.48182050788106218 0.43433199681444484 0.06604350067402974 0.53966543757412 -0.52089491672774835
-0.10962098205339411 -0.070116004976983656 0.03748084060265551 0.087177232459018275 0.05272404570474 -0.19153189426966369 0.48095066306917966 0.5170669361519471 -0.038537483996712835 -0.50334688900265334 0.42553851322827269
-0.038373580021304129 -0.018038203153608458 -0.02046698062287295 -0.067693129004072192 0.019082767884429284 -0.016225266831850538 0.45741015481152231 -0.55609859137426043 0.44491875222930694 0.40110011107433036 0.33951396880982937
0.014400005248963673 0.032177945921341954 -0.084452880634806785 -0.036067466706241016 0.011672740732651123 0.046186491237688254 0.46733696349207243 -0.50272337348043561 -0.52838913741242566 -0.33588820192299634 -0.35341764412360432
-0.093032497132464254 0.071588199846847569 0.027273249938350279 -0.03774357065614279 0.11254010566899054 0.024786144054013609 0.48420355691835276 -0.58181083352088236 0.44993401887724133 -0.2887277098975129 -0.33468015502942589
-0.010953669746549977 0.027881398944181082 -0.1605309092741033 -0.01208948361210466 -0.020679469478791158 0.055724118853949227 0.42932420339415672 -0.48436351537404915 -0.50442036233424037 0.40183661859843534 0.36716977238885473
0.011913789687745577 0.026474274301949579 -0.040042626523594492 0.0025036816216157248 -0.0058968147329145461 0.12793662802977313 0.42901144473842762 -0.55972572082081695 -0.069467340945483222 0.5000627681027523 -0.4784482783684238
-0.072830142677180423 0.043463176443318388 -0.01193437149545669 -0.062345911595558606 0.029077220871272576 0.0092681488010121476 0.52370167375772847 -0.51497342169749538 -0.051382008937646877 -0.47354697674622886 0.47063571810921545
-0.025267679647514155 -0.048017093916145372 0.09706086117228184 0.09108333211526233 0.068941342619674939 -0.06016320726510397 -0.51041763336041868 0.47590951695383799 0.50290187966975675 0.3396750380001981 0.3400896027187989
0.063170447876879143 -0.058645157144343596 0.0056210544965399206 0.022860208916095325 -0.030279468935462607 -0.032756341281284747 -0.46667945269831929 0.52565600951801961 -0.43770968294304957 -0.41462728171274782 -0.36389109541762771
0.011204621984225059 -0.023437404378411523 0.064723447516222207 0.019626450621215936 -0.015787233449739015 -0.10617801215825363 -0.42612526436307246 0.46804791334659179 0.53661803952117071 -0.37929069516678127 -0.38827293673098595
0.028370932397212462 -0.013670241560745824 0.030869570336965954 0.012571519099761041 -0.00093193626703946451 0.027613422908295326 -0.51112522805563143 0.50896960216061804 -0.44972966316478125 0.2726725041238674 0.44746815806429613
0.079007012081906303 0.0017636960423852372 0.041935289701475149 0.10930085605866438 0.00070844441134005828 0.020093370126272762 -0.54968475782469572 0.45282087222296291 0.018379746274999973 0.4077980517153213 -0.55299923054434375
-0.0017806535523411365 -0.053651430868923662 0.10034245416056219 0.02189234755457321 0.014031594020228768 -0.067712353957461224 -0.49083119208107173 0.49578725982495808 0.076656908822243491 -0.53095825430454424 0.45527508841605074
0.0670349145898156 0.093957674042039085 -0.035592644145564081 0.02719245926322876 0.12790049165872622 0.12860314667816375 -0.55403125231374417 -0.44469300982184684 0.4702138613065312 0.32358112138004136 0.34823323427167363
-0.044499079036514531 0.041809564388073039 -0.11339335993284549 -0.10104466033166443 0.072452298275328467 0.16773313483617705 -0.48485353488299776 -0.45034285870751634 -0.48645443294402491 -0.32748559325004645 -0.39754698463226712
0.054090627038600778 0.092377086694954647 0.03346230997007308 -0.02456485715641378 0.05260265057676098 0.080983356042463733 -0.46537569008727642 -0.5375796912603179 0.45225539996349651 -0.37222379916394804 -0.35894319311158668
0.021721121022791865 0.10160399349906225 -0.037500187268595796 -0.040051312820670294 0.035398999144760773 0.15297208304588888 -0.53695903446180215 -0.42796207541091752 -0.54089556546592921 0.3021536658597464 0.32588266163990165
0.070271196187340054 0.01936238666578009 -0.060549913970358041 -0.0017433602330228278 -0.049920300636849706 0.16762832635853209 -0.5290361841703346 -0.48698210956981558 0.023094219005336897 0.46627862957088778 -0.47481203735826016
0.039380224798658749 0.012463402848109007 -0.011519823084814047 -0.12838100786793219 0.098661860812464211 0.10285154942384568 -0.49375785700178837 -0.4448038076540286 0.015406791075339162 -0.49127689147672177 0.52737962229925717
-0.013586787569393433 0.015221478641866707 0.09016230724010256 0.10169776567933539 0.031398324341062565 -0.050271707634600621 -0.02127273262912718 -0.098199076939494423 0.9828643515108233 0.037874858294864033 0.0068193118142646615
-0.00014879178699017036 0.026337443037564939 0.023928110504552243 0.026691978565714328 -0.014782969411413553 0.053736872918397155 -0.067055168695489789 -0.033190775028991162 -0.0044895292483614346 0.6928615717018527 0.71361038141108257
-0.027661057640603538 -0.0029365370884762245 -0.012407196582993394 -0.022912092360107387 0.025687662184051899 -0.006616574277837111 0.079997121815357841 -0.050268611354127253 0.035280256202190503 -0.67125123272374776 -0.73286719014842727
0.071136024203108106 0.035011796128537907 -0.082617298791689983 -0.016784825615437482 -0.028347982874239799 0.14233114295316926 -0.0109135485819465 0.06179985144064773 -0.98007848130274 -0.0026207856522343915 -0.032337349359555415
0.028847333511485624 0.017435562075247157 0.030720670224660775 0.10183434080928042 -0.068893199896573859 0.069026633414228128 -0.0047093422839133738 -0.02577861713149791 0.49393406821112784 0.85114373298531276 -0.094528608997831637
0.016754738665342557 0.032872457197664726 0.01365366627100717 0.089540600969174877 0.0005326416493154207 -0.070814996061186783 0.15488095644355776 0.0025048923677630499 0.47129197472873002 -0.17313081310253817 0.84222022182283962
0.035994811776991743 0.0058382236960599033 -0.023427797838783796 0.07060515393727794 -0.074319111373143967 0.069808213164666816 0.0028529482100859856 0.0050266548191083933 -0.47188942198617645 0.12133208792289034 -0.8633106703500536
0.052741773734076423 0.016741741141754019 -8.2137439944144716e-05 -0.049248267604096271 -0.056941793563173568 -0.044640939556652381 -0.011637973398525769 -0.01635842281714962 -0.43550592530476362 -0.88843487388363507 0.099460861295245728
-0.49331766801691507 0.48630789907791133 0.033775360053511186 -0.024053504396671008 0.0093648381867810493 -0.0016008120026075787 -0.0029031286979894814 0.085105049676258746 0.48555221954556665 0.36029938058672017 0.38145091127104114
-0.034259778608034593 0.015991763412089306 0.12880297564371634 -0.002642552596249161 -0.032491379572747288 -0.080625290463717816 -0.013681417917675538 -0.08848131140379166 0.51258189797314213 -0.82311927203376223 0.16166493886365499
0.07192732389198836 0.010519517858680393 -0.097264574611706678 -0.0058716464965404315 -0.056331462769367638 0.1154508523625047 -4.1127393323384538e-05 0.07608121449629035 -0.45298483953926644 0.86147941055540966 -0.12485351637744016
0.0494411146335684 0.09258294162997438 -0.0067324015875371577 -0.032897176494404205 0.054918167459609618 -0.028353857594766878 0.13072381220260387 0.068605342998565286 -0.48132698697441795 -0.11807089242377611 0.84653686694704211
