0 0 -0.70190094480708465 0.70190094480708465 0 0 0 -0.085644986167098897 0.085644986167098897 0 -6.8351086271662057e-06
0 0 -0.70190094480708465 -0.42512120613101667 0 0 0 -0.085644986167098897 0.56504155605968509 0 -6.8351086271662057e-06
0 0 -0.70190094480708465 -0.27677973867606809 0 0 0 -0.085644986167098897 -0.65068654222678379 0 -6.8351086271662057e-06
0 0 0.70190094480708465 -0.70190094480708465 0 0 0 0.085644986167098897 -0.085644986167098897 0 -6.8351086271662057e-06
0 0 0.70190094480708465 0.42512120613101667 0 0 0 0.085644986167098897 -0.56504155605968509 0 -6.8351086271662057e-06
0 0 0.70190094480708465 0.27677973867606809 0 0 0 0.085644986167098897 0.65068654222678379 0 -6.8351086271662057e-06
0 0 0.42512120613101667 -0.42512120613101667 0 0 0 -0.56504155605968509 0.56504155605968509 0 -6.8351086271662057e-06
0 0 0.42512120613101667 -0.27677973867606803 0 0 0 -0.56504155605968509 -0.65068654222678379 0 -6.8351086271662057e-06
0 0 0.42512120613101667 0.70190094480708465 0 0 0 -0.56504155605968509 0.085644986167098439 0 -6.8351086271662057e-06
0 0 -0.42512120613101667 0.42512120613101667 0 0 0 0.56504155605968509 -0.56504155605968509 0 -6.8351086271662057e-06
0 0 -0.42512120613101667 0.27677973867606803 0 0 0 0.56504155605968509 0.65068654222678379 0 -6.8351086271662057e-06
0 0 -0.42512120613101667 -0.70190094480708465 0 0 0 0.56504155605968509 -0.085644986167098439 0 -6.8351086271662057e-06
0 0 0.27677973867606809 -0.27677973867606809 0 0 0 0.65068654222678379 -0.65068654222678379 0 -6.8351086271662057e-06
0 0 0.27677973867606809 0.70190094480708465 0 0 0 0.65068654222678379 0.085644986167098439 0 -6.8351086271662057e-06
0 0 0.27677973867606809 -0.42512120613101634 0 0 0 0.65068654222678379 0.56504155605968531 0 -6.8351086271662057e-06
0 0 -0.27677973867606809 0.27677973867606809 0 0 0 -0.65068654222678379 0.65068654222678379 0 -6.8351086271662057e-06
0 0 -0.27677973867606809 -0.70190094480708465 0 0 0 -0.65068654222678379 -0.085644986167098439 0 -6.8351086271662057e-06
0 0 -0.27677973867606809 0.42512120613101634 0 0 0 -0.65068654222678379 -0.56504155605968531 0 -6.8351086271662057e-06
0 0 -0.70190094480708465 0 0.70190094480708465 0 0 -0.085644986167098897 0 0.085644986167098897 -6.8351086271662057e-06
0 0 -0.70190094480708465 0 -0.42512120613101667 0 0 -0.085644986167098897 0 0.56504155605968509 -6.8351086271662057e-06
0 0 -0.70190094480708465 0 -0.27677973867606809 0 0 -0.085644986167098897 0 -0.65068654222678379 -6.8351086271662057e-06
0 0 0.70190094480708465 0 -0.70190094480708465 0 0 0.085644986167098897 0 -0.085644986167098897 -6.8351086271662057e-06
0 0 0.70190094480708465 0 0.42512120613101667 0 0 0.085644986167098897 0 -0.56504155605968509 -6.8351086271662057e-06
0 0 0.70190094480708465 0 0.27677973867606809 0 0 0.085644986167098897 0 0.65068654222678379 -6.8351086271662057e-06
0 0 0.42512120613101667 0 -0.42512120613101667 0 0 -0.56504155605968509 0 0.56504155605968509 -6.8351086271662057e-06
0 0 0.42512120613101667 0 -0.27677973867606803 0 0 -0.56504155605968509 0 -0.65068654222678379 -6.8351086271662057e-06
0 0 0.42512120613101667 0 0.70190094480708465 0 0 -0.56504155605968509 0 0.085644986167098439 -6.8351086271662057e-06
0 0 -0.42512120613101667 0 0.42512120613101667 0 0 0.56504155605968509 0 -0.56504155605968509 -6.8351086271662057e-06
0 0 -0.42512120613101667 0 0.27677973867606803 0 0 0.56504155605968509 0 0.65068654222678379 -6.8351086271662057e-06
0 0 -0.42512120613101667 0 -0.70190094480708465 0 0 0.56504155605968509 0 -0.085644986167098439 -6.8351086271662057e-06
0 0 0.27677973867606809 0 -0.27677973867606809 0 0 0.65068654222678379 0 -0.65068654222678379 -6.8351086271662057e-06
0 0 0.27677973867606809 0 0.70190094480708465 0 0 0.65068654222678379 0 0.085644986167098439 -6.8351086271662057e-06
0 0 0.27677973867606809 0 -0.42512120613101634 0 0 0.65068654222678379 0 0.56504155605968531 -6.8351086271662057e-06
0 0 -0.27677973867606809 0 0.27677973867606809 0 0 -0.65068654222678379 0 0.65068654222678379 -6.8351086271662057e-06
0 0 -0.27677973867606809 0 -0.70190094480708465 0 0 -0.65068654222678379 0 -0.085644986167098439 -6.8351086271662057e-06
0 0 -0.27677973867606809 0 0.42512120613101634 0 0 -0.65068654222678379 0 -0.56504155605968531 -6.8351086271662057e-06
0 0.70190094480708465 -0.70190094480708465 0 0 0 0.085644986167098897 -0.085644986167098897 0 0 -6.8351086271662057e-06
0 -0.42512120613101667 -0.70190094480708465 0 0 0 0.56504155605968509 -0.085644986167098897 0 0 -6.8351086271662057e-06
0 -0.27677973867606809 -0.70190094480708465 0 0 0 -0.65068654222678379 -0.085644986167098897 0 0 -6.8351086271662057e-06
0 -0.70190094480708465 0.70190094480708465 0 0 0 -0.085644986167098897 0.085644986167098897 0 0 -6.8351086271662057e-06
0 0.42512120613101667 0.70190094480708465 0 0 0 -0.56504155605968509 0.085644986167098897 0 0 -6.8351086271662057e-06
0 0.27677973867606809 0.70190094480708465 0 0 0 0.65068654222678379 0.085644986167098897 0 0 -6.8351086271662057e-06
0 -0.42512120613101667 0.42512120613101667 0 0 0 0.56504155605968509 -0.56504155605968509 0 0 -6.8351086271662057e-06
0 -0.27677973867606803 0.42512120613101667 0 0 0 -0.65068654222678379 -0.56504155605968509 0 0 -6.8351086271662057e-06
0 0.70190094480708465 0.42512120613101667 0 0 0 0.085644986167098439 -0.56504155605968509 0 0 -6.8351086271662057e-06
0 0.42512120613101667 -0.42512120613101667 0 0 0 -0.56504155605968509 0.56504155605968509 0 0 -6.8351086271662057e-06
0 0.27677973867606803 -0.42512120613101667 0 0 0 0.65068654222678379 0.56504155605968509 0 0 -6.8351086271662057e-06
0 -0.70190094480708465 -0.42512120613101667 0 0 0 -0.085644986167098439 0.56504155605968509 0 0 -6.8351086271662057e-06
0 -0.27677973867606809 0.27677973867606809 0 0 0 -0.65068654222678379 0.65068654222678379 0 0 -6.8351086271662057e-06
0 0.70190094480708465 0.27677973867606809 0 0 0 0.085644986167098439 0.65068654222678379 0 0 -6.8351086271662057e-06
0 -0.42512120613101634 0.27677973867606809 0 0 0 0.56504155605968531 0.65068654222678379 0 0 -6.8351086271662057e-06
0 0.27677973867606809 -0.27677973867606809 0 0 0 0.65068654222678379 -0.65068654222678379 0 0 -6.8351086271662057e-06
0 -0.70190094480708465 -0.27677973867606809 0 0 0 -0.085644986167098439 -0.65068654222678379 0 0 -6.8351086271662057e-06
0 0.42512120613101634 -0.27677973867606809 0 0 0 -0.56504155605968531 -0.65068654222678379 0 0 -6.8351086271662057e-06
0 0 0 -0.70190094480708465 0.70190094480708465 0 0 0 -0.085644986167098897 0.085644986167098897 -6.8351086271662057e-06
0 0 0 -0.70190094480708465 -0.42512120613101667 0 0 0 -0.085644986167098897 0.56504155605968509 -6.8351086271662057e-06
0 0 0 -0.70190094480708465 -0.27677973867606809 0 0 0 -0.085644986167098897 -0.65068654222678379 -6.8351086271662057e-06
0 0 0 0.70190094480708465 -0.70190094480708465 0 0 0 0.085644986167098897 -0.085644986167098897 -6.8351086271662057e-06
0 0 0 0.70190094480708465 0.42512120613101667 0 0 0 0.085644986167098897 -0.56504155605968509 -6.8351086271662057e-06
0 0 0 0.70190094480708465 0.27677973867606809 0 0 0 0.085644986167098897 0.65068654222678379 -6.8351086271662057e-06
0 0 0 0.42512120613101667 -0.42512120613101667 0 0 0 -0.56504155605968509 0.56504155605968509 -6.8351086271662057e-06
0 0 0 0.42512120613101667 -0.27677973867606803 0 0 0 -0.56504155605968509 -0.65068654222678379 -6.8351086271662057e-06
0 0 0 0.42512120613101667 0.70190094480708465 0 0 0 -0.56504155605968509 0.085644986167098439 -6.8351086271662057e-06
0 0 0 -0.42512120613101667 0.42512120613101667 0 0 0 0.56504155605968509 -0.56504155605968509 -6.8351086271662057e-06
0 0 0 -0.42512120613101667 0.27677973867606803 0 0 0 0.56504155605968509 0.65068654222678379 -6.8351086271662057e-06
0 0 0 -0.42512120613101667 -0.70190094480708465 0 0 0 0.56504155605968509 -0.085644986167098439 -6.8351086271662057e-06
0 0 0 0.27677973867606809 -0.27677973867606809 0 0 0 0.65068654222678379 -0.65068654222678379 -6.8351086271662057e-06
0 0 0 0.27677973867606809 0.70190094480708465 0 0 0 0.65068654222678379 0.085644986167098439 -6.8351086271662057e-06
0 0 0 0.27677973867606809 -0.42512120613101634 0 0 0 0.65068654222678379 0.56504155605968531 -6.8351086271662057e-06
0 0 0 -0.27677973867606809 0.27677973867606809 0 0 0 -0.65068654222678379 0.65068654222678379 -6.8351086271662057e-06
0 0 0 -0.27677973867606809 -0.70190094480708465 0 0 0 -0.65068654222678379 -0.085644986167098439 -6.8351086271662057e-06
0 0 0 -0.27677973867606809 0.42512120613101634 0 0 0 -0.65068654222678379 -0.56504155605968531 -6.8351086271662057e-06
0 0.70190094480708465 0 -0.70190094480708465 0 0 0.085644986167098897 0 -0.085644986167098897 0 -6.8351086271662057e-06
0 -0.42512120613101667 0 -0.70190094480708465 0 0 0.56504155605968509 0 -0.085644986167098897 0 -6.8351086271662057e-06
0 -0.27677973867606809 0 -0.70190094480708465 0 0 -0.65068654222678379 0 -0.085644986167098897 0 -6.8351086271662057e-06
0 -0.70190094480708465 0 0.70190094480708465 0 0 -0.085644986167098897 0 0.085644986167098897 0 -6.8351086271662057e-06
0 0.42512120613101667 0 0.70190094480708465 0 0 -0.56504155605968509 0 0.085644986167098897 0 -6.8351086271662057e-06
0 0.27677973867606809 0 0.70190094480708465 0 0 0.65068654222678379 0 0.085644986167098897 0 -6.8351086271662057e-06
0 -0.42512120613101667 0 0.42512120613101667 0 0 0.56504155605968509 0 -0.56504155605968509 0 -6.8351086271662057e-06
0 -0.27677973867606803 0 0.42512120613101667 0 0 -0.65068654222678379 0 -0.56504155605968509 0 -6.8351086271662057e-06
0 0.70190094480708465 0 0.42512120613101667 0 0 0.085644986167098439 0 -0.56504155605968509 0 -6.8351086271662057e-06
0 0.42512120613101667 0 -0.42512120613101667 0 0 -0.56504155605968509 0 0.56504155605968509 0 -6.8351086271662057e-06
0 0.27677973867606803 0 -0.42512120613101667 0 0 0.65068654222678379 0 0.56504155605968509 0 -6.8351086271662057e-06
0 -0.70190094480708465 0 -0.42512120613101667 0 0 -0.085644986167098439 0 0.56504155605968509 0 -6.8351086271662057e-06
0 -0.27677973867606809 0 0.27677973867606809 0 0 -0.65068654222678379 0 0.65068654222678379 0 -6.8351086271662057e-06
0 0.70190094480708465 0 0.27677973867606809 0 0 0.085644986167098439 0 0.65068654222678379 0 -6.8351086271662057e-06
0 -0.42512120613101634 0 0.27677973867606809 0 0 0.56504155605968531 0 0.65068654222678379 0 -6.8351086271662057e-06
0 0.27677973867606809 0 -0.27677973867606809 0 0 0.65068654222678379 0 -0.65068654222678379 0 -6.8351086271662057e-06
0 -0.70190094480708465 0 -0.27677973867606809 0 0 -0.085644986167098439 0 -0.65068654222678379 0 -6.8351086271662057e-06
0 0.42512120613101634 0 -0.27677973867606809 0 0 -0.56504155605968531 0 -0.65068654222678379 0 -6.8351086271662057e-06
0 0.70190094480708465 0 0 -0.70190094480708465 0 0.085644986167098897 0 0 -0.085644986167098897 -6.8351086271662057e-06
0 -0.42512120613101667 0 0 -0.70190094480708465 0 0.56504155605968509 0 0 -0.085644986167098897 -6.8351086271662057e-06
0 -0.27677973867606809 0 0 -0.70190094480708465 0 -0.65068654222678379 0 0 -0.085644986167098897 -6.8351086271662057e-06
0 -0.70190094480708465 0 0 0.70190094480708465 0 -0.085644986167098897 0 0 0.085644986167098897 -6.8351086271662057e-06
0 0.42512120613101667 0 0 0.70190094480708465 0 -0.56504155605968509 0 0 0.085644986167098897 -6.8351086271662057e-06
0 0.27677973867606809 0 0 0.70190094480708465 0 0.65068654222678379 0 0 0.085644986167098897 -6.8351086271662057e-06
0 -0.42512120613101667 0 0 0.42512120613101667 0 0.56504155605968509 0 0 -0.56504155605968509 -6.8351086271662057e-06
0 -0.27677973867606803 0 0 0.42512120613101667 0 -0.65068654222678379 0 0 -0.56504155605968509 -6.8351086271662057e-06
0 0.70190094480708465 0 0 0.42512120613101667 0 0.085644986167098439 0 0 -0.56504155605968509 -6.8351086271662057e-06
0 0.42512120613101667 0 0 -0.42512120613101667 0 -0.56504155605968509 0 0 0.56504155605968509 -6.8351086271662057e-06
0 0.27677973867606803 0 0 -0.42512120613101667 0 0.65068654222678379 0 0 0.56504155605968509 -6.8351086271662057e-06
0 -0.70190094480708465 0 0 -0.42512120613101667 0 -0.085644986167098439 0 0 0.56504155605968509 -6.8351086271662057e-06
0 -0.27677973867606809 0 0 0.27677973867606809 0 -0.65068654222678379 0 0 0.65068654222678379 -6.8351086271662057e-06
0 0.70190094480708465 0 0 0.27677973867606809 0 0.085644986167098439 0 0 0.65068654222678379 -6.8351086271662057e-06
0 -0.42512120613101634 0 0 0.27677973867606809 0 0.56504155605968531 0 0 0.65068654222678379 -6.8351086271662057e-06
0 0.27677973867606809 0 0 -0.27677973867606809 0 0.65068654222678379 0 0 -0.65068654222678379 -6.8351086271662057e-06
0 -0.70190094480708465 0 0 -0.27677973867606809 0 -0.085644986167098439 0 0 -0.65068654222678379 -6.8351086271662057e-06
0 0.42512120613101634 0 0 -0.27677973867606809 0 -0.56504155605968531 0 0 -0.65068654222678379 -6.8351086271662057e-06
0.069928838379038835 -0.049447155818316442 -0.049447155818316442 -0.049447155818316442 -0.049447155818316442 -0.57309972158492528 0.40524269942882285 0.40524269942882285 0.40524269942882285 0.40524269942882285 -6.8351086271662032e-06
0.069928838379038835 0.37567405031270035 -0.049447155818316442 -0.049447155818316442 -0.32622689449438402 -0.57309972158492528 -0.15979885663086202 0.40524269942882285 0.40524269942882285 -0.24544384279796089 -6.8351086271662032e-06
0.069928838379038849 -0.32622689449438408 -0.049447155818316449 -0.049447155818316449 0.3756740503127004 -0.57309972158492539 -0.24544384279796094 0.40524269942882296 0.40524269942882296 -0.15979885663086205 -6.835108627166204e-06
0.069928838379038849 0.3756740503127004 -0.049447155818316449 -0.32622689449438408 -0.049447155818316449 -0.57309972158492539 -0.15979885663086205 0.40524269942882296 -0.24544384279796094 0.40524269942882296 -6.835108627166204e-06
0.069928838379038835 -0.32622689449438402 -0.049447155818316442 -0.32622689449438402 -0.32622689449438402 -0.57309972158492528 -0.24544384279796089 0.40524269942882285 -0.24544384279796089 -0.24544384279796089 -6.8351086271662032e-06
0.069928838379038835 -0.049447155818316442 -0.049447155818316442 -0.32622689449438402 0.37567405031270035 -0.57309972158492528 0.40524269942882285 0.40524269942882285 -0.24544384279796089 -0.15979885663086202 -6.8351086271662032e-06
0.069928838379038835 -0.32622689449438402 -0.049447155818316442 0.37567405031270035 -0.049447155818316442 -0.57309972158492528 -0.24544384279796089 0.40524269942882285 -0.15979885663086202 0.40524269942882285 -6.8351086271662032e-06
0.069928838379038849 -0.049447155818316449 -0.049447155818316449 0.3756740503127004 -0.32622689449438408 -0.57309972158492539 0.40524269942882296 0.40524269942882296 -0.15979885663086205 -0.24544384279796094 -6.835108627166204e-06
0.069928838379038849 0.3756740503127004 -0.049447155818316449 0.3756740503127004 0.3756740503127004 -0.57309972158492539 -0.15979885663086205 0.40524269942882296 -0.15979885663086205 -0.15979885663086205 -6.835108627166204e-06
0.069928838379038849 0.3756740503127004 -0.32622689449438408 -0.049447155818316449 -0.049447155818316449 -0.57309972158492539 -0.15979885663086205 -0.24544384279796094 0.40524269942882296 0.40524269942882296 -6.835108627166204e-06
0.069928838379038849 -0.32622689449438408 -0.32622689449438408 -0.049447155818316449 -0.32622689449438408 -0.57309972158492539 -0.24544384279796094 -0.24544384279796094 0.40524269942882296 -0.24544384279796094 -6.835108627166204e-06
0.069928838379038849 -0.049447155818316449 -0.32622689449438408 -0.049447155818316449 0.3756740503127004 -0.57309972158492539 0.40524269942882296 -0.24544384279796094 0.40524269942882296 -0.15979885663086205 -6.835108627166204e-06
0.069928838379038849 -0.32622689449438408 -0.32622689449438408 -0.32622689449438408 -0.049447155818316449 -0.57309972158492539 -0.24544384279796094 -0.24544384279796094 -0.24544384279796094 0.40524269942882296 -6.835108627166204e-06
0.069928838379038835 -0.049447155818316442 -0.32622689449438402 -0.32622689449438402 -0.32622689449438402 -0.57309972158492528 0.40524269942882285 -0.24544384279796089 -0.24544384279796089 -0.24544384279796089 -6.8351086271662032e-06
0.069928838379038835 0.37567405031270035 -0.32622689449438402 -0.32622689449438402 0.37567405031270035 -0.57309972158492528 -0.15979885663086202 -0.24544384279796089 -0.24544384279796089 -0.15979885663086202 -6.8351086271662032e-06
0.069928838379038835 -0.049447155818316442 -0.32622689449438402 0.37567405031270035 -0.049447155818316442 -0.57309972158492528 0.40524269942882285 -0.24544384279796089 -0.15979885663086202 0.40524269942882285 -6.8351086271662032e-06
0.069928838379038849 0.3756740503127004 -0.32622689449438408 0.3756740503127004 -0.32622689449438408 -0.57309972158492539 -0.15979885663086205 -0.24544384279796094 -0.15979885663086205 -0.24544384279796094 -6.835108627166204e-06
0.069928838379038849 -0.32622689449438408 -0.32622689449438408 0.3756740503127004 0.3756740503127004 -0.57309972158492539 -0.24544384279796094 -0.24544384279796094 -0.15979885663086205 -0.15979885663086205 -6.835108627166204e-06
0.069928838379038849 -0.32622689449438408 0.3756740503127004 -0.049447155818316449 -0.049447155818316449 -0.57309972158492539 -0.24544384279796094 -0.15979885663086205 0.40524269942882296 0.40524269942882296 -6.835108627166204e-06
0.069928838379038835 -0.049447155818316442 0.37567405031270035 -0.049447155818316442 -0.32622689449438402 -0.57309972158492528 0.40524269942882285 -0.15979885663086202 0.40524269942882285 -0.24544384279796089 -6.8351086271662032e-06
0.069928838379038849 0.3756740503127004 0.3756740503127004 -0.049447155818316449 0.3756740503127004 -0.57309972158492539 -0.15979885663086205 -0.15979885663086205 0.40524269942882296 -0.15979885663086205 -6.835108627166204e-06
0.069928838379038849 -0.049447155818316449 0.3756740503127004 -0.32622689449438408 -0.049447155818316449 -0.57309972158492539 0.40524269942882296 -0.15979885663086205 -0.24544384279796094 0.40524269942882296 -6.835108627166204e-06
0.069928838379038849 0.3756740503127004 0.3756740503127004 -0.32622689449438408 -0.32622689449438408 -0.57309972158492539 -0.15979885663086205 -0.15979885663086205 -0.24544384279796094 -0.24544384279796094 -6.835108627166204e-06
0.069928838379038849 -0.32622689449438408 0.3756740503127004 -0.32622689449438408 0.3756740503127004 -0.57309972158492539 -0.24544384279796094 -0.15979885663086205 -0.24544384279796094 -0.15979885663086205 -6.835108627166204e-06
0.069928838379038849 0.3756740503127004 0.3756740503127004 0.3756740503127004 -0.049447155818316449 -0.57309972158492539 -0.15979885663086205 -0.15979885663086205 -0.15979885663086205 0.40524269942882296 -6.835108627166204e-06
0.069928838379038835 -0.32622689449438402 0.37567405031270035 0.37567405031270035 -0.32622689449438402 -0.57309972158492528 -0.24544384279796089 -0.15979885663086202 -0.15979885663086202 -0.24544384279796089 -6.8351086271662032e-06
0.069928838379038849 -0.049447155818316449 0.3756740503127004 0.3756740503127004 0.3756740503127004 -0.57309972158492539 0.40524269942882296 -0.15979885663086205 -0.15979885663086205 -0.15979885663086205 -6.835108627166204e-06
0.46135449860481498 -0.32622689449438408 -0.049447155818316449 -0.049447155818316449 -0.049447155818316449 0.34711001128584645 -0.24544384279796094 0.40524269942882296 0.40524269942882296 0.40524269942882296 -6.835108627166204e-06
0.46135449860481498 -0.049447155818316449 -0.049447155818316449 -0.049447155818316449 -0.32622689449438408 0.34711001128584645 0.40524269942882296 0.40524269942882296 0.40524269942882296 -0.24544384279796094 -6.835108627166204e-06
0.46135449860481498 0.3756740503127004 -0.049447155818316449 -0.049447155818316449 0.3756740503127004 0.34711001128584645 -0.15979885663086205 0.40524269942882296 0.40524269942882296 -0.15979885663086205 -6.835108627166204e-06
0.46135449860481498 -0.049447155818316449 -0.049447155818316449 -0.32622689449438408 -0.049447155818316449 0.34711001128584645 0.40524269942882296 0.40524269942882296 -0.24544384279796094 0.40524269942882296 -6.835108627166204e-06
0.46135449860481498 0.3756740503127004 -0.049447155818316449 -0.32622689449438408 -0.32622689449438408 0.34711001128584645 -0.15979885663086205 0.40524269942882296 -0.24544384279796094 -0.24544384279796094 -6.835108627166204e-06
0.46135449860481498 -0.32622689449438408 -0.049447155818316449 -0.32622689449438408 0.3756740503127004 0.34711001128584645 -0.24544384279796094 0.40524269942882296 -0.24544384279796094 -0.15979885663086205 -6.835108627166204e-06
0.46135449860481498 0.3756740503127004 -0.049447155818316449 0.3756740503127004 -0.049447155818316449 0.34711001128584645 -0.15979885663086205 0.40524269942882296 -0.15979885663086205 0.40524269942882296 -6.835108627166204e-06
0.46135449860481498 -0.32622689449438408 -0.049447155818316449 0.3756740503127004 -0.32622689449438408 0.34711001128584645 -0.24544384279796094 0.40524269942882296 -0.15979885663086205 -0.24544384279796094 -6.835108627166204e-06
0.46135449860481498 -0.049447155818316449 -0.049447155818316449 0.3756740503127004 0.3756740503127004 0.34711001128584645 0.40524269942882296 0.40524269942882296 -0.15979885663086205 -0.15979885663086205 -6.835108627166204e-06
0.46135449860481498 -0.049447155818316449 -0.32622689449438408 -0.049447155818316449 -0.049447155818316449 0.34711001128584645 0.40524269942882296 -0.24544384279796094 0.40524269942882296 0.40524269942882296 -6.835108627166204e-06
0.46135449860481498 0.3756740503127004 -0.32622689449438408 -0.049447155818316449 -0.32622689449438408 0.34711001128584645 -0.15979885663086205 -0.24544384279796094 0.40524269942882296 -0.24544384279796094 -6.835108627166204e-06
0.46135449860481498 -0.32622689449438408 -0.32622689449438408 -0.049447155818316449 0.3756740503127004 0.34711001128584645 -0.24544384279796094 -0.24544384279796094 0.40524269942882296 -0.15979885663086205 -6.835108627166204e-06
0.46135449860481498 0.3756740503127004 -0.32622689449438408 -0.32622689449438408 -0.049447155818316449 0.34711001128584645 -0.15979885663086205 -0.24544384279796094 -0.24544384279796094 0.40524269942882296 -6.835108627166204e-06
0.46135449860481498 -0.32622689449438408 -0.32622689449438408 -0.32622689449438408 -0.32622689449438408 0.34711001128584645 -0.24544384279796094 -0.24544384279796094 -0.24544384279796094 -0.24544384279796094 -6.835108627166204e-06
0.46135449860481498 -0.049447155818316449 -0.32622689449438408 -0.32622689449438408 0.3756740503127004 0.34711001128584645 0.40524269942882296 -0.24544384279796094 -0.24544384279796094 -0.15979885663086205 -6.835108627166204e-06
0.46135449860481498 -0.32622689449438408 -0.32622689449438408 0.3756740503127004 -0.049447155818316449 0.34711001128584645 -0.24544384279796094 -0.24544384279796094 -0.15979885663086205 0.40524269942882296 -6.835108627166204e-06
0.46135449860481498 -0.049447155818316449 -0.32622689449438408 0.3756740503127004 -0.32622689449438408 0.34711001128584645 0.40524269942882296 -0.24544384279796094 -0.15979885663086205 -0.24544384279796094 -6.835108627166204e-06
0.46135449860481498 0.3756740503127004 -0.32622689449438408 0.3756740503127004 0.3756740503127004 0.34711001128584645 -0.15979885663086205 -0.24544384279796094 -0.15979885663086205 -0.15979885663086205 -6.835108627166204e-06
0.46135449860481498 0.3756740503127004 0.3756740503127004 -0.049447155818316449 -0.049447155818316449 0.34711001128584645 -0.15979885663086205 -0.15979885663086205 0.40524269942882296 0.40524269942882296 -6.835108627166204e-06
0.46135449860481498 -0.32622689449438408 0.3756740503127004 -0.049447155818316449 -0.32622689449438408 0.34711001128584645 -0.24544384279796094 -0.15979885663086205 0.40524269942882296 -0.24544384279796094 -6.835108627166204e-06
0.46135449860481498 -0.049447155818316449 0.3756740503127004 -0.049447155818316449 0.3756740503127004 0.34711001128584645 0.40524269942882296 -0.15979885663086205 0.40524269942882296 -0.15979885663086205 -6.835108627166204e-06
0.46135449860481498 -0.32622689449438408 0.3756740503127004 -0.32622689449438408 -0.049447155818316449 0.34711001128584645 -0.24544384279796094 -0.15979885663086205 -0.24544384279796094 0.40524269942882296 -6.835108627166204e-06
0.46135449860481498 -0.049447155818316449 0.3756740503127004 -0.32622689449438408 -0.32622689449438408 0.34711001128584645 0.40524269942882296 -0.15979885663086205 -0.24544384279796094 -0.24544384279796094 -6.835108627166204e-06
0.46135449860481498 0.3756740503127004 0.3756740503127004 -0.32622689449438408 0.3756740503127004 0.34711001128584645 -0.15979885663086205 -0.15979885663086205 -0.24544384279796094 -0.15979885663086205 -6.835108627166204e-06
0.46135449860481498 -0.049447155818316449 0.3756740503127004 0.3756740503127004 -0.049447155818316449 0.34711001128584645 0.40524269942882296 -0.15979885663086205 -0.15979885663086205 0.40524269942882296 -6.835108627166204e-06
0.46135449860481487 0.37567405031270035 0.37567405031270035 0.37567405031270035 -0.32622689449438402 0.3471100112858464 -0.15979885663086202 -0.15979885663086202 -0.15979885663086202 -0.24544384279796089 -6.8351086271662032e-06
0.46135449860481498 -0.32622689449438408 0.3756740503127004 0.3756740503127004 0.3756740503127004 0.34711001128584645 -0.24544384279796094 -0.15979885663086205 -0.15979885663086205 -0.15979885663086205 -6.835108627166204e-06
-0.53128333698385366 0.3756740503127004 -0.049447155818316449 -0.049447155818316449 -0.049447155818316449 0.22598971029907902 -0.15979885663086205 0.40524269942882296 0.40524269942882296 0.40524269942882296 -6.835108627166204e-06
-0.53128333698385366 -0.32622689449438408 -0.049447155818316449 -0.049447155818316449 -0.32622689449438408 0.22598971029907902 -0.24544384279796094 0.40524269942882296 0.40524269942882296 -0.24544384279796094 -6.835108627166204e-06
-0.53128333698385366 -0.049447155818316442 -0.049447155818316442 -0.049447155818316442 0.37567405031270035 0.22598971029907899 0.40524269942882285 0.40524269942882285 0.40524269942882285 -0.15979885663086202 -6.8351086271662032e-06
-0.53128333698385366 -0.32622689449438402 -0.049447155818316442 -0.32622689449438402 -0.049447155818316442 0.22598971029907899 -0.24544384279796089 0.40524269942882285 -0.24544384279796089 0.40524269942882285 -6.8351086271662032e-06
-0.53128333698385366 -0.049447155818316442 -0.049447155818316442 -0.32622689449438402 -0.32622689449438402 0.22598971029907899 0.40524269942882285 0.40524269942882285 -0.24544384279796089 -0.24544384279796089 -6.8351086271662032e-06
-0.53128333698385366 0.37567405031270035 -0.049447155818316442 -0.32622689449438402 0.37567405031270035 0.22598971029907899 -0.15979885663086202 0.40524269942882285 -0.24544384279796089 -0.15979885663086202 -6.8351086271662032e-06
-0.53128333698385366 -0.049447155818316442 -0.049447155818316442 0.37567405031270035 -0.049447155818316442 0.22598971029907899 0.40524269942882285 0.40524269942882285 -0.15979885663086202 0.40524269942882285 -6.8351086271662032e-06
-0.53128333698385366 0.37567405031270035 -0.049447155818316442 0.37567405031270035 -0.32622689449438402 0.22598971029907899 -0.15979885663086202 0.40524269942882285 -0.15979885663086202 -0.24544384279796089 -6.8351086271662032e-06
-0.53128333698385366 -0.32622689449438408 -0.049447155818316449 0.3756740503127004 0.3756740503127004 0.22598971029907902 -0.24544384279796094 0.40524269942882296 -0.15979885663086205 -0.15979885663086205 -6.835108627166204e-06
-0.53128333698385366 -0.32622689449438402 -0.32622689449438402 -0.049447155818316442 -0.049447155818316442 0.22598971029907899 -0.24544384279796089 -0.24544384279796089 0.40524269942882285 0.40524269942882285 -6.8351086271662032e-06
-0.53128333698385366 -0.049447155818316449 -0.32622689449438408 -0.049447155818316449 -0.32622689449438408 0.22598971029907902 0.40524269942882296 -0.24544384279796094 0.40524269942882296 -0.24544384279796094 -6.835108627166204e-06
-0.53128333698385366 0.3756740503127004 -0.32622689449438408 -0.049447155818316449 0.3756740503127004 0.22598971029907902 -0.15979885663086205 -0.24544384279796094 0.40524269942882296 -0.15979885663086205 -6.835108627166204e-06
-0.53128333698385366 -0.049447155818316442 -0.32622689449438402 -0.32622689449438402 -0.049447155818316442 0.22598971029907899 0.40524269942882285 -0.24544384279796089 -0.24544384279796089 0.40524269942882285 -6.8351086271662032e-06
-0.53128333698385366 0.37567405031270035 -0.32622689449438402 -0.32622689449438402 -0.32622689449438402 0.22598971029907899 -0.15979885663086202 -0.24544384279796089 -0.24544384279796089 -0.24544384279796089 -6.8351086271662032e-06
-0.53128333698385366 -0.32622689449438402 -0.32622689449438402 -0.32622689449438402 0.37567405031270035 0.22598971029907899 -0.24544384279796089 -0.24544384279796089 -0.24544384279796089 -0.15979885663086202 -6.8351086271662032e-06
-0.53128333698385366 0.3756740503127004 -0.32622689449438408 0.3756740503127004 -0.049447155818316449 0.22598971029907902 -0.15979885663086205 -0.24544384279796094 -0.15979885663086205 0.40524269942882296 -6.835108627166204e-06
-0.53128333698385366 -0.32622689449438402 -0.32622689449438402 0.37567405031270035 -0.32622689449438402 0.22598971029907899 -0.24544384279796089 -0.24544384279796089 -0.15979885663086202 -0.24544384279796089 -6.8351086271662032e-06
-0.53128333698385366 -0.049447155818316449 -0.32622689449438408 0.3756740503127004 0.3756740503127004 0.22598971029907902 0.40524269942882296 -0.24544384279796094 -0.15979885663086205 -0.15979885663086205 -6.835108627166204e-06
-0.53128333698385366 -0.049447155818316449 0.3756740503127004 -0.049447155818316449 -0.049447155818316449 0.22598971029907902 0.40524269942882296 -0.15979885663086205 0.40524269942882296 0.40524269942882296 -6.835108627166204e-06
-0.53128333698385366 0.37567405031270035 0.37567405031270035 -0.049447155818316442 -0.32622689449438402 0.22598971029907899 -0.15979885663086202 -0.15979885663086202 0.40524269942882285 -0.24544384279796089 -6.8351086271662032e-06
-0.53128333698385366 -0.32622689449438402 0.37567405031270035 -0.049447155818316442 0.37567405031270035 0.22598971029907899 -0.24544384279796089 -0.15979885663086202 0.40524269942882285 -0.15979885663086202 -6.8351086271662032e-06
-0.53128333698385366 0.3756740503127004 0.3756740503127004 -0.32622689449438408 -0.049447155818316449 0.22598971029907902 -0.15979885663086205 -0.15979885663086205 -0.24544384279796094 0.40524269942882296 -6.835108627166204e-06
-0.53128333698385366 -0.32622689449438402 0.37567405031270035 -0.32622689449438402 -0.32622689449438402 0.22598971029907899 -0.24544384279796089 -0.15979885663086202 -0.24544384279796089 -0.24544384279796089 -6.8351086271662032e-06
-0.53128333698385366 -0.049447155818316442 0.37567405031270035 -0.32622689449438402 0.37567405031270035 0.22598971029907899 0.40524269942882285 -0.15979885663086202 -0.24544384279796089 -0.15979885663086202 -6.8351086271662032e-06
-0.53128333698385366 -0.32622689449438408 0.3756740503127004 0.3756740503127004 -0.049447155818316449 0.22598971029907902 -0.24544384279796094 -0.15979885663086205 -0.15979885663086205 0.40524269942882296 -6.835108627166204e-06
-0.53128333698385366 -0.049447155818316442 0.37567405031270035 0.37567405031270035 -0.32622689449438402 0.22598971029907899 0.40524269942882285 -0.15979885663086202 -0.15979885663086202 -0.24544384279796089 -6.8351086271662032e-06
-0.53128333698385366 0.3756740503127004 0.3756740503127004 0.3756740503127004 0.3756740503127004 0.22598971029907902 -0.15979885663086205 -0.15979885663086205 -0.15979885663086205 -0.15979885663086205 -6.835108627166204e-06
-0.069928838379038835 0.049447155818316442 0.049447155818316442 0.049447155818316442 0.049447155818316442 0.57309972158492528 -0.40524269942882285 -0.40524269942882285 -0.40524269942882285 -0.40524269942882285 -6.8351086271662032e-06
-0.069928838379038835 -0.37567405031270035 0.049447155818316442 0.049447155818316442 0.32622689449438402 0.57309972158492528 0.15979885663086202 -0.40524269942882285 -0.40524269942882285 0.24544384279796089 -6.8351086271662032e-06
-0.069928838379038849 0.32622689449438408 0.049447155818316449 0.049447155818316449 -0.3756740503127004 0.57309972158492539 0.24544384279796094 -0.40524269942882296 -0.40524269942882296 0.15979885663086205 -6.835108627166204e-06
-0.069928838379038849 -0.3756740503127004 0.049447155818316449 0.32622689449438408 0.049447155818316449 0.57309972158492539 0.15979885663086205 -0.40524269942882296 0.24544384279796094 -0.40524269942882296 -6.835108627166204e-06
-0.069928838379038835 0.32622689449438402 0.049447155818316442 0.32622689449438402 0.32622689449438402 0.57309972158492528 0.24544384279796089 -0.40524269942882285 0.24544384279796089 0.24544384279796089 -6.8351086271662032e-06
-0.069928838379038835 0.049447155818316442 0.049447155818316442 0.32622689449438402 -0.37567405031270035 0.57309972158492528 -0.40524269942882285 -0.40524269942882285 0.24544384279796089 0.15979885663086202 -6.8351086271662032e-06
-0.069928838379038835 0.32622689449438402 0.049447155818316442 -0.37567405031270035 0.049447155818316442 0.57309972158492528 0.24544384279796089 -0.40524269942882285 0.15979885663086202 -0.40524269942882285 -6.8351086271662032e-06
-0.069928838379038849 0.049447155818316449 0.049447155818316449 -0.3756740503127004 0.32622689449438408 0.57309972158492539 -0.40524269942882296 -0.40524269942882296 0.15979885663086205 0.24544384279796094 -6.835108627166204e-06
-0.069928838379038849 -0.3756740503127004 0.049447155818316449 -0.3756740503127004 -0.3756740503127004 0.57309972158492539 0.15979885663086205 -0.40524269942882296 0.15979885663086205 0.15979885663086205 -6.835108627166204e-06
-0.069928838379038849 -0.3756740503127004 0.32622689449438408 0.049447155818316449 0.049447155818316449 0.57309972158492539 0.15979885663086205 0.24544384279796094 -0.40524269942882296 -0.40524269942882296 -6.835108627166204e-06
-0.069928838379038849 0.32622689449438408 0.32622689449438408 0.049447155818316449 0.32622689449438408 0.57309972158492539 0.24544384279796094 0.24544384279796094 -0.40524269942882296 0.24544384279796094 -6.835108627166204e-06
-0.069928838379038849 0.049447155818316449 0.32622689449438408 0.049447155818316449 -0.3756740503127004 0.57309972158492539 -0.40524269942882296 0.24544384279796094 -0.40524269942882296 0.15979885663086205 -6.835108627166204e-06
-0.069928838379038849 0.32622689449438408 0.32622689449438408 0.32622689449438408 0.049447155818316449 0.57309972158492539 0.24544384279796094 0.24544384279796094 0.24544384279796094 -0.40524269942882296 -6.835108627166204e-06
-0.069928838379038835 0.049447155818316442 0.32622689449438402 0.32622689449438402 0.32622689449438402 0.57309972158492528 -0.40524269942882285 0.24544384279796089 0.24544384279796089 0.24544384279796089 -6.8351086271662032e-06
-0.069928838379038835 -0.37567405031270035 0.32622689449438402 0.32622689449438402 -0.37567405031270035 0.57309972158492528 0.15979885663086202 0.24544384279796089 0.24544384279796089 0.15979885663086202 -6.8351086271662032e-06
-0.069928838379038835 0.049447155818316442 0.32622689449438402 -0.37567405031270035 0.049447155818316442 0.57309972158492528 -0.40524269942882285 0.24544384279796089 0.15979885663086202 -0.40524269942882285 -6.8351086271662032e-06
-0.069928838379038849 -0.3756740503127004 0.32622689449438408 -0.3756740503127004 0.32622689449438408 0.57309972158492539 0.15979885663086205 0.24544384279796094 0.15979885663086205 0.24544384279796094 -6.835108627166204e-06
-0.069928838379038849 0.32622689449438408 0.32622689449438408 -0.3756740503127004 -0.3756740503127004 0.57309972158492539 0.24544384279796094 0.24544384279796094 0.15979885663086205 0.15979885663086205 -6.835108627166204e-06
-0.069928838379038849 0.32622689449438408 -0.3756740503127004 0.049447155818316449 0.049447155818316449 0.57309972158492539 0.24544384279796094 0.15979885663086205 -0.40524269942882296 -0.40524269942882296 -6.835108627166204e-06
-0.069928838379038835 0.049447155818316442 -0.37567405031270035 0.049447155818316442 0.32622689449438402 0.57309972158492528 -0.40524269942882285 0.15979885663086202 -0.40524269942882285 0.24544384279796089 -6.8351086271662032e-06
-0.069928838379038849 -0.3756740503127004 -0.3756740503127004 0.049447155818316449 -0.3756740503127004 0.57309972158492539 0.15979885663086205 0.15979885663086205 -0.40524269942882296 0.15979885663086205 -6.835108627166204e-06
-0.069928838379038849 0.049447155818316449 -0.3756740503127004 0.32622689449438408 0.049447155818316449 0.57309972158492539 -0.40524269942882296 0.15979885663086205 0.24544384279796094 -0.40524269942882296 -6.835108627166204e-06
-0.069928838379038849 -0.3756740503127004 -0.3756740503127004 0.32622689449438408 0.32622689449438408 0.57309972158492539 0.15979885663086205 0.15979885663086205 0.24544384279796094 0.24544384279796094 -6.835108627166204e-06
-0.069928838379038849 0.32622689449438408 -0.3756740503127004 0.32622689449438408 -0.3756740503127004 0.57309972158492539 0.24544384279796094 0.15979885663086205 0.24544384279796094 0.15979885663086205 -6.835108627166204e-06
-0.069928838379038849 -0.3756740503127004 -0.3756740503127004 -0.3756740503127004 0.049447155818316449 0.57309972158492539 0.15979885663086205 0.15979885663086205 0.15979885663086205 -0.40524269942882296 -6.835108627166204e-06
-0.069928838379038835 0.32622689449438402 -0.37567405031270035 -0.37567405031270035 0.32622689449438402 0.57309972158492528 0.24544384279796089 0.15979885663086202 0.15979885663086202 0.24544384279796089 -6.8351086271662032e-06
-0.069928838379038849 0.049447155818316449 -0.3756740503127004 -0.3756740503127004 -0.3756740503127004 0.57309972158492539 -0.40524269942882296 0.15979885663086205 0.15979885663086205 0.15979885663086205 -6.835108627166204e-06
-0.46135449860481498 0.32622689449438408 0.049447155818316449 0.049447155818316449 0.049447155818316449 -0.34711001128584645 0.24544384279796094 -0.40524269942882296 -0.40524269942882296 -0.40524269942882296 -6.835108627166204e-06
-0.46135449860481498 0.049447155818316449 0.049447155818316449 0.049447155818316449 0.32622689449438408 -0.34711001128584645 -0.40524269942882296 -0.40524269942882296 -0.40524269942882296 0.24544384279796094 -6.835108627166204e-06
-0.46135449860481498 -0.3756740503127004 0.049447155818316449 0.049447155818316449 -0.3756740503127004 -0.34711001128584645 0.15979885663086205 -0.40524269942882296 -0.40524269942882296 0.15979885663086205 -6.835108627166204e-06
-0.46135449860481498 0.049447155818316449 0.049447155818316449 0.32622689449438408 0.049447155818316449 -0.34711001128584645 -0.40524269942882296 -0.40524269942882296 0.24544384279796094 -0.40524269942882296 -6.835108627166204e-06
-0.46135449860481498 -0.3756740503127004 0.049447155818316449 0.32622689449438408 0.32622689449438408 -0.34711001128584645 0.15979885663086205 -0.40524269942882296 0.24544384279796094 0.24544384279796094 -6.835108627166204e-06
-0.46135449860481498 0.32622689449438408 0.049447155818316449 0.32622689449438408 -0.3756740503127004 -0.34711001128584645 0.24544384279796094 -0.40524269942882296 0.24544384279796094 0.15979885663086205 -6.835108627166204e-06
-0.46135449860481498 -0.3756740503127004 0.049447155818316449 -0.3756740503127004 0.049447155818316449 -0.34711001128584645 0.15979885663086205 -0.40524269942882296 0.15979885663086205 -0.40524269942882296 -6.835108627166204e-06
-0.46135449860481498 0.32622689449438408 0.049447155818316449 -0.3756740503127004 0.32622689449438408 -0.34711001128584645 0.24544384279796094 -0.40524269942882296 0.15979885663086205 0.24544384279796094 -6.835108627166204e-06
-0.46135449860481498 0.049447155818316449 0.049447155818316449 -0.3756740503127004 -0.3756740503127004 -0.34711001128584645 -0.40524269942882296 -0.40524269942882296 0.15979885663086205 0.15979885663086205 -6.835108627166204e-06
-0.46135449860481498 0.049447155818316449 0.32622689449438408 0.049447155818316449 0.049447155818316449 -0.34711001128584645 -0.40524269942882296 0.24544384279796094 -0.40524269942882296 -0.40524269942882296 -6.835108627166204e-06
-0.46135449860481498 -0.3756740503127004 0.32622689449438408 0.049447155818316449 0.32622689449438408 -0.34711001128584645 0.15979885663086205 0.24544384279796094 -0.40524269942882296 0.24544384279796094 -6.835108627166204e-06
-0.46135449860481498 0.32622689449438408 0.32622689449438408 0.049447155818316449 -0.3756740503127004 -0.34711001128584645 0.24544384279796094 0.24544384279796094 -0.40524269942882296 0.15979885663086205 -6.835108627166204e-06
-0.46135449860481498 -0.3756740503127004 0.32622689449438408 0.32622689449438408 0.049447155818316449 -0.34711001128584645 0.15979885663086205 0.24544384279796094 0.24544384279796094 -0.40524269942882296 -6.835108627166204e-06
-0.46135449860481498 0.32622689449438408 0.32622689449438408 0.32622689449438408 0.32622689449438408 -0.34711001128584645 0.24544384279796094 0.24544384279796094 0.24544384279796094 0.24544384279796094 -6.835108627166204e-06
-0.46135449860481498 0.049447155818316449 0.32622689449438408 0.32622689449438408 -0.3756740503127004 -0.34711001128584645 -0.40524269942882296 0.24544384279796094 0.24544384279796094 0.15979885663086205 -6.835108627166204e-06
-0.46135449860481498 0.32622689449438408 0.32622689449438408 -0.3756740503127004 0.049447155818316449 -0.34711001128584645 0.24544384279796094 0.24544384279796094 0.15979885663086205 -0.40524269942882296 -6.835108627166204e-06
-0.46135449860481498 0.049447155818316449 0.32622689449438408 -0.3756740503127004 0.32622689449438408 -0.34711001128584645 -0.40524269942882296 0.24544384279796094 0.15979885663086205 0.24544384279796094 -6.835108627166204e-06
-0.46135449860481498 -0.3756740503127004 0.32622689449438408 -0.3756740503127004 -0.3756740503127004 -0.34711001128584645 0.15979885663086205 0.24544384279796094 0.15979885663086205 0.15979885663086205 -6.835108627166204e-06
-0.46135449860481498 -0.3756740503127004 -0.3756740503127004 0.049447155818316449 0.049447155818316449 -0.34711001128584645 0.15979885663086205 0.15979885663086205 -0.40524269942882296 -0.40524269942882296 -6.835108627166204e-06
-0.46135449860481498 0.32622689449438408 -0.3756740503127004 0.049447155818316449 0.32622689449438408 -0.34711001128584645 0.24544384279796094 0.15979885663086205 -0.40524269942882296 0.24544384279796094 -6.835108627166204e-06
-0.46135449860481498 0.049447155818316449 -0.3756740503127004 0.049447155818316449 -0.3756740503127004 -0.34711001128584645 -0.40524269942882296 0.15979885663086205 -0.40524269942882296 0.15979885663086205 -6.835108627166204e-06
-0.46135449860481498 0.32622689449438408 -0.3756740503127004 0.32622689449438408 0.049447155818316449 -0.34711001128584645 0.24544384279796094 0.15979885663086205 0.24544384279796094 -0.40524269942882296 -6.835108627166204e-06
-0.46135449860481498 0.049447155818316449 -0.3756740503127004 0.32622689449438408 0.32622689449438408 -0.34711001128584645 -0.40524269942882296 0.15979885663086205 0.24544384279796094 0.24544384279796094 -6.835108627166204e-06
-0.46135449860481498 -0.3756740503127004 -0.3756740503127004 0.32622689449438408 -0.3756740503127004 -0.34711001128584645 0.15979885663086205 0.15979885663086205 0.24544384279796094 0.15979885663086205 -6.835108627166204e-06
-0.46135449860481498 0.049447155818316449 -0.3756740503127004 -0.3756740503127004 0.049447155818316449 -0.34711001128584645 -0.40524269942882296 0.15979885663086205 0.15979885663086205 -0.40524269942882296 -6.835108627166204e-06
-0.46135449860481487 -0.37567405031270035 -0.37567405031270035 -0.37567405031270035 0.32622689449438402 -0.3471100112858464 0.15979885663086202 0.15979885663086202 0.15979885663086202 0.24544384279796089 -6.8351086271662032e-06
-0.46135449860481498 0.32622689449438408 -0.3756740503127004 -0.3756740503127004 -0.3756740503127004 -0.34711001128584645 0.24544384279796094 0.15979885663086205 0.15979885663086205 0.15979885663086205 -6.835108627166204e-06
0.53128333698385366 -0.3756740503127004 0.049447155818316449 0.049447155818316449 0.049447155818316449 -0.22598971029907902 0.15979885663086205 -0.40524269942882296 -0.40524269942882296 -0.40524269942882296 -6.835108627166204e-06
0.53128333698385366 0.32622689449438408 0.049447155818316449 0.049447155818316449 0.32622689449438408 -0.22598971029907902 0.24544384279796094 -0.40524269942882296 -0.40524269942882296 0.24544384279796094 -6.835108627166204e-06
0.53128333698385366 0.049447155818316442 0.049447155818316442 0.049447155818316442 -0.37567405031270035 -0.22598971029907899 -0.40524269942882285 -0.40524269942882285 -0.40524269942882285 0.15979885663086202 -6.8351086271662032e-06
0.53128333698385366 0.32622689449438402 0.049447155818316442 0.32622689449438402 0.049447155818316442 -0.22598971029907899 0.24544384279796089 -0.40524269942882285 0.24544384279796089 -0.40524269942882285 -6.8351086271662032e-06
0.53128333698385366 0.049447155818316442 0.049447155818316442 0.32622689449438402 0.32622689449438402 -0.22598971029907899 -0.40524269942882285 -0.40524269942882285 0.24544384279796089 0.24544384279796089 -6.8351086271662032e-06
0.53128333698385366 -0.37567405031270035 0.049447155818316442 0.32622689449438402 -0.37567405031270035 -0.22598971029907899 0.15979885663086202 -0.40524269942882285 0.24544384279796089 0.15979885663086202 -6.8351086271662032e-06
0.53128333698385366 0.049447155818316442 0.049447155818316442 -0.37567405031270035 0.049447155818316442 -0.22598971029907899 -0.40524269942882285 -0.40524269942882285 0.15979885663086202 -0.40524269942882285 -6.8351086271662032e-06
0.53128333698385366 -0.37567405031270035 0.049447155818316442 -0.37567405031270035 0.32622689449438402 -0.22598971029907899 0.15979885663086202 -0.40524269942882285 0.15979885663086202 0.24544384279796089 -6.8351086271662032e-06
0.53128333698385366 0.32622689449438408 0.049447155818316449 -0.3756740503127004 -0.3756740503127004 -0.22598971029907902 0.24544384279796094 -0.40524269942882296 0.15979885663086205 0.15979885663086205 -6.835108627166204e-06
0.53128333698385366 0.32622689449438402 0.32622689449438402 0.049447155818316442 0.049447155818316442 -0.22598971029907899 0.24544384279796089 0.24544384279796089 -0.40524269942882285 -0.40524269942882285 -6.8351086271662032e-06
0.53128333698385366 0.049447155818316449 0.32622689449438408 0.049447155818316449 0.32622689449438408 -0.22598971029907902 -0.40524269942882296 0.24544384279796094 -0.40524269942882296 0.24544384279796094 -6.835108627166204e-06
0.53128333698385366 -0.3756740503127004 0.32622689449438408 0.049447155818316449 -0.3756740503127004 -0.22598971029907902 0.15979885663086205 0.24544384279796094 -0.40524269942882296 0.15979885663086205 -6.835108627166204e-06
0.53128333698385366 0.049447155818316442 0.32622689449438402 0.32622689449438402 0.049447155818316442 -0.22598971029907899 -0.40524269942882285 0.24544384279796089 0.24544384279796089 -0.40524269942882285 -6.8351086271662032e-06
0.53128333698385366 -0.37567405031270035 0.32622689449438402 0.32622689449438402 0.32622689449438402 -0.22598971029907899 0.15979885663086202 0.24544384279796089 0.24544384279796089 0.24544384279796089 -6.8351086271662032e-06
0.53128333698385366 0.32622689449438402 0.32622689449438402 0.32622689449438402 -0.37567405031270035 -0.22598971029907899 0.24544384279796089 0.24544384279796089 0.24544384279796089 0.15979885663086202 -6.8351086271662032e-06
0.53128333698385366 -0.3756740503127004 0.32622689449438408 -0.3756740503127004 0.049447155818316449 -0.22598971029907902 0.15979885663086205 0.24544384279796094 0.15979885663086205 -0.40524269942882296 -6.835108627166204e-06
0.53128333698385366 0.32622689449438402 0.32622689449438402 -0.37567405031270035 0.32622689449438402 -0.22598971029907899 0.24544384279796089 0.24544384279796089 0.15979885663086202 0.24544384279796089 -6.8351086271662032e-06
0.53128333698385366 0.049447155818316449 0.32622689449438408 -0.3756740503127004 -0.3756740503127004 -0.22598971029907902 -0.40524269942882296 0.24544384279796094 0.15979885663086205 0.15979885663086205 -6.835108627166204e-06
0.53128333698385366 0.049447155818316449 -0.3756740503127004 0.049447155818316449 0.049447155818316449 -0.22598971029907902 -0.40524269942882296 0.15979885663086205 -0.40524269942882296 -0.40524269942882296 -6.835108627166204e-06
0.53128333698385366 -0.37567405031270035 -0.37567405031270035 0.049447155818316442 0.32622689449438402 -0.22598971029907899 0.15979885663086202 0.15979885663086202 -0.40524269942882285 0.24544384279796089 -6.8351086271662032e-06
0.53128333698385366 0.32622689449438402 -0.37567405031270035 0.049447155818316442 -0.37567405031270035 -0.22598971029907899 0.24544384279796089 0.15979885663086202 -0.40524269942882285 0.15979885663086202 -6.8351086271662032e-06
0.53128333698385366 -0.3756740503127004 -0.3756740503127004 0.32622689449438408 0.049447155818316449 -0.22598971029907902 0.15979885663086205 0.15979885663086205 0.24544384279796094 -0.40524269942882296 -6.835108627166204e-06
0.53128333698385366 0.32622689449438402 -0.37567405031270035 0.32622689449438402 0.32622689449438402 -0.22598971029907899 0.24544384279796089 0.15979885663086202 0.24544384279796089 0.24544384279796089 -6.8351086271662032e-06
0.53128333698385366 0.049447155818316442 -0.37567405031270035 0.32622689449438402 -0.37567405031270035 -0.22598971029907899 -0.40524269942882285 0.15979885663086202 0.24544384279796089 0.15979885663086202 -6.8351086271662032e-06
0.53128333698385366 0.32622689449438408 -0.3756740503127004 -0.3756740503127004 0.049447155818316449 -0.22598971029907902 0.24544384279796094 0.15979885663086205 0.15979885663086205 -0.40524269942882296 -6.835108627166204e-06
0.53128333698385366 0.049447155818316442 -0.37567405031270035 -0.37567405031270035 0.32622689449438402 -0.22598971029907899 -0.40524269942882285 0.15979885663086202 0.15979885663086202 0.24544384279796089 -6.8351086271662032e-06
0.53128333698385366 -0.3756740503127004 -0.3756740503127004 -0.3756740503127004 -0.3756740503127004 -0.22598971029907902 0.15979885663086205 0.15979885663086205 0.15979885663086205 0.15979885663086205 -6.835108627166204e-06
-0.5554288859185994 0 0 0 0 0.66562541591343538 0 0 0 0 -0.49843912203727514
0.5554288859185994 0 0 0 0 -0.66562541591343538 0 0 0 0 -0.49843912203727514
0.38429901305707836 0 0.54348087627191521 0 0 0.32067701680079763 0 0.45350578630103261 0 0 -0.49843912203727525
0.38429901305707848 0 -0.66448796983588865 0 0 0.32067701680079769 0 0.24391535217198965 0 0 -0.49843912203727531
0.38429901305707848 0 0.12100709356397328 0 0 0.32067701680079769 0 -0.69742113847302212 0 0 -0.49843912203727531
-0.38429901305707836 0 -0.54348087627191521 0 0 -0.32067701680079763 0 -0.45350578630103261 0 0 -0.49843912203727525
-0.38429901305707848 0 0.66448796983588865 0 0 -0.32067701680079769 0 -0.24391535217198965 0 0 -0.49843912203727531
-0.38429901305707848 0 -0.12100709356397328 0 0 -0.32067701680079769 0 0.69742113847302212 0 0 -0.49843912203727531
0.38429901305707848 0 0 0.54348087627191533 0 0.32067701680079769 0 0 0.45350578630103272 0 -0.49843912203727531
0.38429901305707848 0 0 -0.66448796983588865 0 0.32067701680079769 0 0 0.24391535217198965 0 -0.49843912203727531
0.38429901305707848 0 0 0.12100709356397328 0 0.32067701680079769 0 0 -0.69742113847302212 0 -0.49843912203727531
-0.38429901305707848 0 0 -0.54348087627191533 0 -0.32067701680079769 0 0 -0.45350578630103272 0 -0.49843912203727531
-0.38429901305707848 0 0 0.66448796983588865 0 -0.32067701680079769 0 0 -0.24391535217198965 0 -0.49843912203727531
-0.38429901305707848 0 0 -0.12100709356397328 0 -0.32067701680079769 0 0 0.69742113847302212 0 -0.49843912203727531
0.38429901305707848 0 0 0 0.54348087627191533 0.32067701680079769 0 0 0 0.45350578630103272 -0.49843912203727531
0.38429901305707848 0 0 0 -0.66448796983588865 0.32067701680079769 0 0 0 0.24391535217198965 -0.49843912203727531
0.38429901305707848 0 0 0 0.12100709356397328 0.32067701680079769 0 0 0 -0.69742113847302212 -0.49843912203727531
-0.38429901305707848 0 0 0 -0.54348087627191533 -0.32067701680079769 0 0 0 -0.45350578630103272 -0.49843912203727531
-0.38429901305707848 0 0 0 0.66448796983588865 -0.32067701680079769 0 0 0 -0.24391535217198965 -0.49843912203727531
-0.38429901305707848 0 0 0 -0.12100709356397328 -0.32067701680079769 0 0 0 0.69742113847302212 -0.49843912203727531
0.38429901305707836 0.54348087627191521 0 0 0 0.32067701680079763 0.45350578630103261 0 0 0 -0.49843912203727525
0.38429901305707848 -0.66448796983588865 0 0 0 0.32067701680079769 0.24391535217198965 0 0 0 -0.49843912203727531
0.38429901305707848 0.12100709356397328 0 0 0 0.32067701680079769 -0.69742113847302212 0 0 0 -0.49843912203727531
-0.38429901305707836 -0.54348087627191521 0 0 0 -0.32067701680079763 -0.45350578630103261 0 0 0 -0.49843912203727525
-0.38429901305707848 0.66448796983588865 0 0 0 -0.32067701680079769 -0.24391535217198965 0 0 0 -0.49843912203727531
-0.38429901305707848 -0.12100709356397328 0 0 0 -0.32067701680079769 0.69742113847302212 0 0 0 -0.49843912203727531
-0.18514296197286673 -0.26183168779995425 -0.26183168779995425 -0.26183168779995425 -0.26183168779995425 0.2218751386378118 0.31377883021500386 0.31377883021500386 0.31377883021500386 0.31377883021500386 -0.49843912203727531
-0.18514296197286673 0.40265628203593468 -0.26183168779995425 -0.26183168779995425 -0.14082459423598048 0.2218751386378118 0.069863478043014335 0.31377883021500386 0.31377883021500386 -0.38364230825801832 -0.49843912203727531
-0.18514296197286673 -0.14082459423598048 -0.26183168779995425 -0.26183168779995425 0.40265628203593468 0.2218751386378118 -0.38364230825801832 0.31377883021500386 0.31377883021500386 0.069863478043014335 -0.49843912203727531
-0.18514296197286673 0.40265628203593468 -0.26183168779995425 -0.14082459423598048 -0.26183168779995425 0.2218751386378118 0.069863478043014335 0.31377883021500386 -0.38364230825801832 0.31377883021500386 -0.49843912203727531
-0.18514296197286673 -0.14082459423598048 -0.26183168779995425 -0.14082459423598048 -0.14082459423598048 0.2218751386378118 -0.38364230825801832 0.31377883021500386 -0.38364230825801832 -0.38364230825801832 -0.49843912203727531
-0.18514296197286673 -0.26183168779995425 -0.26183168779995425 -0.14082459423598048 0.40265628203593468 0.2218751386378118 0.31377883021500386 0.31377883021500386 -0.38364230825801832 0.069863478043014335 -0.49843912203727531
-0.18514296197286673 -0.14082459423598048 -0.26183168779995425 0.40265628203593468 -0.26183168779995425 0.2218751386378118 -0.38364230825801832 0.31377883021500386 0.069863478043014335 0.31377883021500386 -0.49843912203727531
-0.18514296197286673 -0.26183168779995425 -0.26183168779995425 0.40265628203593468 -0.14082459423598048 0.2218751386378118 0.31377883021500386 0.31377883021500386 0.069863478043014335 -0.38364230825801832 -0.49843912203727531
-0.18514296197286673 0.40265628203593468 -0.26183168779995425 0.40265628203593468 0.40265628203593468 0.2218751386378118 0.069863478043014335 0.31377883021500386 0.069863478043014335 0.069863478043014335 -0.49843912203727531
-0.18514296197286673 0.40265628203593468 -0.14082459423598048 -0.26183168779995425 -0.26183168779995425 0.2218751386378118 0.069863478043014335 -0.38364230825801832 0.31377883021500386 0.31377883021500386 -0.49843912203727531
-0.18514296197286673 -0.14082459423598048 -0.14082459423598048 -0.26183168779995425 -0.14082459423598048 0.2218751386378118 -0.38364230825801832 -0.38364230825801832 0.31377883021500386 -0.38364230825801832 -0.49843912203727531
-0.18514296197286673 -0.26183168779995425 -0.14082459423598048 -0.26183168779995425 0.40265628203593468 0.2218751386378118 0.31377883021500386 -0.38364230825801832 0.31377883021500386 0.069863478043014335 -0.49843912203727531
-0.18514296197286673 -0.14082459423598048 -0.14082459423598048 -0.14082459423598048 -0.26183168779995425 0.2218751386378118 -0.38364230825801832 -0.38364230825801832 -0.38364230825801832 0.31377883021500386 -0.49843912203727531
-0.18514296197286673 -0.26183168779995425 -0.14082459423598048 -0.14082459423598048 -0.14082459423598048 0.2218751386378118 0.31377883021500386 -0.38364230825801832 -0.38364230825801832 -0.38364230825801832 -0.49843912203727531
-0.18514296197286673 0.40265628203593468 -0.14082459423598048 -0.14082459423598048 0.40265628203593468 0.2218751386378118 0.069863478043014335 -0.38364230825801832 -0.38364230825801832 0.069863478043014335 -0.49843912203727531
-0.18514296197286673 -0.26183168779995425 -0.14082459423598048 0.40265628203593468 -0.26183168779995425 0.2218751386378118 0.31377883021500386 -0.38364230825801832 0.069863478043014335 0.31377883021500386 -0.49843912203727531
-0.18514296197286673 0.40265628203593468 -0.14082459423598048 0.40265628203593468 -0.14082459423598048 0.2218751386378118 0.069863478043014335 -0.38364230825801832 0.069863478043014335 -0.38364230825801832 -0.49843912203727531
-0.18514296197286673 -0.14082459423598048 -0.14082459423598048 0.40265628203593468 0.40265628203593468 0.2218751386378118 -0.38364230825801832 -0.38364230825801832 0.069863478043014335 0.069863478043014335 -0.49843912203727531
-0.18514296197286673 -0.14082459423598048 0.40265628203593468 -0.26183168779995425 -0.26183168779995425 0.2218751386378118 -0.38364230825801832 0.069863478043014335 0.31377883021500386 0.31377883021500386 -0.49843912203727531
-0.18514296197286673 -0.26183168779995425 0.40265628203593468 -0.26183168779995425 -0.14082459423598048 0.2218751386378118 0.31377883021500386 0.069863478043014335 0.31377883021500386 -0.38364230825801832 -0.49843912203727531
-0.18514296197286673 0.40265628203593468 0.40265628203593468 -0.26183168779995425 0.40265628203593468 0.2218751386378118 0.069863478043014335 0.069863478043014335 0.31377883021500386 0.069863478043014335 -0.49843912203727531
-0.18514296197286673 -0.26183168779995425 0.40265628203593468 -0.14082459423598048 -0.26183168779995425 0.2218751386378118 0.31377883021500386 0.069863478043014335 -0.38364230825801832 0.31377883021500386 -0.49843912203727531
-0.18514296197286673 0.40265628203593468 0.40265628203593468 -0.14082459423598048 -0.14082459423598048 0.2218751386378118 0.069863478043014335 0.069863478043014335 -0.38364230825801832 -0.38364230825801832 -0.49843912203727531
-0.18514296197286673 -0.14082459423598048 0.40265628203593468 -0.14082459423598048 0.40265628203593468 0.2218751386378118 -0.38364230825801832 0.069863478043014335 -0.38364230825801832 0.069863478043014335 -0.49843912203727531
-0.18514296197286673 0.40265628203593468 0.40265628203593468 0.40265628203593468 -0.26183168779995425 0.2218751386378118 0.069863478043014335 0.069863478043014335 0.069863478043014335 0.31377883021500386 -0.49843912203727531
-0.18514296197286673 -0.14082459423598048 0.40265628203593468 0.40265628203593468 -0.14082459423598048 0.2218751386378118 -0.38364230825801832 0.069863478043014335 0.069863478043014335 -0.38364230825801832 -0.49843912203727531
-0.18514296197286673 -0.26183168779995425 0.40265628203593468 0.40265628203593468 0.40265628203593468 0.2218751386378118 0.31377883021500386 0.069863478043014335 0.069863478043014335 0.069863478043014335 -0.49843912203727531
0.18514296197286673 0.26183168779995425 0.26183168779995425 0.26183168779995425 0.26183168779995425 -0.2218751386378118 -0.31377883021500386 -0.31377883021500386 -0.31377883021500386 -0.31377883021500386 -0.49843912203727531
0.18514296197286673 -0.40265628203593468 0.26183168779995425 0.26183168779995425 0.14082459423598048 -0.2218751386378118 -0.069863478043014335 -0.31377883021500386 -0.31377883021500386 0.38364230825801832 -0.49843912203727531
0.18514296197286673 0.14082459423598048 0.26183168779995425 0.26183168779995425 -0.40265628203593468 -0.2218751386378118 0.38364230825801832 -0.31377883021500386 -0.31377883021500386 -0.069863478043014335 -0.49843912203727531
0.18514296197286673 -0.40265628203593468 0.26183168779995425 0.14082459423598048 0.26183168779995425 -0.2218751386378118 -0.069863478043014335 -0.31377883021500386 0.38364230825801832 -0.31377883021500386 -0.49843912203727531
0.18514296197286673 0.14082459423598048 0.26183168779995425 0.14082459423598048 0.14082459423598048 -0.2218751386378118 0.38364230825801832 -0.31377883021500386 0.38364230825801832 0.38364230825801832 -0.49843912203727531
0.18514296197286673 0.26183168779995425 0.26183168779995425 0.14082459423598048 -0.40265628203593468 -0.2218751386378118 -0.31377883021500386 -0.31377883021500386 0.38364230825801832 -0.069863478043014335 -0.49843912203727531
0.18514296197286673 0.14082459423598048 0.26183168779995425 -0.40265628203593468 0.26183168779995425 -0.2218751386378118 0.38364230825801832 -0.31377883021500386 -0.069863478043014335 -0.31377883021500386 -0.49843912203727531
0.18514296197286673 0.26183168779995425 0.26183168779995425 -0.40265628203593468 0.14082459423598048 -0.2218751386378118 -0.31377883021500386 -0.31377883021500386 -0.069863478043014335 0.38364230825801832 -0.49843912203727531
0.18514296197286673 -0.40265628203593468 0.26183168779995425 -0.40265628203593468 -0.40265628203593468 -0.2218751386378118 -0.069863478043014335 -0.31377883021500386 -0.069863478043014335 -0.069863478043014335 -0.49843912203727531
0.18514296197286673 -0.40265628203593468 0.14082459423598048 0.26183168779995425 0.26183168779995425 -0.2218751386378118 -0.069863478043014335 0.38364230825801832 -0.31377883021500386 -0.31377883021500386 -0.49843912203727531
0.18514296197286673 0.14082459423598048 0.14082459423598048 0.26183168779995425 0.14082459423598048 -0.2218751386378118 0.38364230825801832 0.38364230825801832 -0.31377883021500386 0.38364230825801832 -0.49843912203727531
0.18514296197286673 0.26183168779995425 0.14082459423598048 0.26183168779995425 -0.40265628203593468 -0.2218751386378118 -0.31377883021500386 0.38364230825801832 -0.31377883021500386 -0.069863478043014335 -0.49843912203727531
0.18514296197286673 0.14082459423598048 0.14082459423598048 0.14082459423598048 0.26183168779995425 -0.2218751386378118 0.38364230825801832 0.38364230825801832 0.38364230825801832 -0.31377883021500386 -0.49843912203727531
0.18514296197286673 0.26183168779995425 0.14082459423598048 0.14082459423598048 0.14082459423598048 -0.2218751386378118 -0.31377883021500386 0.38364230825801832 0.38364230825801832 0.38364230825801832 -0.49843912203727531
0.18514296197286673 -0.40265628203593468 0.14082459423598048 0.14082459423598048 -0.40265628203593468 -0.2218751386378118 -0.069863478043014335 0.38364230825801832 0.38364230825801832 -0.069863478043014335 -0.49843912203727531
0.18514296197286673 0.26183168779995425 0.14082459423598048 -0.40265628203593468 0.26183168779995425 -0.2218751386378118 -0.31377883021500386 0.38364230825801832 -0.069863478043014335 -0.31377883021500386 -0.49843912203727531
0.18514296197286673 -0.40265628203593468 0.14082459423598048 -0.40265628203593468 0.14082459423598048 -0.2218751386378118 -0.069863478043014335 0.38364230825801832 -0.069863478043014335 0.38364230825801832 -0.49843912203727531
0.18514296197286673 0.14082459423598048 0.14082459423598048 -0.40265628203593468 -0.40265628203593468 -0.2218751386378118 0.38364230825801832 0.38364230825801832 -0.069863478043014335 -0.069863478043014335 -0.49843912203727531
0.18514296197286673 0.14082459423598048 -0.40265628203593468 0.26183168779995425 0.26183168779995425 -0.2218751386378118 0.38364230825801832 -0.069863478043014335 -0.31377883021500386 -0.31377883021500386 -0.49843912203727531
0.18514296197286673 0.26183168779995425 -0.40265628203593468 0.26183168779995425 0.14082459423598048 -0.2218751386378118 -0.31377883021500386 -0.069863478043014335 -0.31377883021500386 0.38364230825801832 -0.49843912203727531
0.18514296197286673 -0.40265628203593468 -0.40265628203593468 0.26183168779995425 -0.40265628203593468 -0.2218751386378118 -0.069863478043014335 -0.069863478043014335 -0.31377883021500386 -0.069863478043014335 -0.49843912203727531
0.18514296197286673 0.26183168779995425 -0.40265628203593468 0.14082459423598048 0.26183168779995425 -0.2218751386378118 -0.31377883021500386 -0.069863478043014335 0.38364230825801832 -0.31377883021500386 -0.49843912203727531
0.18514296197286673 -0.40265628203593468 -0.40265628203593468 0.14082459423598048 0.14082459423598048 -0.2218751386378118 -0.069863478043014335 -0.069863478043014335 0.38364230825801832 0.38364230825801832 -0.49843912203727531
0.18514296197286673 0.14082459423598048 -0.40265628203593468 0.14082459423598048 -0.40265628203593468 -0.2218751386378118 0.38364230825801832 -0.069863478043014335 0.38364230825801832 -0.069863478043014335 -0.49843912203727531
0.18514296197286673 -0.40265628203593468 -0.40265628203593468 -0.40265628203593468 0.26183168779995425 -0.2218751386378118 -0.069863478043014335 -0.069863478043014335 -0.069863478043014335 -0.31377883021500386 -0.49843912203727531
0.18514296197286673 0.14082459423598048 -0.40265628203593468 -0.40265628203593468 0.14082459423598048 -0.2218751386378118 0.38364230825801832 -0.069863478043014335 -0.069863478043014335 0.38364230825801832 -0.49843912203727531
0.18514296197286673 0.26183168779995425 -0.40265628203593468 -0.40265628203593468 -0.40265628203593468 -0.2218751386378118 -0.31377883021500386 -0.069863478043014335 -0.069863478043014335 -0.069863478043014335 -0.49843912203727531
-0.98716507689103072 0 0 0 0 -0.11889069420800055 0 0 0 0 0.10663073570722978
0.98716507689103072 0 0 0 0 0.11889069420800055 0 0 0 0 0.10663073570722978
-0.068641574305130973 0 -0.09707384532495672 0 0 0.56994002287763434 0 0.80601691009278209 0 0 0.10663073570722981
-0.068641574305130987 0 -0.64949419735770897 0 0 0.56994002287763446 0 -0.48707687114084475 0 0 0.10663073570722982
-0.068641574305130987 0 0.74656804268266552 0 0 0.56994002287763457 0 -0.31894003895193762 0 0 0.10663073570722985
0.068641574305130973 0 0.09707384532495672 0 0 -0.56994002287763434 0 -0.80601691009278209 0 0 0.10663073570722981
0.068641574305130987 0 0.64949419735770897 0 0 -0.56994002287763446 0 0.48707687114084475 0 0 0.10663073570722982
0.068641574305130987 0 -0.74656804268266552 0 0 -0.56994002287763457 0 0.31894003895193762 0 0 0.10663073570722985
-0.068641574305130987 0 0 -0.097073845324956748 0 0.56994002287763446 0 0 0.8060169100927822 0 0.10663073570722982
-0.068641574305130987 0 0 -0.64949419735770897 0 0.56994002287763446 0 0 -0.48707687114084475 0 0.10663073570722982
-0.068641574305130987 0 0 0.74656804268266552 0 0.56994002287763457 0 0 -0.31894003895193762 0 0.10663073570722985
0.068641574305130987 0 0 0.097073845324956748 0 -0.56994002287763446 0 0 -0.8060169100927822 0 0.10663073570722982
0.068641574305130987 0 0 0.64949419735770897 0 -0.56994002287763446 0 0 0.48707687114084475 0 0.10663073570722982
0.068641574305130987 0 0 -0.74656804268266552 0 -0.56994002287763457 0 0 0.31894003895193762 0 0.10663073570722985
-0.068641574305130987 0 0 0 -0.097073845324956748 0.56994002287763446 0 0 0 0.8060169100927822 0.10663073570722982
-0.068641574305130987 0 0 0 -0.64949419735770897 0.56994002287763446 0 0 0 -0.48707687114084475 0.10663073570722982
-0.068641574305130987 0 0 0 0.74656804268266552 0.56994002287763457 0 0 0 -0.31894003895193762 0.10663073570722985
0.068641574305130987 0 0 0 0.097073845324956748 -0.56994002287763446 0 0 0 -0.8060169100927822 0.10663073570722982
0.068641574305130987 0 0 0 0.64949419735770897 -0.56994002287763446 0 0 0 0.48707687114084475 0.10663073570722982
0.068641574305130987 0 0 0 -0.74656804268266552 -0.56994002287763457 0 0 0 0.31894003895193762 0.10663073570722985
-0.068641574305130973 -0.09707384532495672 0 0 0 0.56994002287763434 0.80601691009278209 0 0 0 0.10663073570722981
-0.068641574305130987 -0.64949419735770897 0 0 0 0.56994002287763446 -0.48707687114084475 0 0 0 0.10663073570722982
-0.068641574305130987 0.74656804268266552 0 0 0 0.56994002287763457 -0.31894003895193762 0 0 0 0.10663073570722985
0.068641574305130973 0.09707384532495672 0 0 0 -0.56994002287763434 -0.80601691009278209 0 0 0 0.10663073570722981
0.068641574305130987 0.64949419735770897 0 0 0 -0.56994002287763446 0.48707687114084475 0 0 0 0.10663073570722982
0.068641574305130987 -0.74656804268266552 0 0 0 -0.56994002287763457 0.31894003895193762 0 0 0 0.10663073570722985
-0.32905502563034383 -0.46535408001345824 -0.46535408001345824 -0.46535408001345824 -0.46535408001345824 -0.039630231402667082 -0.056045610729636035 -0.056045610729636035 -0.056045610729636035 -0.056045610729636035 0.10663073570722985
-0.32905502563034378 0.18414011734425076 -0.46535408001345818 -0.46535408001345818 0.28121396266920751 -0.039630231402667075 0.43103126041120898 -0.056045610729636021 -0.056045610729636021 -0.37498564968157311 0.10663073570722982
-0.32905502563034383 0.28121396266920756 -0.46535408001345824 -0.46535408001345824 0.18414011734425079 -0.039630231402667082 -0.37498564968157316 -0.056045610729636035 -0.056045610729636035 0.43103126041120909 0.10663073570722985
-0.32905502563034383 0.18414011734425079 -0.46535408001345824 0.28121396266920756 -0.46535408001345824 -0.039630231402667082 0.43103126041120909 -0.056045610729636035 -0.37498564968157316 -0.056045610729636035 0.10663073570722985
-0.32905502563034378 0.28121396266920751 -0.46535408001345818 0.28121396266920751 0.28121396266920751 -0.039630231402667075 -0.37498564968157311 -0.056045610729636021 -0.37498564968157311 -0.37498564968157311 0.10663073570722982
-0.32905502563034383 -0.46535408001345824 -0.46535408001345824 0.28121396266920756 0.18414011734425079 -0.039630231402667082 -0.056045610729636035 -0.056045610729636035 -0.37498564968157316 0.43103126041120909 0.10663073570722985
-0.32905502563034383 0.28121396266920756 -0.46535408001345824 0.18414011734425079 -0.46535408001345824 -0.039630231402667082 -0.37498564968157316 -0.056045610729636035 0.43103126041120909 -0.056045610729636035 0.10663073570722985
-0.32905502563034378 -0.46535408001345818 -0.46535408001345818 0.18414011734425076 0.28121396266920751 -0.039630231402667075 -0.056045610729636021 -0.056045610729636021 0.43103126041120898 -0.37498564968157311 0.10663073570722982
-0.32905502563034383 0.18414011734425079 -0.46535408001345824 0.18414011734425079 0.18414011734425079 -0.039630231402667082 0.43103126041120909 -0.056045610729636035 0.43103126041120909 0.43103126041120909 0.10663073570722985
-0.32905502563034383 0.18414011734425079 0.28121396266920756 -0.46535408001345824 -0.46535408001345824 -0.039630231402667082 0.43103126041120909 -0.37498564968157316 -0.056045610729636035 -0.056045610729636035 0.10663073570722985
-0.32905502563034378 0.28121396266920751 0.28121396266920751 -0.46535408001345818 0.28121396266920751 -0.039630231402667075 -0.37498564968157311 -0.37498564968157311 -0.056045610729636021 -0.37498564968157311 0.10663073570722982
-0.32905502563034383 -0.46535408001345824 0.28121396266920756 -0.46535408001345824 0.18414011734425079 -0.039630231402667082 -0.056045610729636035 -0.37498564968157316 -0.056045610729636035 0.43103126041120909 0.10663073570722985
-0.32905502563034378 0.28121396266920751 0.28121396266920751 0.28121396266920751 -0.46535408001345818 -0.039630231402667075 -0.37498564968157311 -0.37498564968157311 -0.37498564968157311 -0.056045610729636021 0.10663073570722982
-0.32905502563034378 -0.46535408001345818 0.28121396266920751 0.28121396266920751 0.28121396266920751 -0.039630231402667075 -0.056045610729636021 -0.37498564968157311 -0.37498564968157311 -0.37498564968157311 0.10663073570722982
-0.32905502563034383 0.18414011734425079 0.28121396266920756 0.28121396266920756 0.18414011734425079 -0.039630231402667082 0.43103126041120909 -0.37498564968157316 -0.37498564968157316 0.43103126041120909 0.10663073570722985
-0.32905502563034383 -0.46535408001345824 0.28121396266920756 0.18414011734425079 -0.46535408001345824 -0.039630231402667082 -0.056045610729636035 -0.37498564968157316 0.43103126041120909 -0.056045610729636035 0.10663073570722985
-0.32905502563034378 0.18414011734425076 0.28121396266920751 0.18414011734425076 0.28121396266920751 -0.039630231402667075 0.43103126041120898 -0.37498564968157311 0.43103126041120898 -0.37498564968157311 0.10663073570722982
-0.32905502563034383 0.28121396266920756 0.28121396266920756 0.18414011734425079 0.18414011734425079 -0.039630231402667082 -0.37498564968157316 -0.37498564968157316 0.43103126041120909 0.43103126041120909 0.10663073570722985
-0.32905502563034383 0.28121396266920756 0.18414011734425079 -0.46535408001345824 -0.46535408001345824 -0.039630231402667082 -0.37498564968157316 0.43103126041120909 -0.056045610729636035 -0.056045610729636035 0.10663073570722985
-0.32905502563034383 -0.46535408001345824 0.18414011734425079 -0.46535408001345824 0.28121396266920756 -0.039630231402667082 -0.056045610729636035 0.43103126041120909 -0.056045610729636035 -0.37498564968157316 0.10663073570722985
-0.32905502563034383 0.18414011734425079 0.18414011734425079 -0.46535408001345824 0.18414011734425079 -0.039630231402667082 0.43103126041120909 0.43103126041120909 -0.056045610729636035 0.43103126041120909 0.10663073570722985
-0.32905502563034383 -0.46535408001345824 0.18414011734425079 0.28121396266920756 -0.46535408001345824 -0.039630231402667082 -0.056045610729636035 0.43103126041120909 -0.37498564968157316 -0.056045610729636035 0.10663073570722985
-0.32905502563034378 0.18414011734425076 0.18414011734425076 0.28121396266920751 0.28121396266920751 -0.039630231402667075 0.43103126041120898 0.43103126041120898 -0.37498564968157311 -0.37498564968157311 0.10663073570722982
-0.32905502563034383 0.28121396266920756 0.18414011734425079 0.28121396266920756 0.18414011734425079 -0.039630231402667082 -0.37498564968157316 0.43103126041120909 -0.37498564968157316 0.43103126041120909 0.10663073570722985
-0.32905502563034383 0.18414011734425079 0.18414011734425079 0.18414011734425079 -0.46535408001345824 -0.039630231402667082 0.43103126041120909 0.43103126041120909 0.43103126041120909 -0.056045610729636035 0.10663073570722985
-0.32905502563034378 0.28121396266920751 0.18414011734425076 0.18414011734425076 0.28121396266920751 -0.039630231402667075 -0.37498564968157311 0.43103126041120898 0.43103126041120898 -0.37498564968157311 0.10663073570722982
-0.32905502563034383 -0.46535408001345824 0.18414011734425079 0.18414011734425079 0.18414011734425079 -0.039630231402667082 -0.056045610729636035 0.43103126041120909 0.43103126041120909 0.43103126041120909 0.10663073570722985
0.32905502563034383 0.46535408001345824 0.46535408001345824 0.46535408001345824 0.46535408001345824 0.039630231402667082 0.056045610729636035 0.056045610729636035 0.056045610729636035 0.056045610729636035 0.10663073570722985
0.32905502563034378 -0.18414011734425076 0.46535408001345818 0.46535408001345818 -0.28121396266920751 0.039630231402667075 -0.43103126041120898 0.056045610729636021 0.056045610729636021 0.37498564968157311 0.10663073570722982
0.32905502563034383 -0.28121396266920756 0.46535408001345824 0.46535408001345824 -0.18414011734425079 0.039630231402667082 0.37498564968157316 0.056045610729636035 0.056045610729636035 -0.43103126041120909 0.10663073570722985
0.32905502563034383 -0.18414011734425079 0.46535408001345824 -0.28121396266920756 0.46535408001345824 0.039630231402667082 -0.43103126041120909 0.056045610729636035 0.37498564968157316 0.056045610729636035 0.10663073570722985
0.32905502563034378 -0.28121396266920751 0.46535408001345818 -0.28121396266920751 -0.28121396266920751 0.039630231402667075 0.37498564968157311 0.056045610729636021 0.37498564968157311 0.37498564968157311 0.10663073570722982
0.32905502563034383 0.46535408001345824 0.46535408001345824 -0.28121396266920756 -0.18414011734425079 0.039630231402667082 0.056045610729636035 0.056045610729636035 0.37498564968157316 -0.43103126041120909 0.10663073570722985
0.32905502563034383 -0.28121396266920756 0.46535408001345824 -0.18414011734425079 0.46535408001345824 0.039630231402667082 0.37498564968157316 0.056045610729636035 -0.43103126041120909 0.056045610729636035 0.10663073570722985
0.32905502563034378 0.46535408001345818 0.46535408001345818 -0.18414011734425076 -0.28121396266920751 0.039630231402667075 0.056045610729636021 0.056045610729636021 -0.43103126041120898 0.37498564968157311 0.10663073570722982
0.32905502563034383 -0.18414011734425079 0.46535408001345824 -0.18414011734425079 -0.18414011734425079 0.039630231402667082 -0.43103126041120909 0.056045610729636035 -0.43103126041120909 -0.43103126041120909 0.10663073570722985
0.32905502563034383 -0.18414011734425079 -0.28121396266920756 0.46535408001345824 0.46535408001345824 0.039630231402667082 -0.43103126041120909 0.37498564968157316 0.056045610729636035 0.056045610729636035 0.10663073570722985
0.32905502563034378 -0.28121396266920751 -0.28121396266920751 0.46535408001345818 -0.28121396266920751 0.039630231402667075 0.37498564968157311 0.37498564968157311 0.056045610729636021 0.37498564968157311 0.10663073570722982
0.32905502563034383 0.46535408001345824 -0.28121396266920756 0.46535408001345824 -0.18414011734425079 0.039630231402667082 0.056045610729636035 0.37498564968157316 0.056045610729636035 -0.43103126041120909 0.10663073570722985
0.32905502563034378 -0.28121396266920751 -0.28121396266920751 -0.28121396266920751 0.46535408001345818 0.039630231402667075 0.37498564968157311 0.37498564968157311 0.37498564968157311 0.056045610729636021 0.10663073570722982
0.32905502563034378 0.46535408001345818 -0.28121396266920751 -0.28121396266920751 -0.28121396266920751 0.039630231402667075 0.056045610729636021 0.37498564968157311 0.37498564968157311 0.37498564968157311 0.10663073570722982
0.32905502563034383 -0.18414011734425079 -0.28121396266920756 -0.28121396266920756 -0.18414011734425079 0.039630231402667082 -0.43103126041120909 0.37498564968157316 0.37498564968157316 -0.43103126041120909 0.10663073570722985
0.32905502563034383 0.46535408001345824 -0.28121396266920756 -0.18414011734425079 0.46535408001345824 0.039630231402667082 0.056045610729636035 0.37498564968157316 -0.43103126041120909 0.056045610729636035 0.10663073570722985
0.32905502563034378 -0.18414011734425076 -0.28121396266920751 -0.18414011734425076 -0.28121396266920751 0.039630231402667075 -0.43103126041120898 0.37498564968157311 -0.43103126041120898 0.37498564968157311 0.10663073570722982
0.32905502563034383 -0.28121396266920756 -0.28121396266920756 -0.18414011734425079 -0.18414011734425079 0.039630231402667082 0.37498564968157316 0.37498564968157316 -0.43103126041120909 -0.43103126041120909 0.10663073570722985
0.32905502563034383 -0.28121396266920756 -0.18414011734425079 0.46535408001345824 0.46535408001345824 0.039630231402667082 0.37498564968157316 -0.43103126041120909 0.056045610729636035 0.056045610729636035 0.10663073570722985
0.32905502563034383 0.46535408001345824 -0.18414011734425079 0.46535408001345824 -0.28121396266920756 0.039630231402667082 0.056045610729636035 -0.43103126041120909 0.056045610729636035 0.37498564968157316 0.10663073570722985
0.32905502563034383 -0.18414011734425079 -0.18414011734425079 0.46535408001345824 -0.18414011734425079 0.039630231402667082 -0.43103126041120909 -0.43103126041120909 0.056045610729636035 -0.43103126041120909 0.10663073570722985
0.32905502563034383 0.46535408001345824 -0.18414011734425079 -0.28121396266920756 0.46535408001345824 0.039630231402667082 0.056045610729636035 -0.43103126041120909 0.37498564968157316 0.056045610729636035 0.10663073570722985
0.32905502563034378 -0.18414011734425076 -0.18414011734425076 -0.28121396266920751 -0.28121396266920751 0.039630231402667075 -0.43103126041120898 -0.43103126041120898 0.37498564968157311 0.37498564968157311 0.10663073570722982
0.32905502563034383 -0.28121396266920756 -0.18414011734425079 -0.28121396266920756 -0.18414011734425079 0.039630231402667082 0.37498564968157316 -0.43103126041120909 0.37498564968157316 -0.43103126041120909 0.10663073570722985
0.32905502563034383 -0.18414011734425079 -0.18414011734425079 -0.18414011734425079 0.46535408001345824 0.039630231402667082 -0.43103126041120909 -0.43103126041120909 -0.43103126041120909 0.056045610729636035 0.10663073570722985
0.32905502563034378 -0.28121396266920751 -0.18414011734425076 -0.18414011734425076 -0.28121396266920751 0.039630231402667075 0.37498564968157311 -0.43103126041120898 -0.43103126041120898 0.37498564968157311 0.10663073570722982
0.32905502563034383 0.46535408001345824 -0.18414011734425079 -0.18414011734425079 -0.18414011734425079 0.039630231402667082 0.056045610729636035 -0.43103126041120909 -0.43103126041120909 -0.43103126041120909 0.10663073570722985
0.38738948741575358 0 0 0 0 0.91702870310907147 0 0 0 0 -0.094803706224251008
-0.38738948741575358 0 0 0 0 -0.91702870310907147 0 0 0 0 -0.094803706224251008
0.52944676859463613 0 0.74875080070114375 0 0 -0.22365942484071621 0 -0.31630219196230663 0 0 -0.094803706224251022
0.52944676859463613 0 -0.10044966683851204 0 0 -0.22365942484071621 0 0.80658831049228297 0 0 -0.094803706224251022
0.52944676859463613 0 -0.64830113386263155 0 0 -0.22365942484071621 0 -0.49028611852997606 0 0 -0.094803706224251022
-0.52944676859463613 0 -0.74875080070114375 0 0 0.22365942484071621 0 0.31630219196230663 0 0 -0.094803706224251022
-0.52944676859463613 0 0.10044966683851204 0 0 0.22365942484071621 0 -0.80658831049228297 0 0 -0.094803706224251022
-0.52944676859463613 0 0.64830113386263155 0 0 0.22365942484071621 0 0.49028611852997606 0 0 -0.094803706224251022
0.52944676859463613 0 0 0.74875080070114375 0 -0.22365942484071621 0 0 -0.31630219196230663 0 -0.094803706224251022
0.52944676859463613 0 0 -0.10044966683851204 0 -0.22365942484071621 0 0 0.80658831049228297 0 -0.094803706224251022
0.52944676859463613 0 0 -0.64830113386263155 0 -0.22365942484071621 0 0 -0.49028611852997606 0 -0.094803706224251022
-0.52944676859463613 0 0 -0.74875080070114375 0 0.22365942484071621 0 0 0.31630219196230663 0 -0.094803706224251022
-0.52944676859463613 0 0 0.10044966683851204 0 0.22365942484071621 0 0 -0.80658831049228297 0 -0.094803706224251022
-0.52944676859463613 0 0 0.64830113386263155 0 0.22365942484071621 0 0 0.49028611852997606 0 -0.094803706224251022
0.52944676859463613 0 0 0 0.74875080070114375 -0.22365942484071621 0 0 0 -0.31630219196230663 -0.094803706224251022
0.52944676859463613 0 0 0 -0.10044966683851204 -0.22365942484071621 0 0 0 0.80658831049228297 -0.094803706224251022
0.52944676859463613 0 0 0 -0.64830113386263155 -0.22365942484071621 0 0 0 -0.49028611852997606 -0.094803706224251022
-0.52944676859463613 0 0 0 -0.74875080070114375 0.22365942484071621 0 0 0 0.31630219196230663 -0.094803706224251022
-0.52944676859463613 0 0 0 0.10044966683851204 0.22365942484071621 0 0 0 -0.80658831049228297 -0.094803706224251022
-0.52944676859463613 0 0 0 0.64830113386263155 0.22365942484071621 0 0 0 0.49028611852997606 -0.094803706224251022
0.52944676859463613 0.74875080070114375 0 0 0 -0.22365942484071621 -0.31630219196230663 0 0 0 -0.094803706224251022
0.52944676859463613 -0.10044966683851204 0 0 0 -0.22365942484071621 0.80658831049228297 0 0 0 -0.094803706224251022
0.52944676859463613 -0.64830113386263155 0 0 0 -0.22365942484071621 -0.49028611852997606 0 0 0 -0.094803706224251022
-0.52944676859463613 -0.74875080070114375 0 0 0 0.22365942484071621 0.31630219196230663 0 0 0 -0.094803706224251022
-0.52944676859463613 0.10044966683851204 0 0 0 0.22365942484071621 -0.80658831049228297 0 0 0 -0.094803706224251022
-0.52944676859463613 0.64830113386263155 0 0 0 0.22365942484071621 0.49028611852997606 0 0 0 -0.094803706224251022
0.12912982913858445 0.18261715567470632 0.18261715567470632 0.18261715567470632 0.18261715567470632 0.30567623436969077 0.43229147634075327 0.43229147634075327 0.43229147634075327 0.43229147634075327 -0.09480370622425105
0.12912982913858445 0.28306682251321863 0.18261715567470632 0.18261715567470632 -0.46568397818792512 0.30567623436969077 -0.37429683415152998 0.43229147634075327 0.43229147634075327 -0.057994642189223303 -0.09480370622425105
0.12912982913858442 -0.46568397818792506 0.18261715567470629 0.18261715567470629 0.28306682251321857 0.30567623436969071 -0.057994642189223296 0.43229147634075321 0.43229147634075321 -0.37429683415152992 -0.094803706224251022
0.12912982913858445 0.28306682251321863 0.18261715567470632 -0.46568397818792512 0.18261715567470632 0.30567623436969077 -0.37429683415152998 0.43229147634075327 -0.057994642189223303 0.43229147634075327 -0.09480370622425105
0.12912982913858445 -0.46568397818792512 0.18261715567470632 -0.46568397818792512 -0.46568397818792512 0.30567623436969077 -0.057994642189223303 0.43229147634075327 -0.057994642189223303 -0.057994642189223303 -0.09480370622425105
0.12912982913858445 0.18261715567470632 0.18261715567470632 -0.46568397818792512 0.28306682251321863 0.30567623436969077 0.43229147634075327 0.43229147634075327 -0.057994642189223303 -0.37429683415152998 -0.09480370622425105
0.12912982913858445 -0.46568397818792512 0.18261715567470632 0.28306682251321863 0.18261715567470632 0.30567623436969077 -0.057994642189223303 0.43229147634075327 -0.37429683415152998 0.43229147634075327 -0.09480370622425105
0.12912982913858445 0.18261715567470632 0.18261715567470632 0.28306682251321863 -0.46568397818792512 0.30567623436969077 0.43229147634075327 0.43229147634075327 -0.37429683415152998 -0.057994642189223303 -0.09480370622425105
0.12912982913858445 0.28306682251321863 0.18261715567470632 0.28306682251321863 0.28306682251321863 0.30567623436969077 -0.37429683415152998 0.43229147634075327 -0.37429683415152998 -0.37429683415152998 -0.09480370622425105
0.12912982913858445 0.28306682251321863 -0.46568397818792512 0.18261715567470632 0.18261715567470632 0.30567623436969077 -0.37429683415152998 -0.057994642189223303 0.43229147634075327 0.43229147634075327 -0.09480370622425105
0.12912982913858442 -0.46568397818792506 -0.46568397818792506 0.18261715567470629 -0.46568397818792506 0.30567623436969071 -0.057994642189223296 -0.057994642189223296 0.43229147634075321 -0.057994642189223296 -0.094803706224251022
0.12912982913858442 0.18261715567470629 -0.46568397818792506 0.18261715567470629 0.28306682251321857 0.30567623436969071 0.43229147634075321 -0.057994642189223296 0.43229147634075321 -0.37429683415152992 -0.094803706224251022
0.12912982913858445 -0.46568397818792512 -0.46568397818792512 -0.46568397818792512 0.18261715567470632 0.30567623436969077 -0.057994642189223303 -0.057994642189223303 -0.057994642189223303 0.43229147634075327 -0.09480370622425105
0.12912982913858445 0.18261715567470632 -0.46568397818792512 -0.46568397818792512 -0.46568397818792512 0.30567623436969077 0.43229147634075327 -0.057994642189223303 -0.057994642189223303 -0.057994642189223303 -0.09480370622425105
0.12912982913858445 0.28306682251321863 -0.46568397818792512 -0.46568397818792512 0.28306682251321863 0.30567623436969077 -0.37429683415152998 -0.057994642189223303 -0.057994642189223303 -0.37429683415152998 -0.09480370622425105
0.12912982913858445 0.18261715567470632 -0.46568397818792512 0.28306682251321863 0.18261715567470632 0.30567623436969077 0.43229147634075327 -0.057994642189223303 -0.37429683415152998 0.43229147634075327 -0.09480370622425105
0.12912982913858445 0.28306682251321863 -0.46568397818792512 0.28306682251321863 -0.46568397818792512 0.30567623436969077 -0.37429683415152998 -0.057994642189223303 -0.37429683415152998 -0.057994642189223303 -0.09480370622425105
0.12912982913858442 -0.46568397818792506 -0.46568397818792506 0.28306682251321857 0.28306682251321857 0.30567623436969071 -0.057994642189223296 -0.057994642189223296 -0.37429683415152992 -0.37429683415152992 -0.094803706224251022
0.12912982913858445 -0.46568397818792512 0.28306682251321863 0.18261715567470632 0.18261715567470632 0.30567623436969077 -0.057994642189223303 -0.37429683415152998 0.43229147634075327 0.43229147634075327 -0.09480370622425105
0.12912982913858445 0.18261715567470632 0.28306682251321863 0.18261715567470632 -0.46568397818792512 0.30567623436969077 0.43229147634075327 -0.37429683415152998 0.43229147634075327 -0.057994642189223303 -0.09480370622425105
0.12912982913858442 0.28306682251321857 0.28306682251321857 0.18261715567470629 0.28306682251321857 0.30567623436969071 -0.37429683415152992 -0.37429683415152992 0.43229147634075321 -0.37429683415152992 -0.094803706224251022
0.12912982913858445 0.18261715567470632 0.28306682251321863 -0.46568397818792512 0.18261715567470632 0.30567623436969077 0.43229147634075327 -0.37429683415152998 -0.057994642189223303 0.43229147634075327 -0.09480370622425105
0.12912982913858445 0.28306682251321863 0.28306682251321863 -0.46568397818792512 -0.46568397818792512 0.30567623436969077 -0.37429683415152998 -0.37429683415152998 -0.057994642189223303 -0.057994642189223303 -0.09480370622425105
0.12912982913858445 -0.46568397818792512 0.28306682251321863 -0.46568397818792512 0.28306682251321863 0.30567623436969077 -0.057994642189223303 -0.37429683415152998 -0.057994642189223303 -0.37429683415152998 -0.09480370622425105
0.12912982913858445 0.28306682251321863 0.28306682251321863 0.28306682251321863 0.18261715567470632 0.30567623436969077 -0.37429683415152998 -0.37429683415152998 -0.37429683415152998 0.43229147634075327 -0.09480370622425105
0.12912982913858445 -0.46568397818792512 0.28306682251321863 0.28306682251321863 -0.46568397818792512 0.30567623436969077 -0.057994642189223303 -0.37429683415152998 -0.37429683415152998 -0.057994642189223303 -0.09480370622425105
0.12912982913858445 0.18261715567470632 0.28306682251321863 0.28306682251321863 0.28306682251321863 0.30567623436969077 0.43229147634075327 -0.37429683415152998 -0.37429683415152998 -0.37429683415152998 -0.09480370622425105
-0.12912982913858445 -0.18261715567470632 -0.18261715567470632 -0.18261715567470632 -0.18261715567470632 -0.30567623436969077 -0.43229147634075327 -0.43229147634075327 -0.43229147634075327 -0.43229147634075327 -0.09480370622425105
-0.12912982913858445 -0.28306682251321863 -0.18261715567470632 -0.18261715567470632 0.46568397818792512 -0.30567623436969077 0.37429683415152998 -0.43229147634075327 -0.43229147634075327 0.057994642189223303 -0.09480370622425105
-0.12912982913858442 0.46568397818792506 -0.18261715567470629 -0.18261715567470629 -0.28306682251321857 -0.30567623436969071 0.057994642189223296 -0.43229147634075321 -0.43229147634075321 0.37429683415152992 -0.094803706224251022
-0.12912982913858445 -0.28306682251321863 -0.18261715567470632 0.46568397818792512 -0.18261715567470632 -0.30567623436969077 0.37429683415152998 -0.43229147634075327 0.057994642189223303 -0.43229147634075327 -0.09480370622425105
-0.12912982913858445 0.46568397818792512 -0.18261715567470632 0.46568397818792512 0.46568397818792512 -0.30567623436969077 0.057994642189223303 -0.43229147634075327 0.057994642189223303 0.057994642189223303 -0.09480370622425105
-0.12912982913858445 -0.18261715567470632 -0.18261715567470632 0.46568397818792512 -0.28306682251321863 -0.30567623436969077 -0.43229147634075327 -0.43229147634075327 0.057994642189223303 0.37429683415152998 -0.09480370622425105
-0.12912982913858445 0.46568397818792512 -0.18261715567470632 -0.28306682251321863 -0.18261715567470632 -0.30567623436969077 0.057994642189223303 -0.43229147634075327 0.37429683415152998 -0.43229147634075327 -0.09480370622425105
-0.12912982913858445 -0.18261715567470632 -0.18261715567470632 -0.28306682251321863 0.46568397818792512 -0.30567623436969077 -0.43229147634075327 -0.43229147634075327 0.37429683415152998 0.057994642189223303 -0.09480370622425105
-0.12912982913858445 -0.28306682251321863 -0.18261715567470632 -0.28306682251321863 -0.28306682251321863 -0.30567623436969077 0.37429683415152998 -0.43229147634075327 0.37429683415152998 0.37429683415152998 -0.09480370622425105
-0.12912982913858445 -0.28306682251321863 0.46568397818792512 -0.18261715567470632 -0.18261715567470632 -0.30567623436969077 0.37429683415152998 0.057994642189223303 -0.43229147634075327 -0.43229147634075327 -0.09480370622425105
-0.12912982913858442 0.46568397818792506 0.46568397818792506 -0.18261715567470629 0.46568397818792506 -0.30567623436969071 0.057994642189223296 0.057994642189223296 -0.43229147634075321 0.057994642189223296 -0.094803706224251022
-0.12912982913858442 -0.18261715567470629 0.46568397818792506 -0.18261715567470629 -0.28306682251321857 -0.30567623436969071 -0.43229147634075321 0.057994642189223296 -0.43229147634075321 0.37429683415152992 -0.094803706224251022
-0.12912982913858445 0.46568397818792512 0.46568397818792512 0.46568397818792512 -0.18261715567470632 -0.30567623436969077 0.057994642189223303 0.057994642189223303 0.057994642189223303 -0.43229147634075327 -0.09480370622425105
-0.12912982913858445 -0.18261715567470632 0.46568397818792512 0.46568397818792512 0.46568397818792512 -0.30567623436969077 -0.43229147634075327 0.057994642189223303 0.057994642189223303 0.057994642189223303 -0.09480370622425105
-0.12912982913858445 -0.28306682251321863 0.46568397818792512 0.46568397818792512 -0.28306682251321863 -0.30567623436969077 0.37429683415152998 0.057994642189223303 0.057994642189223303 0.37429683415152998 -0.09480370622425105
-0.12912982913858445 -0.18261715567470632 0.46568397818792512 -0.28306682251321863 -0.18261715567470632 -0.30567623436969077 -0.43229147634075327 0.057994642189223303 0.37429683415152998 -0.43229147634075327 -0.09480370622425105
-0.12912982913858445 -0.28306682251321863 0.46568397818792512 -0.28306682251321863 0.46568397818792512 -0.30567623436969077 0.37429683415152998 0.057994642189223303 0.37429683415152998 0.057994642189223303 -0.09480370622425105
-0.12912982913858442 0.46568397818792506 0.46568397818792506 -0.28306682251321857 -0.28306682251321857 -0.30567623436969071 0.057994642189223296 0.057994642189223296 0.37429683415152992 0.37429683415152992 -0.094803706224251022
-0.12912982913858445 0.46568397818792512 -0.28306682251321863 -0.18261715567470632 -0.18261715567470632 -0.30567623436969077 0.057994642189223303 0.37429683415152998 -0.43229147634075327 -0.43229147634075327 -0.09480370622425105
-0.12912982913858445 -0.18261715567470632 -0.28306682251321863 -0.18261715567470632 0.46568397818792512 -0.30567623436969077 -0.43229147634075327 0.37429683415152998 -0.43229147634075327 0.057994642189223303 -0.09480370622425105
-0.12912982913858442 -0.28306682251321857 -0.28306682251321857 -0.18261715567470629 -0.28306682251321857 -0.30567623436969071 0.37429683415152992 0.37429683415152992 -0.43229147634075321 0.37429683415152992 -0.094803706224251022
-0.12912982913858445 -0.18261715567470632 -0.28306682251321863 0.46568397818792512 -0.18261715567470632 -0.30567623436969077 -0.43229147634075327 0.37429683415152998 0.057994642189223303 -0.43229147634075327 -0.09480370622425105
-0.12912982913858445 -0.28306682251321863 -0.28306682251321863 0.46568397818792512 0.46568397818792512 -0.30567623436969077 0.37429683415152998 0.37429683415152998 0.057994642189223303 0.057994642189223303 -0.09480370622425105
-0.12912982913858445 0.46568397818792512 -0.28306682251321863 0.46568397818792512 -0.28306682251321863 -0.30567623436969077 0.057994642189223303 0.37429683415152998 0.057994642189223303 0.37429683415152998 -0.09480370622425105
-0.12912982913858445 -0.28306682251321863 -0.28306682251321863 -0.28306682251321863 -0.18261715567470632 -0.30567623436969077 0.37429683415152998 0.37429683415152998 0.37429683415152998 -0.43229147634075327 -0.09480370622425105
-0.12912982913858445 0.46568397818792512 -0.28306682251321863 -0.28306682251321863 0.46568397818792512 -0.30567623436969077 0.057994642189223303 0.37429683415152998 0.37429683415152998 0.057994642189223303 -0.09480370622425105
-0.12912982913858445 -0.18261715567470632 -0.28306682251321863 -0.28306682251321863 -0.28306682251321863 -0.30567623436969077 -0.43229147634075327 0.37429683415152998 0.37429683415152998 0.37429683415152998 -0.09480370622425105
0.4843112892294949 0 0 0 0 -0.71953952513605157 0 0 0 0 0.4977001576168627
-0.4843112892294949 0 0 0 0 0.71953952513605157 0 0 0 0 0.4977001576168627
-0.41542633852987487 0 -0.58750156211594529 0 0 -0.279617253208224 0 -0.39543851176058198 0 0 0.49770015761686287
-0.41542633852987487 0 0.63621057787734814 0 0 -0.279617253208224 0 -0.31107202167515913 0 0 0.49770015761686287
-0.41542633852987487 0 -0.048709015761402491 0 0 -0.279617253208224 0 0.70651053343574099 0 0 0.49770015761686287
0.41542633852987487 0 0.58750156211594529 0 0 0.279617253208224 0 0.39543851176058198 0 0 0.49770015761686287
0.41542633852987487 0 -0.63621057787734814 0 0 0.279617253208224 0 0.31107202167515913 0 0 0.49770015761686287
0.41542633852987487 0 0.048709015761402491 0 0 0.279617253208224 0 -0.70651053343574099 0 0 0.49770015761686287
-0.41542633852987487 0 0 -0.58750156211594529 0 -0.279617253208224 0 0 -0.39543851176058198 0 0.49770015761686287
-0.41542633852987487 0 0 0.63621057787734814 0 -0.279617253208224 0 0 -0.31107202167515913 0 0.49770015761686287
-0.41542633852987487 0 0 -0.048709015761402491 0 -0.279617253208224 0 0 0.70651053343574099 0 0.49770015761686287
0.41542633852987487 0 0 0.58750156211594529 0 0.279617253208224 0 0 0.39543851176058198 0 0.49770015761686287
0.41542633852987487 0 0 -0.63621057787734814 0 0.279617253208224 0 0 0.31107202167515913 0 0.49770015761686287
0.41542633852987487 0 0 0.048709015761402491 0 0.279617253208224 0 0 -0.70651053343574099 0 0.49770015761686287
-0.41542633852987487 0 0 0 -0.58750156211594529 -0.279617253208224 0 0 0 -0.39543851176058198 0.49770015761686287
-0.41542633852987487 0 0 0 0.63621057787734814 -0.279617253208224 0 0 0 -0.31107202167515913 0.49770015761686287
-0.41542633852987487 0 0 0 -0.048709015761402491 -0.279617253208224 0 0 0 0.70651053343574099 0.49770015761686287
0.41542633852987487 0 0 0 0.58750156211594529 0.279617253208224 0 0 0 0.39543851176058198 0.49770015761686287
0.41542633852987487 0 0 0 -0.63621057787734814 0.279617253208224 0 0 0 0.31107202167515913 0.49770015761686287
0.41542633852987487 0 0 0 0.048709015761402491 0.279617253208224 0 0 0 -0.70651053343574099 0.49770015761686287
-0.41542633852987487 -0.58750156211594529 0 0 0 -0.279617253208224 -0.39543851176058198 0 0 0 0.49770015761686287
-0.41542633852987487 0.63621057787734814 0 0 0 -0.279617253208224 -0.31107202167515913 0 0 0 0.49770015761686287
-0.41542633852987487 -0.048709015761402491 0 0 0 -0.279617253208224 0.70651053343574099 0 0 0 0.49770015761686287
0.41542633852987487 0.58750156211594529 0 0 0 0.279617253208224 0.39543851176058198 0 0 0 0.49770015761686287
0.41542633852987487 -0.63621057787734814 0 0 0 0.279617253208224 0.31107202167515913 0 0 0 0.49770015761686287
0.41542633852987487 0.048709015761402491 0 0 0 0.279617253208224 -0.70651053343574099 0 0 0 0.49770015761686287
0.16143709640983189 0.22830653121291711 0.22830653121291711 0.22830653121291711 0.22830653121291711 -0.2398465083786839 -0.33919418503696663 -0.33919418503696663 -0.33919418503696663 -0.33919418503696663 0.49770015761686287
0.16143709640983189 -0.4079040466644312 0.22830653121291711 0.22830653121291711 0.17959751545151414 -0.2398465083786839 -0.028122163361807586 -0.33919418503696663 -0.33919418503696663 0.36731634839877436 0.49770015761686287
0.16143709640983189 0.17959751545151414 0.22830653121291711 0.22830653121291711 -0.4079040466644312 -0.2398465083786839 0.36731634839877436 -0.33919418503696663 -0.33919418503696663 -0.028122163361807586 0.49770015761686287
0.16143709640983189 -0.4079040466644312 0.22830653121291711 0.17959751545151414 0.22830653121291711 -0.2398465083786839 -0.028122163361807586 -0.33919418503696663 0.36731634839877436 -0.33919418503696663 0.49770015761686287
0.16143709640983189 0.17959751545151414 0.22830653121291711 0.17959751545151414 0.17959751545151414 -0.2398465083786839 0.36731634839877436 -0.33919418503696663 0.36731634839877436 0.36731634839877436 0.49770015761686287
0.16143709640983189 0.22830653121291711 0.22830653121291711 0.17959751545151414 -0.4079040466644312 -0.2398465083786839 -0.33919418503696663 -0.33919418503696663 0.36731634839877436 -0.028122163361807586 0.49770015761686287
0.16143709640983189 0.17959751545151414 0.22830653121291711 -0.4079040466644312 0.22830653121291711 -0.2398465083786839 0.36731634839877436 -0.33919418503696663 -0.028122163361807586 -0.33919418503696663 0.49770015761686287
0.16143709640983189 0.22830653121291711 0.22830653121291711 -0.4079040466644312 0.17959751545151414 -0.2398465083786839 -0.33919418503696663 -0.33919418503696663 -0.028122163361807586 0.36731634839877436 0.49770015761686287
0.16143709640983189 -0.4079040466644312 0.22830653121291711 -0.4079040466644312 -0.4079040466644312 -0.2398465083786839 -0.028122163361807586 -0.33919418503696663 -0.028122163361807586 -0.028122163361807586 0.49770015761686287
0.16143709640983189 -0.4079040466644312 0.17959751545151414 0.22830653121291711 0.22830653121291711 -0.2398465083786839 -0.028122163361807586 0.36731634839877436 -0.33919418503696663 -0.33919418503696663 0.49770015761686287
0.16143709640983189 0.17959751545151414 0.17959751545151414 0.22830653121291711 0.17959751545151414 -0.2398465083786839 0.36731634839877436 0.36731634839877436 -0.33919418503696663 0.36731634839877436 0.49770015761686287
0.16143709640983189 0.22830653121291711 0.17959751545151414 0.22830653121291711 -0.4079040466644312 -0.2398465083786839 -0.33919418503696663 0.36731634839877436 -0.33919418503696663 -0.028122163361807586 0.49770015761686287
0.16143709640983189 0.17959751545151414 0.17959751545151414 0.17959751545151414 0.22830653121291711 -0.2398465083786839 0.36731634839877436 0.36731634839877436 0.36731634839877436 -0.33919418503696663 0.49770015761686287
0.16143709640983189 0.22830653121291711 0.17959751545151414 0.17959751545151414 0.17959751545151414 -0.2398465083786839 -0.33919418503696663 0.36731634839877436 0.36731634839877436 0.36731634839877436 0.49770015761686287
0.16143709640983189 -0.4079040466644312 0.17959751545151414 0.17959751545151414 -0.4079040466644312 -0.2398465083786839 -0.028122163361807586 0.36731634839877436 0.36731634839877436 -0.028122163361807586 0.49770015761686287
0.16143709640983189 0.22830653121291711 0.17959751545151414 -0.4079040466644312 0.22830653121291711 -0.2398465083786839 -0.33919418503696663 0.36731634839877436 -0.028122163361807586 -0.33919418503696663 0.49770015761686287
0.16143709640983189 -0.4079040466644312 0.17959751545151414 -0.4079040466644312 0.17959751545151414 -0.2398465083786839 -0.028122163361807586 0.36731634839877436 -0.028122163361807586 0.36731634839877436 0.49770015761686287
0.16143709640983189 0.17959751545151414 0.17959751545151414 -0.4079040466644312 -0.4079040466644312 -0.2398465083786839 0.36731634839877436 0.36731634839877436 -0.028122163361807586 -0.028122163361807586 0.49770015761686287
0.16143709640983189 0.17959751545151414 -0.4079040466644312 0.22830653121291711 0.22830653121291711 -0.2398465083786839 0.36731634839877436 -0.028122163361807586 -0.33919418503696663 -0.33919418503696663 0.49770015761686287
0.16143709640983189 0.22830653121291711 -0.4079040466644312 0.22830653121291711 0.17959751545151414 -0.2398465083786839 -0.33919418503696663 -0.028122163361807586 -0.33919418503696663 0.36731634839877436 0.49770015761686287
0.16143709640983189 -0.4079040466644312 -0.4079040466644312 0.22830653121291711 -0.4079040466644312 -0.2398465083786839 -0.028122163361807586 -0.028122163361807586 -0.33919418503696663 -0.028122163361807586 0.49770015761686287
0.16143709640983189 0.22830653121291711 -0.4079040466644312 0.17959751545151414 0.22830653121291711 -0.2398465083786839 -0.33919418503696663 -0.028122163361807586 0.36731634839877436 -0.33919418503696663 0.49770015761686287
0.16143709640983189 -0.4079040466644312 -0.4079040466644312 0.17959751545151414 0.17959751545151414 -0.2398465083786839 -0.028122163361807586 -0.028122163361807586 0.36731634839877436 0.36731634839877436 0.49770015761686287
0.16143709640983189 0.17959751545151414 -0.4079040466644312 0.17959751545151414 -0.4079040466644312 -0.2398465083786839 0.36731634839877436 -0.028122163361807586 0.36731634839877436 -0.028122163361807586 0.49770015761686287
0.16143709640983189 -0.4079040466644312 -0.4079040466644312 -0.4079040466644312 0.22830653121291711 -0.2398465083786839 -0.028122163361807586 -0.028122163361807586 -0.028122163361807586 -0.33919418503696663 0.49770015761686287
0.16143709640983189 0.17959751545151414 -0.4079040466644312 -0.4079040466644312 0.17959751545151414 -0.2398465083786839 0.36731634839877436 -0.028122163361807586 -0.028122163361807586 0.36731634839877436 0.49770015761686287
0.16143709640983189 0.22830653121291711 -0.4079040466644312 -0.4079040466644312 -0.4079040466644312 -0.2398465083786839 -0.33919418503696663 -0.028122163361807586 -0.028122163361807586 -0.028122163361807586 0.49770015761686287
-0.16143709640983189 -0.22830653121291711 -0.22830653121291711 -0.22830653121291711 -0.22830653121291711 0.2398465083786839 0.33919418503696663 0.33919418503696663 0.33919418503696663 0.33919418503696663 0.49770015761686287
-0.16143709640983189 0.4079040466644312 -0.22830653121291711 -0.22830653121291711 -0.17959751545151414 0.2398465083786839 0.028122163361807586 0.33919418503696663 0.33919418503696663 -0.36731634839877436 0.49770015761686287
-0.16143709640983189 -0.17959751545151414 -0.22830653121291711 -0.22830653121291711 0.4079040466644312 0.2398465083786839 -0.36731634839877436 0.33919418503696663 0.33919418503696663 0.028122163361807586 0.49770015761686287
-0.16143709640983189 0.4079040466644312 -0.22830653121291711 -0.17959751545151414 -0.22830653121291711 0.2398465083786839 0.028122163361807586 0.33919418503696663 -0.36731634839877436 0.33919418503696663 0.49770015761686287
-0.16143709640983189 -0.17959751545151414 -0.22830653121291711 -0.17959751545151414 -0.17959751545151414 0.2398465083786839 -0.36731634839877436 0.33919418503696663 -0.36731634839877436 -0.36731634839877436 0.49770015761686287
-0.16143709640983189 -0.22830653121291711 -0.22830653121291711 -0.17959751545151414 0.4079040466644312 0.2398465083786839 0.33919418503696663 0.33919418503696663 -0.36731634839877436 0.028122163361807586 0.49770015761686287
-0.16143709640983189 -0.17959751545151414 -0.22830653121291711 0.4079040466644312 -0.22830653121291711 0.2398465083786839 -0.36731634839877436 0.33919418503696663 0.028122163361807586 0.33919418503696663 0.49770015761686287
-0.16143709640983189 -0.22830653121291711 -0.22830653121291711 0.4079040466644312 -0.17959751545151414 0.2398465083786839 0.33919418503696663 0.33919418503696663 0.028122163361807586 -0.36731634839877436 0.49770015761686287
-0.16143709640983189 0.4079040466644312 -0.22830653121291711 0.4079040466644312 0.4079040466644312 0.2398465083786839 0.028122163361807586 0.33919418503696663 0.028122163361807586 0.028122163361807586 0.49770015761686287
-0.16143709640983189 0.4079040466644312 -0.17959751545151414 -0.22830653121291711 -0.22830653121291711 0.2398465083786839 0.028122163361807586 -0.36731634839877436 0.33919418503696663 0.33919418503696663 0.49770015761686287
-0.16143709640983189 -0.17959751545151414 -0.17959751545151414 -0.22830653121291711 -0.17959751545151414 0.2398465083786839 -0.36731634839877436 -0.36731634839877436 0.33919418503696663 -0.36731634839877436 0.49770015761686287
-0.16143709640983189 -0.22830653121291711 -0.17959751545151414 -0.22830653121291711 0.4079040466644312 0.2398465083786839 0.33919418503696663 -0.36731634839877436 0.33919418503696663 0.028122163361807586 0.49770015761686287
-0.16143709640983189 -0.17959751545151414 -0.17959751545151414 -0.17959751545151414 -0.22830653121291711 0.2398465083786839 -0.36731634839877436 -0.36731634839877436 -0.36731634839877436 0.33919418503696663 0.49770015761686287
-0.16143709640983189 -0.22830653121291711 -0.17959751545151414 -0.17959751545151414 -0.17959751545151414 0.2398465083786839 0.33919418503696663 -0.36731634839877436 -0.36731634839877436 -0.36731634839877436 0.49770015761686287
-0.16143709640983189 0.4079040466644312 -0.17959751545151414 -0.17959751545151414 0.4079040466644312 0.2398465083786839 0.028122163361807586 -0.36731634839877436 -0.36731634839877436 0.028122163361807586 0.49770015761686287
-0.16143709640983189 -0.22830653121291711 -0.17959751545151414 0.4079040466644312 -0.22830653121291711 0.2398465083786839 0.33919418503696663 -0.36731634839877436 0.028122163361807586 0.33919418503696663 0.49770015761686287
-0.16143709640983189 0.4079040466644312 -0.17959751545151414 0.4079040466644312 -0.17959751545151414 0.2398465083786839 0.028122163361807586 -0.36731634839877436 0.028122163361807586 -0.36731634839877436 0.49770015761686287
-0.16143709640983189 -0.17959751545151414 -0.17959751545151414 0.4079040466644312 0.4079040466644312 0.2398465083786839 -0.36731634839877436 -0.36731634839877436 0.028122163361807586 0.028122163361807586 0.49770015761686287
-0.16143709640983189 -0.17959751545151414 0.4079040466644312 -0.22830653121291711 -0.22830653121291711 0.2398465083786839 -0.36731634839877436 0.028122163361807586 0.33919418503696663 0.33919418503696663 0.49770015761686287
-0.16143709640983189 -0.22830653121291711 0.4079040466644312 -0.22830653121291711 -0.17959751545151414 0.2398465083786839 0.33919418503696663 0.028122163361807586 0.33919418503696663 -0.36731634839877436 0.49770015761686287
-0.16143709640983189 0.4079040466644312 0.4079040466644312 -0.22830653121291711 0.4079040466644312 0.2398465083786839 0.028122163361807586 0.028122163361807586 0.33919418503696663 0.028122163361807586 0.49770015761686287
-0.16143709640983189 -0.22830653121291711 0.4079040466644312 -0.17959751545151414 -0.22830653121291711 0.2398465083786839 0.33919418503696663 0.028122163361807586 -0.36731634839877436 0.33919418503696663 0.49770015761686287
-0.16143709640983189 0.4079040466644312 0.4079040466644312 -0.17959751545151414 -0.17959751545151414 0.2398465083786839 0.028122163361807586 0.028122163361807586 -0.36731634839877436 -0.36731634839877436 0.49770015761686287
-0.16143709640983189 -0.17959751545151414 0.4079040466644312 -0.17959751545151414 0.4079040466644312 0.2398465083786839 -0.36731634839877436 0.028122163361807586 -0.36731634839877436 0.028122163361807586 0.49770015761686287
-0.16143709640983189 0.4079040466644312 0.4079040466644312 0.4079040466644312 -0.22830653121291711 0.2398465083786839 0.028122163361807586 0.028122163361807586 0.028122163361807586 0.33919418503696663 0.49770015761686287
-0.16143709640983189 -0.17959751545151414 0.4079040466644312 0.4079040466644312 -0.17959751545151414 0.2398465083786839 -0.36731634839877436 0.028122163361807586 0.028122163361807586 -0.36731634839877436 0.49770015761686287
-0.16143709640983189 -0.22830653121291711 0.4079040466644312 0.4079040466644312 0.4079040466644312 0.2398465083786839 0.33919418503696663 0.028122163361807586 0.028122163361807586 0.028122163361807586 0.49770015761686287
0 0 0 0 0 0 0 0 0 0 1
0 0 0 0 0 0 0 0 0 0 -1
