-0.0041025803967698555 -0.00085939108586336062 -0.69908967158067647 0.70434793753520997 -0.0034603086265346714 0.00057575870420669925 -0.0073384048654079785 -0.084369678581723784 0.087603950886006435 -0.0068622600533213658 0.015623743228241114
-0.0015973822247854238 -0.0039773069835540619 -0.70127701400750253 -0.42165768600618381 0.0041003453361951256 0.0040446194416268221 -0.0049387108911292761 -0.08307677790263146 0.56866942181979807 0.0039505914556341604 -0.0060944810979026648
0.0016893595765632801 -0.0092474389839050878 -0.70631798180617722 -0.27547291064170781 -0.0035582598939300652 -0.0017731565800454664 -0.0054269134835206725 -0.078762219094900041 -0.64706177389133945 -0.0027737893655208116 0.013994214268847251
0.0040884801276956095 0.00083801375254801498 0.69908019200965443 -0.70433815588623083 0.0034513863465884275 -0.00057817620988351076 0.0073329695151444817 0.084364920968853549 -0.087616531001458747 0.0068772226301062273 -0.016426137173911316
0.0015961390613180575 0.0039757270265899092 0.70127548890416114 0.42165860538790273 -0.0041021526801395831 -0.0040448760399488188 0.0049377606639181455 0.083076868593593742 -0.56867073597118678 -0.0039479061325221072 0.006084975919619832
-0.0016969550358491702 0.0092366200629818915 0.70631376643828503 0.27547756155749015 0.0035543626370236514 0.0017713831441128658 0.0054229362068805055 0.078759594855959236 0.64705685448386074 0.0027815390738578269 -0.014360306625437783
0.00050945550356593105 0.0045916344086368785 0.42312783000623733 -0.42729457943257054 0.0074295686399887496 0.00070484672145639166 0.0052024111219837335 -0.56818442571842065 0.56140125661000773 0.0043456807606590889 -0.015946201309491433
0.0038232348275039096 -0.00063747068983213099 0.41810387413006611 -0.28112937349771289 -0.000211710419949801 -0.0051039044033430823 0.0047247262783147361 -0.56385759197987417 -0.6543081020626913 -0.002405953139658956 0.0056320096046966299
-0.001781029506288994 0.008046104159028674 0.42549118605781799 0.69845563764123342 9.4856262786883414e-05 -0.0027082123461295753 0.0028667059645323748 -0.56926413156531219 0.080558785930250759 -0.0067881242385127846 0.020881845059693996
-0.00062619980758628455 -0.004758062056853465 -0.42318884845648724 0.42738304969663388 -0.0074923520562968022 -0.0007310113767322069 -0.0052527923321031393 0.56812352652179943 -0.56149534269332457 -0.0042290138868675709 0.0094015284274977049
-0.0038190991021403047 0.00064391526200926986 -0.41810132557028618 0.28112629330269628 0.00021431611557257962 0.0051045839473285734 -0.0047232616842275204 0.56385919585239019 0.65431174854763996 0.0024014563801574408 -0.0053900545738410077
0.0020840900271387125 -0.0075558239043838401 -0.42523857205728743 -0.69876621894705426 0.00018341403510276834 0.0027678505481300792 -0.0027831698587314989 0.56950621876938057 -0.080269654359591963 0.0063622528974415747 -0.00015692430161416777
0.0035326637187756585 -0.0038249424557451248 0.27592324926211209 -0.27700635838733095 -0.0040060530795989549 -0.0012929492185368809 0.0021098841975936587 0.65252835084345762 -0.649056904985014 0.0025800207580277397 -0.0031281258418966499
-0.0022319566980577399 0.0046064458338524097 0.28316879869476363 0.70279126868546882 -0.0038944895719538889 0.0010583379324078969 0.00021179724584158513 0.64693275313664911 0.085632743282460067 -0.0015361501231521857 0.00013260764416507331
0.00032616278743445603 0.0015713345763722446 0.28101287088748916 -0.42324923266118009 0.003703717238714278 0.0045331552384165405 0.0026309486925075883 0.64824359210895777 0.56674289174069703 0.0092163143155017859 -0.018598079617580775
-0.0046730411580169903 0.0014321024291267758 -0.27732685310908206 0.2772269469438618 0.0011063144908921752 -0.0009983249795626082 -0.0022482677981681249 -0.65194450544826177 0.64627093090727017 -0.0027760275415379932 -0.059147377459335369
0.0022522008525970136 -0.004575777323256377 -0.28315702330202264 -0.70280591724879271 0.0039058306336340978 -0.0010560345815581618 -0.00020387897803097511 -0.646923568601114 -0.085615963760809502 0.0015162963287716389 0.001012117861453423
-0.00027730253732775363 -0.0014946007440196402 -0.28098504167505661 0.42321733503156733 -0.0036708887018729059 -0.004528172242888949 -0.0026119949222029744 -0.64822740954644786 -0.56670230847603331 -0.0092700607460899035 0.021334613302517388
-0.00053109612228593517 -0.0050942108475911839 -0.7037192728923094 0.0061147353199227997 0.70127076692536894 0.00067227068975708336 -0.0025519452105458628 -0.080420129617455066 -0.0014503075890493074 0.080349305631448403 0.0015483710975906513
-0.0054079629611854599 -0.0053472673810251161 -0.70244315856061856 0.0046387523692209848 -0.42313299406948945 -0.0012524283750215829 -0.010215025157965433 -0.085585451057982334 0.0032015372877757841 0.56493895654474213 0.029251696605775798
0.0048773068450558357 -0.013185988299664204 -0.69249960659382581 0.0013674790147792126 -0.26965383078528254 0.013404597806778284 -0.0073259352319034396 -0.072998398151825891 -0.00028266471501758758 -0.64169504329644733 0.17377241095518145
0.00025155652186221333 0.0047272789359689444 0.70347931009141862 -0.005905917135317653 -0.70137599877531831 -0.00076592978300271913 0.0024962359827475399 0.080274237580333641 0.0012951586899832836 -0.080175306928094381 -0.015835086754751759
0.005352699049694036 0.0052020392187541323 0.70237143173484851 -0.004581734943106321 0.42304920821840786 0.001257722971083404 0.010188251563826379 0.085579484526734265 -0.003279620748216249 -0.56486092374442298 -0.033454219760174549
-0.002067649789971072 0.0034641198126604414 0.70042520690241006 0.0036204385720860145 0.28096180680455596 -0.003456930422721161 0.0048887511286243995 0.080134727815757506 -0.0075567570032228186 0.65109212721895715 0.00034959274559813892
-0.0032827022144499771 0.0032861325629281019 0.42196363608953324 -0.0010442040280014802 -0.41977325641496399 -0.0045753427453965436 -5.1519792124897982e-05 -0.57067076816770967 -0.0040352501653252784 0.5652758675941868 0.021801056599781304
0.0033042826362621428 0.0072864322966088154 0.42930015953662848 -0.0083278552799344128 -0.27091742291919874 0.0086622207124807584 0.0036907053788694899 -0.55467780948549117 0.0031262939967815922 -0.64585410061766757 0.13144709475461883
0.0016272097314301483 0.0035544743142304682 0.42072006194703648 0.00043459908107103577 0.70463434318297002 -0.0026538863926731013 0.0076101844391939753 -0.56550050136062624 -0.0086739048798084358 0.080688093829761123 -0.0052934616100086063
0.0033806067194394693 -0.0031305073805736328 -0.42190165380404915 0.00095593363651041497 0.41985897101191394 0.004608342887032703 9.9649953390802172e-05 0.57073925553314653 0.0041130935088647758 -0.56539091364852023 -0.015714619165822837
-0.004337248024875554 -0.0053722118306573944 -0.42414012019015929 0.0093659271968013179 0.27746268214897762 -0.0001020102625158243 -0.005307042620506709 0.56511368650977845 -0.00042873188723272583 0.65084566981508774 -0.0015172247398868492
-0.0017065424345026022 -0.0036917064936999532 -0.42077820978982106 -0.00037269146380245854 -0.7046696029337326 0.0026614567978367862 -0.0076565041801111297 0.56544892676424574 0.0086109482528578894 -0.080605811920826331 0.00035979415242628365
0.0039074206186204751 0.00081198918945931276 0.28118010301055296 -0.0044390408087131589 -0.28150652352905764 0.0041573541408250446 0.0023428027645382887 0.65075308812826271 0.0047423995595403633 -0.6447373047878151 -0.049448538609023908
0.0019281612177816166 0.0011989173042281055 0.27915067077778016 0.0043313272056130087 0.70066200173056881 0.00091750417606965536 0.0051118072731806061 0.65065221013849495 -0.0023954731503171849 0.084832780945652511 0.023369569342954786
-0.0038246457685895538 -0.00027828317263022776 0.27965556715850642 0.0032513813993928315 -0.42372827570454996 -0.00082639965654468484 -0.0027631893448006499 0.64556621161443273 0.001042556304731824 0.57048695992769205 -0.0011511675692830721
-0.0038911027373576147 -0.001930643526894431 -0.28180332099396621 0.0051419902903530037 0.28142781474385542 -0.0039316785306278915 -0.002642451469654816 -0.65114731097496359 -0.0055467365331221636 0.64571779572771193 0.01850583677644917
0.0029786866726953581 0.0015064954481620344 -0.2753791165983045 -0.0065597964724035899 -0.69522406113767365 0.0030230449261403848 -0.0041887015150673104 -0.64860369574611265 0.00475695973829913 -0.085415601116250656 0.11288836161298023
0.0043919060757994241 0.0011754958064783059 -0.27905756576649948 -0.0036359516114280867 0.42433459685680153 0.0014207644582621267 0.0028476515182568351 -0.64468071477804467 -0.00030544128257951956 -0.57057994392916744 0.0291241604037988
-0.0034717658439860849 0.6967802578599509 -0.70801916434916823 -0.00056188989310245623 -0.0013894316715032816 0.0022565275222340775 0.080866256356861829 -0.080843842767961721 -0.0006561907913608633 -3.7778435688005161e-05 -0.010546729897948567
-0.0022765196580645762 -0.43068337468766155 -0.7039960597724878 0.0055487069712500453 -0.0039867685440378832 0.0037115345349617778 0.5584007427364025 -0.082167558863433188 0.0052009274681313594 -0.00063535456660998677 0.015664850766251289
0.0015937966211864317 -0.28041970510697284 -0.69475156226699197 0.0023612182823287927 0.0022941101069588509 -0.0031370651862326995 -0.65696991403920113 -0.083256235417863103 0.0045437766193198162 -0.004856935318864419 0.0087482364732621859
0.0034508456734672751 -0.69681011562061723 0.70800649890838518 0.00057797789347108523 0.0013759676570847786 -0.0022602511109540151 -0.080874393359918126 0.080835986216103717 0.00063833535166618583 5.8402197468523041e-05 0.0093638028698042764
0.0021788521612217315 0.43052796527205167 0.70392977244367672 -0.0054816443635767823 0.0039275554040922008 -0.0037420529942490551 -0.55843032522028724 0.082126282658340682 -0.0052806000596123583 0.00073937591308445788 -0.021136136584621351
-0.0017611603922439078 0.28014746807304602 0.69465492506604554 -0.0022152226622911956 -0.002473079448688997 0.0031171276042343257 0.65695945781306397 0.083189736539208914 -0.0046853266394760763 0.00503624834722609 -0.019608981393375715
-0.00014841256537584998 -0.4220819281014242 0.42042297063899037 -0.00010451224984088598 -0.00064364741943284459 0.00037815528856606061 0.56854870932415613 -0.56726474050855702 -0.0020485482002482475 -0.00026169482826592159 0.0070424260331075255
0.0038771215545656064 -0.2715634546653366 0.42975677803234541 -0.0034287891083539541 0.0058087839934466545 -0.0064510429349815797 -0.64681607589316181 -0.56829128719402189 -0.0025751865654099859 -0.0046499008366596289 0.010294607066376199
-0.0011666742390328934 0.70562060996734888 0.41653128889718449 -0.006373850919337027 0.0020952290798564501 -0.0010232917575878886 0.091055410905299394 -0.56578970399113571 -0.007781914061120416 0.00013665952790148372 -0.0091739895315846066
0.00014674514589808112 0.42207987714561784 -0.42042374435796936 0.0001057701923261307 0.00064393030386092386 -0.0003785010392696097 -0.5685491463117508 0.56726447212165543 0.0020471646195908467 0.00026345690862050346 -0.0071055233598154958
-0.0036793709037078876 0.27185246445923217 -0.42962956464785829 0.0033052956360855373 -0.0056885743796899054 0.0064455960330954982 0.64687034334771698 0.56828434102108383 0.0027192659373459988 0.0044598654510514535 0.00082960961273912499
0.0013461093932930028 -0.70537630283519592 -0.41639742052614143 0.0062132485342659936 -0.0019517281542428288 0.0010762651032259823 -0.09101385439699565 0.56594262201031564 0.0079060899677366337 -0.00033993948321171818 0.019361833667785926
0.0036569155914505081 -0.27464109014833943 0.2876203228376733 0.0006397121846827389 0.002053921295794551 -0.0026304428677996127 -0.6493982486238018 0.64812362230606579 0.0027346152729885104 0.00026239377144121525 0.005660329426124433
-0.0016215014311676725 0.70221636572442225 0.27422746725234881 -0.0021054448067370462 -0.001834578756422904 0.0027369387520423745 0.088406946180772022 0.65045085921116985 -0.0026440994140503977 0.0053073398832820503 -0.027134585597855081
-0.00041629077883387271 -0.42523231173594161 0.27825583072183202 0.0039992050716151067 -0.0044253586709562054 0.0041927646041561104 0.56594581736101379 0.64913062640991637 0.0032204230857790315 0.004701795576726996 -0.0003568937471523014
-0.0036790488708803868 0.27460313897286098 -0.28763892243170597 -0.00062438752667944334 -0.0020782122646070727 0.0026211181426456067 0.64938126795796347 -0.64813551607839426 -0.0027512294369406417 -0.00023290763838167437 -0.0069677826735049823
0.0016197482571459285 -0.70221723762716437 -0.27422721839147257 0.0021047552682524335 0.0018345869030690993 -0.0027362139966194861 -0.088408299782063285 -0.6504501344715089 0.0026429112676909605 -0.0053070823624472279 0.027127895416420775
0.00038676161249767737 0.42518683468624313 -0.27827490204113586 -0.0039789696293657632 0.0044053756898774074 -0.0041976991982123468 -0.56595487825544 -0.64914342735532471 -0.0032467116873915705 -0.0046689157592831113 -0.0013309001501941016
0.0040192199335121097 -0.0037784330329884382 -0.004516819875042417 -0.69827288832854106 0.7048490339704625 5.0096454597420474e-05 0.0048509685514712382 0.0040485362379802667 -0.088908080270630047 0.086885755104498114 0.007633751415940547
-0.0014191127698222445 -0.0046294019661630619 -0.0034348472169047546 -0.69964224794037477 -0.41974932116432445 -0.0018512404658109979 -0.0029145606328612552 -0.0012756229321993706 -0.084478332729645625 0.5718927807190215 0.0080310990456531062
0.0061649126696539441 -0.0026111846061396089 -0.0013386779053706642 -0.70796536654491415 -0.27750549984108719 0.0028793603746330751 0.0024478369517133276 0.0042358649807787054 -0.080051629709027627 -0.64422542783114867 -0.016193529007755933
-0.0035837278540490156 0.0042158171195155929 0.0046227341600647504 0.6982420499468136 -0.70473905118300717 -9.8054507083406128e-05 -0.0047901117847978375 -0.0039558313186631722 0.089044331003109572 -0.087196434661278577 0.01334949605287466
0.001416629400287176 0.0046262451836301408 0.0034332678833857077 0.69964376968810527 0.41974853227770786 0.0018505635705512347 0.0029137851564827633 0.0012762749687809172 0.084476092420203 -0.57189036828471118 -0.0081376741725868035
-0.0061715229559874581 0.0026038219984724758 0.0013352269245551249 0.70796935813266593 0.27750175560231338 -0.0028802387170947207 -0.0024496059816122902 -0.0042376623075392932 0.080046081162421082 0.64423044256791995 0.015906627556910077
-0.0040129639767989391 -0.0016482872888569321 -0.0013070834098405917 0.4264283024635841 -0.4273697210986202 -0.0053373466088626996 -0.0053468107012850773 -0.0026228758424415915 -0.56561383123683429 0.56117901440036511 0.024262063540619341
0.0036378580415903951 0.00047316775983197417 0.0008346912643507644 0.41805619712729564 -0.28508104349798408 -0.00059177835074042016 4.0371716678556355e-05 0.0029329658922997727 -0.56113572972576931 -0.65501394483715547 0.0042580332051906115
0.0014576382758542594 -0.0004121608658859181 -0.0021248613870939901 0.42745500498323963 0.6971861224933088 -0.0032995465251418939 0.0023670935395626964 0.0026398563238436219 -0.56963707306850164 0.075991684129105022 0.030369880545570882
0.0039183282037481143 0.0015013263534755796 0.0012435494669207749 -0.42635874219703734 0.42730658409936312 0.0053189171013579865 0.0053119510651844946 0.0025658291489947488 0.56553859695349029 -0.56107459365736334 -0.030107423853857746
-0.0036405958517773921 -0.00047866062233536391 -0.00083609886611211136 -0.41805429314147702 0.28507889692668581 0.00059102823388606487 -4.1362588409389323e-05 -0.0029344908518464685 0.56113332431365637 0.65501685027737455 -0.0044502059726355611
-0.0010751317652520959 0.0011025613135343647 0.0024372384922496928 -0.42776582887630044 -0.69717579330608348 0.0033702227097739388 -0.0023895960737537092 -0.0026610596257456956 0.57011185887156235 -0.076389729931078162 -0.0081807651721372797
0.00039030749387428462 0.0058046105783766521 0.0059008965799542453 0.27184050482782152 -0.27739521775553194 0.0052290741638919272 0.00054525165766897892 -0.0013654851643113339 0.65463078362499871 -0.64832980060568357 -0.013545050327020695
-0.0022063899037894868 0.0041755719497022763 0.0026076188473133544 0.28157510908655248 0.70483875884307001 0.0024458983400204026 0.0028793305856638987 -0.0016510504040883349 0.64562531984837368 0.083105717571721777 -0.011535418879053152
-0.00725894985334259 0.0036880172244691985 0.0037666965269681401 0.28021039008835968 -0.41968007505996097 0.0004890492830926669 -0.0048436401659586598 -0.0069059200977030057 0.65014728021054435 0.56785385344937189 0.0070294710557654537
-0.00041437033953333906 -0.0058389252596240072 -0.0059165836050376775 -0.27182599209326563 0.2773828262807238 -0.0052367246618553447 -0.00055164490724122063 0.0013520675426428941 -0.65464604307795859 0.64835394381352152 0.012095169879146352
0.0021151353722481617 -0.0043196348078733343 -0.0026805059225309714 -0.28150089398478201 -0.70488562162739765 -0.002463292137597101 -0.0029086975474457003 0.0015822445828224622 -0.6456973098528318 -0.083009699826954927 0.0055254782748420861
0.0072243631845317286 -0.0037382304221922672 -0.0037855745302048543 -0.2801879071075587 0.41966071728018051 -0.00049348008570866166 0.0048313202941525314 0.0068901734144043636 -0.65017755431051028 -0.56781810382814535 -0.008933749811132102
-0.00099406229981930739 0.69348864141145683 -0.0095291107482655714 -0.70306625150035185 0.0010986469676821714 0.0029567326136134969 0.087446938981712116 0.0045230705592467597 -0.090970434425704877 0.008866222321440265 -0.092994374494962576
0.0018484653812325506 -0.42979107730772464 -0.0048929038274204391 -0.69881536923384457 -0.00051216045042505522 0.0031396715351408909 0.56574440406934978 0.002212661116681528 -0.082385151520811703 0.0062028218096597445 0.0013481902368229677
0.0058591982589577766 -0.27929443393813597 0.0044320308915004394 -0.70212972121402362 0.0059309916897317847 -0.0036931593418937209 -0.64962341017490255 0.0011790822986847054 -0.082923062840242215 0.0018295730060760229 0.003759999754778275
-0.0006283375568060085 -0.69763549364727384 0.0089315350000067264 0.70490837742114765 -0.0020693978517574482 -0.0016800906262556148 -0.088202305667129791 -0.0035250498332164743 0.088262502671651019 -0.0068269090469894591 0.02631874695275686
-0.0018543069656583404 0.42977994881708709 0.0048897252565168739 0.69881894428959179 0.0005085193718671571 -0.0031399703763286377 -0.56574887329165868 -0.0022148626934796124 0.082376933575305303 -0.006197152903134228 -0.0016600260637611931
-0.0058587376048321559 0.27929466725762081 -0.0044320831670363568 0.70212954025938557 -0.0059308813754383747 0.0036928802985828502 0.64962362009764651 -0.0011793523717570694 0.082922921115517939 -0.0018300691668580982 -0.0037440606316900943
-0.00071908176651325326 -0.42676481735478988 -0.002743156902356467 0.42723618318423273 -0.0081124363773737093 -0.00033908160974345958 0.56332229866164718 0.00089173755098604756 -0.56350183056164393 -0.0045432657347825893 0.019475733168392791
0.0033572037274482319 -0.27617228242787295 0.0066194045106019155 0.42387388389773162 -0.0016280962870343298 -0.0071562323452572692 -0.65202163459469475 -0.00011307731812414255 -0.56398590224758394 -0.0089839420651482808 0.025647950427296135
-0.0018765100257209948 0.7007556990303393 -0.0067432431054268568 0.42109718533773455 -0.0054907742423475799 -0.0017877971407464349 0.085803000461384449 0.0022337091264927511 -0.56932661170107002 -0.0039858667542817241 -0.0045222859091224865
0.00046926280207473548 0.42640128133796368 0.0026022047224967685 -0.42709400595540237 0.0079924730177372803 0.00030213946038134604 -0.56335567392840713 -0.00098286383331098667 0.56328394454582431 0.0047857678815013465 -0.031928163651514074
-0.0044892431461377958 0.27379128405238329 -0.0074006253537780764 -0.42296612573548303 0.00078467407583846264 0.0077475873474385469 0.65115217970443007 0.00060716860954553432 0.56277736093962194 0.010575527097892792 -0.071921459435863561
0.0018639938251981043 -0.70077372912143621 0.0067357408414890612 -0.42108755449396451 0.0054830166753637938 0.0017858011508131793 -0.085807230278196506 -0.0022382655598969267 0.56931602944143156 0.0039984856398178111 0.0038386092729937936
4.5521449557005032e-05 -0.27093930927324084 0.011646920934461518 0.27770607029607941 0.0060150793270333427 -0.0013481697772524585 -0.65154309128947552 -0.0044378398792997873 0.65172606605106764 -0.00223565491952264 0.0041976276125668018
-0.0052366716622171362 0.70591070287766855 -0.0017494331724512021 0.274960748228882 0.0021200377546563768 0.0040184296274732231 0.086260952574830477 -0.0021104292352273194 0.64633757179635243 0.0028127324777123815 -0.028809145815595801
-0.0039719714847806301 -0.42144468173616045 0.0023186775676900602 0.28102474246764481 -0.00043226229990338624 0.0054822119918185681 0.5638242180011328 -0.0034071514342011505 0.65225928890814822 0.0021448182023390038 0.0013936777152666216
-5.9861113043119165e-05 0.27091650706780901 -0.011656689782853301 -0.27769510554252075 -0.0060244006940600716 0.0013462532511939144 0.65153837277556292 0.0044312800169282324 -0.65173880047907218 0.0022515782719345488 -0.0050264956072174514
0.0050966063099922108 -0.70611711836765179 0.0016599185455194658 -0.274868780640458 -0.0022052710541842751 -0.004032949891211105 -0.086309799090468542 0.0020507252924832648 -0.64645010019038529 -0.0026782530955455149 0.020914539861587773
0.003973371559730301 0.42144697832545364 -0.0023176158405478022 -0.28102587470326562 0.00043319258969450747 -0.0054815467111898348 -0.56382345524517008 0.0034082220743324901 -0.65225815451806668 -0.0021463058208076812 -0.0013025921869502322
-0.002956048729860336 0.70185167093553202 -0.0043084337937178601 -0.0066661403860790967 -0.70266922749748528 0.0015820750517785047 0.083412708944502617 -0.00043019869531666754 0.00078101438534662225 -0.080370975744425477 -0.012960660020445079
-0.0017497697205538171 -0.42559583179159022 -0.00027922207036531154 -0.0005630593512055542 -0.70526022944967426 0.0030386082750878431 0.56095092100894428 -0.0017487746939304357 0.0066476433752776813 -0.080979677495606889 0.013878528727680849
0.0022818135306329253 -0.27506710063123863 0.0090577185959200245 -0.0038924359392251955 -0.69880299604833418 -0.0037897376945370941 -0.65441146722847987 -0.0027735773389638979 0.0061269927451103696 -0.085376888992125616 0.017518172571663625
0.0029414878780110515 -0.7018714182931558 0.0043016188189910539 0.006675628946947355 0.702661306025673 -0.0015839932812926644 -0.083417450449570607 0.00042490404159391298 -0.0007928637192044539 0.08038545839140819 0.012176605802588858
0.0017559337130432973 0.42560557325823561 0.00028324595974997866 0.00055811395652948458 0.7052646839831177 -0.0030376334061375434 -0.56094819065371582 0.0017516570647254719 -0.0066425642199395684 0.080973013503018304 -0.013499104526549718
-0.0014581207327914293 0.2760403385749236 -0.0088830398490819147 0.0035916520502952002 0.69860421118714733 0.0040591518506365391 0.65428490428362751 0.0025497593631790372 -0.0051351985590270969 0.084035286586770438 0.021446200073428852
0.0032493350957384123 -0.42518732790065511 -0.001468824434059374 0.00083959915695724387 0.41922570953462057 0.0049883124435632321 0.56865444641023044 0.003481948106199703 0.002078951345081344 -0.56567081384504059 -0.0077098499847389904
0.0072639840880745045 -0.27468444902325018 0.0078576571520195294 -0.0024775119544525703 0.4256716948247668 -0.0018429036885551412 -0.64671423971596498 0.0024502452917984918 0.0015432469704516295 -0.57004828726170509 -0.0050275356746276485
0.0020443659526555662 0.70226032538129224 -0.0054977102516181441 -0.0052640929674967621 0.42181732727925009 0.0035322717038020865 0.09111724011089703 0.0048008000960759988 -0.0037865752827388336 -0.5650626299138588 -0.034503230711116099
-0.0032534889425260101 0.42518213353005779 0.0014660005052327685 -0.00083677860472184654 -0.41922812013180999 -0.0049886569074807721 -0.56865543916217454 -0.0034829554970637164 -0.0020823114231634612 0.56567447050870157 0.0075188629286322712
-0.0072787109952889683 0.27466327820205599 -0.0078670656722754397 0.0024881530057132618 -0.42568077080604899 0.0018402877206045122 0.64670861848028283 -0.0024557697744468552 -0.001555613550037004 0.57006422214203201 0.0042203946699735642
-0.0020642414163612229 -0.70228873800352609 0.0054870083169123373 0.0052779592169514339 -0.42182910795535328 -0.0035365017744515997 -0.091123631725448184 -0.004807709695745851 0.0037685550873611823 0.56508256204548157 0.033419542742656308
-0.00030995950160081764 -0.27668707370119666 0.0057683849964161888 0.0058378983433448649 0.28343428148929795 -0.0065727171381211045 -0.65207239802847461 -0.0030575217476320636 -0.0028739060342704045 0.64605857660859767 0.019771566959806426
-0.0055375653703407576 0.7002461512582725 -0.0075929566865627395 0.0030572347029109159 0.27957379452737097 -0.0011992447878344777 0.085754343081708623 -0.00071035592957649453 -0.0082111103401994578 0.65105307020830328 -0.010143177233012503
-0.004565096995873168 -0.42758241268827757 -0.0037052783290550985 0.0093950098378119597 0.2767206204511356 9.9919864936944553e-05 0.56309470357734592 -0.0022349003113229645 -0.0024916322197448184 0.65068364909235121 0.00027162728769880801
0.00028374300617214898 0.2766488546571817 -0.0057840306622874271 -0.0058204213971340671 -0.28345031889678612 0.006569172831279245 0.6520630292106725 0.003047084052594475 0.0028530850941646665 -0.64603171374562096 -0.021217140056472197
0.0054719313523484163 -0.70034018216307314 0.0075480597101422898 -0.0030034226928173837 -0.27962384806134177 0.0011902273616264062 -0.085782786247043427 0.00067543550935547398 0.0081603011859796171 -0.65097989342966511 0.006018772418646361
0.0042687897796530976 0.42709681888284862 0.0035221753001448901 -0.0091152256423320289 -0.27702638682668446 -0.00026867175655455436 -0.56330989112740248 0.0020008729467785404 0.0022927492132130954 -0.6503757010988872 -0.02037288100670509
0.063880072987809955 -0.049273168493522028 -0.050631566488975703 -0.043869946249998855 -0.048364571860835252 -0.5692856389690637 0.40618167472633587 0.4042251361809821 0.4086109643272155 0.40893986058113507 -0.0013599780583519647
0.068197669205643879 0.37790702850082064 -0.047076578334494128 -0.05302063530088278 -0.32535644930310931 -0.56954453700023078 -0.15711539863443871 0.40624840619579583 0.41094386043165804 -0.24148989378537219 -0.018839420045296949
0.071134358685250296 -0.32397405943202334 -0.042781379685324618 -0.046340637591623303 0.3773002748794721 -0.57112929829980885 -0.24053479619381563 0.40667027388251692 0.41014561006283784 -0.16109767367954023 -0.0070182711816985672
0.067836062690778687 0.37214797334501581 -0.052960206797122808 -0.32488425408353766 -0.047941596645507185 -0.57476949438263636 -0.15764709185924775 0.40762522672221735 -0.24366166192581587 0.40681182171963254 -0.0036646011097415622
0.073340916719505822 -0.32814836084230814 -0.045388493828015943 -0.32791676855267421 -0.32753803680779259 -0.57357479700065339 -0.24341261814747597 0.40831842033939075 -0.23547895602277732 -0.24420560250595591 0.004547234793029163
0.071102627831320139 -0.053012615127930054 -0.05441890980092022 -0.32405713307885958 0.37129479407034982 -0.56977875477202911 0.41101382405992581 0.41111445152052789 -0.24156747158588748 -0.15887726778521688 -0.010377709360862089
0.067208977255200197 -0.32548499928114627 -0.044028614715455522 0.38002425034286691 -0.050008298016737555 -0.57645002611178364 -0.24584957854538025 0.40409973939594818 -0.1554009928788421 0.39998208034081772 0.022722423940294893
0.067505969413861666 -0.048818494696744735 -0.049805364780435152 0.37419514168098972 -0.33345217878882299 -0.56987910149240684 0.40621920034712222 0.40715213441065129 -0.15253588832236112 -0.24606049236860827 0.0021707088442154379
0.069344914966074159 0.37690976758089362 -0.049472984038819161 0.37468956130281078 0.37186792336561153 -0.57288837065466791 -0.15469431948248377 0.40894183953779384 -0.15910048183388448 -0.16517719812315404 -0.0065877164147365832
0.064324226294527803 0.37599946698852427 -0.32887144184281236 -0.047890543160396905 -0.043921184790725973 -0.57347050355706986 -0.15975124430610382 -0.24489428149090103 0.40541174946003489 0.40421129557520408 0.00049919279165447654
0.069515482955097699 -0.32200207855505641 -0.31706697414897406 -0.052140877320875557 -0.31877588751604302 -0.56834637035420643 -0.24500697359650436 -0.24087688382559477 0.41483914864042959 -0.24821873900365451 0.10882236344518716
0.067537045671987386 -0.049240178994980899 -0.33036332346048719 -0.047023857468945669 0.37528115291219494 -0.56849043661579501 0.408889465448804 -0.24142973388320624 0.40746158679944694 -0.1614218680803878 -0.0092080264438551204
0.069369179512364695 -0.33021145357361859 -0.32724088554424097 -0.32269072077142946 -0.046167764990869053 -0.57752640965527002 -0.24608205571037015 -0.2428798445697905 -0.24108953119591461 0.40160621598412205 0.017478164520865508
0.068483762459660022 -0.054918892400495647 -0.32693953555951644 -0.32611479973084717 -0.31617365512829176 -0.5634381993357418 0.40727948130508645 -0.2359385569071803 -0.23944124858627588 -0.23803557603994099 0.16151952464274175
0.071508494244718765 0.37220282904379726 -0.33268193513896654 -0.32804809940083929 0.37571353640807997 -0.57397373519484485 -0.15493558209665209 -0.23802136424809828 -0.24479821919802397 -0.16356642884932954 -0.010625651666976219
0.063608003126980311 -0.050759176065439997 -0.3316139593972201 0.37934329863265509 -0.052031401969642635 -0.57381125177815173 0.40357305859308762 -0.24399974618510753 -0.15808642597347836 0.39966412795222162 0.020296039790084781
0.06962378798332107 0.37811437136565673 -0.32123978609516718 0.36887034075379316 -0.32390011987272865 -0.56979125959456711 -0.15996886929428672 -0.23947452602759764 -0.15554593978429629 -0.25271761303998014 0.11112846443620097
0.070909319259393561 -0.32538740363443258 -0.32373244831020159 0.37683686079103595 0.37366598323189515 -0.57564554362250575 -0.24312642069742602 -0.24153257939425538 -0.15651203469566619 -0.17042429665446393 0.017413445856953126
0.068000627300886046 -0.32046450803753895 0.37928935085055854 -0.047489667251473015 -0.042280094329549649 -0.57554340950326999 -0.24051312779842654 -0.16392665872441614 0.40624923602801222 0.40397006621002068 0.024002932330875897
0.067876239657818596 -0.048788857931676505 0.36960782971140949 -0.0524258036154878 -0.32650450293563577 -0.5672033692572469 0.40857101795541345 -0.16260267439180226 0.40706233659240226 -0.24153853921183596 -0.088986965336317628
0.069510020300292519 0.38037895161957119 0.37298561932968588 -0.052084871775732365 0.37833797703127092 -0.57239487436811576 -0.14983583319603902 -0.15968323614161653 0.40143868017947376 -0.16031007031359537 -0.055423295450573264
0.067705046723718312 -0.049907356348585771 0.36747232994188295 -0.32500097514842768 -0.04857464671991852 -0.57438886607058259 0.41090820250933041 -0.15963244271018273 -0.24569552504064548 0.40653190244207726 0.0043730032052451745
0.071007790910064178 0.36884593276378841 0.36285350197995903 -0.32962085341425063 -0.32392848647840328 -0.57162510617455597 -0.15569987988250164 -0.15896204111467835 -0.24763842708344455 -0.24373797437363851 -0.12910732131395955
0.074968637114656456 -0.32459506880401906 0.37533042963759833 -0.32747613152995037 0.37709642747601085 -0.57623184831929464 -0.23580657047134276 -0.15718232926968673 -0.24415376164704042 -0.16351330954735901 -0.00080805522581634253
0.065871092479623791 0.37990376634956524 0.37237382868867969 0.37380465949376296 -0.048053556654130962 -0.57752502578835285 -0.15483250558998413 -0.16183964041651619 -0.16329824968974008 0.40031405623966287 0.0038470828283329625
0.071398712199790437 -0.32035918495412213 0.37996034919925614 0.37075446480888413 -0.32763485603584619 -0.57632770421009971 -0.24059043549422443 -0.16113366500883577 -0.15509716948819774 -0.25072728355642115 0.013346778239422092
0.069146049340450627 -0.045244775562572545 0.37091971725290146 0.37462473855632317 0.37118783171929337 -0.5725319070937418 0.41383188623707157 -0.15834681172704423 -0.16119880011007301 -0.16538434517619474 -0.0024153810731395568
0.4599049081290919 -0.32502213536909141 -0.042330246189187924 -0.041505620369907605 -0.045809728242690348 0.3461239769246176 -0.24882864485907311 0.40030341057117913 0.40699747947435344 0.41185830340970259 0.00067581584861173727
0.46019115593173976 -0.048369206282588076 -0.048113495901389844 -0.047327314583715398 -0.32925884895837398 0.35269409805324486 0.40323555586112492 0.40335136288094858 0.40985202164470252 -0.23417548862269116 -0.020424145190991488
0.46232259039429813 0.37797760559035387 -0.047903246143732627 -0.047003064029200195 0.37602991097262428 0.34941997610240877 -0.15768464995052445 0.40473247845982174 0.40383720082480429 -0.15369646199004403 -0.0037435638155964251
0.45991534001284917 -0.054000816389138222 -0.053945177563713628 -0.31924463360530408 -0.051792065114969053 0.34747560593309901 0.40272857584700889 0.40475499730568287 -0.24467980973038142 0.41403806914031543 -0.00046175723009340785
0.4641748538458178 0.37309301525031929 -0.050425153961295641 -0.32836068624395504 -0.32881896248081627 0.34721326697318561 -0.16058435718517947 0.40676344502716899 -0.24239690569775343 -0.23633261425579019 -0.021159095469663936
0.46716319433229303 -0.32870320925035812 -0.046096648453492574 -0.32171810702055847 0.3738753914567724 0.34563733661545504 -0.24398571593784743 0.40720332341817833 -0.24314759854634113 -0.15599940803611742 -0.006098010795470365
0.45799153768216355 0.37567702397015418 -0.04909572469751363 0.37961653087550951 -0.051323765842820279 0.34433061470217746 -0.163039500952991 0.40252109862450647 -0.16236279425416905 0.40791111408495351 -0.0059544565265964968
0.46232595936466703 -0.32533870462554682 -0.042525901927783751 0.37681031427205947 -0.33171464874995005 0.34549211927138668 -0.24912303164306765 0.40105954182344766 -0.15455661579556362 -0.24056881624317758 -0.050432259537988931
0.46194781209876107 -0.049338177183120557 -0.050401049645032683 0.3795267894499742 0.36742986162581492 0.34940443196929077 0.40508322739028618 0.40566887072718227 -0.15941474783629381 -0.15834501180581848 0.036811612002853995
0.4562767863255684 -0.050335974924071401 -0.32993254724301857 -0.042166481599811116 -0.047847898300351799 0.34875853665231132 0.40058313066407636 -0.24780881072875249 0.4042866614509138 0.41156735905872915 -0.0033016376731212884
0.46045721523999544 0.37665011654745501 -0.3264438609648237 -0.051240781535788406 -0.32492113269307932 0.34848613636115638 -0.16274850981804478 -0.24583901041069281 0.40650206175875503 -0.23871771206590492 -0.027428673353180225
0.46350594401922662 -0.32506726915231698 -0.32208958150161515 -0.044622806839825578 0.3778032920059966 0.34691319270039039 -0.24614075649331008 -0.24537611624185329 0.40580006224437049 -0.15844514984655009 -0.010161683223701413
0.46024752470200336 0.37110696063434123 -0.3322514562293758 -0.32319114042585073 -0.047416386649878399 0.34327652956404969 -0.16324092856575537 -0.24440205834097462 -0.24797382753610647 0.40942358539050072 -0.00474853539675939
0.46578206457057586 -0.32914375316773947 -0.3246606932347561 -0.32624609530732018 -0.32699239138428893 0.34447496728689952 -0.24899649885179234 -0.243693081616073 -0.23976513210416453 -0.2416264628793614 0.0052067192210500579
0.4635545911252274 -0.05398841649502354 -0.3336875517531549 -0.32238707817154388 0.37184369271628742 0.34826437324222931 0.40543502349476862 -0.24089775618082379 -0.24584384841602833 -0.15631465694004287 -0.009111481435532337
0.45982121105849666 -0.32623136171196676 -0.32315389482343582 0.38150187529806773 -0.049307006517136764 0.34163082048229088 -0.25133930072203187 -0.24781844724928542 -0.15950384477078181 0.402324220913721 0.033629620733651028
0.45990701252419697 -0.049873498477372366 -0.3291025996627468 0.37589495760395814 -0.33293407774797196 0.34816489477239915 0.40062052849972668 -0.24487920077642616 -0.15685529608906343 -0.24343838195360304 0.00052829763391988376
0.46166473340531816 0.37573402017256791 -0.32881778260584027 0.37645265537279682 0.37233193761937727 0.34512805592742074 -0.16032674351742823 -0.24312560642739256 -0.16349680891068227 -0.16246675818488038 -0.01288635454244186
0.45851445944055114 0.3802904660906386 0.37404192285971133 -0.047687701012408219 -0.04388167400145504 0.34504187699953165 -0.15783524045788802 -0.16565847867045394 0.3990511395291918 0.41224009624810704 -0.021077789341660453
0.46412848434015236 -0.31983621149384894 0.38168146752894327 -0.050804802646085653 -0.32340473009793086 0.34625318602585387 -0.24355718829307518 -0.16491379371410614 0.40733031026382699 -0.23889014774018277 -0.0065300274340997977
0.46135145155369439 -0.045668855324387622 0.37226373167826005 -0.046578723305850556 0.37497431212449717 0.35001819158675596 0.41067886680564936 -0.16220683159109436 0.40067919876775648 -0.15301071725943124 -0.047713451383432651
0.46372267834173453 -0.32566746913312222 0.37577026776950284 -0.32263149620660642 -0.046024254315398007 0.34101991723328878 -0.24410545072574194 -0.16355564063116093 -0.24731555672699054 0.40945787161533159 0.0060110596074593866
0.46404297143582562 -0.048963098441759549 0.37000669181143836 -0.32847635281184467 -0.32945274427926891 0.34759413902941649 0.40797097171985292 -0.1604945561042293 -0.24443205554214967 -0.2366124079140566 -0.013152773428063593
0.46550568204297027 0.37616767617030311 0.37006349456591381 -0.32761437422710071 0.37556785459288033 0.34452207952283948 -0.15307457219635251 -0.15879294047140771 -0.25139793687138279 -0.15527543480230777 -0.042650774725272865
0.45786305983813957 -0.046374799940100492 0.37133741799493364 0.37949894673432494 -0.051955886293142295 0.3447124112493582 0.40551759465961124 -0.16473615830747526 -0.16439264902773945 0.40762917367657137 0.0021907719390695988
0.46219559323847093 0.38082788295702058 0.37490159081549829 0.37033758979448184 -0.32893876358166596 0.34445604981982852 -0.157775382562165 -0.16270591039845786 -0.1620467460194705 -0.24281618667810626 -0.014436428536694123
0.46514084103430253 -0.32103759120055431 0.3792056871023573 0.37701015550266526 0.37372570322173326 0.34287216263382281 -0.24119035274186335 -0.16228057512000241 -0.1628367217245851 -0.16243539018462852 -0.0020508909998436628
-0.53492712055537373 0.37438825044041629 -0.046260069946508157 -0.048381574869429851 -0.044193444579176275 0.22805821586039982 -0.16483160517605219 0.40204360316594584 0.40096272120951998 0.40700772389753304 -0.0026691533176142778
-0.52935497300266687 -0.3258031560457994 -0.038645303227548285 -0.05146272312214463 -0.32374730866361168 0.22926301245509748 -0.25057587731718062 0.40276472876091779 0.40920511320815584 -0.24408039739289866 0.0093879653825034246
-0.53147005193352059 -0.050486974974216031 -0.047597850425854696 -0.047648460550871789 0.37512705031833649 0.23307192904415108 0.40386377496116987 0.4055589510532398 0.40321964271447808 -0.15887194907667826 0.0012256138468600558
-0.52994234379068861 -0.33181642505179981 -0.044717444062118077 -0.32318545523931269 -0.046502804338282008 0.22397964913773916 -0.25120452051252318 0.40399589997363966 -0.24559021268983364 0.40436735706249877 0.011712371852423823
-0.52942035382311314 -0.054893795921487472 -0.050304779998974855 -0.32915362068488918 -0.32977501297795009 0.23060850087566898 0.40096034485972665 0.40719443680259171 -0.24253809000761692 -0.24182339768250988 0.0040564863398074623
-0.52738671752481414 0.37105806619511073 -0.049933889599671662 -0.32865177787785183 0.3756077875617323 0.22754920309593832 -0.15992998927086916 0.4089725340284599 -0.24900595074268034 -0.16112276560232014 0.0036446113728392212
-0.53577288603234408 -0.052590564994177101 -0.049111369516302732 0.37894308540256094 -0.052399547446848299 0.22767517273880386 0.39844616490135054 0.4028661639166542 -0.16256375752284757 0.4025080806629121 0.0094836179438210766
-0.53125688023369499 0.37491264674088581 -0.045405110696123949 0.3696533601818332 -0.329256081857212 0.22747105984065805 -0.16478253693977771 0.40498704237327754 -0.1601441365983273 -0.24803906349975524 0.0033827153056383806
-0.52828040194715331 -0.32690484103219625 -0.041083166033591849 0.37630401871254943 0.37342980568164225 0.22588874220623686 -0.24818522504755011 0.40542700255876923 -0.16090860938166479 -0.16768798254589989 0.017525888611394591
-0.53317990492886447 -0.32765195678641224 -0.32039525073607866 -0.046352599666027623 -0.042280997255454686 0.2253368148727474 -0.25319752674326795 -0.24834858511594901 0.40370460969325705 0.4015793411123405 0.0311119713989578
-0.5329910105967236 -0.051129703791394615 -0.32625210142482369 -0.052117172670098855 -0.32579127518902401 0.23189554883615254 0.39883240027591182 -0.24535117966353714 0.40648720779429615 -0.24436286626954659 0.0049655512012929965
-0.53125716660833022 0.3744435793301662 -0.32598108013218036 -0.05154456955618919 0.37946012415447083 0.22885594769074386 -0.16212339353530189 -0.24360631490225299 0.39982588148667636 -0.16336702085959792 -0.0097334758064730759
-0.53336390630765207 -0.056904806142775079 -0.33214429132344875 -0.32397108436454725 -0.048383564217757052 0.22667025167746005 0.39829557986627945 -0.24397756919475391 -0.24812712514163651 0.40395288443503075 0.019439499876041128
-0.52901301950667612 0.37032486347420512 -0.32856668338367317 -0.33314691078966518 -0.32535485960589938 0.22641484359347586 -0.1649885007026182 -0.24194026207573432 -0.24576702654933161 -0.24651399047258918 0.0039307000866578012
-0.52604596097830525 -0.33150799894131128 -0.32424940808925279 -0.32648919358932449 0.37732286702840212 0.22483390405660766 -0.24839721994257888 -0.24150512307134991 -0.24653896094430169 -0.16615426327248778 0.017543921785127019
-0.53514071557124121 0.3729939216460712 -0.32720041855906667 0.374790470602759 -0.047822866084762133 0.22353983689934434 -0.16742324634556799 -0.24615714740754085 -0.16568166122784206 0.39767021005638903 0.022337401848808194
-0.52965981762346348 -0.32776529542103644 -0.31985114667353781 0.37183514811018331 -0.32803580268246624 0.2244193492295177 -0.25313695919559193 -0.24605998290615017 -0.15783014703458972 -0.25289906855638383 -0.00077050360043682891
-0.53191391995467052 -0.052228703252799984 -0.32868812779530354 0.37564704523114872 0.37138574864568163 0.22852418974470379 0.40122325349034227 -0.24268921581626132 -0.1636236250475083 -0.16797552349827533 0.013261032834270136
-0.53504290599969029 -0.047640566408887766 0.37418305576081057 -0.048508650343514738 -0.044817523067878763 0.22844195701836342 0.4037266492157654 -0.16521052083097351 0.39894412044752614 0.40671169758077091 0.0062079808123322207
-0.53071485714817845 0.37955382736108945 0.37774422271036712 -0.057665949087122664 -0.32180369553451055 0.22818464638943176 -0.15956766008019996 -0.16318295850432596 0.4012854591545571 -0.24372791849258277 -0.010718567241713686
-0.52718169709217844 -0.32185685251407725 0.38219848444266197 -0.051147922507279862 0.38103400265973164 0.22647814228550234 -0.24283270799544945 -0.16266478383441982 0.40076040029281224 -0.16376913727848741 0.021442677015199234
-0.53108110973986122 0.37378752789380831 0.37185806000810806 -0.32952591402847781 -0.044392576143901651 0.22295907206121027 -0.1601015676742043 -0.16180665228385224 -0.25332414835231243 0.40457862638080894 0.0042013891126034802
-0.52554609096118554 -0.32646260028291335 0.3794495691341192 -0.33258104547642575 -0.32396788564172369 0.22415680022380691 -0.24585694547866449 -0.16109898904853226 -0.24511490655510226 -0.2464720565850273 0.014197659898828673
-0.52753508427823981 -0.051020993373739457 0.37049926313322884 -0.32882069971596856 0.37489249379411055 0.22789960239940352 0.40863533342016178 -0.15824533423464388 -0.25104648321834372 -0.1613201904792077 0.012460487582043973
-0.53180323142480002 -0.32397319518817502 0.38070635903840194 0.3754363470006577 -0.046514519562133975 0.22127446890870042 -0.24833393112710631 -0.16536389494414525 -0.16511305525457037 0.39782905026274673 0.025800870425407036
-0.53140182800785629 -0.047163445378408594 0.37501967836551398 0.36954630794708737 -0.32989688718645299 0.22785002580548638 0.40376785524689651 -0.16227636750854116 -0.16218913369854132 -0.24830469555111256 0.010641709980895038
-0.529657850166806 0.37842184697457015 0.37529641712891221 0.3701138608468838 0.3753595245832092 0.22481069227200354 -0.15718509206175069 -0.16052973484999067 -0.16884300386492854 -0.16731753399671334 -0.0036208643655789787
-0.063884970942155048 0.049266118445188696 0.050629224877614676 0.043873419493268825 0.048361191875787427 0.56928471644214973 -0.40618313977064485 -0.40422753267216965 -0.40861420466387471 -0.4089352757734766 0.0010964615219033098
-0.068203807972663816 -0.37791504561877826 0.047073764582207953 0.053024247045581618 0.32535325345091232 0.56954330550908772 0.15711379670813794 -0.40625040666467682 -0.4109495227301585 0.24149535163366606 0.018519699806060243
-0.071146593834512092 0.32395588966903177 0.042773186825392329 0.046350215900024978 -0.37730854741583936 0.57112701091178486 0.2405298804285565 -0.40667524937838589 -0.41015705005249692 0.16111166865551269 0.0063163155838743597
-0.067825479146438106 -0.37213143569983631 0.052967831764558708 0.32487558140313633 0.047949574808961032 0.57477092063365187 0.15765072932688623 -0.40762024121622104 0.24367138588137544 -0.40682315041174755 0.0043078885193905949
-0.073362395487662185 0.3281157075218723 0.045374696428337066 0.32793283845724397 0.32752366561778712 0.57357170140325398 0.24340548832196107 -0.40833053753722898 0.23545973789943017 0.24422890779091183 -0.005820343435228627
-0.071079894783647596 0.053047812022119195 0.054433197650514034 0.32404105784377518 -0.37127930691230687 0.56978177002702091 -0.41100579340496624 -0.41110434356527897 0.24158753179738929 0.15885352646787224 0.011699868542533142
-0.067191617971261913 0.32551260338404697 0.044038511602637352 -0.38003650588324273 0.050021619175119783 0.57645104057133023 0.24585574488919348 -0.40409205433875334 0.15541472700020223 -0.40000234619968061 -0.021695175390472658
-0.067311184827740872 0.049029608357853652 0.049886339599467505 -0.37427456815886995 0.33352959462269494 0.56987856072042431 -0.40616392609976743 -0.40709999381123962 0.15265591222220112 0.24586538427761395 0.0062035188399670038
-0.069384532336539739 -0.37697344247333087 0.049433317507837825 -0.37463803102734616 -0.37189962667591775 0.57289265609032713 0.15465343132929049 -0.40894404907437759 0.15906449173403314 0.1652176215352836 0.0035890604339919945
-0.064188416446093965 -0.3757937687665181 0.32894838261759513 0.047792035998011677 0.044008206411394676 0.57347775725302097 0.15979945543694399 0.24493738156209627 -0.40529999239279618 -0.40435287202620679 0.00740252183024154
-0.069690230487791674 0.32449172805929338 0.32138037819910709 0.050822783630326523 0.32360500867035646 0.57227737700031633 0.2455490861151737 0.24422381245131486 -0.41348572126687777 0.24667136819383848 -0.0012882806178136942
-0.067597659814833844 0.049152825186952402 0.33032389632624348 0.047066420845238391 -0.37532242073787198 0.56848056266164815 -0.40890470825801623 0.24139961654888231 -0.40750799737065468 0.16148026803314394 0.0057342728491407381
-0.068961898675893765 0.33067208684284083 0.32749354721651336 0.32243516417655188 0.046538601617419906 0.57726622972738562 0.24630531477397691 0.24260903942825202 0.2412180156045276 -0.40194444030890208 0.0032725033531484211
-0.069733168294512177 0.053431057260204598 0.33297723474952706 0.32859347080409995 0.32956186488299605 0.57093733596605978 -0.40600585609437073 0.23978194149222551 0.23816981568375992 0.24452029827638663 -0.0018063879004186312
-0.071509083658795713 -0.3722032172822376 0.33268181385718565 0.32804851831611131 -0.37571458662587115 0.57397319180064621 0.1549348750418254 0.23802140519901313 0.24479783563406199 0.16356687162266689 0.010602555747132748
-0.063588915848250632 0.050790387056065936 0.33162646377955984 -0.37935815889064817 0.052046097471800626 0.57381441465832861 -0.403565807981979 0.24401045578898348 0.15810202054506212 -0.39968471925263782 -0.019123175086535833
-0.067825038348867384 -0.37628137343635604 0.32811639673708637 -0.37025137710142547 0.32907990631100287 0.57407099757888269 0.15975643429507203 0.24200235373980292 0.15584296951126086 0.25066444635922891 0.0027553215374027961
-0.070851550015646123 0.32547701513691524 0.3237684770120442 -0.37687894642702441 -0.37362703105778833 0.57565712307539685 0.24314798279531655 0.24155937431371502 0.15655989876087348 0.17036215498539192 -0.014020813787188054
-0.067753819696117296 0.32084274658821393 -0.37912166813694242 0.04729797628160283 0.042557450582297499 0.57573668255523081 0.24063478194408933 0.16406838399348109 -0.40603288152673284 -0.40429300573967586 -0.0087224737799470667
-0.068091509421524768 0.044119878017995856 -0.37336568234443218 0.053149667779512751 0.32597660735986311 0.56916203718273495 -0.41144639680644057 0.16099999344710555 -0.40892403323245319 0.24179109350435055 0.0096465779857677278
-0.069810395995349189 -0.38143781327156423 -0.37363186128765707 0.052571763700773669 -0.37926757078547169 0.57220290434543386 0.14951179336151657 0.15926218941584264 -0.40225870159026539 0.16078487165866504 0.025000636546774712
-0.067698247315003901 0.049918298021718557 -0.36746816427613938 0.32499585149289129 0.048578891219924272 0.5743899782450298 -0.41090589922360893 0.15963519612047777 0.24570130866765946 -0.40653936849114114 -0.003969223750409292
-0.072026255285115137 -0.37727505731412048 -0.37102856618858937 0.33415267987532515 0.32556558111657757 0.57464727711980657 0.15238844377325736 0.157607441879309 0.24336075671333326 0.24389986970959948 0.013005794462668474
-0.07498221489089954 0.32457595074741485 -0.3753378542522916 0.32748731553902172 -0.37710402984440461 0.57622949573696647 0.23580048159438 0.15717699559097431 0.2441418471265831 0.16353004312798008 1.7425942573355349e-05
-0.065878158858735145 -0.37991196629301877 -0.372376871053331 -0.37380048366611535 0.048050175276917559 0.57752519869289998 0.15483019393836045 0.16183506243255502 0.16329325914468987 -0.40030818750832087 -0.0041407780690699862
-0.071304268461328146 0.32049627340999326 -0.37990502118486563 -0.37081350076572045 0.32769116665797554 0.57632771551190587 0.24061609032082837 0.16116241611843685 0.15518263305367319 0.25062868478067701 -0.0081493348370342347
-0.06909206086575545 0.045326323651110632 -0.3708867570290223 -0.37466363826014243 -0.37115243822614824 0.57254143674792146 -0.41381233440793885 0.15836911842019005 0.16124301032497698 0.16532742638071893 0.0055010791221620304
-0.45990002103387756 0.32503006820576202 0.042334022430113943 0.041502454303352629 0.045812258850100519 -0.34612403938564795 0.24883044670437379 -0.40030058635058191 -0.40699366551136251 -0.41186289201438714 -0.00039028290716253139
-0.4602062671112726 0.048347445852552948 0.048103259265048298 0.047337293108961669 0.32924728467107078 -0.35269733637831335 -0.40324123824510427 -0.40335702582167898 -0.4098641895851915 0.23419128783746221 0.019600715909310396
-0.46199362760275564 -0.37730697155456783 0.047799502083847881 0.046801910239066387 -0.37603514825251472 -0.34966554785083004 0.15769479903591133 -0.40512508226177135 -0.40324332659735912 0.15324934805656912 0.031195720035193508
-0.45985036030459309 0.054096106643611371 0.053983160784881877 0.31920510181170714 0.051829468058701374 -0.34747168522549554 -0.40271104636357596 -0.40473724930560318 0.2447361971747069 -0.41410355837990187 0.0040400248700032037
-0.46415988140779912 -0.37307022129620293 0.050434915372828237 0.32835001952104653 0.32882817447048746 -0.34721181332580381 0.16058870529857414 -0.40675665478992967 0.24240995478029684 0.23631737181828111 0.022013449110175894
-0.46708915405154194 0.32881798165052867 0.046140368474161149 0.32166502585644097 -0.37382579579963737 -0.34562473667123678 0.24401206255834046 -0.40717624017478482 0.24321270164912556 0.15591806617492157 0.010474330727734342
-0.45799433439727122 -0.37568152796660664 0.049096186978940005 -0.37961540543340039 0.05132432107154565 -0.34433092181393227 0.1630373450833322 -0.40252155883447327 0.16235865093810817 -0.40790857573022327 0.0058136932061414208
-0.46373165163758989 0.32398254040343932 0.041267982369018859 -0.37627015241814693 0.33055532478819522 -0.34562605979068517 0.24858663257484959 -0.40339414024952097 0.15384627112938692 0.24352492110835189 -0.022058790482678222
-0.46122358654756745 0.049536381240281653 0.050577709383205903 -0.3804701020883367 -0.36788875276694771 -0.34931264068537582 -0.40560895011042086 -0.40599154158036593 0.16029735007734464 0.1577415600998833 0.014713906761971922
-0.45627283333108482 0.050341269410560378 0.32993420578398186 0.042165312466345264 0.047849755984014378 -0.34875922545791688 -0.40058252338234523 0.24781043445351916 -0.40428355357821499 -0.41157025926968255 0.0034825958964758669
-0.46067899268575374 -0.37696441417653714 0.32632134239832344 0.051383251240685809 0.32478830732581743 -0.34851148182781755 0.16267825324539012 0.24575008595549663 -0.40668437857635542 0.23894364996236286 0.015986592100990529
-0.46357277919768269 0.32497214417332621 0.32205500683451072 0.044667592943173906 -0.37784394992138404 -0.34692002675446615 0.24611862754679176 0.24534599404005764 -0.40585739143635674 0.15851632264876994 0.0065211049422058583
-0.46023810107999752 -0.37109327518985308 0.33225703816369323 0.32318459847271075 0.047421780357693191 -0.34327536928366342 0.16324433105200062 0.24440634729059402 0.24798147949470281 -0.4094327632205097 0.0052599360671552672
-0.46576652999649726 0.32916808104202944 0.32466944142098869 0.32623513496359779 0.32700208950415427 -0.34447257496677136 0.24900218868746155 0.24369906138966377 0.23977778548051415 0.24160930838451047 -0.0043377684522031713
-0.46350485633021338 0.054069920714349677 0.33371543421782301 0.32235585161675034 -0.37181185789938614 -0.34826544592378367 -0.40541568018850555 0.24091793674147366 0.2458895825905433 0.1562555979919388 0.01211208114112583
-0.46023112113264075 0.32491074191551517 0.32283464798194916 -0.38106472926671242 0.049146573921713725 -0.34161268902177244 0.25106674387894801 0.24795285073844703 0.15879774508191116 -0.40147823727289689 -0.056183157201067049
-0.45991022082792854 0.049869271466042087 0.32910063930154271 -0.37589348721015442 0.33293249425096449 -0.34816511912617421 -0.4006210186699336 0.24487826148141931 0.15685261418807242 0.24344136948087702 -0.00070542383780396439
-0.46157018655935439 -0.37560479961875337 0.32888264311442272 -0.37649982676179999 -0.37228411837669939 -0.34509794861534621 0.16035507850695419 0.24315908223434032 0.16355436360433467 0.1623870481067349 0.017616816750832778
-0.45868038660886074 -0.38056212766331571 -0.37415765638962195 0.047832234332495754 0.043771037149717619 -0.34507562975294048 0.15776494060032573 0.16553530516702186 -0.39918814435679034 -0.41203294908805244 0.0097858081615150739
-0.46408584303912925 0.31990631801797753 -0.38165402430839596 0.050770141887389493 0.32343844029603641 -0.34624535036648618 0.24357344960749619 0.16493378798286237 -0.40729263146804584 0.23884586383799433 0.0090991758134498016
-0.45528223455248729 0.042748177496599052 -0.3726357825577406 0.051780965308845107 -0.3770430917885772 -0.35173911508048422 -0.41076284208122782 0.15838269189847057 -0.40103487989212167 0.15295323101096342 -0.073724025753828026
-0.46372751106749632 0.32566106225041608 -0.37577267374018586 0.32263436034709475 0.046021703293323606 -0.34102049188800082 0.24410420497774546 0.16355525696415488 0.24731111116466498 -0.40945300926716049 -0.0062389641154116096
-0.46408953219784405 0.048881045625131556 -0.3700526565348371 0.32850736976968575 0.32940063340544112 -0.34760949604727021 -0.40798840370631134 0.16045971798668265 0.24437999491950155 0.23668071635291063 0.0098563576425361628
-0.46550643573341838 -0.376228888729217 -0.37007652924573298 0.32777790348440122 -0.37563461190456121 -0.34447328269600813 0.15308711490856744 0.15886736246932404 0.25127936386808825 0.15540088851456832 0.040399597114806333
-0.45787472418057623 0.046357955280064103 -0.37134420370870119 -0.37949100701751004 0.051948553110968076 -0.34471392652310318 -0.40552151068112352 0.16473208950431012 0.164382964335507 -0.40761665224403765 -0.0028178904128850326
-0.46219875821547507 -0.38083189167476406 -0.3749032969879279 -0.37033529902718187 0.32893688722057657 -0.3444560192099288 0.15777398340465054 0.16270544853377397 0.16204426613127546 0.24281971712288081 0.014275342854120753
-0.46609338029910347 0.31919241603192211 -0.37973555610435611 -0.37505691529626684 -0.37401474068342666 -0.34313639489220815 0.23969626459979548 0.16176176490438637 0.16189486484922072 0.16371872374896632 -0.041735269747502586
0.53487271408160209 -0.37444302369535937 0.046221171146461536 0.048401530929958421 0.044157458670789296 -0.22807848075806594 0.16481857860298829 -0.40208023119465297 -0.40098744887976961 -0.4069769130695981 -6.5085734907187925e-05
0.5293632815680972 0.32581623273100752 0.038650585320382846 0.051455937880795485 0.3237522258957754 -0.22926189112599527 0.25057941499445369 -0.40276222410397955 -0.40919714285555264 0.24407175200580072 -0.0089120480259330965
0.53167047892965302 0.050787880667111825 0.047725280017511182 0.047544133021453744 -0.37503442850333746 -0.23304677761649834 -0.40382163275264199 -0.40552366679002755 -0.40304831999720048 0.15866867940266829 0.010112837015153781
0.53120403334154154 0.33319992170839313 0.052702788823054451 0.32283789625451725 0.054395223089554912 -0.21609090159938033 0.25197029248706887 -0.39335326472117993 0.24451985277680033 -0.39875089562320887 0.11461249300710899
0.52945709190789736 0.054952188668181357 0.050329429980877693 0.32912773610880536 0.32979796097920683 -0.23059864247945011 -0.40094550035421672 -0.4071789230600098 0.24257105783413538 0.24178233445495848 -0.0018741983434827651
0.5277551683845495 -0.37054892668530059 0.050089511238166864 0.32851507102803529 -0.3754267239344159 -0.22756544871538253 0.16003002641071354 -0.40888547175327339 0.2492730058250637 0.16074276422023651 0.015277421504857088
0.53525543685538679 0.056345359449368144 0.054191129317575956 -0.37889818381679136 0.056935137467496823 -0.21942951402542776 -0.39972499537150408 -0.39703137359446228 0.1651871975990972 -0.39578088315361559 0.10531895755969797
0.53127819934449283 -0.37488266437602358 0.04541712060123012 -0.36966717185470027 0.32926766809334068 -0.22746757752010066 0.16478882342479606 -0.40497822076597495 0.16016276693281789 0.24801518156716248 -0.0022082043579001159
0.528029091676123 0.32648795625654653 0.040984228240667317 -0.37612503830673327 -0.37357499355594298 -0.22598683305660069 0.24808744767415739 -0.4055210746153276 0.16066866851643011 0.16780025059697354 -0.029098935345045922
0.53328929895332411 0.32779890216377866 0.32047658787633693 0.046288260387250937 0.04235070955914897 -0.22532333251369077 0.25323551208291156 0.24840513902427935 -0.40362346575998043 -0.4016822501838897 -0.025387009706936966
0.53301986087762232 0.051176634465089056 0.32626994740494314 0.052095092634280145 0.32581048188114625 -0.23189070383920424 -0.39881889270516058 0.24536214711560142 -0.40646093171915526 0.24433390244022174 -0.0032244063860292177
0.5310242780216935 -0.37474080796375603 0.32581736377097364 0.051706268538487372 -0.37953421736040621 -0.22894264114880664 0.16201130281793799 0.24345698432659832 -0.39999904140111148 0.16359119277231446 -0.0032891094779934574
0.53333217087226636 0.056857297101254554 0.33212289968350711 0.3239949625660633 0.048363540021829257 -0.226672869238153 -0.39830876652697794 0.24396542186977788 0.24810096491775693 -0.40391707954267159 -0.021306545116599355
0.52901791267586207 -0.37031741411218266 0.32856995745807116 0.33314336631890212 0.32535812754833449 -0.22641409552297609 0.16499024476288141 0.24194243887648215 0.24577088376491171 0.24650867185674308 -0.0036483407500682943
0.52603716428526659 0.33149789491498466 0.32424687619373588 0.32649396877212888 -0.37732654116077374 -0.22483460142542983 0.24839377959340134 0.24150225702727626 0.24653070913600036 0.16616404310494631 -0.017974781532667475
0.53517237524141026 -0.37294471824549841 0.32722412568656117 -0.3748146564994852 0.04784550211022745 -0.22353574993731359 0.16743450323225345 0.2461747744828772 0.16571052940578646 -0.39770546043173038 -0.020438735366631627
0.53007323336643075 0.32795018089114208 0.31971708505489793 -0.37203349219981696 0.32726820067621382 -0.22471361335457216 0.25335205204192313 0.24531654960189378 0.15788643463463592 0.25281363718224564 -0.0056653294195996174
0.53191767743610752 0.052234066689644809 0.32869120107330208 -0.37564970134470405 -0.37138362630357979 -0.22852488777605889 -0.40122185530061516 0.24268980436701096 0.16362636344922526 0.16797149318274188 -0.01303200111198323
0.53504819261150516 0.047649435536120242 -0.37417965847894941 0.048504965942820812 0.044822763479104515 -0.22844029105651589 -0.40372421028429284 0.16521439680679065 -0.39893992451476024 -0.40671766734004589 -0.0058658717634875188
0.53071283412042802 -0.37955615525077202 -0.37774381402597879 0.057667482204518922 0.32180414605771779 -0.22818270652736547 0.15956745485193979 0.16318205400584831 -0.40128858768215103 0.24373001945114364 0.010621714138429252
0.52776580602339773 0.32230845501755656 -0.38204836519869168 0.050995672940801588 -0.38086125089799844 -0.22660043219358267 0.24298242690665839 0.16275590490207711 -0.40049892138372933 0.16335000430937149 -0.0018436913349502183
0.53107771719334784 -0.37379278185528958 -0.37186046946421197 0.32952832561043288 0.044390329411665388 -0.22295855145893745 0.16010003323341082 0.16180605971091602 0.25332138442139779 -0.40457504417168183 -0.0043999565542461091
0.52554463896007497 0.3264606693260611 -0.379450190110454 0.33258230419152929 0.32396725479995692 -0.22415765209982066 0.24585611410431693 0.16109845662460121 0.2451139130377889 0.2464728859779719 -0.014273660128482182
0.527834861197361 0.051404774743217335 -0.37038584469679542 0.32868425674415086 -0.3748301412407064 -0.22794666021203677 -0.4085520017549929 0.15832930984501686 0.25124740184324101 0.16108871983672529 0.003719957684344495
0.53168502679693519 0.32381163237776828 -0.38080475050465951 -0.37536518675342978 0.046445056905941938 -0.22128202259520741 0.24829400198703702 0.16532296049194795 0.16504183034817269 -0.39772625190261801 -0.03187994421060409
0.53140377071293643 0.047165901840516403 -0.37501854714759186 -0.36954723346164126 0.32989840571817364 -0.22784990589822202 -0.40376737386789913 0.16227731383136212 0.16219066224797982 0.2483028195348741 -0.010520651342478633
0.52965600369639443 -0.37842590770616402 -0.37529671101463835 -0.37011225702703282 -0.3753604068105274 -0.22481105244763541 0.15718417148176961 0.16052995720169849 0.16884062498361188 0.16732006750180206 0.0035084418549047106
-0.61025820579379064 -0.020703596034991615 0.063010806897571936 -0.011568896956155211 0.046456468539815984 0.62610955223234599 -0.014749203604783923 0.040469693424178291 -0.011584179428685644 -0.032226788156086199 -0.4752395324080298
0.44897240859604981 0.012278262607299965 -0.056298797378584786 0.023494089693826617 0.063503735315069101 -0.74307302908104522 0.0038506842561475151 0.034891372396647614 0.0055048253916026527 0.077204882568657762 -0.48076824996181966
0.45144679344084093 0.0019696702906165089 0.59215661888028648 -0.011227774916249747 -0.045074468743115804 0.29143058851364323 0.013945541159984821 0.38076105016246659 0.039369005148335585 0.016011102162089733 -0.45986211392748988
0.36469050307142453 0.0048271263445289073 -0.668834781179657 0.012743780224987957 0.0003775632087636055 0.34985002713981639 0.0038565618513823805 0.21760812565542023 -0.010290721368519081 0.0026343680835169661 -0.49959881411481882
0.37975205082096392 0.0076946849911310846 0.1123421407642988 0.050169042997614384 0.035374705166282328 0.29862607779875006 0.013973067899151682 -0.70996501144132085 -0.024040403689423243 0.0080175176138506023 -0.49525225133326012
-0.47345538514392188 0.014281520020658378 -0.56123791217546093 0.0017854134144803409 0.029635124110253 -0.21702611340171493 -0.031882658524384731 -0.35242433370949755 -0.0085079053065537612 -0.029009711548644929 -0.53528769600907
-0.44968103215937272 0.011705217371402652 0.64330195594711448 0.0042248439909667191 0.057693636219006979 -0.25791037043583881 0.011629249794606155 -0.31229375048856939 -0.0030534496289780916 0.037509658359456653 -0.46354014115482295
-0.3288982763687201 -0.0042146091923437072 -0.18127788450861509 -0.034448773380330373 0.013175011031297234 -0.32749197174036998 -0.020125447220654312 0.70681531681055798 0.028207627006638449 -0.0015509249283394938 -0.49954398976298653
0.39792567736961043 0.0031016948553718744 -0.0011191813827694855 0.63184161982655263 0.023244989452645574 0.27946335842880748 0.014992235092827958 0.018284946021192162 0.36989048300851579 0.012049688604491994 -0.4756648827148951
0.38422920822610662 0.00088798214701831424 -0.0075276409907617256 -0.65872330666993906 0.00037064588044098576 0.3739612509109761 0.0049669702703653935 -0.04828886537581107 0.18970475319408905 0.008467184602728009 -0.49003146881688536
0.34822380961393623 0.011519389421193307 0.025299858521878677 0.18731414508982408 -0.012401781077357578 0.34728161516520434 0.0044266681640700179 0.0096016567878643572 -0.70228303011281779 0.00053077136635550852 -0.47833979824067152
-0.41257294286801521 -0.017562739228580908 0.031757549911630621 -0.61546313935778818 0.027947833903934419 -0.23732398128162957 -0.010194131023096518 0.032352522628158582 -0.35236130932419313 0.036097119747163467 -0.51570907032722701
-0.40587049432845063 0.029844171847929115 0.02297431676327992 0.63400916204978175 0.039964908622275155 -0.30101418195220081 0.016435380158564616 0.046335545748914242 -0.29785454660466992 -0.0018315891476327248 -0.49853636639292381
-0.39592830676974744 -0.0073159626076547855 0.018449499246180872 -0.042742874764072625 0.052346431897281158 -0.24500723238274749 -0.015323540520870541 0.017893046207147292 0.7153999233059507 0.0068835317023033587 -0.51560820115692374
0.41038934616968709 0.024941021031076708 0.018100493024105324 0.018699696069725043 0.55209745411460087 0.34426782837844244 0.020303282205688888 0.020394469721615155 -0.02657134101759678 0.43838648132774721 -0.46177092394968899
0.35329771101495977 -0.0094873602241537028 -0.012282274607170665 0.053144624568711774 -0.66992110838240382 0.34462442988641501 0.020409878695008068 -0.047667241464002648 0.0089243354977899293 0.21852902060791901 -0.50401579062325153
0.37481737676247928 0.0081331505617783795 0.015653460394085012 0.030490855174723022 0.1929955169718047 0.38378993734308764 -0.0033226561062115129 0.048653730246836793 -0.017152530743756798 -0.67752876856180455 -0.46044696789086348
-0.50246671407793775 -0.015313847088877492 0.060720343186097668 -0.0010838205311441264 -0.5985005663682248 -0.1800927688140796 -0.0024085524099428869 0.043265929788149568 -0.00028855354768021605 -0.26988718264613526 -0.52749531072826306
-0.40760648492795815 0.021987352274538675 0.024666675915197646 -0.01831706131465094 0.65255793533398354 -0.25482793852068253 -0.015611894025895976 0.055180355990447585 -0.0053962360557168829 -0.33332126799027306 -0.4766965732519447
-0.35457025463355357 0.0042871304016395941 0.00538427108047325 0.012116426253290765 -0.18034213263181087 -0.35144551249261841 0.00053467031401516392 0.025140495396494343 0.01594046151718307 0.67590538721810511 -0.51020976339486546
0.41315887080808977 0.60515052347171838 -0.0011283135185959315 0.008033226400128532 -0.012893358751669816 0.28391346596942341 0.39407240081936595 -0.012472726425345151 0.022176947789843408 -0.005144742905177504 -0.47569609978764055
0.41694861845972203 -0.62235229020668681 -0.0030288186442091721 0.039809790492648857 0.026988101585505343 0.28709170304040671 0.33920933495040945 0.01155444083550815 -0.020206903508316811 -0.0071965162054504163 -0.48829385914665363
0.41097202874755734 0.093463169978925356 0.011076124131924462 0.02342647511630706 -0.0018363554055047481 0.3213948015018902 -0.68889664886635293 -0.013867410658625139 -0.0095234627124844481 0.011256960252543781 -0.49336481750830463
-0.35641723349075083 -0.50849570899963337 0.046490676991793371 0.015531168600812941 0.037203355678793827 -0.33688033908074921 -0.48322632077771349 0.018108433038301914 -0.0025469042641435933 0.0025654121357981934 -0.51310345576827743
-0.37244517306708835 0.67034958450623816 0.036546655111442124 -0.01163990469885701 0.013890099532140803 -0.30501312553399684 -0.24622159912481401 0.034565668197368817 0.021061023758385457 0.0023671357109405159 -0.50492564726931866
-0.3856535308540438 -0.15893019559124705 0.0089125564184177261 -0.019652993881203944 0.034187529147767744 -0.34595228955052409 0.67860902425308289 0.037234685780768002 0.015438112693806868 -0.006057126970851234 -0.49246669502683127
-0.2121589673698526 -0.31529353206765681 -0.2609109076703191 -0.29198468817035594 -0.25168595297328783 0.24177636169748146 0.28251674989639664 0.27446690170087051 0.29713340463469751 0.27579863097895219 -0.51082916345179086
-0.18005520259570229 0.37961074094284464 -0.27578900527875677 -0.28967422420941458 -0.14058836091397967 0.22566047544874915 0.05510273940390506 0.25742307770718165 0.31528958585914779 -0.41126324968699174 -0.50494495150506002
-0.16244250049037343 -0.10042397055315461 -0.26742499875622772 -0.30020536562543287 0.42204903618787587 0.247805790002013 -0.40305000767003551 0.29367099179949674 0.27204310229396556 0.11299563825707767 -0.47632714207664456
-0.21787308761486937 0.3891529994619583 -0.25421791802378751 -0.13050684026336812 -0.29830818650801794 0.25078419126508084 0.095622728598981965 0.29443553365489383 -0.37917538369279336 0.26913937568564494 -0.50547603892812909
-0.12996206684577644 -0.21622862579021382 -0.19716885307028403 -0.19770733503321924 -0.18248582025019677 0.25103200073500187 -0.36878660531530544 0.32975341980772366 -0.36453644030960664 -0.35596571301363855 -0.50767496722595284
-0.18951672204540243 -0.2772892426515921 -0.26920392548585392 -0.10882112850551894 0.40983097638797106 0.2274358557381847 0.26967843924673063 0.32268221593040208 -0.41882556386322922 0.10883175735566948 -0.46806337322995456
-0.2227307311946243 -0.11657521716021828 -0.27085590324420472 0.38853493568754321 -0.26901742782038596 0.23318358909136891 -0.39693922491422007 0.29385184026384042 0.11072863382738439 0.27378867151566988 -0.50458224459390977
-0.21700977375201785 -0.2653090315180075 -0.2800802436726294 0.38917950881070978 -0.10270867704657045 0.21467334858092907 0.3014079438061778 0.3098007799501325 0.058515292864546674 -0.40369040389784944 -0.49271215779620603
-0.22178536504111468 0.39914539577629343 -0.27104341983185887 0.37660274806136751 0.40245025936046402 0.23411395802073248 0.10768330096128781 0.32484336409791881 0.10976507211005082 0.10783706851947993 -0.46757713170837623
-0.22286326431183209 0.38574060979707703 -0.075543590038012837 -0.24579898988929011 -0.24113347222089099 0.23842817351758361 0.083442618684043776 -0.40376251461941043 0.30132976041439424 0.30122580237125812 -0.51855122914206642
-0.16462927358244067 -0.25129275728873685 -0.11165624274784694 -0.20557040507934571 -0.11675552820241084 0.29166810591287595 -0.38946708420362058 -0.40017605190807565 0.36392427713125708 -0.28915714804997039 -0.47795657658364288
-0.15932190678644451 -0.20770897664453281 -0.15728636941724639 -0.19978128472807943 0.46787409805371494 0.25534360287844637 0.35075403209362688 -0.34344682048654085 0.31582338576531399 0.028344164155098731 -0.49110437584739552
-0.20678719930738346 -0.13195855416221808 -0.07695501520062252 -0.10603863878619116 -0.2513099419898564 0.21145365213347575 -0.38768915249806535 -0.38112887957495251 -0.39823052764270112 0.31582965185684864 -0.51077624162935575
-0.16239476176751996 -0.21950549809971173 -0.15582609673383255 -0.23963263555329942 -0.14633969860141691 0.30787722277376106 0.35618999935470136 -0.36102329166516745 -0.39381830656459327 -0.3090190478555539 -0.46876566665157571
-0.18569047642466699 0.42355721489353637 -0.12938824578563224 -0.17713764606400864 0.43096300082994388 0.25551614546496243 0.010617906527549646 -0.33060667419798534 -0.37842366342293687 0.043886699029168363 -0.48211786509650728
-0.25228431680653396 -0.29254669219915963 -0.078546997726446771 0.41067612452257585 -0.22390243554722308 0.20951072588123595 0.30916424058093528 -0.38762282881652965 0.06737889957967938 0.27118079578524401 -0.50794150862457343
-0.18329711527971634 0.42236195031252 -0.15055750006771676 0.44565220244626558 -0.15703217980944753 0.31602263236475359 -0.01208196072437745 -0.33892242819078749 -0.022976651551647555 -0.32390979674026937 -0.47090320170657446
-0.17511751798099123 -0.17884216309797457 -0.1299808782935383 0.42786799047589608 0.46209994321411729 0.25441330908054194 -0.35446621941927409 -0.31122926826457936 -0.0092155265591852206 0.039755994024746187 -0.48471164326681349
-0.21621464635786292 -0.097090538810894259 0.4122220160223567 -0.30805478840583284 -0.26676817451954771 0.20671336156557912 -0.40808356185913591 0.14450294143036641 0.26470793744599286 0.30399123268374384 -0.46390729978850476
-0.14765688984529812 -0.25932363425168692 0.40842440496535343 -0.25178245985989339 -0.11114500291328899 0.21782071126531016 0.3256069595956978 0.041405453374761203 0.32746538677690284 -0.40630470810420061 -0.49080884357932864
-0.15942698521758358 0.40378812468394781 0.42386577068540837 -0.273707382466225 0.41353284388743805 0.24438226043746908 0.077148726828796213 0.1121241820271536 0.31727290568750699 0.088606647455722623 -0.44630837867997464
-0.1978221348588653 -0.30616512062236723 0.42654369407863096 -0.10023089111704193 -0.25538927545385348 0.21640296581647123 0.28873386857307004 0.13198118178256071 -0.38831378582858089 0.29490829249185335 -0.47386165206727199
-0.14197424298121264 0.41450883115966486 0.44427752572812657 -0.17237761023385298 -0.15485068973381641 0.23904158158932776 0.042933891375678872 0.050485279204012481 -0.34717907931363351 -0.37842144090133423 -0.48133292689352136
-0.12757198642771778 -0.13069563475165208 0.44828357009351533 -0.14641265820517907 0.42473401099449615 0.22106351041872407 -0.37416052804029104 0.12203305250160186 -0.38314453847558727 0.05138380045025135 -0.45896945317145255
-0.22981589427143714 0.38352572016280517 0.4286386169615688 0.3959089611991104 -0.2586724178575272 0.22989244112147256 0.08614556505199053 0.13761983929517047 0.097199642560052535 0.30009617180504827 -0.46259052256686445
-0.13210247320409335 -0.19666912393037794 0.43750140337574622 0.42694880366786997 -0.16092647711222907 0.24602856207116203 -0.35044503713619346 0.045663450776797516 6.4861759183740939e-05 -0.36035136850776356 -0.47853950848743043
-0.1653881740352009 -0.23575934238321097 0.43008715383888985 0.40194509831564829 0.43140608224540239 0.20600390486726605 0.33968610107318525 0.12643822022876422 0.059016439872303698 0.036330713897163497 -0.45365682409486352
0.19203931731533969 0.26506551738124545 0.26491732926954481 0.24627868903991162 0.26096047114769916 -0.24611377342789548 -0.32367115201932634 -0.28842956118898139 -0.3299657382521598 -0.31418113085869132 -0.48766036673106133
0.20758360816978322 -0.36847944341291966 0.29684485374498198 0.31774981037379818 0.13445529779652537 -0.21081470348484066 -0.093273410761636422 -0.24592805757570993 -0.29881518089798154 0.41807800681581958 -0.48607489045068797
0.10760119709513682 0.22587816336375596 0.26183968129048985 0.21629943003201418 -0.37856068842082852 -0.22418417141632857 0.37517155023564525 -0.33962841677457628 -0.36105870427665887 0.057855754970987022 -0.48854580965670757
0.20801209122467468 -0.39376107576952657 0.24065582760405774 0.18571251014020385 0.30185077795593906 -0.23685889377059197 -0.04485765437843451 -0.30153817981212522 0.36397224723685728 -0.30169381672119272 -0.49561109226163008
0.19562581336544729 0.11986505148992248 0.29151865599541377 0.11894593969562779 0.15200455896940035 -0.20250062458009357 0.40623754312217802 -0.25998404042921347 0.38789394371719688 0.40505790104536227 -0.4867910237654044
0.12504557356875245 0.17280590027434811 0.28446461995489358 0.22774557995008657 -0.36801477080710998 -0.21623089017715791 -0.35872023332366199 -0.35107742089445199 0.37359202693850685 0.064459087678340465 -0.49382319602799735
0.17961596676495079 0.14312394018359825 0.29700806313904898 -0.40788489198054068 0.3285125621971503 -0.21349329597328168 0.40966538545919162 -0.27648544012619136 -0.11138540593299902 -0.25847910585476919 -0.46441553930011159
0.21323509140329641 0.28808311067732062 0.30095615048503344 -0.38260940186194525 0.13048643303317209 -0.19040161016596158 -0.28727912611846529 -0.27225777543858554 -0.099971273182526049 0.41285570671159411 -0.49416312413316321
0.1670590278835119 -0.45271798887730341 0.26566594873479221 -0.37709776742161877 -0.37224173692964524 -0.20161747890500553 -0.0072811346517442704 -0.35716583834073384 0.031597491906441233 0.069254590835420973 -0.49165843009100779
0.23177019416352351 -0.37983921408085491 0.095036722582639746 0.28521525441496653 0.28642441754022835 -0.21983482963262591 -0.095219370132101674 0.4192592265616909 -0.30561088070286324 -0.28306810488414802 -0.47211030422835354
0.19891690039644588 0.16319590455006766 0.13301405913216907 0.24565747001280983 0.11137551593591104 -0.17601794968655723 0.39783702056196385 0.45165294038644055 -0.29684325970910297 0.36925647450831933 -0.47501691393319684
0.20752485669252124 0.26735667649054384 0.11888012515736848 0.23865183240306537 -0.42541477205437589 -0.22136790964671457 -0.30357752554393452 0.38375131011450581 -0.29379044761088707 -0.084144096724102072 -0.50156529213012369
0.19016428690337212 0.18667210852085264 0.14099550061798446 0.14937374339133336 0.23521976641586043 -0.24098954940644299 0.37498672569799296 0.38254134261314154 0.37128641258411355 -0.35100982038297174 -0.47474214328303416
0.21010686471545922 0.27786385319200879 0.11862075920869038 0.12785050980635712 0.12589312151080323 -0.16654619994270889 -0.30290662752345199 0.40641085494305129 0.39417592343700703 0.41095334609854017 -0.47271969818960402
0.19709795515320758 -0.40865683707593509 0.11005986110866135 0.14994558855413018 -0.39354117626314028 -0.19721618413984862 -0.063199697013166301 0.37154433375348278 0.39555937985263151 -0.097553860871089595 -0.50770353546437519
0.2326186145477433 0.2456787015393859 0.14376101438590724 -0.43595871515594398 0.23030015792340272 -0.21657611780011848 -0.31818814694995162 0.36932677258859836 -0.041109602554077279 -0.32435083184433283 -0.47991720567905183
0.23810471789967488 -0.39887464111721982 0.11950028394454468 -0.38748921304863887 0.13030162887237973 -0.1778021145581343 -0.083769779611908929 0.40738859098428332 -0.082761812253545119 0.40649537659018825 -0.47551445894991284
0.19607787832009754 0.13737753396446897 0.14197919203099998 -0.41811367442303027 -0.42553158949933045 -0.22277152632869412 0.38307182980478593 0.32213146724656677 -0.021021849420305792 -0.047441367323677819 -0.51360894269315538
0.19420027109179228 0.16781455665535835 -0.39023607132682864 0.26997154915545418 0.33121811732564149 -0.19171417228660584 0.38304963268676967 -0.061126066940459023 -0.32756270235978269 -0.2732946750963734 -0.47963028979601691
0.15563121387668397 0.30602416927434256 -0.3992763826348017 0.28677001008480729 0.13292044931872116 -0.17331695341419245 -0.30894810071363621 -0.065534581783094153 -0.30342016383288184 0.40566080892862166 -0.48620433402051522
0.12533341764405106 -0.39376132700211602 -0.40127069988879416 0.21942844022848534 -0.37575824003771024 -0.24593660757646796 0.015427888815065944 -0.02464295052625215 -0.3635817619951322 0.0037475189226063906 -0.53417827603609735
0.15989665370810538 0.20854395635342898 -0.40353763398659132 0.2356999755612933 0.28934030419345225 -0.21699796398996174 -0.3807105274613326 0.029065014760795461 0.35149723881338502 -0.3161835064903894 -0.4609032983163035
0.15386296918397913 -0.40532484561556475 -0.43194164960791981 0.1223079026202193 0.14973832475584667 -0.18055168970321053 -0.10260386285607004 -0.11303247186729772 0.36615640300429725 0.39398636981862495 -0.49283364591162621
0.07943590447544796 0.21239680263006869 -0.41516960406693848 0.24540803543489703 -0.36273832258456506 -0.22572038202427777 0.36141472498709964 0.049328505446892851 0.35085864948809808 0.093616822967176605 -0.51820656444387336
0.12215992851777015 -0.47435401362960961 -0.37984681693645667 -0.41587895272680914 0.26805289769840013 -0.22133862331938778 -0.0084559244729113473 0.0097938802933329582 -0.0071682978863240555 -0.328485293907672 -0.46245191778669092
0.17319192885572127 0.13646549261367255 -0.39374997176262372 -0.3883131012249012 0.13382755384522638 -0.16591795772785645 0.39320653990878279 -0.095159427127083113 -0.10500120257768787 0.4153711428767809 -0.50288358386258714
0.11364194782849157 0.15640794849728873 -0.40248914646178358 -0.4087115577453394 -0.37341857911630716 -0.22426146336804212 -0.38011114497010356 0.040025433600167956 0.055369545466942248 0.11197976400332882 -0.53118075993810221
-0.99071944051136573 -0.0004882338183644247 0.0018094720627051702 -0.004023441412787692 0.0029738700421222349 -0.11949349195442061 -0.0026359938154824672 0.0003984621589037223 -0.0018144592864360928 -0.0078261351251218015 0.064000805769634059
0.99263700860797088 0.001971910191622385 -0.0018981788478158684 0.0039484233469616456 -0.0020690296477195724 0.11936478585090778 0.0027502839894207481 -0.00053572343755893699 0.0022564169444851982 0.0067701341762736508 -0.018376000691615171
-0.069082724138370799 -0.0029214305004851273 -0.09364599152183338 0.0031066283607417929 -0.0024103586147867112 0.57574058095515779 -0.0052781718845390261 0.80925057033398662 0.00062599294034224528 0.0050688137764690888 -0.0040452181340548095
-0.07015187989218713 -0.0044653296035143102 -0.65370681425499011 0.0014093104601867841 0.00039865014495606192 0.5728766757261714 -0.0085759564123798412 -0.48921530969070076 -0.0015708954189285239 -0.0017902095899873292 0.011202949602085781
-0.070379680635815331 0.002907421685740224 0.74875121614430695 -0.0029989642550524377 0.001770598649570837 0.57016809620103637 0.0034563425430943259 -0.32289586091672379 -0.0090443636694750775 0.0031916126476386475 -0.070288027693641758
0.0692151157216645 0.0031459367468082383 0.093727266060936051 -0.0032093569382376178 0.0025036531753204394 -0.57569858948589092 0.0053255284337193568 -0.80918064974290649 -0.00051110508122016003 -0.0052272436649432657 0.011826485993441107
0.062638399930380062 0.00177164416087214 0.64467420582716461 0.001816558192858157 0.0027257148828464329 -0.56430629080619199 0.0052920676924324908 0.49005492247714721 -0.0020967679029040339 0.0072057976557098682 -0.14757367056312168
0.068057609846180436 -0.0031341107032458082 -0.7493464226270109 0.0034229173392481735 -0.0010076655137169165 -0.56942463427056134 -0.003329810009800236 0.32537433703202617 0.0081688609625011552 -0.0020427008426205603 0.060255143940377655
-0.071120877649817824 0.0026546682297274864 0.0044786323216577618 -0.097069635423087733 0.0052002193350571043 0.57707240657605052 -0.003227875842328897 -0.0045667946494022402 0.80758271656204728 0.0062675819414011649 -0.013863442887939861
-0.06316000617511934 -0.0035146195037680118 -0.003498723940275564 -0.65146934521222488 -0.00056550878251263568 0.57039813308871934 -0.0014112417965490974 0.002381263840931248 -0.49066455102242179 0.0020292088235709035 0.073865288726132641
-0.071292160355551221 0.0013204296401307192 0.0024448493646526542 0.7483594115637181 -0.0052108263612138488 0.56962248834999929 -0.0052197680596483796 -0.0032448417900805644 -0.32179673258442409 -0.0069060235275158668 0.082050965794247185
0.071191887317106489 -0.0025537684061729695 -0.0044349986552611621 0.097009126079280195 -0.0051579857200512403 -0.57704616494982863 0.0032574002446348962 0.0045986557161703696 -0.80751918656597055 -0.0063427843885000505 0.018073364786597764
0.065036145906939041 0.0063990717679629685 0.0036812441442322743 0.65284802510022144 -4.9753828811563627e-05 -0.57163483199335563 0.0022664337858002699 -0.0020634770459721117 0.49265542848316896 -0.0044754537497344055 -0.00027746536682184743
0.070600746928361185 -0.0012192607692616594 -0.0025747942028058459 -0.75105996983115719 0.004947037677031604 -0.57088330367710227 0.0051526809105035369 0.0025528823220888376 0.32361739679946949 0.0054208833875253586 -0.013908546747443747
-0.076970496692545798 -0.002254266750857672 -0.0028548886426005018 0.0054674457273279856 -0.09826341677849329 0.56720149361959504 -0.0069947654953242079 -0.0048521927028315039 -0.0077776948173024583 0.81034618497462807 -0.076585126291776523
-0.06698092279306532 0.00055757266830208283 0.0034841914068375569 -0.0063465790622195479 -0.65452169304646424 0.57499329621961359 -0.0049883306247395353 -0.0014339505294775684 0.0033460600982077485 -0.48605275496568562 0.012628249625089098
-0.068545465018181928 0.0025086690246509348 -0.0022711521715120587 0.0014462772941118036 0.74520854094996836 0.57138898254582271 0.00064621845413440776 0.0024745179747461682 -0.003841457445472421 -0.31699912067037583 0.11382924464671841
0.068748669463918458 0.0078546393555928972 0.0058611648661429198 -0.010812619855500178 0.11208303221626154 -0.56011148255606102 0.0055394181738232171 0.011968277564151406 0.008792880263140377 -0.80194772177245832 0.15937939660743888
0.066860630333190327 0.00088812906361158516 -0.0041650289651535824 0.0056894030061926185 0.65323695062783638 -0.57350857823066403 0.0050753979914580898 0.0015450009846315143 -0.0018201729192179848 0.48411888179227125 0.073796992930512048
0.066743328072710162 0.0015480968382185713 0.00064481917032460591 -0.0021106980989296646 -0.7488376493863812 -0.5739807375304492 -0.0010291764223494422 -0.0011988675985575819 0.0067442413984046415 0.31942543110499871 0.056971582433089758
-0.071575724606287819 -0.10114750472467311 -0.0050824661717037934 0.0025795276458133358 -0.0041836319290479759 0.57775175920223254 0.80670288909230203 -0.00098920630748094399 -0.002523809248782398 0.0046733612773193905 -0.0005241704539347983
-0.064491827183514649 -0.6502377353913954 0.0097524992895340803 0.0017599004738765927 0.0034259492785524786 0.56879084949708525 -0.49460176932424027 -0.0026283327263723166 0.00068212736410323382 -0.0032654178369825974 0.068918567922408344
-0.069180147585946497 0.75097532409057721 -0.0018826666591567111 -0.0047829521308709235 0.0016062282680010321 0.57138068281138532 -0.32034461882708704 -0.001595544235488191 -0.0047510423779008664 0.0014098353724766532 0.045798509261943406
0.071819769117648188 0.10156030090077024 0.0052369061652860803 -0.0028147675810500194 0.0043475549770387034 -0.57764371273751203 -0.80657005677096216 0.0011069491266140338 0.0027495892390495325 -0.0049715954652054866 0.014565679672515784
0.065347283193308903 0.65199037498510326 -0.010081823713090252 -0.0021710606009068562 -0.002723184981799433 -0.56962423511781779 0.49539195352027871 0.0032189624244717456 -0.00074616431220401623 0.0016450091664736894 -0.025018587379229948
0.06972729487656798 -0.75078304927734585 0.0015648979838375539 0.0036847506488455121 -0.0018246482735585945 -0.57222539660365523 0.32190881390178155 0.00080813098794382777 0.0068106820373335696 -0.0021843515846614262 0.018015626256823399
-0.32865922694085675 -0.47317520550379061 -0.4644038316540593 -0.4683173152971204 -0.46594739018204417 -0.039391687709525898 -0.063793014621207525 -0.054764447302256256 -0.049278605194727085 -0.056650386306722582 0.041608829610132222
-0.32918902346057993 0.17783988665406816 -0.47445462235094077 -0.46908951836669316 0.2809023483923585 -0.03471019371648322 0.43305303981215171 -0.049865192580082429 -0.05616389784054155 -0.37607924889958116 -0.011533089827984377
-0.33012094030657013 0.27760301598776638 -0.46908968985400201 -0.46449134231809436 0.19112664360492879 -0.041957996872513594 -0.38097372091999193 -0.053884622694146379 -0.058534709504623979 0.42908108912249376 0.065483561438907503
-0.33421006978465584 0.1796182248347423 -0.47221512449047781 0.28065956374614026 -0.47380788539512031 -0.038325110622069565 0.42631027438055902 -0.054222060795536334 -0.3738437001912206 -0.060139261168331085 0.016277495180552631
-0.32840963431484332 0.27990091040135023 -0.46685235414457155 0.27950372168083876 0.27997154761717108 -0.041632357246360926 -0.37884001723395666 -0.051535102419585511 -0.37744300651854096 -0.38579406027505336 -0.011658269356410735
-0.33230242650423109 -0.4725258004591158 -0.46536920275562366 0.28886909263795912 0.1836962886547496 -0.043753697514731509 -0.063941113387157536 -0.055908615815361877 -0.3761762757154366 0.42399402249441148 0.046131814917071336
-0.33297123356107056 0.28446678823655602 -0.46212187788203718 0.18008149523992739 -0.46381534615109871 -0.038839249125596456 -0.38294554461393587 -0.05735230680999908 0.43667423187968157 -0.059500802339984935 0.037793636571799294
-0.32956450017787553 -0.46785760617703964 -0.46072795377051068 0.18597782177555278 0.28354127677118862 -0.03672746759677839 -0.060106373836169798 -0.055167899786305721 0.43717241925283573 -0.38213490760549962 0.0095318082828900284
-0.33574315268639765 0.18395209618223907 -0.47002527622508677 0.18897933571411965 0.18584565173865039 -0.03519560530236187 0.42634187948892543 -0.057222253265913521 0.43211052477097345 0.42891776158801348 0.072747088709310501
-0.33110099334803395 0.18330380797377821 0.2759514751183838 -0.47379445818539995 -0.46652515341309037 -0.038231045541723754 0.43468374111673524 -0.37674971127577711 -0.057949787201011536 -0.052703962262024964 -0.0028149842532192992
-0.32509640390111327 0.2839043704948272 0.28137411442749338 -0.47506702228677056 0.28742645841239667 -0.041487216520309289 -0.37042796085835855 -0.3739514028579955 -0.061356592622868737 -0.37874494387363883 -0.015700976620893384
-0.32933957366679167 -0.46905840670676896 0.2826687434113706 -0.46545622613547671 0.19087549932445488 -0.043668865294887803 -0.055640815198636347 -0.37850264162250841 -0.060388597517908184 0.43158446437357428 0.01886877569282212
-0.33002083342604016 0.28582353504084584 0.28367133260304805 0.27460964362000367 -0.46722103977015089 -0.045081340699818388 -0.3771310983879671 -0.37826345155033736 -0.3789541187429401 -0.062913117577581071 0.017551612541011213
-0.328050764635896 -0.46535247622498882 0.28635662480968271 0.27967115650451396 0.27631860906753714 -0.044692145451077497 -0.053838050469066839 -0.3739321912453813 -0.37756595786176894 -0.38237556051860644 -0.075982850776967648
-0.33355886182702565 0.1842924058833556 0.27573074942988235 0.28297988100623078 0.18257930433224209 -0.04237987225954027 0.43462420940000179 -0.37576471442473258 -0.38302921687305236 0.42674854841887627 0.067937111304936293
-0.33147045872004105 -0.46238502255272906 0.28968276114013719 0.18126871007335943 -0.46388290205760169 -0.040247764893580701 -0.058473714609550517 -0.38205038129181507 0.43539198562837489 -0.058764745957705165 0.018563499097418699
-0.33170634417147105 0.189044796214629 0.27992755417500492 0.18041088202814984 0.28314813099438857 -0.03537284002090841 0.43851216266001453 -0.37703035686196218 0.42871454380220986 -0.37847573736607676 -0.020408130357225
-0.33238924359966265 0.28980623062565991 0.28514316319963751 0.18267811150086599 0.19319138044885109 -0.04280824510685121 -0.37467471950673847 -0.37979094535766977 0.42613019495914367 0.42794999688711699 0.048434674100120208
-0.31751396516765573 0.28648070166106121 0.1932759800234953 -0.47100546307106733 -0.460905653946587 -0.046137289489676686 -0.37203631600575476 0.42640604270369592 -0.057295393364431617 -0.059409803136592672 0.12768651843560791
-0.32346193105871401 -0.46833771860408985 0.18907354272396051 -0.46819629809668623 0.28281274044493654 -0.038185845757713964 -0.053645464501410674 0.43546053266651746 -0.053979752816241899 -0.37686313560210349 0.046808432391134427
-0.33296048018971852 0.18019267960753371 0.17900771061827409 -0.46460174621098183 0.18581161655066974 -0.037533130169062255 0.43452353964612689 0.43400919573506663 -0.060399677603810632 0.4381768830575829 -0.0035903633851118179
-0.32681898047908353 -0.46632816466065069 0.19106363443773847 0.28028618597883254 -0.47089837377419169 -0.042208173627643633 -0.059889784060621551 0.43087868418514857 -0.37127721077492121 -0.060503939645401891 0.079901247613480234
-0.32918093721439973 0.18384217952505669 0.18129030269848473 0.27999430627018274 0.27479981081095894 -0.036865735038634224 0.43624715402943876 0.43650656941832461 -0.37703578492441914 -0.38009420131132188 0.047199684702498065
-0.33197691080306369 0.28092864248944149 0.18578606548968926 0.28473653203250315 0.18435799388743879 -0.045171708318409443 -0.37605597660735274 0.43191001046991961 -0.381411071087847 0.42825899038196541 -0.04905301110491319
-0.33090220230390271 0.18761059269693434 0.18730392669834764 0.180322322793249 -0.46718828998555206 -0.036693573533360092 0.43215640587705872 0.42745671416259995 0.4361046158391142 -0.054555936100614412 0.07384979744472743
-0.32913171227299515 0.2874027812467162 0.19141829802659646 0.18087895005273635 0.28497358481974261 -0.037377976963363146 -0.3734369231240513 0.43324201284812947 0.4319395253705165 -0.37816794766986328 -0.019240926127136241
-0.33359856791197806 -0.46609479094515333 0.19224168327714466 0.19004986124002238 0.18803227760434499 -0.040010753510211217 -0.058941688240110937 0.42837341002080809 0.43145363239179463 0.43230825817014729 -0.037606661180256351
0.32792837512814604 0.47212779794365617 0.46361840948618588 0.46820107718997195 0.46586587441383326 0.039445562605285978 0.063956277873917611 0.055420750426616643 0.04867587850347025 0.057471180613204761 -0.06311051211350685
0.33084454992009221 -0.17570219230128756 0.47343096895444631 0.46798130193184945 -0.27977211862384738 0.035818097789714461 -0.42998477203721786 0.051107972108917959 0.05778112832285219 0.37179884364356075 0.088881379800460097
0.33155300750847522 -0.27685222893546541 0.46962447672730084 0.4657628070371248 -0.19038034697144582 0.042416434023383326 0.38076174852788408 0.054220878211933374 0.05945879883273731 -0.43173139126176646 -0.0072607755296007241
0.33348106720927617 -0.18047930345300631 0.47157513523872996 -0.28040647080306147 0.47324541336590564 0.038160623652220851 -0.42630067337827182 0.054433258152369428 0.37301058441168888 0.060978524593566855 -0.047315188517256468
0.32865246115266195 -0.27851441017974349 0.46677475109705985 -0.27983913001459892 -0.27962904779231174 0.042795754296540936 0.37818682248443142 0.051603639207717565 0.376979861848594 0.3844819297546016 0.050758411804097618
0.33241772367778527 0.47269768559604441 0.46547915144860075 -0.28897581792179838 -0.18361294526559738 0.043757630005306886 0.06400174925556576 0.055961698770537548 0.37625702063928251 -0.42411588145154172 -0.039717568789238419
0.33292781116747261 -0.28330370708519337 0.4612291068638415 -0.17950837805372474 0.46052292444402554 0.037975572647245076 0.38185992593176543 0.057963555651005277 -0.4334590401423451 0.061716853168601891 0.097706401910439139
0.33125825865738795 0.46798701957151057 0.45975408320867955 -0.18551893933617924 -0.28391029631465736 0.038590893143612061 0.061429363533172757 0.055126311139363428 -0.43243987631804587 0.37918964159103175 0.075955253363084049
0.33811541613045332 -0.18207243532267239 0.47103875681162194 -0.18967978127043453 -0.18613223790704414 0.0363008320466272 -0.42819978867222119 0.057282227460076128 -0.43065559870025671 -0.43195050519492145 -0.0051872152311591571
0.3308889866337259 -0.18275113246610161 -0.27450330556958297 0.47008276912299107 0.46429378226299084 0.036967889440617838 -0.43297696345355069 0.37567079121516123 0.060864430113226869 0.052881754627929475 0.093545354427197039
0.32504897817082867 -0.28397568458807437 -0.28140406909691107 0.47510052212084453 -0.28745544861519162 0.041478513645138951 0.37040855248595428 0.37393227896331555 0.061316084212986323 0.3787943366699818 0.012979114544572507
0.32933182978010778 0.46904770670961415 -0.28267312045287313 0.46546154896010589 -0.19088069596523016 0.043667254765391003 0.055637943880663676 0.37849960765755725 0.060382537784779124 -0.43157663442586641 -0.019287375623323548
0.33010711887719973 -0.28569908538039895 -0.28362164797628397 -0.27467341540066093 0.46727596973061719 0.04510056602613953 0.37716580450398046 0.37830465705041705 0.37902546519561742 0.0628176001338797 -0.012762978519185907
0.3285660890764362 0.46565718798736006 -0.28289286570453953 -0.27939233053035334 -0.28153147304380094 0.044179775200574624 0.054217139675355637 0.37359622805451903 0.37738962911535445 0.38391497544923636 0.059834415839644252
0.33451984730824647 -0.18427040664407465 -0.27520386113521539 -0.28337886430511705 -0.18324421106172559 0.042401210400123103 -0.43463514496204508 0.37780950340940128 0.38467870085836409 -0.42773350527067988 -0.011935452007283938
0.33148584218310384 0.46240770246613061 -0.28967192104265238 -0.18128243866693483 0.46389386136255489 0.040252894352216496 0.058480557549204497 0.38205868832218304 -0.43537724497884828 0.058749949350055126 -0.017651619791120433
0.3319273646583753 -0.18842542634354378 -0.27921162861877552 -0.18051066165099044 -0.28295032865819042 0.034890145949047588 -0.43752776066243682 0.37676128388528018 -0.42837254695720373 0.37743720402098285 0.056188536637809441
0.33184282224970957 -0.28840765255628648 -0.2852999763004565 -0.18392960189438148 -0.19348604883879741 0.041335328399019058 0.37495090119388019 0.37863695078651494 -0.42519409239353351 -0.42578204222725113 -0.079342607548321092
0.32858754486270175 -0.2815616036941529 -0.18740158216346375 0.47328076949711639 0.46473980212265731 0.040239947221946071 0.37729128120530675 -0.43350027644864148 0.054780902800855923 0.052331524489463981 0.0051162058242849697
0.32465685151291984 0.47015660152218347 -0.18908729571821412 0.46809924905258038 -0.28299433860347284 0.038005931207457315 0.053884697754341411 -0.4358746404425678 0.054207933501605798 0.3755868420706226 0.015978145466123993
0.33305487486724816 -0.18003522287615231 -0.17895063587920787 0.46452399760763891 -0.18574249059386891 0.03755441070672666 -0.43448419845440545 -0.43396971227807668 0.060479667872480991 -0.43828506612064932 0.0093524621874020147
0.32815704894019265 0.4644204473741001 -0.19232419871316322 -0.28034467688480696 0.47067457239526889 0.041072368353753254 0.060299825929131426 -0.43172006105970062 0.36873023857311188 0.061271376467153998 -0.089938428610373128
0.3296165700992883 -0.18355625411485327 -0.18183874773318751 -0.28054725947986642 -0.27557034524780599 0.036701317189075537 -0.43648371460370727 -0.43680598725880548 0.3781917137211887 0.37973270752714428 0.0076495971399412246
0.33490411079642246 -0.28467242432818679 -0.17811751042635401 -0.28152723679263042 -0.17432523348925696 0.053800883082784051 0.37666282271443202 -0.42086940749396007 0.37916956799134205 -0.41997883775621692 0.15289168433011144
0.33258397247126376 -0.18404627412603239 -0.18496650617740182 -0.18487799097596197 0.45702916345819289 0.028656961139186345 -0.43101740378244885 -0.42900479289503168 -0.42899519389248353 0.05505895697396708 -0.14330398735403607
0.32912654648373163 -0.28740980846121628 -0.19142124176132128 -0.18087542047731547 -0.2849765072394036 0.037377254183832136 0.373434756339595 -0.43324418595047953 -0.43194268083291298 0.37817377777084127 0.018992431126499197
0.33038126748870006 0.46575576160927001 -0.18555747308510101 -0.19057307643554106 -0.17501003516001334 0.048163662735226778 0.059137281763917478 -0.42108278402331845 -0.43345806730102832 -0.42413114641732291 0.1471081573565641
0.39294304789391765 -0.00027243168172022303 0.00073894720023205099 0.0025432424262819059 -0.00088080409107699589 0.91947771278263279 -0.0039465799037920937 -0.002795107101223636 -0.0032145592988962338 0.0060428348678570713 -0.0088541112831234964
-0.39286126984570113 0.00039528603909563863 -0.00069599699512474654 -0.0026053411019842923 0.00093227461681017702 -0.91945336625891771 0.003979557216862252 0.0028364192698166219 0.0032862627031180545 -0.0061328055460709583 0.013599240895826262
0.53221720073839129 0.0071735554222337617 0.74811440459576051 -0.0020002465404118271 0.0011567277284462985 -0.2291345747086336 0.0099230398300651067 -0.32281413167736228 -0.0022388037727399624 0.0027250953351944216 -0.013797388447172768
0.53083703282623396 -0.00035450988351967363 -0.096090072592356704 0.0043488555047814853 -0.0035599301555858469 -0.22432398451680197 0.0014915275303776061 0.81151343231850237 0.0062599059211715493 0.0054907824156054073 0.00041300649053102492
0.5297608635047335 -0.0017053926781172752 -0.6560867650395954 0.0025072326478209469 -0.00053953152204489656 -0.22721241356038688 -0.0017345692970730624 -0.48665959090753036 0.0042025575072868002 -0.0014351775998159622 0.020207184647673956
-0.53217726260528275 -0.0071133014867262884 -0.74808990596772096 0.0019712190689108564 -0.0011318011827213762 0.2291392663020137 -0.0099071216183634937 0.32283073358397452 0.0022718069979177657 -0.0027667118780633189 0.016051020228419647
-0.53060685110822747 0.00068258845870475639 0.096284199883805419 -0.0045143516616149796 0.0036020019117890593 0.2243715429797033 -0.0014166784820420738 -0.81150934131957797 -0.0060960218640302459 -0.005796752626728522 0.013752510480417958
-0.52727195849931674 0.0035794530496517118 0.65703888576920655 -0.0036443755224884744 9.7895578132011309e-05 0.22707782188445036 0.0015529969730649288 0.48571383715528349 -0.0030081687548456147 0.00075291908611250418 0.052571705935085061
0.52916376331627224 0.0035711508319878275 -2.0739973016954422e-05 0.75240998244330815 -0.0060866514794280773 -0.2292100444898775 0.0015745550142445494 -0.00025974438244771348 -0.3180858632101658 -0.0047735228448947242 0.0085985439338226426
0.52849906422916504 0.0047874175567035526 0.0017953797417415082 -0.095615029088444617 0.0039701872230727357 -0.22305890326991942 0.0034505455252390547 -0.0023397296215564864 0.81297524711906599 0.0070781684387635881 -0.027442528228833283
0.53465562704112291 -0.0041606205818244327 -0.0063209347294370137 -0.65144073197463792 -0.0011408117612217376 -0.22847911411477781 0.004430185519872773 0.0043200808526289948 -0.48718829148142095 0.0052064073954658611 -0.0094463486658475943
-0.52802940422319722 -0.0021496848846672503 0.00048327546055185416 -0.75241995499363201 0.0063657661044756687 0.22915044409642446 -0.0012131204752235936 0.00037127292871827884 0.31886189104050844 0.0041557249417332178 0.028320854198290304
-0.5286090645084548 -0.0049533347157978275 -0.0018633999744930079 0.095689220205996336 -0.0040350186118726554 0.22303546812347932 -0.0034825938968030307 0.0022922375729069913 -0.81308382718654593 -0.0069574580538002357 0.021349983304521661
-0.53445041985019726 0.0035009584924887561 0.0064943577875306684 0.65137135734812857 0.00070217892154757168 0.22907831162755443 -0.0043610973976121658 -0.0041241736870225995 0.48579806868450476 -0.0051044925744252933 -0.038528650124912786
0.53406601553040856 0.0016187261661702638 -0.0023273866164649154 0.0027516264252587875 0.74854439654072347 -0.22562203229258943 0.0082700341754290002 0.0040482647046791243 -0.00050771204670009118 -0.32058128118238094 -0.026009037426066008
0.52493388948687625 -0.00076263869388900024 -0.0032472571603317704 0.007833274307244115 -0.096220452373392593 -0.23004232916170655 -0.0010973295172078399 -0.003374620236951419 -0.00066557203271425927 0.81333881703927635 -0.025710115540160988
0.52658301346660796 0.00089102998101979209 0.014345883251473061 0.0015598840356989602 -0.64508781335568821 -0.20833452512436715 -0.0045864469756768588 0.025701372220677143 0.0098322964034898135 -0.47387667363091091 0.19396485557121199
-0.52597464748505507 0.0010816764793389986 0.004130778820622712 -0.0037091150229975516 -0.73709797932517795 0.23008406317561875 -0.0070765675315488724 -0.0015380932139618243 0.0011554783172976952 0.32573268370281516 0.14460640427464289
-0.52571402980003312 -4.9604438229020016e-05 0.0029135405040291119 -0.0073374082871709373 0.095920185889006221 0.23007133720797104 0.00042775456761718472 0.0031039370788011342 0.00038058601786323924 -0.81325091868341159 -0.0064737069777509116
-0.53262167045977515 -0.0027607055152071495 -0.00075850775654817953 0.0048351771116037813 0.65580199616135382 0.22505983694607237 -0.0016501491791429551 -0.00083244532098932335 -0.0087275090810998834 0.48525742954832218 -0.0001836040280805216
0.52998337857094602 0.75305245691313061 -0.0041917243029446945 -0.0022915022845103722 0.0006481237923472654 -0.2278856597152486 -0.31520655870414382 0.0014586303297047204 -0.0013259619378212816 0.0028939760097544676 -0.026590685346824822
0.52807340727085916 -0.098969527014562214 -0.0077460982910946283 0.0040124777410551361 -0.0053994203017385797 -0.22236685536534442 0.81338381948757554 0.0012508000190667174 0.002910891592538772 0.005447152759098111 -0.01258125855808925
0.53426911449134729 -0.64987427675940646 0.0073997566007745512 0.0036343570290133329 0.0014918886383673338 -0.23049722290823627 -0.48873325196759021 -0.00098763800588616167 0.0061387070533275214 -0.00083727611026086595 0.011010245000384436
-0.53030853083296381 -0.7534201085090203 0.0041029272198062636 0.0025266483603439737 -0.00072252578698345639 0.22781797749058863 0.3149197303718772 -0.0016684398224699689 0.0011523681640296783 -0.0026636308368346078 0.0045374215540162112
-0.52803652524429157 0.097183096192344998 0.007664998459196483 -0.0037565324883391728 0.0058473853254612197 0.2226313186887541 -0.81278303309304512 -0.002057012400744716 -0.0035398609136895378 -0.0045005350523269006 -0.037521173934972743
-0.53446614421035021 0.64936518310218527 -0.0075745793799506514 -0.0033912301884318728 -0.0017279613862070664 0.23045227299179558 0.4884781366752734 0.00077160512473027751 -0.0064517930002703019 0.0010798423980857598 -0.028920786957416469
0.12516225985502832 0.18652930564068113 0.18350854382783688 0.19070814658071203 0.18493549087610683 0.31030405569298236 0.43285449827593153 0.42916968766265473 0.42915013629204751 0.43961222807277595 -0.0053021894781089653
0.12940188093883254 0.28770589141621211 0.19182850710116892 0.18210360239106937 -0.46566361371354903 0.30760400463433907 -0.37896901422684476 0.42864699303769549 0.43467092036614979 -0.050775537591316415 -0.013602488581720673
0.13355374873545472 -0.4636302877304691 0.19373090959177061 0.18709679103423124 0.28227589270655784 0.30987688327276425 -0.055469095581852465 0.43126188224452533 0.43554732001628871 -0.37432543262501711 -0.0092458875152336088
0.13195890266928817 0.28176653088610754 0.18538060228168388 -0.4648967008933455 0.1888965510489086 0.30414439878367872 -0.37593597820430585 0.43208284402762576 -0.060710732669292611 0.43863295358862808 0.02014280811293942
0.13406310042863687 -0.46952306207236405 0.18969301406133751 -0.46703774906456424 -0.46745911306023302 0.30700949423677182 -0.059337304867728313 0.43150415722239954 -0.051200602757992764 -0.048453027347459286 0.0029457910668979834
0.13385360268964627 0.18195838752496474 0.1799517897776623 -0.46792125853841343 0.27958698508604984 0.31188627616612175 0.43766580120673465 0.43653053236246109 -0.0578456876312054 -0.3681754536844522 -0.034495339189768048
0.13038154399516014 -0.46884425393510437 0.18881484499774323 0.29024792898001511 0.18222535991837249 0.30281963159645897 -0.059483130962765945 0.43033008896136837 -0.37807377842965917 0.43209290664128019 0.0043256503263754712
0.12897187886362813 0.183951308074807 0.18228553851126006 0.28172799490462319 -0.47502971415323031 0.30828074102234382 0.43097143655911385 0.43223274652974025 -0.37540514481514708 -0.052406029082259602 0.0015180588022749033
0.13613130714708163 0.28580354232100658 0.18809932266803753 0.27938714445046847 0.2778433724239906 0.30367191285502165 -0.37434116954560231 0.43467809747252517 -0.37741755699397123 -0.37873371397146943 0.044417366162817183
0.12580404179653965 0.28204875499514337 -0.46521011570334769 0.19021757356322827 0.18902363463611646 0.30538087253218277 -0.3824097559370277 -0.059281574785043402 0.42953624596742396 0.43352978041009915 -0.028814413437489847
0.12900339541239936 -0.46750240207856425 -0.46029624790155937 0.1871795888851355 -0.46707359951714894 0.30825990222834665 -0.06562436618360909 -0.059747398121904327 0.43993049995216749 -0.054776985163002265 0.017123291056241611
0.12857565701745974 0.18370617197255604 -0.47014300278952714 0.18642344781240122 0.27985052165678426 0.31309514710074648 0.43129322138226617 -0.054761183564629362 0.43309192741712255 -0.37429643611781332 -0.030137061997211067
0.13076681503391968 -0.4746159201580894 -0.46738283520641283 -0.45929257352928599 0.18744754610575512 0.30474589188003226 -0.062936129711321606 -0.05638452012472784 -0.056330841156809169 0.43569858701638614 -0.0094948190380040511
0.12937715209095152 0.1781942882715645 -0.47402425297309825 -0.46788674348205433 -0.46971400175346684 0.31027474217357509 0.42753268296377073 -0.054444864561138097 -0.053402023330818109 -0.048722982106709917 -0.0039431683540696793
0.13536292621851231 0.27876431054509337 -0.46861407089705337 -0.46914744137534187 0.28422569539519926 0.30701882367177558 -0.37758554529604582 -0.051656792073170574 -0.05682653388372292 -0.3747431015901318 -0.017976341174549552
0.12560008642829915 0.17857751843223751 -0.47482612637654026 0.28957315680261608 0.17979504159336429 0.30591570898877912 0.4273103147562598 -0.055641332120042158 -0.38044550306523633 0.43182131854534078 -0.014596297193256088
0.1305170595027666 0.2808734938957127 -0.46623401896870559 0.28041666665638521 -0.47024521215545462 0.30339199164681585 -0.38422395750713229 -0.055885291816013059 -0.37431396534677291 -0.059085435372864044 0.023177605182532653
0.13329810418273919 -0.47153634632928998 -0.46413852121092702 0.28503448802231734 0.27754778056964569 0.30468344105638839 -0.060758574690105566 -0.055030762056500704 -0.37381802075358989 -0.38087644209833682 -0.042712147781299642
0.13028621416207273 -0.46575050656966288 0.28302346736481432 0.19081332254051386 0.18773347543050262 0.30172805847190709 -0.057829077194798129 -0.38248530805449499 0.42344109289033061 0.43263831810449971 -0.084786763929468795
0.12689173601697698 0.18945350089656221 0.28038079342950634 0.18158744472397262 -0.46744666130373025 0.30961408877854324 0.43300772951665528 -0.38160149887497774 0.43150406929218843 -0.051152111706849572 -0.011113310772867322
0.13197661809001401 0.2881395073956034 0.28478834302934231 0.18111624522897657 0.28544510077367863 0.30615776086754809 -0.37241754028258428 -0.37886156688169859 0.42689997267301077 -0.376136948419248 -0.066972532014452996
0.12894404739868492 0.1826736427418573 0.27331237480077819 -0.46508718357481815 0.18727186703372678 0.30618943760965572 0.43581778893465062 -0.37805668815914306 -0.064324507022823635 0.43925875834548389 -0.015013422539863241
0.13345152989029563 0.28422913718913512 0.28179319152683457 -0.47385334073108887 -0.46320089901137224 0.30349849743388135 -0.37595470331633163 -0.37854072168260372 -0.058611981569291705 -0.051368808012832522 -0.0091950477107997797
0.13661582708768233 -0.46797073704464831 0.28208457195127246 -0.46810433035500559 0.28409928881780555 0.30492889598300027 -0.052583944441513569 -0.37600478395545078 -0.058526302520019724 -0.37416111636443422 -0.048842193446281205
0.12968485848114947 0.28299032496212678 0.27955569967122734 0.28359109255667442 0.18569484985260304 0.29916057815639291 -0.3762693367817177 -0.38009745696960051 -0.38545579007669162 0.42952891485868638 -0.037675486426986114
0.13256361617872481 -0.46535633079845673 0.28592402944433365 0.28090207761175917 -0.46998361652983833 0.30215327695715422 -0.05920369024751454 -0.38029191084552355 -0.37543035974402322 -0.058958992838012168 0.021897725937963412
0.13163055184648009 0.18501513254808336 0.27509847899860412 0.28022092643252938 0.27652847328913682 0.30659868250684308 0.43741499119754079 -0.3752804607918056 -0.38255242062061884 -0.37814646542699215 -0.047546887617657643
-0.12457393005972589 -0.1856991690702943 -0.18281295117864838 -0.19088807116398249 -0.18434261631365145 -0.31002242072182895 -0.43248790716330604 -0.42885852655912232 -0.42859911591782418 -0.44023098999259341 0.039702264731153014
-0.12964658232619042 -0.28830056446593555 -0.19350378823973086 -0.18113961912679272 0.46407744795401407 -0.30784076867594884 0.37812038577102225 -0.42763278625563733 -0.43466695170505931 0.051923550644312783 -0.047002275990191772
-0.13269223100374489 0.4643041144008313 -0.19333312801459543 -0.18754252077621633 -0.28191500019129462 -0.30937458977125543 0.055695160573793395 -0.43076714398296523 -0.43511340482046051 0.37306349930498811 0.043743899586053007
-0.13067340399200447 -0.27975108779027502 -0.18401587716983367 0.46380382387131486 -0.18841320832760611 -0.3032029824713624 0.37667792344205242 -0.43100444862885401 0.061549076694734701 -0.43999408435930032 0.056764414641564301
-0.13408770192204617 0.4694873897731251 -0.18970767890152862 0.46705437197284982 0.46744371523125289 -0.3070124694534993 0.059327736377169184 -0.43151495310035987 0.051180227171091837 0.048477798629464282 -0.0043079286093541573
-0.13340026200015603 -0.18111731329927502 -0.17954496907609954 0.46695969569053392 -0.27914128349658107 -0.31150164700056948 -0.43727085883672107 -0.43623343396008357 0.058049999895168826 0.36726923304749581 0.06631816072455092
-0.13425646371342276 0.48456657402073561 -0.17639782160005915 -0.30706606873015563 -0.1714724562677139 -0.28543918196976314 0.070103885193250809 -0.39435557294884438 0.37610520717970697 -0.4077336110512601 0.20676955365017743
-0.12890935699928491 -0.18384784687996356 -0.18224522973149482 -0.28177702752995226 0.47507136548597262 -0.30828019463957906 -0.43094944719150352 -0.43220824071632752 0.37546689478860545 0.052332780628240087 0.0023980767631545091
-0.13446578509895546 -0.28366770955218829 -0.18732209496693092 -0.2807466836039168 -0.27848054168141473 -0.30481048324187332 0.37445641330957802 -0.43476211595897385 0.37917971002298057 0.37781833860786795 0.036370597535666058
-0.12644450094682944 -0.28300817015621516 0.46519320259502023 -0.1896162544702763 -0.18946085140980465 -0.3054296104100987 0.38243573097817291 0.05907077875171337 -0.42999914705644599 -0.43327834038040114 0.00079437383390242261
-0.12791341168375911 0.4685220986011378 0.4603997294575714 -0.18877267566542924 0.46542565938142377 -0.30824777678157039 0.065091267800407207 0.059965490481764444 -0.43824190858366435 0.052954912660085646 0.046813519024206253
-0.12926503492673258 -0.18482050816152792 0.46956377148354439 -0.1858180162813706 -0.28002533717352363 -0.31310264723601716 -0.43141751601023703 0.054217344233403096 -0.43333743439706102 0.37506458519618374 -0.012273305340662526
-0.13290400870114713 0.47149391218524211 0.46415489128180309 0.46040684688481837 -0.18837269849456231 -0.30314016980044456 0.062254683561406607 0.054479124995583258 0.054890246890483683 -0.43421211949614913 -0.082709290849094202
-0.12948117868144549 -0.17844057451824014 0.47387123085768035 0.46798950302590658 0.46958692899735777 -0.31030099816378581 -0.42757913744996878 0.054339517438381627 0.053253323025839662 0.048893914764144279 -0.0048621761682738143
-0.13600402885736679 -0.27927787718832214 0.46767129127467633 0.46989382550732683 -0.2841759897740565 -0.30664573749945051 0.37687547691674655 0.05001707364604964 0.055432333426920125 0.3749488775230822 -0.031722057347483366
-0.12594139862277759 -0.17913402324584377 0.47478399092815676 -0.28929724966092091 -0.18004527298468898 -0.30610292495836089 -0.42747851377894119 0.055513612502890032 0.3801480141024951 -0.43173289027936856 -0.009812545166164352
-0.13037753336032334 -0.28059566590426893 0.46635127404855775 -0.28057512593451989 0.47046044814319199 -0.30341142785176939 0.38431504574192876 0.055998300161025055 0.37447623294501509 0.058841940289868298 -0.011901435639443791
-0.13448714741944948 0.47080348448878029 0.46447640861377926 -0.28559961615402696 -0.27745160963504806 -0.30567630321849093 0.060829728515406918 0.053402133331613963 0.37363518197757378 0.3823455458202164 -0.013820415772293518
-0.12866972422595485 0.46288477084125912 -0.28710759492615989 -0.18991408628947848 -0.18996417473096197 -0.30417830379579208 0.05731052224261822 0.38334767451296958 -0.42907937698185372 -0.43311866965408963 -0.011489225640238599
-0.12713890231091679 -0.19071125869385283 -0.28079873960659624 -0.18170541817817651 0.46692835343384909 -0.30939661094225301 -0.43259468534805329 0.38077795795616398 -0.43146950607619572 0.0514392236394016 -0.030163398427846724
-0.13300697636777817 -0.29021651057957648 -0.28587045181413479 -0.18023683762792864 -0.28657353973769334 -0.30637655349256393 0.37206863176644411 0.37874609109891766 -0.42818069210101856 0.37730603023179105 0.017409432890387745
-0.12869710466064946 -0.18236106351239018 -0.27312585906446118 0.4648914786834929 -0.18709021250859301 -0.30601790123131783 -0.43565776182140703 0.37817220149467451 0.064466245574026151 -0.43951308221791424 0.025892600413479253
-0.13339671289573626 -0.28374562368916811 -0.28128839653939958 0.47371980388275203 0.46318504788958681 -0.30220663429835737 0.3758526981168423 0.37759127034748236 0.056146728007362576 0.051719983959998002 -0.051215769777745772
-0.13831108551586063 0.46620492412340914 -0.27423979488330041 0.46298378084307695 -0.27501568455149289 -0.3001221496332836 0.047581963784078855 0.37886586376380493 0.052215025904732607 0.37452639237889879 0.13948053969521465
-0.12997810800615658 -0.28510817106309722 -0.28101150956118909 -0.28335367022965013 -0.18653351533035401 -0.29932101488488427 0.37602503799321935 0.37961871010676734 0.38538119969418871 -0.42912147209926743 -0.0023082125563274889
-0.13258146917091421 0.46532942042513925 -0.28593505979172723 -0.28088965202342708 0.46997158540432676 -0.30215624772410415 0.059197011732822227 0.38028336692658898 0.37541544967981211 0.058978095024906557 -0.022939909568207947
-0.13323677362922828 -0.18624161952396451 -0.2657600403023605 -0.27472886239744804 -0.26612259006932298 -0.29998919216660608 -0.42878244035304497 0.37836530844661509 0.38174258390807286 0.37856939960790298 0.15679938651972969
0.53787828438143814 -0.010912551066333065 0.013211712737793032 0.0075624017430597759 0.018875188445464208 -0.67350145473476408 -0.015405346320723047 -0.034839164182374503 0.00039413916031461093 0.018180187039568672 0.50457296724573109
-0.44865112833179183 -0.010246563454601811 -0.021274487591965426 -0.011403974181434648 -0.029399607540252014 0.74042989345764565 0.0062643602949203339 0.035628485053905347 -0.0085104352370721364 0.0006264449553801117 0.49753623324033458
-0.38378836177113274 -0.018378112787994172 -0.58396731809576119 0.002964387290707673 0.016330469718420199 -0.30792539372719513 -0.028858019818284533 -0.46262636893742726 0.0024566904740303021 0.009645022599801727 0.44866734388302371
-0.32210880968919642 0.027837208729819159 0.69089626316728459 0.0042441168001290551 -0.0082973132191696067 -0.38073886021635672 0.0073992757264915608 -0.13388454920623638 0.017606133605334626 -0.0022117364874234382 0.50476700659120999
-0.4347341883932942 0.0048569692280836128 -0.025150179246244735 0.011808341219584075 -0.0039942408858978321 -0.32162356798474762 0.018734337101423013 0.68993597527977191 0.0028692362449971413 -0.0047070255107570817 0.47995826842789396
0.33751078480756058 -0.0025453626899920572 0.52384396645942755 -0.012424045645470332 -0.0015855563207284285 0.32615884142865648 0.026357729138745296 0.47777783315163497 -0.0028979587633687128 0.045980752010817909 0.52349022328347961
0.41819703378604645 -0.036461125347864116 -0.63793697969096042 -0.023215322153667527 -0.014798891955765895 0.25506319837761754 0.038638930168855098 0.33714801294923985 -0.017154762180116762 0.037801229385008947 0.48385749481905188
0.36851163661898656 -0.021044398003686186 0.10925241236443631 -0.027306724841649137 -0.018959035025801083 0.36315710837358173 -0.013205791037643333 -0.68682615435462269 -0.0034904911348372343 0.0088152118441075684 0.49682751441315354
-0.43355805946499215 0.029025305526338089 -0.023407155587826214 -0.54575005950946665 0.0068896290771445342 -0.31250086768909491 -0.035246595165052824 -0.019228383257839734 -0.43911562352058214 -0.0023702885249565105 0.4697333890075257
-0.40867407673664169 -0.027941000044891199 -0.013398681280923766 0.66382272805123843 -0.019152711605519384 -0.28933882393868265 0.011362626374363576 -0.0265588505531975 -0.25132462507573067 0.019452049568385383 0.49285286644162529
-0.43733317337293121 -0.024008306072834985 -0.01282177548791988 -0.0074510670742242565 -0.010622536075119499 -0.25417814941191585 -0.026337756562898877 -0.0056491091510626141 0.71568576549471619 -0.012876610978837607 0.47971501808022315
0.38224576722057368 -0.0549069279982329 0.0060899208510299023 0.49919782869340967 -0.024526226852482309 0.33437347242061116 0.021885693076274717 -0.00052979099747601675 0.48253571427600939 0.0469883063632687 0.5036891976235458
0.4033247296528979 0.0089073510473332059 -0.0089434270619396065 -0.66325628840613171 -0.017531207531090533 0.2606766785794592 -0.016916817451310573 0.027878317758920856 0.28751040860200228 0.011078322110433062 0.49512919017980411
0.40204501400969295 -0.0072879998252740053 -0.00067534891833868351 0.055573333791281654 -0.013104831459344402 0.26643158003176864 0.026197207306741875 0.013801856493461245 -0.71086064303786944 0.029554361081036377 0.50693906715244497
-0.42968656166674818 -0.009713752846312363 0.012548474829151404 0.0061296481160181063 -0.57354700139431236 -0.31957458147617324 -0.021731464307083503 -0.010203726540319412 -0.021685860248591073 -0.42932792367086459 0.44567574965832402
-0.39323384520276555 -0.0080971229394292982 -0.0042867442542689821 0.021783616606064923 0.65146686163605905 -0.31375532850397125 -0.020099804724629189 -0.023731075065532389 0.0077717481573310503 -0.2417677508510917 0.51232605632457162
-0.44677385936734598 -0.0024776534865719609 -0.013285905427900086 -0.0087905230826671298 -0.036976878098151353 -0.27621518752832408 -0.0071833243692961783 -0.04055415742494263 0.014318604844415479 0.70745981781818101 0.46911663347129628
0.42593852109214775 -0.013292081729912274 -0.007678230429656604 -0.020118534252584627 0.60349534024453355 0.23161949906465565 -0.004217809218196175 -0.010267816564824646 0.0073971052652760608 0.3545257264784652 0.52365574784708468
0.41257434395299003 -0.011296260001717779 -0.0098957712458698256 -0.028562302786368704 -0.64004395205477316 0.25694480150548354 0.017333216940498091 0.0020120952322706044 -0.0094216481201384698 0.3556659671161605 0.47557611972788733
0.40902771679587957 -0.031726684204740979 -0.0086495364464557467 0.0059008912001460717 0.10201856505394348 0.31866963762630274 -0.010653740351897565 0.032299389401532853 -0.0023421478950647083 -0.66078584133426876 0.53086892670421526
-0.44168687246572047 -0.59631706924934302 -0.016760323588002037 -0.0048452647222677258 -0.011852799530022492 -0.26029535801033943 -0.40084100042106341 -0.0010287128752903614 -0.013450137336057891 0.0080909406219634664 0.46925385127310959
-0.43713072335148029 0.62741529336970991 -0.015612097441812245 0.048950536538897194 -0.0042294957439114088 -0.24724521666316399 -0.34636534575541766 0.0021692808319790737 -0.0075805874362446018 -0.016775932215968938 0.48079751061104709
-0.44322831081565706 -0.0078933579648657777 -0.010901974343975178 -0.0029677560516332673 -0.017929943086642322 -0.26446107330295299 0.7029276330000076 -0.036781309649704455 0.032592521007275291 -0.021271800193816363 0.48592455457167694
0.37593860091420395 0.50468294313328865 -0.020378014769673113 -0.00011211629198774894 -0.0044986585527759335 0.32177912720440577 0.48607428299447186 -0.0049487599133305228 0.01335890848567051 0.022429482989233782 0.51284864590579804
0.36477091917824567 -0.68362802973906678 0.012765266634282561 -0.049827027703964889 -0.016860253996347618 0.29325880119228909 0.24686311138325961 0.0067291269477050821 -0.017840142254240701 0.036663571333534976 0.49801109532162086
0.38632871241149014 0.13660694064431328 0.0037563158315385486 0.0033217951760529125 -0.027837672428055439 0.31560886619323109 -0.68893708027903378 0.037539468388083884 -0.031551123331744299 0.043778017104460741 0.50271675190023402
0.18594106605774927 0.26418212282564668 0.23936319568918488 0.31586450958082002 0.25818196337673605 -0.18168462310091665 -0.31092775630368413 -0.30826030568312007 -0.31361584871835441 -0.30297165094429185 0.50700509074549316
0.12182533923524162 -0.41252129268852111 0.20033211957345509 0.2016036875873449 0.20131313380618437 -0.23710590837628873 -0.025278854814470484 -0.38605848525561642 -0.35392636603038952 0.36401287383315245 0.47959582542079032
0.17498029343260479 0.13812968745157886 0.23800191105187846 0.2570454587905554 -0.39569868870613062 -0.22712073463149629 0.38256823024385272 -0.36321247320606204 -0.30380784532235888 -0.040039540758065428 0.49723174202213266
0.17815739402962499 -0.44001087121171484 0.26181270082521069 0.11273883399152375 0.25530834008084258 -0.1960162122375656 -0.11568179413103793 -0.30601777937570901 0.38890984090241998 -0.29380068536964687 0.49516751845035989
0.13079026776749617 0.16060935378335331 0.19259626374628241 0.16677273307368731 0.19209633714038188 -0.23935297605865646 0.3462860562563248 -0.39642651494825637 0.38845831697928379 0.35995317407525718 0.49037440804859483
0.1596298715247709 0.23210462713936686 0.22933040486542849 0.17923650409558692 -0.39508953492905791 -0.21494412144408059 -0.34854465808401741 -0.34823891145108082 0.37966593553752437 -0.042507627312211721 0.49489800172628412
0.17315307460636276 0.12572534392556789 0.23472661274699053 -0.40596158911103103 0.25796270983930447 -0.20455926698367743 0.3664436042022719 -0.326444894043324 -0.076418443747436726 -0.31988480564890076 0.5262197747803401
0.13105590806176173 0.26570779222150781 0.21168483529140988 -0.38947841621058943 0.18133807042707997 -0.23634196035681246 -0.35435213229342805 -0.36628974918816792 -0.044240262733404881 0.35929526493124053 0.48599885971794182
0.14758166034930451 -0.38457235862642541 0.24713634726825662 -0.41112594220316706 -0.40692935925558293 -0.24559923984491122 -0.09928124876786551 -0.34611188861276165 -0.075784899093776087 -0.043920218148910881 0.48681598955873806
0.14147435610206335 -0.42358497804689904 0.19678242464118259 0.23713465863848213 0.22283014282609284 -0.25031416904451953 -0.018786067516900852 0.35123361616445387 -0.34115823903405307 -0.3090312317080568 0.50762873490218607
0.15448202693434482 0.10954830011313105 0.14319734474572135 0.2624631978855585 0.15198915279438818 -0.24387821630120171 0.41516613762283688 0.33094221618816516 -0.28013299302666361 0.41366861238839958 0.51057114060139552
0.14705921150653647 0.22187080020998723 0.20703265384583983 0.23439851903683229 -0.40522797625159901 -0.27768014746375186 -0.31898534908657505 0.35807111074581494 -0.35509920325527822 0.0025830952815748143 0.48369110389926923
0.19003041570998272 0.093930868467642412 0.12482835642139617 0.12365135755181467 0.27916186355250777 -0.22865294263922986 0.39017080784073649 0.35737564505700192 0.40932428591291736 -0.28330915016760438 0.515964228842691
0.12454957324568769 0.21077597313405269 0.19984264393066722 0.19785084610034398 0.18604309863418877 -0.25582438817171699 -0.34135224193738101 0.34595262236984847 0.35719136505285964 0.37598488963786114 0.50573295589715528
0.14627633912701593 -0.42104847835512438 0.21635359655157632 0.17100481594071415 -0.40783468946120816 -0.26828018027470413 -0.0095445428042489257 0.36070627558138335 0.36252954791642716 0.0083215427948185941 0.47462559969564955
0.18842420624125356 0.29509017803117243 0.12690768532497895 -0.36337954205460349 0.28275516594779287 -0.22892973507434206 -0.29638359262916802 0.39151782126138662 -0.10018865238848763 -0.29118426848198414 0.51083565171032241
0.10835819956896543 -0.38730843189725739 0.21046250589326207 -0.43065722890928115 0.18867097888732107 -0.27947694422608427 -0.028671235401695493 0.33800810986104418 -0.027847322243453154 0.36280594737018906 0.49730404428871428
0.15465260620144849 0.19831975051301812 0.18764120834989931 -0.39699210299138116 -0.4002376506484272 -0.27282621003642143 0.38649547083709307 0.3612551554754177 -0.0080488445301454391 -0.0019226983978739539 0.47891863626409487
0.18020696562963137 0.099667505111069629 -0.4173964215489771 0.27598686950832846 0.25390905633519417 -0.2266971256669717 0.3855992353243673 -0.079686608132959566 -0.29208630524053536 -0.29659270486889305 0.51285821562778489
0.12818047991795029 0.1988779883104487 -0.40955250848727254 0.21858529668554402 0.1950810904237496 -0.25569260727869764 -0.33922877726805933 0.0076049873759745177 -0.3592689970296612 0.36931568947256266 0.49443593120171447
0.17931893414662062 -0.43160904401722328 -0.40078242940680892 0.25084290823263722 -0.40652950949581751 -0.24595424754470799 -0.070937541268555657 -0.059121794279148376 -0.33710802134458617 -0.028718545949393277 0.4574448648905251
0.24808641569603318 0.27369328924858444 -0.4182074023221804 0.11023015396597959 0.29860547664169368 -0.16204964177799849 -0.28834970545065008 -0.091530895304854934 0.39591588192280958 -0.23552943494069331 0.50727184110216661
0.12620041154347031 -0.43695183489588535 -0.40715836024687929 0.18824691511320468 0.19585001025543985 -0.26234604058936828 0.0061867550512673111 0.00951820369216946 0.34720950608247564 0.35903874575206002 0.48492980214047332
0.17389078396573654 0.14207594837960277 -0.42769641091279453 0.16252429648188457 -0.41792675077769775 -0.22867502082348243 0.38145110915871011 -0.041620112100338787 0.39453088457041724 -0.01395079731637233 0.45847201996375214
0.19942276138050488 -0.39642143936684876 -0.39596236292299991 -0.38382626518958218 0.303829954099257 -0.19585617674078534 -0.15144765659556608 -0.10255212857981127 -0.13933316491237938 -0.25348493758584745 0.50117646671140414
0.13058519672725447 0.19048270690070401 -0.41212543979784899 -0.42181878821563779 0.1945019461855334 -0.26244536276842184 0.35955172309631361 -0.027864077373644935 0.00086535098250816638 0.36598706381296364 0.47767737327450072
0.17920235354796468 0.25617701792713521 -0.43146961358259661 -0.40384501029758663 -0.4157962285065257 -0.2317994722363069 -0.33734012755341169 -0.036800828356728557 -0.077267739220630544 -0.016991852318497223 0.45274037153450469
-0.16885088197800474 -0.21830378462420605 -0.2060605941561082 -0.23357069608112471 -0.21940439558436292 0.21789767028318069 0.36091722527328873 0.35210362250702493 0.34546120685985676 0.37318950482135743 0.46727599851716473
-0.12593860189339209 0.39939261913941371 -0.23709885893611402 -0.20486795223226728 -0.19538119598562351 0.25173558113937194 0.031383536936997351 0.38778178524420676 0.34046802632900935 -0.36108857804584538 0.47668707293957069
-0.1575124015645453 -0.19698276536480658 -0.19669923289191407 -0.21570803151427964 0.39719783572454886 0.23652075300700295 -0.36196571113641496 0.38008378700682216 0.33451198701215562 0.0061538374937893225 0.50003990116854269
-0.15748261553539411 0.42092529247771393 -0.22498822938700214 -0.19351878234254219 -0.21078509004706764 0.22466270744114963 0.045721621415851101 0.35570345185831248 -0.35910373208731799 0.35900141843818023 0.47811640215038287
-0.17505087733030292 -0.14131819709888099 -0.24669582647639673 -0.13663820744664404 -0.15633963123592623 0.20428036296889804 -0.37329469747170324 0.37732143154901954 -0.40934361564069394 -0.34973316614849664 0.48175626924107401
-0.17294129413408155 -0.20659428596080168 -0.20034284134566188 -0.2182535180107284 0.39788757321615487 0.20989735028659962 0.36943588068693783 0.35284568286113416 -0.3460617176305037 0.00083000353603085734 0.50648246943400621
-0.14866307488969471 -0.19711337469374915 -0.23326337310754114 0.40806961170821804 -0.24602764594775076 0.23780294191550827 -0.33946720671667396 0.35785825759030326 0.018451848839364651 0.36130401939622442 0.47628938112734526
-0.1320331737433417 -0.25500506048229343 -0.21002726810824154 0.39438134792310864 -0.20451044807329685 0.22872466080298265 0.37341318232935877 0.36148780388118767 0.032249388102453092 -0.33659422644934611 0.48918864662443251
-0.15161336273077883 0.37570511444654209 -0.20836120702095956 0.42617590801286653 0.39671467846213515 0.24144279455752579 0.037721785285678086 0.35715698332605139 0.019591144204680055 0.01789570616666231 0.51522178317025213
-0.15216428993300124 0.39298276654960479 -0.2273527373304704 -0.23723059678430922 -0.22246686382138325 0.28090236584891271 0.016713335803731567 -0.35819613170426451 0.33968514472514244 0.36084959614361434 0.46028586037193364
-0.19439053567395559 -0.11468393347006314 -0.12962379912852995 -0.28837882034502721 -0.13920132417163608 0.23546505454745764 -0.44291191156215665 -0.34055802928700268 0.25284226034199009 -0.39601444898040405 0.49129121305429357
-0.20929752117672368 -0.28541298734541704 -0.15715993091527675 -0.29017359237376267 0.38314684021934536 0.22886554392041258 0.27814106515444481 -0.37455519544469451 0.31986793019013704 0.062104035909632954 0.4927744186979981
-0.16520017726025216 -0.18394910629125938 -0.21215689209810321 -0.18784932686624931 -0.22956803982972079 0.25268831047422063 -0.36479286263273947 -0.34255511249807691 -0.37969116697901162 0.35390015690773524 0.47137278562710916
-0.22812693634407805 -0.31579798368310158 -0.13374073941641759 -0.099136499972730815 -0.11869430495863356 0.19535941124353215 0.26582863449725486 -0.37921726488553548 -0.3926011805471884 -0.38708147492474482 0.49982308241569157
-0.1942174208176792 0.39172839988295044 -0.17029499881905485 -0.11317804758612353 0.38770444062539672 0.24221572542137781 0.073125633310291815 -0.37909554538051743 -0.38056396724212288 0.062873656025235286 0.51009095817942174
-0.15287633708790241 -0.24468825733781269 -0.21768186876523923 0.37495648718050445 -0.22747807373489326 0.24921081777673415 0.35568575706695871 -0.36990035817483113 0.019647549596337553 0.36367403416169802 0.46791340138733506
-0.17495634363873994 0.35354685856797258 -0.14724734368960302 0.42030673106568328 -0.14294497991900443 0.24880722917878798 0.10121508990329955 -0.37125949294522803 0.10588261421240326 -0.38430701872958367 0.50669117367040439
-0.18944557125779674 -0.15383276658988881 -0.14257380584261395 0.39561617657342407 0.37289595261333391 0.25528826330637067 -0.39736946474821422 -0.36545063949517564 0.088323261916829252 0.091757292956136077 0.50170295642911578
-0.13823530750960211 -0.21658223482726599 0.39379503248734776 -0.20124805797715417 -0.2017763055159445 0.25649331511207552 -0.34089992389217749 -0.02590416645152779 0.36456726794917932 0.37500949249675497 0.49140628041059442
-0.19547304351772832 -0.25713776228198904 0.38290749416752057 -0.29191731037757535 -0.17599962160557031 0.21257435676794634 0.29311817237949966 0.071332280280304694 0.31436795957099944 -0.38006884222694692 0.50337538208829669
-0.14705476789489749 0.41511056370166377 0.38380848305461535 -0.19354648989311957 0.37552198400247744 0.25378925100264654 -0.0097310398466346152 -0.020250449044525162 0.36800142442249795 -0.020391126090009037 0.52869419810622431
-0.19089431836693455 -0.19472562946335964 0.39927310637201985 -0.22333118173667124 -0.22655101519981094 0.21487695567571882 0.35174504596165251 -0.011224145431932366 -0.36078631031762654 0.34272367996429226 0.4973642009119838
-0.17992581445650185 0.41475414208776712 0.37565775638357907 -0.1186232511402364 -0.16181626172318839 0.22153294448528799 0.08361835655397655 0.076600542957880907 -0.37404094402293409 -0.38710603885785444 0.51238339489153539
-0.15448149785823664 -0.19568515940245318 0.41191894403395701 -0.21057690548048388 0.37447581277865066 0.25331204355803016 -0.35662314923277105 -0.023870486496783139 -0.34799304115736829 -0.022500541642038595 0.51968116004249898
-0.14770603257637674 0.39995433563966426 0.37682858155061283 0.40262113045728432 -0.21706545621179582 0.2586097753938138 0.0099376636995678475 -0.028612244530414756 0.0022437737698212941 0.3776290169389166 0.50655043965818658
-0.20522099951326275 -0.12391342523187295 0.38882271739831809 0.40349100024475076 -0.14560718802924838 0.21502517567555901 -0.37782404252362978 0.13127551718183578 0.097577213342575284 -0.36940259940129266 0.50511441342935404
-0.15413282918639754 -0.2108453603954441 0.40857741976315831 0.38731229296718594 0.37395985074493115 0.2594107440896074 0.36164278134272837 -0.053066232965392666 0.006077127537902194 -0.011905114715101162 0.52337452269924689
-0.022829421024106754 -0.0065999457998710378 -0.034119305180912725 -0.01363054467523076 -0.044533059189617738 -0.015013480571558933 -0.0024577549238319115 0.0081911497076996662 0.0092325770306382615 0.01769314705215648 0.99770001409906628
0.0092990340449495435 0.0083247280287204149 0.033780120745337532 0.014623080110597373 0.041788469398875906 0.030288521922849646 0.010125348426326359 0.019962514471452635 -0.0078556960256201853 0.0001868808098192897 -0.99762861504437361
0.21672000341955913 0.080702261133766037 -0.19986045459847832 -0.074308764144348616 -0.27756099201176332 -0.29151212212420757 0.047252847389116358 -0.40588734621978306 0.057216996398741012 -0.54786930211595097 -0.5182877998826616
