-0.49977149390878967 0.00070255265076966315 0.49993374615609576 -8.7298641637802098e-05 0.49974919508385163 -0.00050765500928396528 0.00084077676299168817 0.00090370250702906483 0.49971604339542125 -0.023175761988673538 0.017027121728189831
-0.50125389514838281 0.00065496395062135339 7.7518070540427109e-05 -0.49901819452206381 -0.0010594355493431088 0.500835137683044 0.00043820787567336409 0.00041771959003926624 0.018253991543756929 0.019486587633705275 -0.49817133577246825
0.49716667851577206 -0.49418878815819961 -0.0011836249583916602 0.0052990507726375369 -0.0072048967298305455 0.00090829417851590868 0.0039776659716132751 0.0023759956195995215 0.2829420859927983 0.48342050616778831 -0.44130198503830342
0.49978545216757853 0.4999302202762983 0.49986059533775423 -0.50041945793760845 0.00028564283927799846 -0.00029749128928027247 -0.0002368749870602097 -0.00024674004493114112 -0.0012303252542336428 0.00091061496674749534 -0.001182370077405906
0.50106732008233401 3.9194038691015699e-06 -0.50022564764145561 -0.00033031594448687621 0.00019663983487139069 0.4994678964661512 -6.6554260087258547e-05 3.5096055238943313e-06 -0.021050332973497531 -0.49830577200248904 -0.022039769159048584
-0.49998250827860774 0.00077653073932135348 -0.00063581062575371111 8.1651147681031081e-05 0.49933964117422824 -0.00045218149790316088 -0.49930280381280778 0.00075974912598320802 -0.01986385928641457 -0.50053218479177664 -0.021101842218669811
0.00033053641639389162 -0.49973040194727725 0.00012399506034206257 -0.00046211426932879799 0.50019726652879071 -0.00038586612509756632 0.50049131497059041 0.0005198748751559099 0.49884971554745888 -0.021827950719350918 0.015887356297160985
-0.00052232039710538281 -0.50040196265691639 0.00030353055359776679 0.50003259709892522 4.8318312379358207e-05 0.50052231615130627 -0.00071140709770674921 -0.00080242417717706386 -0.49838276695269379 0.02055362536453928 -0.015275387472021109
-7.0103614387147687e-05 6.7560803114766785e-05 -0.50025239726666115 -0.49967943739763127 -0.50022822837629755 -0.49983687272227534 0.00026532483809589465 0.00031285781739563158 -0.00041235793015389187 0.0012972033842326379 -0.00088799871989650068
-0.00064371823458197292 -0.50030268694378166 -0.49996074817508163 0.00036424536162516256 -0.00012729578120536185 0.00072051642939177142 -0.00044249140269967074 0.4994568938200179 -0.49950871460531837 0.022103180459555286 -0.016748080158280023
0.0022677076933657874 0.00014211246001196896 -0.00031949950459699082 -0.00061581774379478136 -0.49919861321026421 -0.5011359880044236 0.00064042051542894372 0.00077103898551667276 0.44910221068253559 -0.2008499730476036 0.50756606480092892
-0.001143496192887519 -0.00036243413545866102 0.00039284738585833599 0.0010854638939070543 -0.00038997413626492644 0.0014193208592822959 0.49920900103124916 0.49905090340994168 -0.40297930685228472 0.29436795968473173 -0.50268162250125692
-0.00013133164026561342 0.00053796895550118436 -0.00081216822629850602 -0.50025449564290292 -0.00036590009581669356 -0.50055170788070324 -0.49948730146063325 0.00061082184198945103 -0.02106711450529242 -0.49874326144126091 -0.022709592635663165
-0.0020486478987722539 0.0057493119792108903 -0.00047454270068080688 0.0054290401394955006 0.49377515693896756 -0.49892018105106484 0.0024854254213417244 0.003263599892120848 0.28341749338970296 0.4774341626451703 -0.44599564176349771
-0.00035824921422488609 0.0066334440734918763 -0.0012537799073514576 0.0059300096194014797 -0.007101331819881246 -0.0010232054449294307 -0.49559219256779352 -0.49673518638995146 -0.28256994870713087 -0.48249731910961646 0.44143034631043782
-0.4986572536140696 0.00031972127131678937 -0.50018009607251512 0.00041940733468454592 -0.00016102852410570942 -0.00041817563512672119 0.50060716857260323 0.00066537142384430958 -0.017010930989754553 -0.021187775255169978 0.49981402786126333
-0.50118530689139129 0.00029252390255423268 -0.49997198325971964 0.00089401145122236752 -0.00088434568839615424 0.00094348295617484442 -0.49970752360076121 0.00025819877893687199 0.018592725567204166 0.020204335322601876 -0.49837452446706282
-0.0019020846047756261 0.0072148476596556746 -0.0031453659435428842 0.0057148297862534532 -0.0091279484304407806 -0.00069556650409278878 -0.49475904375147028 -0.49485154839994705 0.46483626365136038 -0.4809156368009565 -0.25060088613763565
-0.49502003927882005 0.4965501358331243 0.0018916835807460005 0.0017408228755070442 0.0075491137858038765 0.00085621304308232393 0.0039267207089707587 -0.00086863990484873136 0.50617173485368983 0.4320145003052886 -0.2558637622956571
0.50084053287230379 -0.00013210789475495344 -0.50052890957675689 -0.00039349231066160544 0.00024115719548755755 -0.50052992475147229 -4.3481766126366814e-05 2.5634075278829274e-05 -0.021929794265108812 -0.49706172592886744 -0.023406355658733072
-0.0021565692227172566 -0.49977261642695048 2.2161149510569124e-05 -0.49999692125250206 -0.00058148866701741039 0.00078104214703192474 5.3287681110407e-05 -0.49999828591728679 0.017881669957563566 0.020252881639265492 -0.49949633539694543
0.5000375613010889 -0.0009776037125116357 0.00072576061874120648 0.49971891554336284 0.00091874720500181319 0.00044222344757374114 -0.00090288654335179009 0.49897532151450352 0.019840865518363945 0.50042335750278499 0.021131428660554813
0.00093555865814743007 -0.00040590431232824509 -0.49994394319300345 0.50031913010695384 -0.49983219826295983 -0.49990204084847495 -0.00015434117385932454 -0.00010354737390005784 3.0718123500104653e-05 0.0012120326268277176 1.7622068373227949e-05
-0.49907777888887089 0.00086271863991574382 0.4996210802967701 0.00036585033877631855 -0.00063696271410528633 0.4993840560566708 0.00062503675313012818 0.0007638538349763514 -0.019820013255385183 -0.50111682654252543 -0.020063562352867881
-0.00033729920799596566 -0.00010792595264844661 0.50014018362467327 0.00032533815018910269 -0.0001435420785633445 0.50034763857750886 0.49944897511859243 -0.00062499867038647169 -0.49937912156063058 0.020834210334206651 -0.015765300013446639
-0.49954824174221485 -0.49964359855727575 7.8556118270902727e-05 0.00068387085365551287 -0.0003853888212634969 0.00020247529850268164 0.50038967566286485 0.50041656976424753 -0.00010068710984191746 -0.00057829659119259299 0.00049985233287300462
0.00013133164026450539 -0.00053796895549776652 0.00081216822629751506 0.50025449564290181 0.00036590009581689912 0.50055170788070347 0.49948730146063475 -0.00061082184198930814 0.021067114505288944 0.4987432614412603 0.02270959263567102
0.0012428726978981511 -0.00018684339642231038 0.50024760552968561 0.500262980420633 0.00029628413135321391 -0.00016018411697665759 0.49973313466385055 0.49975342452801907 -0.00088793631042397264 0.00024714761814992943 0.00022310304373457666
9.0287867649792059e-05 0.49969653366723965 -0.50008318275815 0.00083731577690093729 -0.00020535420181362512 0.00058567304567992565 -0.0004362624169318111 0.49947057874163886 -0.49994449448268713 0.022855799703077835 -0.016767696130627802
-0.0011011178422998306 -0.00020053113868027415 0.00020045221733632352 -0.49980724822785627 1.4387343096346259e-05 -0.49938094521072179 0.499930039966549 -0.00017229218093687813 0.019744577160029638 0.50007247827228629 0.020437385347717711
-0.0036593431348247015 0.0002928993796354091 -0.49938616895435695 0.49215043524226071 0.0054402818105510438 -0.0030633996930420518 0.004979971731154339 0.00036316274511464185 0.30356391250990988 0.44666704167396709 0.46546913816078206
-0.50012468780885888 0.00084207177770916509 -0.00021941572473925191 -0.49994495057776223 -0.00049353293290036425 -0.00035806411033614046 -0.49890488285298673 0.001202311145883741 0.50021247403866553 -0.022819175262332913 0.016983886272244699
-0.0012316820128528867 -0.00021081165235190271 0.00020512088779446383 0.50003946439847313 0.49983588555857777 0.00067107834174704351 -0.50035912118814119 -0.00046457541163979533 0.017862324277657403 0.020477778593338249 -0.49902374654710346
0.002221697689558922 0.50008866353061798 -0.00030774233926540929 0.50041911938607531 -0.50003844599699809 -0.0006957732115514837 7.6001075889093071e-05 0.00024617031382809343 -0.020710213644462273 -0.4985798606757833 -0.020909675820763949
0.49995626843724472 0.00024208150755548907 -0.00057308492173624003 -0.5007237080779483 2.0741175737144533e-05 -0.00066295690335709228 0.00010726855082318859 -0.49981727873061926 -0.021246922666140356 -0.49852611026648475 -0.022839283760744272
0.00097540133214248125 0.0044440247639284365 -0.0035575873357193738 0.00070161358387767127 0.4959628183628777 0.4983054284707702 0.0023003644756625732 0.0030021186344811042 0.48371236263905548 -0.47076120455384274 -0.22376475913137264
0.0010645425186262558 0.50026881866374395 1.5604772735900982e-06 1.0956145947986545e-05 0.50011920810818278 -0.00052070950880922669 0.50049754395636159 0.00053355979677852312 0.49841393567009074 -0.021075331475817371 0.015867740324822296
-0.00023721042536542958 -0.00028662171902209624 -0.4999391514560263 0.49973558708395288 9.9745981982849678e-05 9.5015990777566094e-05 -0.50015280067580581 -0.50016982971931678 0.0013310123640791014 -0.00033231837555455117 0.00068251774453176848
-0.00056408641802561965 -0.00024395325127220949 0.49983692168937199 0.00026216178401593655 -9.902471794950183e-05 -0.49965018264011446 0.49947204761255298 -0.00060287420063223282 -0.50025858285224334 0.022078256407827804 -0.017131886513123584
-0.0007544481521897994 -0.00045865879814289051 -0.49953390571560458 0.00015704845127091378 -0.49990765443928387 0.0006901482796734847 -0.00024235486075556729 -0.50030039764159218 0.021676362197554047 0.49929382817677281 0.022185477119170849
0.0013570541994216256 0.00023606390225078329 -0.49973213052572357 0.00015744365914510672 8.3506638243976546e-05 0.49967507661529514 0.50052684880163478 0.00060924808795842598 0.49932046699706029 -0.021441069165672011 0.016808946484911512
-0.0018112809128841636 -0.0018501572322799939 0.00092314211425795212 0.0011313373714032123 0.00085050660786661794 0.0013859750100340619 0.49854432733175363 -0.4994165503262909 -0.38120662602695049 0.49959436210937225 0.32727994796967869
0.50180031528452096 -0.00024699296735327585 -0.00018206866124434202 0.49969127357147791 0.00052294168638561346 -0.00070364524722843665 -0.00032133155634975034 0.49976480942475687 -0.021908942002137478 -0.49775519496860365 -0.022338489351048593
0.00093003562497612539 -0.00013594519179742484 0.00025423807329522682 -0.00041783849335524632 -5.8241696721752706e-05 -0.0011922538437247974 -0.49858664682894416 0.50057006934840509 0.48349695555162603 0.017297569396816623 0.51649772681686368
-0.00046243136500045252 -0.49972251259825218 1.9203896693133051e-05 -0.0008817197124895373 0.50021278460849672 -0.00041076010027912477 -0.49950758144359464 0.00051350098782811831 0.49978783140264127 -0.02246513796150584 0.016210296325377602
-0.49883052088787061 0.00062351347126850221 0.50004007126696304 0.00030694418253611743 -0.50024986308425778 -0.00055332122767416648 0.00082466095395471379 0.0010092754941053168 0.50003812745071308 -0.022824379354971346 0.017791683282341781
-0.00060117414937694766 0.0003022310784860405 0.49985658926919491 -0.50015200122879333 -0.00020591637929500662 -0.0001194957731057611 0.50016173477102177 -0.49982866362735601 -0.00022591697442597488 -0.00052376767972723063 -0.0002776913659617507
0.50125389514838181 -0.00065496395062032752 -7.7518070540793583e-05 0.49901819452206309 0.001059435549343253 -0.50083513768304411 -0.00043820787567272121 -0.00041771959003856124 -0.018253991543749026 -0.019486587633711819 0.4981713357724698
-0.002175250829788789 0.0037866554151786726 0.00021582945194242718 0.0028660170829980553 0.49606869192780184 0.5003958500342377 0.00042566442845990446 0.0029753860056405614 0.25111029908007776 0.47068803425320266 -0.46784599286576728
0.50107425563879482 -0.00020994598852805646 2.9532716685616924e-05 -0.0005640377491431017 0.00071155534361792957 -0.50058560535927765 9.6183554970575921e-05 0.50016564718599654 0.49756661864949114 -0.019595853719204234 0.014681665112947545
0.00055575735603223769 -0.00029451106804493878 -0.49983436029237777 0.50015519252711405 8.4227902276762248e-05 0.0001199099659585928 0.49984609573838151 -0.50016345583198873 0.00039289650889648002 0.00030486886660021061 0.000359577716319657
-0.0022216976895593882 -0.50008866353061643 0.00030774233926431538 -0.50041911938607586 0.50003844599699721 0.00069577321155191814 -7.6001075890070046e-05 -0.00024617031382567897 0.020710213644470201 0.4985798606757853 0.020909675820764789
7.0103614387489129e-05 -6.7560803114220902e-05 0.50025239726666226 0.49967943739763088 0.50022822837629699 0.4998368727222755 -0.00026532483809396423 -0.0003128578173953459 0.0004123579301517767 -0.0012972033842317023 0.00088799871989620751
0.0025014362136151465 0.00036438497497168117 -0.00075993235031918149 -0.00025814202663011553 -0.49882240529180027 0.49824676157798747 0.001335767145424299 0.0012184726512189988 0.46728950945799064 -0.16893593325389267 0.5059814564967825
-0.00019352466633815315 0.49969199877396481 0.50044479474789871 0.0003058457894995339 0.00020405742503444782 0.00036567271050341982 0.49965977171682019 -0.00042552104398308925 0.020100087179139647 0.49932727582666725 0.021697856858518019
-0.00089936593996398702 0.49983542005779291 0.49983365869024782 0.00011227538074064244 -0.00020563876736191374 0.00025661939808751394 -0.00053135530102811071 -0.50060952759169774 -0.49901513652270391 0.021085906344059505 -0.016094518046065671
-0.49832605775492922 0.00036071731324199954 0.00019382951256729296 0.50047322236998271 -0.00011302089926952009 -0.00039833826135594256 0.50067434754924545 0.00079227984191437796 0.49971743423713599 -0.022267158777579274 0.017566567032295005
0.00064371823458268893 0.50030268694378266 0.49996074817508074 -0.00036424536162567273 0.00012729578120738305 -0.00072051642938984978 0.00044249140270022721 -0.49945689382001601 0.49950871460531976 -0.022103180459553489 0.016748080158281484
-0.0004169008479517714 0.49975313906862756 0.00020818064010054196 0.50047471666735865 -0.00026351697428941498 0.00058103063712128722 -0.00036014934507315525 -0.50040100618696337 0.01788896613385672 0.020920330125387774 -0.49861033058102328
0.0052197897523322328 -0.0057290567061167195 0.00025310698663025179 0.00041032577947831421 -0.48513270791134838 -0.49932785679282171 -0.0052473555271516674 -9.3408007541213433e-05 0.48095703711850324 0.48550425218485932 -0.21953599365622095
0.50183343823900317 0.49978179626750585 -1.9336031945882855e-05 -0.00093346142425647306 0.00099600568705789506 -0.0012988263726492998 0.00018552792907292387 0.00031681306476903903 0.47916459869926581 0.028681892979050046 0.51764496255719283
-0.0010113722657800418 -0.00050621393273460151 -0.00083389528095168073 0.0014031759655007102 -0.49635310385867809 0.50042993056133611 0.00097919749116120698 0.00083304412472138623 -0.47084137660023678 0.15882645926766348 -0.5062414825013335
-0.50038662631695752 -0.4996279891978142 -4.0060685629085213e-06 0.00026745670881634352 -0.00049155921857481886 0.00017799551617150486 0.50039860975807937 -0.49958192358242404 0.001004408279811439 -0.0014343826464686316 0.00090467871143879244
-0.500213791933526 0.50033887734842819 -0.00034234866312121801 0.00051022187975619936 0.49951301436368867 -0.49993313246358095 0.00042051764064798521 0.00038609681020955309 -0.00011563403824794272 -0.00012598227642858417 -0.00022145446299403623
-0.50180031528451874 0.00024699296735504424 0.00018206866124726868 -0.49969127357147752 -0.00052294168638578878 0.00070364524723004398 0.00032133155634768526 -0.49976480942475582 0.021908942002135605 0.49775519496860743 0.022338489351044266
0.50174526226203875 -4.591999416127318e-05 -0.00027201865423368438 -0.0001092931195669081 -0.49973544669284475 -0.00069368719689672398 0.49988435879981041 2.9738784270743518e-05 -0.021885948234087741 -0.49764636767961756 -0.022368075792931107
0.001324494023913483 0.00013939084401682603 0.50003616189046074 -0.0003616226500014939 0.00045318705622658011 0.4991655872841031 8.9881095345537511e-05 0.50014777732391646 -0.017533456114740595 -0.021665532571005994 0.49987080209182
-0.0010207637774399061 0.49993469577092614 -0.00043062003843198084 -0.49955607635655919 -0.0003812528609495534 -0.49954518032382894 -0.00026243960602235469 -0.0003502095945033106 -0.50014108417532821 0.022635461439084799 -0.017567210732319954
0.00088842335116101287 0.00066610690510332418 -0.00040411512734874855 -0.49977171383356733 -0.00042593553613604795 0.49947100731210081 0.50048852245959252 0.00059507125956240572 -0.021125769068860885 -0.49935012027272624 -0.021665946164201786
-0.0014225631204855388 0.50022660418407261 -0.00010027343355831462 -0.49952385083722634 -0.00065954708762602429 0.00064619876332016734 5.9516666881263723e-05 -0.49998460099566572 0.017445890080200709 0.021005500882790035 -0.49951595136929106
-0.0019201230297431935 -0.0033107456265877798 0.00095787774877447492 0.0033009446273721045 0.00013579732094601808 0.00046604111878909363 -0.49834827763206208 0.49758522875797873 0.36220045481203289 0.4992962592454297 -0.35149013219576941
0.0003798013021172187 -0.00011139324428319083 -0.00010958290062507416 0.00016393757984064865 -0.49991642616523824 -0.50002195081443213 -0.50000043691224005 0.50005990845808923 -0.00036217838539548462 0.00090716376022746453 -0.00034195564794559276
-0.0007836299825289345 0.50005402527044251 0.00019447008251474032 0.00050542544899319776 -0.00042294647275737247 0.50061231821260721 -0.50016576784077638 -0.00020780609651983731 0.01802366898560431 0.020450341873841611 -0.49842079090049435
0.00027157473723086366 0.50027670801276858 -0.00010323068637518797 -0.0004086492972134783 0.50013472618788768 -0.00054560348399096425 -0.4995013524578249 0.00052718590945167445 0.49935205152527312 -0.021712518717974406 0.016190680353035749
0.00083522321486250415 -0.49957661109189799 0.49965940005098058 -0.00019486659765990263 -0.00011368967297482925 -0.00064535260058737245 0.50023509771805252 0.00035028194464739094 -0.021213940463995672 -0.49960389588824927 -0.021752445180749071
-0.49903189902855455 0.0005041385970687381 -0.00041730654508300889 0.50027965196122137 -0.00052271709166584908 -0.00050739157377149781 0.00048322053139809173 -0.49939172670579945 -0.019397789464702223 -0.50050852826019254 -0.020225807872285523
-0.00083969390505724483 -0.49999503473861001 0.50027053365280538 0.00025337785864055243 -0.5002769745798672 0.00058557793326975509 -0.00022108376664938177 -0.00019526183939420916 0.017623833602385126 0.020357126953194856 -0.49872948156202718
0.0012160354170241811 0.50056212864606164 -0.00061619641292440729 -0.49957944811850991 -0.50043447611033476 -0.00063060508535187087 0.00049566708784566128 0.00066257550512462604 -0.021153289698117198 -0.49849468991837892 -0.021815296609028926
-0.00050225878946074211 0.00029774018087729595 -0.00041623716231020387 -0.5008533126658099 0.50017869068923637 -0.00065030609853651198 -0.49962365941700893 0.00035262853723728852 -0.017246292477766004 -0.021466348469191997 0.49858212502116833
-0.0011492613227735192 -0.00080494232451151185 -0.49801498295649604 0.49656009969475456 -0.0044683280615170342 -0.0010641335310417261 0.005388006297873572 0.00041339730598510729 0.41564773478824413 -0.52396588314470471 0.24094312488427197
-0.49962022467591627 0.00057927561968264946 -0.50006565747913523 0.00022132760968190588 0.49964330925208816 -0.00020308114402007067 0.00094480374230535328 0.00098531549369452217 0.49989178082508939 -0.022261954684937656 0.016758770022199391
-0.0012230790004501228 -2.8615795289794296e-05 -0.00020589031722870527 -0.4997721090414417 -0.50041709661366296 0.0004860789764792246 -0.00028068120279628212 -0.50031457446999117 -0.49876987386836763 0.021384777069720154 -0.016289415529946803
-0.00041059147201448492 0.00010430412623168485 0.50034906586690509 0.00053258690969433021 -0.00028564818776753156 0.50055213985058522 -0.00022591466383478523 0.49974697856633699 0.017132084587034749 0.02036376524893261 -0.49864069026471886
-0.0015355862650277064 0.0055236279464986413 0.00020834546095522185 0.0054920014854765251 0.49440441050805795 0.50042816399429879 0.00098628856683261935 0.0031055061689474013 -0.47081356106843469 0.47840838295620841 0.23350000100651289
-8.3936422550067138e-05 0.00047426815760819577 0.49945134352877169 -0.00057346259611059064 0.49980148404197233 -0.00071462806200064618 0.00025128895597242097 -0.49969809570507928 -0.020571266807903766 -0.50014991423205768 -0.02178065074059812
-0.0015062555484341266 -0.00073526327460334017 0.0015006269131234973 -0.00053618007421181392 0.0003228036427987954 0.00098311573057868491 -0.00066808649871168732 -0.00091172889220767438 0.069291063905830508 0.99471184447751826 0.075758813500430386
0.0011727690835109479 -0.0001192825933066228 -4.7917369755602236e-06 0.00058354302300162833 -0.49993194424494347 -0.49999705683925227 0.4999984595019471 0.50006628234541506 -0.0013002942405760604 0.001544351002383584 -0.00066489567615806431
1.821195178629456e-05 0.49969451390251129 0.00058560940952582814 0.00049015144908684863 0.00018970006735330807 0.5005166631555229 -0.00030366629520472944 0.49960028294414272 0.020544196772546743 0.49927160584828989 0.022206031080180915
0.0014757632567866086 1.6113812928470975e-05 -0.49996324174477047 -5.2996398681626238e-05 0.00034730122446363372 0.49947016114936693 0.00019390807465776818 0.50022939031058078 -0.017357718685070318 -0.020751725267270871 0.4996024503858309
0.00038847965823656812 0.00016334468793423088 -0.50006025217920513 -0.49942696083263166 -0.00020563181374644144 0.00020955787448722005 0.50025682765511925 0.50025144270598054 -0.0011552749344095285 0.0012461256792881731 -0.00095086945052184067
0.0010056622725338003 -0.00047346511544318242 0.00030845407365901123 0.99999856750458516 0.00039603011333637654 -6.5168126198783096e-05 -0.0004196660119560012 -0.00041640519129766777 0.00044307605365408555 -8.5170757403291126e-05 0.00090562078826881371
0.00031252237544113654 0.5002616909018579 -0.00041317741000344892 -0.50041806039692505 7.9288156369638677e-05 -0.00074035380316104539 0.00037531242605765079 -0.49958380223808596 -0.017219650621569244 -0.021023796937145053 0.49899554098724902
0.50039233910999659 -0.00028463455353044069 0.49986719209607244 -0.0013136168943825594 0.00089986376810260581 -0.00096837693135382833 -0.50029137281342562 -0.00026457266626346083 -0.017654609712021811 -0.02084152256476457 0.49869746449527763
-0.50162127695504422 -0.49966700869757952 0.00056019683366040796 0.00063547993231186073 -0.0005138451611396836 0.0010226551524362933 0.00033179400432300392 0.00021090789524474369 0.27864051985678545 0.44610051371990306 -0.47123304764514756
-0.0015176360847614745 -0.49994519534057846 0.00031690466558204332 3.2355033717155761e-05 -0.00034488805214855323 0.50074716159631905 -0.50017199682654667 -0.00022149101814117816 0.018459448862969133 0.019697722630317133 -0.49840117492814912
0.00092753076857177228 0.50030722183705789 -0.50056722933096798 0.00016722462577447276 -0.00028211584564048384 -0.00050051609421365663 -0.49965354273104984 0.00043920596560668681 -0.020535867056508759 -0.49857465658314304 -0.021717472830861777
-0.00066163614112933354 -0.00053007960647451311 0.00070737706264974794 0.49983489019974137 0.00038141817552103148 0.50052681390552345 -0.50051159495355235 -0.00061719572931616558 0.02200523036047479 0.49810607419910552 0.023032532663881833
-0.0011583897488328784 -0.00042304173123407018 -3.7613544376020823e-06 0.49983221563896824 0.49997799166778228 0.00046657706867009086 -0.00068423140571594596 -0.50083655264836247 -0.49864888187000572 0.02094822367861221 -0.01614835629582646
0.5004750200858773 -4.5471536552195786e-05 -8.2710208898663761e-05 -0.5009171966163477 0.00061888807539170574 0.49922785166077799 -4.1614357677765808e-05 -2.3438868496907097e-05 -0.017817606305791218 -0.020645462949926856 0.49863230148388393
-0.49824856747629381 0.00068960221079738258 -0.00042469435123780597 0.00089549941501851143 -0.50067493507358529 -0.00047295374111332503 0.50067997679234177 0.00087169600038681345 -0.020479891086309217 -0.49954361491591626 -0.020660220692734651
0.00025692860090189993 -0.00069220930192365649 0.00055798726285669271 0.00030025241195956871 0.00064822053416529633 -0.0011487145800273312 0.49915751611209364 -0.49906255003428607 -0.35428219985724779 -0.49998992333740044 0.3553447034712674
-0.00027157473723142994 -0.50027670801276736 0.00010323068637768457 0.00040864929721349348 -0.50013472618788812 0.0005456034839919319 0.49950135245782534 -0.00052718590944974414 -0.4993520515252734 0.021712518717983045 -0.016190680353034011
0.50072101082572551 0.49952431596396929 -8.3347855248449304e-05 -0.00010032783065408385 -0.49954655542368137 -0.50019953213775481 -0.00039121616091960978 -0.00035028741883122119 -0.0011996071307335476 0.0021226475935761891 -0.0011647480090335796
0.50038662631695763 0.49962798919781032 4.006068560670701e-06 -0.00026745670881571669 0.00049155921857405038 -0.00017799551617294216 -0.50039860975808226 0.49958192358242509 -0.0010044082798086533 0.0014343826464788133 -0.0009046787114468936
-0.0014443765039938686 0.00025476411406842543 1.4579777830938769e-06 -0.49953949766295136 0.49942433736553632 0.00076114044312590033 0.50005944123799984 -4.1796333015519922e-05 0.016481132368821032 0.021200136592899002 -0.50025230736358617
0.50116330885046179 -0.00011200873369055182 0.50019274696396843 -0.00069784835204802316 -0.49931037470351841 -0.00077405468345697313 2.9042961422579424e-05 0.00016731827798817351 0.4986320703029351 -0.020927132118675387 0.016083828182153141
-0.00060658851214832508 -2.4634054339997466e-05 -0.0001936790346766675 -0.00022711394601397327 0.49996094352585407 -0.4999758704031908 0.50002350940620155 -0.50003778398833287 -0.00051728290621699379 0.00033688231339414607 -0.0010246308517375823
0.011863136065926544 -0.010008259190991069 -0.00086328062071830078 -0.00034133265327114423 -0.47969412577115655 0.49902713288192407 -0.00090324348887696384 -0.0013591879884333568 -0.46918716033332225 -0.4816868015487572 0.26165296843113101
0.50080428924112053 3.3119185339994592e-05 -0.0003783437651011754 -0.00050353594374253209 0.50026361147526244 -0.00064802097850706749 0.49990047460884857 -7.5834202805169284e-05 -0.022208032289374 -0.49799775031331966 -0.023132637347085004
-0.50054360834286915 0.00040791158461943544 0.50013221153915877 0.0010049906430615243 -0.00079397793633686012 0.00066380306609103079 0.50018734583411195 0.00018295967960022807 0.017478872282353213 0.019927715261027275 -0.49842911278928892
0.0010977068138826838 3.3635453928109722e-06 0.49973289995515846 -0.00042479901617674442 0.00049770441684271645 -0.5008322339335205 0.00011295358930344342 0.50016990179367182 -0.018412917406351443 -0.020421486497383835 0.49850421559213809
0.49993672140045092 0.49980694324520952 -0.50013880829747681 -0.50011083168628778 0.00017975700751512625 7.0825759846055895e-06 -0.00013284800774611327 -0.00016512705826633958 -0.0010545878245656907 0.0018244222704824611 -0.0014507217833962423
0.00021809978613458749 0.00013131551129604211 -0.50021877375065416 0.49857319969782909 0.00073221100443239756 -0.00083046686066908372 0.00089081118182082785 -0.00027474668097510207 -0.49964961740081743 -0.18519839727104295 0.46610685122638112
-0.00034692720409332836 0.00441322226946786 -0.00051837416254940075 0.004701617905666448 0.49492826092443598 -0.50050373923249036 0.0033624274992104129 0.0028756448772360053 0.44581687339933757 -0.49096341797472265 -0.25432796757629716
-0.0009275307685690878 -0.500307221837057 0.5005672293309662 -0.00016722462577546023 0.00028211584564135533 0.00050051609421491235 0.49965354273105023 -0.00043920596560454589 0.020535867056515621 0.49857465658314465 0.0217174728308706
-0.00037980130211823395 0.00011139324428293112 0.00010958290062468702 -0.00016393757984090726 0.49991642616523929 0.50002195081443201 0.50000043691224105 -0.50005990845808745 0.00036217838539375158 -0.00090716376022450358 0.00034195564794387923
0.00043871423145890276 0.00021870100137600835 -0.00030991205144187574 -0.50045906984163435 -0.49982036747887237 -0.00069597231692583193 -0.49963977522604575 0.00045820152431430425 -0.016924208422483589 -0.021114965835486301 0.49934668657531794
0.0027818378623725984 0.00037829273475259065 -0.00027703880744903972 -0.00024040960998919782 0.00041188915040222401 -0.0013766702504699802 0.50070139078442977 0.50086622765133759 0.40103721093858302 -0.29263859322943037 0.50194906844414078
0.00094097302091765173 -7.9039179501031768e-05 0.00010632511086725366 0.0003942428241753522 -0.99999905816810963 -4.566621838884754e-05 -1.6115809037351694e-05 0.00010557298707672541 0.00032208405529155615 0.00035138263370484665 0.00076456155414925033
-0.49920215008904284 0.50073792738010758 -0.00035437027643620467 0.0010397003671447182 -0.0010338699018716271 -9.3684235122418544e-05 0.00072742275386739551 0.00085028537146867851 0.16895673943155487 -0.48065628200297972 -0.4903859335802247
-0.50024823287584663 0.00018149883517689966 0.00038597214420053226 0.50098037298252029 -0.00066340543600653691 0.50076996955684683 1.8541863718308454e-05 1.3143987418884902e-06 0.01869706759740877 0.019401416876300776 -0.49726571498420052
-0.00056117171880075314 -3.2354064780324492e-05 -0.00021590801149155194 -0.00023030524433608659 0.5000826320028724 -0.49997628459604304 -0.49998432110320196 0.49995433547101215 -0.00068426244068621098 0.00055578112652380227 -0.0011065172020949538
-0.0050486908483885536 0.0055659288372524648 -0.003031553097061105 0.0055848378403974362 -0.0090658561978219244 0.00065170001061458512 -0.49608035151453816 -0.49613211365681981 -0.45844940931801853 0.48353919462989875 0.25217401325229027
0.00021744941116632881 -0.49991010862279256 4.0006891381998031e-06 -0.00086185452598033828 0.00039394719184860473 0.49936060902983698 -0.499856201067369 0.00017930773943793042 -0.01620609183880533 -0.022331575189619712 0.50011031742839229
0.00018602997512300328 0.00023120298373950377 0.4998592200105571 -0.00063396440151070683 0.00024942791032576831 -0.5006522124427718 -0.49955300209790621 0.00054338568372401931 0.4992033841309636 -0.021748017637943793 0.016033651719435604
-0.49869278688950786 0.00066160351505599761 0.00018011895498160703 0.00050393115161698882 -0.00027245039773514542 0.49963294931412927 0.0008687290535425049 0.50098547993235809 0.4998521370888811 -0.022737147029122749 0.017756106712826826
0.0010469598329867517 -0.49957409596334879 -0.00019978528739177979 -1.0560938072651818e-05 -0.00012804703065673204 0.49950563784443164 0.00027165970602760758 0.50037608593277538 -0.020769830870583299 -0.49965956586662746 -0.021244270959072518
0.00046243136500087151 0.49972251259825345 -1.9203896693622734e-05 0.00088171971248816199 -0.50021278460849561 0.00041076010027938053 0.49950758144359453 -0.00051350098782779955 -0.49978783140264149 0.022465137961501139 -0.016210296325383355
-0.00033438450877050729 0.00010367323384377942 8.7353923808978048e-05 -0.00016712887816118494 0.50003811464225567 0.50002153662158133 -0.50000739359716184 0.49993221100125773 0.00019519885092640014 -0.00068826494709924902 0.00026006929758848953
-0.50082290492814563 0.49890209542748171 -0.0004380984904079213 0.0025292188604047702 -0.0023585969725329254 0.0011360943363762268 0.0013961962179204934 -0.00055575543676267389 -0.47038232727164103 0.292837827580129 -0.43959514238641378
-0.0013256674466281375 3.481402474583568e-05 -0.00022965324126231142 -0.49974993772077697 0.49968813195175704 0.00055622497719805253 -0.00027349948897637596 0.49957834588960603 -0.50019705331331032 0.021889480491305357 -0.017458803462667996
0.0014876915873250811 -0.49991055708040394 -0.00018530775619567875 0.49994604897079969 -0.49996038757638994 -0.00056092982784016875 6.9772090120199588e-05 0.0002324853922056763 -0.020274433767097633 -0.49933247991931046 -0.020890059848422265
-0.49915329686603016 0.00060341431020343643 -0.50068158527376194 0.0006113002239242413 -0.00069833118525026256 -0.50030919129568785 0.00075213622640403889 0.00086759129139488535 -0.020523737117323759 -0.49895897316517007 -0.021698500558537597
-0.00057904990951591234 0.0067165442579220844 0.49935718938771895 -0.49332554315861127 -0.0069653996805886034 -0.0004558026810714527 0.0036233145026489787 0.0051608757717339967 0.45820488559684985 -0.48289872491558378 -0.25297326993787878
8.3936422550518085e-05 -0.00047426815760461661 -0.49945134352877268 0.0005734625961118082 -0.49980148404197144 0.00071462806200356507 -0.00025128895597246445 0.49969809570508072 0.020571266807901393 0.50014991423205668 0.021780650740594786
0.49855122979548455 -0.48590538555241347 -0.0080511047174411949 0.0069311847589062755 -0.014669542127493659 -2.9871181927549003e-05 0.0082503069414354251 0.0085548430125254992 0.47073018522383087 0.20607860850203816 0.50081734846760639
-0.00020346117203753227 0.00066306179853954888 -0.49585297231021003 0.49719785174983094 0.00084526833792682925 0.0011175808098871727 -0.0010667365036335049 0.00065739445241651435 0.50325194888579872 0.16941686527810845 -0.47429475346181821
-6.0981365221058783e-05 0.4998198106983277 0.4999162208770821 0.00052868952558033429 -9.9468370051008313e-05 0.00028109918041649401 -0.00054028939624435385 0.49938896575497405 -0.50012023191235455 0.021941992399346508 -0.016499344424639045
0.49513900124739862 -0.49526787747350504 -0.0021016280749267522 0.0057845689156673218 -0.0082993793452141324 0.00061240399837409908 0.0032609909638766734 0.0034765364415835381 -0.45572913089787265 0.48809821801177083 0.25196891599847487
-0.50047502008587752 4.5471536551550577e-05 8.2710208898212001e-05 0.50091719661634659 -0.00061888807539146439 -0.4992278516607781 4.1614357678440514e-05 2.3438868496750637e-05 0.017817606305788158 0.020645462949919698 -0.4986323014838851
0.0017809659352183982 0.50042512464766942 -0.00032221987046051443 0.00046250947720282744 -0.00020610545126408935 0.49937079446072052 0.00027788869179818781 0.50038977085439607 -0.021205610747952863 -0.49890694662310148 -0.021263886931419004
0.00040448812315553053 -0.00017123403695856062 0.50016504334285317 0.49984656627579233 0.00019011373404156272 -0.00018466389930533902 0.49974206875906779 -0.50024506881865316 0.000217159079227445 -0.00060893843713609788 0.00062792942230672729
0.0020055155395463011 0.50018977948424392 0.00010788558814064025 0.00040519897012217303 -0.4998798500599268 -0.0005663757271977696 0.50048142814732299 0.00063913278385327118 0.49873601972538095 -0.02072394884211869 0.016632301878972713
0.00060348045186096649 0.0045920083127952123 0.49840314095122784 -0.49715617810776952 -0.0038027000361750616 -0.0008451205022699602 0.0015167223995965588 0.0033572457262854142 -0.28517818143488927 -0.47788318260415613 0.44122660305777717
-0.49978003780480773 -0.49960335514346893 0.0001896729661162441 0.00049457065482943162 -0.50045250274442898 0.50015386591936517 0.00037510035188141388 0.00045586040590805141 0.0015216911860264325 -0.0017712649598715291 0.001929309563182875
-0.0010645425186245464 -0.50026881866374484 -1.5604772745219329e-06 -1.0956145947616429e-05 -0.50011920810818278 0.00052070950881005112 -0.50049754395636059 -0.00053355979677819829 -0.49841393567009018 0.021075331475825059 -0.015867740324824846
0.00030775259563639812 -0.00068039920448313782 0.0004780710648312241 1.8365490701682664e-05 -0.00029456588815008554 -0.00077430415617812704 0.49929459739627163 -0.49854054410049753 0.48343838289475843 0.033163972786023399 0.5170572878241475
-0.0008383845747415153 1.5609359463084609e-05 -8.2562186832931206e-05 -0.00041641414483954242 -0.00010617039731057345 -2.4479782328221032e-05 8.9340952169663606e-06 -0.99999849334667301 0.0011050953896503425 -0.00085608605528329459 0.00040482637857172627
-0.49907807789811348 0.00035358955135240223 -0.00022090837470748606 4.4205827110660284e-05 -0.50015294085108297 -0.00061798255570675534 0.00055211601894183124 -0.49932508219295074 -0.015916152054525873 -0.022215624238908972 0.50069436769472453
0.0063036492251046733 -0.002888823103529007 0.0023399629353241767 6.4956201158861791e-05 -0.47556314194186361 -0.49962549708838577 -0.010453936318297653 -0.012950885336157637 -0.28727766935139504 0.47737184107115355 0.46202938821688938
0.00079498746745546532 0.50017940991269405 -0.50003865546014914 -5.5619110305128852e-05 2.1409949444158315e-05 -0.00041594256412684331 0.00054651838201402031 -0.49937528083335064 0.4996844520349884 -0.021189373155814893 0.016479728452289726
0.00073400610223152342 0.99999922061102198 -0.00012243458306957064 0.00047307041527469974 -7.8058420608501645e-05 -0.00013484338371124545 6.2289857700384509e-06 1.3684921620952455e-05 -0.00043577987736967205 0.0007526192435242104 -1.9615972345979328e-05
0.00088588276620256651 3.1967763918477953e-06 -0.50074055191778166 -0.49947150039961385 0.00015698921317074233 -0.00079837650622454574 0.0004091117740552088 2.4238718464218177e-05 -0.33283174862804599 -0.49468361447504922 0.37986399384466424
0.00019352466633940017 -0.4996919987739627 -0.5004447947478996 -0.00030584578950180059 -0.00020405742503354208 -0.00036567271050283668 -0.49965977171681925 0.00042552104398475707 -0.020100087179140445 -0.49932727582666975 -0.02169785685851576
0.00079491547580373809 0.017800476875316183 -0.014384699200435492 0.0022806663405014072 0.48278350977268064 0.49844249701278293 0.00023790661471144556 0.018190449583788605 0.47136931040639807 0.25099584405024605 0.4821064824356458
0.00048610944917203288 0.00015500020348197948 0.49995359970362752 -0.00077803679484215646 0.00034701665891550263 0.49914110750177482 9.8815190559438206e-05 -0.49985071602275577 -0.016428360725086952 -0.022521618626291498 0.50027562847039253
-0.5009619307097789 0.00023138360789036591 0.00026463084807768628 -0.49927485942663741 -0.00041677128907232231 0.0007281250295575149 0.00031239746113257902 0.50023368392191625 0.020803846612487315 0.49861128102389057 0.021933662972472071
-0.001720498549964032 -0.50029933248803227 0.50046243816731917 -0.00058683006893607407 0.00029763392534640801 0.00047562211903455807 -0.50034535368313626 -0.00044557985293310894 0.021473982911697831 0.49793746934098992 0.022040412859080979
0.00022678721003091372 0.00013602729862530755 0.00030326193530109513 6.3176366173495787e-05 -4.4517360615565588e-05 0.99999782121762404 -2.3072493959631494e-05 -2.2124469754193562e-05 0.00087946129161145276 -0.0012440460736213642 0.001366586499682611
0.50034120952360894 0.49963570920825223 2.6235045376470504e-05 -0.00026426541049385903 0.00036987074155831129 -0.00017758132332145384 0.49960922075132214 -0.50041019587691915 -0.00083742874533827632 0.0012154838333482568 -0.00082279236108901387
0.50000682501483873 0.49973938244209493 0.00011358896918584383 -0.00043139428865567048 0.50040798538381281 0.49984395529825842 -0.00039817284584106621 -0.00047798487566285894 -0.00064222989441187531 0.00052721888625041006 -0.00056272306350240039
0.00041059147201548586 -0.00010430412623086071 -0.50034906586690475 -0.00053258690969547025 0.00028564818776737532 -0.50055213985058478 0.00022591466383530147 -0.49974697856633721 -0.017132084587027401 -0.020363765248936568 0.49864069026471963
0.4996072034213776 -0.50036351140276936 0.00014866962844478076 -0.00073733582576871316 0.00044792916216523931 -4.2737939611200932e-05 0.4996029917655529 -0.50042388079854083 -0.00040164886797311401 0.00046286458982129159 -0.00080317638874261759
0.5012421630401912 0.50016670912131544 -0.0003148022826891093 -0.00017514625610107488 0.00016823347130828534 -0.00069384941158782509 0.00017700394452190187 0.00034370257169346957 0.37791977594845994 -0.49974377560422834 -0.32560953579616053
-0.0017547698796697333 -0.50006452484009467 -0.0003081854553624829 -0.50002914677183397 -0.00030319444034182714 -0.49941033694011644 -0.00026866859179052458 -0.00036389451612570388 -0.49970530429796356 0.021882842195562569 -0.017547594759968116
0.0017874073180651655 0.00056797425817391547 -0.0008439145848529834 4.2744777634878971e-05 -0.00038358207688141821 -0.0010690837308087022 -0.00019874023019032298 -9.2923731439010642e-05 -0.07614251314121219 -0.99447210676233389 -0.072263247352108248
0.0004169008479511153 -0.49975313906862789 -0.00020818064010033472 -0.50047471666735899 0.00026351697429091952 -0.00058103063712108176 0.00036014934507344105 0.50040100618696326 -0.017888966133852168 -0.020920330125385505 0.49861033058102322
0.0010110766353062053 -0.00014659998261575899 0.50035872237752943 0.50007368022180698 -0.49977082979181287 0.49979120650388575 -0.00028144064713271638 -0.00020728483032054408 0.0007344419854442703 -0.00094582075052881802 0.0016525602740443685
-0.0017752753432796215 -0.00067381331224005 -0.0029020622228557369 0.00024666758117736849 0.013596349333368556 0.0003345966697441018 0.5001322302789819 0.48634444848133285 0.29840037797083568 -0.43654497642680146 -0.48324472738339735
0.50023587106405287 -0.00019433662906354263 -5.3029470147969984e-05 -0.00098045189398241134 0.00060538494630663021 -0.50061008514160676 0.00010511765018795816 -0.49983284616067597 0.49867171403914312 -0.02045193977448384 0.015086491491517183
-0.00090571738506249437 -0.00033538176705147767 0.50046549791962613 -0.00015157780005040219 -0.49980176860751985 0.00038557441441069762 -0.00034638184006878498 -0.5003820106282566 0.02150062476788631 0.49838002087303951 0.022453828825158614
0.00071579415044600945 0.50030470670850968 -0.00070804399259466444 -1.708103381170934e-05 -0.00026775848796059971 -0.50065150653923229 0.00030989528097481625 -0.4995865980225202 -0.020979976649908968 -0.49851898660476668 -0.022225647052532008
0.0015279826696411641 0.49992849754147206 4.9235200616047614e-06 0.49996597040566032 0.00034771180095684052 -0.50058748427750577 0.00029174108575247574 0.00038601898588210611 0.49882584300634758 -0.020638796121935813 0.016181008260292958
-0.0021640520213687831 5.042338421100626e-05 -0.00031221542809535844 -0.50016635186561598 0.49958196155444601 0.00053174519486892961 -0.00026456539376084302 -0.50042014745706687 -0.49909195792365979 0.021033394436018173 -0.017053977084092172
-0.0034353506406198269 0.0060344677664699552 -0.00017206249466475074 0.0068650250601102253 -0.0077709846283072386 0.00092852296392850482 -0.49694978874897106 -0.49586224422092906 0.28363771499535312 0.48450960171705548 -0.43795548829523445
-0.4996072034213776 0.50036351140276847 -0.00014866962844429599 0.00073733582576986415 -0.00044792916216503982 4.2737939611216105e-05 -0.49960299176555251 0.50042388079854272 0.00040164886797029904 -0.00046286458982315885 0.0008031763887415516
-6.4820546360538035e-05 9.7383370515823574e-06 0.0010095432629175268 -0.00021490140797253231 0.0008610075503431594 0.00061906286392574862 0.50002599729382469 0.49919941917079519 0.50636270093609292 0.47779448686664944 -0.12681084780416904
-0.0013995562935428347 -1.6744705316228278e-05 -0.00029847019832490669 -0.00064671938917596535 0.49997646160555964 -0.50000076437837149 -0.49997538700798655 -0.50004415787566003 0.00042083294896498829 -0.0003003049287636183 -0.0007016908235229247
0.00041281718515375317 0.00036723028236452918 0.50016248194585866 -0.00057078803533680382 0.00020491054971101877 0.49934560877485124 -0.49957607459186532 0.0005212612139678342 0.50008284542257553 -0.022992063711564051 0.01740023821912072
-0.0014757632567859373 -1.6113812930355085e-05 0.49996324174476958 5.2996398679495828e-05 -0.00034730122446319526 -0.49947016114936654 -0.00019390807465690407 -0.50022939031058145 0.017357718685065329 0.020751725267275301 -0.49960245038583151
0.00089539159086999415 -0.49995994802082439 0.49995762967636098 -0.00064083170105875252 -0.49953813933587021 -0.00080097463321173227 9.471199252833622e-05 0.00020553691818404714 -0.017041707099391897 -0.021672170866754315 0.49978201079451356
-0.0009409730209183029 7.9039179500760216e-05 -0.00010632511086783379 -0.00039424282417538749 0.99999905816810963 4.5666218390324176e-05 1.6115809037569249e-05 -0.00010557298707429555 -0.00032208405529125865 -0.00035138263370344499 -0.00076456155414867516
0.00095145551339806097 0.5000891119882277 -0.00011843389392990288 -0.0003887841107052472 0.00031588877123819474 0.49922576564612542 -0.49984997208160015 0.00019299266106134663 -0.016641871716177609 -0.021578955946093058 0.50009070145604517
-0.0004820293147917765 0.49943709196496039 0.00049376182985443311 0.50005251853378496 0.50035641768972661 0.00049576170164061307 -0.00048943810207566804 -0.00064889058350146541 0.020717509820747541 0.49924730916190441 0.021795680636688058
-0.00021741672791578438 -0.00050208091073449359 0.00010256375642978913 0.50022645846314318 -0.50002106650032729 0.00042091085028019221 -0.00070034721475080181 -0.50073097966128721 -0.49832679781471367 0.021299606312314021 -0.015383794741679339
-0.49619605443732834 0.49966022197435173 -0.0013503607289117822 0.0013808966074488279 -0.00073962214069841592 -0.00099788008065046833 0.0018341121885373851 0.0023024973201642373 0.47345778658604493 -0.28926708633096226 0.44303213947463671
0.00079296778139508958 -7.8893490244109964e-06 0.00010479116364854526 0.00041960544316032141 -1.5518079704929624e-05 2.4893975180263286e-05 0.99999889641418682 6.3738873272983533e-06 -0.00093811585518177067 0.00063718724215432317 -0.00032294002821404272
-9.3377988633260649e-06 -0.50004613592141689 -0.00029926124616378054 -0.00092503089215403877 0.00043846455246373178 -0.50063721218778734 -0.49983312857340934 0.00020143220919253244 -0.01708555313041657 -0.02108752911599604 0.49874373092871022
0.0016293976931017291 0.50003927259019676 0.49983519509329294 -0.00016776128578483592 -0.49961619775647936 -0.00093581801692401107 0.0001009409782964439 0.00021922183980708875 -0.017477486976761606 -0.020919551623221695 0.49976239482216678
0.001780666925973957 0.49991599555910887 -0.5001642085419381 0.00014086496553717068 -0.49972208358824272 -0.00063124415165948856 0.00020496795761102153 0.00030083482647131932 -0.017301749547097581 -0.020005744319486957 0.4994940431161764
-0.0006209678468240738 0.00051769027020010167 -0.00018512594326277625 -0.50064287260798312 0.49991489610301582 -0.00044539063260877341 0.00070928130996875181 -0.49926751368538397 0.49943189320436504 -0.022155692367600423 0.015788621120246604
0.49953117146424891 -0.00067721287451722107 -9.7556768148050158e-05 -8.7517006776653534e-05 0.00037862079504715022 -0.49960846953180044 -0.00087766314875659492 0.49901301341431559 -0.50095723247853186 0.023593233084410227 -0.018160933091393383
0.0003547967305698906 0.00021644760561131881 -0.49984072172916394 -0.49961975114829232 -0.00046040305569808977 -0.00016423882582009379 0.00096077722561756771 0.0015450129738544566 0.39630362489157223 -0.50073756779941514 -0.30453400536277514
0.0012489760467548339 -0.00011991348569448797 -0.50026650368007242 -0.00011617276485607588 0.00039181858507948903 -0.50052766006825622 0.00021698056861636826 0.50025151478033614 -0.018237179976682668 -0.019507679193647064 0.49823586388614771
-0.0011302669893891932 -0.00010003660362579943 0.50003539246102524 -9.4267292970189663e-05 -0.00012802399885875401 0.50032274460232895 -0.50054992129559384 -0.00063137255771244605 -0.49844100570544803 0.020197023092054435 -0.015442359985232744
0.49824856747629515 -0.00068960221079539404 0.00042469435123851287 -0.00089549941501783652 0.50067493507358418 0.00047295374111342234 -0.50067997679234066 -0.00087169600038640449 0.020479891086309612 0.49954361491591687 0.020660220692740015
-0.49965262021472329 0.50037123141321027 -0.00012644065162901991 0.00074052712408973246 -0.00056961763918279417 4.3152132461487338e-05 0.50040483874385178 -0.49956823866080358 0.00056862840244022086 -0.00068176340295149449 0.0008850627390993189
0.014588543356329198 -0.010928714479676827 -0.00070252767480345442 0.0017895086095858766 -0.47419404254260739 -0.50044873234136933 -0.012058692788934655 -0.0042045736175900942 -0.49782556641821635 -0.47393335853709601 0.22748385570503196
0.00061166050896282478 0.0049562680660569245 -0.0010196789462414706 0.0040236881833906743 0.49570407952707057 -0.50049412374347979 0.0021037043590947163 0.0030389322771426377 -0.29913421088764597 -0.46712499164491511 0.44276431030621971
-0.0010469598329852481 0.49957409596335156 0.00019978528739125138 1.0560938072951083e-05 0.00012804703065678782 -0.49950563784443075 -0.00027165970602836294 -0.5003760859327735 0.020769830870579223 0.49965956586662769 0.021244270959072688
-0.50044558799611882 0.50037912076223368 -0.00023123181527764437 0.00032092168093041091 -0.00055409955947701925 1.8258157281439334e-05 -0.49959405767033543 -0.49957461254813046 0.0015067442576205293 -0.0013189506451085076 0.0012080027673143253
-0.0012655445198889658 -0.0003490944949916837 -0.00097433034440107215 -0.00030238499853597433 -0.00017984264187620474 0.00091128708295187138 -0.0010961858800020861 -0.0012372509765856707 -0.99976169898466194 0.020056474549929648 0.0082415802331124201
-0.0007157941504449968 -0.50030470670850824 0.0007080439925951184 1.708103381147495e-05 0.00026775848795983453 0.5006515065392334 -0.00030989528097694199 0.49958659802252237 0.020979976649915154 0.49851898660476457 0.022225647052529551
0.49840262998104395 -0.4935608783517948 -0.0031373401860641126 0.0048996900849682555 -0.0083221573992513197 -0.0007155884813049672 0.0058314711377346097 0.0034457898032306568 0.45971402451627991 -0.48251800406243256 -0.25235365946863558
0.0013181846479760812 0.49978822578641385 -0.00010472333634332141 0.49958050710766139 0.00047531826970570917 -0.00080552192936027864 -4.4353585897234585e-05 -0.500000207429383 -0.016776574567919499 -0.02110896769455381 0.49990116177551719
-0.001354040186845187 0.010324879925622399 -0.0056913066182426386 0.0043029942114084247 0.49097817497070317 0.49888682091181841 0.0058714198913133566 0.0033389879944828098 -0.45252628587303778 -0.24560446971404917 -0.49471791049090946
-0.0026145681227497512 -3.9592375566865669e-05 -0.49832976515352406 -0.49957971859974309 0.00029112553775510985 0.00086373508949117296 1.8245094831990011e-05 0.00017703815838013631 0.3304460765481726 0.49572434529758846 -0.38359172813973741
0.49883052088787178 -0.00062351347126671664 -0.50004007126696359 -0.00030694418253587798 0.50024986308425812 0.00055332122767483012 -0.00082466095395285243 -0.0010092754941026447 -0.50003812745071152 0.022824379354975138 -0.017791683282335401
-0.00032000517409400917 -0.00043865109069784406 7.8800832395575188e-05 0.50024862978380769 0.50008416206509398 0.00049105685099859984 -0.00069316550093133302 0.49916194069830938 -0.49975397725965598 0.021804309733899567 -0.016553182674402159
-0.0015279826696388043 -0.49992849754147078 -4.9235200616123822e-06 -0.49996597040565993 -0.00034771180095717613 0.50058748427750643 -0.00029174108575099022 -0.00038601898588251952 -0.49882584300634841 0.020638796121946006 -0.01618100826028749
0.001325667446628889 -3.4814024743314367e-05 0.00022965324126368722 0.4997499377207768 -0.49968813195175715 -0.00055622497719508149 0.00027349948897610512 -0.49957834588960631 0.50019705331331021 -0.021889480491300933 0.017458803462667545
0.0011011178423021592 0.00020053113868178442 -0.00020045221733787653 0.49980724822785627 -1.4387343095245305e-05 0.49938094521072129 -0.49993003996654889 0.00017229218093653076 -0.019744577160025971 -0.50007247827228729 -0.020437385347718901
-0.00079498746745353653 -0.50017940991269449 0.50003865546014903 5.5619110306171089e-05 -2.1409949443794612e-05 0.00041594256412688326 -0.00054651838201472244 0.4993752808333537 -0.49968445203498491 0.021189373155822221 -0.016479728452290964
-0.50080428924111997 -3.3119185337852886e-05 0.00037834376510035298 0.00050353594374264604 -0.50026361147526244 0.00064802097850913431 -0.49990047460884901 7.5834202806671108e-05 0.022208032289373701 0.49799775031332028 0.023132637347073787
-0.00045858327262361144 -9.5783884818549458e-05 -0.0001921450874580505 -0.00025247656499923247 -0.50002259656255088 -0.50004643059676013 -0.49999150281702365 -0.4999385848885855 0.00074291700425585462 5.1077704942210968e-05 6.2870730626157908e-05
-0.49880852284694255 0.00044299830240599917 0.49981930756271509 0.00011078108336438031 -5.5142692342942737e-05 -0.00072274950039185075 0.5005031415932889 0.00058375843717707067 -0.017186668419423637 -0.022101582558908331 0.50008237956725266
-0.50166777198340284 0.00037480489171781527 -0.00034650520957262677 -0.49946842983539685 -0.0008264674814702918 0.00061907171714207176 -0.49987872955671542 4.9677374201424654e-05 -0.4983113770893588 0.020369911541283706 -0.015858711932111563
0.49869278688950902 -0.00066160351505312274 -0.00018011895498111307 -0.00050393115161596143 0.00027245039773736939 -0.49963294931412883 -0.00086872905354020411 -0.5009854799323572 -0.49985213708888182 0.022737147029125149 -0.017756106712815845
0.49907807789811404 -0.00035358955135305318 0.00022090837470692423 -4.4205827112326628e-05 0.50015294085108175 0.00061798255570899899 -0.00055211601894452538 0.49932508219295058 0.01591615205452462 0.022215624238911116 -0.50069436769472531
-0.500794653011984 -0.00022647214808779807 0.00049052273490579872 0.50030729393310691 -0.00012691157304895267 0.00063847712103015631 -9.8334455605164677e-05 -0.50018121461605203 0.022352018055785669 0.49767002421120399 0.023244110139317636
0.0014225631204854365 -0.50022660418407083 0.00010027343355713891 0.4995238508372255 0.00065954708762582372 -0.00064619876331948733 -5.9516666881415606e-05 0.49998460099566672 -0.017445890080196976 -0.021005500882793141 0.49951595136929244
-0.00072466830336677976 -0.49995308468960387 0.00042169582923112624 0.00045196047687890079 -0.00036040613185414004 0.50077205557149784 0.49982689958763915 -0.0002151171308142076 0.017521333007784325 0.020334909872480177 -0.49872411495636371
0.49954824174221507 0.49964359855727553 -7.8556118272700334e-05 -0.00068387085365494875 0.00038538882126232325 -0.00020247529850212623 -0.5003896756628653 -0.5004165697642472 0.00010068710984379643 0.00057829659119447061 -0.00049985233287264488
0.000502258789458486 -0.00029774018087672354 0.00041623716231032948 0.50085331266581035 -0.50017869068923626 0.00065030609853753535 0.49962365941700781 -0.00035262853723644523 0.017246292477768939 0.021466348469194138 -0.49858212502116872
0.49978003780480784 0.49960335514347037 -0.00018967296611682356 -0.00049457065482959566 0.50045250274442787 -0.50015386591936462 -0.00037510035188085075 -0.0004558604059085303 -0.0015216911860237452 0.001771264959872063 -0.0019293095631829611
-0.0012963712644697171 0.00018361428359066332 2.9919250021769447e-06 -0.49956486028193581 -0.50055920272286758 0.00069058024955428998 -0.49995557098522297 5.7402766733894491e-05 0.017741332279301962 0.020914331984438431 -0.49916480578122296
0.0023470431351877512 -0.00072243911707313489 -0.00010271221218642804 -0.00096537040654022185 0.00081617382680273262 -0.0014366887997360207 0.00021646094644909883 0.00019250789493688024 -0.067275454311599217 -0.0095358130446806071 0.99768396517540292
-0.0016672984136636964 -5.6614491031050717e-05 0.00039892298899116719 -0.50016367730484268 -1.4611937814588439e-05 0.50059198203172284 -0.5000919289415976 -0.00020079053801917756 0.021562154306822182 0.49819124495651007 0.02212691187561287
-0.50020837757075431 0.50066574248125717 0.49970791964074851 -0.49941466540302326 -0.0006538455414607249 -7.6757833495858755e-05 0.00055874300546933245 0.00059521717118531461 0.00017573189354471352 -0.00098663226955213851 0.00052548502278180239
0.49924586642425167 0.49940518617679391 0.00063361527662439323 -0.00011329090513725422 0.00042881042843777013 0.00065630808312370636 -0.00047475572905944486 -0.00054506110549052919 0.35387147457105289 0.49973382721001436 -0.3555102739704124
0.00075444815219195794 0.00045865879814506677 0.49953390571560491 -0.000157048451270408 0.49990765443928364 -0.00069014827967401042 0.00024235486075578326 0.50030039764159273 -0.021676362197555213 -0.49929382817677259 -0.022185477119165794
-0.0010110766353057493 0.00014659998261620934 -0.50035872237752954 -0.50007368022180665 0.49977082979181359 -0.49979120650388498 0.00028144064713358835 0.00020728483032046908 -0.00073444198544639024 0.00094582075052701878 -0.0016525602740445715
0.000482029314790554 -0.49943709196495933 -0.0004937618298557463 -0.50005251853378507 -0.50035641768972605 -0.00049576170164027924 0.00048943810207654982 0.00064889058350263288 -0.020717509820755001 -0.49924730916190557 -0.02179568063668522
-0.50175413641495992 0.00039754201306961377 -1.4329509131795676e-05 0.00054417256263308768 0.49910728207303212 0.00081423622916336849 0.00025243606880237746 -0.49983145393760586 0.018427304591950053 0.019462290947323289 -0.49858168621596394
0.00056408641802692123 0.00024395325127661433 -0.49983692168937255 -0.00026216178401616694 9.9024717949230522e-05 0.49965018264011474 -0.49947204761255193 0.00060287420063179795 0.50025858285224312 -0.022078256407828331 0.017131886513128081
-0.00020857525824480297 0.4995584866038863 0.00028234747422476109 0.00042697508291266015 0.00023421742796909766 -0.49948115806210297 -0.00028059380124423138 0.49962240741389863 0.019664735480934798 0.50051565192191161 0.02083944458049964
0.49904603170257622 -0.50039586546755099 -6.7238383047801833e-05 -0.00096764107010588267 0.5005305611650358 -0.50001902253565356 -0.00038132933765043248 -0.00046954532752859634 -0.0010859113086574596 0.0010186457163472221 -0.0019096935908382679
0.00023721042536323052 0.00028662171902181413 0.49993915145602663 -0.49973558708395227 -9.9745981983112285e-05 -9.5015990778303026e-05 0.50015280067580592 0.50016982971931678 -0.0013310123640764681 0.00033231837555571756 -0.00068251774453214665
0.0011509069501826643 0.50024608154239347 -0.00033061522317036042 -0.50000164625208476 0.00018545855368210071 -0.00071587402083221087 0.00036637833084218416 0.50041469110858583 -0.018324746011223875 -0.020167710881859952 0.49859071460867666
-0.00089539159087139288 0.49995994802082433 -0.49995762967636159 0.00064083170105892263 0.49953813933587127 0.00080097463321228868 -9.4711992529728593e-05 -0.00020553691818362506 0.017041707099390669 0.021672170866748768 -0.49978201079451212
-0.0015692293170903541 -0.50042260951912054 -0.49953696546791143 -0.00027820381761429471 0.00019174809358264358 0.00078019598429962859 -0.50024132670382393 -0.00036396686626847125 0.021649720341362227 0.49885127664472378 0.021772061153087333
0.0014821028093233623 0.50028707758431812 0.50004331036191507 5.2168783214123628e-05 0.00023346617851832102 -0.00069603664706158479 0.00043355730748362309 0.50054159952665533 0.49840361921566834 -0.021247094404268557 0.016343253779712231
-0.00065335133194491973 -0.00094771879894608644 0.00018672180998875854 0.00090110063338431109 -0.00087210354724294979 0.0013072128959195483 -0.00022916395177452405 -0.00032777511273555921 0.052360511519526663 -0.0030447240675485479 -0.99862120209802363
-0.0018466904059811827 -0.00025634258755211943 0.5003591728087593 -0.00054582062422608134 0.50019728956058851 0.00043124063279921336 -0.00033026603103023531 -0.50048758361533219 0.021178540712595732 0.49802863823933491 0.021689267271011965
-0.50106732008233335 -3.9194038688923206e-06 0.5002256476414555 0.00033031594448647061 -0.00019663983487158568 -0.49946789646615031 6.6554260087774343e-05 -3.5096055211786802e-06 0.02105033297349114 0.49830577200249099 0.022039769159046894
-0.0028029834149319423 0.0056855625957387837 -0.0015283597085221996 0.0054477839120508111 0.49273840441113342 -0.49925995265116879 0.002872139890431107 0.0029914910306104762 -0.45498469921053475 0.49799198917469267 0.22989534993582028
0.0006884246721841615 0.50011831176969856 0.49972886998242588 -0.00056200410996107611 0.50038286041162972 -0.00089015179853270789 0.00011705678733461077 0.00011364885273135087 -0.017799571032051764 -0.021270934256926968 0.49899783326801728
0.99999382973833328 -0.00073552220495843115 0.00015267569700538148 -0.0010047925345847016 0.00093948838073914034 -0.0002207334557839571 -0.00079561799252954833 -0.00084195721611621569 -0.0014060571477776363 0.0018972472363006315 -0.0017078551001869168
-0.0020055155395442554 -0.50018977948424281 -0.00010788558814023537 -0.00040519897012270895 0.49987985005992658 0.0005663757271997732 -0.50048142814732333 -0.00063913278385156454 -0.4987360197253824 0.020723948842121032 -0.016632301878966981
0.00015126923287226565 -0.00012327703108782674 -0.99999940363523132 0.00030862625132120912 -0.00010588583176343511 0.00030457386526419632 0.00010402697931316848 8.1612986664259156e-05 0.00017573742966913396 0.00091380730373496642 -0.00026835170598966268
0.00021168570512631821 0.49959725795410642 0.00018109597052806456 0.50050566751420134 -2.9740108226983714e-05 0.50038747276759521 -0.00070517811193722391 -0.00078873925555483023 -0.49881854683006144 0.021306244608054366 -0.015295003444373645
-0.0012125477581496442 -0.50019766883326688 -3.0944244919180215e-06 1.4406473038547962e-05 0.49986433198022157 0.00059126970238064915 0.49951746826686166 -0.00063275889652610561 -0.49967413558056573 0.021361136084280145 -0.016955241907179248
0.00038469442570980718 4.422515475660585e-05 0.00012332813039454433 0.49935569489660131 0.50031092621635265 -0.00051055875880671813 0.0002896152980138655 -0.49968391887668151 0.49987496925801778 -0.022240863125004989 0.016694241908515043
0.50095229448064482 -3.8030645137854176e-05 -0.00037680981788227192 -0.00052889856272678377 -0.4997199286131408 -0.00071858117207777329 -0.50011453761437497 2.3364896943304933e-05 -0.020947832378904019 -0.49828355492177129 -0.022045135764712332
0.50037360506241546 -0.00015624658527723222 -0.49991298178212934 -0.0007834649249026138 0.50058279763282743 -0.00042381459980417411 0.00014918574977509005 0.00014335827757743693 0.49848572367731209 -0.020364707448640725 0.015050914922004156
0.0022373442853877157 -0.00026265346308941296 0.00010333318586674502 0.49995910310611186 -0.49943985544524094 -0.00073624646794547639 0.49993945517618554 4.8170220344317351e-05 -0.017419248224006669 -0.020562949350739945 0.49992936733537185
0.00089936593996378243 -0.49983542005779058 -0.49983365869024776 -0.00011227538074022032 0.00020563876736395833 -0.0002566193980866462 0.00053135530102708462 0.50060952759169952 0.49901513652270479 -0.02108590634406126 0.016094518046063943
0.00082017262295542616 -0.4997101232619745 -0.00050304722269384455 -7.3737304246592305e-05 -8.3529670039382287e-05 -0.50049218337319268 0.00029473219998722185 0.50039821040253019 -0.021649292162195952 -0.49841551979300625 -0.022610857458753648
0.00023179606259316659 -4.0243413805444995e-05 -0.00011111684784369743 0.00018930019882481742 0.50006711392316539 -0.49995139062086319 0.50001457531098381 0.49996070935834003 -0.0016223782958664672 0.0011929683686797486 -0.0014294572303097058
-0.00083522321486027981 0.49957661109189871 -0.4996594000509802 0.00019486659765979245 0.00011368967297572781 0.00064535260058743024 -0.50023509771805397 -0.0003502819446458234 0.021213940463987942 0.49960389588824822 0.021752445180739179
0.0015176360847599822 0.49994519534058046 -0.00031690466558231009 -3.2355033719077251e-05 0.00034488805214899048 -0.50074716159631871 0.50017199682654456 0.00022149101814171912 -0.018459448862968051 -0.019697722630319287 0.49840117492814956
-0.00021744941116557678 0.49991010862279434 -4.0006891377116707e-06 0.00086185452597982741 -0.00039394719184672461 -0.49936060902983637 0.49985620106736817 -0.0001793077394381088 0.016206091838805146 0.022331575189620843 -0.50011031742839196
-0.0020881662208964758 -0.00061273553031153264 -0.49905935095519455 -0.49964426195048145 0.00050378678143305421 0.00058551157493923862 -0.00016981263538331788 0.0001741412627829958 -0.39865942155971379 0.50139578204561908 0.30160059582706872
-0.00038469442570976137 -4.4225154755528722e-05 -0.0001233281303947467 -0.49935569489660053 -0.50031092621635209 0.0005105587588086015 -0.00028961529801383769 0.49968391887668068 -0.49987496925801922 0.022240863125009478 -0.016694241908524355
-0.0009789977565161014 -0.00022331363471504826 -0.49996401117420597 0.00021435895835084242 -0.00023390983062068104 0.50062731846759279 -0.50044589431627995 -0.00054975957104920459 -0.49826526827578083 0.021110830395784961 -0.015710711691221242
-0.0030068024390333451 0.015662924121559389 0.49018024344931771 -0.49221253816674065 -0.01685719841146455 0.00099233152244689905 0.010128004699557516 0.0059102763773947907 -0.46966306803471397 -0.20704510320525923 -0.50331108492386223
-0.00047854165591943381 0.49980155177775548 -0.00012552900756082424 0.00048747688831369716 0.49978627355961319 0.00045642631866793743 0.49952369725263224 -0.00061907397490452412 -0.5001099154579326 0.022113755327791838 -0.016974857879532426
-0.00015126923287164896 0.00012327703108982454 0.99999940363523121 -0.00030862625132068507 0.00010588583176304458 -0.00030457386526248198 -0.00010402697931437167 -8.161298666465489e-05 -0.00017573742966648078 -0.00091380730373510129 0.00026835170599174467
-0.50034120952360894 -0.4996357092082514 -2.6235045375242384e-05 0.00026426541049431976 -0.00036987074155722503 0.00017758132332255252 -0.49960922075132175 0.50041019587692015 0.00083742874534093175 -0.0012154838333470802 0.00082279236108862388
0.00018033746841712906 0.014116178472912147 -0.0079286976552075204 0.0057209069706875013 0.4862733474021953 -0.50064207223440382 0.0044869001309643351 0.010908839768087696 0.46511476426391457 0.21039488827855299 0.50186050558681794
-0.50001905091903287 0.00043262873085379665 -0.00032723348557548896 -0.00035003699706440616 0.4998461173170255 -0.00057231633731882415 0.00056823182797859854 -0.49943065518002522 -0.016238236109813741 -0.022567006872610935 0.49992980614057775
-0.0013181846479766294 -0.49978822578641269 0.00010472333634257775 -0.49958050710766055 -0.00047531826970731845 0.00080552192936065355 4.4353585895846088e-05 0.50000020742938411 0.016776574567918593 0.021108967694548557 -0.49990116177551802
-0.00085703659836760193 -0.00039522897810410998 -0.49955766863963946 0.00017921977193558045 0.50019757412613652 0.0007602942803936972 -0.00023517314693484887 0.49959252271800453 0.020249182752614829 0.49979853159835341 0.02101608918644661
0.4994502213954633 -0.00032761062034100831 0.50028488723616404 1.9810847580749622e-07 0.00014551044440108381 0.00044306961030717316 0.4993917278415827 -0.00065899753651513758 0.016072815134572052 0.021824962497335072 -0.50013696788947726
-0.0012807246686405624 -0.50016770271011635 0.00041406745013117718 -0.5000248765618992 -0.49996061217111049 0.00065010699316290805 -9.2116884928543377e-05 -0.00014059732674993677 0.021032297699760758 0.49893124330949024 0.021674237374910029
0.00079397656740770183 -0.50007072306954958 0.00012735810312894841 0.49949289999038499 0.0004257702215643275 -0.50045264089379371 0.00028551209998322306 0.00037233406425930062 0.49926162288371784 -0.021391415365464322 0.016200624232627962
0.00085703659836909487 0.00039522897810585203 0.49955766863963941 -0.00017921977193500707 -0.50019757412613686 -0.000760294280392868 0.00023517314693390006 -0.4995925227180032 -0.020249182752613511 -0.49979853159835441 -0.021016089186451391
0.5011853068913894 -0.00029252390255404712 0.49997198325972048 -0.0008940114512220827 0.00088434568839717588 -0.00094348295617409936 0.49970752360076037 -0.00025819877893724984 -0.018592725567199962 -0.020204335322616555 0.49837452446706398
0.0016333720421957347 0.50016380055322973 -0.49995609327331714 0.00036079503453596536 0.00012758034675505712 -0.00039146278179732406 0.0005375842867969406 0.5006232125133202 0.49857935664533587 -0.02033328710053494 0.016074902073720383
0.00045858327262359268 9.578388481838676e-05 0.00019214508745672747 0.00025247656500048261 0.50002259656255021 0.50004643059676113 0.49999150281702359 0.49993858488858495 -0.00074291700425771262 -5.1077704942139689e-05 -6.287073062701722e-05
0.0012316820128508525 0.00021081165235320833 -0.0002051208877927172 -0.50003946439847369 -0.49983588555857739 -0.00067107834174674297 0.50035912118813997 0.0004645754116389219 -0.017862324277659606 -0.02047777859333072 0.49902374654710457
-0.49911902553632337 0.00036860666226607878 8.9038348918637998e-05 0.50005361692682193 -9.7502819564051474e-05 -0.00042323223653522929 -0.49932454886494143 0.00078590595458755607 0.50065555009231921 -0.022904346019736607 0.017889507060510262
-0.49953117146424958 0.00067721287451957184 9.7556768147292328e-05 8.7517006777514336e-05 -0.00037862079504806902 0.49960846953180077 0.00087766314875800471 -0.4990130134143142 0.50095723247853252 -0.023593233084405824 0.018160933091396381
-0.00050340348307731061 0.00017572493456676256 0.00010778308865064578 -0.49914525483877459 -0.50057472080257293 0.00071547422473581266 0.50004332542896346 6.3776654059716456e-05 0.016803216424117015 0.021551519226595921 -0.49948774580943728
0.0003372992079973742 0.00010792595265128244 -0.50014018362467394 -0.00032533815018992137 0.00014354207856346129 -0.50034763857750775 -0.49944897511859215 0.00062499867038722792 0.4993791215606313 -0.020834210334207175 0.015765300013444106
6.0981365222787734e-05 -0.49981981069832737 -0.49991622087708171 -0.00052868952558034589 9.9468370052673119e-05 -0.00028109918041554339 0.00054028939624403216 -0.49938896575497377 0.50012023191235544 -0.021941992399342795 0.016499344424633244
-0.00054671856640842566 0.49983151790090385 0.00029163286706319712 -0.49955180614662498 -0.50003867059171758 0.00051526360945015664 -8.5887899157500476e-05 -0.0001269124051284405 0.020596517822386671 0.49968386255301189 0.021654621402567843
-0.0013570541994216304 -0.00023606390225039861 0.49973213052572363 -0.00015744365914466919 -8.3506638241707352e-05 -0.49967507661529426 -0.50052684880163389 -0.00060924808795735717 -0.49932046699706178 0.021441069165674703 -0.016808946484915013
-0.49930456609890234 0.00072669134129113415 0.49931781836146932 0.00030267397260203937 -0.00059244535348830236 -0.50061376516095213 0.00064810924708947942 0.00078597830473155726 -0.020699474546998015 -0.49987278046890382 -0.021430148852549558
-0.49995626843724544 -0.00024208150755313058 0.00057308492173666298 0.50072370807794619 -2.074117573654773e-05 0.00066295690335847974 -0.00010726855082253242 0.49981727873061949 0.021246922666136415 0.49852611026648608 0.022839283760737572
0.00060658851214848272 2.4634054342049569e-05 0.0001936790346776135 0.00022711394601392267 -0.49996094352585446 0.49997587040319191 -0.50002350940619966 0.50003778398833365 0.00051728290621791168 -0.00033688231339427054 0.0010246308517377987
9.3377988639390694e-06 0.50004613592141822 0.00029926124616258754 0.00092503089215388774 -0.00043846455246134117 0.50063721218778756 0.49983312857340767 -0.00020143220919307349 0.017085553130417257 0.021087529115998392 -0.49874373092871005
-0.0014821028093211315 -0.5002870775843169 -0.50004331036191507 -5.216878321360622e-05 -0.000233466178517984 0.00069603664706277828 -0.00043355730748334277 -0.50054159952665622 -0.49840361921566873 0.021247094404265424 -0.016343253779708262
0.00044990491650497277 -0.0001789540473981785 0.50014281436603791 0.49984337497747167 0.00031180221105865907 -0.00018507809215683352 -0.50026576175033532 0.49974705064069247 5.0179544759832169e-05 -0.00039003962400430532 0.0005460430719503082
-0.4995188096524551 0.00069005066840767924 -0.0002353859059039773 -0.49991240408176163 -0.00032060030534804707 0.49944858511656259 0.00075400363485003186 0.0008185183476205264 -0.016411549158020525 -0.022542710186221011 0.50034015658407183
0.00074809670709032625 -0.49971214302670219 0.50016574494498334 -0.00042090163206125506 0.00031152459912596123 -0.0005611932633506929 0.00042732832171393976 0.50052791460503365 0.49883939909303748 -0.021999713647799287 0.016362869752055614
0.00063737868204519264 3.1723172393904796e-05 -0.50004580393160347 -0.00046941054352185824 0.00024113082715230327 0.49944568136703882 0.00020284216987257855 -0.49976910303609129 -0.016252623295420456 -0.021607811322554581 0.50000727676440226
0.5004331591022656 -0.49377041295526242 -0.0017148815188952101 0.004526118651235608 -0.0056393974434047591 -0.00073236471287731772 0.0031736616592927293 0.0032833962519623989 -0.28460794780430404 -0.47857726411566087 0.44231542176320959
0.49977149390879011 -0.00070255265076889033 -0.49993374615609526 8.7298641639922811e-05 -0.49974919508385124 0.00050765500928515433 -0.00084077676299105955 -0.00090370250702708768 -0.49971604339542131 0.023175761988679135 -0.017027121728189529
0.0017444232947906085 0.50008122263920474 -1.3642730282207886e-05 3.0821332454681442e-05 0.00030037069153301374 0.49925065962130544 0.50014892433258518 0.00019936654838703964 -0.017579987571362067 -0.020941768703941408 0.4997677614278313
0.0010104171925574958 -0.49991799797181652 0.00010879185278718846 -0.00044224908281961762 0.0003784291121406427 0.49938550300501627 0.50014269534681732 0.00018568162676439035 -0.017144207693985298 -0.021694387947468724 0.49978737740017792
0.0010466608237448924 -0.50008322505191127 -0.50004177395886962 -0.00033220544973881978 -0.49964402516763512 -0.00049640076794849497 0.00019873897184232442 0.00028714990484941973 -0.016865969669726123 -0.020758363563013079 0.49951365908852319
-0.00079296778139417181 7.8893490239886421e-06 -0.0001047911636483882 -0.00041960544316063279 1.5518079706282298e-05 -2.4893975180369318e-05 -0.99999889641418682 -6.3738873266845136e-06 0.00093811585518397105 -0.00063718724215546202 0.00032294002821356367
-0.0019680437192718435 -0.0010124605011635674 0.00039570983386183017 0.000839371629422205 -0.00025427860638653233 0.0013835216333296669 0.49908887112174888 -0.4997714053961802 -0.48293228404085464 -0.027486576678645611 -0.51686748786439007
-0.00094258136047561415 -0.50044073400713363 0.00040478205729291755 -4.6095332362107181e-05 0.00031227584857557373 -0.49934631467839141 -0.00028682278701596769 0.49960872249227667 0.020100515358301829 0.49976303267838612 0.020859060552846753
0.5009157518402183 -0.00038193265360455842 -6.8232677701738498e-05 -0.00096058670747372482 -0.49921345247034332 -0.00083871601149114428 -0.00024350197358574753 -0.50016703940906704 -0.017322209202301868 -0.020318377002612697 0.49898651259453664
-0.99999382973833317 0.00073552220495777532 -0.00015267569700538902 0.0010047925345844574 -0.00093948838073946235 0.00022073345578198364 0.00079561799252892166 0.00084195721611654681 0.0014060571477769765 -0.0018972472363002239 0.0017078551001889124
-5.4143627721901575e-06 -0.00032686513282765873 -0.50005026830387056 0.49992488728277867 0.50016685990514931 -0.49985637463008453 -0.00013822536482218455 -0.00020912036097601818 -0.00029136593178974652 0.00086064999312411702 -0.00074693948577822977
-0.001414654667007631 -0.00074416261987177927 -0.49891678175184201 0.50029465578738908 -0.00033564275294382354 0.0013622607409352475 -0.00052704989560444957 -0.00084050912123716194 -0.40180517029941998 0.52836443333907401 -0.24528641484294417
-0.0007340061022312913 -0.99999922061102176 0.00012243458306837696 -0.00047307041527463594 7.8058420607043447e-05 0.00013484338371158407 -6.2289857710752226e-06 -1.3684921621367223e-05 0.00043577987736909151 -0.00075261924352319092 1.9615972345273242e-05
-0.00096038216797089356 0.022012478410247911 -0.48517010221277412 0.45883863779171152 -0.011538041432447053 -0.026129654893547082 0.0088412259682135817 0.021186587116100948 -0.33669161026574496 -0.43861731264142317 -0.49648997317297022
0.00083838457474094393 -1.5609359463761982e-05 8.2562186832637116e-05 0.00041641414484042306 0.00010617039731085004 2.4479782329187459e-05 -8.9340952167923986e-06 0.99999849334667301 -0.001105095389650251 0.00085608605528443701 -0.0004048263785723486
-0.49819351445381244 0.00048852923760574489 -0.00033474435824917028 0.50069606610606254 -0.00041654669435362316 -0.0004829117914429873 0.00047428643618036551 0.50060676664087267 -0.020502884854358368 -0.49965244220490679 -0.020630634250855269
0.00047854165591804739 -0.49980155177775237 0.00012552900755897939 -0.00048747688831283115 -0.49978627355961408 -0.00045642631866766177 -0.49952369725263251 0.00061907397490379272 0.50010991545793404 -0.022113755327801115 0.016974857879535753
0.001894085623694761 0.00019264178965893803 -9.5661053689412689e-05 0.50022685367101671 -2.9905422801561715e-05 0.4994058391859012 0.50006885644763832 0.00017866606826429766 -0.020682693015205297 -0.49943529103013151 -0.020760325375930682
-0.00058417854574507476 0.50021099482460785 -1.7711246724962614e-05 -0.49910743669238622 -0.00055337669031413524 0.00067067854564903222 5.0582571665528112e-05 0.50001389235100491 0.016340794690550105 0.021861586938072993 -0.49992077774786364
0.0015208203522209156 0.00045602505340005086 0.0007964914863933803 -0.00091160248788836227 0.00038292167141609247 -0.00088364266275338616 0.00076522747258842374 0.00092688303614769474 0.99988257371347511 -0.015111634450173312 -0.00034478772437415554
-0.50066210971086855 -9.8660223728609106e-05 -3.8051135914758207e-05 0.50053013766918797 -0.00043043736813314179 0.0005539035909428898 -0.50029839556867017 -0.00036672781709499151 -0.49786830103570467 0.020284740783876733 -0.014953091143838589
0.00028413436821570816 -9.1787639632582611e-05 -0.50013592109509941 -0.49888671308312993 0.00068566503372201554 4.307514522391196e-05 0.0011381521636852129 0.0022248289846952094 0.48025583938891153 0.072542375570826753 0.51484097934720119
0.0015541787251870975 0.50028909734904592 -0.00062548180576274765 0.0003993331110289975 -0.00016158809064857586 -0.5006270267569054 0.00030096118575757076 0.50041189532415065 -0.02208507203956463 -0.49766290054947954 -0.022630473431100216
-0.00088842335116136274 -0.00066610690510124913 0.00040411512734814833 0.49977171383356678 0.00042593553613673153 -0.49947100731210092 -0.5004885224595923 -0.00059507125956051519 0.021125769068862356 0.49935012027272713 0.0216659461641984
-0.00022678721002984543 -0.00013602729862447944 -0.00030326193530124692 -6.3176366174352389e-05 4.4517360615460888e-05 -0.99999782121762404 2.307249396085383e-05 2.2124469754848156e-05 -0.00087946129161325373 0.001244046073619902 -0.0013665864996827014
-0.50107425563879371 0.00020994598852774478 -2.9532716684154163e-05 0.00056403774914427893 -0.00071155534361651979 0.50058560535927976 -9.6183554971726422e-05 -0.50016564718599599 -0.49756661864949053 0.019595853719202683 -0.014681665112949776
0.001754769879672747 0.50006452484009711 0.00030818545536158041 0.50002914677183374 0.00030319444034181749 0.49941033694011844 0.0002686685917925722 0.00036389451612599591 0.4997053042979594 -0.021882842195558232 0.017547594759978274
-0.0010056622725351692 0.00047346511544460283 -0.00030845407365888514 -0.99999856750458549 -0.00039603011333703639 6.5168126199149462e-05 0.00041966601195477697 0.00041640519129758011 -0.00044307605365442008 8.5170757404297212e-05 -0.00090562078826884635
-0.00055575735603041526 0.00029451106804588361 0.49983436029237932 -0.50015519252711305 -8.4227902278536491e-05 -0.00011990996595778111 -0.4998460957383804 0.50016345583198951 -0.00039289650889382693 -0.0003048688665998995 -0.00035957771631779168
-0.0011727690835105081 0.00011928259330833288 4.7917369761476316e-06 -0.00058354302300088251 0.49993194424494436 0.49999705683925222 -0.49999845950194677 -0.50006628234541495 0.0013002942405772151 -0.0015443510023835057 0.00066489567616073969
0.50131457808333491 -0.00023528576477773111 -0.49980665667126239 -0.00038922210072712607 -0.49941626053528204 -0.00046948081819267088 0.00013306994073691302 0.00024893126465321517 0.49880780773260242 -0.020013324814939271 0.015815476476160203
1.510150490335138e-05 -0.49946123065548143 0.00012216596477195152 -0.50044249114802619 -1.4777252388385865e-05 0.49961034845002744 0.00068210561797619378 0.00076661478580149179 0.49969800812167553 -0.022550290681681944 0.016661589944051945
0.0013995562935438049 1.6744705318609193e-05 0.00029847019832484792 0.00064671938917418238 -0.49997646160555853 0.50000076437837226 0.49997538700798677 0.50004415787566003 -0.00042083294896449146 0.00030030492876115489 0.00070169082352414627
-0.50116330885046101 0.00011200873369084929 -0.50019274696396787 0.0006978483520495135 0.49931037470351924 0.0007740546834596343 -2.9042961423186168e-05 -0.0001673182779890541 -0.49863207030293627 0.020927132118664128 -0.016083828182146178
0.50022233582954301 -3.2969554189957998e-05 0.50008642185310104 -0.0010920911762247183 0.50068868346459006 -0.00072838846506855816 4.515877046158308e-05 6.1745290912666324e-05 0.49830998624764383 -0.021278514752375684 0.015319266627996608
0.00032000517409403042 0.0004386510906997264 -7.8800832395490376e-05 -0.50024862978380691 -0.50008416206509465 -0.00049105685099751727 0.00069316550093131198 -0.49916194069830921 0.49975397725965653 -0.021804309733896854 0.016553182674398984
0.49867925165499849 -0.00050023644017822681 0.49995933236826712 -0.00061557043385810815 0.50035574891602097 0.00024874736240902565 -0.00092868793326500584 -0.0010908884807689612 -0.50021386488038033 0.021910572051240598 -0.017523331576347789
-0.0012057849665477779 -0.00035934093333958394 -0.50026727310950747 0.00015118259217675693 -0.00018939247000462249 -0.4993705027500297 -0.5004228218223199 -0.00052763510129315175 -0.49914472956739442 0.022354876469404907 -0.01707729819090106
-0.5002358710640521 0.00019433662906323269 5.3029470147669395e-05 0.00098045189398215092 -0.00060538494630592505 0.50061008514160821 -0.00010511765018710914 0.49983284616067558 -0.49867171403914218 0.020451939774485867 -0.015086491491527671
0.00090571738506449971 0.00033538176705596193 -0.50046549791962647 0.00015157780005127625 0.49980176860752035 -0.0003855744144098495 0.00034638184006986907 0.50038201062825749 -0.02150062476788667 -0.49838002087303801 -0.022453828825156692
0.001223079000451481 2.8615795291521799e-05 0.00020589031722949625 0.49977210904144176 0.50041709661366363 -0.00048607897647891057 0.00028068120279723882 0.50031457446999061 0.49876987386836724 -0.021384777069722836 0.016289415529944541
-0.50039233910999614 0.00028463455353141756 -0.49986719209607111 0.0013136168943822786 -0.00089986376810027293 0.00096837693135514683 0.50029137281342595 0.00026457266626423381 0.017654609712017533 0.020841522564762249 -0.4986974644952793
0.0012125477581502425 0.50019766883326733 3.0944244915956674e-06 -1.4406473038406825e-05 -0.49986433198022145 -0.00059126970237862342 -0.49951746826686283 0.00063275889652555397 0.49967413558056395 -0.021361136084272012 0.016955241907188182
-0.00033053641639465306 0.49973040194727675 -0.00012399506034156715 0.0004621142693284787 -0.50019726652879104 0.00038586612509924911 -0.50049131497059074 -0.00051987487515630683 -0.49884971554745872 0.021827950719345915 -0.015887356297168333
-0.00098649244773333939 0.49969988812298732 0.50034000358425079 -0.00011375965366206578 0.00021957550473917191 0.00034077873532281845 -0.50033912469736652 -0.0004318949313109202 0.021038203034324146 0.49869008858451397 0.022020796886730511
0.50091605084946134 0.00012719643495724944 0.49977375599377516 -0.0006389421958076806 0.00030252566663534214 0.49916332260088692 -0.00017058123940107519 -7.8103381140912689e-05 -0.021226070403165542 -0.49921957930622307 -0.02177141745306261
-0.0016293976931027311 -0.50003927259019654 -0.49983519509329311 0.00016776128578394479 0.49961619775647853 0.00093581801692398483 -0.00010094097829847652 -0.00021922183980586793 0.017477486976754102 0.020919551623227502 -0.49976239482216783
-0.0001566835956441102 -0.00020358810173925788 0.49994913533136043 0.49961626103145734 0.50027274573691238 -0.50016094849534953 -0.00024225234413571516 -0.00029073334764179317 -0.00046710336145815775 -5.3157310611340779e-05 -0.00047858777978604877
0.00078428942527539842 -0.00028262728124060576 0.50005546044222782 0.50001050385563306 -0.49972631243119703 -0.50020661471373884 -0.00025836815317409394 -0.00018516036056587823 -0.00014501930616736523 0.00029822532309375368 0.00028597377436316964
-1.5101504903806142e-05 0.49946123065548215 -0.00012216596477207951 0.5004424911480263 1.4777252388159936e-05 -0.4996103484500275 -0.00068210561797763967 -0.0007666147857994884 -0.49969800812167486 0.022550290681679481 -0.016661589944053704
0.00029070899193308931 0.00028985083185482479 -0.00031144599866033795 -0.50043370722264879 0.50016317260953169 -0.00062541212335648008 0.50037523699717767 0.00035900242456434248 -0.018184408332952359 -0.020829161227038359 0.49825918499295457
-0.0010104171925606462 0.49991799797181696 -0.00010879185278667713 0.00044224908281987561 -0.00037842911214110614 -0.49938550300501722 -0.50014269534681699 -0.00018568162676480682 0.017144207693988323 0.021694387947462146 -0.49978737740017676
-0.0017444232947925859 -0.50008122263920185 1.3642730281030871e-05 -3.0821332456271045e-05 -0.00030037069153152687 -0.49925065962130571 -0.50014892433258706 -0.00019936654838595918 0.017579987571354358 0.020941768703934622 -0.49976776142783275
-0.50148068235841281 0.00051893665199708426 -0.00022574386476166203 -0.49908137088823734 -0.0010149181887273914 -0.49916268353457954 0.00046128036963358091 0.00043984405979447677 0.01737453025213995 0.020730633707324961 -0.49953792227215166
0.00025932223914064303 1.8972904855829086e-05 0.49965033776832496 -0.00084121316101662359 0.00039153401953102835 -0.50085671371584883 0.00012188768451958897 -0.49982859155300247 -0.017307822016692089 -0.021277572552672298 0.49890904197071029
-0.0011623458681787921 0.00026987701370517465 0.49964068125770189 -0.50038230647312854 0.49987671562357544 -0.50009578036914937 0.00017741366781894494 0.00012567184365619335 -0.00091017941511405186 3.2013446794082682e-05 -0.001384208568053609
-0.00022137284726006485 0.00019083783420299646 0.49974700636856978 -0.49998806364895176 -0.50012234254453403 -0.50014144658753901 0.00016129785878114494 0.00023124483073212122 -0.00058809535982238723 0.00038339608049748112 -0.00061964701390541488
0.49873993458995081 -8.0558254337401275e-05 0.00023019376754558428 -0.50002298705664971 -0.00011994716860515268 0.50061440422725989 -0.00035741011685549155 -0.00042423762607713366 0.016847934395973742 0.021383834870011879 -0.49987919087265736
5.4143627718051725e-06 0.00032686513282800708 0.50005026830387056 -0.49992488728277834 -0.50016685990514953 0.49985637463008414 0.0001382253648220584 0.00020912036097601118 0.00029136593179127231 -0.00086064999312346411 0.00074693948577784098
0.50079111444011337 0.49945675516085392 0.50016904941141349 0.49957910956697704 0.00068167295261491927 -0.00036265941547952187 -0.00065654099901407052 -0.00066314523622784379 -0.00078724920057893428 0.00082544420934422364 -0.00027674928913684306
0.0011698855530238991 0.00016463390821823499 -0.00048975281527064915 0.00052812806822427399 -0.00029778508611243111 -0.00027984864453848597 0.49977003599032405 0.49980254557208442 -0.50965656857773933 -0.47322425269977442 0.12936086666132823
-0.0015541787251859968 -0.50028909734904448 0.0006254818057636342 -0.00039933311102740659 0.00016158809064885108 0.50062702675690529 -0.00030096118575873867 -0.50041189532414931 0.022085072039568155 0.49766290054948181 0.022630473431107308
0.00020857525824472046 -0.49955848660388563 -0.00028234747422431543 -0.00042697508291447272 -0.00023421742796799744 0.49948115806210358 0.00028059380124558652 -0.49962240741389763 -0.019664735480934347 -0.50051565192191216 -0.020839444580503862
0.50021379193352467 -0.5003388773484283 0.00034234866312103667 -0.00051022187975492868 -0.4995130143636885 0.49993313246358173 -0.00042051764064750594 -0.0003860968102090851 0.00011563403824662948 0.00012598227642930299 0.00022145446299642933
0.00056117171880129156 3.2354064782189855e-05 0.00021590801149219566 0.00023030524433502792 -0.50008263200287106 0.49997628459604337 0.49998432110320268 -0.49995433547101226 0.0006842624406858314 -0.00055578112652306436 0.0011065172020959127
-0.00023179606259212562 4.0243413805572247e-05 0.00011111684784448778 -0.00018930019882626038 -0.50006711392316561 0.49995139062086263 -0.50001457531098448 -0.49996070935833942 0.0016223782958690821 -0.0011929683686786249 0.0014294572303083016
0.0015692293170929308 0.50042260951912398 0.49953696546791126 0.00027820381761462415 -0.00019174809358270281 -0.00078019598429817706 0.50024132670382138 0.00036396686626975587 -0.021649720341355889 -0.49885127664472351 -0.021772061153090098
-0.50095229448064482 3.8030645140112149e-05 0.00037680981788252514 0.00052889856272678073 0.49971992861314068 0.00071858117207945749 0.50011453761437541 -2.3364896942193832e-05 0.020947832378899221 0.49828355492177079 0.022045135764715774
-0.50001132145972527 -4.1008534360223453e-05 0.00048313492874842384 0.00092314138690281235 -0.50027912955496678 0.00067291495368941459 0.50009842180533859 8.2208090134591071e-05 0.021269916434191922 0.49863493755547644 0.022809697318858756
-0.50068926363942956 8.8308636690871926e-06 -0.49947049405847349 0.00070211856198224639 -0.00034704302725035703 0.50083449861673746 0.00014750874543877223 5.5978911386512468e-05 0.022105531694773986 0.49797553323260296 0.023138003952736238
-0.00087433063226960265 -6.4503840054058585e-05 0.00050371415263857783 -0.4997440718616819 -3.0130017520168453e-05 0.50061687600690197 0.49990696747258984 -0.00019441665069168179 0.02062403845163608 0.49882843219866596 0.021803971847401009
-0.50084053287230157 0.0001321078947581781 0.50052890957675811 0.00039349231066157671 -0.00024115719548807512 0.50052992475147273 4.3481766126184817e-05 -2.5634075276034245e-05 0.021929794265108663 0.49706172592886827 0.023406355658733002
-9.0287867652127566e-05 -0.49969653366723793 0.50008318275814934 -0.00083731577690051163 0.00020535420181436609 -0.00058567304567901817 0.00043626241693026942 -0.49947057874163914 0.49994449448268946 -0.022855799703085211 0.016767696130618494
-0.0016333720421942896 -0.50016380055322762 0.49995609327331669 -0.00036079503453481692 -0.00012758034675506503 0.00039146278179932566 -0.00053758428679783919 -0.50062321251332009 -0.49857935664533837 0.02033328710054064 -0.016074902073714901
-0.50094238367298649 -0.49933347812976603 0.49983035422381855 -0.49988773581829737 -0.00057578712085171917 5.8085550216526736e-05 0.00055251401970158199 0.00058153224956400602 0.00061151177091133501 -0.0017392515130788095 0.00054510099512751064
-0.50131457808333413 0.00023528576478003672 0.49980665667126339 0.00038922210072778548 0.4994162605352816 0.00046948081819475976 -0.00013306994073650335 -0.0002489312646521803 -0.49880780773260291 0.020013324814933443 -0.015815476476161015
-0.50174526226203853 4.5919994163685794e-05 0.00027201865423401046 0.00010929311956689172 0.49973544669284481 0.00069368719689775061 -0.49988435879981197 -2.9738784269887703e-05 0.021885948234080861 0.49764636767961679 0.022368075792925199
-0.50133657612426352 0.00041580093364213796 0.50002742037551084 0.00058538519990114892 -0.00077845985663183655 0.00063890909091074812 -0.49981155058007354 0.00017658579227316566 0.018416988137538108 0.019290528018870174 -0.49810617276107361
-0.0031893534143548176 -0.00069915340321847184 0.00064815961386825618 0.0027725076113347246 0.00057651932319124823 0.0019652442217730514 0.49873773685670458 -0.49875588313314578 0.35386547149892689 0.49811751319260839 -0.35935838343828547
0.5009423836729856 0.49933347812976581 -0.49983035422381805 0.49988773581829843 0.00057578712085183757 -5.8085550214703338e-05 -0.00055251401970082641 -0.00058153224956343909 -0.0006115117709120225 0.0017392515130778162 -0.0005451009951286665
-0.00093555865814721648 0.00040590431232933585 0.49994394319300278 -0.50031913010695428 0.49983219826296016 0.4999020408484745 0.00015434117385977242 0.00010354737390096896 -3.071812349994367e-05 -0.0012120326268276625 -1.7622068370465212e-05
-4.5581430049597573e-05 -0.49988090884132119 0.49985130456549348 -0.0010350745252337311 0.50046091883223809 -0.00075530841482308072 0.00011082780156558656 9.9963931107997444e-05 -0.017363791154683748 -0.022023553500456719 0.49901744924036473
-0.0017806669259744232 -0.49991599555910937 0.50016420854193688 -0.00014086496553667076 0.49972208358824288 0.00063124415165961715 -0.00020496795761234472 -0.00030083482647001665 0.017301749547087544 0.020005744319494003 -0.49949404311617701
-0.0019668261107228468 -0.00096098465175167922 -9.2733687351764462e-05 0.0010521410276512495 -0.49971127788929054 -0.49839577040349453 -0.00056073263035909834 -4.9353599319258744e-05 -0.45160966716688727 0.20406058770342728 -0.50625295604876663
0.49911902553632459 -0.00036860666226186406 -8.9038348918864108e-05 -0.50005361692682182 9.7502819563699718e-05 0.00042323223653665794 0.49932454886494204 -0.00078590595458704845 -0.50065555009231744 0.022904346019740889 -0.017889507060506307
0.49975795867427952 -0.00054118557589347323 0.00020570516715373983 -2.4340640602577333e-05 0.00033410343443319063 0.50038935168582332 -0.0009007356427167218 0.49899088894456023 -0.50007777118691943 0.022349187010790895 -0.016794346591711248
0.49891957409953935 -0.00052557621642824136 0.00012314298032056772 -0.00044075478544156586 0.00022793303712064761 0.50036487190349466 -0.00089180154750061213 -0.50100760440211178 -0.49897267579726939 0.021493100955503556 -0.016389520213138928
-0.00018602997512264709 -0.00023120298373796686 -0.49985922001055744 0.0006339644015111429 -0.0002494279103264423 0.50065221244277314 0.49955300209790598 -0.00054338568372224556 -0.49920338413096238 0.021748017637938571 -0.016033651719436156
-0.0013244940239128342 -0.0001393908440180438 -0.50003616189046096 0.00036162265000136629 -0.00045318705622644231 -0.4991655872841036 -8.9881095343662099e-05 -0.50014777732391635 0.017533456114734527 0.021665532571003596 -0.49987080209181989
-0.001487691587326172 0.49991055708040455 0.00018530775619556532 -0.49994604897080108 0.49996038757639027 0.00056092982783948018 -6.9772090120372518e-05 -0.00023248539220484157 0.020274433767094886 0.4993324799193084 0.020890059848420194
-0.0022373442853883671 0.0002626534630925836 -0.00010333318586547403 -0.4999591031061118 0.4994398554452405 0.000736246467945595 -0.49993945517618643 -4.8170220342425378e-05 0.017419248224005809 0.02056294935073652 -0.49992936733537147
-0.0012715094373132322 0.49980944112677789 -0.00023032017120842101 6.7871445152807046e-05 0.4998017916393192 0.00043153234348793107 -0.50047519916155359 -0.00062544786223062566 -0.49917179960275032 0.021476568085639865 -0.016651917851315243
0.0081729497658409346 -0.0074898150097560314 -0.0010094844099990271 -0.0018305025774449223 -0.46831242743301665 -0.49995493610795305 -0.014454562764583671 -0.016636710859029655 0.29408154240287188 -0.46154385278299448 -0.48021752548311686
0.00077626153569849054 0.50043049886814661 0.49943217430426406 -0.00014140162554605854 -0.00017623001387780387 -0.00080508995947795449 -0.49975756971036334 0.00035759297894202933 -0.020711604486177003 -0.49948846388687751 -0.021449121124871642
0.0012807246686392805 0.50016770271011879 -0.00041406745013223623 0.50002487656190042 0.49996061217111015 -0.00065010699316109895 9.2116884926944477e-05 0.000140597326750525 -0.021032297699751613 -0.49893124330948702 -0.021674237374916007
0.50081316339404158 -0.00031850283356719814 -9.1995601737228881e-05 -0.0009384153868092931 0.50089177609507751 -0.00076857001077399118 -0.00023632025976537665 0.49972588095053044 -0.018749388647243685 -0.019813673581028229 0.49781712466181433
0.50175413641495981 -0.00039754201306739376 1.432950913111571e-05 -0.00054417256263458963 -0.49910728207303195 -0.00081423622916312183 -0.00025243606880334739 0.4998314539376057 -0.018427304591956944 -0.01946229094732365 0.49858168621596433
0.50094779803575673 0.49966034326259384 0.00021991408005310245 -3.7151464480024013e-05 -0.4995910727842971 0.49979828907986951 -0.00041428865487998939 -0.00037241188858584782 -0.00032014583912101565 0.00087860151995423365 0.00020183849064940121
-0.0013732493850250021 0.016845013415651155 -0.010008633749390509 0.0074781171420251168 -0.017594876048080011 -0.00052245559127152849 -0.48509301065618748 -0.49532149260605596 0.46903951455709031 0.20876179034784875 0.50498539657150132
-0.00063737868204541198 -3.1723172392771819e-05 0.50004580393160292 0.00046941054352211671 -0.00024113082715165592 -0.4994456813670391 -0.00020284216987382329 0.4997691030360919 0.016252623295420782 0.021607811322551029 -0.50000727676440182
-0.00048610944917273989 -0.00015500020348062289 -0.49995359970362763 0.00077803679484251208 -0.00034701665891619034 -0.49914110750177498 -9.8815190560939121e-05 0.49985071602275682 0.016428360725087701 0.022521618626287668 -0.50027562847039131
-0.0012489760467541569 0.00011991348569429411 0.50026650368007153 0.00011617276485365721 -0.00039181858507948068 0.50052766006825611 -0.00021698056861754926 -0.5002515147803358 0.018237179976679476 0.019507679193654356 -0.49823586388614866
-4.2255433465869299e-05 0.49956872174287631 -0.49955460888733166 0.00061447204082049783 9.8171593271716455e-05 0.00067024657576695776 0.49976379869613274 -0.00034390805731810878 0.020275824608803835 0.50024108313040327 0.02142950515252879
0.0017204985499644878 0.50029933248803438 -0.5004624381673195 0.0005868300689360564 -0.00029763392534523761 -0.00047562211903415648 0.50034535368313537 0.00044557985293306503 -0.02147398291168565 -0.49793746934098837 -0.022040412859080222
0.499199176726347 -0.00096199435304846685 0.00064319843190781766 0.49930250139852222 0.00081257680768977939 0.00041774366524453767 -0.00089395244813504973 -0.50102317183216838 0.020945960908011613 0.49956727144750268 0.021536255039134641
0.49819351445381327 -0.00048852923760349463 0.00033474435825127602 -0.50069606610606276 0.00041654669435340101 0.00048291179144528234 -0.00047428643618117492 -0.500606766640872 0.020502884854361983 0.49965244220490596 0.020630634250860792
0.49930456609890256 -0.00072669134128901084 -0.49931781836146849 -0.00030267397260276947 0.00059244535348799976 0.50061376516095324 -0.00064810924709089572 -0.00078597830472995644 0.020699474547002859 0.49987278046890254 0.021430148852553822
-0.0007491076071349809 -0.50053798995553866 2.6861829614857037e-07 0.49996942073275152 9.283567299522666e-05 -0.49947550506631661 -0.00068833460374571648 -0.00078029970742133053 -0.49926222824430849 0.021797671438154032 -0.01664197397169816
0.0016672984136636962 5.6614491034441471e-05 -0.00039892298899066206 0.50016367730484335 1.4611937815566398e-05 -0.50059198203172151 0.50009192894159837 0.00020079053802116097 -0.021562154306818886 -0.4981912449565099 -0.022126911875613883
0.50096193070977857 -0.00023138360789053355 -0.00026463084807744856 0.4992748594266378 0.00041677128907373898 -0.00072812502955657771 -0.00031239746113222329 -0.50023368392191647 -0.020803846612484887 -0.49861128102388969 -0.021933662972482542
0.0010083058312407096 0.00027195194701625696 -0.50044173499559186 0.00012940647938573631 -0.50030345995789982 -0.00045572041512790005 0.00033920012624823442 -0.49951090973133877 -0.020073445322942453 -0.49888472429462039 -0.021284440892437556
0.00078362998252676989 -0.50005402527044107 -0.00019447008251536688 -0.00050542544899342132 0.00042294647275586321 -0.50061231821260677 0.50016576784077671 0.00020780609652035098 -0.018023668985592184 -0.020450341873848331 0.49842079090049607
-0.0009514555133972863 -0.50008911198822792 0.00011843389392942328 0.00038878411070504874 -0.00031588877123751749 -0.49922576564612497 0.4998499720815982 -0.0001929926610587653 0.016641871716163159 0.021578955946098165 -0.5000907014560475
0.00066163614113009552 0.00053007960647878747 -0.0007073770626495569 -0.49983489019974187 -0.00038141817552142895 -0.50052681390552212 0.50051159495355257 0.00061719572931673804 -0.022005230360473537 -0.49810607419910602 -0.023032532663880369
-0.49918066634429253 0.00041701937139124726 -0.00024467129874160233 6.6377147775661287e-05 0.49995228771433786 -0.00054783655499059157 0.00055929773276326472 0.50056783816664752 -0.017343331499469903 -0.021710920817327402 0.49952497976200244
-0.50091575184021941 0.00038193265360532294 6.8232677701402666e-05 0.00096058670747306693 0.49921345247034377 0.00083871601149284616 0.00024350197358627494 0.5001670394090667 0.017322209202305251 0.020318377002604093 -0.49898651259453558
-0.49881423563998273 0.50035562205374651 -4.3878464796528979e-05 0.0011569412689307582 -0.00046344724186999769 6.7631914789832552e-05 0.50039590464863559 0.50043025468586855 -0.00053646698721321394 0.00017432265233218632 0.00048023636052724525
-0.4999870047234945 0.50047490464705335 -3.9086727820291487e-05 0.00057339824592917235 0.49946849700307344 0.50006468875404253 0.00039744514668743977 0.00036397234045314702 0.00076382725336389141 -0.0013700283500510469 0.001145132036688091
0.00022137284726000088 -0.00019083783420362622 -0.4997470063685695 0.49998806364895282 0.50012234254453281 0.50014144658753934 -0.00016129785878111509 -0.00023124483073192904 0.00058809535982099956 -0.00038339608049602108 0.00061964701390460238
0.0010207637774394633 -0.49993469577092459 0.00043062003843128641 0.49955607635655846 0.00038125286094922435 0.49954518032382977 0.00026243960602105777 0.0003502095945041784 0.50014108417532965 -0.022635461439086936 0.017567210732318365
-0.50037360506241513 0.00015624658528017697 0.49991298178213034 0.00078346492490401524 -0.50058279763282665 0.00042381459980520535 -0.00014918574977538455 -0.00014335827757741061 -0.49848572367731175 0.020364707448639406 -0.015050914922015587
0.0016954211731104491 0.00037961961864332357 0.49964023082647196 0.00023719437290523461 -0.50009140372882543 -0.00073581449806448072 0.00022623905171702694 0.50040597062866876 -0.0213542781422629 -0.49894244554306921 -0.021420915565016591
-0.50046265827408276 5.8309330440429089e-05 -0.0002502324651531472 0.00091727552780791722 -0.00056086758569002192 -0.49938773607601555 -8.2045156226324389e-05 0.49985497063043088 -0.49955117533075671 0.0216959858481038 -0.016453077991208619
-0.50130104284882371 7.391868990326526e-05 -0.00033279465198648159 0.00050086138296973818 -0.00066703798300164817 -0.499412215858344 -7.311106101093022e-05 -0.50014352271624007 -0.49844607994110823 0.020839899792812883 -0.016048251612623774
-0.49986914192947446 -0.00010654957275179891 6.6740027733892698e-05 0.50094974311234874 -0.00044595544783867114 0.00057879756612328739 0.49970050084551698 -0.00036035392976632209 -0.49880641689088656 0.020921928026032169 -0.015276031172051834
-0.00041281718515325986 -0.00036723028236229269 -0.50016248194585922 0.00057078803533716052 -0.00020491054971060547 -0.4993456087748494 0.49957607459186665 -0.00052126121396658628 -0.50008284542257631 0.022992063711559138 -0.017400238219112178
-0.50087480420200936 0.0003669155426955647 -0.00024171404592426862 -0.49904882439223652 -0.00084198556117399373 0.0006439656923218983 0.50012016685747152 5.6051261527863502e-05 -0.49924949294454074 0.021007098783435315 -0.016181651960319784
-0.49851314737991953 0.00021658555296298902 7.3068167755551867e-05 0.50008616342282297 7.5429807988389844e-05 0.49938341699036348 0.0003343376228950832 0.00040211315632304105 -0.015968473104364393 -0.022627880943630198 0.50124577737233988
0.0021565692227154517 0.4997726164269487 -2.2161149510904725e-05 0.49999692125250117 0.00058148866701783985 -0.00078104214703175647 -5.3287681112932913e-05 0.49999828591728906 -0.01788166995757022 -0.020252881639263243 0.49949633539694605
-0.00044990491650362499 0.00017895404739767278 -0.50014281436603625 -0.49984337497747278 -0.00031180221105885547 0.00018507809215832582 0.50026576175033566 -0.49974705064069241 -5.0179544756841967e-05 0.00039003962400476784 -0.00054604307195073862
0.50148068235841226 -0.00051893665199601936 0.00022574386476081348 0.49908137088823784 0.0010149181887281252 0.49916268353457915 -0.0004612803696325778 -0.00043984405979374331 -0.017374530252141328 -0.02073063370733334 0.49953792227215182
0.50087480420200925 -0.00036691554269351301 0.00024171404592435611 0.49904882439223558 0.00084198556117612885 -0.000643965692319766 -0.50012016685747118 -5.6051261530188845e-05 0.49924949294454168 -0.021007098783438205 0.016181651960320908
0.49933172002746418 -0.00083418242868388889 0.00011462456109176328 0.49952534513460295 0.00050905101260593068 0.0003331701351569473 -0.50109401356119909 -0.0012086850332105796 -0.4992743581834827 0.022181988020180485 -0.016660946244029935
4.2255433467809709e-05 -0.49956872174287392 0.49955460888733255 -0.00061447204082221065 -9.8171593268870587e-05 -0.00067024657576733723 -0.49976379869613252 0.00034390805731932141 -0.020275824608814115 -0.50024108313040494 -0.021429505152530445
0.0012715094373136103 -0.499809441126777 0.00023032017120911091 -6.7871445151861513e-05 -0.4998017916393182 -0.00043153234348645753 0.50047519916155347 0.00062544786223107018 0.49917179960275221 -0.021476568085650662 0.016651917851311482
0.00098649244773353888 -0.49969988812298599 -0.5003400035842509 0.0001137596536616765 -0.00021957550473774759 -0.00034077873532228816 0.50033912469736608 0.00043189493131291822 -0.021038203034322623 -0.49869008858451513 -0.022020796886737727
0.0005467185664071785 -0.4998315179009018 -0.00029163286706338149 0.49955180614662392 0.50003867059171891 -0.00051526360944842561 8.5887899157394211e-05 0.00012691240513068943 -0.020596517822391375 -0.49968386255301356 -0.021654621402577044
-0.00077626153569496494 -0.50043049886814528 -0.49943217430426357 0.00014140162554660698 0.00017623001387828634 0.00080508995947954859 0.49975756971036289 -0.00035759297893975348 0.020711604486180455 0.49948846388687895 0.021449121124877801
0.0002174167279176244 0.0005020809107365269 -0.00010256375642975666 -0.50022645846314295 0.50002106650032685 -0.00042091085027998383 0.00070034721475194727 0.50073097966128666 0.49832679781471495 -0.021299606312317778 0.015383794741677469
0.0011583897488345039 0.00042304173123549146 3.761354436706406e-06 -0.49983221563896696 -0.49997799166778273 -0.00046657706866947611 0.00068423140571396903 0.5008365526483638 0.49864888187000472 -0.020948223678612446 0.016148356295831886
-0.00021168570512639096 -0.4995972579541057 -0.00018109597052934985 -0.5005056675142 2.9740108225895822e-05 -0.50038747276759521 0.00070517811193825043 0.00078873925555591345 0.49881854683006366 -0.021306244608057613 0.015295003444363804
0.000522320397104699 0.5004019626569165 -0.00030353055359811032 -0.50003259709892522 -4.8318312380669103e-05 -0.50052231615130605 0.00071140709770563455 0.00080242417717851734 0.49838276695269434 -0.020553625364533631 0.015275387472023845
-0.49892650965599894 0.00073944160882693588 -0.50037832333845988 0.00067447659009692176 -0.00074284854586930662 0.49968862992193552 0.00072906373244345068 0.00084546682164015838 -0.019644275825716484 -0.50020301923878996 -0.020331914058855833
-0.49904153525768735 0.00069749155982125723 -0.00052948551488690872 0.00047589397185723116 -0.50065941699388039 -0.00049784771629426451 -0.49931891962184483 0.00086532211306028126 -0.019541775231123881 -0.50018080215807348 -0.020337280664519453
9.5455569766829556e-05 0.00067399625412569678 -0.00050890629099515543 -0.500191319276729 -0.00041041745643231485 0.49944611333692068 -0.49951037395459269 0.00058869737223350542 -0.02018765321368261 -0.49998730751488218 -0.021343006135983163
-0.48972484789585158 0.49410668847336087 -0.00050945700339689079 -0.00036179736873672038 0.012807347611070075 0.00031342917683959966 0.0067965517216966448 -0.0042694280885940666 -0.5047000965457954 -0.43853881622857277 0.26222268208684307
0.49865725361406987 -0.00031972127131633406 0.50018009607251623 -0.00041940733468500503 0.00016102852410652748 0.00041817563512714696 -0.50060716857260257 -0.00066537142384406813 0.017010930989756815 0.021187775255177878 -0.49981402786126178
0.4996202246759171 -0.00057927561968027885 0.50006565747913578 -0.00022132760968167567 -0.49964330925208833 0.00020308114401972443 -0.00094480374230554432 -0.00098531549369261268 -0.49989178082508745 0.022261954684943852 -0.016758770022199897
0.49918954049721298 -0.00076864139029620933 0.00053101946210547572 -0.00050125659084266944 -0.49932412309452373 0.00042728752272416451 -0.50069609260137826 -0.00076612301330918086 0.020801975141602029 0.49989499754962091 0.021424782246886535
0.49851314737991997 -0.00021658555296057318 -7.3068167756385483e-05 -0.50008616342282375 -7.5429807988075981e-05 -0.49938341699036293 -0.00033433762289596661 -0.00040211315632148961 0.015968473104361097 0.022627880943631776 -0.50124577737233955
0.49986914192947496 0.00010654957275079235 -6.6740027734753108e-05 -0.50094974311234752 0.00044595544783817312 -0.00057879756612033283 -0.49970050084551632 0.00036035392976727825 0.49880641689088751 -0.020921928026036939 0.015276031172051429
-0.0018940856236958957 -0.00019264178965810295 9.5661053689812231e-05 -0.5002268536710176 2.9905422800758369e-05 -0.49940583918590048 -0.50006885644763799 -0.00017866606826489448 0.020682693015212184 0.49943529103013146 0.020760325375926304
0.49832605775493005 -0.00036071731323931321 -0.00019382951256733045 -0.5004732223699816 0.0001130208992696665 0.00039833826135668638 -0.50067434754924456 -0.0007922798419142472 -0.49971743423713638 0.022267158777586105 -0.017566567032295664
0.50024823287584719 -0.00018149883517639057 -0.0003859721442003016 -0.50098037298252185 0.00066340543600665357 -0.50076996955684461 -1.854186371798523e-05 -1.3143987432244799e-06 -0.018697067597401591 -0.019401416876305068 0.49726571498420075
0.00010568780282480916 -0.50000418587241102 -0.50014809906973789 -0.00072644827391324645 0.50035503300047424 -0.00045073454955859763 0.00021485478088029893 0.00018157691777318034 -0.017188053725011962 -0.021109746196719258 0.49874909753437308
0.00050340348307415796 -0.00017572493456483471 -0.00010778308865070153 0.49914525483877559 0.50057472080257348 -0.00071547422473479188 -0.50004332542896313 -6.3776654058399774e-05 -0.016803216424114427 -0.021551519226599179 0.49948774580943622
-0.0012428726978994239 0.00018684339642243084 -0.50024760552968472 -0.50026298042063277 -0.00029628413135408187 0.00016018411697774076 -0.49973313466385161 -0.4997534245280193 0.00088793631042521654 -0.00024714761815063026 -0.00022310304373610216
-0.00042148372679143731 -0.49973752970916407 -0.00029074282693467636 -0.50089113081219949 0.000157346576978401 -0.00060551041944977946 0.00036908344028947732 -0.49959748715970792 -0.016783870744195985 -0.021776416180668969 0.49901515695959575
-0.0013941419307710277 0.00031012042751024958 0.49975179810554626 -0.50057160667195322 -0.00019039829959005382 -0.00014438974828686444 -0.49983716164316522 -0.49983503751468322 0.00071219888075553571 -0.0011609549218860142 4.5248662255039481e-05
-0.0007842894252746835 0.00028262728124100057 -0.50005546044222848 -0.50001050385563317 0.49972631243119664 0.50020661471373828 0.00025836815317261476 0.00018516036056522928 0.00014501930616706867 -0.00029822532309342408 -0.00028597377436184767
0.00015668359564291313 0.00020358810174046573 -0.49994913533136071 -0.4996162610314569 -0.5002727457369136 0.50016094849534831 0.00024225234413547355 0.00029073334764087284 0.00046710336145908973 5.31573106109476e-05 0.00047858777978727847
0.4999747788192998 -0.00030289347410377733 -0.00017455778857040067 -0.0013548295316495606 0.50078560569776631 -0.00079304979310180254 -0.00022738616454759451 -0.50027261239614218 -0.017644293257588449 -0.020669759636315978 0.49822195104038697
0.49823969332337292 -0.00033798019188950498 0.00013834618787418465 -0.00046061997195240132 0.50004677045377033 0.00059350277337938732 -0.00054318192372631842 -0.5006734111537221 0.017021247444172546 0.021359538183628617 -0.50028954131615366
0.49927281891260633 -0.50025983816892694 0.00023602355225416026 -0.00090446470393177876 0.50048604380442041 0.49997879868197104 -0.00040440183161111974 -0.00049166979728422413 -0.00020645001704419194 -0.00022540035727623808 -0.00054310709115474719
-0.49960149062833642 0.0004508876514289471 0.49971451639906633 -0.0003088243597972125 -3.9624612638080124e-05 -0.00074764347557150067 -0.49949575482089692 0.00057738454985364082 -0.016248552564243277 -0.022738769801061237 0.50040531959546664
-0.49945022139546347 0.00032761062034055626 -0.50028488723616416 -1.9810847604401334e-07 -0.0001455104444013537 -0.00044306961030630228 -0.49939172784158403 0.00065899753651753334 -0.016072815134575945 -0.021824962497324747 0.50013696788947593
-0.49873993458994992 8.0558254337258946e-05 -0.0002301937675450096 0.50002298705664894 0.0001199471686030972 -0.50061440422726 0.00035741011685451164 0.00042423762607668691 -0.016847934395972923 -0.021383834870006928 0.49987919087265881
-0.49974559686248565 0.00055402336978225978 -0.00053864784120525764 -0.49997558044793655 -0.00027608294473209732 -0.50054923610106006 0.00077707612880955875 0.00084064281737542121 -0.017291010449628854 -0.02129866411259836 0.49897357008439008
0.00072466830336719815 0.4999530846896022 -0.00042169582923078206 -0.00045196047687872217 0.00036040613185533412 -0.50077205557149806 -0.49982689958764043 0.00021511713081566182 -0.01752133300778726 -0.020334909872469657 0.49872411495636404
0.50044558799611805 -0.5003791207622339 0.00023123181527680701 -0.00032092168092984089 0.0005540995594757748 -1.8258157282087101e-05 0.49959405767033488 0.49957461254813146 -0.0015067442576207923 0.0013189506451068153 -0.0012080027673145271
0.0013941419307717748 -0.00031012042750899104 -0.49975179810554576 0.50057160667195411 0.00019039829959011551 0.00014438974828745688 0.49983716164316438 0.49983503751468372 -0.00071219888075531421 0.0011609549218858843 -4.5248662253858555e-05
0.49960149062833448 -0.00045088765142494916 -0.49971451639906644 0.00030882435979735383 3.9624612637601963e-05 0.00074764347557110592 0.49949575482089692 -0.00057738454985087524 0.016248552564236997 0.022738769801068284 -0.50040531959546819
0.50133657612426319 -0.00041580093364017225 -0.50002742037550907 -0.00058538519990118177 0.00077845985663311645 -0.00063890909091101451 0.49981155058007537 -0.00017658579227143993 -0.018416988137528824 -0.019290528018877949 0.49810617276107411
0.50117959409835111 0.49962009984878802 0.00010879723220815365 0.0001521487343456829 0.000476041138868379 -0.00015310154099324659 0.49960028665610462 0.49958829746975281 -0.0019425241349898853 0.0020715698886311345 -0.0012276187396605155
-0.00068842467218380664 -0.50011831176969768 -0.49972886998242533 0.00056200410996088508 -0.50038286041163005 0.00089015179853458486 -0.00011705678733608032 -0.00011364885273028315 0.01779957103205497 0.021270934256925812 -0.49899783326801805
0.49998250827860791 -0.00077653073931936896 0.00063581062575340124 -8.1651147681644022e-05 -0.49933964117422808 0.0004521814979046232 0.49930280381280823 -0.00075974912598325626 0.0198638592864177 0.50053218479177564 0.021101842218675559
-9.5455569766187965e-05 -0.00067399625412396021 0.0005089062909950443 0.50019131927672689 0.00041041745643240863 -0.49944611333692063 0.49951037395459508 -0.00058869737223361492 0.020187653213676899 0.49998730751488202 0.021343006135987653
0.50046265827408376 -5.8309330440166651e-05 0.00025023246515378189 -0.00091727552780973423 0.00056086758569111285 0.49938773607601666 8.2045156227228722e-05 -0.49985497063043155 0.49955117533075444 -0.02169598584811095 0.016453077991201093
0.0012057849665496241 0.00035934093333980576 0.50026727310950725 -0.00015118259217594189 0.00018939247000646141 0.4993705027500312 0.50042282182232034 0.00052763510129412319 0.49914472956739298 -0.022354876469407928 0.017077298190900248
0.50066210971086966 9.8660223726635112e-05 3.8051135913638944e-05 -0.5005301376691873 0.00043043736813296442 -0.00055390359094087524 0.50029839556866962 0.00036672781709560923 0.49786830103570512 -0.020284740783877053 0.014953091143833438
0.50130104284882504 -7.3918689903566099e-05 0.00033279465198680593 -0.00050086138296917223 0.000667037983003065 0.49941221585834528 7.3111061009987994e-05 0.50014352271624174 0.49844607994110346 -0.020839899792826879 0.01604825161263268
0.49903189902855422 -0.00050413859706739163 0.00041730654508264221 -0.50027965196122315 0.00052271709166460073 0.0005073915737726862 -0.00048322053139797464 0.49939172670579968 0.019397789464710481 0.50050852826019032 0.02022580787228662
-0.0010083058312401361 -0.00027195194701575345 0.50044173499559153 -0.00012940647938586164 0.50030345995789949 0.00045572041512915431 -0.00033920012624655168 0.49951090973134082 0.020073445322947147 0.49888472429461883 0.021284440892437844
0.49915329686603005 -0.00060341431020106279 0.50068158527376228 -0.00061130022392349146 0.00069833118525172591 0.50030919129568885 -0.00075213622640290731 -0.00086759129139400845 0.020523737117335957 0.49895897316516769 0.021698500558545924
-6.7332810320668853e-05 -0.00035099112651558565 0.5005480601064588 0.00026483634479031935 -0.4996955982102072 0.00041005419673839053 -0.00035531593528483475 0.49961648271841663 0.020395529378237302 0.49923610692832332 0.022049002446584039
0.00074910760713658758 0.50053798995554144 -2.6861829606632622e-07 -0.49996942073275075 -9.2835672994510151e-05 0.49947550506631655 0.00068833460374707238 0.00078029970742359066 0.49926222824430622 -0.021797671438154583 0.016641973971707687
-0.00079397656740857981 0.50007072306955092 -0.00012735810313042986 -0.49949289999038443 -0.00042577022156406133 0.5004526408937936 -0.00028551209998277274 -0.00037233406425881132 -0.49926162288371662 0.0213914153654634 -0.016200624232644501
-0.00082017262295397582 0.49971012326197606 0.00050304722269392749 7.373730424787455e-05 8.3529670040612071e-05 0.50049218337319301 -0.00029473219998888377 -0.5003982104025283 0.021649292162193804 0.49841551979300597 0.022610857458756704
0.00094258136047638383 0.5004407340071344 -0.00040478205729284556 4.6095332361471256e-05 -0.00031227584857761902 0.4993463146783908 0.0002868227870143718 -0.49960872249227506 -0.020100515358300087 -0.49976303267838751 -0.020859060552846812
-0.49993672140045181 -0.49980694324520947 0.5001388082974767 0.50011083168628756 -0.00017975700751545246 -7.082575983046201e-06 0.00013284800774511873 0.0001651270582655579 0.0010545878245666828 -0.0018244222704840954 0.0014507217833966822
-0.50072101082572695 -0.49952431596396868 8.3347855249188933e-05 0.00010032783065468527 0.49954655542368104 0.50019953213775437 0.00039121616091871239 0.000350287418832122 0.0011996071307345979 -0.0021226475935746756 0.0011647480090338173
-0.0012160354170242893 -0.50056212864606131 0.000616196412924307 0.49957944811850952 0.5004344761103342 0.00063060508535178544 -0.00049566708784567733 -0.00066257550512311412 0.021153289698122073 0.4984946899183797 0.021815296609038817
-1.8211951784768335e-05 -0.49969451390251102 -0.00058560940952610016 -0.00049015144908710342 -0.00018970006735006861 -0.50051666315552101 0.00030366629520658131 -0.49960028294414144 -0.020544196772545206 -0.49927160584829311 -0.022206031080186209
0.00033438450876986778 -0.00010367323384223188 -8.7353923808939992e-05 0.00016712887816124487 -0.50003811464225545 -0.50002153662158044 0.50000739359716351 -0.4999322110012579 -0.00019519885092399795 0.00068826494709532638 -0.00026006929758619639
-0.0017809659352159592 -0.50042512464766786 0.00032221987045940903 -0.00046250947720251183 0.00020610545126496625 -0.49937079446072041 -0.00027788869179851898 -0.50038977085439551 0.0212056107479465 0.49890694662310403 0.021263886931421592
0.50001132145972604 4.1008534363273957e-05 -0.00048313492874907024 -0.00092314138690273212 0.50027912955496923 -0.00067291495368908695 -0.5000984218053367 -8.2208090132977846e-05 -0.021269916434196831 -0.49863493755547456 -0.02280969731886268
0.50079465301198667 0.00022647214809109239 -0.0004905227349038992 -0.50030729393310758 0.00012691157304896717 -0.00063847712102869231 9.833445560535799e-05 0.50018121461605225 -0.022352018055791862 -0.4976700242112001 -0.023244110139316307
0.0014443765039945809 -0.00025476411406747475 -1.4579777826248525e-06 0.49953949766294992 -0.49942433736553626 -0.00076114044312458314 -0.50005944123800039 4.1796333016491943e-05 -0.016481132368829546 -0.02120013659289368 0.50025230736358706
0.0011623458681787936 -0.0002698770137045759 -0.49964068125770211 0.50038230647312754 -0.49987671562357616 0.50009578036914948 -0.00017741366782104119 -0.00012567184365562534 0.0009101794151123669 -3.2013446794315927e-05 0.0013842085680556306
-0.50005710833788219 0.50054246545016701 -0.5002914839944822 -0.49910603915170171 -0.00075973137322289631 0.00022781603176707515 0.0006627699847830907 0.00067683015784978393 0.00035146932321071349 -7.2824965818874834e-05 0.00025713331679219826
-0.00029070899193228011 -0.00028985083185304676 0.00031144599866100885 0.50043370722264968 -0.50016317260953058 0.0006254121233570185 -0.50037523699717812 -0.00035900242456341793 0.018184408332953431 0.020829161227040156 -0.49825918499295385
0.49951880965245454 -0.00069005066840559692 0.00023538590590345705 0.49991240408176041 0.00032060030534833536 -0.49944858511656226 -0.0007540036348506762 -0.00081851834761856746 0.016411549158014987 0.022542710186230781 -0.50034015658407349
0.50001905091903243 -0.00043262873085364914 0.00032723348557498394 0.00035003699706381912 -0.49984611731702649 0.00057231633731931258 -0.00056823182798039951 0.49943065518002638 0.01623823610982076 0.022567006872613805 -0.49992980614057575
0.00097899775651859918 0.00022331363471605911 0.4999640111742063 -0.000214358958350376 0.00023390983062020846 -0.50062731846759168 0.50044589431628062 0.00054975957105201593 0.49826526827578077 -0.021110830395790158 0.015710711691220441
0.0011302669893923935 0.00010003660362808418 -0.50003539246102524 9.4267292971304955e-05 0.00012802399885869254 -0.50032274460232817 0.50054992129559417 0.00063137255771526899 0.49844100570544891 -0.020197023092051136 0.015442359985226273
-0.49891957409953847 0.00052557621643031295 -0.0001231429803190983 0.00044075478544288712 -0.00022793303712006596 -0.50036487190349321 0.00089180154750091842 0.50100760440211367 0.49897267579726995 -0.021493100955502907 0.016389520213141492
-0.4993317200274639 0.00083418242868465216 -0.00011462456109152125 -0.49952534513460206 -0.00050905101260483303 -0.00033317013515643881 0.50109401356120009 0.0012086850332108322 0.49927435818348304 -0.022181988020175715 0.016660946244028339
-0.49975795867427969 0.00054118557589452924 -0.00020570516715388224 2.4340640603885958e-05 -0.00033410343443158357 -0.50038935168582288 0.00090073564271724211 -0.4989908889445574 0.50007777118692376 -0.022349187010774832 0.016794346591705499
-0.49904603170257522 0.50039586546755199 6.7238383048195114e-05 0.0009676410701053615 -0.50053056116503503 0.50001902253565422 0.00038132933765064358 0.00046954532752924519 0.001085911308656366 -0.0010186457163469281 0.0019096935908361106
-0.49927281891260722 0.50025983816892672 -0.00023602355225427237 0.00090446470393164887 -0.5004860438044193 -0.49997879868197126 0.00040440183161017605 0.00049166979728468784 0.0002064500170439784 0.00022540035727575941 0.00054310709115519757
-0.4992027152982188 0.50019227736581273 0.5000163737144081 0.50058390210156289 -0.00025781542812348371 -0.00014192595969595987 0.00013907699351418994 0.000178811979888732 0.00061880794719913138 -0.0010718030269564727 0.0014311058110493646
-0.49905144606534696 0.50006900033472357 -0.49998302992082333 0.500892528352883 -0.00036370125988646599 0.00016264790556833338 0.00024310397282865327 0.00026042496655241334 0.0007945453768627241 -0.00015799572322234973 0.0011627541050598475
0.00045894370612680851 0.49935805278546014 0.00060008694072257059 0.50044676135796051 -0.49964264047838047 0.00045009548325175379 -0.00050555391111209446 -0.00054331759642525801 0.021039593876038813 0.49959869179560762 0.02256024219083692
0.49965262021472484 -0.50037123141320916 0.00012644065162930945 -0.00074052712409109433 0.00056961763918214755 -4.315213246228298e-05 -0.500404838743851 0.49956823866080369 -0.00056862840243781924 0.00068176340295208549 -0.00088506273910028265
0.00060117414937735933 -0.00030223107848609336 -0.49985658926919413 0.50015200122879211 0.0002059163792952694 0.0001194957731074782 -0.50016173477102255 0.49982866362735684 0.00022591697442639108 0.00052376767972840829 0.00027769136595985833
-0.00040448812315766868 0.00017123403695901634 -0.50016504334285294 -0.49984656627579166 -0.00019011373404105025 0.0001846638993069077 -0.49974206875906768 0.50024506881865383 -0.00021715907922811634 0.00060893843713380122 -0.00062792942230751063
0.49880852284694188 -0.00044299830240370549 -0.49981930756271492 -0.0001107810833637662 5.514269234332958e-05 0.00072274950039075971 -0.50050314159329046 -0.00058375843718007944 0.017186668419422096 0.022101582558909212 -0.50008237956725188
0.50054360834286915 -0.00040791158461743124 -0.50013221153915943 -0.0010049906430613018 0.00079397793633860774 -0.00066380306609006563 -0.50018734583411251 -0.0001829596795987844 -0.017478872282349275 -0.019927715261028423 0.49842911278928781
-0.49919917672634778 0.00096199435304908148 -0.00064319843190907414 -0.49930250139852128 -0.00081257680769061293 -0.00041774366524507711 0.00089395244813555877 0.50102317183216993 -0.020945960908010628 -0.49956727144750196 -0.021536255039122602
-0.50003756130108912 0.00097760371251252778 -0.00072576061874122567 -0.49971891554336245 -0.00091874720500255674 -0.0004422234475736447 0.00090288654335432214 -0.49897532151450208 -0.019840865518357384 -0.5004233575027871 -0.021131428660549723
0.00027506239610485737 0.50064116782556356 -0.00072252152379132797 -0.49997369094268596 0.49956458205777343 -0.00058493886696233972 0.00051178289688186079 0.00055700251804785756 -0.021475373753406784 -0.49884607255208174 -0.022579858163181671
0.0012795115723248929 -0.00018206458902899478 0.50023541470583777 0.49923213498317359 0.00086320941677218467 -0.00082744844574411073 0.00019205145329041648 0.00026553473745927236 0.49978996077914484 0.28742407817344284 0.41003169654733407
-0.00045894370612810479 -0.49935805278545797 -0.00060008694072175375 -0.50044676135796118 0.49964264047838175 -0.00045009548324962393 0.00050555391111480389 0.00054331759642772598 -0.021039593876048673 -0.49959869179560767 -0.02256024219083691
-0.0023594078818033794 0.0077910864266739783 -0.0019634635337727967 0.00672721293104892 0.49105742991036921 -0.49892520422742975 1.0331934936816091e-05 0.0072788206922905435 -0.47030838850023787 -0.1786409680218998 -0.50662146185628576
6.7332810322438068e-05 0.000350991126518083 -0.50054806010645936 -0.0002648363447900714 0.49969559821020881 -0.00041005419673631775 0.00035531593528570217 -0.49961648271841386 -0.020395529378230619 -0.49923610692832399 -0.022049002446588337
0.0008396939050571362 0.49999503473860929 -0.50027053365280716 -0.00025337785863906783 0.50027697457986642 -0.00058557793326936098 0.00022108376664800464 0.00019526183939561211 -0.017623833602380342 -0.020357126953191852 0.49872948156202684
-0.00074809670708991067 0.49971214302670369 -0.50016574494498323 0.0004209016320614706 -0.00031152459912461004 0.00056119326335215679 -0.00042732832171367261 -0.50052791460503332 -0.4988393990930366 0.021999713647790489 -0.016362869752056145
-0.0016954211731088531 -0.00037961961864073135 -0.4996402308264718 -0.00023719437290555597 0.50009140372882455 0.00073581449806453916 -0.0002262390517170695 -0.50040597062866843 0.021354278142261044 0.49894244554307016 0.021420915565019523
-0.50117959409834978 -0.4996200998487873 -0.00010879723220736423 -0.00015214873434535238 -0.00047604113886932741 0.00015310154099219456 -0.49960028665610701 -0.49958829746975231 0.0019425241349895876 -0.002071569888635107 0.0012276187396598685
-0.00038847965823581314 -0.00016334468793337029 0.50006025217920513 0.49942696083263138 0.00020563181374634397 -0.00020955787448570691 -0.5002568276551197 -0.50025144270598021 0.0011552749344070406 -0.0012461256792888717 0.00095086945052236531
0.49881423563998345 -0.50035562205374506 4.3878464795592885e-05 -0.001156941268930545 0.00046344724187024423 -6.7631914790561176e-05 -0.50039590464863459 -0.50043025468586966 0.00053646698721363753 -0.00017432265233291712 -0.00048023636052782828
0.00058417854574544913 -0.50021099482460818 1.771124672448273e-05 0.499107436692386 0.00055337669031413361 -0.00067067854564944096 -5.0582571665542979e-05 -0.5000138923510048 -0.016340794690540065 -0.021861586938082732 0.49992077774786309
0.5002083775707542 -0.50066574248125606 -0.49970791964074951 0.49941466540302348 0.00065384554146050351 7.6757833496272337e-05 -0.000558743005470385 -0.00059521717118498111 -0.00017573189354453593 0.00098663226955191755 -0.00052548502278333448
0.49920271529822025 -0.50019227736581162 -0.50001637371440821 -0.5005839021015619 0.00025781542812244401 0.00014192595969621515 -0.00013907699351540492 -0.00017881197988884134 -0.00061880794719705882 0.0010718030269578371 -0.0014311058110509148
0.49907777888887123 -0.00086271863991300361 -0.49962108029676983 -0.00036585033877744466 0.00063696271410446223 -0.49938405605667091 -0.00062503675313075214 -0.00076385383497433283 0.019820013255386786 0.50111682654252465 0.020063562352872193
-0.00027506239610661568 -0.50064116782556178 0.00072252152379175764 0.49997369094268479 -0.49956458205777365 0.00058493886696325858 -0.00051178289688170477 -0.00055700251804720032 0.021475373753414934 0.49884607255208402 0.022579858163189474
-0.0015680092821785229 0.016038553361092379 0.49046051219218667 -0.49244086558928213 -0.017319385189450382 -0.00099381849357685977 0.013649865676049146 0.0055104252133355951 0.4720776542100763 0.20551196060806157 0.50107951073240709
0.0021640520213705846 -5.042338420856013e-05 0.00031221542809630289 0.50016635186561664 -0.4995819615544459 -0.0005317451948673598 0.00026456539375983574 0.50042014745706687 0.49909195792365896 -0.021033394436018708 0.017053977084098875
0.00062096784682494843 -0.00051769027019808766 0.00018512594326305782 0.50064287260798335 -0.49991489610301559 0.00044539063260916849 -0.00070928130996897743 0.49926751368538536 -0.49943189320436349 0.022155692367599848 -0.015788621120255034
0.500689263639431 -8.8308636658734293e-06 0.49947049405847321 -0.0007021185619829869 0.00034704302725225807 -0.50083449861673712 -0.00014750874544142142 -5.5978911386519406e-05 -0.022105531694778389 -0.49797553323260202 -0.023138003952743489
0.50005710833788131 -0.50054246545016834 0.5002914839944812 0.49910603915170243 0.0007597313732248843 -0.0002278160317688556 -0.00066276998478395687 -0.00067683015785060282 -0.00035146932320963324 7.282496581992609e-05 -0.00025713331679133399
0.4990514460653469 -0.50006900033472401 0.49998302992082277 -0.50089252835288323 0.00036370125988554399 -0.0001626479055692315 -0.00024310397282942614 -0.00026042496655358108 -0.00079454537686522221 0.00015799572322347906 -0.0011627541050588267
0.49998700472349467 -0.50047490464705235 3.9086727819057712e-05 -0.0005733982459285048 -0.49946849700307361 -0.50006468875404309 -0.00039744514668857677 -0.00036397234045347168 -0.00076382725336506603 0.0013700283500515226 -0.0011451320366889569
0.49892650965599877 -0.00073944160882498183 0.50037832333846033 -0.00067447659009782664 0.00074284854586802662 -0.49968862992193525 -0.00072906373244244552 -0.00084546682163865513 0.019644275825719509 0.50020301923878963 0.020331914058865769
0.49918066634429148 -0.0004170193713901809 0.00024467129874167361 -6.6377147776608446e-05 -0.49995228771433786 0.00054783655498938854 -0.00055929773276198384 -0.50056783816664685 0.01734333149946702 0.021710920817332103 -0.49952497976200433
-0.50081316339404003 0.0003185028335664051 9.1995601737458136e-05 0.00093841538680972906 -0.50089177609507707 0.00076857001077467563 0.00023632025976394653 -0.49972588095053028 0.018749388647248708 0.019813673581028379 -0.49781712466181649
0.50166777198340406 -0.00037480489171899515 0.00034650520957291744 0.4994684298353963 0.00082646748147051732 -0.00061907171713998055 0.49987872955671497 -4.9677374201977353e-05 0.4983113770893588 -0.020369911541283588 0.015858711932099846
0.50012468780885833 -0.00084207177770723044 0.00021941572473962317 0.49994495057776384 0.00049353293290092858 0.00035806411033802263 0.49890488285298729 -0.0012023111458827043 -0.50021247403866453 0.022819175262330734 -0.016983886272242052
0.49904153525768952 -0.00069749155981918445 0.00052948551488622567 -0.00047589397185714545 0.50065941699387828 0.00049784771629438214 0.49931891962184544 -0.00086532211305774976 0.01954177523112521 0.50018080215807237 0.020337280664528442
-0.0004387142314593507 -0.00021870100137590161 0.00030991205144239811 0.50045906984163302 0.49982036747887298 0.00069597231692657558 0.49963977522604469 -0.00045820152431236093 0.016924208422475467 0.0211149658354951 -0.49934668657531944
0.0012963712644669361 -0.00018361428358784032 -2.9919250029279796e-06 0.49956486028193614 0.50055920272286736 -0.00069058024955512601 0.49995557098522264 -5.7402766731224345e-05 -0.017741332279299964 -0.020914331984442931 0.49916480578122302
-0.50079111444011315 -0.49945675516085442 -0.50016904941141305 -0.49957910956697726 -0.0006816729526153459 0.00036265941547827053 0.0006565409990124568 0.0006631452362288934 0.00078724920058233542 -0.00082544420934191278 0.00027674928913793925
-0.50094779803575695 -0.49966034326259251 -0.00021991408005201315 3.7151464479519324e-05 0.49959107278429737 -0.49979828907987045 0.00041428865487861007 0.00037241188858594328 0.00032014583911810343 -0.00087860151995513972 -0.00020183849064819379
-0.50000682501483884 -0.49973938244209404 -0.00011358896918612262 0.00043139428865600853 -0.50040798538381182 -0.49984395529826031 0.00039817284583855818 0.00047798487566197504 0.00064222989441177752 -0.00052721888625026781 0.00056272306350095785
-0.50091605084946078 -0.00012719643495754803 -0.49977375599377549 0.00063894219580868793 -0.00030252566663380712 -0.49916332260088614 0.00017058123940040987 7.8103381142536566e-05 0.021226070403156518 0.49921957930622518 0.021771417453055466
-0.49978545216757903 -0.49993022027629846 -0.49986059533775445 0.50041945793760767 -0.00028564283927948284 0.00029749128928168638 0.00023687498705738801 0.00024674004493360329 0.0012303252542342502 -0.00091061496674770892 0.0011823700774067215
-0.001150906950181221 -0.50024608154239303 0.00033061522316889355 0.50000164625208354 -0.0001854585536813721 0.00071587402083374654 -0.0003663783308450548 -0.50041469110858439 0.018324746011217186 0.02016771088187376 -0.49859071460867932
4.558143004760155e-05 0.49988090884132375 -0.4998513045654932 0.001035074525234722 -0.50046091883223742 0.00075530841482234032 -0.00011082780156753723 -9.9963931108543327e-05 0.017363791154685261 0.022023553500450415 -0.4990174492403634
-0.0010977068138817564 -3.3635453929768365e-06 -0.49973289995515868 0.00042479901617577449 -0.0004977044168427055 0.50083223393352105 -0.00011295358930382515 -0.50016990179367116 0.018412917406350208 0.020421486497382586 -0.49850421559213826
0.00042148372679125143 0.49973752970916363 0.00029074282693387655 0.50089113081219894 -0.00015734657697680969 0.00060551041945113991 -0.00036908344029020683 0.49959748715970853 0.016783870744205232 0.021776416180671193 -0.49901515695959564
-0.00031252237544125597 -0.50026169090185735 0.00041317741000201132 0.50041806039692349 -7.928815636956487e-05 0.00074035380316249497 -0.00037531242606011876 0.49958380223808668 0.017219650621570728 0.021023796937147669 -0.49899554098725041
-0.00025932223914166359 -1.8972904856666473e-05 -0.49965033776832624 0.00084121316101563328 -0.00039153401953226705 0.5008567137158495 -0.00012188768452095247 0.49982859155300136 0.017307822016702546 0.021277572552665162 -0.49890904197070945
0.49974559686248565 -0.00055402336978208587 0.00053864784120498692 0.49997558044793483 0.0002760829447332243 0.50054923610106172 -0.00077707612881107338 -0.00084064281737396664 0.017291010449628563 0.021298664112609035 -0.49897357008438964
-0.49867925165499727 0.00050023644018111556 -0.49995933236826795 0.00061557043385816648 -0.50035574891602086 -0.00024874736240873216 0.00092868793326752596 0.0010908884807707504 0.50021386488038111 -0.02191057205123648 0.017523331576353045
-0.50022233582954145 3.2969554187938672e-05 -0.50008642185310048 0.0010920911762235339 -0.50068868346459006 0.0007283884650690454 -4.5158770460473121e-05 -6.1745290913706399e-05 -0.49830998624764539 0.02127851475237226 -0.015319266628007377
0.00087433063227035552 6.4503840057714067e-05 -0.00050371415263861436 0.49974407186168296 3.0130017520699817e-05 -0.50061687600690252 -0.49990696747258923 0.00019441665069216035 -0.020624038451637402 -0.49882843219866485 -0.021803971847397203
-0.49997477881930019 0.00030289347410458468 0.00017455778856977224 0.0013548295316496159 -0.50078560569776531 0.00079304979310372613 0.00022738616454908236 0.50027261239614296 0.017644293257600464 0.020669759636307093 -0.49822195104038675
-0.49823969332337364 0.00033798019188832726 -0.00013834618787415085 0.00046061997195100167 -0.50004677045377122 -0.00059350277337968439 0.00054318192372692351 0.50067341115372166 -0.017021247444185584 -0.021359538183617369 0.50028954131615244
-0.0010466608237426676 0.50008322505191194 0.50004177395886984 0.00033220544973866641 0.49964402516763506 0.00049640076794791525 -0.00019873897184211964 -0.00028714990484929136 0.016865969669723833 0.020758363563015449 -0.49951365908852252
-0.00010568780282369795 0.50000418587241124 0.50014809906973734 0.00072644827391339347 -0.50035503300047324 0.00045073454955781478 -0.00021485478087977084 -0.00018157691777313342 0.017188053725020476 0.021109746196716898 -0.4987490975343738
-0.00068100231269396067 -0.0010472181176200642 0.0023829844932659731 -0.00083027466789771423 0.012872840285772499 0.00032545077820738202 0.49405960224684975 0.49189068946369663 -0.29581002141233181 0.43700926320983258 0.48507138630428581
-0.0020102760925939352 1.8183460818101531e-06 0.49264947218529781 0.49437278211416508 -2.54137172515235e-05 0.0009510970201632241 0.00018677729787520809 -0.00050307859005637692 0.10717513381079412 0.52109185883269848 -0.47944090437995446
-0.00081437469361922551 -0.00011321751407698825 0.49950289061123138 0.50035880166214597 -0.0003436902774940218 2.5386244158187663e-05 -0.00057295175461800625 -0.00052571622365672147 -0.49743058728569128 -0.28221526283068338 -0.41599746235426682
-0.4991895404972142 0.00076864139029830044 -0.0005310194621048884 0.00050125659084245488 0.49932412309452379 -0.00042728752272320591 0.5006960926013786 0.00076612301331154171 -0.020801975141596332 -0.4998949975496198 -0.021424782246886254
-0.0028930177031501656 -0.00014039033354655941 0.49742362194990059 0.49966822570514885 0.0012441920021808673 -0.0017740307344107148 0.00039846870526821538 0.00036424505334417735 -0.4899613920675816 0.40113115194507531 0.31924858943759821
0.00065459936416736311 0.00065603065785167346 0.49583598863886974 0.49849898263121467 -0.00028531738543250595 -0.0006295037573293557 0.0022987863591034494 0.0026388792318273865 0.49336932066446315 -0.38971653169092274 -0.33217403628245151
2.5064257968291859e-05 0.00040372611216166735 0.00038867554174595355 0.0002481443760572537 0.00019574824032064325 -0.00080228320847489023 0.49973324474483893 -0.49908949675404751 0.38178337067958151 -0.50150138791413279 -0.32235557367029227
0.0018466904059826249 0.00025634258755327877 -0.50035917280875919 0.00054582062422621762 -0.50019728956058862 -0.00043124063279994607 0.00033026603103164515 0.50048758361533252 -0.021178540712596939 -0.49802863823933446 -0.021689267271006778
-0.0021347696371517961 -0.0023488806071317076 0.00098201962126573893 0.0020451990170800576 0.0024459060238691006 -0.0003827016831421597 -0.49904876442672963 0.4977362588286055 -0.37370237197313827 0.50002010649278972 0.33691842789631621
0.00070804427273610314 0.0048309744337501122 -0.0020634342590388432 0.0024398241560357691 0.49557910523581455 0.49873645865264227 0.0035144637139216004 0.00079307487743925564 -0.261088503152063 -0.47317804499896116 0.46211643116273599
0.49882529623144073 0.49942296314400741 3.5532424026737345e-05 0.00042615476138798379 -0.00014814084952972885 0.00092083064970829951 -0.0010090292282884232 -0.0011111955929501527 -0.48103688496905678 -0.025757634995404243 -0.51931376028555698
-0.49956203023074908 0.49957438942306792 0.000118262406900376 0.00036102116692329517 0.00023676065405648294 0.00043618961027049909 9.3409674481552708e-05 0.00015514551440662006 -0.16784358191157045 0.47618113735416717 0.49592624490817755
-0.0030178085199740294 0.006418337397480706 0.50027895460640304 -0.49243398126147836 -0.0077712755046399472 0.00085571216958849105 0.0032835783791712856 0.0041443539634851033 0.28193570647465921 0.48346053346181911 -0.44030503850183045
-0.002921370890348109 0.01172576471644283 -0.0060047266935671839 0.0072980821200486845 -0.012833340798742068 0.0008153742436132846 -0.49385525498232502 -0.49431734983543441 -0.46356441233438972 -0.20834110515047763 -0.5030493595236869
0.4973701347577868 -0.48451592511780811 -0.010126066283912704 0.0069085553005207119 -0.015802776671671959 0.00093593978673732264 0.011184661763740772 0.0040827328163972297 -0.46915016137060306 -0.21020581845706549 -0.50302710948459117
-0.0032084397533613633 0.00028390856086876732 -0.50015004852699108 -0.49754109685412717 0.00015363498385493298 0.00074406066810013462 -0.00061546771548352385 -0.00030717598203657475 -0.48250770838159573 -0.071840942766811494 -0.51411725424951105
-0.0050211984119400612 0.0052522227117294618 0.49800440509997257 -0.49342127354822785 -0.0087345439457973562 0.00057767687054143403 0.004178183806687448 0.0035232740157773931 -0.45353118901789907 0.48935566932176988 0.2514125173427017
-0.00056060207910632251 -0.0010668817464319919 0.00068669769057736634 8.4565000977216451e-05 0.0009123262334905898 -0.0014644975432442559 -0.49839764296994887 0.49876298993510909 -0.35894036718496336 -0.5000126832097348 0.35210721446598398
-0.0020903705750305078 -0.00061246477004201947 -0.00018274574913514389 0.001123242201027044 -0.00060649881041996022 0.00091985580876557938 -0.50010654603797688 0.49878158402692768 -0.48315215908017223 -0.018763230296960514 -0.51702519532779312
0.49934360380194298 0.49908006814721323 0.00032022150622917553 -0.00026349858750823838 0.00080632360160301476 0.00034105036150906804 -0.0009602847876903389 -0.001034915829098681 -0.37994753176281609 0.50233978365672194 0.32383133594397201
0.0025435668486022966 -9.9336128602563832e-05 0.49860899864866659 0.49675060631768708 0.0013611851771929105 -0.0019047874277015779 1.2784667611629714e-05 0.00019463912261982342 -0.10767681986967891 -0.5171100670010027 0.47499345676599436
-0.49904452064728616 -0.49404716991518172 0.00020788418142656643 0.0033755623058711651 -0.0050642818665568535 -0.00064501952347677293 0.0014034503278747166 0.0058822368823775719 0.481253301933387 -0.49082836410832009 -0.18515038658991795
-0.49925538938191127 -0.48487658085644264 -0.011732514885049609 0.0022087003830162984 -0.013691148213185763 -0.0003483944172367622 0.0072678544349785469 0.0085553464200430751 0.43639087411528965 0.2633078317218131 0.50538562841804513
0.00059711007451232609 -0.0011999261507200279 -0.00016733476553132669 0.0019222102206028335 0.0012588386625314698 -0.00094153742154835828 -0.49839568909243631 0.49967942718317693 0.37446390590718148 -0.50066236429284405 -0.33320893876612362
0.50140200252950773 0.49984962336479399 -0.0006197811004927681 -0.00047299572774740231 0.00039402624296084378 -0.00097348867032835424 -0.00031330172051133662 -0.00023985783772676174 -0.35585614606280708 -0.496934137760637 0.35379003015729321
0.0047919931976587978 -0.0021625554534132189 -0.0035752053779026139 -0.0037663890832803971 -0.47670380238715626 0.49961232915877596 -0.010447652573108514 -0.012199321745606844 0.29803824641911036 -0.47781014872789296 -0.45354061148453179
0.0039936363656708825 -0.0001235636085980004 0.0022909257172330625 2.3441570344546192e-06 -0.48185183127524667 0.50021126756766687 -0.0083250670069587914 -0.0072820652034529636 -0.28667639979228876 0.48507505488196512 0.4471943486545959
0.0049307003320255005 -0.0049983631489094876 0.00068583211754908401 -7.0175297960843984e-05 -0.48705284897091888 0.5001720713750637 -0.0018028341134655806 0.0002636416474140609 0.46189889573565773 0.48706155087911956 -0.2489473571885002
-0.5016594761132831 -0.49887766759860197 -0.00023016731321983061 0.0011505886624942859 0.00017222765287989514 0.0016380436263794978 0.00041075773610187031 6.4739480597165856e-05 -0.48306203704919942 0.48427117218132676 0.17772754530308488
-0.50131327834679174 -0.49382979888424133 -0.0030532322634494228 0.0035793742253699933 -0.005893329917732038 0.0001353382583718504 0.0034915536720838028 0.0018844389615436149 -0.43926160857254754 -0.25062160274754924 -0.49898151498762106
-0.4987728057743232 -0.49861851317936745 -0.00077687081520972918 -0.00059536566378606457 -0.0011435704804897374 -0.0010322864172862196 0.00090333342928120399 0.001354847103418829 -0.27237252022846847 -0.45379620027802747 0.47167944877134138
0.12996200624428939 -0.13387088749584042 0.13195124254704527 -0.13282858115291735 0.19957514783908686 0.015715055816043592 -0.13362798096906933 -0.13397468217254169 -0.49281786577506587 0.57656166713179902 -0.52816497406107921
0.13478015687307601 -0.1314672331749844 0.13247950476970127 -0.13431021285022718 0.20087723801471793 0.010453470114331561 -0.13113600041315451 -0.13120529147189269 0.49117705033202569 -0.5785865870777257 0.52732425606179811
