0.99963040142243786 -0.003935904946140662 0.011186587430117184 0.0079964223998619487 0.015972949083174301 -0.0076827915988817701 0.0021173468425326764 -0.00042966664413152236 -0.0038984853862295723 -0.0076147221918936815 0.011936345845080066
-0.99975729146624737 0.0018606569634119804 0.010640777150368996 -0.0037618536367582979 0.0094645084871330543 -0.011024587982882446 0.001565920676106627 -0.0038081883143081304 0.0023683799736423654 -0.0077468849092637996 0.007798853646273877
-0.0090122548590848891 0.99981692265863464 -3.6812328177056161e-05 -0.0069776047245286377 0.0059622775952227541 -0.0056182704110746308 0.0065139897737149363 0.0032204777420135311 -0.00070170813323947566 0.0061169900483961648 0.0088535239980133892
0.0011525668853877746 -0.99960215963809551 -0.0069638043856297734 -0.0038615358037821564 -0.0022517022242429813 0.0048032794050773915 0.0087241718421927298 -0.0057902038414670591 -0.0074496637577106811 -0.0062497835436241839 0.022326025864273111
0.015225737059872346 0.0017458505654081244 0.99954697959515315 0.0098506488068595306 0.0068453158133928004 -0.0082526826044172063 -0.011410071145394475 0.0098778963399032554 -0.008789813134999316 -0.0068997869525605146 0.010311822522679044
-0.00076889418948907265 -0.0024308839631357543 -0.99968322479057781 0.0036437926973829672 0.0012548897613485594 0.0091253992463028368 -0.0041590576761719239 0.0059600918920481522 -0.014932318935692737 -0.0045287822781427366 0.015248616934647826
-0.00055669910352562082 -0.0055470100324833968 0.0035973759520768517 0.99974672957457156 -0.010123912917396373 0.0066522212176782841 0.003684428217657184 -0.0017441288460589796 0.006913939448808395 0.012419215614825587 0.0098516102854215234
0.00026382015162475291 -0.005376021577291396 0.00016324977451491072 -0.99946699737995903 0.009853019355581593 -0.00063630742488934714 -0.00060393920927096119 -0.0020542288338523725 -0.012020126072495599 -0.013162041613198399 0.024838056330382725
0.0014870065956866939 0.0012183205936449324 0.00026539560694244761 -0.0031691332312031393 0.99958921688363433 -0.0074619885073718608 -2.0897816814289922e-05 0.0068714640806077738 -0.012206837127334478 -0.012524140453998399 0.019970690059033389
-0.0060798800891516819 -0.005223929374286675 -5.0522292627247063e-06 0.0082849527363060838 -0.99984249716941698 0.0016737255574453568 0.0052014623759372132 0.0038600788106455219 -0.0098475228117924172 -0.0031464203478964426 0.0055186559597330516
-0.0060658313191033052 0.0023851734498299055 -0.0042864878715107935 -0.012415423743013696 -0.0029427765387445041 0.99960596750940067 0.00018944128885230993 -0.002654707563798292 -0.012904578191091051 -0.015655439049851588 0.012064221006116515
0.0067350757889347527 -0.0044087240343159539 -0.0019879997791976819 -0.0057581795075686637 -0.0023146875056745527 -0.99959700287645592 -0.003592254270347621 0.0043042370342727615 -0.014463449069051395 -0.007100451646241868 0.020187339462072663
-0.0025610208523505289 -0.0038142314474451733 0.00033669142210291796 -0.0021832501604565359 0.0011091231414422798 0.00207327888187847 0.99971040958173973 -0.0056801518555081414 -0.011732618904408125 -0.0081210275378197361 0.0176553573455802
-0.00029574650510667729 0.00063650029560379797 -0.0043472046481291722 -0.0098977481125975004 0.0015330670689285824 0.0046851978771745529 -0.99979584222398576 0.0089182778176860687 -0.0026907086209686458 0.0042270492651265675 0.012726851757760234
0.0015036440385848013 0.002033209691292108 0.00021696107346004927 0.0010179745317458696 0.0011749126212109706 -0.0001210353626249617 -0.0048792321956518166 0.99970102660617144 -0.0048691098258018383 -0.008399080688639116 0.021700792803784126
-0.0022671994216520207 0.00053205780800924226 -0.0091396908992308207 0.0091670624328589138 -0.0015084386454881835 -0.0015993935002776443 -0.013529995433877909 -0.99904842250459591 0.017932021311569631 0.02223177692473325 0.026936104251765867
0.50252168222532168 0.49194674394599347 0.49584160012883277 0.50891802419601428 0.00029736304278060196 -0.0099111253824156927 -0.017438211488184398 -0.0050230995855062681 0.0067020215256600475 0.0039349331121141633 -0.010764286918650574
0.50272647654264191 0.48953726504154982 0.49573275808951767 -0.51111901171108931 0.0089999365389009985 -0.0032712088387198187 0.0063993550406939064 -0.011159821635093778 -0.0040265569235458931 -0.0065392830806690148 0.017594769972824571
0.48152958959748599 0.51804392435212787 -0.49569711919225828 0.50301495202294888 0.0041433954660605498 0.025319980322275632 -0.0046072103083897734 0.0010623627477190226 0.015015723906016239 0.0068768087459818335 -0.0081660428530390648
0.49142478088706415 0.49754117384378865 -0.50518353648555581 -0.50491149435609661 0.0082770617506405814 0.011310154718784653 0.011109283329678124 -0.0042329389316603126 -0.0091885914578675593 -0.0038233511555715357 0.019277729772016798
0.49820774344284091 -0.51057880243107956 0.4965119113059942 0.49365419403143668 -0.0072850477757241648 -0.0035033312439492121 -0.0019993853386796878 -0.0016345421049112001 0.019645011533902329 0.013495229679839947 0.015483129698964008
0.48981150655458355 -0.49996198514159995 0.50307532540279942 -0.50648752708841627 -0.004811941023523638 0.0074014221605523374 0.0018876069068966815 0.0052483053708860822 -0.0026491961227455979 -0.01686907202938611 0.01037670024550799
0.50730245626531179 -0.50517675092516812 -0.49791357464954517 0.48789174772316557 -0.0027142266302049253 0.00064732741018194056 0.00054880285701858168 -0.0016238400840724331 -0.017850039027627222 -0.019194153347818016 0.028046735264929203
0.49807189435400073 -0.49623579102410509 -0.49801259823553778 -0.50656893816083681 0.0021855317292605457 0.0080894800840774286 -0.0017231828412635369 -0.00069631582379926175 -0.01441775157063351 -0.019719491385553213 0.019374991559488727
-0.50537793969563927 0.50376668375231481 0.49587417778462456 0.49409424827309678 0.01083256215700161 -0.0065884095809099043 0.0015639303971846659 0.0030888307733055167 -0.016461030642544092 -0.010072486216778963 0.015709272234109839
-0.50173267077177974 0.5009542402019207 0.49234737343920226 -0.50432242953162498 0.0081285953206189001 -0.0041161897224038417 0.0011224240371658061 0.0041678082724323764 -0.012858147303713771 -0.011634307187042767 0.012640832477818496
-0.50941028380805398 0.49687505547779931 -0.50066389572809511 0.49275615203017964 0.0045531872302914285 -0.0059267405671556625 -0.0035510571443020862 0.0031345198856782448 -0.0029109598679416529 -0.0063445161028958834 0.0040448218646196689
-0.49826110325626655 0.49636402626505305 -0.50556102994695196 -0.49922373328887398 -0.0021431928613086537 -0.0087063695966207461 0.012398863830585853 -0.0003205034876407298 -0.0078638938893361293 -0.0085063115917649347 0.013187443797886176
-0.49744136489553764 -0.51595496081242509 0.49538661902310499 0.49037370668172953 -0.0095803458543540724 0.0074038297968853006 0.00052329405282561627 -0.0042548738439987825 0.011883086457103519 -0.012645756197857013 0.0014805363840815532
-0.49968851872301828 -0.50007890933583066 0.50098903871890277 -0.49862881083468114 0.011290615606341257 -0.012646663432223076 0.0049225224993643731 0.0083183629886315353 -0.010881329550660712 -0.0037223345409395504 0.0099327331814300056
-0.51800546973604067 -0.49823364670651715 -0.49403399721527413 0.48908726543295372 0.0035844848179860038 0.0025134347878819204 -0.0082107892459941378 -0.0017357885208239836 0.0034469974497705626 -0.0058245083775992417 0.0047138522409563418
-0.50227930357276407 -0.49594674872819294 -0.50084514871008268 -0.50048931653500062 -0.0041902089022990488 0.0095673116541235576 0.0021930013539730531 0.0024831832141873184 -0.01425979720153564 -0.0041701393816064407 0.0087238776275490055
0.49271347549407779 0.49935653330897167 0.00097974705878058955 -0.0001683020515399974 0.50167737192391282 0.50544305056383909 0.0051808826130467622 -0.0032556147505492586 -0.0038004333458568421 -0.0023459108921686338 0.025792352567477202
0.4939567905760785 0.49193395307834609 0.0088504692677655282 0.0074213000850144057 0.50421041672593836 -0.50944751470880767 0.0034917425295830102 0.0064190256165227557 -0.0071089749957039894 -0.00096611647504533569 -0.0021181857953097472
0.49190353870676767 0.51989074572874128 0.0064811094500660041 -0.020636366784742646 -0.49251613629606139 0.49384538193242328 -0.00056516108433179589 -0.018312400231857481 0.0061991202993169139 0.010255708667106882 0.018492670698415984
0.50216899941571991 0.47793037866473448 0.027578467866545112 0.0070628142155560909 -0.50990293900780459 -0.50794063935696432 -0.0045653480944687153 -0.011062220789260111 0.021133679256843455 -0.00016336845446664991 -0.0019543288702489731
0.49938614719741625 -0.50647098172689875 0.0009667959848466129 -0.0065569222214583263 0.49745381493173152 0.49616918971758461 0.0039349213532637681 -0.003184373587194843 -0.011526543644699858 -0.0078952570683148635 0.01384593021477488
0.49404804812537123 -0.49776419786153331 -0.0042064170384539567 0.010954236283250112 0.50602382207696317 -0.50173018836928074 0.0020392728657262107 -0.0051634854819970792 -0.0024943777075612209 -0.01033172063791409 0.0085184045360999824
0.50337321254777712 -0.50502521011611545 -0.00021364782263682113 -0.0082303844425385738 -0.49406504778817556 0.49535353737132615 0.00021659328596111636 -0.0027381586429944325 -0.018252267494151056 -0.025797031707070543 0.031868263081667583
0.4951679762513268 -0.51059646669695569 -0.0054973611001964883 -0.0068880874180996948 -0.49974931559752944 -0.49394332631534127 -0.0028207075002211032 0.012707261934539424 -0.0022354176473175641 -0.0045751381988013125 0.0098746561697784715
-0.49874021370318661 0.49566189347808326 0.0028787292095174013 0.0089876660696614815 0.49801442680518226 0.50719576983201298 -0.00085612713213541354 -0.0017379304411841872 -0.0055159596332756793 -0.013077230281702018 0.0041605295090581156
-0.49857420442656486 0.49965245648322593 0.00014729715361965422 -0.0058659278155370207 0.50186873652731956 -0.4995243098799913 0.0094108108687004591 -0.0028980031353343081 -0.01214484507663454 -0.0080864379539010017 0.0054900106012095752
-0.49736482531381238 0.50573130818533518 -0.0067872272013949127 0.0078156267054173747 -0.49410371611222559 0.50207514275017762 -0.0021326096728795131 -0.020736626865336082 -0.0024875288439321686 -0.00080870498726575628 0.0098790294579942737
-0.50810151328340336 0.50543045716751223 0.0008537582558337739 -0.0010932288639118343 -0.48785376081447984 -0.49757268232881763 -0.0019609646926931758 0.0017416489647451368 -0.020420050226658278 -0.0057119460247849613 0.018292935003141293
-0.50058310724764565 -0.49771443591709902 -0.0018159474805956469 -0.0025640220111623792 0.50274489161477409 0.49871828419094505 0.0086537348748757011 -0.0023057194960832174 -0.0079042379434922216 -0.0076524206649246718 0.003664440421046957
-0.49570932047712607 -0.49585751572999825 0.0090678202720124723 0.0054536727408989452 0.49952034951137897 -0.50796786402549798 0.0091675296874811733 -0.0038684889174040592 -0.013575562324929192 -0.008072946803445594 0.019626974986714712
-0.51515746478507829 -0.48346844111042686 -0.0073227197416261217 -0.001776002644429054 -0.49969433105298566 0.50022603011517763 0.01782003190383883 -0.0014376338707744647 0.015329883662905035 -0.0011516365780017334 0.018379850305411023
-0.49474420024026527 -0.51077688515694497 -0.0038194521642247454 -0.0087112919241913757 -0.49557595023741491 -0.49808940750080499 -0.0015204451407358581 0.01026257791954842 0.0019025531996657403 -0.0051733796818645011 0.020446979066732155
0.49416257674688446 0.49344594403446612 0.00047922767737659176 -0.0066244275655846681 0.0075815330467375692 0.0032526126498073986 0.50537442945206312 0.50631529103405915 -0.013471313322080262 -0.0076605792233767163 0.014269813983561841
0.49732729506608286 0.49129924098462058 -0.0008628818535651911 -0.018835911081701802 -0.004230532569487566 -0.0039815719724768201 0.51000237840187246 -0.50018115564098775 -0.0015149326352860268 0.0097425381489104988 0.022814566689536808
0.50414801228376493 0.50449375006845676 0.0035404714639687466 -0.017327036523888794 0.013514903138503759 -0.0089404025686144941 -0.49907580407431773 0.49110947875224431 -0.013871494595096919 0.011149516014050639 0.012790031743431841
0.49953485285770055 0.5043164024187371 -0.0014278912201127212 -0.0037575836006579623 0.013399970034509339 -0.002838483370022544 -0.49558305481980142 -0.49906403355704709 -0.012361139205280355 0.027373591697278848 0.018882199014428794
0.50155186600487778 -0.50236845145869391 -0.0022339098261158234 0.00019607249844869369 0.004494119653986578 0.0033603199894613567 0.49768655961567226 0.49742631472026227 -0.0038290614594172368 -0.01305378098136814 0.026930167447537331
0.50665651812868528 -0.49876161650763429 -0.0051942793222856439 -0.012160305819320684 -0.000799323836496782 -0.00022315070942957593 0.49816241068887485 -0.49526400123248415 -0.0064817422717637664 -0.0050585799821074272 0.02899413202360877
0.50955261237343497 -0.48455153289952818 -0.009807056406620919 -0.0028000835926651297 -7.1444876723031591e-05 0.016967348501334092 -0.50081159547058951 0.50410960837685581 -0.004232090519993157 -0.0090325832158844061 0.011652586825029562
0.49873301655288604 -0.50917145351844928 0.0043994800955498917 -0.0060390877153606616 -0.0027027872825050392 -0.0018474419549761687 -0.49133138055653491 -0.50029435946666789 0.0081760967467899241 0.0073847624495725957 0.010995913211194679
-0.50091899703765441 0.50049852590049115 0.0059124731190828266 -0.0028797852359982827 0.0030480966482209358 -0.0065318228496475646 0.49924725597223624 0.49829347035672394 -0.018292611618214067 -0.015962772723267061 0.01877612646783022
-0.50103507037726092 0.49737984100873217 0.0059765750013128192 -0.015101372709811694 -0.0053945476704461513 -0.0053394397499483435 0.50647338328707536 -0.49427232654810477 -0.0085824884926667851 2.6768974000443564e-05 0.019018142587141695
-0.49911049792808759 0.50696864937791863 0.00086214228648623262 -0.0063023278424684491 0.013730569951829126 -0.0093695061666551685 -0.49743891997324097 0.49587331303079407 -0.0031884584331139348 -0.010532846123109164 0.0098889730724340315
-0.4962788822268836 0.50392741065223512 0.017740469065872806 -0.0037637609299995519 0.01080357629551138 -0.015623607455385158 -0.49612943734871073 -0.50262840493025074 -0.011273557532944567 -0.0083105756796846876 0.0099418572212573754
-0.50010183139325926 -0.50898985827008181 -0.0015906513157454005 0.0027359075760774675 0.0086911700122385121 -0.0045556591483955971 0.49219235079240209 0.49816243755909129 -0.010998416195638383 -0.0080640475152677221 0.01077303079320853
-0.50799142293884414 -0.49561090452927314 0.0017423473829069121 -0.017559769244819889 -0.0087745495945969598 -0.012775579478580924 0.50234341527486548 -0.49289501765452337 0.00071068647841829443 -0.0003533498123203395 0.021631478920292897
-0.51138809933243479 -0.48829630644374089 0.0085373239662379016 0.0037101217636082116 0.0019547999001800474 -0.0033477092071091566 -0.49739085995010923 0.50245171702997826 -0.0028332989844301469 -0.0026269826145636798 0.0087707207169535114
-0.50142385375203713 -0.5011577891288902 0.0045258095613741126 -0.0042424424701983801 -0.0074411976484220384 -0.0014502553291625177 -0.49455474567134516 -0.5023106897515166 0.0064371408659045105 0.019174597377942946 0.0030831605228989548
-0.0015629106065374991 -0.015017234345816399 0.49204836971196536 0.50143546360285685 0.50148081960436885 0.50419203621240294 0.0069159979124990036 -0.0061323016915074413 -0.016694955717089292 -0.0069857560592193491 0.010832238543779829
-0.0048218599990263586 0.0012949852132453691 0.49700778921319633 0.50864579402037779 0.49157688934950039 -0.50198643268921872 -0.00016803810286439709 -0.020401201090325619 -0.0073391881353372769 -0.0099466331109056196 0.005525684047995312
0.020125017271334908 -0.00943202276616327 0.50329740350058938 0.49110342974405985 -0.50241391782450284 0.502106825848739 -0.015583733666241113 0.0057529741300866464 0.0062051845358132903 0.0036721644132734479 0.012498703491455966
-0.0064784578077975224 -0.016550825189459994 0.50432437215769543 0.50451412587490441 -0.49763624845212578 -0.49274234714448889 -0.0028960557386063859 0.010202366865914171 -0.012635011210561632 0.00020118414525919606 0.0098746319214005011
0.0011736288260791787 -0.0043490622904943602 0.49700988732493884 -0.50417057941301191 0.49959299827593501 0.49815778914793324 0.0039852330827598332 0.0023312766043032708 -0.017246048808603826 -0.012861403708298991 0.023117122547805197
0.013944922868066638 -0.011163476866086597 0.49677525684589025 -0.49998309010174324 0.50329442064099583 -0.49851470710328283 -0.00061647651139964542 0.012364727222970965 -0.015184643872860172 -0.0086620465773758117 0.02512193620736531
-0.0011176677234156079 0.0025012123067194567 0.4992526397241393 -0.50111511011692711 -0.49462395278890448 0.50345555497133221 0.0084573731827575806 0.00025130601622707748 -0.01843915071323626 -0.020040313730176139 0.026256154012482019
-0.0028593007055385893 -0.017108050720312681 0.50077818729609336 -0.49752405934252009 -0.49371628838813225 -0.50685683300840112 0.017706203273987867 -0.01014765492449672 0.0029381583402083738 -0.0065228742632181874 0.016213226662634708
-0.012718124610258466 -0.00092490645064123654 -0.50253196383833565 0.50019338666374746 0.49631128475494068 0.49994609663379919 0.0070085311674984883 -0.0039810627520894997 -0.020389775344747962 -0.0065233952577989701 0.017644778393603604
0.0035559160630767432 0.0055429294785603678 -0.50466706078650547 0.49608207786329966 0.49795299017987898 -0.50066479620532622 0.0016288527507325064 -0.001927152982725283 -0.019621249767913518 -0.0078208099187264592 0.0097681623217178194
0.0081822739714130805 -0.0091886469226892566 -0.5040064909200318 0.49805452031428843 -0.49795458875290499 0.49933011013425188 -0.004245851023374444 0.014254293193612296 -0.0035347473324519158 -0.01375030075872913 0.0074607227254348037
-0.01524006601712842 0.00016698655555082056 -0.50252005880683048 0.49145518863964599 -0.50371877398828135 -0.50149424819232546 -0.0090123217504486479 -0.0013164442115110445 0.0085378860735876201 0.003982383856899049 0.017672194897784262
-0.019947472091798306 0.006382641359925896 -0.49752785025166196 -0.50108089891679997 0.50356317797128158 0.49628839118575302 0.0041332287670503478 0.010802371516414701 -0.013070979529198317 -0.0096060438166516004 0.025891859391511174
0.00021360201930116827 -0.0017931193059105073 -0.49879225331856336 -0.5029610917374977 0.49949897468848653 -0.49725985230147884 4.4149726109116336e-05 0.0030528256791422935 -0.016633240716913966 -0.020250980621680497 0.027757742928714291
-0.010998172365349057 0.0098949299594743422 -0.49286810651977181 -0.50189674696422593 -0.50839506848488181 0.49586147920043627 0.016588353379877029 0.00095614059681634978 -0.009993027673438357 -0.01070605484663938 -0.01127366082120569
0.00030269733582999797 -0.018652189205300155 -0.49970459241617732 -0.50547050699112994 -0.49158418460042236 -0.5020114865753682 -0.0068971025143339873 0.0069185741472706482 -0.0063663665654136682 -0.011206947743941887 0.022688871662260548
0.001133157923207529 -0.0031868948979301868 0.48976464751786702 0.49414950848689743 0.0031164626472598221 0.005265189215106149 0.51343721525224506 0.50187092607806982 -0.01468644990945933 -0.012688971998382122 0.0053922287809876034
0.0031571568328412404 -0.022978776564118241 0.51611554994330544 0.48632736422342426 -0.018930123847915797 0.0049536871367184647 0.49671845766031314 -0.49928050822847769 0.0057849838924099849 0.0038750833060835098 0.011437618232293036
0.012254557699296814 -0.0018539270814899569 0.49017908464005483 0.49871384115523154 -0.00020668815224456706 -0.0083879490750364636 -0.50372405557275068 0.50651947701181277 -0.011027981737626964 -0.0069049214790225522 0.017769606217059974
0.0042051702944035981 -0.017911516133991456 0.50368403861315514 0.48813993736778022 -0.023341413927622071 -0.0010393815600463197 -0.503719980214827 -0.50283647472093385 0.0045590377423948983 0.016017934471711019 0.016783479378588331
0.0016327312449292677 -0.0093952160183441782 0.49366858935911501 -0.49777404478929693 -0.0024197945968559569 -0.0015264920341605864 0.50020146993396641 0.50736219519369996 -0.018118066462513561 -0.0066360622376194726 0.020566804440204318
0.0025906389409259974 -0.0094652050124749334 0.49406150182256175 -0.50697213131352914 0.015924210839570054 -0.0026992953538097502 0.49952672622364952 -0.49859033248318207 -0.0062717261254306138 -0.01573559273153877 0.010913707038380146
-0.0079469227735316714 -0.0023684006140233835 0.49958691215241335 -0.50379187351068744 0.0078104928852338025 0.0025864280120100843 -0.49312593545831696 0.50256839535225106 -0.015672805594699687 -0.0046706458774465991 0.021320813349893653
0.0073740915408556686 -0.0044353089833813267 0.49916424969613465 -0.50633915979510624 -0.015785837683243986 -0.0052377065186004039 -0.49895772236555413 -0.49509849713212184 -0.0035659058135937257 0.0015897023181868184 -0.0029083057050575995
0.0025783140074362863 -0.00055168536831772506 -0.50126244535722631 0.50174537634887362 0.0047177474684656833 -0.0024575529297894429 0.50046160167970499 0.49580262235425082 -0.011101996846899392 -0.016582507451697814 0.016492435933892262
-0.003291443001847525 0.027961150068895369 -0.51345902184030889 0.48781349629545639 -0.012490557935930091 -0.0032177428569916339 0.50053669876843421 -0.49642831908628965 0.013033970169425153 0.0066126920394528159 0.015720159881964273
-0.004064447530572504 -0.0056874581476184924 -0.50167919050003396 0.49514918904434341 0.0022163564671780311 0.0038481386376346821 -0.49908121336801192 0.50327479373213191 -0.014309471889711696 -0.012200472435766573 0.018854575854697693
-0.015286352513824927 0.0054932291476629041 -0.49800459191156127 0.50730710388723754 0.0025887830729444047 0.012254016606420233 -0.50002793949257207 -0.49329754944681964 0.016779891528907086 0.01594303718600943 0.017437320959564965
-8.9376080312038791e-05 0.0010217023644173409 -0.49619668540548706 -0.5048004698609696 -0.0038526513273773855 -0.0023673857907440562 0.49563437834441149 0.50233341906996543 -0.020251991839346131 -0.011717335355610559 0.020102131393087124
-0.004314627063374629 -0.0040987639925121732 -0.50065522877354818 -0.50073348923376382 0.0083164840816940099 0.0098143140051797449 0.50576945533058326 -0.49199489438652083 -0.015540384860485498 -0.0084217996390717458 0.015338376807189009
0.0095881474999005706 0.0027120104287202546 -0.49777378956752183 -0.50689648799580123 0.0054515510511872218 0.0030658162934354477 -0.49422400646915832 0.50006633247934817 -0.014781444809697373 -0.012536906955728719 0.020962539664971615
-0.010765485016726108 0.0036445982904244898 -0.51244652081409958 -0.49009854826555432 0.0042520583448609128 -0.0024884069684139019 -0.49334481669825414 -0.50323679230148655 -0.007160323930149543 -0.0079198405427748919 0.017267135194832191
-0.0068256880770958929 0.0025936034829854033 0.0003041796992887832 0.003924694628789506 0.50462856239085485 0.5027921557492715 0.49938439629167225 0.492050319918995 -0.0097591471704314842 -0.00055136396788686324 0.029789461872711913
0.0056987268111129618 -0.0052538543375149288 -0.0025861546879531387 0.00012707221264682245 0.50410534375863225 0.49472188732482852 0.50249965382252137 -0.49755043866295734 -0.018565242286093658 -0.016875313382730201 0.019222077184953064
-0.007600558212489731 0.0070762341166984728 -0.00053496818726658996 -0.010291629693019781 0.50305708493045631 0.49753436035206272 -0.49562739906661701 0.50288541486502747 -0.014797797990964761 -0.013645395598884998 0.015285722988398056
-0.013939242797803893 -0.003069046715668882 -0.0062637457875468526 -0.016454930955959061 0.49479529390826821 0.50624652818076454 -0.49273725816138747 -0.50529308913152593 -0.0023808277307290123 -0.0096538204091736884 0.012975859737199927
0.0057750123210916623 -0.010016252597281915 0.0032045563053068556 0.0027071492955370252 0.50230247731412514 -0.49662476254574384 0.50014885463563952 0.49990697638273074 -0.010454400870739627 -0.00595026532552326 0.0265373435779865
-0.0050772613594769322 0.0034748905468982402 -0.0085013253600395265 -0.0048865979779941339 0.50156942619398692 -0.49513644761158709 0.50467619082739579 -0.49766733648089562 -0.014877541604913688 -0.017159172072724896 0.015728646338613633
0.011238433142319615 -0.013039218246181483 -0.0018753782753466279 -0.012998401683202092 0.50008734610136196 -0.49202210980346739 -0.50049030571589148 0.50641046758369301 -0.0086547731276482819 -0.013961447631107415 0.012089488827622409
0.0088434037731795184 0.0003461323277091611 -0.011110180947084781 -0.005573609200396101 0.49997781018596177 -0.50028747626213521 -0.49945117853783227 -0.49972956107841726 -0.0066115293485427057 -0.0039423888821192654 0.016168947707036894
0.0010985538381132732 -0.0040760794667749727 0.0066916932638636413 -0.0043014338509762785 -0.50428985812615834 0.49569957771265488 0.50092174550514512 0.49820013633804838 -0.01350035624905006 -0.019205369810951781 0.01467952637961345
0.0033578770137861224 0.0051175525509529769 0.006653986728387103 -0.0047856101336333405 -0.4974972761249612 0.50388815936667763 0.49814139117959694 -0.5001179782883135 -0.0068311007373646586 -0.013219917035574466 -0.0020670885747035026
-0.0041072881009653278 0.005515950385458785 0.00014681784313274281 -0.010677480744551413 -0.50018360230507619 0.50435453309558109 -0.49246041627788106 0.50211114429137949 -0.0097185247505881915 -0.012694478635988339 0.019826268508655653
-0.0052219667827116175 -0.021132158053105109 -0.024844687976546698 -0.0007512821073649207 -0.51331365359394032 0.49504975951702579 -0.49026520643758104 -0.49952856796744866 0.0028602097121300306 0.015685701944457349 0.014148630522970086
0.0042829457080325152 0.0028758089005728391 -0.007855732822763143 -0.0004484423197713592 -0.50408943206725487 -0.49756065485358991 0.50294763983286095 0.49483363310394524 -0.008184810182450571 -0.015621492338975168 0.010537394146443784
0.0074784169884412263 -0.0084550449393274614 -0.00079550297354034926 0.0040000104211979784 -0.51011160679199863 -0.48570675658307783 0.50263950701723892 -0.50067380144969598 0.0059672381675448093 -0.010990586071241362 -0.015934786648785303
0.0021586077586425874 -0.0080490494639925431 -0.0057093580402186638 -0.0021560673502552239 -0.4974263988206859 -0.49410595661604545 -0.50455787475334957 0.50316885077233597 -0.0089813077260854947 -0.0052000898144080633 0.021315323753763233
0.00065081972829924618 -0.025192710263180752 0.0070777624697817921 -0.0085445002207001127 -0.50077872531950274 -0.50913776326529936 -0.48657763321686931 -0.50204842244077863 -0.0095283947850390311 0.0177261639964085 0.0050781928721601536
0.49807404195084853 -0.0062647944106760051 0.48781893654777636 -0.012875778507604003 0.51125264535974613 0.016652572873460857 0.019033672089785948 0.0096382050071428735 0.50008418442023772 -0.011546917618735523 0.037691199312070461
0.49435831594114121 -0.0022067218230179459 0.49463510661218246 0.00070071260002436465 0.50272766139211766 0.0069926305016153973 0.0055487086143132577 -0.00054858712282368635 -0.50772147421919067 -0.013617252297219641 0.012609269549401315
0.48596148359784758 -0.0091017926532517227 0.49076802184151352 -0.034308063807859994 -0.47489526734774939 0.0048100910236647974 0.0017335819104000718 0.00012617155212938958 0.53415791339452512 -0.076625862740730771 0.070572139631715755
0.49178430796469713 0.00095648945744828209 0.49826080704955972 0.003262111897362658 -0.49946102696493139 -0.00080020557873574163 0.00070440565169495306 0.013785611606218369 -0.50966975237917378 -0.0051547357292613047 0.020748048117684149
0.49841438419383444 -0.0049375783097446533 -0.50574132454462151 -0.022959167003772568 0.50713228699036261 0.0020964563818809791 0.0037475349185669121 0.0078519862768591641 0.48654718356191096 -0.020702988906322783 0.028935900225891018
0.49221994965482729 0.0061395985644505015 -0.50200383545889593 0.0011983821955435629 0.49868323032807704 0.010543188085434215 0.00050392794402221212 0.00085363949990037327 -0.50656024320735915 -0.014513277798753664 0.0078433829407698382
0.50350746608766761 -0.0017456195079182215 -0.50228847574174285 -0.0126517758228081 -0.50119678240906984 0.0010702374220761268 0.0045408391546586701 -0.003629863858778675 0.49238542135937935 -0.0011337579218655346 0.018589252287040239
0.49350297136579979 0.0019795604089167386 -0.49123247824712141 -0.0070703467891395227 -0.4985688930729319 0.010759323052338694 0.0037278876070564147 0.0041604030144647211 -0.51495860714226915 -0.029589549549445121 0.017769139567657459
-0.49301794242510405 0.0010348437158176735 0.49475383101979858 -0.013755646131885998 0.51612885978565215 0.015143340052434371 0.0088048936471080107 0.0049079156508231598 0.49430286728957512 -0.012394104035757011 0.027437083861622365
-0.4951469988361023 -0.0069601718855718097 0.49890255477712642 0.0042249294574585325 0.49667068765854949 -0.0024093785474870347 0.0040440532225888377 0.012034305950749995 -0.50864624668419456 -0.011677068903359194 -0.012380718249888317
-0.50364254431472366 -0.0011462826999450418 0.5049945253420659 -0.011142936542844643 -0.49142029194265996 -0.00082681723939447081 0.0026365032523095046 -0.0033278463014867715 0.49878847326739306 -0.00082617772460982374 0.029933286282928635
-0.49792929467706015 -0.0022046158322239695 0.49315388499276314 -0.00062444423923900332 -0.49823573750796829 -0.0076265303014421641 0.0026646708507616955 0.0026505991079641784 -0.50978650373481171 -0.021583485013074201 0.014182612628842075
-0.49426722139407353 0.001989830996453086 -0.49445359115660992 -0.0083093105882721275 0.5124968849174143 -0.020893489340369043 0.0019783350739626588 0.016497449331246035 0.49678258635453831 -0.016950309178962827 0.02639375495318802
-0.49749640272489309 0.0020618644351689144 -0.49327724479745527 -0.00012266374800699327 0.49907043220307956 -0.0082512168738587671 0.0051447451619605396 0.0073212690008080498 -0.50960505178574023 -0.011051336442088951 0.011477526081148331
-0.48720268063992095 -0.0064764309261702083 -0.48671391706395301 -0.029440547042942734 -0.47345512765600262 -0.0058772829428077678 0.0047981646771116312 0.0031198264443261202 0.53875650447138235 -0.075667190999516923 0.067994632008463243
-0.49602695220996784 0.010238070281201002 -0.49651636548557582 0.0023182863652488322 -0.49604126006758803 0.0009179738358193433 0.0018840886936282435 0.015912536591647659 -0.51045611094634302 -0.008151697953190833 0.019291049560748032
0.50085262717739265 0.0052836516269108569 -0.0068564710757913387 0.4863814231234988 -0.0086986399532156151 -0.0036306996321526144 0.50421319545736809 0.021986971555494304 0.50548367321087617 -0.02087373596216149 0.041858696534785786
0.4965103285302418 0.0031170909156994372 -0.0037479249195677216 0.49240027371901685 0.00029065533682600352 0.0051589191117322663 0.49761784510961821 0.0090121943643579269 -0.51248904784189409 -0.022333845043881341 0.010974414298118821
0.49640469534303533 -0.018070317491316761 -0.011671626278549282 0.47543991271976621 0.012654874627565128 0.005422824977719334 -0.48347597487643601 0.010639809432573208 0.53331750165416858 -0.061322104623855962 0.069546889247348864
0.49915359359955097 -0.0018482359640875558 -0.0024529809951463499 0.489854124161061 -0.0006501059312740209 0.00065095312552376685 -0.49229018012892828 0.0014386919643628847 -0.51762332057077842 -0.022794504161536441 0.0085536462861847094
0.50076902562816894 -0.0065324702317021465 -0.0092793601045459279 -0.51102121128529521 0.014960767020231016 0.0015133300701056878 0.50669732765340381 0.0077691290648860154 0.4785278800158333 -0.017208737321605612 0.040561020311767747
0.49360379455479592 -0.0019399102573194799 -0.00017880461653333235 -0.49707773777625008 0.0033978605961904516 0.0054682361209887004 0.49911718796732657 -0.0026443619327246879 -0.50946120043591447 -0.016434736516918048 -0.016673303035769801
0.50261049783162248 0.008268689959314875 -0.020717214148615316 -0.51019941877751696 -0.00042557572747462788 0.0019955235243349057 -0.50600157563277492 -0.015430945312453953 0.47847190901219322 -0.015257281192799902 0.033669602978325767
0.49262264010608692 0.00034816938113815994 -0.0019219522100007661 -0.50282482287076113 0.0022299446665825112 0.0037395879029513733 -0.49015125855653274 -0.0022985016771662381 -0.51318107341030161 -0.021678632998583608 0.019724174432189382
-0.49755197635311726 0.0052638152707394428 0.0019194304607815587 0.48952565945020626 -0.0031837728039844347 -0.0012129868442492301 0.50114678797662882 0.023074925745489652 0.5091182296716944 -0.022432846013443281 0.037128159048662374
-0.49341558960775328 0.001654566874167992 0.00027293836576974042 0.49500078997516261 -0.00064975413057406903 -0.0030953208509236045 0.49644301249568784 0.0059546700125763519 -0.51411642381984479 -0.024240549868931635 0.010393956296737547
-0.49319531500165087 -0.0063689539379434088 0.0067528681703571403 0.48223897825372997 0.0082526808938188593 0.0087961509622613322 -0.4876507465693628 0.014221496223606297 0.52875518060113713 -0.052894797279369958 0.059890759892350431
-0.49851663499121218 0.0014242440179458517 -0.0017963733741471072 0.49315045518138984 0.0028603580616157866 0.001762777030625772 -0.49350560315927389 0.0044484382177960536 -0.51379540484964825 -0.025079526567702168 0.0092184099688563063
-0.50109175941629724 0.0071509231576057262 0.007742364003655914 -0.50742067134447388 0.018829280657677659 -0.0009788645032404353 0.50990331553143708 0.014389330907860078 0.47890380228691098 -0.0082597530435666675 0.036595240812174419
-0.4962869845574101 -0.0022003132325152195 0.0019230029680893238 -0.49429650618404664 0.0042858641720483299 -0.0031077303559229712 0.49963361845075838 0.0041309005846907852 -0.50883393939645938 -0.014174586812307854 -0.023872854372633236
-0.5072166412761675 -0.004954823152412885 0.01712872416860476 -0.50688938723204957 0.0077673726104661436 0.002610110081403993 -0.50319733714034498 0.0013241216962429922 0.48071195356637209 -0.020774285096951232 0.026162436463952537
-0.49727983964026851 -0.0029757067596063282 0.0031772086709255221 -0.49675512101626756 0.0070496066207082382 -0.0021021482469836131 -0.48946613745540263 0.00094149485847493716 -0.515297798902835 -0.02243444242653226 0.016153435420056268
0.49285658577171421 0.000287476970154922 -0.01012227262542854 -0.022569891707118931 -0.0044279174922967146 0.50246445860330879 0.004003479978668901 0.50364214795989093 0.49918861040682161 -0.019029732863034516 0.027703134200063127
0.49739108889587674 0.0095701227686827324 0.0044106033873700778 -0.0029625416775092947 -0.0012006748299632978 0.5036224432602483 -0.00060670295906996058 0.49634769259541012 -0.50237426724797885 0.0087723749848817225 0.0051982109593783719
0.48930922294298107 -0.0040754212060487146 -0.0051843819503637938 -0.023719878222538446 -0.0066770985583885232 0.51719031890816025 -0.0082065573843788184 -0.49553397312767838 0.49562151790360887 -0.028555340336402165 0.019041865710495563
0.48511538209137584 0.0032198310811526274 -0.00066675862543511997 -0.0018100824601223883 0.0041309994096375546 0.50038139709574869 0.0016399506178925672 -0.49253468649608184 -0.51984032443827133 -0.023909154240076551 0.029183088537181771
0.50451179250459066 -0.0089878523567090175 -0.0041261127469123223 -0.01518506829189625 0.015362508204050173 -0.5017838870774437 0.0033925894614842507 0.49977309350448162 0.49234752881424465 -0.016781474381571408 0.025377568309721644
0.4960306370305454 -0.00017201836479080045 -0.0080265176663390832 -0.007481722783857169 -0.011141025576578634 -0.49699773967143307 0.0018543010720134189 0.50446200578306655 -0.50201551212839501 -0.0036576163237768055 0.013564453539772436
0.49170577165358498 0.0093594319527781199 0.0079818093255556773 -0.0092413391159892385 0.026684957835681856 -0.49922603851947628 0.029454468435825058 -0.48802631255760176 0.51296711777061432 -0.061976919324441972 0.04512592508214272
0.50024234033876613 0.014372299476106836 -0.0088899807105548359 -0.0027417327441493933 0.0068911418562801726 -0.49075899712742016 0.0051927440569340903 -0.49653687245366029 -0.51110488969727896 -0.021288226025430821 0.017758965353122574
-0.49957038146703725 -0.0033765321861550777 -0.0031329635914982652 -0.017383111470960635 0.014930965231818916 0.50102627675046374 0.0095192783131805726 0.501042403347983 0.49694249033792687 -0.013714347758604542 0.024119548063344147
-0.49225864427528393 -0.00082659674978419109 0.010524759200623034 -0.0022711475795478483 -0.0060850330388201182 0.49372566755339875 0.0067160021983003367 0.50560659520745743 -0.50765613055464587 0.001227820687661995 0.019062123234802612
-0.49863423539346169 -0.0039901408681932192 -0.0053098224506922583 -0.0083013212655329207 0.019834440039647204 0.50204272362425473 0.037350199640017206 -0.48931604429997577 0.50423673894095034 -0.047995973118805074 0.037776177791326068
-0.50454844747881789 -0.0073687851674788573 0.0088129904538822995 -0.0012866682390618505 0.0075645349226495431 0.48930680735067467 0.0068478785749584983 -0.49568983776149372 -0.50925201299579714 -0.020533884133204509 0.017444342601693089
-0.49218982402066946 0.0047674997136681633 0.011726878740956579 -0.0083949897723169069 0.0056885946249026816 -0.50015574267581131 -0.00043605074063797418 0.50403212677955389 0.50210376240610555 -0.017656966779567518 0.029356325279419858
-0.4937670891257307 -0.0071286718958403217 0.00092577451778776728 -0.00084998654164050323 -0.00059041990930797995 -0.49926996438491683 0.0029140554597928293 0.50204853903265689 -0.50474491503901453 0.0025107333147604376 0.0059881517659732125
-0.49652127968986254 0.011070404281273908 0.0093000762950519889 -0.011225290006575645 -0.003086480088033776 -0.51376837869337721 0.024767079688981265 -0.49359101129533622 0.4937821507075339 -0.030082371446853523 0.013886576529598585
-0.48942726796452313 0.00081920480000921992 0.0020932269780542818 -0.0021481870503569003 0.0045377653068185047 -0.50036861615648298 0.0061013288883177766 -0.49025475902907995 -0.51854811559911973 -0.011306316101303589 0.025593020163994354
0.021492147556592785 0.49597447881084283 0.50187325303601571 -0.028907509505737686 0.012806702701849814 -0.017104569063318538 0.0053046731197877372 0.50930210464536563 0.49062992578038184 0.0042012482684950945 0.015042337405567163
0.00032963999776173305 0.49795023996448384 0.49982605057630897 0.0033933256487205733 0.0010467785005782956 -0.0067925871721830761 -0.0044507416840806873 0.50388191633991886 -0.49822033866180021 -0.00077903092517281976 -0.0044398103569791743
-0.0048138073476302933 0.49588785872970426 0.51257294641452433 -0.01682585160481204 -0.010541650230236009 -0.015416390279216591 0.0073202862306373101 -0.50598750428785266 0.4842206618990349 0.0016542870216561393 0.012641420202626312
-0.0029765099152895642 0.49330204282010215 0.50156429778895906 -0.010713144412886655 0.0018545743134266359 0.00096240753646009421 0.0048053241160758925 -0.4861957267954804 -0.51743526206273016 -0.013060492012689703 0.025281420307402665
-8.7040438139666414e-05 0.49181467845366028 -0.50082618842423754 -0.013594915205787558 0.011789755117463451 -0.0016744209011422735 0.0037212786063257602 0.51117578613112091 0.49518870370581153 -0.013747855520348408 0.015793406501223375
-0.00080704021632750937 0.49786796259736993 -0.48989384565113642 0.012405754333759738 0.0098316040288605293 0.0050772005471920361 0.0029870436366756202 0.50657009435758515 -0.50515793951491106 -0.0017425102378506728 0.0066900097599185762
0.010464042899496115 0.49970926144649641 -0.49598384865326123 -0.012923168092187756 0.013515658538081041 0.0037326422923322192 0.0016653344966797313 -0.48347075898775566 0.51531967607253826 -0.054216993073072789 0.039711040877573586
-0.011678185917199874 0.50259688903039945 -0.49359177131325527 -0.0012069895572522891 0.0030817774127637849 0.0039508197344608441 0.0071055885448063775 -0.49534870981099804 -0.50770793209792187 -0.017208131435156412 0.010783758504232233
-0.0041729608711949025 -0.50466624434359519 0.49246344545425697 -0.019197852845899501 0.013220910885306417 0.00091311333479987967 -0.0044903885497315152 0.49967991805767792 0.50121077680727655 -0.016442991412190071 0.032362639582361422
0.011098004580317209 -0.5000444945547835 0.49124262350583969 0.013581401208135018 0.0084944417576103947 -0.0020961113204819221 0.0017288903915415575 0.50341291310262992 -0.5046426764145554 -0.0011403502993120932 0.012607042894972286
-0.013406810826974773 -0.50471340343211846 0.49164629646669605 -0.018998784329626213 0.018102703132463021 0.0066238851822186581 0.00087013776046235053 -0.48977726697099749 0.50931196065621931 -0.044728926228589663 0.036798654568326615
0.0067278127554674279 -0.50622227552638621 0.49857481049824603 -0.0069158589903306495 0.0073328457882317613 0.0061559505480801354 0.0020433807421998281 -0.49324965617694699 -0.50148970407097959 -0.010462295312655781 0.0087536013750132806
0.0024940529122393427 -0.50276265014560895 -0.50544492892793591 -0.028138178860709084 0.0088427392381993427 0.012051112854764016 0.0038059548004736993 0.50360029448413701 0.48627757675092126 -0.00058447500896970615 0.025293784089397989
0.0020174947263406338 -0.49669328246689731 -0.49836018009348837 -0.0030563865267141999 -0.0051046255809115097 0.001779788635886902 1.4347015007243461e-05 0.49919033738521879 -0.505659605527224 -0.002706621597634044 -0.0005672820614866502
0.0079048835152761409 -0.50099473366973613 -0.51477153653382246 -0.01299611996148721 0.0020285990739253054 0.027057212121112312 0.012002963738673494 -0.4973710659572384 0.48518785019108568 -0.0013797995467626323 0.010758510147629409
-0.0039766145248520783 -0.48711746563879316 -0.50215269172957466 -0.0091750625466788874 -5.7444105187280836e-05 0.0016111826318285535 0.0042899273903584242 -0.49009186288434831 -0.51884935789518283 -0.014651456979332816 0.028790545165777785
0.0079696527343464559 0.48917364686210485 0.053541482328924334 0.47317688319999518 0.024491941085590063 0.49403154761522022 0.0073421064622633241 0.0029086075613053001 0.52980979963748498 -0.067046638603957695 0.062924617151016798
0.00057003687618141562 0.49900852783069521 0.014118023884301388 0.49848548265893189 0.0063836927344503146 0.4931660370438492 -0.0019854759181553885 0.0056836584126409373 -0.50820677704816619 -0.026518121532310094 0.0059993723649435634
-0.0020571369818567194 0.49368586726059566 -0.0069910235818288619 0.50365538610272664 0.0072271837826996021 -0.50367406977111673 0.003766193188290187 -0.0023948673827670708 0.49839214685361977 2.5725808718812656e-05 0.019948865638541022
0.002168087626726357 0.48736925371748036 0.0008178401956553821 0.49688524320163208 -0.0021321401491825932 -0.50312019871287561 -0.0027087308399329785 0.011496098016479729 -0.51113346299116524 -0.031143582559417331 0.0083413765012359566
-0.0063960329458193268 0.49113908897796771 0.018009987346372231 -0.51279250683085675 5.4625593232264859e-05 0.48915883807980504 -0.0060452060403452688 0.0057172259030207166 0.50445716355119297 0.00025630855353273339 0.040475582003606916
-0.0065662013599279388 0.49390561683012529 -0.0017636074308426529 -0.50192659528389694 0.0026780818876755656 0.49543336931573378 0.005103050892071687 0.0041737162600854402 -0.50809132415583069 -0.019379964717271558 0.0065936328428903368
0.0044538007845333245 0.49877644939464211 -0.011774243943716053 -0.50977890661322456 0.01395314502325553 -0.49991418642136404 -0.016281412369693115 0.0087274321232435129 0.48944628974075594 -0.012249936552774687 0.032112034371767441
0.0013758862623027752 0.49527527923637432 0.005977887466193002 -0.49780215943699607 0.00091756022321821907 -0.50133802399354943 0.0014591307008554278 0.0065175802695592163 -0.5048441868418061 -0.01546380653299952 -0.019124152312796936
8.3452144028544096e-05 -0.49702242939803881 -0.0022190645019145925 0.49014955654417386 0.0092159375904507217 0.50719861823494261 0.015267083729878218 0.00026294837080938498 0.50370334142297379 -0.023132549118011454 0.029941440535889638
-0.0013252505016119309 -0.49130045420576746 -0.0076446289904445143 0.49678892457309459 -0.0058237518320047284 0.49837728268791659 -0.00025474642583178935 0.0073614503521742926 -0.51218782967991228 -0.026394585903256822 0.016226416991337842
-0.0087331080332535716 -0.49442565032547942 -0.051024346833342893 0.47597149076265338 0.02315223811141915 -0.49667108693435941 0.010057908586118214 -0.0020822351889995144 0.52313512962012843 -0.048138094727064415 0.054802674884161684
-0.0019254367128225338 -0.50233391020856688 -0.011352978734241766 0.49631502145722434 -0.0068889693865127671 -0.49143210871514958 0.00069425344863621253 -0.00062639087363677186 -0.50903554665332262 -0.022400148715829248 0.0051614484273441461
-0.010776526594613287 -0.49814446000585683 -0.0053295982586339281 -0.51262940086751385 0.0040030560058077489 0.50361830825055254 -0.0026098257800540813 0.00049530818256265572 0.48364353258692472 -0.011161737861445593 0.035050303851248847
-0.0041095585974649058 -0.49637416612084512 -0.0021671920432132291 -0.49575614378706534 -0.0031489434115678006 0.49787107577583817 0.003797858552792634 0.0046397539299470811 -0.50932883305650467 -0.013489851801842079 -0.017252148931147158
0.0065300860124146752 -0.49416701604398899 -0.0037216818842558601 -0.51180471195352462 0.011948318975497332 -0.49420647153687153 -0.0043361117020222174 2.9375647924667137e-06 0.49752058802700211 -0.024226898135317958 0.035820738747167791
0.0026424383694238639 -0.49873203364175106 0.0029624240129213606 -0.49505159341376442 -0.0028866785218583549 -0.49176282456375647 0.0048716177991101981 0.0046520546056645134 -0.5137925314053472 -0.01585182307460006 0.0074894332854584661
0.010248532195860851 0.50295851419321436 -0.0026990434272101712 -0.019966407626438015 0.50343821273753364 -0.0011479599981261874 0.51032618684936426 0.0014157497960174796 0.48079906921549631 -0.014260098705057759 0.035559664757631372
-0.00096710056076625335 0.495402822091699 0.001963275460455439 -0.00034384231641817223 0.49711364718717105 0.0047609345167381545 0.49932780236419128 0.0028436168524139049 -0.50772993316881643 -0.014062909552666822 -0.010134118287065006
0.0022945006794471766 0.50353617648617555 -0.0083647150368650336 -0.0061415620308092949 0.51477957675414043 0.006065907147016535 -0.50327715639827564 -0.00089650897688270924 0.47671983487932112 -0.021745518108674807 0.016738898289278523
-0.004432644224828264 0.49485067602724297 0.0067016290933666284 -0.00047320056300352586 0.50131000032410855 -0.012039751205299008 -0.49016929275951215 0.0040176841642146207 -0.51269873270116795 -0.015718388996790518 0.014567659345062987
-0.0024437829847493249 0.50967056605071348 0.0090172532224383969 -0.0076271693187436743 -0.48556661986031147 -0.011516532756184878 0.49141952259797256 0.0088629938329083408 0.51137692198148865 -0.0073031931628185125 0.032426714199027908
-0.00065880343085611512 0.49718484037415728 0.0051306099691519336 -0.010519148057905272 -0.49586775978226771 -0.0019530595576237526 0.49729002628417807 0.0057885730916066849 -0.50824106277539394 -0.033657208272096388 -0.0029175045217555086
0.0067189831625689969 0.49283045525438673 0.0022536497255655134 -0.0025040837856955653 -0.48598388065058279 -0.0017717003043789146 -0.50289084354614833 0.041696916530669995 0.51221642527115652 -0.04322564053251915 0.044790862956901809
0.00073916810306029316 0.50145315470002128 -0.0020260819037675099 -0.011957165523205207 -0.49353614753228253 0.0013728817675931222 -0.49432862339141614 -0.0054100932045313289 -0.50951263948215131 -0.028235455796029266 0.0051833350957121689
-0.0032071858662946458 -0.50413392151096603 -0.00079798213485772344 -0.019536704165181679 0.50145231826353087 0.00047540900688514408 0.51232123215057035 0.00010492738343613211 0.4793331406750479 -0.0082010690772197012 0.041245082672076272
0.00052934663197740474 -0.49756264873993306 -0.004991847242628889 0.0032041414876840557 0.49396560983885579 -0.0010864836646694161 0.49884697753304796 0.0028996979688687011 -0.50933716365163673 -0.010548438193647982 -0.00064038431034817904
-0.0088608852688135675 -0.518521665926166 -0.0039146076238571791 -0.0013823924940436691 0.50161667610999339 0.0062867833152391236 -0.50301988430766198 0.0043609404824187896 0.47478344786255022 -0.016238267325547479 0.02548906861161947
0.0023955264591764948 -0.49469915500766354 -0.004337768593182894 -0.00047613581824157539 0.49880670098201285 0.011463450578117203 -0.49076442388359037 0.0011936988679256209 -0.5147174995228414 -0.0076915501621166015 0.021541122917886842
0.0016940156477102443 -0.50732170880015082 1.5634797329923636e-05 0.0020801952360574669 -0.49172237213232295 0.0010219720884929876 0.50128303526448881 0.0094773014126169775 0.49709436869570295 -0.019941865009386009 0.044165154782346158
-0.00056554923134559106 -0.49250719522430381 0.0009631813162023935 -0.0026515340328298409 -0.49685565992914393 0.0040236783606269096 0.5023489585609322 -0.0092364405997943828 -0.50759235953559245 -0.020988068332317086 0.0040444023993261857
-0.0010106533447864715 -0.49726846011032122 -0.0077628979153090312 -0.022560665121819954 -0.48710569228505268 0.012780965611896754 -0.51166938614695678 0.028646540562292072 0.50060202695164591 -0.029387076214204871 0.02502654157818867
-0.0046165736219961392 -0.49362389485613084 -0.0041569362058252075 -0.00355989369882782 -0.49610880661145573 0.0032830318079069597 -0.49495072134678392 -0.003672863947066801 -0.5144087268825418 -0.012838084450780078 0.019457574911512399
0.00093415900611956715 -0.026821057949168225 0.50259233993955788 -0.026483241993563902 0.0032908400347944891 0.50013492108176727 0.51001843035427297 0.0051456527160925027 0.48528708930892606 0.0025086712589486517 0.013358049524643159
-0.0031719897930218947 -0.006134763919518468 0.49681269053813498 -0.002975156722892309 0.0063987515589229715 0.49740147459281348 0.50151050250073825 -0.0017065404451250587 -0.50345972739657485 -0.010243519856102811 -0.024064662025686568
0.0062795761059569969 -0.020020569328772421 0.50494115214056623 -0.024661823725481161 0.014187028983255729 0.49960988121148348 -0.50493797962869857 0.0040567051195818304 0.48854054977302691 -0.011651153234777792 0.019703491707739197
-0.0034480147787571188 -0.0059199844055964563 0.50407651179483137 -0.0073756587600699057 -0.00096286361062590834 0.49335794382709097 -0.49046836303462243 0.0061543584300596775 -0.51122102823407767 -0.021337119891813118 0.0018009414683738112
0.0028323210281723512 -0.013188353084800857 0.49869033800824636 -0.0031759269471027373 0.0035287599027919157 -0.48971733228930375 0.5135051246528789 0.021616591903890703 0.49611062429388775 0.0057622411842741077 0.031090880072828619
0.0063379383403594069 0.00011627986325654728 0.49496031470904972 0.00028044105606173515 0.0044165592086664032 -0.49348013122262641 0.4984063516443899 0.012049060118323143 -0.51251205221940754 -0.0071204003747685797 0.012589850869792064
0.0058401005614204709 0.00049443954323265509 0.49465214082092568 -0.013423612333864852 0.040110098895717393 -0.48702569978579846 -0.48949818208716428 -0.0010557892490966842 0.51889496844760807 -0.06110203344468737 0.060883749506645379
0.0058500751248979719 -0.0061972428827397653 0.4926589800335453 -0.0012221892160904442 -0.0037314134699782363 -0.49928557554879044 -0.49869411040553618 0.015371953030233632 -0.50874370052074436 -0.010427152594337444 0.0072115203696607785
0.0029603433437473733 0.01082088862212854 -0.50079368595772744 -0.0070848288810901302 0.0015679805919805497 0.49026329209132269 0.51317727790739109 0.014473510541963785 0.49408744217128009 -0.0041045728316360932 0.031135683846970443
-0.0056258832440743813 0.0011935869972928006 -0.49526672381161935 -0.002798388196051587 0.00052877121240742805 0.49602941783555543 0.49955994613841798 0.01132877543140051 -0.50857460553254719 -0.01077588484695147 0.013106224228341542
-0.0087155109686856257 -0.0033354401353313848 -0.50197567108183716 -0.01820662393494598 0.025656813097932229 0.49378955723020085 -0.49442521616100071 0.0064050388212808116 0.5047542344272562 -0.045243681492329144 0.042359338063406415
-0.0088444493114012684 0.0047720829269743276 -0.49450895335955825 -0.004591325979002807 -0.0010927046434636115 0.5011968058079137 -0.49534972565395186 0.014768165142718708 -0.50829045064290301 -0.011537837909954609 0.0075915896149436005
0.0028701494610149443 0.021732407732492513 -0.50571140158752792 -0.027090662445777874 0.0067138919478958708 -0.49925326718270036 0.50821381269138843 0.0033932851118247329 0.48470050956314964 0.0038408374092061492 0.022372037775078318
0.003278869175435949 0.0066791885391436594 -0.4960617481547111 -0.0024439647237559439 3.3640513149539818e-05 -0.49346702263543579 0.49911056699560541 0.0038833755820930106 -0.5107094234348486 -0.010993569293519025 -0.016741878854854137
-0.0020129207682849405 0.021236828616055151 -0.51330403871694563 -0.0004775981999786707 0.0085836616092196099 -0.49344445597153763 -0.50672062992481337 0.0059025167738550139 0.48505893127749677 0.0093379992302248596 0.018236476746341462
0.0040466981036161457 0.0078406787191717051 -0.50485142291231266 -0.0090173826858149907 -0.00083118957702551328 -0.49001812646274212 -0.49064360984387162 0.0069663708147090471 -0.51325955481393903 -0.024618066988952473 -0.005130147502184098
0.0045671874025551762 -0.0010109871014847896 -0.00011620461525275327 0.4834325620181924 0.50102875678754422 -0.0023926324786632687 0.0098875513824177256 0.51092917996728882 0.50342534041605347 -0.014417197707571354 0.021076142577094288
4.5008101036775212e-05 -0.0028467805964429212 -0.00068566550507332422 0.51183706080754288 0.49675430655252706 -0.00029643656686543363 0.00059059759915033828 0.49532901030927756 -0.49338503450146964 0.0052268198463419121 -0.049416887122541824
0.0031205828193803195 -0.014430688408445786 -0.0047133542895795907 0.48299760975979655 0.51523426013884299 0.013077763771032175 -0.010556456703974662 -0.49602554946865157 0.50306214471104149 -0.029820922764422924 0.026872780780988093
-0.0021667209602544636 0.0010971261864569464 -0.0031199367564221031 0.49528448656964535 0.49895216165708123 -9.9457281499121559e-05 0.0046145091125555397 -0.49111679913720324 -0.51291568913348384 -0.031388963782483424 0.020966644527169224
0.00091101589667419783 -0.0050733774209258614 -0.011481996968722485 0.48972587548710178 -0.50849142316087204 0.0028130373421576347 0.013613896866927903 0.50965226949278597 0.49136479746238465 -0.0039930410929180224 0.0072552297588896111
0.0010604830226586196 -0.0022369964981614554 -0.00176059917914839 0.49861582134907145 -0.495155888245839 -0.0025036694059142315 0.0074357447952506954 0.50736237357616976 -0.49837232555178596 -0.0098104920429911043 0.015630839286531046
0.00011035854126021937 -0.0039668616894828973 0.0023204194688808202 0.47705356494196494 -0.47065216338968074 0.0022163227180728622 0.011363309841561708 -0.49337980926427383 0.5417744554509204 -0.088686410419931166 0.077089504452177646
-0.0018444914209341918 -0.00012833359318324428 -0.002454687489508799 0.49697716727959901 -0.49738036273793645 0.0039040577993420017 0.00049442631630426497 -0.49602373298387581 -0.50946803996499079 0.0020527938298215849 -0.00031359276224861727
0.0052936098357874986 -0.0019975441160120832 -0.0056306418613881011 -0.51062092828705008 0.50456368306692512 -0.0064249181864163857 0.010574129749972426 0.50637760350885486 0.47545954901425891 -0.014233871548132153 0.042217126059420199
0.0021656693938898594 -0.0017435279732340861 0.0013591575820381054 -0.4923390185418432 0.49363132598385262 -0.0012597214366213084 0.0043402898434066238 0.50043117792307068 -0.51320159179364289 -0.0094233004903137036 -0.0020895555685566127
-0.00076197405329506151 -0.0012061828485101229 -0.0064100511815160981 -0.50634696833628756 0.50816964286782906 0.0074596977117898757 0.012750524387543377 -0.4894366678752925 0.49226080965735342 -0.03292418481627233 0.046497913859173186
-0.0010980420212102343 0.00097830649638109136 -2.3320043685691e-05 -0.49452356650691015 0.50262162414972855 -0.00055916720569784641 -0.0002819072382436907 -0.49743067713325845 -0.50499458129140107 -0.018180807790370405 -0.0052954871517615788
-0.0013230240545271234 -0.0022295614960263195 0.0018874774944005563 -0.5150389808640734 -0.48503968045261142 -0.0093101995248828957 -0.0051421089333417861 0.51285881287749546 0.48516889855886847 -0.004613033083528866 0.030226634279641975
-0.0027051686661065254 0.0031227544819778554 0.0029981843251009254 -0.50326481110201227 -0.49829384370339924 -0.0007673320543523487 -0.0056780665450647866 0.49473104734135459 -0.50276993777582124 -0.010509982035371738 -0.026870208341247391
0.013053427871698808 0.00021434131902877643 -0.015564700963653219 -0.51725743253563905 -0.49502101531911363 -0.0068205994285689478 0.00093285189973422414 -0.50516803166963387 0.48093395557162849 -0.0018693203463898684 0.021051129448264837
-0.0060636221038508223 0.0034227603582118399 -0.00043088906526361878 -0.5050012035202025 -0.49138318924429597 -0.0016432428815261206 0.0058306730138309362 -0.4938020304395368 -0.50817453879964702 -0.030541238133921254 0.02040602686018788
0.50395131788091541 0.0042458453175210301 0.50575656021682802 -0.015625954392979799 0.0067040309883362311 0.50654531490259225 0.002595595947547723 -0.0075436222402583339 -0.0024943259863850781 0.48229765597400065 0.025829814059554448
0.49434526799867884 -0.0028903703124603091 0.48942788298396628 -0.0023132712179702621 0.01048367989859084 0.5069515671872209 0.0075127668621142512 0.0071616450973812432 -0.014864330650133485 -0.50837974126659091 0.013452077932169855
0.48431430731994957 0.040323423784988634 0.47389836857693696 -0.0061989692184668222 0.0096863515618293757 -0.47505783045756445 -0.001454043583540908 -0.0044755245388046674 -0.080946849800907647 0.54764692614759258 0.08324735311308594
0.49639129906277246 0.00059086876039338512 0.4922596960781519 0.001447727044719945 0.0042644206770856372 -0.49144416130214208 0.0029231586057149616 0.0035718296696840347 -0.029471107410785163 -0.51783007749732368 0.02646200435204937
0.49312672237560407 -0.006313237270085854 -0.50055459900984389 -0.026559069793980265 0.013328811716013637 0.51388526143319613 0.0057512975864383621 0.015590394760086525 0.0083325721377638055 0.49062726889673858 0.014473500606509667
0.48979316149883034 9.0648617184066349e-05 -0.50044148001250932 -0.0045875654097530683 0.0033247333848179269 0.50007522797699333 0.0095912247434421418 0.0082035373518500633 -0.0062526801811326211 -0.50896799737391218 0.017516694681548144
0.51006785905561602 0.01694079737674906 -0.50883543713152757 -0.00088430294715095056 0.0042934240030534955 -0.49546349886785002 0.00102727968228913 0.017165026420406064 0.00095053221657913193 0.48424880207617149 0.018261791008065284
0.4942779697722039 -0.0021595683056125519 -0.50491178302892958 -0.0087908400753940654 -0.0016669724901244329 -0.4898282520862392 0.001719161882906542 0.0096690821371777803 -0.0024664982571135203 -0.51027826863017778 0.015827201140927904
-0.50728654317606159 -0.0038873248728920904 0.50814316913272961 -0.010747582722890132 0.015938147417983172 0.5023656056551995 0.0028393606916537117 0.0075151047963001516 -0.004293693185769938 0.48092207774176615 0.018055891805028347
-0.49610651395266525 -0.0062844978945882932 0.50327699633531264 -0.0026660849849820937 0.0022663596157166919 0.49115298382557659 0.0035897174769332746 0.011568550602716145 -0.0017670800656664723 -0.50884070937878023 0.015456112582403168
-0.49549331017507592 0.012255943828036891 0.50450014734081872 -0.020274510981102906 0.015972673844088976 -0.50570293411732981 0.0073071069909742877 0.020744464311742403 0.0096339760030603686 0.49266346897776203 0.010968103509926552
-0.49307168064488083 0.0045376162103481534 0.50058221048432772 -0.0012686175878175799 0.0063016171997800421 -0.49985441056117519 0.0082526799047355579 0.012785561048723424 -0.011405456361029654 -0.50589439756131194 0.0095196422590873402
-0.48730684525721929 -0.042367074829282758 -0.47377443917554651 -0.0025439803177896292 0.0071151896912169605 0.47740638099212962 0.0026483045646113197 -0.004180584341207271 -0.077361570987669007 0.54397746186642826 0.079875637466869612
-0.49993598703985676 -0.0055041287320445574 -0.49368170782128729 0.00026359067432672783 0.00044050040993206879 0.49087557953211552 0.0047662248813130212 0.0070781165766399898 -0.021299891555732135 -0.51400411715423988 0.025025031962218672
-0.49350657830662253 -0.0077073918915026322 -0.51148872922752997 -0.01709739632833621 0.007851760196084025 -0.50573110621895723 0.01105071966162335 -0.0026444673530028944 -0.016572234034769227 0.48774114743940045 0.018921754560943346
-0.49647766493536638 -0.0013900839275407756 -0.48933024683346449 0.00079063716579306489 0.0065991170937923947 -0.5074433293434204 0.0093037050929296473 0.009691023918538386 -0.016327872227705695 -0.50598105186548348 0.0075564767444311481
0.50672001852760595 -0.0046376026569193585 0.0033694129198396996 0.50108997912034758 0.0073593484390965091 -0.014145365618428836 0.008722707333727488 0.51271413409978273 0.012470611549977762 0.47815489389039872 0.010819257650535891
0.49463991355746301 -0.0043161635145596523 -0.0026574272535582148 0.49119970267349455 -0.0014672601721638855 0.0081729844203463076 0.0053777874808486701 0.50252527826891857 -0.0073306678810127627 -0.51115190451585402 0.0083055533401503855
0.49517546237378313 -0.0033482487974078367 -0.046743873286020275 0.49282488655629619 0.020977271373210222 0.01758296785165293 0.0067527261504804802 -0.48519766132011483 -0.064783338134353136 0.51668701643275272 0.048525888041079004
0.50195373207748206 -0.0050855665747130572 -0.0056376933120747359 0.48933226196766944 0.0047443255583556176 0.0080394558536252981 0.0013087785074991907 -0.49041762579981985 -0.017740962237788822 -0.51729391769967914 0.0057184417352492359
0.50147447064717743 5.9039218060735716e-05 -0.0038618750136072896 -0.51642451754411278 0.0057264016876379907 0.00075933894629032304 0.004470472143053828 0.49748374457947364 -0.014490850059579338 0.482666479907704 0.033072803454650405
0.49496858345816613 -0.0048952699284055632 0.0026990854478216187 -0.49859444248156298 0.00066564579478467099 0.0031795695735317045 0.0050807360357857075 0.49970121655868743 -0.015973051783988352 -0.50630765586929805 -0.0061791063218784286
0.49978348045697313 -0.0082053086790639211 -0.0066577701840578266 -0.51439480765532331 0.017761462036146078 0.01031197541862503 0.0048132251723806202 -0.49559413136896585 -0.0083436019643936543 0.48821416641807552 0.031962430845643264
0.48958853476415976 -0.0018758153921083845 -0.00087191295722061047 -0.50031503398052413 0.0082021925721701625 0.0036215953380023275 0.0038809818829848327 -0.48961897039737179 -0.01205733579858332 -0.51896905295904672 0.026214635226310234
-0.50056793857732984 0.015223040669728306 -0.0023085748246730125 0.50240817757096157 0.0090560360178048183 0.016932532312223702 0.0094314378975741218 0.51434789373183742 0.01745050270980306 0.4810679775849383 0.0061921034207314211
-0.49523771697006386 -0.0039275208712565828 0.001298214988361587 0.49304263870323867 0.00099793766129056892 -0.0043556015018405645 0.0028873820347499581 0.5034582128613726 -0.0092610936134629174 -0.50796927342633102 0.003797698208670409
-0.49422575349816955 -0.0064399623505604414 0.046057105975675382 0.4963998873668653 0.021828872296896291 -0.012151179846219837 0.0082706147230541868 -0.48142764775981833 -0.060745759435568654 0.51863598464975635 0.045020667248653799
-0.50420409229475771 -0.0033164400236702861 0.005068552116347041 0.49110364857210298 0.0069234501364368378 -0.0054707713615822521 0.0028352568745133129 -0.48641169163169073 -0.01354204789960064 -0.51736168236795854 0.0054788041442897445
-0.49779104307046723 -0.0021363628879902678 0.0019913858946920744 -0.51377098780086972 0.0035572080371899682 -0.0015928248312996234 0.0061745733612909555 0.49839014626163192 -0.022326274041019164 0.48824217051481206 0.030165977861603705
-0.49813610622742099 -0.0097192390642537735 0.0043003995641380565 -0.49687443253050523 0.0037329590665952949 -0.0030728010601846559 0.0043420175232663054 0.50368579616679343 -0.011212686199078786 -0.50099385143244535 -0.0010420914841956948
-0.49983484401728673 0.0040804883306744359 -0.010696758445808491 -0.51500288966131014 0.02612469721771974 -0.011473655453828752 0.003952701168899524 -0.50071953333664698 0.010643699084259012 0.48230842413165953 0.022837633771877228
-0.50028834719751536 -0.0036660262202062358 0.0043947200629951069 -0.49874943442533426 0.011574217185662764 -0.0052159269513277311 0.0057609764567534668 -0.48595119117864299 -0.0091848234281211357 -0.51393359849202025 0.019307923519774502
0.50430898823926329 -0.002219532344407383 -0.0063200784268539201 -0.014202118913409041 0.51047015672472817 0.0079518985967867769 0.50134018380760637 -0.0018702130929892557 -0.020530041208248154 0.48139454654688651 0.035709820107305397
0.49464576622725703 -0.0040411813490722768 -0.0051969131347350253 -0.00073709891630683352 0.5013065446400391 4.4576546106170222e-05 0.4959168088323318 0.008030372450055185 -0.012349330243296985 -0.50775069727193534 0.0034907303079292676
0.50563741642931814 -0.017890754307073042 -0.024790216791580746 -0.014754648883409159 0.50885364211662198 0.00086115591713141373 -0.4916328278367198 -0.0034050502182859351 -0.0041571896967217189 0.49130199934834107 0.033709498013563946
0.49338457412551345 -0.0032102717006138068 -0.0029180307299198913 -0.0034343354540285189 0.49696204773157898 0.0072379011151687805 -0.49393451275332562 0.0091627758790564229 -0.020620580969303155 -0.51468995070173296 0.011452923014941278
0.52040111010505241 -0.001272580678383825 -0.0032465502022710137 -0.00035350006527051059 -0.48436607919694036 0.022935080188417323 0.49664675326330304 0.017882801849907773 -0.029760490800948104 0.4954883441614048 0.025723634423642266
0.49200622112003306 -0.0033846643793163564 -0.0029889410423697745 -0.0039087383190722089 -0.49052270550588395 0.00077318723217937755 0.49998714820163781 0.0017128464459116039 -0.0054202261875131779 -0.51642558169106056 0.023795913524946772
0.49340687913326187 -0.0039594505614665154 -0.022183288442377821 -0.021930290044669926 -0.4964226318893073 0.029141684755368057 -0.49675666323164475 0.018633297249438439 -0.046019487768208273 0.50742780198581072 0.039511030249209586
0.49587289932894385 -0.0012425981950958324 -0.004335755370642437 -0.0058246354758521657 -0.49288922319753353 0.0047827326986311413 -0.49168196214713 0.0035081592999627381 -0.0056127245717379915 -0.51878381975113164 0.012709218552646166
-0.49779211862920075 -0.0009211003452148451 0.0041436110530865223 -0.012428679155093327 0.51253868355738574 -0.0073362638618257531 0.50291955848242798 -0.00081621045063186477 -0.021386322750478852 0.48469673893120119 0.031044189174938289
-0.49528373139312171 -0.0056388271948096961 0.0025161831389973088 0.00027529263163411194 0.50269124526924303 -0.0035235419551635796 0.49716528094677787 0.012297900120857906 -0.011178454342870093 -0.50447496375680734 -0.00064563000285476212
-0.5093716557495539 0.015917275989013692 0.014227654445196447 -0.016978695190628425 0.50833582821369327 0.00060376789218095754 -0.49558320014382989 -0.0022603856000298719 -0.012431106556389692 0.48491020178633981 0.02214772689792175
-0.4964196236960311 -0.0050197725697412893 0.003811294407966616 -0.0018012115993148317 0.49973289162821094 -0.0055323696631658249 -0.49276663007949217 0.012104353552869715 -0.011407627586200097 -0.51050333995401276 0.0071942691905827437
-0.51699908915540072 -0.0031858136825486079 0.0050103358773114668 0.004867045990492572 -0.48421861868160798 -0.022250761134388841 0.50100303472388696 0.021588382927856829 -0.029218458468242937 0.49493210263778109 0.020214602041724896
-0.49786079763683927 -0.0035926626904968441 0.0062470771916750979 -0.0027875282797403191 -0.48704909502337224 -0.0027732456902419683 0.50321148887976053 0.0080029759362861518 -0.004730024762452995 -0.51112453349281461 0.017143476082347835
-0.50246158867866308 -0.0071747085779698431 0.0051734696592419162 -0.02124912603481615 -0.48942052685866821 -0.032045256445183544 -0.48740486681510975 0.00026369683655960859 -0.048601969614882265 0.51380030571205448 0.050266842065120228
-0.50384174260799663 -0.004674617880503191 0.0036334523970998375 -0.0053894145269230264 -0.49018421746526891 -0.0042758432759119466 -0.49159960040987433 0.0054340434168123125 -0.0060406315468045169 -0.51375623435222706 0.0099446057798633965
-0.013798798856350302 0.49925826575216747 0.50585398932733305 -0.017260827234301248 0.020549130990390494 0.022399908810021199 0.50565562885417337 0.010668789462407558 -0.0038786129612306854 0.4873991176055476 0.0081350053620467162
0.003596182356522096 0.49370054214916748 0.50701132229758494 0.0031122757931301868 0.00065438999527892927 0.005511509745107529 0.49742315443672835 -7.893162633836379e-05 0.0039060678132175758 -0.50167955402268571 -0.004293821076044489
-0.0070614319663092548 0.50535702129672666 0.50753140276964237 -0.019264160753767679 0.013079750881761297 0.032804051178461857 -0.4965200465879141 0.00032460814362182769 0.0037247076544292689 0.48867638008964515 -0.002694238710123655
-0.0022560654815775762 0.49372683069714218 0.49797443369846528 0.0051964517236026088 0.0065077372488926161 0.0012048347053908023 -0.4920563272510684 0.0078527769523470438 -0.017407845190338202 -0.51539385866092546 0.0080266373074218671
-0.0037880777248105479 0.48910238245732662 -0.49858466323658757 -0.021550961331267965 0.0203940730001675 0.0012167024287927596 0.50607557267385428 0.011051643207449597 -0.025558005529248355 0.50420438053749161 0.013642138386452922
-0.0057358457521034731 0.49091091619748473 -0.49420632902540546 -0.0054197442377120269 0.0060042221970562221 -0.0022807162105675785 0.50070329392718382 0.0097586952530718599 -0.0099605518351952166 -0.51332597525082679 0.016163559694946414
-0.0002348179704827712 0.49316811390955728 -0.49438932574290512 -0.027876194209741492 0.018400399603735809 -0.0026182499348810506 -0.50358765698380137 0.0086669274087907699 -0.039868662305136013 0.50441625982816607 0.039254571998528512
-0.0082857187988288269 0.49247191000512031 -0.49179097538932626 0.0015226150097622272 0.0014093705591508385 -0.0018050071770175833 -0.49247502043048313 0.011795745080880377 -0.0049106533808827742 -0.52196366463687083 0.019896518413117768
0.0069113945205954465 -0.48974126193305273 0.49531057878467094 -0.015424797790509901 0.017988556177860295 0.00032440025492475868 0.50574156634770129 0.0049603969158115383 -0.02548778172681284 0.50687981012811667 0.028907358093928946
0.0035676095654845041 -0.49871810645192088 0.49491104883853865 -0.0003843191200629568 0.0075070915907401769 -0.00045431373603443248 0.49954027422558961 0.0058912001587005181 -0.01184962977652476 -0.50616612998341637 0.018817783857597796
0.0077811175818478786 -0.49102471927806474 0.49128496752387485 -0.028477169560842952 0.0081921775809029145 0.0050666836116060009 -0.50093169012417449 0.0051341620324896241 -0.04268770909642771 0.51096614080768088 0.051980499799176745
0.0011846679303368999 -0.50422212312062231 0.49245638926779062 -0.00043974480449295061 -0.001688990202720601 0.002211121703893378 -0.49191407132802423 0.0089985657811846812 -0.010551717358174527 -0.51053740063638819 0.02042578566351972
0.020947049879115033 -0.50113905897071309 -0.50903866087481109 -0.014840529808630508 0.017313351828829773 -0.023251850726408035 0.49987248326670608 0.0067729446011902308 -0.01041179946110745 0.487819463907814 0.015660687412014793
-0.0064063839576964671 -0.49889168234683223 -0.49802202018061459 0.0034598752141534496 0.0015263096747005983 -0.0062516639161090898 0.50008925478881228 -0.0012199633649012428 -0.0072807495731614744 -0.50268554344185135 0.012256235959502025
0.0066379638069900253 -0.51287056844492807 -0.50177551087779571 -0.021489393157612547 0.0019306583689109706 -0.017645468475306618 -0.50122121600730096 0.004498388266910334 -0.008243612059626872 0.48274989214351105 0.0024107567004673738
-0.001536728771958168 -0.50050616847672291 -0.49752030423011312 -0.0012544687754298084 0.0019309024138280011 0.0015799267775769147 -0.49226925920255515 0.0055270308134289748 -0.018383077539468311 -0.50903696213117977 0.011866947144797383
-0.0072130552232836931 0.50712677733755629 -0.00067500092457403456 0.48283444862214892 0.5167661512480497 -0.00072994316147407211 -0.0094075035954397299 0.0060996620350879625 -0.005810324827319492 0.49204984667889218 0.017903540269059739
-0.001207013957219643 0.4907309258658657 -0.0016764055587751793 0.49402902845389118 0.50395763767520385 -0.012474835019506929 0.0015275520973918064 0.013921870343594857 -0.0079575185380476622 -0.51061317052081701 6.5158497078390238e-05
0.00072433121851475093 0.49360864854217107 0.0056724220595901773 0.45198331634200861 -0.46088900064885346 -0.0046432473537178394 0.0042462677255618872 0.0094621041309613501 -0.11374617289567172 0.56334754044014557 0.09582508422888282
-0.00098500349509659472 0.49338010043536396 -0.0030898723654905038 0.49695412482410589 -0.49332640319679139 0.0010727141669115909 0.0082432765805074987 0.0038087119156575725 -0.0059066257559019066 -0.51586109845404648 0.00021666456790751589
0.0062711123519113617 0.50015186117060229 0.0017507693489546359 -0.50647910283022068 0.51279173279367662 -0.01244111020596092 0.0055035570853023781 0.0025500506343190911 -0.022581424037683574 0.47802611503567954 0.033448772910712625
-0.0025192646715381001 0.49117006492546328 0.0018542019974031605 -0.49584304786902389 0.50132595775819411 -0.0027248635813197412 0.0029673099400803833 0.01105366886211683 -0.016812952771668464 -0.5110074504981188 -0.0021060077753702476
-0.00049162978605526801 0.49753204598438577 -0.0084395199061809579 -0.52381973545731242 -0.49280525074090126 -0.014158407103368352 -0.02002115638964393 0.0083512220748660146 -0.00083156384090191278 0.48406124229694308 0.012618942610933643
-0.0059486784100949664 0.49003281665456355 0.010391734445286538 -0.50153063861112179 -0.4876093426331583 0.0010491334094571746 0.0083481465333308282 0.0056837995650480732 0.021548824973371107 -0.51922317508608418 0.016384626331123593
3.2289058234725543e-05 -0.51261191930035277 -0.004564195429520768 0.48426343777912773 0.50960157348794777 0.0070297437888576231 -0.0018439445951900181 0.00291191249224945 -0.009184703730345212 0.49234337936407335 0.02134684397365243
0.00027008477285718615 -0.49902081002210325 -0.0012477876622026221 0.49424646427614538 0.49747293142948174 0.0038629741604587812 0.00034314468160402266 0.010692102507221145 -0.012793114635883202 -0.50874575619423701 0.010121595187616109
0.0020705295944834297 -0.49486840393194254 -0.011011959737628776 0.46809731672312621 -0.47474011961795315 0.008864552945473364 0.0060171766136009599 0.010746797919434852 -0.078488854312465883 0.54662781328187493 0.07275772438769923
-0.002827071648774162 -0.49761350691420492 -0.0011510266547886871 0.49180369398859036 -0.49809042637081785 0.0037016552129859178 0.005367769197975175 0.0074954466571679748 -0.0054422231153551841 -0.51212999134662485 0.0010447630318704815
-0.0071070873171822715 -0.49953807359417712 -0.0058479574525470189 -0.50502294573281925 0.50622507628095947 0.010461166506491159 0.0056318276385439042 -0.00033502534723910143 -0.030039314146550009 0.48570795275524076 0.045925577489105356
-0.00078876415934576343 -0.50022974540058995 0.00069446431711762393 -0.49567258298379835 0.50050417132957881 0.0010785660939216907 0.0023371043432144079 0.0084862693778593838 -0.017545191885766372 -0.50315318961756039 0.004873831820931423
0.0011020144179572503 -0.50515028014911856 0.0017666745809614825 -0.51593800387071542 -0.49895446156671797 0.00033299819664789571 -0.007970190272447478 0.00087034858282792726 -0.016985567148789363 0.47808458005426663 0.027450188169094066
-0.0042860580904114706 -0.49958441355046929 -0.0038278053084701597 -0.49926623490659477 -0.4891037274403135 0.00033516471094017489 0.0079734137740700688 0.0011028845635401435 0.0010788488027612007 -0.51134638069258276 0.01876093966422385
0.0057991742987637956 0.50117073509519849 -0.0069408971620233441 -0.024325292139394373 0.023460815457737681 0.48974964743949395 0.0034171586111922795 0.50603434943025927 0.016489339022713621 0.50116970792683257 0.014960839558895427
-0.007279543324173016 0.49009381178150729 0.0017073295836372985 -0.0057016654537965358 0.0026033837817242464 0.49462527894296687 0.0083299256661162075 0.50445790187701789 -0.015374649727207253 -0.50997362360403076 0.014214665274325617
-0.0083633977336484873 0.48380563534993493 0.0044714841221119191 -0.013089768847337122 0.038147174537730061 0.49728624179286457 0.014793891010516959 -0.49549125502253671 -0.058196994664948917 0.51511515558792298 0.049609017750187404
-0.0054816346176781768 0.49345976267533337 -0.00057344024357910083 -0.0043498183051191262 0.0053963988392597183 0.49709718492147986 -0.00084203917204480965 -0.48614263803290825 -0.018700548735674415 -0.52170034456534131 0.021379864027998845
-0.013048793399490779 0.49716346933773925 -0.017616812001507356 -0.020915152629388437 0.018578343593249239 -0.50248244067672376 0.0030693467050793423 0.5100961645158667 0.0023078552884165282 0.48871314675972066 0.0048245288218243228
0.0084271405249935604 0.49643649961709757 -8.7875504800310041e-05 -0.0071973629520370201 -0.0011145686461416253 -0.49706620839831406 0.005846324021527528 0.50497313981036918 -0.00025552778105159403 -0.50128696559373553 -0.0055838156358690551
-0.008352789214107266 0.50532985235996386 -0.02907812376792606 -0.01162520368544393 0.015575495807917058 -0.49715142313647787 0.0081274372483402055 -0.49811645961178058 0.028430676624399624 0.4970125508412287 -0.013164852748772944
-0.0053204092169568942 0.49723443841848042 0.0024238891804342724 -0.0015963491799507988 0.0029716737581452959 -0.49287055358148629 0.0021666328873680431 -0.48797011397439011 -0.018932751090209164 -0.52039648442839659 0.02237170075759078
0.01648524495675115 -0.50031691014328517 0.014503169739306708 -0.022209880505285641 0.011138309874780579 0.49973126965558501 0.0030744634855951664 0.50888109177693253 0.0053063326823191244 0.48951537229361758 0.015143540150657506
-0.0027547531050737752 -0.50031319794784157 -0.0012667823737123084 -0.0046952468785832835 0.0021123849376411263 0.4985731734123699 0.0049540595713492806 0.50127636973855139 -0.0022499129613625999 -0.49976634299699857 -0.0013388546112928035
0.0028927892843321813 -0.505283315126965 0.032788967615928193 0.0043130298159960107 0.01003878986927813 0.50434374509708035 0.0044451486379952299 -0.50083099631547012 0.024047679192015038 0.48744742636788629 -0.0094108191142878387
-0.0022329346076352926 -0.49908596573122788 -0.0012868978730790686 -0.003702116978848459 0.007244482617904828 0.49785348324708845 0.00045986129177754483 -0.48903280809895727 -0.015999562279585884 -0.51286802842687562 0.023224518984831306
0.0012208823814283049 -0.49823022304356723 0.0088051448794486294 -0.029749025967746593 -0.0073656920811296534 -0.49981214421018316 0.011219485396188477 0.50020153610846452 0.023423454127468674 0.49952255344138824 0.023179583091290222
0.0048707240180012601 -0.49750806654747343 0.00078234366264202688 -0.001222366533514741 0.0010162267921868643 -0.49614133326623056 0.0052739597657846917 0.50171896196035182 -0.011382280394218401 -0.50414421594300152 0.016185178904176849
0.014186789375515417 -0.48808012920127325 -0.0090039000373638763 -0.0075275468369248554 0.028332402637601829 -0.49387761254485407 -0.0010015890918384526 -0.49790778437129424 -0.058455192207235884 0.51206394678926948 0.056403076874985122
0.00077466707334216648 -0.49880998110657415 0.003208810947648208 -0.00685654675895699 0.0079145413954302569 -0.49695187635549032 0.0028102762721411169 -0.4918313435257749 -0.013340706574163735 -0.51150931987008807 0.019523310849706238
0.0055641009575421131 -0.00027858886560545073 0.49940839282040861 -0.0025419484867635332 0.51197341815437392 0.0072003323141529955 -0.0086847063118881389 0.49866717797039734 -0.018450425446003799 0.48838702350249641 0.027900747868962916
0.0035716590052015627 -0.0054721103296176219 0.49588929971659945 -0.00076697657932493226 0.49776529301322731 -0.00012906645801867331 0.0021935905490460678 0.5048649640446381 -0.0088936223034120042 -0.50117798310522987 0.011326906943709667
0.0078616623754513421 -0.010914535036278346 0.50459143969221876 -0.01803397983129474 0.51570646829108213 -0.0010742969109601686 -0.012985461896441244 -0.50461576284957765 0.011621151693462565 0.4729193768921291 0.018262739544042571
0.00065100705965211668 -0.0025691674184199595 0.49398069858704252 0.0017859866886688692 0.50330295386164658 0.0058468353728991012 0.002519489891075131 -0.48491884550057818 -0.0091477488934769684 -0.51670221455778076 0.020181972257322489
0.0085994052600243866 -0.0071310257347035689 0.5054279709785765 0.00065460825506010389 -0.49832156312039777 -0.001014269148405821 -0.01402939595385402 0.50861492465805813 -0.00029392840727026948 0.48673879491709271 0.017065196218909225
-0.00031724754404868468 -0.00062563985810444513 0.49789372857933545 -0.002184921411848755 -0.4921323977473363 -0.0036084989557706995 -0.003711001837547074 0.50618757145766979 -0.012925222790831904 -0.50345689991503872 0.0037027587273130132
-0.021476472855374542 0.01032287420562792 0.49882705303024588 -0.043622218442989406 -0.48633802444667185 0.012671172494726112 0.026568671399235692 -0.48794700342551756 -0.044368166225556907 0.51754173175096019 0.058305139054398977
-0.0068552209685605898 -0.0071763609371495209 0.50379619535735465 -0.010526742803656137 -0.48707465728724852 -0.003800294528294381 0.001515362683149577 -0.49449356709559539 -0.010652598443620171 -0.51379397750424072 0.010000480606593353
-0.0053492277262024062 -0.0075771726314086364 -0.50245249637140721 -0.0079754891482196714 0.50601737063373076 -0.0010751939173110541 -0.0085903978429505631 0.5036617888525009 -0.01636342090434548 0.48641952694700247 0.026765780977969073
-0.0025679572984999115 -0.0058934745838041371 -0.49659177047312358 -0.0026731879682450523 0.49457824633105818 0.0010911126755588196 0.0018571551356456166 0.50521020200224787 -0.014842326973922874 -0.50321330975225054 0.0073878841461689649
-0.010361953669348832 0.0042274907042950359 -0.50740383913275489 -0.013243770196542283 0.51921187898162291 -0.0029532888360800152 0.0097842172300955377 -0.49544778777585968 0.0065666154844570418 0.47588626280228918 0.02399814056538286
-0.0057931967519215784 -0.00062082355099228874 -0.49587953957748832 -0.0014708383659777144 0.49935585367542107 -0.005636372762150497 2.2168089805282871e-05 -0.48454817537199096 -0.010476363452891395 -0.51916672884266812 0.015765587158911756
-0.01721789746318023 0.0068585760947952271 -0.50091103032209738 -0.016004420176896683 -0.49860783274554438 -0.010316129615911338 0.0044165455092111125 0.50506576051371943 0.0011467252697245477 0.49439640848997157 0.015239972038384965
-0.0037816299793520776 -0.0053291390261810279 -0.492036984631049 -0.006864070549019741 -0.49536437258015087 0.0020722260586877074 -0.0014722841207150969 0.50550154656234247 -0.011551665812606762 -0.50669855142421993 0.0029647772522884358
0.012829732100308818 4.7837856209167832e-05 -0.50005559801569965 -0.031782796941569512 -0.49360070189235561 -0.017836443609986118 0.026647376787242858 -0.48194346403098648 -0.054260640977353315 0.51507083040283186 0.059900701709275438
0.0011686800192672168 0.0048631162867649892 -0.50302246536748041 -0.010114189845185247 -0.49034015520911389 0.0046277357724443533 0.0068230128686445797 -0.49373266016965017 -0.008038878629567231 -0.51232016070408126 0.0055802492087907449
0.0064749632906891006 0.0073302245145301431 -0.00077209220468287638 0.49720697106818956 -0.018229106604257566 0.52326524355140824 0.49850626456199565 0.0050608461637614566 -0.014230250640458424 0.4788980561776201 0.021684160159660709
-0.0024292175548043223 -0.003410647904781313 -0.0026044314966349965 0.49288800654150677 0.005595422370922567 0.49324498373943881 0.50308827629317954 -0.0023581328602702489 -0.0078651407209708278 -0.51017562927827176 0.016454966094203161
0.016993384344818094 0.0011424738474879064 0.014870203317099517 0.48843049766219282 0.024960056808123739 0.49639593424850759 -0.48689909846222429 0.03907363392104693 -0.06493058945692759 0.5184293652455676 0.048062964194957876
-0.0028110382676028887 -0.0026798004584154878 0.00031176237449082142 0.49190712696885436 0.0029971807912833061 0.50130420910824469 -0.49153859133889821 0.010123127038099053 -0.0010633955314763555 -0.51472471468410774 0.0064790137630581614
0.0011611690315164068 -0.0071611805803987686 -0.003557233631651275 0.49805603397631187 -0.012509830652496501 -0.51745830579765328 0.49709686131577147 0.0018865830872975093 -0.022838639502761875 0.48574015061537834 0.019528494207073279
0.0012306591312660948 0.00056965875268257763 0.0031649689393870011 0.49211491403823449 0.0048660793810961006 -0.49664620956726191 0.50724202592224243 0.0017570320429634489 -0.0016160570348538092 -0.50353884816791616 0.016684598759866776
-0.013854354943998046 -0.0064888420127497863 -0.021579896957904604 0.48606514311892185 0.02936992003510552 -0.49237215912135818 -0.48835298243473074 0.041579081376621911 -0.069210584913877535 0.52189268719561877 0.048666864665662828
0.0034346590425727605 -0.0077344074677030451 -0.005072635550060981 0.49361831917520138 0.0037201917988127623 -0.50202595487484991 -0.49291374794359172 0.00030703830783695529 0.0028249488452397747 -0.51105081251647089 0.0073983587734661052
-0.0040765192858758367 -0.00071040863229781138 0.00065305290950007789 -0.51369032106347712 0.010183403875660777 0.49876587308716963 0.50207112119301189 0.0085578504384736121 -0.023289806025673817 0.48280381863883487 0.037987065031335199
-0.0067787748650304219 -0.0055649183363848543 -0.0010764033578497623 -0.49724201107552629 0.0082581548564699229 0.4958381832902245 0.5004594681074549 0.0042044010721637723 -0.0098997815695779298 -0.50613368892595501 -0.0013890985347442845
-0.0054914205567432118 0.0055568170045932064 -0.00077229098302763501 -0.51115709305475354 0.010793324238821782 0.51082459777753764 -0.49846199102670408 0.007613720248620272 -0.017915871500050695 0.47756688385789425 0.026174378409324534
-0.0058765089402650307 -0.0051925558303251955 0.006070669902068497 -0.5013724923297177 0.0028065248274851853 0.49563901814852457 -0.48999048962248659 0.0087630918383653379 -0.014265002662370567 -0.51205790362097303 0.016944124500709087
0.0028575942408108823 -0.0035338879331284281 -0.0026116097354911736 -0.51152752865592865 0.01152129405896571 -0.50061653642380155 0.50229731734243865 -0.012972047190907903 -0.02690646695089614 0.48284562786843632 0.035038958632417273
0.002070734936634927 -0.0042639227953986773 0.0034109309552271369 -0.49754382548839382 0.0073025877461285783 -0.49678906539905698 0.49932662066211031 0.0058243840491779865 -0.013180168524369774 -0.50598232030648149 -0.0032422435589195852
0.0066157781822085131 -0.0074157555298957501 -0.0058562621787847623 -0.51175203123858037 0.011375519691464268 -0.5078782746536471 -0.50223796295148082 0.0045959595102715066 -0.025284617847347403 0.47590763256429364 0.022706288686579916
-7.5972212809382553e-05 -0.004306139470127591 -0.0018183251664003152 -0.49885498683647439 0.0021960910478239022 -0.49428084257927213 -0.49032518034253375 0.0083823238800356248 -0.017837687974576803 -0.51541934940916723 0.018415709247157814
0.49641041406593311 0.00014390510710837054 0.49372405350905235 0.0052359798303956775 0.0022280693737196612 0.0027840683636300265 0.49621651576737186 0.0022591008644412998 -0.019328359820383615 -0.012101906014925898 0.51285195972196618
0.50732964956414384 0.001187867176796179 0.5082619051818652 -0.010459766805702136 -0.0030289164467475699 -0.0077581866986268415 0.50613894219337729 0.017305595931595134 0.011448546405290812 0.014520027438300376 -0.476747593598007
0.49605912703109528 0.0019881638062044823 0.48987184940018763 0.0025958663061153072 -0.001929621035107651 0.0045965331270326915 -0.50101039713785367 0.0012738126720387882 -0.020698305305572852 -0.023457417230576337 0.51178477886554574
0.48705212386778635 -0.0081708683739678076 0.49934785535337506 -0.041521394465654594 0.010301803063607382 -0.0012491932567745311 -0.47618741822693006 0.0370804170740026 -0.050015131834335071 -0.068543200735719775 -0.5255514938460718
0.48966624557799049 0.0059878188498165858 -0.49831870519658578 0.0021489466690443517 -0.0010405720446222458 -0.0004344270933970126 0.49511164149284537 0.0021532561306209057 -0.022491681916916896 -0.013803819797995368 0.51577814734548244
0.50621353020316473 0.011477642900314307 -0.50915806173700684 0.0096122950051601968 0.011148557053782851 0.019863074842693208 0.50875009386211534 0.0034887715028598114 -0.0054882380527261779 -0.0012771458606078312 -0.47422819828567736
0.48807493383732947 0.0043865971333844561 -0.50002847768677428 0.0010921681278380189 -0.00073939017734574251 0.0037888688107229748 -0.4965934722178183 4.3483252828317761e-05 -0.029444245163902528 -0.021116745765110315 0.51361569690429221
0.52248159330464805 -0.0054085735574226123 -0.5037379623731767 0.0098973658290634828 0.0026771770275624495 0.013528025139271031 -0.49710051958338358 -0.019773761697972434 -0.0050066283231133442 0.0070881188449859779 -0.47472984810835905
-0.49352739580278115 0.00047023463566121245 0.50081589810370042 0.0054080586651843506 0.003693391642897375 -0.0033963652854611436 0.49488027792276285 0.001980627859900351 -0.020182870151063431 -0.0098806004929395622 0.51004324744410034
-0.50751175743414167 -0.012031488916486546 0.49924052883054154 0.0059380432648101092 0.0071881768690733368 -0.013187555076556563 0.51261340380506215 0.0037577001793767215 0.014881849507267297 0.0028359307948073085 -0.47934223456802749
-0.49378620458836031 0.00053183804344952032 0.5009235636143955 0.0034251555257781389 0.0026872073734386165 -0.0037240626982489528 -0.4978094277414804 0.001515647824912662 -0.023820508193433638 -0.016955431637454027 0.50650393532164473
-0.50257724049837627 0.0028244206231937347 0.50168469344504629 -0.010579349959932238 0.0082532662522176135 0.0063836893437172497 -0.50630971465897445 -0.0072058448114203887 -0.0054419493360963267 -0.0065117079160314333 -0.48890321055913488
-0.50023597764615713 0.0047525527410318879 -0.48912731643256929 0.0045072737006427565 0.0014146978243589781 -0.005931098461651769 0.49690272003882247 0.0033247439877584126 -0.016946667036030715 -0.011193056419834245 0.51293519305560409
-0.49933826634134026 -0.0035265725119653021 -0.5190726131331469 -0.0012806055373650483 0.025499224573999144 0.0019431130092768031 0.50391247891966306 0.014781981020795993 0.0087326940927334295 -0.00040148498370859274 -0.47574587832782772
-0.50170350305742073 0.0031698951390938947 -0.49410225858158896 0.0021712290524420297 0.0024259704699348891 -0.0041097540948739422 -0.4962005229827029 0.0027659310662318292 -0.015557716928934566 -0.012763955751210214 0.50743614839388607
-0.49763574992799375 0.0070835537110494591 -0.50225830097794566 -0.033292669329864827 0.0078490414615636633 0.0024061606873776627 -0.48249834309893186 0.037716843825001338 -0.035785388398698853 -0.050860921283184549 -0.51066098845417274
0.4910479955122769 0.0057166982361743293 -0.0048163410548020839 0.49846365469101589 -0.0064020852683539286 0.49452226147229478 9.191823991301385e-05 0.0016035837496089626 -0.019964966828048148 -0.025340755728237473 0.51450304737385877
0.51141541003165303 -0.018729840127692708 0.0026803446236281408 0.5099745894790455 0.012028154598678743 0.50061024558024791 0.001997234101569028 0.0020444386510524853 -0.004196428597015976 -0.0060976118242231881 -0.47665915628463063
0.49620135265699461 -0.00036672077946145102 -0.00060023171821339631 0.49873350454582543 -0.0060784395523475806 -0.49591332869189947 -0.0013387690422042246 -0.0002591051915774698 -0.013918340814912522 -0.01093105943098455 0.50869103549356787
0.48123914044026772 -0.0073513930341761787 -0.0060760082367620309 0.46518878628581262 0.054910004169504444 -0.47666541197905177 0.009865304864943733 0.005986822979136836 -0.084695161753675502 -0.094423731535268715 -0.55269342373558861
0.48873018743810609 0.0080515324050684615 -0.0025358110387253348 -0.49248647438220966 -0.00012052984177016968 0.49782797608276413 -0.002005935467460104 0.0018713624281486174 -0.015765199769776264 -0.017483691591677925 0.519744325469366
0.492487998421755 -0.0006371489207545062 0.0099416536366397287 -0.52256601563634308 -0.0015556852846875615 0.50798067935742186 0.009739614100945905 0.010182105428506828 0.016656211450751263 0.007525003296615063 -0.47508073746604496
0.49512503436044913 0.0009871345037172788 -0.0029375019534309175 -0.49127006647786786 -0.00076301769501458826 -0.49309677211792113 -0.0032437045920918066 0.00011412995286595014 -0.016795663411608264 -0.018909397778473908 0.51932659823286265
0.51185364145392476 0.0054941173306261243 -0.018806521538718209 -0.51699566784180218 -0.00029919509175248716 -0.49467243052667753 0.0040331927538577086 0.00038572599420477131 0.015324357229745209 0.0047702432423105947 -0.47472365537356059
-0.49879306163563203 0.0079720050076531671 0.0034018708478150373 0.49988105951636669 -0.0026559979077769125 0.49306963502340884 0.0034227528633645802 0.0038546211509850764 -0.02057497284356619 -0.013559699726499135 0.50743550801975668
-0.47682600441958833 -0.0033448529697935924 -0.0001829501660410407 0.4603236527577842 0.051647492662863836 0.48185132735164804 0.012055585968425578 0.0079309016634982066 -0.089299081401485167 -0.090869184549557724 -0.55627325888077217
-0.49414483434844086 -0.0028076218517806579 0.0056207508821585752 0.49938370472019822 -0.0037604246286942452 -0.49678911342447285 -0.0023061658596309573 0.0025074876756590227 -0.016586344329909946 -0.021342449675956242 0.50876472527432692
-0.50946734081922851 -0.003818106566242352 -7.1263436689684073e-05 0.50487918337455517 0.0050534253372106798 -0.49698341598592177 0.0051573230909086375 0.0046109065656054502 0.011135503897362699 -0.0034896216134173031 -0.48818374368453704
-0.50117802581925275 0.0068636651176993083 0.0057283700502121703 -0.49030903507193935 0.0001574781296834271 0.48995227567830352 -0.00071587407219428725 0.0030138291114693619 -0.017394791418586894 -0.016665401902713463 0.51739206136939819
-0.49802435495095881 0.0030067187680905974 0.012997101241592866 -0.51626597175490241 0.0092775306811837665 0.50185834892567027 -0.0021313110703577963 0.0026008411724285246 0.011555725062225151 -0.002912564111309635 -0.48286853661237245
-0.49472999329647255 -0.0013000258317362476 0.0049979774153961791 -0.49050733552656461 -0.00046091055509965914 -0.50004269192360107 -0.0041428341365990261 0.0025102412330661882 -0.0087297062862182421 -0.012407836538964087 0.51412214981675342
-0.49533553747010611 -0.004701861204041302 -0.013584804501955291 -0.52216607499364642 0.0064430449518288494 -0.50484880274322952 0.0055083107223741195 0.011124802040367518 0.022559246564386775 0.0073195403332246643 -0.47555043537943964
0.49578829241352956 0.0024383884358451301 -0.0044861916380918845 0.0045826820631892215 0.49218309492092499 0.0029502810675741727 -0.0025106955786634278 0.49735100761673362 -0.026045389113887429 -0.016563173831942366 0.51339747175238259
0.50334928100108123 0.0065726852434885037 -0.011247121955566045 -0.021128063222641734 0.50832557633155806 0.035091091450532574 0.011179440888622553 0.50437669612153635 0.011043282671901605 0.018137757147167675 -0.4810669062084828
0.49263985804350352 0.0023378752732137742 -0.0039157260747966901 0.0043642535680490906 0.49546614316514226 0.004778848940478456 -0.0017607207686511825 -0.49253452344036908 -0.015933999469523261 -0.02305211574214059 0.51805206231469325
0.50753070802337164 0.0066608724368612763 0.0087456618850579142 -0.021494805853621589 0.51319547649569586 0.019099113463522947 -0.0071100758204573605 -0.50582813640968016 0.024877335412876511 -0.022074777418747308 -0.47018772028122002
0.49326121919031807 0.004780234307164186 -0.0035203017942071202 0.00052291834018579916 -0.49751462839879446 0.00099421673858740697 -5.1583464803475443e-05 0.49862060753144588 -0.0033727810801131024 -0.019874274371789839 0.51000704284050968
0.50987780313018261 -0.011950160458817097 -0.022071081996639007 0.00029644371783265591 -0.47919872489018739 -0.02090277859173716 0.0131408534483873 0.50794105386262456 0.016610078958456252 -0.0014422383772588498 -0.50087072574523817
0.49399503768144909 0.0067831371220083061 -0.0015104328275670012 0.00016678707582097911 -0.49595294951534996 0.0020278366103637889 -0.0031814823309742725 -0.4979246361048511 -0.020118218868938106 -0.026167105945799879 0.51080193527758977
0.49425587829634732 -0.017178109234490539 0.0094922168291245619 -0.019811098419464754 -0.47326655369460491 0.013210236910124488 0.01372628199754807 -0.4776899065779906 -0.084774111190270993 -0.079039666047556065 -0.53755719688750536
-0.49720645892310611 0.0029869878605687343 0.0043706016323478356 0.0050748249667493042 0.49358327045539507 -0.005112219607344386 -0.0016937608126959441 0.49898223206481707 -0.017202965036456123 -0.011221543747373107 0.50958157114110803
-0.50099214750633059 -0.0099579458690822065 0.0058895939805854924 -0.023151561304985569 0.51169264051021646 -0.025159096568515529 0.0064593680114775603 0.50611744782337709 0.01386512100590922 0.018917762453606993 -0.47867313388926624
-0.49722039059938666 0.0010745599758184338 0.0030456282851600625 0.0054190578535550189 0.49761965075005116 -0.0057480556584547935 -0.00031066373211795836 -0.4909304769235785 -0.010667925586849515 -0.018570103665579051 0.51342209382347492
-0.50239295332255596 -0.0091473550676000777 -0.0098207847778985849 -0.019460134087982656 0.51553253277051203 -0.013323475041975922 -0.01101655317972677 -0.50437717471835408 0.025743113800265411 -0.014101428133933393 -0.47509150421616408
-0.49666525178823645 0.0026479559951755097 0.0047563184592762557 0.0028381594995939242 -0.49628181178758007 -0.0033644123037189833 -0.00036837725313549778 0.49972797955674719 -0.0034504379310128399 -0.016520403091955654 0.50691810364725165
-0.51976163442992585 0.017808979646522161 0.02946259501556182 -0.014806077986828569 -0.49490090388644253 0.026596296025926437 -0.011104971278549789 0.4998562434146212 0.011529006450283536 0.014204772711574219 -0.48217722210113756
-0.50064537269032305 0.0057407709584160775 -0.0039053860186111324 0.0010983419153447677 -0.49496719745717122 -0.0046470336619714959 -0.002286974352845647 -0.49557614554761237 -0.016689485160270141 -0.022449958679328072 0.50784563464703902
-0.49467340165772744 -0.0020338211889592782 -0.019059097916902287 -0.018587192990951167 -0.46619778789623101 -0.013033065434731973 0.027160398963503661 -0.47798372294765817 -0.081194059203961971 -0.069969256554498024 -0.54440868773883844
0.0043283738915948083 0.49586665382124101 0.49724747941303932 0.0041720644580185628 0.49449392438222806 -0.0031596001734506404 -0.0034345076605396029 0.0041233619021517056 -0.0076651580659699231 -0.016159844413819981 0.51180284036240253
0.0083574619484329225 0.49356838876714804 0.50857030223540722 0.0076331566229167896 0.5189345066661688 0.0083801519256480866 0.0053002467069804098 0.0084520351925760941 0.0022871459358669828 -0.0065606939276547501 -0.47760582977303134
-0.0026389051701405995 0.49399209877862305 0.50080433503322064 0.0046771311475338048 -0.49535464735753787 -0.0035493694467107458 -0.0010076964913868834 0.00069631339758113354 -0.0060923359158959718 -0.029444396293105406 0.50876671565977327
-0.0065044944969740977 0.50761709275721145 0.5012159108115295 0.017052591441462112 -0.5097433397243416 0.0083754071235943618 0.0046042446011651363 -0.0021829193848040673 0.0026166700072344914 -0.0021839941790630381 -0.48044604039460492
-0.0055885884344572681 0.49910614638368994 -0.49274991205076407 0.002813540097724756 0.49469436089183116 -0.0016961668934179297 -0.00065031184862364953 0.0034446186274489196 -0.019766833920632783 -0.019978337784417991 0.51237085475292676
0.0040373781905778949 0.4979461277557623 -0.50738722775134548 -0.014441164808659628 0.51467006698227191 -0.013807687632189789 0.018785116961193019 0.01148303446132691 0.012637058475291828 -0.00026041180677243146 -0.47818675583706272
-0.0040688791701423968 0.50153524944311245 -0.4931751157604789 -0.00032996664088578558 -0.49812039496054278 -0.004783996483037652 0.0021769161773154185 0.0024698362462643062 -0.0016651340637851911 -0.023088163484597361 0.50648844467304743
0.023017810487400588 0.49557522756672662 -0.49238430822882273 -0.034461484930141659 -0.47279958268683908 -0.067876158608456458 -0.00021140504807230884 0.006992597914092181 -0.054075305656624668 -0.066138850771212898 -0.5241673660309466
0.0026052319080720246 -0.4940467104652177 0.4926457711586642 0.0043628974058545524 0.49574870900082113 0.0021198965703929369 -0.0021739292554562649 0.0043272986452015244 -0.015688564104699303 -0.014200286182279523 0.51667171670236156
0.01239143263200498 -0.49805207503098975 0.51241180585393786 0.012475701654517245 0.50540912651986469 -0.0083320394978524878 0.030104795569626044 0.014169604677312297 0.00065611320579315839 0.0037579968403304393 -0.48211994726917096
-0.0048989965971368184 -0.49566122328080359 0.4957685129772062 -0.00015138006171104519 -0.49608067672674394 0.00072873077981181432 -0.0020164684283417011 0.0011418866041264372 -0.014457294716323137 -0.0067524542570479183 0.51200875213555086
-0.023912076070988161 -0.50213509413186863 0.49205671129819711 -0.021803765317201775 -0.47714138022567154 0.060164682436992738 0.005591346628415381 0.010729557588363419 -0.045517909047999267 -0.051495238132770856 -0.5182081016826473
-0.0044112722221939628 -0.49082333623739993 -0.49728915446187827 0.005816804306963538 0.49373222028407948 0.0040416770191142506 0.00092783464159589425 0.0038167575750684673 -0.015261203005278213 -0.019385849028689662 0.51704029867061685
-0.0011535789631778306 -0.49838194106563338 -0.5017505565180076 0.00018062328223060627 0.52048437392528346 0.00083202843408869572 0.012424393965979372 0.0022761347727706699 0.0082505217536109517 -0.0057914397254535035 -0.47822026564585474
-0.0053068533698492557 -0.48821408169895797 -0.49588494483022599 0.0049772661094123387 -0.49738771421992889 0.0021999675467253743 0.00049549585643852577 0.0029295875681534505 -0.017906006537002632 -0.026732357851590591 0.51696106808051812
-0.0013525794577417976 -0.51251209418496779 -0.50366572887770711 9.8152910021054204e-05 -0.49868776713513013 -0.0032484393414581015 0.00040196077625890116 0.0011218502063449368 -0.0010499941877478423 -0.011775230417042017 -0.48457107595805438
-0.00072393721296765622 0.49748174722655197 0.0010198184496453566 0.49806167734158741 -0.0019192697038564735 -0.0056879762093871552 -0.0016144528410280256 0.49735535285272114 -0.0025304333334007349 -0.026839797648614373 0.50627773470288484
-0.0091211323644271747 0.51607075413922654 0.0014660231613010789 0.48299152497863174 0.0079577021616914264 -0.0099047561254006627 0.0025605366106085776 0.49147614612770679 0.016942860956395026 0.01039886541003439 -0.50812678981174353
-0.0023488540142317551 0.50470448815156499 0.001850077513525871 0.4994846272798929 0.0022634166327455477 0.0011051825339627936 -0.0067857763643374112 -0.4926036948168887 -0.015500394339054186 -0.016182223283366558 0.50256007489879662
0.004609814957566653 0.4951009767333141 0.021412973161483995 0.4781540627397361 0.014137461335962213 0.003806700790505243 0.06616903858344507 -0.50370857953372583 -0.052241573877962522 -0.059301852978009703 -0.5110802519711537
-0.0032653152667605993 0.49848645706074718 0.0026776862062493816 -0.49214347774234429 -0.0011816260071343034 -0.006272607220900242 -0.0013629199500952366 0.49702678857088023 -0.027767477251264532 -0.014756991316693467 0.51109802153855199
-0.0015949006124974083 0.48922937175537068 0.0028592286501541117 -0.52196589350053113 0.017485495533423316 0.00012441840601224553 0.014912099050205675 0.49741669790707216 0.0092229437920457683 0.008492254255247602 -0.48998655876893726
-0.0034528292389536708 0.49969268696656344 0.00045831067099705021 -0.49337531398371465 0.00051371338531179523 -0.0035137185056897269 -0.0023814780254150457 -0.49279095013364949 -0.010069482314982949 -0.013103898722537194 0.51355776436440925
-0.0030782035544139569 0.51208685070909765 -0.0030623417026166893 -0.51864213813422255 0.014548059130174543 0.016776782923230826 0.014652102049469366 -0.49201237066800868 0.012801059415720519 0.0026759171801992339 -0.47518790546385309
-0.0012348041926563142 -0.4923554417030559 -0.00082333311634757707 0.49763229830818034 -0.0017543945761587703 0.0036536398496346848 0.0015148414695551776 0.49943610549914336 0.0071101405695966147 -0.017230703862484743 0.51004256256440716
0.005615505851208135 -0.52609985698465467 0.0045964834274635031 0.49264690082855167 0.0041353290156436991 0.008182848208876492 -0.014429771217665789 0.50000572359649842 0.03467342607358237 0.012316526222821641 -0.47834439982869903
0.00044867185748267264 -0.49758823043490741 -0.00042498397763306617 0.49691595613779227 -0.0012350766755338403 0.0034590422426606648 -0.0043722461625256307 -0.49284188787750244 -0.023531039326405847 -0.0059971526846218579 0.51182486704692598
-0.0022903480941446524 -0.49839342052821728 -0.027546848505932201 0.4831172557630079 0.016754913004264921 0.0014743873043549095 0.060874271808266843 -0.50874211260802993 -0.042237706610082762 -0.047283649759532406 -0.50061038599910168
-0.0011572776490897448 -0.49141286846862858 -0.0023211867166520448 -0.4915708663169634 -0.0011585207642558469 0.001852367020962815 -0.0026099253150896496 0.49622011571924807 -0.031159210193367797 -0.016091236341561285 0.519026912825437
0.0027515734589388507 -0.50063344192517678 -0.0040552185752378072 -0.51530915613429584 0.011626102347986587 -0.0053336141247567964 0.014378217273754613 0.49990374646944241 0.0042773997418380756 0.0070486639084940137 -0.48317339755317423
-0.0034417261264829027 -0.49022203285964372 -0.0043549392332216932 -0.49288397867574424 -0.0014236879478540714 0.0024793515019451858 -0.0015862449973624002 -0.49443543624389658 -0.013284790656290379 -0.015835254634603703 0.52135649922008354
-0.0053891352619999076 -0.5160076685235917 0.0021362596132624544 -0.51540737421467597 0.0026936941337433219 -0.0033058565370475755 -0.00024509207100285044 -0.49329328567530756 0.011768269788456782 -0.0034191073543412319 -0.47386815185140357
-0.0049941299036862534 0.50245970543089036 0.0034044508987146446 0.00095173215314451817 -0.0024788683666749876 0.4883558478605482 0.49604496253976166 0.0022117877765233723 -0.027657661683759077 -0.017803867984870832 0.51171457595572034
-0.00018346867737522779 0.50233712384783669 -0.0084169265608602904 -0.020190893184432051 -0.0098435798926036367 0.51248445036320167 0.50065483295415136 0.019162048978488017 0.013714746181579737 0.0049382536022384337 -0.48291482592810114
-0.0063457269517216914 0.5026551703724591 0.0015961906439540825 0.00087621397601765258 0.0033100351274324849 0.49446962545034862 -0.49859625959844078 0.006718100159953758 -0.018471962693592265 -0.01495555893947546 0.50356209541820263
0.018336593191769161 0.49507493285017684 -0.015153294368968511 -0.021407766892099802 0.043093535979812192 0.48853796189352361 -0.48660476922458973 0.014158828054103472 -0.03422737649450288 -0.057682994944500417 -0.52140843615557897
0.0015408785655799265 0.49874125290981075 0.0044379013172561608 0.0038483839439831494 -0.00083150595580334604 -0.50142348981914864 0.48980104508288647 -0.00039528499667110359 -0.018914474752137169 -0.0035128839529964136 0.50942983623283689
-0.0011647929820935449 0.49265394129106599 0.023098100711307284 -0.0056785173256509473 0.015693340427981085 -0.50490519430020009 0.52116677993460225 0.01681540948744421 0.009027386887454197 0.0070059642610606418 -0.4790837981545748
-6.8434314811984955e-05 0.4915573425870603 0.00043482343365265619 0.0057891186550315787 -0.0040951507637451423 -0.49991860853507125 -0.50010130570330091 0.0029487647188019867 -0.01955608877173283 -0.011694040644131085 0.50771358412564083
0.0016776702144860084 0.49112382603377475 0.018628522378904416 0.0080748017953419481 0.018487782069106937 -0.50795878014205664 -0.51803442258615906 0.0083450444385123161 0.0088627034313709351 0.021183191207757142 -0.480688933087281
-0.0053516690987366134 -0.49097054024604664 0.0011820779860468413 0.0020967959948077191 -0.0023360845077482167 0.49719580988369622 0.49303042593809504 0.0010609941567291342 -0.02215544322649116 -0.010384068236728182 0.51771183546719757
0.0043599747458262965 -0.50331941634525057 -0.030669992797369129 -0.0082731287180128048 0.016226117254070371 0.50300204701833473 0.51362521435043507 0.016403979221950249 0.0089630141532299184 0.0082697674614674293 -0.47763839923096241
-0.0066560091075086618 -0.48886364054054188 -0.0045784445393630916 0.0049578622793381745 -0.0035469909318139696 0.500167739627703 -0.49688628695444709 0.0056749829635995347 -0.017730802298290094 -0.015193176223393978 0.51309720861602948
0.014657562134857128 -0.49215481562838487 -0.017167107413397019 0.00089200849362749816 0.010947321940571506 0.51754827164027317 -0.50762475252168671 0.012994069692894447 0.0065216924386497137 0.0097021528664757144 -0.48094576749573015
0.0025731412338774896 -0.49641083793622393 -0.00030248034340186818 0.0017088039242751049 -0.0014964588623160779 -0.49271800507265023 0.4935637313235306 0.0002369209863745417 -0.028181909362132478 -0.011307990482497759 0.51600975943574023
0.010929976861741004 -0.50963245451677952 0.020738990078289565 -0.0089423438740641615 -0.0051681127058284156 -0.50159798627809693 0.51346367925103353 0.012496596509150614 -0.0041484873046100587 0.0078067546922976913 -0.47343289520092507
0.0021026014274138139 -0.49836634177797084 -0.004947257379882216 0.0030604083866493837 0.0031618294992430741 -0.49547985778384551 -0.49634343782655771 0.0022416821847415285 -0.020678112377861348 -0.014522500795230093 0.50900109978894936
-0.019589580898566057 -0.49851491963137379 0.0035137781854727751 -0.018148832440477856 0.040839697870203057 -0.48526036816360918 -0.4891718390046072 0.0091708372704161906 -0.037495449367604253 -0.053931522485819075 -0.51954227976588807
-0.0004323826688851584 0.004278983875881181 0.49620812157136385 0.0018889482178100279 -0.0015843871392077955 0.49406692436134597 0.0016345872838784399 0.49893690595224244 0.0027980572729472417 -0.0073133820589412419 0.51053773278235937
-0.0081881727532766325 0.016511684941150101 0.4979447525835819 -0.017785392754898391 0.022335834486840522 0.50684924798381692 0.0096673705169223606 0.5145876775402739 0.010109101006768156 0.0051167299848161683 -0.47851610297303976
-0.0016217693035194016 0.0024073813474097196 0.49640942806816135 0.0052414416201995084 0.004936893840918619 0.49947938002099806 -0.0059815006893073081 -0.49082167768678686 -0.0075696618138905367 -0.021174155270390498 0.51243576684111425
0.0022589779523002349 0.018046620499252396 0.49885763871091121 -0.026198367553286566 0.0097984241195713372 0.51339932595474647 -0.00071875682024045116 -0.50022228387855605 0.012237732897966116 -0.023845356948420555 -0.48529148795743782
0.0052814538986089704 -0.0028169150871455357 0.49563500305275154 0.0036928531361633747 -0.001832406307332769 -0.49575136278941867 0.00065525207377591294 0.49748260644782588 -0.013998373841555578 -0.0077627697608599559 0.51066438906615674
-0.0051795623558567446 -0.0078765695806003767 0.48909347513823026 0.010455904896505908 -0.0090579066786756618 -0.50243220915875775 0.01365233047863767 0.52064718955150879 0.0049062379106042907 0.0028616497838741886 -0.48659743691946794
0.0051194063954186873 -0.003338542758375921 0.49723597669678155 0.003173512784105343 0.0013470451368493821 -0.49270394281971225 0.00025939283147707014 -0.49563540824927743 -0.016566227336814718 -0.015321190963707876 0.51360126978905973
0.0024125967162333959 0.011900054504685868 0.48368579426337605 -0.051597500410409947 0.031109481076850534 -0.49309813690133425 0.0026566445290642521 -0.48468207444939848 -0.073654038482847323 -0.064357015963311337 -0.524055562025036
-0.0073863374084225481 0.0084420130433706074 -0.49384419480275638 0.0032726507780355945 -0.0027607467902652258 0.49489428558488213 0.0040032579247709235 0.49836961900959381 -0.010672961178267619 -0.0058143974552170496 0.51236449650682869
-0.0011759939270682151 0.0020375551937921381 -0.49525935188247999 -0.0076895038051764406 -0.011963585744369756 0.50376096345154586 0.010200865342246557 0.52075706804091193 -0.0058404255366527828 0.0051634511759420555 -0.47893895463096975
-0.0070881606360409678 0.007803658787498194 -0.4968468506638184 0.0038553456695034935 -0.0013771179477232362 0.49508412811825425 0.0030976060902696539 -0.49340969284029468 -0.012746164586295877 -0.016521820381981911 0.5138179233954826
0.0039396093536058002 -0.012430141129518492 -0.49060460341709949 -0.043936763029067565 0.027082387066775911 0.49903964029514641 0.0033590869741516901 -0.49041073111692501 -0.057791100873818509 -0.049604179672094573 -0.51099734061332391
-0.0031274193217457271 -0.00091053898380434335 -0.49608901348936524 0.0047944025377564606 -0.00018652206593116675 -0.496538462481801 0.00063089481161365108 0.49902632413605769 -0.0041928937682732441 -0.009738108911732218 0.50810582925212511
-0.00069730525222866824 -0.028759994828201609 -0.50133793119260828 -0.010632183796224059 0.025591709718885119 -0.51042851389226118 0.010589285302051284 0.50523956501794809 0.011135226481606662 0.0056925117055947544 -0.48061612488186389
-0.0037141666745038847 0.0015779679875485249 -0.49640137698664127 0.0053393539847578228 0.0025239148501666931 -0.49761329066025578 -0.001080797554833196 -0.49076602446158657 -0.011854691525154872 -0.026397967482123214 0.51402886760600119
0.0038779547520201197 -0.031914440758967925 -0.50342955633010023 -0.020735127360703865 0.0085485217133349119 -0.52082634246492943 0.001933422708148792 -0.49651106660983613 0.013868084649117216 -0.0036922404196895629 -0.47647568271125962
0.0003768972723511475 0.0041804906605737687 0.00059885039853940509 0.5049344631033148 0.49275852976763468 -0.0030344485514096015 0.49203023312802224 -0.00017291441819732915 -0.0019310019946253843 0.0010552118714574207 0.5100043252817269
0.0056279480809490138 -0.0019787386891408202 0.0042759442104759763 0.38892479621334447 0.38929054495595572 0.0026410641581163618 0.41076472290694083 -0.010835951127255767 0.2883094918472332 0.28147118636141139 -0.60492649066689508
-0.0017691942560575692 0.0027030857351626808 -0.0013355127014570128 0.49813452912350631 0.49340202536841848 0.0021233944440562512 -0.49735053044200339 0.0035525083027309621 -0.018558279724456762 -0.028281263929634669 0.50978945953827393
0.0064395941914835927 -0.0083430741774930643 0.024675354909826811 0.49451539850671333 0.50591984687926461 0.0099223230098937649 -0.51919006849084404 -0.027093223245567771 0.0090873122992747735 0.036159218691089637 -0.47644390013195814
-0.001199862414504473 0.0046939893782246981 0.0016402081514269606 0.49602914034151602 -0.49690129006385608 -0.0039566103507122641 0.49822718804204236 -0.010922206776716922 -0.020929428933566613 -0.0069172743214833254 0.50810123639478588
0.0084248736985123394 -0.0087151564756111043 -0.0015406763633062249 0.50011376346504088 -0.49871288944804792 0.0062722966687036785 0.50648949596019666 0.015096954030767636 -0.0083425963641183525 0.0069992699574788365 -0.49406974550135324
-0.0063703601518928076 0.0055002052321644233 -0.0045802807881283637 0.49914989119574676 -0.49915353974804161 0.0049513639724145572 -0.49888141828195931 0.0053495274601757532 -0.014326227806412484 0.0069465744065611099 0.50240821898403953
2.528453660719176e-05 -0.0035217976567248357 -0.0032568335037869455 0.4638016153465998 -0.4707878129299321 -0.00029023568125537694 -0.48491118719988979 0.024427110579892247 -0.08947226029439441 -0.093792848981683691 -0.55739202973678548
-0.0014829285642628195 0.0026037620214242729 0.0017454215599409901 -0.49188166677339024 0.4941986885637174 -0.0017204703924973573 0.49292447567876435 0.0015283905544247584 -0.042347470808787847 -0.031149527007201055 0.51774957356622109
0.002833504115099627 -0.0030192493114042508 -0.0035577673027106398 -0.49462555112001511 0.50480417609655437 -8.9279735321679831e-05 0.51277581593727584 -0.0040184400416788104 0.0062437654558045071 -0.0051499772249138766 -0.48730668530267673
-0.0027586284322653858 0.0025245668944350202 -1.6104716885408184e-05 -0.49178567342934892 0.49527723563136733 -0.00050660544744855719 -0.49666985421558907 0.00090394289341018364 -0.017377154415919662 -0.01932996770822739 0.51524333722158389
0.0062905808638290678 -0.011267089290929932 0.045101322130686149 -0.40488486097029486 0.3985096836675619 0.0013607920793635953 -0.36988199609973377 -0.0042031665701039115 0.29071881701628771 0.28271210763666138 -0.611377017591338
-0.0041453509084103226 0.0031901668430353797 0.00092179777971846462 -0.49373821654123318 -0.49651432016609542 -0.0032545847876083245 0.49603348445793888 0.0053886068481724721 -0.010891716385666994 -0.012097596860130818 0.51314136857389647
0.0026747366290558335 -0.011534946493538489 -0.043463235729954919 -0.38857871297931801 -0.38526695603332772 -0.000573902717589277 0.41140689551149612 0.012891789642221768 0.28474019204967971 0.28494763016287028 -0.60568341908834633
-0.0030791274773954145 0.0045003440506255201 0.00091224453896683144 -0.49289051327167538 -0.49858337292248928 0.00011449438651340341 -0.49382181732070718 0.0011964357791654004 -0.016186201905804221 -0.025932227252145442 0.51346576369556252
0.0045215799661155846 -0.014974815576077077 -0.011592435039309984 -0.51340676105044092 -0.49037582339023872 -0.0028337337882307261 -0.49400258620283904 0.0051993428939969468 0.022828017119183495 0.0063116791327716051 -0.50093053526122577
0.49813946599932379 0.48605141826997983 0.00030341719033549536 -0.0073397579762607091 -0.01336827663058828 -0.013533637685229411 -0.0021469989822997977 0.021867428687307677 0.49268437796912246 0.48772392969785405 0.18466167711974868
0.50906559377208171 0.51891697011532745 -0.00081929501073939629 0.0025499901462625154 0.0011780188179643075 0.0028612360100195421 0.002566965123460056 -0.011969971572485793 -0.46307896200314164 -0.46935944848742683 -0.19149507775967833
0.50083730831956474 0.49453551503645105 0.011701276928981203 0.0047213722054307 0.02186449664068587 -0.009356644608429077 0.042855241066739574 0.015068643835335856 0.45979042072485482 -0.25691366845154706 -0.4737048669502989
0.48815922735773082 0.5024558418973657 0.0024464268088865079 -0.018284968398905588 0.006285383094650039 0.0046644193076308006 0.015840641397162104 0.0047906791854040844 -0.43956635985243292 0.31382342838891142 0.46568176077713103
0.5179268983539117 0.48334249703523424 -0.0039510581208747871 0.010153893548824094 0.0041302048023447785 -0.023456740618216315 0.00020500012177234242 0.006284228218172273 -0.22920855883287297 0.45160221853672494 -0.49084122489430743
0.50396784630328617 0.51306500242211295 -0.0035620617623820881 0.006175578622131141 0.0040381770010900885 -0.017847883640204697 -0.004286562821290793 -0.0060935662422460634 0.26057845516178857 -0.4264489747008669 0.48226514264923481
0.49970675088338162 -0.50258122862938004 -0.0026764097207560571 -0.044427017269030707 0.028701292630451382 -0.0047856147555743085 0.0099805470081689891 0.0052362082158873956 0.47625027396454178 0.47394987353536872 0.20810537508853047
0.49529154839548639 -0.50304936948592716 0.0062095621232433167 -0.0086888266318815455 0.0094352585878911439 -0.0067401174078184243 -0.0080466612971536247 -0.012949670252776709 -0.47521754713629011 -0.4819250039647936 -0.20751683551012115
0.49445111878608961 -0.51903444982095293 0.0082254730685513266 -0.011789438753658416 -0.0010123345502644865 -0.008406287496543062 0.028041281318803082 -0.0033547965007984402 0.4536434300251207 -0.24900481134348246 -0.4661004885981983
0.50209986998994949 -0.49724146013532872 0.017743214765409632 -0.0087228754599593967 0.0089321598312555785 -0.014518777391092721 -0.01131104422816159 0.0049528575092086784 -0.46773336311156377 0.23415688334411222 0.47561407335334138
0.48320661586673924 -0.52088199154755754 0.0086830751021693027 -0.030801279034159142 0.032243935252077478 -0.0083828714186350416 -0.027484959587421441 0.012295821070516234 -0.2549963883436539 0.46133665253260464 -0.46292330199430953
0.49517232650386078 -0.49407519972899544 0.0057250895027722796 -0.011267956025839817 0.01653375026905583 -0.0061209896929403746 -0.017042039877401848 0.0023749247685414237 0.26438439990259682 -0.4510455703769925 0.48640127500090852
-0.50212189819760866 0.49544236963776161 -0.00090293512737013614 -0.032727433132904174 0.04241287085952785 0.0022646502894781281 0.016741249984822296 0.018760601703073941 0.46897614336068916 0.48110399298571721 0.2179510783542345
-0.5029455558451249 0.49543987596990291 -0.0040259817997855751 -0.0036231989328511837 0.0082161816598518601 0.002374976336791396 -0.0058465537664255151 -0.00029212089844428527 -0.47606194921517264 -0.49133916691335539 -0.18275445532658166
-0.5002562308709495 0.50958439516180642 -0.015346232397934787 -0.010490646483827968 0.019671801523989531 -0.0018002367810452751 0.0068965514713140276 -0.020122116171943556 0.4437342838105453 -0.26525473029276714 -0.47076429132768782
-0.49940315639854105 0.49860557010814788 -0.010879399914556715 -0.0013449815492840033 0.01196276777176152 0.013153614480775795 -0.0065033148277513411 -0.00026051967915517949 -0.45883851229482153 0.25659561258235108 0.47448522358032935
-0.51577032506705789 0.50041345762647493 -0.0042299558475575334 -0.020099798282345122 0.0055290024267877439 -0.0051874317776169953 0.02116638208584146 0.0030455455751656037 -0.26313941857490686 0.42804850108655546 -0.47975285877621454
-0.49778758780246074 0.50417994281462275 -0.0039690438273733333 -0.0030860996587970839 0.0036430710584180069 0.0044454649960308521 -0.0004472942820168497 -0.0060951916854348684 0.25432029009662277 -0.44619981314989432 0.48388155224578272
-0.50114309319511485 -0.49278229590243233 0.01896327655571706 -0.013535238011930044 0.025797173353616729 -0.0046195907392965327 0.01902165023321644 0.0078088657179777353 0.48773133823893361 0.48600616734239244 0.17402560482290511
-0.49791910019286828 -0.50940469193545201 0.0011289753919950132 -0.0026948366280740506 0.0054861931187512166 -0.0042462734788777552 0.0049711755204849646 -0.014547735857312808 -0.46006989282927235 -0.4762891567449335 -0.23189382762079391
-0.49096004847265057 -0.49167705209671031 -0.0058098748897168961 0.010646250424349211 -0.01210234774309754 0.031192194955644539 -0.044829733938922048 0.0031483835513428774 0.46512094272499049 -0.24448685774808135 -0.48766223738045217
-0.50534284875678381 -0.49760902155116343 0.00012527311926338231 0.0014057305690261808 0.00081659182289379475 0.0038797939272444677 -0.008377558777603324 -0.001415662789342651 -0.46465736526715989 0.19940612643586164 0.49117684955317553
-0.50340512124907333 -0.4886331994673303 -0.0053523713060447935 -0.029275759835847511 0.011857747765969276 0.023798564099392721 0.016889819654362776 -0.017938731097882403 -0.24179283255184536 0.45234932229445907 -0.4924809002546468
-0.50293622424258255 -0.49969955306094577 -0.0022717322685965615 -0.013310178483117352 0.010988629240319785 0.0024403415865676763 -0.0051733468150076721 0.002442807403618658 0.29232905569571876 -0.4379166364971161 0.46881392471505712
-0.030428567742521555 0.019909343476623296 0.51095572403730238 0.48527583389624385 0.028065840864077145 0.019808151253846093 0.035107524463028679 0.026853999770433533 0.47163822193818533 0.47271177285562432 0.23038353016410196
0.00097391600248538106 -0.011357121580186957 0.49615225075463321 0.49383791536166427 -0.0072530121921971875 -0.0052445991345369041 -0.011291023653840585 -0.015702793118230272 -0.49000574379448009 -0.48732777011242606 -0.17826655124349972
-0.027951208366940462 0.018519847822088802 0.49713800369047062 0.50965071386795469 0.0025885915270361564 0.029889709927840239 -0.045320842841258174 0.0020220101569323606 0.43240335140656 -0.28706314559431556 -0.4686679310293197
0.020387519741494994 0.010453473760056925 0.49423273447611066 0.50335038740436688 0.0080393626553537847 -0.0012641695264254873 0.001001111776009804 -0.012157634224405104 -0.45585551064374386 0.2491159749213277 0.481424355720385
-0.051032248298701663 -0.004953582017939163 0.49267518255918324 0.50489287652567627 -0.014056162128727104 0.0083705175377509818 -0.014976431131781933 0.035489400668032828 -0.29315308569379533 0.43390914303109945 -0.47303087744674543
0.00090364576414701976 -0.015795972409991126 0.49672402249114322 0.50335737011392745 -0.0026327140307717705 -0.0048160891805836799 -0.010100871450139489 -0.012504586133493619 0.24264122347670777 -0.45147821391545079 0.48646728046706278
-0.0027933579544592983 -0.004151841673427201 0.52031996977463801 -0.50236824389071644 0.0049039287867520889 0.0020584508753044781 0.00064058010502523457 0.0044868299351069271 0.46533888682543462 0.46696340684553156 0.20548553549562931
-0.001749419143877239 -0.0017052345184911889 0.49566139033872691 -0.49963176844914758 0.0080559623162966068 -0.0056995879721679519 -0.0033290292930460369 -0.008992644958641445 -0.48423464768443386 -0.48859579143157222 -0.17687153088544619
-0.018803292638196537 0.024181128158347266 0.52211045652021115 -0.47498577210308379 -0.041975819801525538 0.0085321573494238582 0.033897494902474748 0.028440954449485314 0.44188048076095549 -0.30167051561867086 -0.45912388550365307
-0.015809513299475532 0.001017565337224396 0.49230440825748406 -0.49564421819312121 0.00028866581900556439 -0.0015334350825747742 -0.0054217151926704617 -0.020295494711940219 -0.46029862288692114 0.2452270738177576 0.48914959431122929
0.019328570860919162 0.022944769926311257 0.51238853773856763 -0.48062588295494379 -0.055291952217393914 0.0022620092952606108 0.011728860306140594 0.037207814022290932 -0.30596021938296369 0.43723793319044041 -0.46495561141837621
-0.011039536635047831 0.003917230525687561 0.4967022021191933 -0.49475347491447602 0.0041573438223502443 -0.002839664597217025 -0.0097278341537791226 -0.012140948450026268 0.24195931407899154 -0.45242996038935812 0.49483749462740106
0.037577863622925325 -0.024309500510546228 -0.50161530329318049 0.49172066623719052 0.044624664062334 -0.0026181305879814602 0.021594945156781606 0.019929233461416208 0.47040421089647338 0.47455423230581201 0.23504521685450297
-0.0044454627150006558 0.0088295228166863846 -0.50152145459714814 0.49325202794101647 -0.0034060358763732461 0.0061131671958697372 -0.0085634146500890487 -0.015046003473358585 -0.48137916231238342 -0.48937300872770811 -0.18308582450475905
0.030778449710182527 -0.029006802943338576 -0.48840870448009782 0.51658238694389702 -0.019309427999597222 -0.01346312367358608 -0.026475548823598104 0.015201833698777974 0.4417148580219924 -0.28208772305891916 -0.46544517170540123
0.014153802993169115 0.024895424798761046 -0.49535385668418691 0.50476147587619202 -0.013174497009911471 -0.0019702589927174286 0.00033567155840554653 -0.0013519689135468311 -0.45692020617593893 0.24472102634870449 0.4797670804546551
0.0091090189254696401 -0.058259643023185245 -0.49280886041975924 0.50632926789758581 0.013824841834586916 -0.011746065041008035 -0.036164770729984697 0.0074403872729530323 -0.28959328392461203 0.43400785551658294 -0.47262406232261645
-0.023103064567856119 -0.0039955687815662602 -0.49764183482798996 0.49958306603612057 0.001542764440616068 0.0046817115699113662 3.3593635897302034e-05 -0.0058732294114288005 0.24599006787911584 -0.4523044979822084 0.48689873824950691
-0.006241088661793375 -0.0034902078762014455 -0.51809561781527924 -0.50434444716455784 -0.013261469059174696 0.013128842307152172 0.0042778462652108031 -0.006221759753365321 0.47418043794158193 0.46271682468946618 0.19443067086746757
-0.0074518733474923946 0.00024768635752905535 -0.49414136436442169 -0.50266116662022697 0.0039985104195136645 0.0081236438937128449 -0.0040992947984805185 -0.0082894421659886024 -0.47733368993370839 -0.49065841685535327 -0.18531011173018891
0.038724847074736314 0.001007191516598857 -0.52428468072130063 -0.47158713692205473 0.0050607204116049232 -0.028903785641763397 -0.036951785899525851 0.0077944030980922471 0.45082160322909609 -0.29516568941738436 -0.45670601985444492
-0.0029529028306614735 -0.005347485433545191 -0.49727790403958927 -0.49339815395973335 -0.010606388470404243 0.0089097518554493906 -0.00052965906238883653 -0.0034551096581815783 -0.45254794983462965 0.24981537621223696 0.49175620587844132
0.020198657498053621 0.012066739374214297 -0.51558464048210928 -0.47999375256591281 0.0084930988537342857 -0.048134003162289156 -0.040096901464933291 -0.00016943894404898371 -0.30086757248616885 0.43912618932228475 -0.46462347390670716
-0.0014517781925371153 0.0034707014496092596 -0.49452564487610923 -0.49504831147695516 -0.0040324572258671424 0.0079143527964724725 0.0046209524075204482 -0.0064049641581586884 0.24577113193971536 -0.45178142912314267 0.49568762238051484
-0.0031054816969732385 -0.011700303329824016 -0.0015723445175714163 -0.0072064516184283224 0.50076049843045356 0.51619188419971362 -0.015003395251548366 0.0075810446332322699 0.46352117457740327 0.47188819921907915 0.21159156320750597
-0.0064345958463601759 -0.004353271218178292 0.0040609113306626816 -0.0030077993613701996 0.49645162226557021 0.49746961286175229 -0.0077724808872548616 -0.004816674477253164 -0.48711296093142875 -0.4876077153722384 -0.17564152574816511
0.029951995595050677 -0.01939692705812502 -0.050167124645631465 0.0089822587006471912 0.47705337526603481 0.51820582931509163 -0.0018205997104333907 0.024478975518905117 0.43929068243746255 -0.30476478290001979 -0.46211643557323695
0.0027145464993318237 -0.013393410995845239 0.00027136237343922413 0.0013989489401915016 0.49676737365468115 0.49296798923858881 -0.0076951510935233305 -0.01141351896622036 -0.45929153479115792 0.24618863139907041 0.4881279701218813
0.0046915529129626437 0.039393851504062743 -0.038996146931430394 -0.012430590427588142 0.4836435545600779 0.50901674261136909 0.018818831701457612 0.022681038184370034 -0.30497050837382139 0.43764806222045727 -0.46725833042550657
-0.0065334112917346063 0.00076669758883154255 0.002107341360695277 -0.0011015927201442313 0.50127226608874487 0.4915927756173486 -0.0048121372785447413 -0.00078714062290137661 0.24189591128929586 -0.45304741903116347 0.49317781629330149
-0.0021524964633643918 -0.0031271646886332958 0.013814129655401314 0.0067302755922968548 0.50581094412203509 -0.51361987513799723 0.0069411899657012433 -0.01137030009102989 0.47935470076679776 0.46226555338546677 0.19092286045837087
0.000547656535733284 -0.00045157868189625968 -0.00015053482491833649 0.00043172501927958194 0.49787284837822049 -0.49987067705672827 -0.0059737485929173472 -0.0061716183529275798 -0.48107185153087595 -0.48785373243893387 -0.18095871085168369
-0.0055830557306489979 -0.029764896961030199 0.032754744398853959 -0.02346004959198408 0.46825124211612473 -0.52477565045234187 0.037156307883743946 0.016393004101646669 0.44632450907245158 -0.29969768016985576 -0.46058368994370263
-0.0024539954335266964 0.0086926728179670225 -0.0032583260877397323 0.0032592914345379426 0.49431395221803875 -0.49670974729863621 0.00145467507737158 -0.010205385922083327 -0.45737052480374513 0.24826122646302062 0.48775262147083759
-0.030301038608874363 -0.0026533382458873512 0.020836432615969458 0.018289590328344686 0.4774335123439587 -0.51911933067122218 -0.0072039358915180398 0.018481313212414391 -0.29640259764498378 0.43964269183133947 -0.46834266368699157
-0.0079890698390050318 0.0098121106264839903 0.0041032559103859638 0.005015483351052355 0.49303512189531273 -0.50124416910154967 -0.011579139842867353 0.0022062193504713062 0.24310807288220179 -0.45098246760925603 0.49279092109176181
0.033214909901332752 -0.02524045467800911 0.013351767208209233 -0.034864297048157848 -0.51241104101047519 0.48497275218901242 0.015326285786452558 0.030032015486947707 0.46907430510965065 0.47031693838846694 0.23819469296566237
-0.020442591455672884 -0.0064179966977988513 0.0013200120468019505 -0.0036425572720282439 -0.49521777393729177 0.4938805486474861 -0.012809168305553679 -0.01439215242779074 -0.48649442508464547 -0.48977760707633167 -0.18285819720726049
0.051338904088001784 -0.0038857235741036008 -0.0010626769243965131 0.016106556712358 -0.5107951050144226 0.49538904009522911 -0.013503578959755918 0.016354634070382297 0.43653772486559006 -0.28712063548308414 -0.4661689200530994
-0.017277710745641935 -0.0020217441988368981 0.001662856046544583 0.0094731437512438135 -0.50142304260237791 0.49564928572404438 0.004018485798440957 0.00047404051286624059 -0.45947646155261301 0.24251942754283609 0.48224572701943663
0.064855073064010574 -0.011189262581079046 -0.017868588952690702 0.02346700852443322 -0.50197843726985047 0.49395061145028929 0.0012638169150433725 0.030619120891176518 -0.29772732436454635 0.43243688338180852 -0.47143051378217404
-0.0074019037263548561 0.010309126581542351 -0.0016080020457111936 0.0075856094860013825 -0.49725403806402318 0.49875401914064282 -0.0015134920595101446 -0.013589051677213335 0.2412842853890903 -0.45639349096294973 0.48688969865443288
-0.040286824825669039 0.017242648287632372 -0.0092823714152929018 -0.031638018493035103 -0.48102326096883652 -0.5109344776318282 0.034421203191873376 0.0055726800863539969 0.46984411426038614 0.47838190564035127 0.23181135611633305
0.012972221302667286 -0.0067890511104057244 -0.0072110315123397918 -0.0050760331915154768 -0.49773636486880463 -0.50214165205108918 -0.0035122591945018337 -0.016280498699394068 -0.47779588166757392 -0.48890482096112575 -0.17951578881418057
-0.048106359554873843 0.012164737777873406 0.018228236319732676 0.02494128875122428 -0.51634337464056701 -0.48899162132750623 -0.013047852446011051 0.035108199121624273 0.44287010457257153 -0.28104954671327714 -0.46296281194787642
0.019693720864955529 0.0060943189425652008 0.00091045170116954468 -0.005787967795628875 -0.50435994099631654 -0.4934686489753296 0.010999763874597467 -0.00084716301268274391 -0.45603453716309234 0.24610739709047083 0.48269282888769072
-0.046974306475799324 -0.0034841561104201084 -0.008918527266467512 0.021829882649195522 -0.51134608911456625 -0.48941636618816969 -0.014842085264114012 0.031915426903965274 -0.29017292241460912 0.43449183657112678 -0.47116836270870927
0.0065501954573398587 -0.010682704360308696 0.0044072122335328855 0.004812494691100018 -0.4969009168012668 -0.49948038361470265 -0.011034900749275356 -0.0082005542975399116 0.24983111856057813 -0.44777952402277466 0.49020210969327932
-0.012249706487002434 0.0012803877604082123 -0.010094231150575372 -0.0002175056408356277 -0.0080850610060983277 0.00073615644720212989 0.51773851460067088 0.51353432330498316 0.45625812977928049 0.45126733551833886 0.23684614107143329
-0.0006241213646150074 -0.0088305541688212356 -0.0010077583766527395 0.0044925548761870935 -0.0050398799655669846 -0.0017826773577407484 0.4812336700240602 0.48460527017189176 -0.49619591404367147 -0.5080643585823178 -0.17059884000839137
-0.048880915762813712 0.001005953716638119 -0.011798247799116132 0.03066412810834725 -0.016659966823133549 0.014446651518537617 0.47899779247598345 0.51689539730771972 0.42802627931399018 -0.31913139198405138 -0.46300412352922005
-0.013321621925886569 -0.0038084863384816622 0.00044033979245348232 0.0051962094880804235 0.0053228456646669062 0.0015919513605479128 0.49485092338242281 0.48822080472832813 -0.47507972648878893 0.23110327412481591 0.48724070843876244
0.010079225470579154 -0.044761291935932805 -0.01727921525314214 0.024983761051698767 -0.0032099153455367345 -0.010495132422214238 0.47883969313190583 0.52466883646650542 -0.3143673215900803 0.41599177088632594 -0.4694793062472134
0.010387994798410525 0.012326268462045901 0.010992557663650445 0.004854570057554632 -0.006142420927673674 -0.0025564629188243241 0.4872103613653086 0.48411812351836397 0.23813353540561913 -0.47845958873948058 0.49211384066671071
-0.0091338241009578085 0.0082924076898450595 0.00017644652211329449 0.004544469808126653 0.00088250613771063123 0.035222982036783507 0.51073763107368708 -0.48232387597456416 0.46095096957741005 0.49927815760913263 0.20818733021566485
-0.004401177614940196 0.0041271389643593257 -0.0012431177982722764 0.0029565165042742896 -0.0036320442339928772 0.00016960881963468962 0.49060930115314066 -0.50500404803848842 -0.48394952482618725 -0.49034327680125039 -0.17195884076862011
-0.0026945899723993466 -0.0046863821189575584 -0.0170309770746295 -0.037807460976523981 0.020211092501269082 0.021954543658175441 0.46171839629157679 -0.52837700373324181 0.44178611998303047 -0.30755477827025052 -0.46392863188195987
-0.0058007157635940739 -0.0057955316129469784 -0.0071939004175261192 0.006050567556697673 -0.0037980534317302236 0.0033339597694782854 0.49184332458075364 -0.50133262374073995 -0.45684053427080279 0.24908978173913973 0.48561879366459387
0.047157363063173238 -0.015826657045146148 0.0022030018513984457 -0.04760677438171456 0.035806182541724497 -0.013277112546779185 0.46371542244255431 -0.52592053985586151 -0.30636239567047413 0.43197542056702187 -0.47086196354914733
-0.0029109294413492844 -0.0033517853187103844 0.003120423476470833 0.01296790178188875 -0.001486396433710028 0.0011797932063510881 0.49292548525797986 -0.50365501913044108 0.26753583518485846 -0.42540916008459034 0.50060613092057082
-0.0050104791060504653 -0.01345795455793837 -0.0013849685533464803 0.021086266293741416 -0.010343368782600591 0.00049623133668990976 -0.49203549487135262 0.50832951083987976 0.48120764533473215 0.47956089265075574 0.19288009430273576
-0.0052128693482058619 -0.0091531514411596834 0.0017778892757495037 -0.0056252520231668953 -0.0056626545881161127 0.0024422473760336446 -0.50819025081185132 0.49453143641189962 -0.48006703827394581 -0.48451673840938264 -0.17826022432446731
0.018501253520364559 0.018564965935368157 -0.0011886449459080301 0.0093498615533318535 -0.014223471782758608 0.0079108118951816218 -0.5065452276007083 0.5168468341935758 0.44218111725148607 -0.26356852849858697 -0.45852818614133867
0.00045405522745316554 0.0045640426669525998 -0.0032373968141222757 -0.0027839373088848177 0.007252622566401537 -0.0013619039143290485 -0.49479050960538384 0.49698007685416645 -0.4568694080861338 0.24962009921902892 0.48688764804863305
-0.0091045986892608604 0.0076273764277666242 -0.0065009814838413961 0.0044257724162436495 -0.013406584772629791 0.0089603174540364081 -0.50718120929237898 0.52013148884513571 -0.25743426515799628 0.43616863878260059 -0.46395261428643619
-0.013543502480086397 -0.00062909575036054516 -0.0015650342607439402 -0.0026836118919279289 0.0010814436540181758 0.0040695815998772122 -0.50165189361682638 0.49443254734640496 0.24628561473932273 -0.44698971131446885 0.49316754086820164
-0.013845529315663862 0.028350114483173858 0.0026624122660788819 -0.035807444260071729 0.0239406639335496 -0.0035498608997234084 -0.50849584451876162 -0.47820445049302512 0.47583975775754855 0.49057643539594331 0.20686546238684558
-0.00066066929960764654 -0.020606601093895022 0.0036033410122877567 0.007374268970501521 -0.010460272775405651 -0.00092233164647713352 -0.49912244467605882 -0.52741590866368804 -0.4694872884541948 -0.46661169488806781 -0.18428715711789287
0.015900713338310085 0.046350052165900768 -0.014999920409378314 0.013735380313520925 -0.04618221882476007 -0.0039150643095303504 -0.52078196959263623 -0.48625388398246927 0.45371270460537794 -0.26127701161360223 -0.46180024033330375
-0.0059589683122098147 -0.010498464241605098 -0.011881022580224084 0.0060745180117931594 -0.0041802323879406265 -0.0059154639006559415 -0.50574480538348188 -0.49248194196436917 -0.44484089216423611 0.26393334439445754 0.48349068911875437
-0.010152601312499768 0.035238159246057298 0.019343835414746137 0.010484337273908902 -0.037652614730422258 0.0077863330536607888 -0.51620041330655531 -0.47076624984429893 -0.27905845215318614 0.45756298800638134 -0.47050133766299712
-0.014875331650832796 -0.012806997472276248 -0.00056648977701743508 0.0029331601984526673 -0.0020102190957295924 -0.001673565481381038 -0.51037138504077928 -0.49516694616824769 0.26020674121250575 -0.43080238097275381 0.49054199036587576
0.0036061455744494284 -0.0016882285293657242 0.0091866748911789385 -0.060907377356431459 0.058261396501862392 0.01850858431748325 0.078314206702805408 0.03010008716693954 0.94023165246039531 0.19052411500698074 -0.25510577230670994
-0.014594648960773308 -0.051797726706758279 0.005581669531263443 0.0032802488080459348 0.00085293130609435019 0.00026633841698650758 0.0097709130697845887 0.0090293812855754222 0.0085315066102138511 0.72768390690202245 0.68358439332456278
0.010732026115446835 0.020195240403255654 -0.0046953257862311576 0.0028755694747532048 -0.0096465530166537517 -0.0070262424120316929 -0.035168838234997502 -0.010028092031123132 -0.03304316343932092 -0.75192350350621007 -0.65687595574904267
0.018716693299796916 0.032660609454168439 -0.0085420597831759159 -0.00474890534798333 -0.0021687045047647864 -0.0068348165406209816 -0.023119384735926576 -0.015892330592334209 -0.92812280657494806 -0.2314748092916262 0.28750031226923972
0.0043165461096854657 0.0018204465648482381 -0.00094526708525849001 -0.073199384561082395 0.069295711436073673 -0.0010936867972318597 0.06504058367357228 0.0551140736620611 0.1879939768927025 0.93875734872640104 -0.25678976697637318
0.008184298331226969 0.0053410801415554989 0.0031189035985703093 -0.022391783231577169 0.022834912668812782 -0.0037849256509909987 -0.012299410544432053 0.0088412189907095019 0.71945204033010868 0.042740778689164059 0.69223562213882728
0.0045335832174676714 0.020141933933682032 -0.0027788309079672751 0.0040045667491429874 -0.0025102794923037956 -0.0059892554109452854 -0.021546302387854394 -0.0049928145529946092 -0.73796456545384992 -0.057201317149829428 -0.67168069503904659
-0.032424664023149981 -0.032114166018201537 -0.0020933390346563972 -0.0002901468403366371 0.00061705852576359062 -0.0030918982843218608 -0.028088211545665657 -0.020369735837923043 -0.22766955229023769 -0.92604225507199056 0.29548495337227881
-0.24178070877466468 0.24243172644330346 -0.25085970112966688 0.27349578150512743 -0.26937805267434417 0.26022236198628729 -0.20682451585785999 -0.22042396302497699 0.40037652293375886 0.41624219585569172 -0.42407095187369342
0.0094043119291188585 0.019964477296502994 0.0025920769587502168 0.016546409704481607 -0.013753886787717797 -0.00029350959195506744 -0.022331709734779125 -0.0016662171094876399 0.69586138567678069 -0.71697979147009805 0.01608258328285108
-0.025700270419932253 -0.035073324270227163 -0.0024469912074676953 0.0092885053291451754 -0.0089729823928804825 -0.0013593695326882226 -0.001009523919515199 0.0021633896484833069 -0.71957873666700278 0.69277058266398084 0.01429663484960603
0.0067504645593247049 0.025620591299407233 -0.00016060270968458522 0.008750579548392385 -0.0048619376087052617 -0.0006818681283813061 -0.0075697700687690677 -0.0087796746195376463 -0.20222482930407895 -0.1956573153839509 0.95910701381907637
0.24294782054365538 -0.22149598130528267 0.25763769372715895 0.26632200391037891 -0.25426033482288879 -0.25979634466378654 -0.22532848000255426 -0.23526226872317718 0.403205403183026 0.41388322401508143 -0.42716935509906762
