0.99986490082907475 -0.0062996823632992041 -0.0055885190107051522 -4.7952635555503141e-05 -0.0029855382485894522 0.0046719137660102116 0.0058356138868920536 0.00070063519299295865 0.0052869488456837293 -0.0024896854206604467 0.0099912156630448338
-0.99975455149474424 -0.0057001317560161106 -0.0063487980950937368 -0.0061371715077260004 0.0071433986899178291 -0.00012474092860012486 -0.0084413053462470342 -0.011973787381413907 0.0075147453783823339 -0.0030796211681401926 0.0069818881509070858
-0.0021352425408218967 0.99993555468964668 -0.0022553768581670902 0.0013885382811368004 -0.0013146435535133477 -0.0033254898941715637 0.0044603655419968033 0.0015950782950766528 0.0061931600822521917 -0.0059835923140203143 0.0028155866956269464
0.0010222594609195202 -0.99977941851201457 -0.0044507169213473252 0.0023540731086008552 0.0010540807588077625 0.0020776200311337333 0.0012406369855552984 0.0054174524439285256 -0.019343684519663534 -0.00059417565334073065 -0.0019677464781990045
-0.0028430914089857184 -0.0036351495298730034 0.99985267582206205 0.0093468613952852834 0.0050083189746292856 0.0012916524940959609 0.0028238675331596409 -0.0040515034955334733 -4.8486259309979843e-05 -0.011515653655028719 -0.0014873429662433059
0.00059243736536354001 0.0026379334012600151 -0.99995573898380952 -0.00078687442569702008 -0.00064021694097802595 0.0053157184396779656 0.0027522013168319206 -0.0036732303981852135 0.0017454060281218817 -0.0040243776763621009 0.0034081073232766971
-0.0049163461951072587 0.0013718918595374328 -0.00073208649935368553 0.99995754674011506 -0.0033487235144292376 0.00015590843330448584 0.004603838187441596 -0.0014294828550471751 0.0044302602503606568 0.0019735394737636614 -0.00056316233757165918
0.003183802691315346 -0.0016885034678065412 -0.008208141406100506 -0.99991265180700128 -0.0048076044127832321 -0.0015055124132086514 -2.895776031823553e-05 -0.0019960467075115997 -0.00592813168427383 0.0030522130602407523 0.0045281462820869955
0.0049369150903371848 -0.0044103974131252423 0.0015831359951136046 0.0025824560300407484 0.99976278029713628 -0.0020665001853614542 -0.00025931945479384802 0.0088158613831360536 -0.0098899908053445874 0.011415479326362129 -0.010545180413831689
0.0035311339637522482 0.0013385219343541206 -0.0031953437996824971 0.0035189796536315033 -0.99993296400934106 0.002367722614404261 0.0039423734407044234 0.0009976304286538559 0.0041366389682531354 -0.0022623615885106777 0.0072690957172647074
0.00060700479207974518 -0.010626916060954641 0.0088005548829932188 0.0048322587516482418 0.0013904162681594391 0.99972963301735551 -0.0076236253273900649 -0.013954698293612303 0.0080272786794210235 -0.0023408512881481409 -0.0013628145730593545
-0.0029032343135269767 0.0068624255731805101 0.00025100715930563902 0.0033159438691443169 0.0023903098376649719 -0.99989561625550216 0.0084443280709632067 0.0018985999500932839 0.0033118096931694101 -0.0071106093348493812 0.00015054052145862322
0.001877085068662674 0.003769110502129035 -0.0027844584289698519 0.0029030847146342374 -0.0039523244376253553 -0.0022883993515903658 0.99988521864379654 0.010039615846221856 -0.00066776588505632582 -0.0062781893757246814 0.005841719456211843
-0.0027099407554703665 0.0089799032967245607 -0.0049501711966861931 0.0041106693801937991 -0.00586006295002628 -0.0018657970041137913 -0.99982086862608954 0.0098324947097136236 -0.0078130083903997765 0.0054643864053657608 -0.0018558859540271841
0.0084308898641653404 -0.014120767479070886 -0.006618513596507742 -0.0047116126799905357 -0.0019329932815535264 0.0038247992450197721 -0.0062588296173223803 0.99978966481161013 0.001163557217931409 -0.0039512339871494856 0.0031050806148413103
0.0022283200625495391 0.0068415292448465717 0.0021264753061491174 0.0032303455875897016 -0.00069721797199723257 -0.00039182207776499063 -0.0067976156024804231 -0.99986429286528167 0.008621036287233836 -0.0082064784059788128 0.0040188456855693461
0.4969418605671076 0.49616587499311438 0.50565355012309776 0.50089120360425532 -0.0038203370393143795 -0.0036865461530457711 0.0030703631919435691 -0.0019132485840065475 0.0083349411859068162 -0.0079312590080795227 0.010819045534330312
0.49602466989852501 0.49708942579485521 0.50202554999823434 -0.50417331286942202 -0.0027233558925774557 0.0021442411596986378 0.0026049336591861456 -0.00034679532312684289 0.012162548691075515 -0.013151155382132079 0.017362214486098981
0.50563560926092799 0.50476872016022556 -0.49332582488319515 0.49603691294310287 -0.0031613764948497068 0.0012532060809458509 0.0024519822450846046 0.0022088602513124504 0.0045382420364112989 -0.0047628029489983339 0.0072419097104387941
0.50202642124758567 0.49869143037566177 -0.49688038301607701 -0.50209986458152878 -0.0061485467852276697 -0.0018931140371437293 0.0068133300251410562 0.00013147726207553119 0.0070153979435232045 -0.009511281258247203 0.0073778763960790006
0.49722064004432537 -0.49909142031204962 0.4981452036619527 0.50499529069807536 -0.0032293054059071421 -0.00082768428595280904 0.012695307303939534 0.0014779627587460618 -0.0028741992782060155 -0.016664334015417236 0.0070761571748404421
0.50349021100429436 -0.49507177107140682 0.50200741823335748 -0.49905595771219063 -0.0021139421475105898 -0.0054199992453583361 0.013190971907628052 0.0017118540993645804 -0.010456728321309113 0.0020234338086076277 -0.0030062006931443324
0.50105669700755806 -0.50191188044341017 -0.49893139282190913 0.49776380613773291 0.0018834362977290125 0.0045179429995536192 0.004618730032224092 -0.004316159630316398 0.0085423584219415736 -0.010706209183795378 0.008590306450154489
0.50061916631471459 -0.49408293296225431 -0.50433338751539569 -0.50058353705003777 -0.0094193850149879473 -0.0016411287705815453 0.0051567530502427605 -0.0034100938340871703 0.0021262458529350803 -0.013807434767187873 -0.0012873265077985026
-0.49576782611372544 0.5011593755260364 0.49839487848865127 0.50424668787825822 -0.0119716233969572 0.0016796116001296095 0.008758643725585465 0.00042213858670220924 0.010989618798514825 -0.00033530401071487785 0.0068883031301246794
-0.49636790285954563 0.50783205570164192 0.49995860677585402 -0.49556006415436116 -0.0020138642814287529 -0.005139568952728801 0.011539026899550473 -0.0041302605937868497 -0.0018553036480977692 -0.00025822205523552395 0.0017130953715920058
-0.49764128634321242 0.50151157123533407 -0.49744867806993454 0.50328901792976577 -0.0063687230745321788 0.00062747256889143701 0.0042653938284180418 0.0016344997611150191 0.0037276900999932984 7.3221807675108349e-05 0.0029241404182514404
-0.49410722264012225 0.50519210756569244 -0.50350551374467512 -0.49689989129647716 -0.00032366094524611595 -0.0039242802734446797 0.0099839100392917299 0.0023650544345105678 0.0078866164567279583 -0.0051514907339471972 -0.0014728870688886981
-0.49992319175091776 -0.50865508849716334 0.49497725120389618 0.49595486137200562 0.0074585140307031677 -0.0015333429058595693 -0.0031782638678606121 -0.0057850892118407257 -0.0061846104861673088 -0.013260443673323687 0.0075803432595536154
-0.50129722007614408 -0.51077332098685546 0.49060952202007524 -0.49605532607102115 0.018347763061877544 0.0067360601230085256 -0.0053305691244999896 0.0059172059496970597 -0.011637940141750359 0.02068392315740842 -0.005866221532854648
-0.49437136728900749 -0.49117860275058334 -0.50902585962654756 0.50495549032837073 -0.0052775527567346632 -0.0021784850109851472 0.0027647997959880512 -0.00676207298124083 0.0066434515882604515 -0.0084374698584397476 0.0072016642447693116
-0.49825455127809143 -0.4974947331349478 -0.50115038595973405 -0.50282951548022037 -0.0098029045450645294 -0.0071534653539828763 0.0091160453307853103 0.0023588581380691817 0.00079345858470751974 -0.0039429849673377629 0.00022235722177986472
0.50239143183367507 0.50531775470451579 0.00024111187451533435 -0.002136438962950096 0.49794431880680806 0.49381296356681165 0.00097328975850007222 -0.011680551214267663 0.010096166920281108 -0.0084005875062169357 0.011938209620788681
0.4941323776178741 0.50400047966766204 -0.008049124932264359 0.00211686461586298 0.50278769864666772 -0.49882372634511851 -0.00046101637577622493 -0.0021648365273132463 0.008116023844370256 -0.0074541993670603456 -0.00072560093654644225
0.49876496148333888 0.50103584267518553 -0.0024564705730219898 -0.0030444552325296181 -0.50345216599338638 0.49658531020618107 0.001060625935786105 0.00018974585004715309 0.0030033863558314249 -0.0047845955136369316 0.0093363389642343031
0.4989309554043061 0.50054847626313348 -0.00019495176238482092 0.00033959763869848318 -0.50062712722277003 -0.49959630559210172 0.006601018356861308 -0.0011948044426821414 0.0096253432750266314 -0.0084396836771961237 0.009279318397300472
0.49180889693091184 -0.50346850186271996 0.0082597326301431257 0.015729051899504663 0.50339060040542893 0.5007845272516922 -0.0042036477217566714 0.0030548371648852083 -0.0070237738322422374 -0.0036306200412625656 -0.0071479702494620665
0.4997968798684842 -0.49792579233782164 -0.00856467639118875 0.00756463999995159 0.49967820246491002 -0.50170061624339224 -0.006070479364718202 -0.0017853625007175835 -0.019868551440040693 -0.012841167031976842 0.01268460621610018
0.50008947311099083 -0.49645709814875649 -0.004373541460061036 0.007780476079339395 -0.50237963614720071 0.50069046637486359 0.00077504284842384744 0.0071781620498427481 0.0087902362374285177 0.010819866931705602 0.0062047158622250843
0.50460281721616462 -0.50536842705741081 -0.0018850818772274331 0.0051612432684028479 -0.49775152295251979 -0.49183222471376725 0.0055118408438849286 -4.65601368192105e-06 0.0058338812864626877 -0.010501265480328637 0.010878915299919956
-0.5018042261647927 0.49345897421072771 -0.0076112790636034371 -0.0090379992489121857 0.49942793439351185 0.50487315720483228 -0.0022628227167013088 -0.00050687070889564702 -0.0044103085769679534 -0.013550522683611361 -0.0041870138274865357
-0.50257391313473565 0.50288603923294672 -0.011173781897435571 0.0054830093436471251 0.50008161422854014 -0.49411677123864561 0.0007006656343148134 0.0023109405919261305 0.0029598019792095045 -0.00092125810931103223 -0.011033202433894969
-0.49393873356405471 0.50594537281759755 -0.0045376854760351068 0.0035546549966150582 -0.50493411482478656 0.49470226066169276 -0.0046093340225283452 0.015492790603779403 -0.0055850010358252794 -0.0023544107886845985 0.0048770916271051066
-0.50079281407126341 0.5036892911323223 0.00030278708365401476 0.0020671627743295796 -0.49750836291111206 -0.49788639364198478 0.0021532075581565452 -0.00081898779619220274 0.0032732306721145093 -0.0061894558710181534 0.0062871252670064111
-0.50041436122185523 -0.49813649042669728 -0.016534469760607431 0.017111596116771797 0.49800098657977698 0.50126220746149952 0.014600285381312082 -0.02034919029346733 0.020191337868846845 -0.016649117163947954 0.017273801164564527
-0.49692505539571141 -0.50713533848840087 -0.01109380386320245 0.00377570576503076 0.50374093299740863 -0.49167098697447054 0.004307701309121924 -0.0004662210959289743 -0.0058504297172977532 0.01316245098361769 -0.0045134279703528775
-0.50226754676824725 -0.506678512539537 0.0019984696705207072 -0.0023784141768327322 -0.49357244268539358 0.49705532738421521 -0.0035338042784402741 0.004390274650141605 0.0062837583105538799 0.0081801269897891545 0.013365201809032683
-0.49340183106926444 -0.49768738248873473 0.0045371206352228617 -0.00063145113178349015 -0.50927653192899713 -0.49908539474160124 -0.00064942520370758262 -0.013745894415875209 0.0076931475202559173 -0.0098726557516948983 0.0067879142646574677
0.50443623547685279 0.50154123377435023 0.0033967290910011912 -0.0036924672299944558 -0.0034134732668848664 0.00048547153999169655 0.49812695617523339 0.49574520847796966 0.00484650035922076 -0.0055804434782783735 0.0038742075972873708
0.49841358727964069 0.50143519544235704 -0.0014026595185392227 -0.00027388690611341432 -0.0037834014134042666 -0.0027625077604723964 0.50237086412095888 -0.49746135676830316 0.0095081148158584067 -0.0091053285355855336 0.010249628924455502
0.50427577396450585 0.50695567469633773 0.003081385961224474 -0.0045362900746064314 -0.0072539950967223923 -0.0036222470329029537 -0.49468789216342307 0.49370027116963344 0.005734203930194014 -0.0073989223448792723 0.0078981103770176184
0.50062419550577697 0.50249690528050872 -0.0069454536388617394 -0.0018512635209332945 -0.0088044492009166711 0.00099084086736680207 -0.49740290809806542 -0.49911100511116141 0.002189245203199052 -0.012076587764244251 0.0083679919575506845
0.50055481700728288 -0.49793790238663266 -0.0034576350949791857 0.0087611908088331778 0.0035827317466681592 0.014175515419876154 0.50187061876529959 0.49904177626585577 0.0051961268961708447 0.0089466102738875661 0.013280497732400703
0.50136744517982679 -0.49819011046610662 -0.00069801597576766086 -0.001032558523774163 -0.0032818085530112741 0.0044653061051723271 0.50123789436180854 -0.49904984172162997 0.00020144072385339511 -0.0098697943886104558 0.0041727007969512182
0.4951044793624772 -0.50436336879375709 -0.0053496338552258427 0.015005272765834176 -0.0055085524442204173 0.0012492132765741443 -0.5072086256919377 0.49272035739037789 -0.0034884752656222017 -0.010840838105331568 -0.0063112172763229446
0.49843293792508159 -0.50476623981549296 0.0059288171079899159 0.0037989603950222988 0.0049568022197889602 0.0024526928242854852 -0.49643249067677658 -0.49993236374152439 -0.0072047159024443592 -0.011095439269691259 -0.011953164920766233
-0.49619735925620245 0.50206361370819952 -0.00080172552449218166 0.010017263829500703 -0.00014054371699802505 0.0036355271969095108 0.49749573107175643 0.50404342286609005 0.00028499803126915909 -0.0066321373944236558 0.00049220825949737449
-0.49955548989743515 0.50023674609840807 -0.0025615598531348541 0.0030123453450900755 -0.0011197182800730958 -0.0019982893120548749 0.50005109529829417 -0.50000444774987085 0.0025542392154720302 -0.007192747731514704 0.0085335916866043065
-0.49959395387989652 0.50134713995076063 0.015851272248215538 -0.0059408936034735862 0.011264649179261054 0.0046789831905877776 -0.49497872939080784 0.50333268789837748 -0.0040090585626726813 -0.015872400782581314 0.0024168870089342361
-0.49328865816316769 0.50596662761235667 -0.0089471260855062806 0.0032813473894029257 0.01488045735117117 0.0024337218813929203 -0.50035512113699099 -0.49974091144383387 0.0075605319039433409 0.0086284157734607039 0.010865777972492668
-0.50191183077422874 -0.4944283721000336 0.0056021562109470667 0.00030851147184124639 9.2748975280495564e-05 0.0041700784729018009 0.49566162365581851 0.5074901708795827 0.009975399718679211 -0.013675194966151293 0.0079361980551269588
-0.4950215466786147 -0.49361199123546251 0.0038974618631907655 -0.0033177880653264568 -0.0076276331919212671 -0.0011733337282161965 0.5043214584662058 -0.50669539123762464 0.0069589748049812637 -0.0074111664744012642 0.0056044014779434107
-0.49924710230327624 -0.49964201497011107 -0.021324202344991768 0.016332488814048463 -0.017347690148772001 -0.019027103330662008 -0.49941741272074308 0.49927602707574176 0.019474587615653006 -0.018493828309708409 0.01761131220716251
-0.49421588798662752 -0.51053958039565961 -0.007993495146900809 -0.0030998550082684275 -0.0015492133029456074 -0.0026941215730931049 -0.49586226178990206 -0.49894073854244969 -0.0065251953616090857 0.00061459949353786928 -0.012354365246408858
-0.011527986729819341 0.008658900774114995 0.49596934520898384 0.49725629416563089 0.50618058158677814 0.49999525073947504 0.00064534915078201494 0.003503833755384292 -0.0098465550732527302 -0.0065783130451638906 0.01325750246368192
-0.0030820382129494311 0.009608238355186479 0.50079924611584969 0.49921571200496506 0.49536568625113775 -0.5042484284179829 -0.010416627768254706 -0.0015989959024336146 9.9230466480112049e-05 0.0052970234274141419 0.0094445153626606833
0.0025805453109703654 -0.0014957823255905679 0.49356401702487845 0.50275442455340302 -0.50566704232173432 0.49768682455894148 0.012501036600956413 -0.00071521943018749783 0.008313298633461131 0.00048420253632259862 0.0024874163713246916
0.002250803190374958 0.003028681209476876 0.4993107788109577 0.49507594980620062 -0.5016524380354469 -0.5036109279764146 0.0063443604157203039 -0.00050461778396081441 0.0099851936842331943 -0.0061540456797542463 0.01082098786188335
-0.0049640623428054949 -0.0091452051044141093 0.49140542407980531 -0.49460947253723503 0.50771417059897328 0.50480607946064926 -0.0076484230896728175 0.012661761932803854 -0.021750412158853972 0.015328954838198662 -0.015625920967799609
0.0014355250429337447 0.011231896503456027 0.50103236016002783 -0.49851705032499555 0.49323238267180208 -0.5066322170248555 0.014960804499358925 0.0052828061306772157 -0.0031423531892882076 0.0042434006394736169 -0.0092253557365415059
0.0053514622156665796 0.0016610785579630331 0.4941833149907735 -0.49898688256661794 -0.50927529154060169 0.49724456552717111 0.0054154163996459528 -0.0085219056918118836 0.00075146586693762552 0.0067989922156967099 0.0011505449955980286
-0.0013643916619187639 0.0021932957446257626 0.50406652621684234 -0.5013931052145042 -0.49888225382022083 -0.49506799826413056 0.0028551570327175592 0.00034934550534002166 0.0084334038594210195 -0.016414167450856092 0.013804776002948918
0.0019455611876775965 0.0045947826640869334 -0.50508312865473604 0.50829872635132622 0.49105009620506451 0.49507595543247157 0.00046575765467875887 -0.0073378101748299441 0.0085463607304737295 -0.008253726389331778 0.0085391687019348468
-0.0034751035760197183 -0.00028248138117567382 -0.49746612477315544 0.5022904762249184 0.50255923249495105 -0.49736071854250524 -0.003858269179631447 -0.002803583756132111 -0.00091212407195710569 0.012831784229888751 0.0098932583870349373
0.00014918242110462104 0.0038513441637945691 -0.50388329371034557 0.49692777086002199 -0.50165840009799156 0.49741078787942861 0.0058476325310351093 -4.3990332589395163e-05 0.0035865203458316851 -0.0025450015121944343 0.0041692409949767185
-0.0021198021067855644 0.0031311478770728518 -0.49511934875602048 0.49291613076980079 -0.50495984033161034 -0.5067547149084155 0.0022337262235842615 0.0013163502519891843 0.0040831333246751705 -0.0072412532527900246 0.0039508732530728567
-0.004740092628373326 -0.017319369253629691 -0.50084720321938703 -0.50427834314322972 0.49860846317179652 0.49549731855460416 0.0024192022104029785 -0.0081954940980885019 -0.017602837878264235 0.0046950819651446875 -0.00029670582996765696
-0.010487848244313954 -0.00052675179383205261 -0.50508726936597392 -0.49410174606462354 0.50336898107989725 -0.49679727501353554 0.014251245404420845 0.00058310536814510413 -0.0024649645235555826 0.0025466923424183195 0.015368121496824209
-0.0018935183310910457 0.011584606541907318 -0.50283115200457962 -0.49798634254176188 -0.50270602983929824 0.49599040521884008 0.010318387353616855 0.0033347543390392529 0.011094393845775282 -0.0077698870001743723 0.0034301262957415874
0.0017440674294897504 0.0053193159675696249 -0.4966164425581347 -0.4998861471493532 -0.50098641575735425 -0.50218332700194479 0.0051653041514815 -0.0024778954992134066 0.0075704826063723247 -0.011096038907397947 0.008116320839134392
0.0021860447067898383 0.0049560777630547398 0.49341001543449597 0.50588627635449168 -0.0081539706100210666 -0.0015779861074157336 0.50197870642993658 0.49850881117717982 7.809195096464993e-05 -0.0057831342475490027 0.00045389378032209521
-0.00027152825230088851 0.0013985474309048871 0.49901068629843315 0.50213216642690051 -0.0073370828892752446 -0.0041278990140427045 0.50007733752517491 -0.49855285607518041 0.0071386489675847537 -0.0080370602598720479 0.0055562530181021428
-0.010239275520513432 -0.013818522910094045 0.50573405626096501 0.49600861056855161 0.0076462712273979066 0.0035404450667141795 -0.5016346959358623 0.49593832225094037 0.0053461355523611483 0.00081890782518343787 -0.014842122726139656
-0.0029217135574036925 -0.0050095924151409852 0.50168676604526985 0.50449405153454896 0.00026108488141975676 0.0042408211575667301 -0.49693207613613699 -0.49665673103154762 0.001841510466370733 -0.011004517714036474 -0.0032508833846338985
-0.0026256406933383067 0.012206972404338308 0.49965891750337427 -0.49628248086621901 -0.011360978636792432 0.0020604153349217625 0.50483297348594669 0.49873597122904689 -0.008446305642179814 -0.006063676657289992 0.0073099701305834753
0.0005908324981347135 0.00086589576299062282 0.49989437631522043 -0.50258262710779933 0.00011882064209609517 -0.0029358956827534189 0.49546683247218393 -0.50142973288614823 0.015954136468992308 -0.010666819026790862 0.014802310515813506
0.0042216878000339393 -0.0126125484515839 0.49306763924582464 -0.49618594354378387 0.01086117123897167 -0.00030694220125378901 -0.5048018438540296 0.50487670719676991 -0.020284445663677764 0.013663181701482412 -0.0080822013845858794
0.010982983993086282 -0.010820812961041688 0.5068932641013042 -0.49881899050983669 0.0077005917275431105 -0.0023001460977728838 -0.49622794987374691 -0.49726532996387768 -0.0083139586909957465 0.012974182838920276 -0.013567971494591576
-0.0029905201167744473 0.0016998111644912783 -0.49935725359218158 0.50350662030239379 0.0021585546158311877 0.0025761616180534617 0.49859784553675029 0.49848302957186047 0.0013761991337171164 -0.00080889529735896353 0.0035492929679216659
0.002061795853489833 -0.00091319268999586725 -0.49451099904968282 0.49406958014914942 0.0017809860025319319 -0.0032445426798842687 0.50672206421019539 -0.50447254548444065 0.0063335515020701812 -0.0045387829659422159 0.0038501906862540968
0.008552148801081098 -0.0014724861165053438 -0.50782906939811001 0.50824993868705459 -0.0053473480886036262 -0.0028615877615541471 -0.49402895190149149 0.48941101747585336 0.0073134319860459953 -0.0054897518799251217 0.0028588129571357453
0.0039291400889401506 -0.0051176138978182338 -0.49257512989319391 0.49617859119256513 0.0056193408981348066 -0.00052734390478879174 -0.50780926126801162 -0.50306298039986819 0.0039240355942299233 -0.009053575825771527 0.0079429519925438789
-0.00088684884784361875 0.0038978531170862406 -0.50715652276655443 -0.4893452938514431 0.0018340895533528957 0.0002341233295313587 0.50207237374829561 0.50115231520443293 -0.00059129520936793308 -0.004044756905754651 0.0081868881936286251
0.0011025241098811035 0.003896840840419343 -0.50123304856392092 -0.5020471749431521 -0.0038490266272484678 -0.001903521239837223 0.49663364635943952 -0.49990156620738485 0.0071512246158173982 -0.0044921174406729334 0.0078327585438370383
0.00058809442812969776 -0.015559067394898731 -0.49926673521212056 -0.50302853360396482 -0.0012103120252720816 0.017695046682696149 -0.49863167140555609 0.49813587020187633 -0.010506589689323879 0.011527149545359576 0.011038976913566327
0.0078855737348819729 -0.0046321882309731562 -0.49525842164633277 -0.49997969624618244 0.0031104452628440255 0.0043417267374865603 -0.49774171273264972 -0.50654516345681622 -0.012319860488320353 0.0013383962763915186 0.011783409763657566
-0.0053244577189192552 0.0014972458549717968 0.00053459935001244456 0.0055615697699467875 0.49388489710478134 0.50350475097457759 0.49267310544338949 0.50933419096714694 0.012616608667576636 -0.0087679652137139744 0.010709937640124918
0.005392406697728295 0.0040540069080967078 0.0023952479368466546 -0.004605490327365111 0.49305146054867521 0.49550854984928572 0.50362185666195403 -0.50746830948351318 0.0080002388142445778 -0.0045677814307296827 0.0074259959106169789
0.020732426116051632 0.01531321131362424 -0.014568383731794858 0.021830167194618656 0.49846141121759052 0.49932720755463639 -0.49934401864306138 0.50043653724720139 0.020055242688195845 -0.017685209651517226 0.018954767703405109
0.0022964302760605988 0.0015353758120184369 -0.0052922102475698174 0.0018778108385188114 0.51229757775894214 0.49583641713000282 -0.48871558568490359 -0.50259774613934594 -0.0001445451985822275 0.0096402732350356311 -0.010858211602599048
-0.015981152097576872 0.00066067296156946073 -0.0086210325324281752 0.0092155396547979607 0.50072885241931908 -0.49894775215425485 0.50156655396676852 0.49802936262008085 0.0063705005093682735 -0.012037028753616926 -0.010906303821512331
-0.0050050857924544842 -0.00034694495578413046 0.0039550960598568365 0.0013033051964076842 0.49932113737703743 -0.4998819217358082 0.50009753495556575 -0.50052038535153687 0.0014160090677811721 0.0074023592540583003 0.0088855399980403999
-0.0094865873787406321 0.001114571515944928 -0.0033560777392872654 0.0082482233411863681 0.50067911995372516 -0.49956521406535165 -0.50005123087653569 0.4992429306258615 0.0027375924599500191 0.014538504297944151 0.0084191378199025609
-0.0075635518106536596 -0.0034481601824408233 -7.5825539790020624e-05 7.2315999351829399e-05 0.50324377513587548 -0.49903030767989315 -0.50122651903034332 -0.49584504676575369 -0.017286767805644677 0.01143861450843333 0.011195475680143821
-0.0026721661153575752 0.0010042773386855705 -0.0092972732567211773 0.0021944743644531283 -0.4997234485322532 0.49482215391535012 0.49803700450566563 0.50715186339306073 0.0029513304265280055 0.0025686775003582727 0.0083022932808320196
0.0020670192543732562 0.0043525730032285504 -0.0042886430833688743 0.0018554237958394735 -0.49971002462145309 0.50016273827735813 0.50014785356955715 -0.49979141558469303 0.0067213322414735868 -0.0068392036674585193 0.0071266035476155879
-0.00020120452473889206 -0.0065544787066327678 0.0048231180965075506 0.0015757029888346934 -0.49255478137386099 0.50538596239835554 -0.50029636927376986 0.50119488044387217 0.0013469661753330428 0.01970490823180519 0.0048172975839743167
-0.0030550265063989451 -0.016222719825199131 -0.0051447535200072458 0.010486120824294188 -0.50840759071083119 0.49696086683096169 -0.49573877215195461 -0.49822120302194461 0.0050149761015761711 -0.0089361575688994173 -0.0075086116736110759
0.0023349902123401024 0.0036376644440920189 0.0020304560359080139 -0.0015730033350320476 -0.49919865955897186 -0.50312007685028715 0.4989752844175942 0.49856774217783412 0.0055482170214551764 -0.0062253172327320326 0.0054716912279330543
0.0021878977147403462 0.0044705840673146197 -0.00028415978896445434 0.00035510111317316331 -0.49998161600645991 -0.49905810440460541 0.50296643684945819 -0.49770017824424562 0.0091661593302134817 -0.0085784838711023166 0.0098030269796678341
0.00013631864487986849 0.010095264652822813 0.0061456072669957137 -0.0020072130171944801 -0.50680512458490834 -0.50426251202307881 -0.49380780584909229 0.49467751927127679 0.0066291476982505209 -0.0087411452175469671 0.0071974933060853915
-3.0867850073650565e-05 0.0076160381094887535 -0.0039417627916317416 0.0032853395305479901 -0.49786876041359129 -0.50079837763643531 -0.49802700308091291 -0.50304753612465702 0.0082547427904458483 -0.007436300201873542 0.0056734190599467965
0.50833781917194398 0.0071889198071472711 0.49026557764319495 0.00047025321270118708 0.48760339295646987 -0.0010356762746994831 0.0018350342000927554 -0.008022091262944531 0.51169666553713156 0.0056759431268959349 0.038585835129822492
0.51041775931214961 0.010191750937064599 0.50138506659593385 0.0017138332334288111 0.49768707082148117 0.0016792935486551733 0.016442723776323429 0.007939057945550396 -0.48977913067564999 -0.0047208297968176971 -0.0067380699416294872
0.50025784010093177 0.0015160735642420608 0.49664620999357861 0.00083182928179299288 -0.50477837335788933 0.0015303963582187932 0.0067354939763895677 -0.0015285928852527282 0.49793671696582575 0.0068289853533897672 0.015581532521933665
0.50771114888558477 0.0024004803118806675 0.49222710987727303 0.0055466624817067387 -0.5042083244410287 -0.0099897159203750866 0.011842292206488095 -0.009174655086399584 -0.49532228934650052 -0.00084394915434168167 -0.0031950296777343641
0.49827053633684815 0.0069111827419117509 -0.50168680219801387 0.0069110241402046821 0.4971618948343145 0.0014381065694225562 0.0078353266162294131 -0.0017153631352689019 0.50267720408620087 -0.0038571120344881231 0.0023868298170196126
0.50852435325460188 0.015331304981696913 -0.5016121895317498 -0.0028199263460666158 0.49524312357202532 0.0018298055548786453 0.0099100856424803232 0.00070759396107397221 -0.49413564591616793 0.00021280490305195803 -0.0027019607322108022
0.49687007010196116 0.0032127596535058622 -0.50477411859046561 0.0027527550811282516 -0.50094769996147304 -0.0037132498628611806 0.0082288005238477669 -0.0012170807343575094 0.49720293890884343 0.0037076792040674701 0.0070166262179543566
0.50019579401897063 0.0017061681535643503 -0.50664652074067196 0.0034965259524511461 -0.49743963710338185 0.0042338229294949931 0.0043128201948087344 -0.0018864002871041483 -0.49550109490862176 -0.0091872917912698207 0.0025131325630889855
-0.4900483450389817 0.0084216207128546671 0.49867046283404981 0.0030996979544389556 0.49550558336574563 0.0019106534810637752 0.0088332668559991945 0.0018773464697328559 0.51426078097001748 -0.021057811853834926 0.02410995931470197
-0.49722257863993807 0.029631866365220916 0.50270855555907246 0.012755146899243452 0.4864124779365871 -0.012769814332622901 0.010243183682127522 -0.0090131119009785633 -0.50918536693236416 -0.049501018265233988 0.018618797644498426
-0.49251720925432213 -0.00019598147756773137 0.49682582720788382 0.0019071089080279794 -0.50369280628899449 -0.0024236354605220944 0.012091317339600177 -0.0049083285919623689 0.50621229555132607 0.0061916813711020173 0.020381037465340493
-0.49571420235602887 0.0042900003269049107 0.49963854379555578 0.00049160906454421996 -0.50517426452931424 -0.013504303022466186 0.013977548708211921 -0.0019948131542054065 -0.49884202129443456 -0.01274239912513625 0.0046501095962787654
-0.4953409540157297 0.010651518446366224 -0.50394310131719788 0.0056465491083041554 0.49201770737575751 0.0004602508492908868 0.004451843748355091 0.0042925026846366079 0.50763098473029455 -0.019620318410898254 0.018420024444979151
-0.50067586102439787 0.0021054725934178289 -0.50256216770578521 0.005579767032624609 0.49200072918957743 -0.0010860783112396409 0.0088889990930855391 0.00024921490476194049 -0.50454309837826261 0.00089893146263664953 -0.0031405831192406501
-0.49873446945807259 0.0035124836076356357 -0.50113612728561729 0.0021817157256118053 -0.50049559746487993 -0.0040148302355428097 0.0058197375957111802 -0.0030860284663977735 0.49943459178436123 0.00043253793494388922 0.010906881229045071
-0.49427179377555752 0.0064497365854429669 -0.50295699105968872 0.0089779506321664131 -0.50222828807807041 -0.0019031992974757549 0.0072581021238151714 -0.0020166789929033785 -0.50025012603696861 -0.0079727058904241078 -0.00028483203516294325
0.50062046348347233 0.0016399437258892105 -0.0016811979429605427 0.50154834474394205 -0.0053430304214285365 -0.0009040016960830383 0.50025077600621981 -0.0015980229613862841 0.49745180294210167 0.0025424620323198947 0.0086819039019900793
0.50237866664164943 0.0022943751589689569 -0.0047423833159587056 0.50076717613152499 -0.00071393825228227863 -0.0048924340280428946 0.50139553285496086 0.0065780511290444354 -0.49526442495177103 -0.0080686311275805049 0.0017338057955222671
0.49840502072401061 0.0033407698424839597 -0.0017320186774139536 0.50061514183490541 -0.0079899918476411067 -0.00052990452762054056 -0.49493571367819805 -0.0015241655249164344 0.50584451979915468 1.1751013739508656e-05 0.0075014384437153657
0.49879234332401301 0.010743698215764387 0.0041274446223605816 0.51401112784493652 -0.010603734910027789 0.0039168683486040523 -0.49971054414317817 0.00069837960364407922 -0.48663155012702997 -0.0083741241577828442 -0.012124668835214203
0.49951482076785136 -0.003468548680720873 -0.006387428006005098 -0.49348646572110755 -0.0055480083968621908 -0.0054615844704218493 0.50435781862867923 -0.002849527289492281 0.50234268414873684 -0.0069947867737061914 0.0077835876913804258
0.50330282498662771 0.005999744837712778 -0.0054959583526076284 -0.49197670663651627 -0.007963567217293065 -0.0060417549626263362 0.50720910503395722 -0.0038468427041616435 -0.49713240594369529 -0.0067333610187724716 0.0041498394268415367
0.50712253329712209 0.0039300841414720913 -0.0039595479165526184 -0.49200005056998586 -0.01441119471352284 -0.0085386671004568527 -0.49458760682037817 -0.0056227989547142383 0.5051654472076369 -0.007416471424912959 0.023565265162360377
0.51012514861408165 0.013448340401416015 0.002667569315745205 -0.50249518814655914 -0.016478371953222874 0.004491724180173867 -0.48751766791680623 -0.0048469046196538031 -0.49858353202411071 -0.017617791010703647 -0.014083271846471785
-0.50071681551929348 -0.00029031031974565216 -0.0052164134246803825 0.49905913059575474 -0.0046630675341122665 -0.0013968402825941773 0.50286054321207163 0.00060971917474537019 0.497238366969039 -0.00022288700357708444 0.0075181961174692856
-0.4963296751413559 -0.00046186978119645416 -0.0018510909648449118 0.50146838634779634 -0.0059570125067859433 -0.0087263098654263536 0.50640362153583351 -0.011882561737292564 -0.49531730865238627 -0.0071844898323706174 -0.00971392822919156
-0.49427433638469237 0.0055164712119830416 -0.0089980694675096794 0.50469390592388597 -0.0053841951325696163 -0.0020274537796680318 -0.48972027137629931 -0.00099818138846127541 0.51043975663171126 -0.012608383009816317 0.01725653049171191
-0.50249164838184823 0.006874437328179198 -0.0014388675675710493 0.50295707667619471 -0.008914411415589376 0.0039852789517136498 -0.49329648037515972 0.0014211488894607229 -0.50089894945876168 -0.011565405823034018 -0.0038329524827914459
-0.49354100605052065 0.0026143910300227948 -0.0023738083452576162 -0.4936784585551619 0.00032667905123489482 -0.0038830831259195277 0.5097261835078376 0.0060910305610695032 0.50275561094946686 -0.0058068664740794336 0.0040488268393504574
-0.48927790983149788 0.0017846053089266088 0.0044890972973187677 -0.49919826297796022 -0.0053769233546990952 -0.0086746615114445154 0.50937991246964998 -0.019771623820202096 -0.50139223877650674 -0.0021154096819914021 -0.0048227506091181888
-0.48671860135149836 0.0063167664618365644 -0.0071063230225897308 -0.49972379898112251 -0.0081401922360773565 0.00022477554875555432 -0.49532055722729551 -0.0023401865020178671 0.51660627023585148 -0.017296734105307795 0.026367913619840443
-0.50360337223357943 0.036055447034316193 -0.0048560454644775613 -0.49569948301952343 -0.012131982542411322 -0.0043557797156501725 -0.48006711579089145 -0.011573031753277282 -0.51370435831589356 -0.047038818203984624 0.049726681518948386
0.5003905568191388 0.0084189760192521241 -0.0043345475662276717 -0.00078161232420472274 -0.0063703356943537503 0.49345182992035552 0.0051703073648803567 0.49108829901290274 0.51417228768936174 -0.011063955920976766 -0.017138278385456444
0.50587183620060916 0.0083047708034901906 0.0024708247033428995 0.001710444096799914 -0.0022156353723754418 0.50032941525889363 -0.0050127343707443948 0.49759762288339754 -0.49594579184277454 -0.0093726306844578913 -0.0016298025062575815
0.50049188088999741 0.0058584283413019526 -0.011940275555652203 0.0054684307921044764 -0.0061819604651202273 0.49429101201654829 0.0033555698119379007 -0.50117395065091919 0.50361550490044293 0.0088247096226324161 0.0067985243611365176
0.49867498081339384 0.007995634633048327 -0.0059629810479440567 0.0025796585089718645 -0.0084209623010834539 0.49426086021687038 0.0016840126447362294 -0.51045894915332701 -0.49626474763115003 -0.00034534187407438328 -0.0015547785862952356
0.49999642591643373 0.0043779806227846746 -0.0040785257598510809 0.0036388188597301133 -0.0034820282874989798 -0.498986264118923 0.0055986215767338515 0.49331954325172467 0.50742878483506815 -0.0023339488124863032 0.0083773723287043061
0.50282059931449274 0.0087703167585587629 -0.01259164510568119 0.01411248554186431 -0.011352414998348598 -0.50365647760266319 -0.011606307413037182 0.49505210003110905 -0.49769197031942242 -0.0043739218271558458 -0.003220758817288481
0.49819277649287075 0.0041707203897906261 -0.011405408926724913 0.01022791651274183 -0.003702957975159397 -0.49869874261692182 0.0020483325526579666 -0.50152617668986232 0.50127641452020566 0.001714749144234363 0.004902594930707764
0.4989926326994461 0.0041606773530414361 -0.013579866282828758 0.014100508843958779 -0.0028736425704451651 -0.49819883092234418 -0.016019902767788079 -0.49824816287478207 -0.50383144092603582 -0.0063407793805035856 -0.0011294964212594707
-0.49106321903546851 0.0077410476325208075 -0.00055686935162693513 0.00038808622828510712 -0.0093079727431947031 0.49130586922282232 0.0028393659278549955 0.49382161928188006 0.5213425000535854 -0.023881727728852376 0.033049083766577093
-0.48124994657985098 0.0062782293996332819 0.0047468194212631981 -0.0038285590019535402 -0.0069678377038287134 0.48289597437705878 0.026940772985028075 0.48472963271258396 -0.53829854640252428 -0.071786998472088123 0.066914045420982615
-0.49634785142730198 0.010748788379992158 -0.0043573774675331753 0.0032682490151448714 -0.01087249277204997 0.49661180483904538 -0.0010994242971643926 -0.50183962793643655 0.50480701607360101 0.0086137225926294844 0.0018892702477979805
-0.49597872075126298 0.0048195152065665346 -0.0016376533556529762 0.0025160992757325405 -0.0064059543443635847 0.49880008831718275 0.0096328046861003103 -0.50389831247669736 -0.50105395133026531 -0.00037688851590684527 -0.0082945393564244924
-0.49228826274046955 0.0047221944022506424 0.00092164841937727906 0.0042898444904823701 -0.0090172484623043132 -0.49999158318577441 0.0028090488092443085 0.49194512375849841 0.5142329770446985 0.028487205992966166 0.016518168466030075
-0.49834651242450284 -0.00048476393543538413 0.0034190787307381647 -0.0010276412210727208 -0.0068663408292503397 -0.50606078367734075 -0.0023515600301365338 0.49709391757748583 -0.49820583273497004 -0.012871385842122491 0.0032391245975790374
-0.49487494901531831 0.0029590859005243315 -0.0041280364093205174 0.012705313930298456 -0.0038481989029283035 -0.50150396934015451 0.0047167983897340986 -0.50025879741296986 0.50309812398332565 0.00026418710634845834 0.0012721382939768623
-0.49335766752959748 0.0086558938465884448 0.0028171967508333383 0.0055622503338268415 -0.0088778560303923153 -0.5009301092444487 0.0051386686609690728 -0.50802772684288411 -0.49730685890989595 -0.0041568901165762694 -0.0049651464013800092
0.003219259686490515 0.50427728355986268 0.49693653907311713 0.0013492029545628626 -0.011021786891379344 -0.0072280804326274144 0.00070046887627787057 0.49749814967938305 0.50100097581233838 -0.0081040946772564081 0.00018654341955534184
0.012768806191521789 0.50658967221542739 0.49976473970714397 0.0031202046813153428 -0.0067175914474436101 -0.0042441186033636237 -0.00062837329972596518 0.49442412899413646 -0.49855364560000665 -0.017692052812637544 0.0064677527268513094
-0.0034543093283015305 0.50584143259598802 0.49147565550888944 0.00015978720919447191 -0.0059175422189433882 -0.0051560313669873174 0.0071778979102097183 -0.49728537703484899 0.50509080837365061 0.00070765958149555735 0.0064087006760579646
0.012373458475791747 0.51208709268260466 0.4877229834586288 0.0066905201035093046 -0.013908488873105248 -0.0069642947521470324 0.0024093252363499074 -0.49911870505080963 -0.50030571975545179 -0.0045983363000949053 0.0010214791307940939
0.0030084825664598441 0.50035825797052269 -0.50187386835343162 0.0040536378726152515 -0.006712492161691657 -0.004319472749926459 0.0020501347523698252 0.50253568566460727 0.49507169084241304 -0.003744273766438867 0.0043264908354511264
-0.00043593507256198049 0.504665426978819 -0.50222148513104958 0.0099532292013988916 0.0017639649753058192 -0.0053159918198031056 0.0048794564616754703 0.49407778279903164 -0.49877736602768469 -0.0041874386712666663 0.004764291925884824
0.00036211764932858956 0.50365931656494367 -0.50309316480818966 0.0066052097861804453 -0.0055295770113249591 -0.0021379514267365497 0.0057641541174132281 -0.49446664734214829 0.49859244207525782 -0.0004505898148949788 0.0045316933535688893
-0.0031069425424376279 0.50219583221666242 -0.50478440936497337 0.0034834157555144233 -0.00029519420389506574 0.0010153362145554174 -0.0004385312158653688 -0.49867564312688184 -0.49414083710486401 -0.010620827868824529 0.0018927770030597122
0.004655375201422016 -0.49369038642840568 0.49891440311118351 0.0057691746002294384 -0.010649942550404369 -0.010196716367706242 0.0087114180112170883 0.49822528842845637 0.50818656397114548 -0.019992147380951272 0.011147821780661581
0.016863690080480734 -0.48561106220610789 0.49900321736974462 0.0042296745365053125 -0.012852651766882221 -0.012917391938629737 0.019180328739780528 0.50410273557774599 -0.50867826097155366 -0.018353138234703713 0.031072456618487863
0.0071540492939783859 -0.49199993135004821 0.48593993465989693 0.0067953876489525861 -0.0069486106387568252 0.00021102555132539199 0.016844249049396437 -0.50011235724015513 0.519250273302865 -0.037075861235498019 0.016161609334895469
0.00050826430361608456 -0.4963384679524746 0.49939884996712208 0.0034737177222044419 -0.020148034607005517 -0.0095951618908928817 0.012494879680042027 -0.50746565020898937 -0.49594177338024259 0.0026742048429750534 -0.0097814257201969471
0.0064673107990971179 -0.49210151548898706 -0.5007856894069721 -0.0043706395475014981 0.00073493735919478152 -0.00044183619479488885 0.0087274932919391406 0.49617747079731883 0.51008076471166908 -0.020154454366994416 0.011458078451356461
0.0020288152730165037 -0.49245592319953041 -0.50601355452684604 0.0066790860829167333 -0.0031415592498961289 0.0035476046175269113 0.0056934381505426897 0.49713811402723312 -0.50411974194407094 0.0040504457231888133 -0.0058672975555580714
4.0782825017240685e-05 -0.49561254442909064 -0.50569777933493665 -0.00085825073974770013 -0.0060341603125812398 0.0044502976939117464 0.0069649467748669975 -0.49623325364766818 0.50224967156219813 0.0041896874351980877 0.0035733328916675326
-0.003958489795585305 -0.49607640245437934 -0.49807073471164259 -0.0019030018476129881 -0.014997585789757559 -0.0021117278170318505 0.017233743717456212 -0.50703310346247166 -0.49805593387054981 -0.0043160520061612754 -0.011276374525846251
0.0031618814975892429 0.50038298352438781 -0.0026786433891640123 0.50125624903685895 -0.0051461708601384763 0.4985875738873079 0.0059669929089462836 -0.0023390060184484448 0.49962302995556929 -9.0621382139329253e-05 0.0078461352663471394
0.00031443327587158705 0.50411829531506525 -0.0059566630566788856 0.50263427649688597 -0.0069233587228287163 0.49364476303211463 0.0087723760014200292 -0.0035512895318444981 -0.49931445833668825 -0.0067206450266430306 -0.0022806006462131371
0.0029567659543390493 0.50041700945586443 -0.0024864205715360074 0.50427501158042065 -0.003177494977684007 -0.49751885051589306 0.0076957712543683898 -0.0014950849945741815 0.49766589827879276 0.0014676534304009683 0.0021309638874880813
-0.0051877691090494804 0.49658272692902539 -0.0044338392947200177 0.50750566378849871 -0.0023016979376201453 -0.50060948202797628 0.0012247316250448125 -0.00082527969190009402 -0.49504334539427736 -0.010387984466299948 0.0019667879499144988
0.0019940891576831592 0.5034776843706823 -0.0048521740239489781 -0.49747906713527196 0.00099251220584388 0.4928109722945716 0.013183378155768822 -0.0037693281337518375 0.50577153167520705 -0.010732429401733903 0.005059944278528886
0.011772118994786487 0.50431489591455536 -0.00099867993359546497 -0.49641441057045133 8.5441874109451695e-06 0.50030437451724552 0.012352579637497318 -0.0074920782841050495 -0.4984510108044875 -0.0099800169976305836 0.0057829908650663007
0.0023070901263021089 0.50260705960022356 -0.0019401048351796782 -0.4974087194718696 0.00036258241062032839 -0.49997773319707012 0.0073204545680592634 0.0023849807046243125 0.49984358650872829 -0.0085568888049080676 0.0027656997111048247
0.011437719655206121 0.50429528988386008 -0.0076161407143569837 -0.49497420882738791 -0.0012057560552947055 -0.50691466020078968 0.012836108105674154 -0.010759305622243646 -0.4931703469489771 -0.0016100315040555957 -0.0058247705726697501
0.0006749304078915477 -0.49215144284475049 -0.0058945076128281019 0.5020352301281914 -0.011578413556135855 0.49561917470879252 0.0055427741621573911 0.0019093512018674924 0.50900780890993991 -0.010150337739334084 0.026713506143231359
-0.0010699602364054419 -0.4916557166123473 -0.00037146951331596426 0.5039949574378354 -0.0070048454943589956 0.50064748934279191 0.0073716664544270913 -0.0052269683568069653 -0.50332539013656952 0.00089981120616203431 -0.012106166553923573
-0.002691117210918483 -0.50013865518921452 -0.0036491581346358151 0.50248058923788796 -0.0095249096923050065 -0.49783688536311177 0.0093612033589117981 0.00012678095380220351 0.4992457188338833 0.00034013938914429035 0.0093640031258940479
-0.0024606557289842301 -0.49596483328862884 0.0035013816310575639 0.50045783919719322 -0.015098831396370981 -0.50929465607668289 0.011055744853005414 0.0044738021016682041 -0.49362158201289347 -0.0050574110531257628 -0.010169138328369135
-0.0020893627856939296 -0.49945607916474721 -0.0018586914470295128 -0.50228647079493904 -0.0080725973706362204 0.49136630437218481 0.013560526067343506 -0.0036777034692746305 0.50574679676519119 -0.012611132908771505 0.024531972786239323
0.016315507512033048 -0.48715780814088805 -0.011189142282743907 -0.50050460719377499 -0.031063674965038712 0.49910934409516938 0.0095479937660105443 -0.0089154811207933053 -0.50908303260210108 -0.02568119682879539 0.041354785053800636
0.0018014960991378556 -0.48979234240939851 0.00080380626767311339 -0.48967780064283217 -0.0097026597437511117 -0.51027782269377053 0.0026209669113827889 -0.007467377816475107 0.50884491154334499 -0.029093755245277148 0.0023241441376596079
-0.0016416656891284974 -0.49816276752320804 0.0017770372262220411 -0.50222416315039076 -0.013931199041119021 -0.51013783019514936 0.013275768898676821 -0.0053431594866067238 -0.48882089841369342 -0.0036325948697737303 -0.00059000544297353806
0.0019097031846484671 0.50238248037788746 -0.0045542478941356041 0.0093926927092980311 0.49541701062250609 3.1400376867358769e-05 0.50448007461027122 0.0043618166014380922 0.49744421657062254 -0.0052603877650055642 0.0079765776448051072
0.011095779157766871 0.50676507103167245 0.00013308587107330798 0.0025619449835446112 0.490747623160804 -0.0029758784443020595 0.50473371990596039 7.8661378239726992e-07 -0.49729447527015586 -0.010624714449043678 -0.0068243681490731279
0.0042695397361829654 0.50391329392267048 -0.0035859330051200657 0.0044336892935120664 0.48895419789204669 -0.0010648028946856922 -0.48775918716853855 0.0021734283927100717 0.51736321961848464 -0.026266663140554793 0.025979188129776266
0.0036575453696903741 0.5129590621501251 0.00078009987263389529 -0.0013805068781798495 0.49392262782769836 -0.0048661526429642733 -0.48966873939294675 -0.0011718805419806493 -0.5027020049123504 0.017064985891321046 0.0098234267985979964
-7.0480584427635697e-05 0.49807663489969084 -0.0063076195304523925 0.0052000526548150782 -0.49740370461882222 -0.0011381444423670937 0.5035056989893737 0.0047074640675959503 0.5007515160776026 -0.0025831600804819611 0.01192437602934094
0.0012738472571149236 0.50299461584944527 -0.0010923907960244453 0.001558921165729945 -0.50197486397066482 -0.0016302207468675365 0.50282679672858743 0.008815106812764914 -0.49197849349824813 -0.0073764302138041703 -7.1447698096267854e-05
0.0022901107478052827 0.50231600754146954 -0.0067047813141346549 0.0049649092533759608 -0.50339787829488825 -0.0015717111464826489 -0.49115955938356098 -2.9138767337910119e-05 0.50278797157150235 -0.0019984015457179395 0.012427139961710108
0.010522835211427332 0.50448242342201877 -0.0080098336645817118 0.0069528361838458418 -0.50638782871536869 -0.0077236001043476344 -0.48988483556544304 0.0058959413659006787 -0.49872778002212564 -0.0055490165199611795 -0.0019655965204737574
0.0025217006254977551 -0.49350861861538475 -0.0065142413381297113 0.0073462870636571082 0.49259881408605172 -0.0026917342372715009 0.51045353993999976 -0.0012408238823477219 0.50285354145719297 -0.0075247123082682532 0.01424719269615817
0.008229448996663483 -0.49621946029014291 0.0045735207787330184 -0.0002942374413376912 0.49042594399084344 -0.0086301130081774691 0.51075954331219298 0.0013792159099640636 -0.50192434045547063 0.0076910602922266886 -0.01486691190723201
-0.0033817839290567883 -0.49531638248648219 0.00011595205580656304 0.00070132382591230394 0.49435950523747918 0.012740869704463623 -0.49431001982857115 0.0040803139676362258 0.51499404133528925 -0.010633456818780614 0.020127384796227225
0.011146374849316429 -0.45001662874174519 0.0019857834977133931 -0.0009666742500916086 0.44901027537216082 -0.010570205916401924 -0.44976321697337013 -0.012170248077872991 -0.59073084611889926 -0.15066271617216676 0.14675389216062235
-0.00035724246125392022 -0.49473856463283022 -0.0088060432139160424 0.0028606670213188628 -0.50354095766567397 -0.0015845632486658813 0.50506870625425093 0.0038848391099887249 0.49629748666700563 0.00010999758131036066 0.013083996282391265
0.0024540887412801389 -0.49009674936021086 -0.0021284046084091442 0.00014064943427495897 -0.50745768456231111 -0.010653587326269779 0.50514264544259901 0.0017912953006690589 -0.49697871222989765 -0.0022761892667283417 0.0015750718829817575
0.0021329420872274892 -0.4901520903838657 -0.0040872126116313695 0.003137242731221086 -0.50544568718722249 -0.0043675404771144379 -0.48725213575304221 0.00012484996609539689 0.51528476366681664 -0.01582583331948377 0.032278616678399388
0.011218321805452408 -0.49477095881706074 0.0020803879738578801 0.0019866937912417408 -0.511966394491432 -0.0049307275838067098 -0.4893132066248469 -0.001990203664059699 -0.50283978220379322 -0.0047142609799282632 -0.02514409525618214
0.0030228475398382058 0.0004637910973179526 0.49282536275013616 0.0026325056137905707 -0.0032981035302378082 0.49358872851937796 0.50990275224519299 0.0045296152899941414 0.50330945461696719 0.0038243044194212106 0.010478647511347477
0.0074026541789260943 0.0076119763287001204 0.50043426848436756 -0.0056644274388134783 -0.0024341817167397493 0.49083412654110403 0.50864072618242828 -0.022974031703435181 -0.49923486453306865 -0.0020727692135387131 -0.0037026876891992242
0.0005994048218287279 0.01167384146038977 0.50042396533402012 0.0068206314102117324 -0.0083970455819685295 0.49075811655987983 -0.49324360015581781 -0.0028624387871422083 0.51422940149239937 -0.016383194757918575 0.021930062057893572
0.003552696178526998 0.012327348307837341 0.49752833615919856 0.0072625679268630517 -0.034913560293724423 0.50321551183790159 -0.4811008013085728 -0.011924052245056075 -0.51172533368892981 -0.049629008664905848 0.043328938722996625
0.00530522295493725 0.0069050630170990916 0.49317619519303285 0.0044627174537566284 0.0022820364005257912 -0.49917810770180515 0.50418735346145405 -0.0017828501838617361 0.50309522812731466 -0.0021642525959025987 0.013414543006559474
0.0081849948281314203 0.010095194261978623 0.49306704478845831 0.0055781833820848382 -0.0051943950043082405 -0.50306997825713029 0.50594179809477979 -0.0071312215379359832 -0.49738924652953553 -0.012100362244244909 -0.0028359572379126957
0.0096666894284935991 0.014001565256550802 0.4927505834571792 0.0029614472744559908 -0.0062510475087808456 -0.50478242985294253 -0.49416966463120854 -0.0050269530456336009 0.5072698616120449 -0.016421744221093996 0.015261476124594536
-0.00068309886755436552 0.016554073960960515 0.50058391193267171 0.00048288554141828744 -0.018136038783155999 -0.50792068387378642 -0.49466304811439543 -0.0064935370029706218 -0.49604317198978853 0.00074583065285739407 0.005965819618747625
0.0014528302349670827 0.0046372230544278262 -0.49992442443766189 0.0047951553468504656 0.00068756286465295228 0.49934383256386083 0.50256145864931778 -0.0014712048411755468 0.49800688048481634 -0.0016745450064958236 0.010019213824164748
0.0095005615629920742 0.0060453117716724398 -0.50015584630586429 0.002105353033383669 0.0014563666786961457 0.49761247805262893 0.50668364566522062 -0.013357033365250261 -0.49516225043750195 -0.00018949095846242575 0.00041692035877477582
0.0031045967546733588 0.005735761742539639 -0.50483191813574846 0.0088909920126784177 -0.0063438256047155597 0.49462640543918962 -0.49010500855550504 0.00012031725922977826 0.50945098018669377 -0.010827331657534252 0.021613789954530005
-0.0033529100052232144 0.0099756907763787189 -0.49719992838319582 0.0050279333372576975 -0.0126851823379557 0.50491276555987019 -0.49497173711388032 0.00092731214454832677 -0.50240331996565402 -0.0070203013531454812 0.01010539563413833
-7.2556841936015508e-05 0.0044280167343688694 -0.50165666851790858 0.0015763010503752467 -0.0010577006713709412 -0.50136628244572401 0.49931887362166122 -0.00087422948625609531 0.49757388785977508 -0.003679787236166035 0.0059837412766956749
0.004410544353205227 -0.00016885452510277655 -0.49961005213607257 0.0050668495120355667 -0.00084736905720160169 -0.50202361117855743 0.50294987474001507 0.00694990914457714 -0.49516800773806119 -0.010807193247517062 -0.0010900279390482501
0.002844413859331455 0.0062599491936151715 -0.50047438319129345 0.0038797186380188789 -0.0040404513280120355 -0.49800330786454089 -0.49537012164793737 0.0021828177448565988 0.50598057693772858 -0.0020710355257925338 0.0047419897016480837
-0.003759610601448209 0.0099105339820778418 -0.5120073514804605 -0.0047796733061588664 -0.011781301724999388 -0.49949488183315544 -0.49913418732506454 0.0020987022431242504 -0.48878325980793841 0.0053088217615074517 0.0016544439502652664
0.00072884464952510295 -0.0022203217546641289 -0.0028605976950440417 0.50237993990922669 0.49083439374179116 -0.0059924356288920972 0.0080018904833565035 0.49529377889770126 0.5105613950552006 0.0050440865498701335 0.023834889424235218
0.00402385428385987 0.00388361319839851 -0.00067231482856280422 0.50044198799970507 0.4947167805150105 -0.0036500539180150371 0.0061862995910097803 0.5037205556617127 -0.50083839021134624 -0.0060893709518777695 -0.01091938282615615
-0.0031240214274225967 0.0072906684712381129 0.0030230411537211189 0.50579590864209734 0.49492844330218572 0.0010905711096163187 0.007559727929927801 -0.49724069746152255 0.50178174841067891 0.0048638550189198954 0.005390037984334628
0.0027162332673374566 0.013104513821276914 0.0040330168812500646 0.49930643667392266 0.4955398892213933 0.0057016943790409603 0.017347396705614422 -0.50736867951617481 -0.49714164524671134 0.0014665883576983115 -0.0054354659746395579
0.0058092392116922296 0.006494029327695057 -0.0019060936950389071 0.50073760963432346 -0.50170221641296009 -0.002422254645875276 0.0015886196286947478 0.50111363953719634 0.49618907467256357 0.0083944749253743959 0.0089355290793962042
0.0053748323669696148 -0.0014780862453405113 -0.0080124807847667297 0.5041036774243679 -0.50496175156323941 0.002091074772443901 0.0044624440606234831 0.4938288122246019 -0.49679606920291075 -0.0083933806862763749 -0.0054656615792386398
0.0015324804268851246 0.0063611644683093391 -0.0076503227363083712 0.50131216580372084 -0.50371815249873708 -0.0009022131250064477 0.0063844856674530681 -0.49587981229213562 0.49883118969246348 0.0048945036917496972 0.007610456739851371
0.00030604267891336847 0.0032128383188093556 -0.0036327653996350655 0.50372337983326942 -0.50332056897010802 -0.0017036950311676434 -0.0013682891278112251 -0.49893087178850182 -0.49388241940204963 -0.0067614525393311547 0.002279788132019902
0.0076900594266209443 0.0057017200608216771 0.0028022135895252958 -0.49349983782518908 0.49513274905718802 -0.0023208462048742821 0.012594810620922129 0.497438092420731 0.51205209721822176 -0.011274218629525674 0.035620811428161682
0.011869811756243622 0.01366903294690649 2.9226880554164795e-05 -0.49546198921455548 0.48624507837308478 -0.019467363015907298 0.018626110275429795 0.50646512534364063 -0.50855266635090046 -0.041280947346957156 0.013879509784498588
-0.001384571640684381 0.006071289823765107 -0.0079288703265983293 -0.48563104698753967 0.49235628686309652 -0.0067932705261201029 0.015618536885353832 -0.49865413199359748 0.51968987938182298 -0.010846550935259484 0.050048770539430729
0.0083395546597791938 0.017202742188471627 0.0048459678218815711 -0.49689678198459775 0.49241100703615032 -0.00037300027952168061 0.012094923719257866 -0.5124359893224586 -0.49737119570761468 -0.0010606247587156747 -0.010941735774865928
0.0080764431143708366 0.008633801576291452 -0.0023556527894807093 -0.49743995754864218 -0.50225014722569228 -0.0054242519441827291 0.0019002841092805969 0.49623011503825237 0.50337828686128405 0.0095933824956567597 0.019846016019249985
0.0029663792300343994 0.003121534118475126 -0.0019624840944813212 -0.49754333558076669 -0.5059107963985916 -0.017323906059923257 0.0016085517643444722 0.49362046583518882 -0.50216401484004203 -0.014701630177029459 0.01156699616428559
0.0048786413645921806 0.0066295016531960358 -0.0034974171660642653 -0.4932782693996477 -0.50417770800644324 0.0011034374356367186 0.0067850744732117071 -0.49746655831866515 0.50474452630259958 0.0014677478974193467 0.010582143231198942
0.0057681138752396456 0.013552077245350586 -0.0062193795026745822 -0.48893522989413246 -0.51140419179134866 -0.011549061995564946 0.0032745282083963614 -0.49963663946996406 -0.4993089345170903 -0.0072413268718804586 -0.0031239714480875967
0.50271909586090879 0.019780379366645683 0.4988335180787466 -0.0054192855520760544 -2.7775604523529997e-06 0.5033523244960989 0.016752888200491624 0.0080183244230214844 0.0015377238028507956 0.49422793916555596 0.006772297609361406
0.50609758521445714 6.0334268079181929e-05 0.49524721179534098 0.0014059615692474344 -0.00072552898924770136 0.49830895974057299 0.014346973069775053 -0.011488920123571344 0.020088530017296539 -0.49945520517441799 0.0091774394514696316
0.50841293172114199 0.015826960165037474 0.48964355631267353 0.0021932904079265299 0.0062345049037526943 -0.50609748066187354 0.022016577861915361 0.002093900979342683 -0.0033143225282335751 0.49480429002254572 -0.0022939409373075653
0.50368350521477034 -0.00064869831564338249 0.49475498403847362 0.0017254355354895002 -0.0050849249924512941 -0.49875344741237704 0.012067348821287681 -0.0061797072992555964 0.0082046260832822175 -0.50232588065347139 0.012400027625759914
0.50082482836630193 -0.0007564195896041096 -0.50619675597412384 0.012605160615425806 -0.0022805980143874613 0.49409784612206181 0.0094583694153305229 -0.00045549563977265406 0.0028657877898303802 0.49854171279239612 -0.00051986222244791908
0.50071233936690229 0.00032389104769594309 -0.49743134831802704 0.00086523571628151794 -0.0019880600566762863 0.5017703542287939 0.0050175613994381772 -0.0074423241341171594 0.006279178271047652 -0.49993640252341115 0.0038097051822637345
0.49977148649569525 -0.0078633244655053232 -0.50584258416841088 -0.0050022965541844325 0.0071909041095777745 -0.50228426562799577 8.1453394576732667e-06 0.0046090520800168081 0.0068938506865821852 0.49178741646954754 -0.00024956636196109429
0.50251936365336725 0.0029969171026986621 -0.50003529629917487 0.0059644585744814691 -0.0047280920781822122 -0.49646099251029718 0.0058854602198233326 -0.0032678891126973674 0.0050906924860674128 -0.50073051078930664 0.0098125462870359056
-0.49156525803510714 0.01959504147322938 0.50130385486795226 0.0019032898860906111 -0.016753363131349414 0.50442499587502365 0.010544254631044109 -0.0085514183371665116 0.010034191677856364 0.5012803354494253 0.019448254747803678
-0.49550516420029117 0.0026480100906037299 0.49285640861570823 0.002893913669553245 -0.0064903717605079656 0.49481072405877202 0.0044869943463894685 -0.0031315432565451758 0.018677997922755915 -0.51591935326784788 0.010974612075005772
-0.49758051330731745 0.0017062430208616361 0.50208734126579491 -0.0048462390192948821 -0.013196702395635728 -0.5089684594378312 0.022431685069865964 -0.0098823724163417045 -0.0040359766939925294 0.49028266997638809 -0.0088467053899179554
-0.4970195446951271 0.0005070861752797148 0.49122763198592645 0.0051356991755190677 -0.011809199454679955 -0.49776972918468859 0.0079931859147181848 -5.5336415980259902e-05 0.026775311547402415 -0.51183032884896951 0.031226524246026944
-0.49648256291367693 0.010451923644135577 -0.50461331879025384 -0.0010416095643950255 -0.0050424439185116137 0.50385873771406442 0.005217356517693594 -0.0035158795137898388 -0.0064788233259033936 0.49471637103545851 -0.0059360434932107927
-0.49198171505771077 0.0041339136851844269 -0.50225788581824882 0.00079517567559842233 -0.0067656955257497488 0.49704735402413264 -0.00038998838127363161 -0.0030094610133575678 0.0061960824956365998 -0.50824432717602719 0.014544530441795654
-0.50219122002286021 -0.0067447644991217755 -0.49583559242674569 -0.0055468615717546403 -0.018359914349616483 -0.50847669054493305 0.017027271121419173 -0.0091846922383269324 -0.0064000687278944869 0.49229232532842393 -0.014905435938878527
-0.4968338342170337 0.0010174113103380068 -0.50090145622029147 0.0023715045239445015 -0.00066077019894356136 -0.49897979112721802 0.0042753273100717849 0.00089990260164873404 -0.0019403867170015862 -0.50310322683067688 0.011412029054512217
0.50819724509496655 0.00771682342667493 0.0027310020711084049 0.50175591745754644 0.0025873218963599373 -0.0027611555559050858 -0.00055128131839849055 0.49721653752074951 0.001813355134031205 0.49259633819676413 -0.0040253778200624547
0.49884395458314928 0.0020006070952261483 -0.0038845051219674994 0.50059788817543494 -0.0060417933857989884 0.00092646963805817267 0.0046485814834466965 0.50028299548488742 0.0078219166860671943 -0.49997672719643482 0.012546509801489292
0.49723849791071817 -0.00090427257636227487 0.012762553717815581 0.50675720753255304 -0.00073434862808998715 -0.0021164779026346722 -0.0067989489877658274 -0.50048988823410345 0.002916823666266517 0.49521224372899469 0.0015038101809932546
0.50013943279514883 0.004844751508821645 -0.001756195427128521 0.50304666038958601 -0.0066640778027213616 -0.0018177486675629816 0.005016051236473109 -0.49919233734644508 0.0045428425043720711 -0.49737473833558488 0.010484133901607537
0.50822537481849572 0.013778018208678397 0.00052951346826906373 -0.49802732583191112 -0.017664184614963045 -0.0042987161932860956 -0.001464183650369886 0.49527969733536314 -0.015129101417292255 0.49760149494725731 -0.0038567675857050579
0.49827600049068943 0.007658431369154845 0.00021223674528240562 -0.49325723250025461 -0.0098182134412479697 -0.0052096896433657773 0.0025899401942854556 0.49561996921067797 0.021988992071342004 -0.51108118485529852 0.030045634763630442
0.50876199091185503 0.011757368876826884 -0.0035288948367044539 -0.49549333175645821 -0.01967548817579156 -0.01792701815120502 0.0034345755827095534 -0.50325176033321528 -0.0070815982653807527 0.49120902268477762 -0.013334900188097881
0.49840863375400302 0.0026968437400337105 -0.0039625748660035379 -0.49525058480755108 -0.0064404044631834164 -0.0057629145759842725 0.0040059193931455961 -0.50306440711116429 0.010780328943194821 -0.50295819806783837 0.006709508133854597
-0.50127876460493148 0.0019288609295361671 0.0057011906098633344 0.50439379293917641 -0.011106414019618059 -0.011685096244563098 0.007606339226177268 0.49976457473160191 -0.014551220014457394 0.49369695350543064 -0.015475055979694325
-0.49375092789934888 0.0021026251777826258 -0.0065326352098872796 0.50031760826353788 -0.0026639834824679666 0.0019865682881557373 0.005707595062705754 0.49263290208673777 0.013351220099371543 -0.51194248256502817 0.029172916381738901
-0.49683961574574748 0.0012647373971184496 -0.00042051834068637173 0.50089037552594207 -0.0052621186877887171 -0.001506872965552117 0.01076516328856071 -0.5100494207315136 -0.0024236978608318163 0.49174667146052409 -0.011854427127211777
-0.49602113338919118 0.0035277441143190345 -0.0028609354432144909 0.50309809226269864 -0.0044711302787558867 -0.0050143000971522456 0.00090558674654017701 -0.49993739234129259 0.0026282847814054259 -0.5006492580646289 0.013956246681424393
-0.50050264781659615 0.014238434421961238 -0.0025599050873160822 -0.50809952920192492 -0.015411274345559091 -0.010066326218651844 0.019388718987522015 0.49671894845198922 -0.0017570737454680552 0.49359832132321557 0.0059847495811622374
-0.49523781355773144 0.0027507135917270672 -0.0040545178871978678 -0.49823859225619127 -0.0063839785286941061 -0.0038429292123537471 0.001412296487298738 0.49284691545563059 0.01748893368170689 -0.51175360109640189 0.036340014994811286
-0.497059760385268 0.00028835711757210487 0.0002196086995016738 -0.50613980990049412 -0.013178909013814064 0.00063164616184187641 0.0017255489479159527 -0.5101946303434135 -0.0023413975024277503 0.48591140281480361 -0.012765639976764354
-0.49472664520815901 0.0044741945669568807 -0.0041450831948795898 -0.49210452867780363 -0.007653186469798616 -0.0076647111461732266 0.0076958419633937018 -0.5028290259981224 0.026174440965425372 -0.50874747432050904 0.022777419234199497
0.50083406083369575 0.011350015391890348 -0.00379648336554118 0.0055333439312432939 0.49356214797109776 0.0089287386489100388 0.51130167401230719 -0.0028315827735510722 -0.0014962112136129343 0.49379421604425355 -0.0059738630029035327
0.49982662716065906 0.001505110735079189 -0.0048300921620538844 0.0032476408124215827 0.49393634118274088 -0.0026529662337860579 0.50388397108874583 -0.0024299381157994286 0.0040413475700547437 -0.50202861397181742 0.014248874862487633
0.50865204575228229 0.0097677893767664174 -0.0038736509736303653 0.0078622065792330331 0.49598116987889118 -0.0031200022635643554 -0.50014882662737858 -0.0017025283515790463 0.00060815763344513512 0.49476225430924642 -0.012329086161793656
0.51005264640718939 0.002742374784260294 0.001074763989266305 0.0050608465458177286 0.48871460303210956 -0.00041172117218957026 -0.48859381664999496 -0.0012310269468494542 0.024522895546710076 -0.5114734542949857 0.0061625730521860031
0.49653528771733735 0.0051024789161730113 -0.0044199703476746248 -0.00053633056876144355 -0.50127895939429923 0.0074195261396270097 0.50735472211147503 0.00052407702170646916 0.0021475386596998508 0.49462856133990757 0.0003002522797937796
0.49848007974559988 0.0019396197470078994 -0.0066445877271884063 0.006426761179974802 -0.50211554968035077 0.0032431547645212586 0.50100077523350683 0.001225398481125816 0.0043637130505115463 -0.49804712505662529 0.014986384765251298
0.50734286154989616 0.0080378943512365835 -0.0095091307999744575 0.009870061172180835 -0.50844487352433798 -0.0059341392987357225 -0.49100913665118118 -0.0047644683828321922 -0.0045353699432417339 0.4924889465654958 -0.010989244133589959
0.49969543296758168 0.0044438026382310021 -0.0082424537197906336 0.0070632943636030811 -0.50554633241832547 -0.0027104829997840608 -0.49337160557706061 0.0027381701160874438 0.0034891130037062582 -0.50094113686655017 0.014325588964351444
-0.49852645709280186 0.013339891586188812 0.0076736561922807764 -0.0018539468585649338 0.50402395258720434 0.012388610337466105 0.51324884498333845 0.0019302243226834153 -0.0090717293232606879 0.48278589153202761 -0.021091664869752537
-0.49273249749009917 0.0027992880917423377 -0.002331578354997697 0.0060137429832471103 0.49157998977573841 0.00025608402251995965 0.50183503288653131 -0.008975197082740945 0.014015737684673348 -0.512213978646885 0.03218293639642425
-0.46115209565605098 0.022030287706665031 0.0021092034499954142 -0.0029591396319909777 0.45375130790836193 -0.013109751543641324 -0.44997000200139309 -5.0087173669856243e-05 0.1328769856231522 0.58667307851904049 0.12831013700324614
-0.49622937302695153 0.00600620508839287 0.0020464269906506297 0.0052468849675607818 0.49745727684098068 -0.0033769255305127958 -0.4909387316654284 -0.0011155934686608682 0.017836654256634141 -0.51384408575654295 0.028939553767231802
-0.49627975282676107 0.0058994263641995075 -0.0014348333989865224 -0.0019158254521834013 -0.50551122918664215 0.0062050527859231989 0.50556415883624739 -0.0058350149101853502 -0.0010466897950946617 0.49239628858249407 -0.0011842241019937732
-0.49535404222917984 0.0027002170130668349 -0.0079208993347845355 0.0050666204579813212 -0.50248149009829746 0.0034895864046985228 0.50155536531499889 -0.0016915825191091141 0.0034884101439114426 -0.50025177339513593 0.014289631327807327
-0.49684794914264324 0.0027681226858672966 0.003488133525554717 -0.00063761329405857012 -0.51208610463541637 0.0010844699986783056 -0.49167493213348984 -0.003392907742783822 -0.027253471211072005 0.49838181911413171 0.0023631841868976457
-0.4953278847212933 0.0065838932875868384 -0.0075637579942773288 0.0049192985599795123 -0.50192716830625306 -0.0043443920617714281 -0.49466109245355194 -0.0056963908297920631 0.015989230064817162 -0.50742215910340338 0.010992030022523712
-0.00079924416203889755 0.50392763498002402 0.49409438882348511 0.0041304433058534443 -0.0056499085672351828 -0.0058898878081620736 0.50955697133046474 -0.0080548224863778353 0.0023960232091304041 0.49204414253267365 -0.0041225857840001311
-0.0019531350238048617 0.50087379641131136 0.49681079550160301 0.0051931959289270926 -0.0055435743007177258 -0.0017689804227216232 0.50141310099814007 -0.0018901600237690693 0.0071469744686334987 -0.50054484514546094 0.014997906860904952
0.013908389673974467 0.51343426125301816 0.49988261085000069 -0.0037838838669615208 -0.017331594423074217 -0.0050009609110467836 -0.49716174171990873 -0.0083696160409808124 0.0014998875444097758 0.48845550628915319 -0.011772879687958149
0.0073293100106991511 0.50363573711537291 0.4911030126507292 0.0035035679506786074 -0.0024095936009169401 -0.0078510647083764613 -0.49121971904438699 -0.0014925993731129568 0.00484967818492595 -0.5129250735026033 0.024914764629726638
-0.0013842744669344698 0.50235445984676186 -0.50190722066916937 0.00519133825471986 -0.00047607998685480476 0.00085408675238270333 0.5024177818370017 0.0058090666272353833 0.0035545592790932512 0.49318111394056052 -0.0013028379774180292
0.0024052372270521945 0.49718181984859877 -0.50240288117247367 0.0068618075502465594 -0.003556393622501763 8.1577377960090846e-05 0.50067987996359775 0.00056179808753368447 0.0020443051809641948 -0.49956678048301517 0.0091789802755563709
0.014190736663687437 0.51125476566107797 -0.5034924425967966 -0.0058681296297200614 -0.010799331782726369 0.010747987022399312 -0.49311954059626828 -0.0004814713871200826 -0.001635145882605843 0.49128193395634429 -0.010873942515801892
0.0045964131625559693 0.49981860103894704 -0.50309501337442097 0.0061956358318405501 -0.0052922069831027084 -0.0026400677346061852 -0.49464603042141037 0.0040446440734066523 0.0028015854552808843 -0.50227063715131692 0.0027544256663706375
0.0046047456118330039 -0.49170982869926322 0.49828286093169716 -0.0029317481829107903 -0.0076667998170846501 -0.010391038145488987 0.51362875146044318 -0.015304423025734088 0.0032658383958949523 0.49565923656696692 0.0012721454276186483
0.00042928971854193463 -0.49171516962961331 0.49384400580013171 0.0008658731521256881 -0.0091843627045820435 -0.0012362043589252819 0.50560551391892694 -0.007513940573182009 -0.011938483659666798 -0.50811903020054527 0.015053368185280941
0.036483448718694786 -0.48880955214087635 0.49823828228761535 0.022750822751982321 -0.011219127899649605 -0.0051748370193840298 -0.47396124529456596 -0.02179193997372712 0.07675279655184819 0.526692488786348 0.049116451949767416
0.0056363316518799915 -0.48997972205913193 0.49625529966225229 0.0066010404968429998 -0.01043243663172592 -0.0078344248339226683 -0.49439668203393433 -0.0021437597983606322 0.023837810799967607 -0.5173847752099443 0.026778197405419413
0.0027859277701680505 -0.49374345543105336 -0.49967635488372625 -0.0042145784257126267 -0.0038009903485001009 -0.0090354116455340274 0.5107664729486715 -0.010109824626284264 -0.0028143494208476218 0.49538684267854916 -0.0043228958986679519
0.0016128904459898035 -0.49609990417874145 -0.49883706997985577 0.00021765742606174508 -0.0036533752364510015 -0.0047934075703557951 0.50013008813949122 -0.0062128563511224134 0.0031171894431592704 -0.50469260139112404 0.01069797061301039
-0.0041409001277897366 -0.49780570757374898 -0.50327817508990402 0.0093438249599422409 -0.0056374586975735299 0.001016392069928766 -0.49510185211211599 2.687475156508574e-05 -0.0071095795012735214 0.50356810620036441 -0.002461601716632665
0.0037849458958518108 -0.49221390431915302 -0.49653214500342102 0.0020233158868539027 -0.0019529214070858948 -0.0039454269645218176 -0.49219485328527773 -0.0080610349499287675 0.02704080710211177 -0.51705323324817265 0.027340378719527443
0.0094226347489020784 0.50863803642694549 0.003944551584007085 0.50707639770523505 0.49308452095022481 -0.0011363613621183375 0.016157304111927052 0.0022090639914467631 -0.005917730915985085 0.49036969698881905 -0.012629150223648371
0.002715243162565491 0.50051265620865748 -0.0048610920344900714 0.50267948896901593 0.49393130744491542 0.00014595744987843561 0.0058243320286800937 -0.00087973190515561325 0.0011643766718890034 -0.50271222301363749 0.0067542648474955983
0.0077354039968982689 0.50861575835672557 -0.0011245854962734767 0.49728513823312392 -0.4998338385715051 0.0013305909332067952 0.0066649618820457746 -0.00050631240289368269 0.00021648024936684257 0.49403614205240615 -0.0020806816006959886
0.0014433724822692465 0.50025243718151213 -0.0031550098661501944 0.50047585322495391 -0.50042051434476409 -0.0018145638764162678 0.0047681880183394285 -0.0013850470604463553 0.0051776526437048234 -0.49863177741186032 0.012259147525267251
0.0093695832987960477 0.51051343091582813 0.00014593207562776654 -0.50900747771372545 0.4970487704007463 0.00017308074763688035 0.01572014152452475 -0.0037826438953141093 0.0026209237117837008 0.48203499693610374 -0.022717069093002865
-0.00318680113905093 0.50526582756126281 -0.0066045853294032708 -0.49192068120698629 0.4924165605152227 -0.0019353235777305015 0.0062909624085233304 -0.0034966133457297048 0.0053941846004343236 -0.50901278165447816 0.03184312289604626
0.00019846878843414933 0.51001614349159174 -0.0033953539710046107 -0.49618796344738703 -0.50154676218506289 -0.0097093335260947534 0.010622711324016066 -0.0059120937942137202 0.0042400174908831627 0.49179250370124478 -0.00063669430853303282
-0.0013307986092463825 0.50397271428393597 -0.0023543604383163691 -0.49234483931895134 -0.50028514400364543 -0.0014112503550358852 0.0069827951326242223 -0.003151957741324582 0.0079962904116659909 -0.50290828866587933 0.01655746787088188
0.00059684554939496445 -0.49268442124826783 -0.0014316450142063473 0.50358532673824763 0.49653757115523584 0.0051611151981464983 0.011620756450002304 0.0073235355956002965 -0.0089023513932947121 0.5065870235599218 -0.013672482897589889
0.0036336952053020208 -0.49186968427774297 -0.0024526474785710886 0.50288205166326228 0.49234681596937174 0.00093530931024583222 0.0041745673742901715 -0.0065492331764059539 0.023422569058368148 -0.51135279480163387 0.025646785833335347
-0.0028322932482425546 -0.49392857634326076 -0.016281320628317286 0.5038707694460437 -0.50058919286331394 -0.0061607876180233946 0.013711452843214251 -0.0092817943038472385 -0.0033792654106862496 0.50087605568848592 -0.0092634942632362424
-0.0012730324728108817 -0.49610096035394952 -0.0055969556198407428 0.50068562935425387 -0.5000004607547035 -0.00041423334571687962 0.0044484605357605874 -0.0042376962717354198 0.0014092144894318529 -0.50308550430475274 0.0054223083720436431
0.040531201764357906 -0.49324781540397122 -0.010744692337243037 -0.49791614591386807 0.48329485117352733 -0.021194813909682374 0.0042399656925650349 -0.004187592825990738 0.059740186342872682 0.51644199293336279 0.051846012653641124
0.0028445681647341317 -0.48748327320850793 -0.0047346414195014383 -0.49723781176423404 0.49494242113085984 -0.0037825337342708106 0.0055546431184785028 -0.0053628571389962272 0.02464136207078069 -0.51840637691505886 0.0262643875299612
0.0015282297952065266 -0.49313417427821826 0.0011265221964673077 -0.49693133404265838 -0.51035814686776226 -0.013775653822561341 0.011824055716180634 -0.0071407610481741754 0.0032121910864888492 0.49894236586469681 -0.0086326569640378277
0.0016276924832452095 -0.48879187076695435 -0.0012480689458871067 -0.49193838261517203 -0.50545075582603027 -0.0024843435364014779 0.0016900508627298344 -0.0048971713097646441 0.011111897700735573 -0.51296899254453598 0.017343271140709014
-0.0031132229141868002 0.51112652437682304 0.0050504591806571457 -0.00035310593930927016 0.014021843499989677 0.49797263585021728 -0.0044389696516728078 0.50115934537305395 -0.017725968487021432 0.48875774882707257 -0.012737858746163986
0.0077005696225958993 0.50486026187971256 -0.00031755741998886318 0.0034583447915232249 -0.0033874031902952949 0.49523631777108446 0.0049719415452329704 0.49295823354809426 0.013664656243942933 -0.50647259144810508 0.0063657149619225847
0.0020392520599935432 0.5117340757508414 -0.0051059242461460094 0.0050029776622198619 0.0044094699905632617 0.4935208497462224 0.012875547731336865 -0.50053635072835068 -0.0054480725205361229 0.49370683421147582 -0.0034880635885057489
-0.0018979466935603007 0.50402259180584719 -0.0033789302822439895 0.002773309808912979 -0.00391198031682279 0.49618953720716541 0.0027564249977632986 -0.49972342318563451 0.0055929367295132074 -0.49965279558436793 0.017431616992826769
0.0026652267898735916 0.5076757268463894 -0.0016481149926070033 -0.00030821805439075326 0.010008516392231727 -0.50053531772415372 0.011173251256189207 0.49851471422372862 -0.0063475502803268836 0.49276139553352311 -0.011127479600131116
0.00016203543064676336 0.50000946450866823 -0.0073257091043771698 0.0067842561028952173 -0.00076755327586474286 -0.49913754958372919 0.0057236686981694557 0.49701146242275512 -0.0012687108696501454 -0.50362571090617136 0.0076363592799211762
-0.0058143562254900404 0.5047351086650621 -0.0051586292459864409 -0.00082938698182241405 0.010851825631508102 -0.4989488214715681 0.0028726098141214733 -0.49391945692592076 0.010560280584533843 0.50198611412398808 0.0068858783185793181
-0.0006652480932048231 0.5022312150627618 -0.0096308408112250835 0.0075684662080106402 -0.0015361753555582734 -0.50101441165978156 0.0055190358516969988 -0.49601342828277761 0.0052763471445294498 -0.5004302358117918 0.0088026821572759137
-0.001638041689011006 -0.46730301193121043 0.002797995405875863 -0.0029586724703991873 -0.017559313986841147 0.47123032252813918 0.026156253486030664 0.48660309627293935 0.092772071287793953 0.55343013607350144 0.082969797736912959
0.0034996048097278624 -0.49473213688234668 0.0015712720729612862 -0.001446860047140222 -0.00067720723743568394 0.49164523092032764 0.007890992739545865 0.49429823640886655 0.010004380767465834 -0.51766941733324079 0.032141623259039492
-0.00059634475924865609 -0.50238907732932137 -0.004986243672958292 0.0093158059507417387 0.006211707572392762 0.49517134498180332 0.014095465404830105 -0.50412880343316313 -0.0028490297380752375 0.497902830373745 -0.00029702529156108579
0.0012238810234831547 -0.48849334256295335 -0.00021030131918814066 0.0037820131258766241 -0.0021942023301274737 0.49152915234721178 0.0059571407612915529 -0.50656755243940177 -0.013661891256468299 -0.51225088856293655 0.022779235922936854
0.010602134882041047 -0.49423893249241441 0.0072410624811991061 -0.0015562601497899034 -0.0018834101460164583 -0.50987077996795638 0.0084596729868998636 0.50134509789539317 -0.0016236433903352126 0.49395011362450908 -0.013454876289651044
0.0087064400839141024 -0.49474568558080556 -0.0023977492710110355 0.0038813652226002155 -0.0014823354306709425 -0.50094869009492338 0.008126563250775428 0.49870594756510317 1.5704960163245628e-05 -0.50502104406241133 0.018931046376977151
0.010467163801177246 -0.49560620347285061 -0.0076490167248537211 0.0019167970292959205 -0.012039891714926539 -0.50554683611902351 0.0085374750156611452 -0.50461514552246789 -0.0042958919306240574 0.49332364122657141 -0.019600567343554639
0.0029012457200835989 -0.49151338984365811 -0.0019087690707264022 0.0077030055198120785 0.001853115268685576 -0.50115227689691677 0.0048402510948946983 -0.50310817550035825 -0.0081860124111154571 -0.50387997567686227 0.0091020347082547085
0.0083129516909925278 0.0085060040421972693 0.5045786513792172 0.001541331115437528 0.49678227829901128 -0.0098738828390190631 0.030782246860520987 0.49902537658403745 0.026359806220264338 0.49719618082101957 0.022218712884977759
0.0067031503924201716 0.0040545771405838538 0.49518747420361531 0.006615436416364362 0.49368021988711913 -0.0071105783697188122 0.0057515637001370624 0.49147665302772431 0.0014736120504831062 -0.51820974116240248 0.028064593617869334
0.01376725245969272 0.012092289789851539 0.50690854177208533 0.0019809106128581278 0.50168585680376809 0.0062316853847928762 0.01171875361470472 -0.49598957870823379 -0.0044552359883245386 0.4947855777686454 0.00095093128440552747
0.0092951617548198313 0.012246504557303856 0.49164918431443294 0.0037744349780681067 0.49472984226954941 -0.0037117862173526952 0.0052989084737080586 -0.50197151475266955 0.013566141691635046 -0.51003550816100085 0.03058303891214725
0.0019016732921610323 0.018528594734415781 0.49895573094492018 -0.0039487189372020334 -0.5059321689388584 -0.01923602498824336 0.0028545898345596421 0.49270455430181759 -0.02044573551960022 0.50109008192470328 -0.0082493605926317916
-0.0043843133776411474 0.0073946116596356054 0.49119363882752876 0.0017490662974195784 -0.50618458542552358 0.0017584588054183139 0.0053215930123783105 0.49821358527755372 0.0035833948922235357 -0.50387727190514231 0.01660358360303103
-0.00075635413002503207 0.018672735401773524 0.48926579150315175 0.0013889175332483408 -0.5052313690361816 0.00019229933161275131 0.010359863399590245 -0.50979899940009599 0.00057178227615389723 0.49497433488972425 -0.0026027145876563076
0.0035801894804275026 0.0091504415921578042 0.4941171405311901 0.0034791971648916145 -0.50017209877101299 -0.0039503137231581909 0.0019034506819107669 -0.5015337785361812 -0.0034610747010706167 -0.50372436079501171 0.016183327256840421
0.012551338295211293 0.0092585616040009103 -0.50074630016482757 0.0032946957601770153 0.49779919334106515 0.0034488474165520243 0.0041414082223146373 0.50611117714983778 -0.0035173161627005604 0.49497861049950576 -0.0011081933597033103
0.0057395908312089013 9.0758256855766014e-05 -0.5007980301965137 0.0066617931895137745 0.49540164172486756 -0.0033482152680498934 0.0029289389320533688 0.49209929474464276 0.0024722273642156611 -0.51091779836175433 0.021831215981728432
0.0037579500497056891 0.0020225885214011727 -0.50419835991106898 -0.0023535456344036237 0.49584272201703999 -0.0010332476786413082 0.012392073652708301 -0.50176310852213535 -0.013789233424103002 0.49778184770652828 0.0015803883189305209
0.0038561976386930945 0.0074042286031261338 -0.50103955322337723 0.0039950276021928511 0.49562540487210777 0.001106992107512521 0.0030087605851772782 -0.50065164924395045 0.0089104121216866516 -0.50216208336788393 0.017907140058506826
0.0014064814048969424 0.012492868532360289 -0.49639165111475608 -0.005272422578068512 -0.50636830284117074 -0.022251144313504955 -0.0012999832045744667 0.49739163532833569 -0.017486420036291726 0.49876648509616206 -0.0056212429509578162
-0.00048895514218946323 0.00087074450324385339 -0.50158335515346564 0.00078116713774191058 -0.49983377958342234 -0.003269198248964671 0.0038076055522561335 0.49762085862895983 -0.00086671252262385105 -0.50077406332980001 0.012312797035353566
-0.0027215722568763871 0.0047716797868818115 -0.50329642328006541 -0.0027739591710913905 -0.50132339849150565 0.00082486983338610415 -0.006515957132615954 -0.50179487315144311 0.0018159279169455884 0.49344200519912873 -0.00038312869105139698
0.003802848101380226 0.0049293391946173132 -0.5000514586616418 0.0057171997356596756 -0.50038130144174398 -0.0019887562551721884 0.0048024162344239094 -0.50010370584361108 0.0053401037206780577 -0.49918363001085075 0.01233277406887405
-0.0062963901598893819 0.0093382127779811554 0.0015280629282195977 0.50139614323937598 -0.0024820379471320684 0.49526454549869264 0.51008220706105245 -0.0111174727908226 -0.0038014772437430472 0.49272647575330725 -0.0088491797358967415
0.0036237105531608214 0.004572329626451834 -0.0030861912378216437 0.50068940160003517 -0.0023791834761781585 0.49999070580488292 0.49938840750006669 -0.0032461471898363697 0.0028871303289199199 -0.49981267178665567 0.0070592669800664922
-0.0012949884358062463 0.0061714085740456372 -0.0040991857178164105 0.5065814607462199 0.0034366224674060876 0.50180651666094445 -0.49278404844662455 -0.0037125138108835931 -0.0045270972769678253 0.49837845329961855 -0.015671247657725613
0.0022504775589359989 0.0029667636386685064 -0.0015836333297135838 0.49848767170093883 -0.0073204383438619141 0.49495390319091709 -0.49284275435062475 -0.0070711149221661098 0.017956774099150141 -0.5118180408652373 0.035165010409818655
-0.00075043280809241762 -0.00045734986283493475 -0.0035419449200213811 0.49922599717780547 0.0018300407786821476 -0.50145735496744703 0.50765620470550765 0.0051460903008280837 0.0030548776998975996 0.49143196743352041 -0.0064220584539874219
0.0042571868975926231 0.0014144021874953263 -0.0029818045529085204 0.50083424264116905 -0.004799944301056883 -0.49639993696549339 0.50136376653787129 -0.00037203067098003773 0.0074700890648242363 -0.50121486663902481 0.0078866727276768987
0.0087536498345519576 0.0059252057309476395 0.0013635013148665589 0.49621755250181726 -0.015655551264950253 -0.5132239348037404 -0.48478743326301882 0.0065965772463083879 -0.0026285313031428224 0.50484552664215465 -0.0085063644131180005
0.003513086762756812 0.0054370523928640394 -0.0055173090862253782 0.50475469495942948 -0.0015070232966778872 -0.49757017614593713 -0.49148133571449848 0.0012275763456614523 0.011155530873220441 -0.50564488156807963 0.0146765175013198
-0.0017933272510240491 0.014149562288668408 0.0039305395770955669 -0.50238352609518977 -0.0039860877201170226 0.49513900347458456 0.50801978908460788 -0.015360418838588555 -0.0028661668886259951 0.49384722038412066 -0.00023497205689520742
0.0045209942595093406 0.0070282578610425727 -0.0022013149839235739 -0.49261762206516513 -0.0021156373153994185 0.49577368320290205 0.50642546357299101 0.00064489510927203135 0.0039874111170014152 -0.50472307302749331 0.015123823232658106
0.012754511488926574 0.0014746613964101527 -0.011188802138294044 -0.49230881970562512 -0.03318984588067108 0.50005811378912479 -0.48195532625103232 -0.025402802861364301 0.052632653910624126 0.51858225089959786 0.039475504057171353
0.0021580686542304653 0.020432706790857021 -0.0078737642221429708 -0.50136056767386317 -0.0033704200912992701 0.4999508488177502 -0.49646301335130022 -0.0012834453556760848 0.0040249147348612301 -0.50111957531275153 0.024021276575733372
0.0029243278688791041 0.0097117056263111064 -0.0017441789166309767 -0.49754225242943084 -0.0062334072589040968 -0.49978471153023041 0.51054970888286277 -0.0041950788491373105 0.0066157835264594863 0.49172976286384129 -0.0012847247030260368
0.0016031885662076727 0.0078946539411295768 -0.0025325524498984488 -0.49275372165216264 -0.0030677100007491243 -0.49706159699560609 0.50365701072660318 0.00031582309594369821 -8.9745457618482742e-05 -0.50607738024517357 0.016062723952706255
0.013965960788344988 0.0058537491240158498 0.010611451729419399 -0.50053654642321643 -0.0088537475564010436 -0.51645276908106663 -0.48660394770088899 0.0020763221107231861 0.003194035242875919 0.49545286702889446 -0.0069237612747559867
0.0051408738021635324 0.0022621686163663115 -0.0011021049737764584 -0.48760306843427659 -0.0082065803279102716 -0.50847313967213414 -0.48889243763042933 -0.0010075072300947828 -0.010132664180773581 -0.51333540039296932 0.031072020791026184
0.49703957571605317 0.0034032699893842286 0.49296663815911113 0.0043745560786842483 -0.0074671785350974105 -0.0036066779553229852 0.5041043337893556 -1.3524547815714151e-05 -0.0079323765720985852 0.0025000117658503583 0.5056141965772134
0.5004477022753866 0.0071527635478137366 0.49847952077941371 9.4748173000903528e-05 -0.012209177965967412 -0.0029931521075659347 0.51041657560131926 -0.0063070192948025813 0.012528425438972085 -0.01061276437086936 -0.48992511602136435
0.50774566440391389 0.0074436244370171822 0.48720714947381588 0.0013411760010149519 -0.0030949741080250892 -0.0064945858500284094 -0.49005575500390314 -0.0014995765822445896 -0.014197580280818484 -0.013386263507858969 0.51398143341350888
0.51686994535105923 0.0039073769323992244 0.50465073710179953 -0.00055376980057469092 -0.009264021335700607 -0.010061927012341322 -0.4900315776375771 0.008401263918656884 0.0084334966232275099 -0.0079143662415937562 -0.48747837391796744
0.49651815090113588 0.0036692477454539278 -0.50048305812400662 0.0050351990185304269 -0.00070937943363937788 -0.0055009953227052096 0.50191614171566534 0.00024043033585054442 -0.00056106986360097933 0.0065548320879476778 0.50095279401864279
0.50070419628647145 -0.0032517268276153594 -0.50067041533605294 0.0045229767643982051 -0.0014016914724318409 -0.00022984683163761397 0.50656793972652092 0.010988248477960386 0.0085635393490938704 -0.01366306146752772 -0.49152778334025587
0.49860002829590322 0.0013571250836856086 -0.50529185526066112 0.0052395503266244826 -0.005302929234434442 -0.00234419381022912 -0.49091486982064497 -0.00082978415583090826 0.000117204219628942 0.0027580742502673131 0.50498467615185616
0.51123085650591016 0.016799002722126213 -0.49816415617503684 -0.0016874566081620543 -0.0066402185009054272 -0.0084333364608836 -0.48582612435476524 0.0029253199042756674 0.002003864863210946 -0.0093192695983145141 -0.50393330146799387
-0.49578124082079533 0.0033872449889174342 0.49279298026741913 0.003638817984395823 -0.0062781079544831104 -0.0042197683449043946 0.50647864898955952 0.0034249746620121711 -0.0029527394458473445 0.0064419059631530811 0.50466972881641969
-0.4950405370243891 0.0031815336646313962 0.50281184444200089 -0.0066211164000551303 -0.015348592220696953 0.0013575690737046146 0.5081418362278779 -0.015572594479981421 0.0045875087017091384 -0.014492922323546988 -0.49309432233418216
-0.49739517311053971 0.00071908983339135887 0.49764385826066054 0.0078698612327607661 -0.017245613535248467 0.0012291305418428405 -0.49663722378613001 -0.0009486137422385631 0.0025807716796940397 -0.0075384802791267679 0.50781328986376917
-0.50050437869662356 0.032564450450436974 0.49219439240275453 0.0087907536179709662 -0.0014264441140424639 -0.012139803579762312 -0.48097228415261989 -0.02631126139050342 0.063005652206785223 -0.056177358285202733 -0.5165275290280853
-0.49907464008686692 0.0026412817666737923 -0.50044520561061046 0.0035101500427827197 -0.004245497877708314 -0.0031662023710301523 0.49866501129253765 -0.0028538856929045493 -0.0062590605416350331 0.0082455788881167086 0.50164693722790887
-0.49641650984513708 0.0026558874935798931 -0.50260203576054241 -0.0032167700315794403 -0.0094989729769437911 0.0075456115427015016 0.50960397760050524 -0.0095955790880670726 0.00318220427442509 -0.0076755186607101933 -0.49085633863534883
-0.49401209989667244 0.0062995381224504607 -0.49938701312388378 0.0062456963820714988 -0.0024888094617068739 -0.0023850376894704664 -0.49375684493572175 -0.0064496120524683504 0.0086735836680974423 -0.013139160903514014 0.51223899966550213
-0.50026443417666544 0.0062422176098119271 -0.50280016839601638 0.0023998047965027524 -0.0071620939671015581 -0.0019710214133851723 -0.49654233666187375 0.0022682654656743222 0.0051388100737883467 -0.0014846076822712039 -0.50023947579622519
0.49767814937936666 0.0034074034249243429 -0.000138150573265074 0.50295086191054972 -0.0039354095962060402 0.497311201284863 0.0061425798680004281 0.00011231316799927579 -0.0076545184824705643 0.01050757148469026 0.50180135279272886
0.50887105906421704 0.021101041678661926 0.0064108608556996596 0.4944605619319507 0.00018071343243732866 0.50132192630080952 0.016283736734287839 -0.0084238869327224516 0.0018630852388563531 0.0023320946786923335 -0.49437223495194649
0.49631371766513876 0.0037297698946039321 -0.0051499081816442048 0.50153280422774738 -0.0030678129399282685 -0.50302864655169321 0.0056152089746257707 -0.0036971890869401071 -0.0010626763395796461 0.0052905279948038224 0.49897450609105498
0.50173034276349049 -0.0071513763716742427 0.0037144005846940801 0.50470200339892124 0.0075845587974866999 -0.49958671002006927 -0.0010399619280689789 0.0038339589326263999 0.014620437715017915 -0.017113165926650714 -0.49326545306769926
0.49843009227259827 0.0096365305334246559 -0.0038776630254316272 -0.48916168623152301 -0.0014752656737745346 0.49626490829402525 0.0098247399087249103 -0.0019160608506774612 0.020769641886878187 -0.0097420540778785751 0.51504647439905193
0.50964616302393606 0.013721151171811307 0.0029079405807443271 -0.49829718575796667 -0.00047463998083408269 0.50104686437776602 0.023261918069384852 -0.011619671476905985 0.0028773454725825238 -0.0054814362784822998 -0.48989930866324427
0.49935228441744872 0.0032186745753673895 -0.0020231215554476706 -0.49612613935683336 -0.0019675943664277792 -0.50206971783816623 0.012534965058612176 -0.0054572269420629102 -0.00037067709065186538 0.0041962147245748925 0.50220431272041477
0.5043774145561688 -0.0042679261311292958 -0.0027678963426857497 -0.49056219084719355 -0.014435052821558944 -0.51008423910424405 0.02436187752658852 0.0041670333482161709 0.0033059571804140695 -0.013207435891321518 -0.49369601118648632
-0.49587817881878959 0.0067760145944689831 -0.0021148269939546861 0.50485312663198956 -0.0038122863256876628 0.49268452709048421 0.00030413373084441363 -0.0022300205004615269 -0.00063158019946790104 0.0097504093017368437 0.50628515068981084
-0.50312915010631498 0.0071374349387631599 0.00093810567308462542 0.50238673666786082 -0.0096647904282196259 0.49855711437361189 0.0073416255340026217 -0.0036917915208851031 0.0027726681189997496 -0.0093310505534234464 -0.4955823974518746
-0.50016647917685131 0.00081851558425878818 -0.0018020532180654605 0.4995194369435389 -0.00055824941890207657 -0.50007730150321761 0.0046502732027419481 -0.002374442263607458 0.0011641933125889903 0.015172633018155447 0.49997346087870514
-0.49477743438536798 0.0030978880841764172 -0.01445316321488037 0.50443533723436818 0.0026461433652451081 -0.50003220927256631 0.0080399096499230664 -0.0014041988103988721 0.0097940965452012804 -0.016295691475481565 -0.50005448897174409
-0.49413099376722847 0.0049579377906581144 -0.00063542078172252464 -0.49175615707529868 -0.0013531000424512533 0.49472025257528462 0.0061499254390619002 -0.0026366705047686186 0.011437822081460377 0.010986999061934887 0.51859347021144642
-0.50431096456029834 0.016728852363504357 -0.0019839197358829689 -0.50159974093429438 -0.02020245729187594 0.49275311677629002 0.0099869643694164862 -0.0093620764462132335 0.018342585341905852 -0.040139212019356725 -0.49843313733674771
-0.49670435694985837 0.0014456079619693651 -0.00043190565076463755 -0.49311516443193676 -0.0018451293758992972 -0.50537213496229738 0.012549641515591162 -0.010294444649597827 0.016422371064999126 0.0095445697250175539 0.50407467561385289
-0.50431978015110401 -0.0018304774961019744 0.0054286047226865444 -0.50259746034875508 -0.020127040860609374 -0.50100632585420568 0.012548450444200016 0.011105610402982835 0.0071428482258172428 -0.017818453933613587 -0.49087959797709518
0.50288711132889763 0.007872147940546876 -0.0037389382441556998 0.0074701864175425155 0.49683592138693744 -0.011339616029687982 0.006693681773194779 0.49617648194197778 -0.0087409793123399589 -0.0019147618729126075 0.50366884149140834
0.51037854503216662 -0.0038220591979009392 -0.004497395776599941 -0.012455697860766042 0.49159176193520171 -0.010423013229984681 0.0048742360349672744 0.50527531003115644 0.0064686246834354567 -0.0049421895119181134 -0.49209703982298542
0.49971633082264488 0.002456688615423972 -0.0076935175895235042 0.0046405390567633752 0.49123137734420408 -0.0029744090440869532 0.0043606559977126882 -0.50283879811839549 -0.015221510195727506 0.0088669650770351119 0.50567136138179491
0.50797423387483798 0.0054632184636962504 -0.0078313494766006353 0.0066275457446674747 0.49179506045957566 -0.0065427441672192858 0.012480766780375883 -0.50612381939295004 0.001958412365116582 -0.0017670565444145678 -0.49355631857796628
0.49993884800409422 0.0042944494992146285 -0.0062386263680430567 0.0091603640312044338 -0.5001911062646236 -0.001861091673899399 0.006249610301223783 0.49655095294114104 -0.0096203508743262969 0.0091943100278449284 0.5029376440471931
0.50113457004129269 -0.0060420296198615041 -0.0041749935729666812 0.00068082525253985744 -0.50838792726168247 -0.0047601386143825107 0.0073132923900245906 0.49891731549033302 0.0037262392774282029 -0.010258672305828189 -0.49115954824261648
0.5003748388633289 0.0016352665501688074 -0.0080624511145636173 0.0093840317069594156 -0.50158479964014613 -0.00068121964658912431 0.0061214565468983321 -0.4962711534264494 -0.0021508998945156412 0.008505186741600005 0.5014798236730601
0.49954938421102213 -0.016348381147736131 0.00049001484240943018 0.0030912477967548284 -0.5066617751391147 0.002691569060935655 0.0019287017641747887 -0.49447900533841788 0.016813870821072802 -0.021572180420422492 -0.49819541996948985
-0.48972666416162269 -0.0001309979623023909 0.0020389184327961607 0.0026954526767424126 0.49642487842367256 -0.0046067092583957307 0.0071500288324468616 0.49570865545483189 -0.0021784399764162607 -0.011730698286259712 0.51747166494297014
-0.46991061451523319 0.016736489154146057 0.0042034375213386259 -0.0045738610748719058 0.46605764816460393 0.0026599301392711029 0.027746778844843032 0.48714394536557598 0.10419044883306085 -0.10376941170335402 -0.54949582426767807
-0.49297351107084231 -0.00022795179422248341 -0.0025473914328028148 0.0020696985322629837 0.4874341496374951 -0.0026003424732885653 0.0036491322013160327 -0.50676045403870218 -0.023185923846531595 -0.0040423453105518535 0.51185357182300861
-0.5010014933337531 -0.007317409795133783 -0.012958931121686607 0.001444909179391376 0.49918423905245318 -0.0010914670198791353 0.012706526044845706 -0.50434416913533875 -0.0034859042716844915 -0.020942978415672459 -0.49458324384859603
-0.49374307393194528 0.0036593854222654247 -0.0025016652033469336 0.0023552296148283327 -0.50452027145404743 -0.0085273507468450263 0.0051448726716307519 0.49501411531214168 0.0059962681452772832 0.0086608207566773142 0.5063622727529099
-0.49756124705697596 -0.01082947629852523 0.001611340864671908 -0.0067815582116084504 -0.51204439983020744 0.0057273795532431677 -0.0061116523379308044 0.50128956715331929 -0.0088295296170410667 -0.0053956166575946868 -0.48847621839920419
-0.49457866975294751 0.0042247322228492323 -0.00420261029316687 0.0042634723284909462 -0.50506386970178252 0.0044406624669757391 0.0023859714845723373 -0.49767656002145166 -0.0029575324831211227 0.0018936588587015121 0.50252267190169708
-0.49284880236313394 0.0004672008259918052 -0.0064412645625113755 0.0045866117546778957 -0.50933686475910889 -0.0022802093655024461 0.013506973805729679 -0.5029841553216895 0.0026578575792274334 -0.010727679520201802 -0.49427768057824467
0.0042232422040943927 0.50654902701292492 0.49198258810757117 0.0025005022974505021 0.49058270317711461 -0.0030657675307809093 0.0011965833649928914 -0.0056016173206545573 0.0022618640369585319 0.00432084978457497 0.51048971062845583
0.014425487892808968 0.50715153881465513 0.50041342010340362 0.0042344363281198172 0.49365448421370917 0.0021199336286692799 0.014038400796272266 -0.0073046785832190054 0.011516397140436433 -0.01421319903056755 -0.49786883729310333
0.0011027353614553753 0.50010610886738627 0.49445824943552319 0.0021718474027385107 -0.5021838104655959 -0.00057187875543119292 0.0058198700636853404 -0.0022600739441877536 -0.0024030282563607527 0.0045203197904209319 0.50313506466515068
0.0084796958174898577 0.50187104809403404 0.49362084619013463 0.0011839783440786651 -0.51105240885958569 -0.00033471782421500424 0.010338551416656887 -0.0074090659680526982 0.01341908497015051 -0.014402618601138284 -0.49261205876483366
0.0043398681472742191 0.49926826922745599 -0.50075359485496285 0.0067520653970551793 0.49625835859617251 -0.00049927814789503078 0.0010468834886869158 -0.0025779771687624354 -0.0032782121240157672 0.010832563573744191 0.50349197306900872
0.0040509987636832365 0.50093532688165865 -0.50466887962096962 0.016850519152925406 0.49432178336071314 0.0024781742063218455 0.012352500828586896 -0.0075334256957405917 0.0040397534771016387 -0.0091113535436445243 -0.49940357390999435
0.0016046086512266145 0.49956356700366633 -0.50120164266721623 0.0034714175642740169 -0.49924412796488055 -0.0032794724833888761 0.0055996945891904158 -0.00049925548889045025 -0.003941656401306835 0.0044717729537906087 0.49989592607879252
-0.003768057589468811 0.49975397542695787 -0.49918405559768131 -0.00062161184330790094 -0.5079208415901959 -0.0078901976812568789 0.005823277955655729 0.0015455407880608514 0.0088724589888208825 -0.015335076521546953 -0.49259581516561124
9.1079689596535812e-05 -0.4947388473418361 0.50164581992411639 -0.00060453111875308425 0.49053683394388559 -0.0019936560764969549 0.012056356966385193 -0.0054728562090523517 0.011049143338959226 0.00080141677592932849 0.51249992846257764
0.024355278499529766 -0.4816061603198416 0.49673884363541931 0.0080770944877263037 0.49404791361842149 -0.038789783444701034 0.004949546083565892 -0.0063961311616140947 0.066374979840825563 -0.069827161790683101 -0.51547331773457306
0.0028758804113220571 -0.49256243540699551 0.4919891401753575 0.0071737883333339893 -0.50559202502273815 0.0035986993774604365 0.0069934665639095174 -0.0026819764387333049 -0.0021046026358860132 -0.011937855292780547 0.50934262489114623
0.0071242875934901971 -0.49702499969016578 0.50715355182433763 -0.0001478674890302045 -0.50862499551579521 -0.010581542941268856 0.019181970388967171 0.01005352572022853 0.00643916681566809 -0.0063068886033703668 -0.48615741382954775
4.4520422197299237e-05 -0.4930919092411879 -0.49927723112008837 0.0054616788831525305 0.49245977473261765 -0.0032222090019919962 0.0034297490476781207 -0.0054213097076099811 0.017382598408741803 -0.0088116915874634251 0.51439752802044658
-0.00078336095962851086 -0.49614982550997783 -0.50444757903938109 0.010990197910084518 0.49342125161252171 0.0027371054101349309 0.0093289163260746929 0.0042531034631450356 -0.0036826020314369348 -0.0087426676498866904 -0.50554866817161248
0.00045529822192624705 -0.49417792774662567 -0.50169487791583545 0.0061285463418358846 -0.50058272122409198 -0.0033591825756134667 0.0057004798767052141 0.00077652149349637686 -0.0067717384871249856 0.011436766595279625 0.50323807427488043
-0.00034472671945946299 -0.49290409856604961 -0.5075495834347703 -0.0044120377561491257 -0.50898587955082542 -0.008648144063104924 0.015567674245517258 0.0052117901964373863 0.0020469985329227367 -0.003829837761069039 -0.48988732988485068
0.0027930916815550881 0.50021244372783991 0.0014986072292072631 0.50255392695851275 -0.0010574653743787529 -0.0009617402279845698 0.0026485905205988619 0.497594709735737 -0.0044389790012284063 0.0071112253749893639 0.49953697263235858
0.020362891914620106 0.50707944918982606 0.0059270337350500269 0.4964411338125454 -0.013182181725773085 -0.0038245825370747709 6.2757135894190704e-06 0.49662414080446465 -0.0057236368314845945 -0.010468477129999078 -0.49899957126679256
0.0014741140553949218 0.50012828393305131 -0.0065572641164399603 0.50036126639900558 -0.0043492484526259619 -0.0046412055123246469 0.0040504840352145674 -0.49975577363439994 -0.0016319218349780411 0.0050602640718406238 0.49962402472151407
-0.0019553634585136666 0.50285186847985841 0.0018286810943304421 0.50128977366378014 -0.0045595797053564124 0.0038637556746055025 -0.0088379207838913763 -0.50255498478398386 0.010069896055704967 -0.015558685811511729 -0.49277030978424657
0.0017791613627202172 0.50562009862734369 -0.001712085651803382 -0.49022949666625737 -0.0051640002038216577 0.0036649160034846677 0.0042227320475747695 0.49776463978964902 -0.001552490429415448 0.0026726819803107242 0.506142410548855
0.01886769979945141 0.50443712769770777 0.0048195713421954507 -0.50187249475848661 -0.019160839926952677 0.0032202075226965593 0.00020759109849635585 0.49322357553051843 -0.016479390638911601 -0.012353102687504109 -0.49921613485856758
0.0024160461572288023 0.49857294665347107 -0.0034436393288511261 -0.49331303523669962 -0.0084688873501004725 -0.0042037747974383007 0.0031567790029118441 -0.50069903308359587 -0.012367030526493234 0.0023299389153356347 0.50704271751062469
-0.00022962177420949402 0.50734540745508361 -0.0048640845313372349 -0.49162527944225787 -0.016568631278768411 0.00055730371181199909 0.010331277856321321 -0.50715858341484976 0.0074071512895014374 -0.014937914469668872 -0.49296258353019101
0.0046217263286064741 -0.49563541829550251 -0.0012422281642285003 0.50081801612884269 -0.0018332242677032741 -0.0045776432269203741 0.0026499237497560114 0.49217090923143969 -0.00129098852545446 -0.0048995791860234929 0.51109170343575416
-0.00045023538086098858 -0.50195353384903396 -0.001102506785581303 0.49682886857138664 -0.0089012186766805664 -0.010424054298001452 0.013464289270709936 0.50298433777801377 0.0085461514091042315 -0.010728597137813153 -0.49764620338096538
-0.0010789598669361765 -0.49701107311525322 -0.0037380544006334012 0.50209462113986425 -0.008815632864340681 -0.0039564678592336217 0.0041354493243304169 -0.50055236438716055 -0.00097287561531179327 0.0031397251048631172 0.50019186578955521
0.0049714749662900662 -0.49812172447973962 -0.00028919442964076009 0.50582068871451291 -0.00060857463577742817 -0.0060094265341740566 0.01090889220036413 -0.5006980459921081 0.0017471721973109863 -0.013353222240513605 -0.49493433641074486
0.0064955155829025391 -0.49469719303327836 -0.0042815512100070905 -0.49194754342603153 -0.0043425190130177626 -0.007279523601474742 0.0055892433821232304 0.49405176483985136 -0.010631868696122435 -0.0085228871003478705 0.51848420146031493
0.013253389234293081 -0.49622927192864197 0.00025754587275923655 -0.50549403675767701 -0.0097099178296613051 -0.0047640391350943466 0.031031447366807255 0.49921258969707222 0.034540150348383057 -0.042011728855397237 -0.49477815581242224
0.0028226088284693538 -0.49671885549925993 -0.003827420200916093 -0.49057815691351225 -0.01243860529207674 -0.0093106431934039998 0.0045325761701687853 -0.50140857365144664 0.0041604209957540441 -0.010314756382000511 0.51067075697220821
0.00078433672987371329 -0.50191615081709773 0.0027664396654464361 -0.50340013340315604 -0.01242204723209691 -0.011828714225399634 0.012983111558493098 -0.50117246291506834 0.010602259313216018 -0.019136843633943634 -0.49248854166521627
-0.0031368779355994045 0.50215217657138278 -0.0029060471085547153 0.009166675652834565 -0.0017229619049118465 0.49426273170895824 0.50206416730827463 6.6538299294835772e-06 -0.0042196159278645026 0.0027392786810923062 0.50134671137795983
-0.0053219449828055734 0.50342038309130288 0.0022674755663778883 -0.0014822210650368558 -0.0055584947897983072 0.49626009492004081 0.50861916711139421 -0.0058543750065963192 0.0079157046824373696 -0.013182588028154158 -0.49118541084111444
0.0046634290795697867 0.50212839949535537 -0.0059008643744385934 0.0076784341663400108 -0.0054424726833305062 0.49520656165893406 -0.49218875068554879 -0.0018839518010353594 0.0079584461837538655 0.0085029628714712348 0.51000336494951148
0.0010505398536462839 0.51241719107192418 0.004218969980386086 -0.0022401999997360192 0.00042003061328396799 0.49729782528060495 -0.49826562556656812 -0.0041204742786147752 -0.015150728243891616 -0.018690233244344514 -0.49115671194348287
-0.0029417208131253627 0.50185684966711486 -0.0063220104515803776 0.008898442294241575 -0.00012982036849173479 -0.49930781415957648 0.50118658906760061 0.002552249233183992 -0.003691116838483382 0.0021517757620030131 0.49748449521114846
-0.0087011745444594488 0.50098887570138728 -0.00036097634474402943 0.0020049366834870362 -0.0040634626066473481 -0.49652001776421939 0.50690695105179662 0.0019795604002605474 0.011201529105391258 -0.017223287798167959 -0.49497571108101845
0.0028578310567738564 0.50394102439240251 -0.0075055195736761088 0.0079233604591747737 -0.003456612854882276 -0.50110685254548593 -0.49273253134997336 0.0015058770856917097 -0.0024354001540045646 0.002967064316118386 0.50198982924912161
0.0043500161672455359 0.50876921390255092 -0.0098616799626444537 0.0074749834943465578 -0.0098088527999347988 -0.50661519935499377 -0.49329135306922239 -0.0032222750606362583 0.0029763077411504306 -0.0060869090483908908 -0.49074841974751582
0.00036552151363339292 -0.49161144982983973 -0.0046144925281391101 0.0044453130191754679 -0.0023535166107616304 0.49232493756537621 0.50392612039793117 -0.0090322362580731539 0.0045779279976171849 -0.011321407491435478 0.5115812383663384
-0.0121005854230582 -0.50013553263078603 0.0029535406630750998 -0.0077176483298226758 -0.014978020700635695 0.49991827952163487 0.51304740341972177 0.0025432417714928383 -0.0027586650617354644 0.0039989661260321887 -0.48606522590382939
0.0068188644606013262 -0.49550370359004697 -0.00018682018796874363 -0.0015915227387683468 -0.0055211789765187459 0.49880054958298287 -0.49184063988092447 0.00083238625580696606 0.0088268686289163477 -0.0024498985258733807 0.51342255479292331
0.013317562164425369 -0.45305318468015948 0.0017067748686590426 -0.001186959823732905 -0.021501174853622428 0.46162193471431406 -0.45043005536230479 -0.00075897313516263816 0.14181688731396308 -0.14894669999387999 -0.57949897456787391
0.0021295117119162418 -0.49495893186261242 -0.0026698156905137845 0.0061640137209061025 -0.00094442090466262244 -0.50032728601439491 0.50310900135628589 -0.0025065946829538567 -0.0040839219534310198 0.0015424265944905182 0.50149148063152316
-0.012957601224267729 -0.49400138027030605 -0.0050247191996267374 0.00095818525327564109 -0.012774155387358172 -0.50002175705110985 0.51068597409788963 -0.0024717090322880384 0.0080280676374750466 -0.013768301827505155 -0.49449301802769202
0.0010543620659119416 -0.48856457759519911 -0.004252339227474586 0.00070821881350604339 -0.0077453595258476305 -0.51469409539384736 -0.49114359139383928 -0.0011492558729227988 0.011938899506968503 0.01731246588854805 0.50462793075364998
-0.0032645104618793477 -0.49220960826066262 -0.003211235493386744 0.0027457935575576405 -0.011039558101540241 -0.51196274072306081 -0.49759603613659931 0.00022357465257196761 0.0078490630750198773 -0.0087623230343676726 -0.49772806038974132
0.0034411612869262374 0.0065990110123972674 0.4994577974038692 0.0043127446178024822 0.00023193131932660552 0.49404321482391883 0.0026973872422018422 0.49219411684208653 0.011426703256890219 -0.013056939981736229 0.51363974789963418
0.012652828562487868 0.015791694678134349 0.50768104073838771 0.0018152656245192232 -0.015742349712227068 0.50025227319451071 0.018347712427673784 0.49580495001735819 0.007049751560357179 -0.019666540918650419 -0.49472353566564037
0.006847248045078181 0.0068198869819493845 0.49328547214726692 0.0060282444541031478 -0.0051002664405148399 0.49287317657956908 0.0094345701985792934 -0.50346926270734227 0.019933753000347641 -0.00030616542436865513 0.50953112644053467
0.010458922943869048 0.011934315673430408 0.5007301304708397 -0.0022161535845795499 -0.0030507522865774648 0.4951590535523534 0.014939850357581353 -0.5081432076732425 0.015660506371450347 -0.00049202308823205617 -0.49511877419275996
0.0064436548622947495 0.0086298659672095403 0.49286419003456317 -0.00030244808069930019 -0.0063017809091656636 -0.50007844813935864 0.0022127399635910173 0.49604427768001341 0.01441153426569803 -0.0056768554601150109 0.51043696579597453
0.0030747876127368602 0.016241131453691767 0.50111678230147194 -0.00081511742725910957 -0.016237173713924923 -0.5058216391714413 0.00010879779824418131 0.49352017302055995 -0.010138364933515654 -0.017263448159147099 -0.4985237354873549
0.0072849302748054521 0.0044365971895507271 0.495829018125442 0.0030992268099143739 -0.001433232847632387 -0.49965972112810314 0.00081890508303570557 -0.50177621192057142 0.0016912986758052108 0.01367050990133643 0.50243363155041054
0.016686726533305121 0.021117133008073292 0.49339869602476083 0.0002202969181074662 -0.010041963723442215 -0.50791639559298785 0.003848282061911611 -0.50537115967637269 -6.9072723579230555e-05 -0.00087068691654680109 -0.49227818452541883
-9.8801529802886259e-05 0.0025137321905742316 -0.49800068533374914 0.0076629968030116902 -0.0019205824631599044 0.4929075626059306 0.0056112357678951546 0.49400945698838183 0.0064065563806605351 -0.011570470911544667 0.51450652478093595
0.0084969254377855897 0.013233240356958895 -0.50730297675661495 0.0017559944975727643 -0.006107071708059411 0.49981282582822273 0.0031512384522899236 0.50175001082752535 -0.0053230624278286726 -0.0082761947672501529 -0.49059484161075329
0.0026750082080790293 0.0027748652786067887 -0.50037319673646907 0.0043705246076012816 -0.0041294970341979025 0.49744595118623552 0.00056953830634553625 -0.50072389537576889 -0.00409041734383083 0.0035429010263985446 0.50136728296023048
0.00014977125101547432 0.0059847846741071901 -0.50100780693571645 -0.0003341455829826771 0.0013625115464176506 0.49691643492971271 0.010882979445603283 -0.51038699701608881 0.0058505404149442209 -0.0020925773547803587 -0.49129979874650187
0.00031314956189811959 0.0044953795621422137 -0.49984964186106162 0.0059906738022730945 -0.0016483695965909208 -0.49968611365211596 0.0038983010357728338 0.50003563924152195 -0.0033024700289376926 0.0021414053513436689 0.50033876760831864
0.0039668196147712338 0.00027577967725150632 -0.50463900709796894 -0.0011242665197801786 -0.0057501002957132197 -0.50531129636616656 0.00059249312788902612 0.4973433252839351 0.0073156130464070998 -0.015167939023757061 -0.49225553132286209
0.002207067201982884 0.0048284232656647507 -0.50287786810332691 0.002427710146019362 -0.0037498244277275124 -0.50078170599869343 0.0045564850033554321 -0.49844282370638843 -0.0038829303957288504 0.0053625795558368992 0.4977685691807977
-0.0011406815720413376 -0.00054627988962096749 -0.50809721164444166 -0.016068327521217205 0.003391135837132693 -0.49709997508541282 -0.0051720509484192139 -0.49950676144032552 0.012225577307274596 -0.020240501617362142 -0.49433253006415623
0.0050851065798125277 0.0033103951457614756 0.00061477653498530403 0.50196886602207824 0.49616220694839264 -0.0017492340735729007 0.50001460159770661 -0.0049852292747997826 -0.0041684719694498095 0.0085010002434214738 0.50167815346105504
0.010097402842561968 0.0059370141214452306 0.0047170716827116387 0.50072723694687582 0.49140983516533104 -0.00063661831687336775 0.50939035840989189 -0.0096528835339336587 0.0059289611008883194 -0.013643286607473201 -0.49783103469217127
0.0029198451136821851 0.0024353958158160327 0.0011775052641027925 0.4993508991986666 0.49241994544041146 -0.0050283995943045442 -0.49237278582070731 -0.0057723379519611573 0.017807144356362756 -0.006159797295116478 0.51508332455771622
0.00048652184676877989 0.0067604012461112469 -0.0074032826216163597 0.50238566136011653 0.49587094233000156 0.0013704161245824647 -0.49748421520740044 -0.00046690753457588672 0.0035025973654200281 -0.012216267646614515 -0.50395015793566522
-0.00024492590327238322 0.0038334764609793074 -0.0064976308971827091 0.50344551958927652 -0.49718873742622766 -0.0033073187684813359 0.50084033206632106 -5.5514375387164628e-05 -0.0056788829047692514 0.008112238637440693 0.49833618738147445
0.00016362818268164954 0.0020723878779598435 -0.009124072549920351 0.50005350573145868 -0.50249988129891532 0.0019606138241703461 0.50288959008334932 0.0045151783031417989 0.012223081530834989 -0.013743350898113335 -0.49405701731962598
0.0040668469058275317 0.0062415818215279754 -0.0072728280857994702 0.50360706836352331 -0.49989158624605912 -0.0040731343412722838 -0.49257018030537603 0.0001190624570189993 -0.00025307573156792523 0.01605226193179719 0.50346817753775264
-0.012262837237583661 0.012241998511876347 0.0060899209492649318 0.50324379262097507 -0.51036369257689718 -0.014374670441457987 -0.49510531643023942 -0.00038640191992189287 0.0089301256449793309 -0.0041641998798545993 -0.49041218696824446
0.001535052197752688 0.00807951711085589 -0.00063998727238351034 -0.49060899326434493 0.49375259871277277 -0.0015498084812800017 0.50348747991829634 -0.0082663459496280702 -0.022786774770061812 0.001533481324048647 0.51122517244485244
0.010803360440738347 -0.00204631181656345 0.0016947624261783908 -0.49958419504449342 0.48697029847140194 -0.0074006904786359171 0.5135039980902375 -0.015570078724659582 0.0051331147202321112 -0.016095096109860606 -0.49888158279159511
0.0096711641782885605 0.010715762153571295 -0.007367648661720334 -0.49949950176440949 0.48824999402006336 -0.0051350833193905369 -0.49556551421666728 0.00077321089057817444 0.012069237294972474 -0.004265719704566893 0.51582316852243892
0.0072143906460642518 0.0096700175246950959 -0.022006322713137075 -0.49551769644920973 0.49147743984933812 -0.038352795866497723 -0.47333806674377243 -0.023497713539135257 0.086866128583595451 -0.069491184180848126 -0.52329298659460155
0.0011608604414838394 0.0047761827347822493 -0.00559186952321693 -0.49548139515336292 -0.49877345903605641 -0.00021951559254229652 0.50358053835901917 0.00076907628422811635 -0.0024742238848755264 0.0011512852941119747 0.50206209732840046
0.0051430305249440681 0.0069837715535217993 -0.0032120369892205858 -0.49545395774976309 -0.50573063512796468 0.0010089325219209339 0.50765463389197429 -0.0083904060477040104 0.0097785307108175096 -0.013543476272183897 -0.49052285354566105
0.0079208130180943737 0.0019638856170872843 -0.0036701848988545038 -0.49197685775667505 -0.50441287643669774 -0.0098190407107787824 -0.48907475695709274 -0.00010646810945579072 -0.00073158280464923693 -0.0058060065287909484 0.51392758966624741
-0.0049045999206740482 0.012948499587327718 0.0019344403668767587 -0.50694372434836898 -0.51207431974539308 -0.0087221058865090007 -0.50137693232632619 -0.0045041251868978404 0.010023310290848235 -0.0060776586504795831 -0.47851843786003617
0.48828418066789447 0.50529400018004245 -0.0028889989256583697 -0.0037387785392920484 -0.0068132034956614905 0.0027886308736473362 0.0054239375202133093 0.0036663158966818974 0.46866718293518972 0.23323036357053348 0.48175908863832112
0.51682776679570508 0.49440750136115746 0.026467292783920366 -0.0035892263182119065 -0.0040047311382438878 -0.012387126491432412 0.0064982635301289457 -0.01007792043883805 -0.45458847233300981 -0.26108942025284992 -0.46109136481222063
0.49383342406517305 0.50203618033237885 0.001628487555403433 -0.006367918477698545 -0.0028843852256205645 0.00073280686691329995 0.0030261823138945667 0.00073080443560347098 0.47873845660467645 -0.4815986568572076 -0.20712000361731714
0.50399226703015676 0.50735418899737139 0.0056129946770202659 -0.019450174735408859 0.0021044935697575166 -0.017600386650649516 0.003182103688074723 -0.012299053312310532 -0.46422517854290452 0.46520365726427265 0.2361750464151455
0.51479744566858587 0.49509523511126757 0.028133572418145257 -0.0045298378369914164 -0.016016440756478238 -2.5734087386061286e-05 -0.00077183989556882892 -0.018111820042653257 0.26327547397232143 0.45216730570948616 -0.46335501770092502
0.48669533839355783 0.50549073879659356 -0.0024338163197449142 -0.0061586023538264881 -0.0051901930076966455 0.0048619916706492761 0.001299942506456991 -0.00018790400134340336 -0.23436356270421566 -0.46779428128972145 0.48347992448120047
0.49769064265446822 -0.51648791690270235 0.00033729281212330236 -0.012784000364521122 0.017484533784767865 0.0022344269399068675 -0.0090979936789495029 -0.010922450463940898 0.44748524765967418 0.26368697745941483 0.46378234930047402
0.49355499203221664 -0.49637624067164421 -0.0050815125849253953 -0.019068353208873637 0.010590391356530497 -0.0034275920827722675 -0.0044295516368273802 0.0066417679906505709 -0.47555262668357867 -0.23128523187848068 -0.47936820467722546
0.49991602576292654 -0.50638467261019882 0.0053867900491747899 -0.0034171738824201321 0.017495521895778559 -0.0054700495711325061 0.010322507736520574 0.009228806394514226 0.45952293344494644 -0.46975364601954206 -0.24750814506563171
0.497783797859225 -0.48825105102874566 0.021507481927780226 0.0023040740665134741 0.0097973093264946288 0.022008270922428415 -0.023448692259123015 0.013158864033214234 -0.48628093060113353 0.48078220561532048 0.2107849624356902
0.4837726025874507 -0.51041017557405899 -0.019441235944127243 -0.0061893321865769367 0.0068004983945425248 0.01754167443549199 -0.022312760501831529 0.0033381237011215733 0.23142230286124732 0.46596556860767735 -0.48320399347203474
0.49918853775214589 -0.50023221769287873 -0.003402969215303869 -0.0060550768451307271 -0.0016435947537328523 0.014515572323194932 -0.0037498004450063562 -0.0057749208722223042 -0.22825406752111155 -0.46441264950586225 0.48217263058455384
-0.50424597983119557 0.50190413665246381 -0.00066553470740809831 -0.0047447127312107316 -0.0038791998000296535 0.006080726319967724 0.0070561722219712446 0.0054258316732936109 0.46124292594247446 0.25117587117678841 0.46673297137339764
-0.50105051172650639 0.49393565004095824 -0.0058974726695227861 0.014823374692949637 -0.0052770783714473912 0.00073918621055766047 0.0074902179691771365 -0.0016236014014806524 -0.46583099023083802 -0.24149933162372694 -0.47886728188796501
-0.50492372223287485 0.50089245452464093 -0.0016977815287614107 0.0053618461712460026 -0.0013884219262364536 0.0039543445889355863 -0.0059948756318370308 -0.008766921369949901 0.47065137212263097 -0.4805048903669355 -0.20395863826305133
-0.50411652384918648 0.49336419601952708 -0.011025029942692111 -0.01445610610243585 -0.0038391593512321237 -0.013754019327000764 0.019556776328377528 -0.0022511903633349816 -0.47759520342229977 0.47574618650192718 0.21703619588824358
-0.49281326733409447 0.50496260274509186 0.0051945202183253424 0.015846293356289322 -0.0027935995681074867 0.00028238438093918525 0.0071676866502610372 -0.023165826495252236 0.22809971599853998 0.46806429625638946 -0.47975012689706609
-0.50741621424025352 0.48802616085164807 0.00098648490967205549 -0.0082103151377797088 0.0013130256998837783 0.010863968677487155 0.010064656040528676 0.0042543226391745011 -0.26811426052195753 -0.46108805590372115 0.46857685710755742
-0.4940617380991611 -0.50421932869351871 -0.0087640597075772566 -0.012279230701614127 0.0025420597217715758 -0.012979677007911828 -0.0091986022327298286 -0.018857464929921967 0.46859229437823868 0.23432305015831509 0.47574898500519769
-0.49489682360093074 -0.49697610884863386 -0.024496606926953157 0.019052077264611365 -0.037921104634845021 -0.00069048909493933956 0.038018380777821326 -0.0024623529681145253 -0.455465006555824 -0.27764723643400541 -0.46872434150253828
-0.49895164044759055 -0.49438781433957496 -0.0046482296802662091 -0.0097780562349564573 0.00041983317346249631 -0.0061596209371136898 -0.0053209727802385823 -0.012285315039577971 0.48034288935893271 -0.47916262255050118 -0.21439977609644947
-0.49708913360706469 -0.49753912263001165 -0.0164183394548536 0.026983925310929822 -0.021126672658200424 -0.020311456103179939 0.041655005872972883 0.00048294033203315852 -0.46644388095171063 0.47032730666696815 0.25097327913648004
-0.50781897976517354 -0.48500042213953853 -0.0044364974641894405 0.040998993567272636 -0.026613107448433256 -0.013187806138606628 0.040060430418117771 -0.00031535566114439717 0.27494807143052064 0.45520410526950006 -0.4689344747836211
-0.49453247557649205 -0.50390008605372427 -0.0082147045995621341 -0.008336575070453215 0.0099694929415531999 -0.015501053091416831 -0.0038161546048063239 -0.012126952518916547 -0.23536515782581072 -0.46571215327012605 0.47812078740417385
-0.0010702359212667353 -0.011040688137935899 0.50015743526844014 0.50507173305336439 -0.00056913526877929756 0.0020466652465062503 -0.0015707663463882021 0.011270510643498648 0.44746166619783534 0.25173840235847927 0.48051417440848998
-0.0042680769790158345 -0.013417256449856736 0.49259597550625761 0.50573858202100519 0.01540298465728009 -0.00014541927132946463 -0.00037874034467573264 0.0044663644716083171 -0.47022091330468718 -0.22917866410770474 -0.47696071115809563
-0.0035067463876040372 -0.0020810103580778459 0.49540717410158847 0.50616827756263028 -0.0081515491424220751 0.0013478840751775531 0.0032272831436691578 0.0044083128988310124 0.47978520981922002 -0.48311231669484711 -0.18617010376556478
-0.011567185767982279 0.017244303641199409 0.50414301283642959 0.48642983677185847 0.00408124043943705 -0.0050459054231442825 0.02342088506632397 -0.009020374758524425 -0.47939166883425943 0.4823074489549688 0.21374236955588841
0.019118736771956191 -0.0066580019777515024 0.50345985689087769 0.50539163306411883 0.022779866706522191 0.012953285004724917 0.0042768154118647834 -0.0095933855503390186 0.24130003354968024 0.46238864882714192 -0.46676719226063557
-0.0078090318546816745 0.0046525738019025471 0.49792673257764569 0.49997200825827498 -0.011610597957656989 0.010796246888594636 0.0046021270843158244 0.0065177381699595251 -0.26799762743587041 -0.46078640302229162 0.46642520256028591
-0.0089245516312175446 -0.012379341171219263 0.51537319262450654 -0.49318285158717445 0.0020821835655426037 0.010127761312619782 -0.0027215301328784524 0.017007495834636191 0.46782366745433412 0.25103578879296812 0.45677864633862647
-0.023980719508734285 -0.0055395918307282171 0.50243970415262829 -0.48749597398794547 0.0098337616935668289 -0.0047825379828472609 0.00021251625448960921 0.0072985551236978844 -0.47538385388456356 -0.22441140164408091 -0.48246562750117178
-0.014512289520410428 -0.015385206062402141 0.50637982270932336 -0.51665563634004441 0.012618204006572927 0.01770143545529887 -0.013235846250610696 0.015156940063916123 0.46021342539403409 -0.4517517271586321 -0.24381471905304097
-0.003518722412549872 0.0091674986533249701 0.49752050735594633 -0.50600998156733101 -0.0071368106205144111 0.0038065663711137907 0.0078663924886602891 0.001164699697063804 -0.4682634273324327 0.47962742526874469 0.21653880427986405
-0.01605641854368256 -0.013981969879950372 0.48976546910988378 -0.48546508784369607 0.017986579358804662 0.012797849085943025 -0.023394127490790343 0.012167020435382701 0.22420522058566189 0.47917764062368945 -0.49288772952587862
-0.01579799269827814 -0.01452245415475519 0.50722992214627272 -0.50804017193314621 0.01294902268277285 0.017901882903807488 -0.017029663053729813 0.0029712421873900781 -0.22751022507428076 -0.45686228145233593 0.47210324347823529
-0.008392483420924966 0.0044646319429763786 -0.49618306554741437 0.49064646731308043 0.0072938354948489884 -0.0056710775220760682 -0.0048364958066231933 -0.00025895569041740749 0.47611085863081548 0.22760957518264902 0.48412968772177695
0.023273703448467645 0.0025789929144528715 -0.49730210074165898 0.50912512957984535 0.00031092389831132789 -0.023301256999270853 0.00049443300146919734 -0.025035401461774128 -0.44839379084164416 -0.27933056625211655 -0.461173816040925
0.0021217834032752148 0.00023977649845378311 -0.49698665752700771 0.48693503677262484 0.0017381253333120094 0.002765785393640619 0.0064400984324943719 0.0097913916193108613 0.48633061879152134 -0.48727570916133683 -0.20442814964379766
0.029158074003461602 -0.00058129346189231496 -0.50828630894397986 0.49261807260135193 -0.017211853375674064 -0.013084362887584826 6.7979011904124219e-05 -0.032282788306580816 -0.46078204942621431 0.46381324491607384 0.2630009064264997
0.017034564425460228 0.0014917621133531101 -0.51039392578322873 0.504467079962725 -0.010730191786089938 -0.0085929708370507171 -0.0048639032465486202 -0.019024667465033104 0.26944660773198703 0.44590096311292876 -0.46121024381974146
0.0017218818896847568 -0.0026965048518556175 -0.492993015924519 0.49462633578323817 0.013447564723185746 -0.012180571453575406 -0.0095857899947364936 -0.0034243363838450049 -0.22677428445656161 -0.47340252288454704 0.48613074028699688
-0.0017952483058320306 0.0057530336307547872 -0.50125292010535227 -0.50140686559877279 -0.0034300602996573796 -0.0026074599319547581 0.0033316909326816229 0.0067535552880644209 0.47010795684928697 0.25381154347884077 0.46022090279914168
-0.011952118867496841 0.0063884699617420071 -0.5079590428067039 -0.49123017124430945 -0.014503809410259794 0.0096565565102783718 0.00080430468713958703 -0.020995021267092066 -0.46762215233482507 -0.2281283599114721 -0.47856952540991943
0.0013205249283609465 0.0047771143333223808 -0.49343083076722183 -0.50421911517737183 0.015620706472462768 0.015645070255119877 -0.0080000797235240291 0.013652515445419556 0.46631344820972409 -0.47049466439142329 -0.25042345373602609
0.00097759270067899768 -0.012356292235202054 -0.50429453760615017 -0.49770076221591997 -0.011968121360144298 -0.0025816168051860217 0.013836709023328857 -0.0022668623729782122 -0.46748922002556587 0.48316466425326965 0.2132758296340215
-0.022010818976530511 2.097296231754859e-05 -0.500684845760346 -0.49045384843237 -0.013953437286449996 -0.015368240471977972 0.016509939005107239 -0.011588057505612537 0.24105361288882496 0.466409794695199 -0.48145877074526661
-0.0057650637420523588 0.003903088795604455 -0.50363093197181197 -0.50086908873158276 -0.0010591455124149848 0.0023618006761608181 -0.0005795111316064458 0.0017945695729903229 -0.22623452871787569 -0.453272903413943 0.48866033918668117
0.0056042856654212464 0.00061352970989865768 0.0094951609026854757 0.0034513702421848074 0.4917278382659106 0.50180792591987533 -0.0035655840999499 -0.009315753624357076 0.46997336559131841 0.23815350673878874 0.47808694846430344
0.021406190556385051 0.021148789601559345 -0.021707585060357464 0.021287536421808181 0.49296217774790041 0.50234266263734184 0.040114918541168887 -0.0014800850261971039 -0.45439003589142091 -0.27585703900190495 -0.46758042926015314
0.0074767243556090671 0.0020643285086755551 0.014618146502483557 0.0060321601972569798 0.50538588952464425 0.49100510804210534 -0.0030144590350742817 -0.011371945111343774 0.48039216118701167 -0.47800149708761674 -0.20925672910573068
0.0059019069266042752 0.033887176757087134 -0.020457050014581726 0.024487501340529506 0.50044215047093188 0.4931179161259423 0.03895419947636266 -0.00070031640558147518 -0.46590410992149062 0.47124027986374012 0.25206965673955023
0.013320706779045011 0.027263677664305652 -0.039287046680863379 0.0058636963642982086 0.48709008084127936 0.50564434014754722 0.037329645155570246 -0.0017454154351312157 0.27629276106820377 0.45527135893520165 -0.46857464841162227
0.0037388268620650307 0.0030616438331296462 -0.0087366574506871335 -0.0086589763046758771 0.51032609024138231 0.48855293109211489 -0.0070402299020510747 -0.014760347970259957 -0.23399077606675889 -0.4645008058885598 0.47950864531539394
0.0068297567344853217 0.0030508785574353769 0.017543520549660421 -0.0051753349675724382 0.48827225781743744 -0.50189073897714387 -0.0011755277065388799 0.0033330155157244566 0.46255902210536576 0.26952006373581255 0.47190144223923008
-0.01005330048242581 -0.002790563578267151 -0.016441028887313396 -0.0094400402996718154 0.49898616527095657 -0.50289681344753201 -0.018324497923620224 0.010641412389609336 -0.47032499294031804 -0.22043360789151176 -0.47685817876064512
-0.0073052303145868126 -0.0096890728278537074 -0.003752694336061217 0.012535377491305823 0.513135591447763 -0.5012003079929418 -0.0097388708967626452 -0.019326931908438 0.48065246120418487 -0.46453941141549349 -0.19462688408403894
-0.00040444913090625131 -0.0067109355809571109 0.0043366091166461623 -0.015570019102656358 0.49502816195488986 -0.49635296959365982 0.0022749439920248925 0.0096769161820694019 -0.47260252390650098 0.48640436697215389 0.21962068356332379
0.0044192765554990632 0.0037937838403316504 -0.0038065119812325274 0.013141896290152225 0.49337990331102427 -0.50164288685956493 -0.0013260528586942961 -0.018890571177152444 0.24243585971213433 0.46924439816726859 -0.47474782771281171
-0.010336206049816402 0.015596324996009518 0.012138438164157821 -0.007121355062544946 0.50208462966618717 -0.5033006518304648 0.01012766768061581 0.001564572286034115 -0.25444312061564112 -0.45536822212627986 0.47100403792532131
-0.0050411418041955728 0.0066209958999457934 -0.0041589598030863859 0.0018011586477784357 -0.50105739000913607 0.50192287096064381 -0.0046249834092634981 -0.0058960865124621812 0.46549496581611177 0.22403044677588313 0.47957666031292534
0.014753914492804244 0.013987475489406102 0.021648748205706839 0.0044031661566510645 -0.49717494860288031 0.49793047939918256 0.010769419690230285 -0.018389666195975748 -0.4643066194943381 -0.23505534778891549 -0.48238481617773454
-0.0043142478144757813 0.013892661336919391 0.00093265379035339273 0.0018732357917214124 -0.49880653634116578 0.50291180331776097 0.0061372318786662404 0.0029885806826042811 0.47643096767282522 -0.46411434468156576 -0.2358401378728032
-0.011419662215337181 0.0025019551524862013 -0.0059798086013827306 0.0082332634544264281 -0.49001820937130058 0.50562697921808009 0.0078725930482463624 0.0038601491610054757 -0.47605032007363884 0.48230230443102468 0.21134568979302051
-0.00040271666017170833 0.0049682189270312633 -0.0056103789696278061 0.00202438554325966 -0.50269320085023339 0.49261398494132219 -0.0095573322644193492 -0.0028100107933752743 0.23599509769886418 0.46749928513911782 -0.47981463221331411
-0.0010058169664666904 -0.0084308213523072474 0.0012348451912054647 1.2604484695353108e-05 -0.50266420847158355 0.50960598199336027 -0.0071473569016322572 0.01069608862795372 -0.26004687833593826 -0.45307191576921368 0.46313366365077308
-0.0079011683208900299 0.0082992853630133485 -0.0020815189834094976 -0.0025179600596061573 -0.50346000729431395 -0.49289216802881242 -0.0034939806287262311 -0.0058752648605830673 0.46782745152167493 0.23250862668474723 0.48007691028693106
0.021189185366354935 -0.003767713280155302 0.018879619232163428 -0.0037187259533977093 -0.50572043944823997 -0.50378706442958054 0.0017972687009296326 -0.016858327714509701 -0.45464991107768427 -0.2617444608489003 -0.46271789120007556
-0.0074751136220177891 0.010200471878639181 0.00094295976803095128 -0.0012407609120940037 -0.50518726181199625 -0.48934693977996424 0.0052690423415724255 0.0018984054319960625 0.4782580952841225 -0.4826832490510839 -0.20836927808633021
0.020681269122425124 -0.0042062026711392362 0.0062889240754926872 -0.020658902709950102 -0.49663701868833082 -0.51335243667189479 -0.00022859990280416751 -0.017355875858982746 -0.46558100835659955 0.46415164256339581 0.23749841736181934
0.024704276397998159 -0.0079412535229170245 0.022816422680842663 -0.012141661165515008 -0.50992571177793089 -0.4985047012915898 0.0016766290362498313 -0.016761294804131834 0.26425197497345621 0.45075968723576598 -0.46565040899325588
-0.0087006250060793228 0.0073502703051414901 0.004065001718986383 0.0010863688185508633 -0.50472243963566543 -0.48762498629413525 0.0047673654260172995 0.0020759971244373697 -0.23497045094701216 -0.46863717779397496 0.48215220119638202
-0.0040949288306695152 7.5073638861657658e-05 0.0010722335354629677 0.0049946007886661568 -0.0011764721111233731 0.00028138534556659735 0.48639337732960625 0.50909961755548594 0.46303235332241849 0.26453709055809926 0.46884527973117418
0.0067380002413291937 0.013104445999563506 0.0050216139072994936 0.0023136333407710063 -0.0096625727797379577 -0.010416261215768914 0.50308009687130428 0.50082228537910678 -0.45881622510931702 -0.23098237867255503 -0.48142777906005435
0.0028449426303908116 0.0070976116397367317 0.0021847488416718696 -0.011788807633022116 -0.0075011188840754736 0.0021530670080091899 0.49451174440385309 0.50777573295428313 0.47339735292997354 -0.46680009390719301 -0.23526886077848513
0.013706453473678749 0.012024327399424359 -0.0029582332187953701 -0.005298496061335008 -0.012631524057514993 -0.010097644441567509 0.50351186451720131 0.49915872297076774 -0.46996201653748443 0.48141113576170397 0.20991569404273633
0.029891598833837029 0.0054083306575353251 0.0020941651804512909 0.0030808528375806886 -0.0047049462235780951 -0.026733995436888574 0.50443830449230831 0.48678788343140039 0.24591335330535 0.46760989401723752 -0.47725641457634516
0.0088555676944021729 0.0012874151455359013 -0.0028849354058537182 0.007348016676074892 -0.0013759663092645584 -0.0031791467456841883 0.49612824804871258 0.50719288778742866 -0.20905121502667076 -0.46588715570098277 0.48549406663630268
-0.0063945068705443808 0.0067329115312385777 0.0063290113599096176 0.0070407800637359609 -0.0067586624946454343 0.0037696879005827805 0.51097519286992843 -0.48284377923088273 0.46880806224603977 0.23407437396322031 0.48058161066184035
0.0035489697215115323 0.012259917612161043 0.019366315821980298 -0.0083886043970809402 0.00017930359794884093 -0.014662333711563742 0.49791771686716602 -0.51410091187186602 -0.45335635821845471 -0.2593588029499746 -0.4627697954920168
-0.0051453483303260193 0.0083194552989199477 -0.0058411503252687423 -0.0089666925597232071 -0.0049721322064742541 0.0042444784026859517 0.51054193079220633 -0.48439006440711996 0.47914621225052068 -0.48118871655006584 -0.20817440405445659
0.012777091528268161 0.0025582707968230512 0.0051443366769594748 -0.018659490890458427 -0.011794840965925596 -0.0026610605198444386 0.49364281825407652 -0.51741100007866925 -0.46374165221957814 0.46591160233779261 0.23618222764090427
0.01645709041642231 0.00028705114083523049 0.017703654156237966 -0.0039993830860639359 -0.0056148558427008936 -0.0095450422112241425 0.49671144220823349 -0.51381455032709511 0.26190012487801062 0.45177674366299503 -0.46460249937972975
0.0032663133087557678 -0.0030524660450035293 0.003812656757295977 0.0069427845987511186 0.0040619004768963768 -0.0031351919038517411 0.49962900154179596 -0.49488227437462018 -0.23357909450545014 -0.46717746624365841 0.48222335441934144
0.019965577750984051 -0.010864464986864423 -0.004534560509839405 -0.0086633008768984016 -0.0060633186090570182 -0.0061998203391255037 -0.50531166435699493 0.4925738239994647 0.4670254979173965 0.23361889535898392 0.47817681696344227
0.012930466500145631 0.028610855253032204 -0.038762759176844151 0.0051120652327901308 -0.03993694929440391 -0.0010130593676766476 -0.48686681355002653 0.50502451390536451 -0.45540764061469841 -0.27938000804595192 -0.46728063224565347
0.0037762317304845827 0.0044206351896776538 0.010239497592652975 0.0010980660808172769 0.013180247579859678 -0.021747582234962069 -0.49724539470835394 0.49750675735150679 0.47867415745206399 -0.48081776955084715 -0.21007816650395639
0.003305481088862298 0.037060620616433053 -0.0048970730264418279 0.042223632513107866 -0.021573761134656144 -0.020719544441268112 -0.48667404632118527 0.50646706122784824 -0.46772799343221855 0.46865231592129353 0.25327664816597117
-0.00023655958435943691 0.043128620017989797 -0.036381686817910763 0.0041264355046951558 -0.021411588444055385 -0.021335692291102493 -0.48548268003739803 0.50753986898855941 0.27794188118712004 0.45386737770117386 -0.46834613972529326
0.0091227438665433275 -0.0039121664750779907 0.0084924398728902992 0.00049749535407449881 0.009520838581520974 -0.016153667834380759 -0.49607628463455206 0.49975934148268047 -0.23561975736782775 -0.46732209182855533 0.4792909627358744
0.012143208944000299 -0.013304627255752124 0.015682431654043063 -0.0036661129086147095 0.0065028156144789333 0.0044291509192781013 -0.51523375269394878 -0.49978963400373416 0.45741556539511941 0.23091620845320215 0.47068827621907977
0.0060272026754445204 0.00885040439145824 0.0088381468082596986 0.0022570766349982604 -0.00033448514803897884 -0.0035549862212556401 -0.50807797386276321 -0.48460056145729419 -0.4796815669062981 -0.24558864823664381 -0.4651884184576503
-0.0058941735184299517 -3.1353831292129828e-05 0.0031985771823276271 -0.016818276146032256 0.011453162337493427 0.001552621146588184 -0.51753332805586894 -0.49684274789209382 0.4574994088752517 -0.47181968070986785 -0.23005565600325073
-0.024967569051697714 -0.0047712419455015666 0.014273685731461927 -0.0034125050279042572 0.012696723082294744 0.017367238665490371 -0.50601617285343548 -0.48255367474010452 -0.48690783513999192 0.47540153600153512 0.2160540861621891
0.0059868673876773285 0.0090914198709182194 -0.013777544670764712 -0.0024869095234165486 -0.0093953771865721101 -0.0054544562398838176 -0.49901735737925046 -0.50742719347445675 0.23196823888074031 0.46290422701010542 -0.47431762244907183
-0.008260227162036728 0.012685997247649461 0.01688732271029289 0.0024570158449953093 -0.018441312281548855 0.0084501615657745829 -0.49498305855597036 -0.50029714939829761 -0.26035009975450024 -0.45341611335500071 0.47999407918338755
0.029495006912677122 -0.031009728803959181 0.0020478008795058547 -0.018233130529679707 -0.0012939061079555996 0.00039729914983554972 0.014594020021201651 0.015819503793324762 0.93494306428232488 -0.23623854569622449 0.25969124487899825
0.0021628174807427781 0.0090621838029500378 0.004817063269315411 -0.017413229238406245 -0.020602834049599179 0.0065260364445662569 -0.0087172137838849029 -0.021285048601379895 -0.0061552097060821745 0.71023736142165128 0.70293361649293284
-0.0034246643082267957 0.018877760455901098 0.027408805638408903 0.015495502204234742 0.021990887025796782 -0.035241580709060437 0.00764236210941544 -0.0075164228559661522 0.013542491734111532 -0.73006146350785606 -0.68090156307915994
0.019834149118689838 0.029460125437356276 -0.032557886972521002 0.032479809428995789 -0.028208803596767817 -0.019932797565436897 0.0280714790441857 -0.021818988908889867 -0.9464306030332249 0.21052656433755504 -0.23262481301831317
0.0057671281348376626 0.0044595898621351184 0.0036944778762900759 0.013943604691958605 -0.020385219461563485 0.0091050773167722955 -0.010162791520657435 -0.021736271682541105 0.71755186105773017 0.69552907088734051 0.0048176563124083206
-0.020088120678389571 0.014292372602270219 0.016096576608553324 -0.0012519756412651018 0.017294431220009822 -0.014455287353882322 -0.011068410117512735 -0.0080927627281901487 0.22432724081961966 -0.22227719925775641 0.94800084851916666
0.027133225191763779 0.026323747602645588 -0.029762744540399982 0.029343010895229709 -0.023611926361012163 -0.026453066024589252 0.024749239150072627 -0.025241693503515291 -0.19749171096589768 0.19591869983717539 -0.95756459135022942
0.019262201640537518 -0.0067284617789198304 -0.0028902504384537972 -0.041844919473426855 -0.0034035139974887213 -0.0052379448996291824 0.032788572172058848 0.017973535176586092 -0.69681941255373114 -0.71469290011476383 0.0066295523534003606
-0.0093909761490908444 0.021659796744540938 0.018880537510425843 0.023699857082129894 0.0093562279696451436 -0.019798799224230033 -0.00079720287710684408 -0.0150125449475859 0.72900230586485393 -0.018840196506654867 -0.68265631645660518
-0.0023801469522333578 -0.0017162327940987388 0.00066886893772947792 -0.01773638768618252 -0.020805534283159295 0.025390479075227956 -0.019024183653960001 -0.017464927099821795 0.23386600748971687 -0.93559499954070857 0.26057735907045737
0.027670033825191915 0.022867001105178454 -0.032948788258262307 0.029523552733749691 -0.025541817477977232 -0.026998964282652242 0.02623238654986406 -0.023180849987628285 -0.20981045575991591 0.94569393996098494 -0.23619892638849807
0.015259892447291692 -0.0052737103771665159 0.011155302265758314 -0.025153804349960344 -0.0060072284109415341 -0.0040400961267209809 0.027838516476257541 0.015074244636448821 -0.70736272735501782 0.0098141120549928677 0.70531496450311348
-0.25446872332565862 -0.29006803144876575 0.16508118662143131 -0.16741274096398237 0.29083863750445654 0.25407357185729124 -0.31134102016082782 0.23700080107994154 -0.39861971086612497 0.39794050997562547 -0.41991660489588922
