0.99979538164294202 0.0033533781481803566 -0.0042295543816184946 0.0031586196412544624 0.010324359417054193 0.0029405508840689926 -0.0071138205089746687 0.0030400839730137992 0.0123807893095231 0.0010343639632872867 0.0063751117423637088
-0.99990809022772975 -0.0032201719004403624 0.0057781102292399182 -0.0013754625675710822 0.0059183863702900489 0.00015044805531691914 -0.0013580764137921364 0.0077810645655859365 0.0049078652971025023 -0.00099593584953066878 0.0039553553335200673
0.013967794281091826 0.99978821608594648 0.0018046859604265485 -0.0048295653405274691 -0.0016765335395715862 -0.004137088665541095 0.0092948212282119285 -0.0014055178241389793 0.0058195261486687902 -0.0077227198858092058 -0.00019841729663537224
-0.0020442857655615728 -0.99986852501739842 -0.005872244480602128 0.0027220898376623783 -0.0015337045431403156 0.0023853892587893887 -0.0083196796589057303 -0.00068607142963466098 -0.0061459843789897425 -0.0093051020251562321 0.0038434885268346691
-0.008170804255397077 0.0013095672493007757 0.99992214271328594 0.0025058140143200563 0.0041085084460770497 0.00017300041715617855 0.0023063865496888406 0.0057074506750677146 0.0025933910356478324 -0.0024233769733559667 0.0036810030286606775
-0.00087341902188624863 -0.0061320229798504568 -0.99973782397114641 -0.0073968035557728492 0.0048968061071890841 -9.0237354310455903e-05 -0.0017618974072007544 0.0025559599443442009 0.0062638863168059866 -0.018224092495280883 0.0051213441958799606
-0.0034904574123129852 -0.005661467681933088 -0.0100791294502439 0.9998811964071791 -0.0014987313534960429 -0.00069906205616825806 0.0044847553000024023 0.003528452736512303 0.0036911648132333598 5.0237513961272508e-05 0.0065455021108607103
-0.0018535525791821166 0.005367423929155026 0.0030513071424752179 -0.99979662829043436 8.1867755643372684e-05 0.0041448173436159025 0.0045031517998383071 -0.0044898962377899745 -0.0026261438430716226 0.014188794472484603 0.0099651597797282745
-0.0012709781068115022 0.0024049281417408653 0.0013353373196736736 0.0039344410471196826 0.99994151400379849 0.00097574605868313007 -0.0044739409882803439 -0.0029263739577511444 0.0035962225066033296 -0.0039238861980188597 0.0058689831210938072
0.014827965033684018 0.0017365233454558326 -0.012623938482092168 0.0061159795755626389 -0.99954859476164015 0.0016054803541794809 0.0011712399923265611 -0.014268043027570867 -0.011636577450901084 0.011217898983500856 -0.0037651037427684549
0.001141422460322632 0.0061276267824497887 0.0035980839808485809 0.0050627144191449404 0.0013629127124087535 0.99991948714116807 -0.0060697475732393747 -0.0029696603850663276 -0.0036017233824208674 -0.0046050489711587572 -0.0013762840131972944
0.010207000617235389 0.0018133102151995867 -0.00089757522273103258 0.0010834991850392553 0.01011165391354746 -0.99982214459894425 -0.0039640494094794069 -0.0051256410097679584 -0.0017187607017983991 -0.0013305799511773304 -0.0098626868834403702
-0.0032911590151420045 0.0020545215652102112 0.0068926379338030506 3.5431156511729939e-06 -0.00034915012294550903 0.00032872432966967591 0.99992615888581238 0.0030948021671080815 0.005953627880495937 -0.0062845968295004908 0.00060490569892366459
-0.0058241276494458505 -0.0071419734797273362 0.0048657069177576572 -0.0026945063298316105 -0.0010481766791478489 -0.0024038334122608172 -0.99981881182621501 -0.010551283910259673 0.010365432912090819 -0.0042798882864686603 -0.0015853950306802353
-0.0056968123290520563 -0.0016319802106233106 0.0062491735311560447 0.0020209241758747396 0.0046187125214683612 0.0024705981112122122 0.0036730367345432042 0.99991660671843907 0.0054760279487430811 -0.00088687970776538962 0.0041018626582489245
0.0026542560558196291 -0.0023843144857079888 0.0027154852932802114 0.0021715638084978694 0.011710950955819345 0.0060636643020834241 -0.001606205397298294 -0.99971449423027225 4.4418533419662242e-05 -0.0049627226996322342 0.018573786984509802
0.50541685978477568 0.50175781266135266 0.49743321649479294 0.49465121649648258 0.0029871644570505828 -0.0013876905026990968 -0.0056561066237217376 -0.011370068242335798 0.014026723102389333 -0.014675985680928039 0.0094346212265737084
0.50919139280675096 0.49710464339146493 0.4953364559857209 -0.49789049882860548 -0.00025804320928771819 0.001135995705801561 0.0004010483448412475 0.0017339297058456254 0.012227089963257247 0.014103195306148333 0.0022403764236505488
0.50019012644934402 0.50291285848119116 -0.4945987406475747 0.50168911345407419 0.016618865006603645 0.0028366234606038441 0.0077649934165203334 0.0058223950200941635 0.013459873594737064 -0.00053243390945827758 -0.0029551940742949586
0.50311601896675484 0.49315315616064925 -0.50201229541017001 -0.50124656868471018 0.0069577907009618096 -0.00056338533291647056 -0.0030851692798053837 0.0014851034129683453 0.01090074745390017 0.0085282813334462172 0.012560204337135219
0.49348666179760703 -0.49612135598048163 0.50787785472280311 0.50209953977119648 0.0045093554681066971 -0.0022062981169015867 -0.0085734829171165462 0.0009395299438252103 0.0096755434299482714 -0.0059407144493659175 0.0078837820150343251
0.49723159802775252 -0.49563411081958003 0.49687476394231456 -0.50969363383924438 0.0060804413714092244 0.0069792978526014788 -0.0048679912786986981 0.0030314402875688392 0.0046772898352345936 -0.015331934756966478 0.0077408072692583749
0.49599684806727512 -0.50063025854398824 -0.50179227205196553 0.50131752807417085 -0.00020852815783726646 0.0090252975822593205 0.0012603359811871561 -0.0083542024766110369 -0.0013424386847268933 -0.008546571268797638 -0.003741128668715957
0.49652989330243585 -0.50044743461906549 -0.49989352109620555 -0.49973995931097775 0.012979749737398818 0.017010079264691117 -0.0202334793740548 0.018521530946893423 0.027817576272995751 -0.028576254084795534 0.024004031555376736
-0.501023194100636 0.49739498975222224 0.50131754014836549 0.50009131375010718 0.0025635166530433616 0.00068399829741593358 0.0039251446487440656 0.0099969909776400218 0.0054409771640740569 -0.0021995803587562934 0.0025605755584735476
-0.50452130572254816 0.49848214485225401 0.49735440848600221 -0.49946480407159682 0.011171921570028939 -0.00094216457493005268 -0.0025711681638455487 2.6031328840457619e-05 0.00076097027360234166 -0.0021778581573201668 0.0031099771464074043
-0.4994000938074849 0.49688329446443269 -0.49988041890121199 0.50335944414626899 -0.0010633256285352806 0.0027137715864501916 -0.0028966595752635744 0.0033178300306737564 0.014524315121270247 -0.011696526324853221 0.0089284078604172559
-0.50415598659883942 0.51109197257898076 -0.49501563738042537 -0.48930608160200523 0.0015780214762901473 0.0073004803247582193 -0.0069269349760095163 0.0023425970673737399 0.0034199888810569823 -0.0043282653849243107 0.003335631708940748
-0.49901393142582012 -0.49876267381110273 0.50248296362762068 0.49965057778512889 0.004611398615651398 0.0030665445716903743 -0.00024250862044300129 0.0018829579931735497 0.0056421995534588227 -0.0026218754135120042 0.0028427378025296457
-0.49471153189250094 -0.50145576619467669 0.49550760429821683 -0.50780191452926005 0.0024444617628124761 0.00016298150685862869 -0.0021009839316470037 -0.010086431069695296 -0.0052629983764294116 0.003544191520492835 -0.016113094638024496
-0.49732819012369028 -0.49791466703247322 -0.50669775493147184 0.49769696568314437 0.0001538019849766622 0.00098252311153390007 0.0064691024398473374 0.0044578311205898044 -0.0076849576264275236 -0.010112952154072758 0.008759579501912711
-0.49904423644107493 -0.50478275697164088 -0.49713998766066442 -0.49832625648361473 -0.0044237861664270552 0.0079874139684590565 0.0034443661331126575 -0.011909071944215612 0.013678084144854167 -0.011871093901582263 0.010340306183073879
0.49682779197035376 0.50178221180510307 0.0069300973223136129 0.00016550983255399657 0.50196069255393805 0.49909368095663326 0.00099694893179549482 0.0099429518659295921 0.0033265630821096236 -0.010962984742594346 0.0062092595357893035
0.50070066365511046 0.4992389726452659 0.0037874001740412521 -0.0011000539396014645 0.50349597843887994 -0.49621938237213448 -0.0078248694245681739 0.0057998545823934487 0.010972611321539611 -0.0051068721754340546 0.0077793383688474806
0.49628424724619008 0.50180952873256879 0.0018854670297643549 -0.0070693690339133789 -0.49857962453589716 0.50319695258792985 -0.0054716273009259922 -0.00022172129810363168 -0.001562735511826544 0.0014515992116132747 -0.0035013711144538792
0.5024409405246294 0.49745295187878691 0.007754506733950269 0.0014755940367476694 -0.49591233127003709 -0.50389817579183283 0.0040127987375501283 -0.0065007083373375338 -0.0038678537118083424 -0.0057868355170051181 -0.009062604874258029
0.50189095699865438 -0.49030452404022951 -0.0050617466674741278 0.012144314019941821 0.50558078807571738 0.50165447454845402 -0.0091552429865005263 -0.0038579582157866727 7.7769783539248288e-05 0.0088261575482264515 0.0093851382316488124
0.50536997248246784 -0.49258973782706122 -0.015007353099723326 0.013987484212404398 0.50324886398568525 -0.49790824149324925 0.0038352327426096461 -0.013672096605574061 0.0041986416287218432 0.00039560578169129675 -0.012008928256060836
0.51303545649817939 -0.50217765755367316 0.0030518334988186278 -0.0030894197856039477 -0.49308678704603409 0.49115563116647792 0.0011825881768782879 -0.0022038051821169865 -0.012963781474081405 0.0024952307651509623 -0.0066624141732320712
0.51451745564237017 -0.494106620704796 -0.023358889011025681 -0.0049411556149385185 -0.48874925840179045 -0.50078282906187466 0.0070515172643122771 -0.011823845129048639 -0.0094442006565639922 0.022623753127390372 -0.010514213611009172
-0.4956557309579524 0.50026919284481564 0.0059433160102855299 0.00035379043401367839 0.50107142821148376 0.50284831756584569 0.0012266228770772497 0.0023379057007446779 0.0090779204298327143 -0.0012002205397240171 0.00092556034116139435
-0.4918111262807775 0.49912994594871074 0.0062615389519811576 -0.0024930927748812583 0.50221183008778891 -0.50652134308478036 0.0027421443460881969 0.0010148898367713841 0.012383803355245842 -0.00018533496051843635 -0.0017762797973467413
-0.49967738851518401 0.50061175610191611 0.0066019609066617279 0.00020342103624030927 -0.49943949319134123 0.49986498050724282 0.001384378218282432 0.0088601576473377464 0.013542458013891485 -0.0052508994986865034 0.0083996835267742351
-0.50669219981970481 0.50691831068563153 -0.00024186391072746725 0.0060078445616829224 -0.49347594104238485 -0.492568447752878 -0.00018568158010534057 0.0055742321561229836 0.0081894535950919594 0.0035378998716367274 0.0027960154238855922
-0.50280514435596324 -0.49709370552807886 -0.0028985920076328507 -0.0028295068428956481 0.50066276619395222 0.49933969030657133 -0.0073024308026429065 -0.00032071893800949186 -0.0032919706424565762 0.00072050362741895983 -0.00055719659609985734
-0.50298131885741137 -0.50251816045694453 -0.0023018766141943746 0.0076344690316389654 0.49755342609875791 -0.49675126716509205 -0.0071149662545317918 -0.0013391483114070042 -0.0034050616639220766 0.0058855170510682822 -0.0013507281193359151
-0.50030173097271702 -0.49478662161790471 -0.0020750123085818408 -0.00055216332959682113 -0.50397701181199528 0.50051774579778119 -0.0053966752913656244 -0.01166226931239462 -0.0099552868107205244 0.00034695890009041742 -0.010225627320733783
-0.49997730493457393 -0.49204157779568597 -0.011305458820797884 0.0027876688713334048 -0.50552434521649336 -0.50187836005243991 -0.0029389584580334369 -0.0077125456933340554 -0.016520504787018709 0.0017044369885819951 0.001221006371952706
0.50558385900602099 0.49634751201985622 -0.0010412788892470916 -0.0051471677320140017 0.00028095691903045901 -0.0027074952063720083 0.4979319283714288 0.49983941201118276 0.012268669439826263 -0.0057205238998348142 0.0054985475284030638
0.50652079559347007 0.4949604680954342 -0.0041618410574105922 0.00048928715528263672 0.0016748451019277224 -0.001914293588862002 0.50266610372278364 -0.49562479328678938 0.0095462115311359032 0.00070401301804287456 0.0042444509416235858
0.50048998441747605 0.50566640929556472 0.0026140314091640969 0.0037883175752639131 -0.0024044764138219429 0.0030333444319148835 -0.49486873757658961 0.49852183582396242 0.014677987783190566 -0.0084249287997250604 0.0083414529797427531
0.49831543927508398 0.49930087034499449 0.0024471032219702069 -0.0099609517691881411 0.0087219904252886452 -0.0010759296668469785 -0.50414831862674048 -0.49741746201636311 0.0085368419647483332 0.010898597459022826 0.020410988378389124
0.4987856388991439 -0.49597966635605367 -0.0080983115774353413 0.0050423149943779628 0.0021830080040723043 0.0072069620520262001 0.50841185230524366 0.49602724504776025 0.015322552759481939 -0.011228195114922662 0.013522247953359809
0.49730941072470569 -0.50120420500799745 0.015995501381272984 0.018512380350214998 0.014948996857795313 0.013884736352198602 0.5014800731308825 -0.4968483642632131 0.028612693843839378 -0.024056486356795467 0.026924163541918646
0.4934042422583495 -0.49162472376310123 0.0010361492852744415 0.0062396882439147419 -0.0003633050547303958 0.0041099106997618297 -0.50445319075489226 0.51018177817731036 0.0031029258225746051 -0.0030144875170783438 0.0048135542448537096
0.5058262155937252 -0.49715265341833687 -0.00016130481828642232 -0.0065578113160386304 0.0038672029064228414 -0.00037420185873131712 -0.49739287396113879 -0.49903960604283254 0.013103762486107902 0.0096833388245255985 0.014672338416069113
-0.50277462441619425 0.50033314347998392 0.00094070624584789307 -0.001709132130802803 0.0040048472783909064 0.0035682312839798343 0.49684082344031877 0.49995139911974706 0.0045810766490533995 -0.0016647145084094735 0.0050874930158330963
-0.50826200800957411 0.50483385434108508 0.0050356286612562888 0.0040757598328942197 0.0078109898760046585 -0.0011089956897001384 0.49398350171925842 -0.49257141965356277 0.0059846049124340052 -0.00027693908041758353 0.0051092362568279847
-0.5015575864485512 0.49858241756497029 0.00943678850698643 0.0005844826412877873 0.0033545016038180101 0.0015289870936951117 -0.4985229123105136 0.50120456814136871 0.0023338306431976755 -0.00043545035044201215 0.0039781508690150515
-0.49637495348852817 0.49427325005762329 -0.0074285683695174062 0.003226173412984749 0.0014746424917566798 -0.0032373048989714731 -0.50262246794008147 -0.50611011257104954 0.015368658642239862 -0.010456094311542615 0.010261402865359603
-0.49318136006420121 -0.50144212139789357 -0.0077393266013057885 0.0063346877710508285 0.0040762663397731934 0.0021456270741035148 0.5054308472921637 0.4994556968584552 -0.00048917523883607028 0.016866278943802986 0.0023779588576436465
-0.49728087872002885 -0.50941783459261758 0.0059880069760239879 0.0061037735821287574 -0.0041749342981423701 -0.0014449532454385323 0.49679552129249482 -0.49575317920658168 0.015988265640421256 -0.0066841641765412567 0.015338182878030539
-0.49908979942062937 -0.49616397383928418 -0.00038298125921048951 0.0015221558122482449 0.0095385490269119209 0.0012108959901207862 -0.49956847822490097 0.50499219758903069 0.0045108038234276853 -0.0019605835529112334 0.0050787850853512544
-0.5006267171081773 -0.49818787375967744 0.00082595763310004742 -0.0038066345776133579 0.0026635211721700407 0.00042932962797354442 -0.49555281215490782 -0.50538479198298292 0.0072835283121871547 -0.0065882556573150629 0.0087434955776670483
-0.00070179083171279758 0.0013159648202472692 0.4956441027444527 0.50159097422437382 0.50022400618862173 0.50235880260434473 0.00082487115359470458 0.0070872095996567953 -0.0032359965331652868 -0.0089996273267886791 -0.0032244190378605442
-0.002896445968458527 -0.0024395174748916477 0.49526092925872134 0.50251262191012747 0.49960626506184663 -0.50233752035566337 -0.0015812141186733715 0.0082467824613951454 -0.0024719717687214779 -0.012480615450387646 -0.0012432274182584749
-0.011286286132273725 0.00046933208473580608 0.50116941664259163 0.50204526399774363 -0.49905418771311283 0.4974104818800793 0.0010214264785933834 0.0041680677177357755 0.0075281663543190864 -0.010126498905078583 0.0015043486443651112
-0.0064278046014614506 -0.001610358572382217 0.5028311123143524 0.50871234705777002 -0.49309543217196589 -0.49509996080342977 0.0006551007870594283 0.0045860007658533432 0.0048024291434969266 -0.0037660446892068518 0.0017108822868372323
0.00083277327949321696 0.0054374651615341609 0.50650478926468467 -0.49275514923683689 0.50203623852113177 0.49855997331124102 0.001850080768192641 -0.0015033308840879107 -0.0022664604422137644 6.0751483661212441e-05 -0.001321628153212361
0.0067452629800737237 0.0021661512314134312 0.50283533991907658 -0.49673185351474397 0.49910958206529216 -0.50113097986263544 -0.0071165558502809308 -0.0048988444687794166 0.0003139606176035138 0.0057097902105932739 -0.0037306354890694095
-0.0063558861836137031 0.010468299371069224 0.50596808259623283 -0.50197339111333306 -0.49050543264789875 0.50113077186098332 -0.0019832062411127955 0.0071691076147264495 -0.00063282789567905033 -0.0092514254509032147 -0.00028793936624155718
0.0038115170245106834 0.0032309207623848275 0.51082557368746773 -0.50435975623422014 -0.49321681040384741 -0.49109075568073918 0.0038138211492342298 -0.0028442879403014773 -0.0073429253613689046 0.0090628898726030482 0.0078651723344924478
-0.012208649765776574 0.00086460479297984828 -0.49672903613082314 0.49974831465641467 0.50398689107387873 0.49927242103347985 -0.0036186119758966377 0.0017587797479296373 0.0068100695780104097 -0.00048805473896984454 0.0048526600127952631
-0.01291001262857505 0.002093826066992056 -0.49717963807841248 0.50273111179051932 0.50170144231866198 -0.49806715002396396 0.0027561982379499411 0.0058735476672097881 0.0071741773041012176 -0.0058259887262801756 0.00023424611755536246
-0.00587279882268922 -1.6252643755168272e-05 -0.49964477718068045 0.50192435199025354 -0.4976943595768184 0.50053766323351101 0.0054168251171530122 0.0072509803108630703 0.0061989637798185353 -0.0048527739285046832 -0.0033208942570056468
-0.0033818007376748781 0.012369290275795895 -0.49579373299196267 0.50116344529490442 -0.49875665480286802 -0.50360997888973691 0.0042436485927264261 -0.006856001937271647 0.0084978407858323293 -0.0074634332815033599 -0.016887821354455088
0.0033358241797627037 0.010063447856581356 -0.49954474695472245 -0.4924230997203019 0.50519685975942108 0.50231154129070477 -0.011048344398675665 -0.0060235584675539661 -0.012503227563891816 -0.0025551883500139739 0.00041888407210071408
0.007586938372347897 0.0033931016098099208 -0.50142936669449389 -0.49075151493073466 0.50494112070158115 -0.5021051530267775 -0.002901894438232331 -0.019678056474525911 0.0025888648161257479 -0.0019956508279098859 -0.013454152687055448
-0.00025188536945104433 0.0045828773236912647 -0.50599779458327598 -0.50503634168901568 -0.49091898128713124 0.49768637461691656 0.00082790931876157848 0.00046267506451322214 0.005903782698366342 -0.011636952574428006 -0.0043718136607442193
0.0057978618997570888 0.0032594846310304293 -0.50648932581040895 -0.50263440743894361 -0.49327105730731519 -0.49680944776582531 0.0061026981606966298 -0.0028293736647800934 -0.016315313829658017 0.01371787886799646 -0.012140615442267794
0.001698942684625851 -0.0035432824204449441 0.50210740487583938 0.49893466429713262 0.0089639333457688306 -0.00034405434345369094 0.49842608096569241 0.50038736641752113 0.0026082831498250325 -0.00084977988009798282 0.0057308879474807428
-0.0022832051781450867 0.0062140847614305748 0.50392664154372613 0.50678060829826876 0.00013414770853385067 0.0037951739844471178 0.49693369266855758 -0.49205968310402226 0.0061996389429825657 -0.0036283328936416357 0.0074618235412419508
-0.0077022524050310466 -0.0016303332020540572 0.50302694882364618 0.49803299042497673 0.0017313112247428091 0.00024636804397138281 -0.49744312764063825 0.50134669841593615 0.0046316262729643107 -0.0020129496405328251 0.0061892821594873217
0.0010856358318840549 0.0054792363151541868 0.49842135557037914 0.49602180867665868 -0.0021383816306474431 0.0026295086900378832 -0.50094910556239203 -0.50392585457147498 0.011845525813070726 -0.015499687055944537 0.014966627904889727
0.011891075046246794 0.0045006315347712617 0.4969269124993394 -0.50583572851003178 0.002852185559738615 0.0018189587678349695 0.50259295419595806 0.49413224452676874 -0.01569105950545471 0.0026821248066308217 -0.0010033159029035116
0.016871527676529156 0.0036222427514338829 0.50061184509139067 -0.50156741486494871 -0.0019772105259046645 0.011668750781885352 0.49916524963146491 -0.49798554715355092 0.00737066274431051 -0.012176918744795776 0.004681353655741031
-0.0034304740252154328 -0.0029052087544690548 0.49761135616699564 -0.49663533269649573 0.0017281979742914562 0.0049859588665459569 -0.49997760048373407 0.50565632494956714 0.0026907104616482524 -0.0037696130528552863 -0.00092727274897023331
0.0011598030624609308 -0.0055182712178068905 0.49793116480021454 -0.49713598817904181 -0.00169185011596841 -0.0037877214437779081 -0.4982445290415734 -0.50635157878267478 0.010583853867737802 0.0079982769858669926 0.0074723673637550206
0.0012713350475277176 0.0043620903738324614 -0.50082180912512064 0.49841267061421107 -0.0028550706205096293 -0.0055992998956818762 0.50938806456545249 0.49101199850530181 0.0017711186360180632 0.0096954842544609721 -0.0060046056481310242
-0.0032732580374577598 -0.009633773848336703 -0.50115414812808423 0.49416150383698748 0.014120353067573928 0.0029177781516368478 0.50309322778643828 -0.5010559995739764 0.0044890767786176225 -0.011350162467960542 -0.0053495579928037069
0.0077347073101822423 0.004372979891902929 -0.50526291764709774 0.50275192563318938 0.0042583149478014849 0.00057942761949642907 -0.49539816154070054 0.49602692885234989 0.0075333902723118745 -0.010155727823052962 0.015183026996645929
-0.0084592211649886073 -0.011635408685170798 -0.49463710540248984 0.50638349929902216 0.014239843710341432 0.00079616780592751892 -0.50220445479339237 -0.49598637115443539 -0.0011482140731869498 -0.016915928593288523 -0.00052496253136007391
0.0036515478168363757 0.0020943918916302511 -0.50126397192210836 -0.49372972016052136 -0.00076453240448629434 0.0063654991365149445 0.5091986845227997 0.49526729303182931 0.010735149153172223 -0.010155976176951768 0.01073267762037829
-0.018874939082552021 0.019887826063564821 -0.49906493012960029 -0.50046388831702115 0.012925232511772237 0.015488273535430789 0.50084980413880253 -0.49641138435192134 0.02719468243742609 -0.025029924206269708 0.025894364698472876
-0.0058913126430332821 0.0074762926591276386 -0.49484194865950198 -0.49323531252497826 0.0044326967896502921 -0.0019687274726343531 -0.50370465335205583 0.50779418347652483 0.0061096605100462035 -0.009621510627125544 0.005747444699941511
0.00039622728447122807 0.0019748283552182512 -0.50035931340724848 -0.50138564417927156 0.0005258132942554442 0.002248141817982551 -0.4992073831087564 -0.4986145105175504 0.012836979152794754 0.0054344027064747334 0.014994783016830429
0.0023072388617409057 -0.00084889216479302446 0.00048871262550179183 0.00045163881444949838 0.50346753561550195 0.49808886584801665 0.49888724836931497 0.49941053099808497 -0.0053495196186240969 0.0052796770326533982 -0.0080980309800215942
0.0053823227490346175 0.0053768469214178077 -0.0022463843384791194 0.0026108724783056939 0.50702708523741458 0.50497814437880351 0.48839353294951521 -0.49919210384929819 -0.0048289946309104416 0.0078881160114510195 0.006657673839512275
-0.0045909859024936073 0.00097516940202610795 0.00182892773484066 0.00010572897888590815 0.50178865920033411 0.50234424263342392 -0.50064988695118806 0.49507315795379736 0.0027114552340786915 -0.00013452642077912543 0.0088265514987373971
-0.006096026821595971 -0.0028057457559689798 0.011088545318493077 -0.003205590326177721 0.50129277689364538 0.49690964478649896 -0.50373526827649995 -0.4977623054570261 0.0039995663531219167 -0.0058565531464256177 -0.0064235790861672751
0.0074134626676993463 0.0069387464626765464 -0.0018160276398301949 0.0019867240350853158 0.50420686778009549 -0.49856793845123809 0.49498901069946227 0.5020190024253719 -0.0048227146593292931 0.00051975858228619403 -0.0058622808548995323
0.0027250935656880633 0.004073827987514227 0.0047416699409792307 0.0018256649031960798 0.49807908929333017 -0.4990489184295912 0.49697533968613533 -0.50547646894444731 0.017214695321769891 0.0054697062115171263 0.00058889187653658845
-0.004847060995415169 -0.0028343489780452398 0.0020793039058358193 -0.0046829194335096932 0.50303064478950299 -0.50262651234101074 -0.49983562977515644 0.49423331762079631 0.0050730657555151356 -0.0033398353115829818 0.011395577463997065
-0.0066893870767877331 -0.0051408451805180994 0.0086963130627486524 0.0061624724660527905 0.50410497932997456 -0.49599193213166959 -0.50141109791764382 -0.498213537057133 0.0006759885394483692 -0.0069556857048767313 0.0025959222867909166
0.0014454169283372965 -0.001206939065369369 -0.0012948841499874678 -0.00022961696565274413 -0.49737447357618686 0.50086214256932549 0.49916754450185202 0.50236815122385192 0.0076976934521155527 -0.0068030792444001313 -0.010145864920791347
0.0064134252827618473 0.0011076908149605124 -0.0057861520585085185 0.0029462111056923266 -0.48771091758808516 0.49911612596786753 0.5015439356235567 -0.51109280007925284 -0.0094056567011537306 -0.0058641229454442344 -0.0071840779767723363
-0.0050496680585678504 0.0019848258358269835 0.0071652620653618214 0.0072435032201198435 -0.49979051969698229 0.50077403613495219 -0.49693905943464733 0.50217566191081409 0.0023361953844096839 0.0039600513920562963 0.012312153767983017
0.002877060149052325 -0.0057371631712372362 -0.0008667878208382981 -0.0036649897086520893 -0.49099520340244257 0.49934074446234605 -0.502831064836879 -0.50651848649934228 -0.0054712492083373466 -0.0045166271638719157 0.0087614924029800929
0.01498452681444557 -0.0058269669027319554 -0.0094172701400634558 -0.0032436573603931663 -0.50200521493971917 -0.50611265327842636 0.48910655711488099 0.50208512159092533 -0.0062385509007809427 0.001616649115791469 -0.011261610908094367
0.0086062330269957819 -0.0065273737430335986 -0.011403190093891362 -0.006533542890980802 -0.49568614378192499 -0.49297437220002366 0.49221816904649102 -0.51757743113200139 -0.010233873189409388 0.014914898417937051 -0.022131694980723121
-0.0050303151774811882 0.0031113043399898024 0.0051486070555901344 0.0010611035452225733 -0.49586740074048163 -0.49231949089519506 -0.50284898056744709 0.5087137649206146 0.0017663517853733007 0.0020280295616773168 0.0045162602656625365
0.0012865921937683738 -0.0076350964551389041 -0.0120058197492837 0.0086861491613677028 -0.49183551795058011 -0.49721167149475443 -0.50044879358342376 -0.50999052109835774 -0.0048463061747056543 -0.0041023171053554885 0.0043813012642743209
0.49410533034086285 -0.00064119179018949884 0.50139048052026758 -0.0029160330623734785 0.50172084577919795 0.0013440903940650025 -0.0046437840041672453 0.01078167095835012 0.50245100296211997 0.0098910639204179678 -0.0063504209812168567
0.49055616575541339 -0.0015547440179569882 0.50245364539321702 0.0064172252219686548 0.50894346027582815 -0.0019216733304565784 0.0009196460945181266 0.0054031027068146475 -0.49694186933954271 -0.019889810790482406 0.021151371875631497
0.48758489685356732 -0.00060447366827125193 0.51123589157930527 0.0033473791283393159 -0.49048058500364194 -0.00058976296812589377 -0.0012115821762768988 0.0072587983105627156 0.50937323277780788 0.027308879436476988 0.0073949881147101259
0.49520331821882874 0.0067357231139649597 0.5022111567787727 0.02369057918641105 -0.5004897748868945 -0.0025359845486730339 0.00017060295771641413 -0.0048701296292627668 -0.49987660704434811 -0.020447484187509513 0.033706067587669142
0.48976324112116504 0.0076373895715122139 -0.49098294270397397 -0.0033532346587368277 0.50685229673441401 0.0029893809049961542 -0.0026276915376410343 0.0036566862257746456 0.51187502652992345 -0.0029980943241429752 -0.006682001451016893
0.48168606961005905 0.0050711953480668199 -0.50456076271120831 0.021289386768335715 0.5075924858963381 -0.0016047809116857537 -0.031718134666660402 0.0040339223693324653 -0.50049190827519507 -0.03614323575601603 0.04944197273767513
0.4924184466149733 0.00074900363978425502 -0.48937640367471363 0.005770732925143315 -0.49290081258601715 0.0012236707174176048 -0.0058750723730374588 0.0098690948794197975 0.52430459693115361 0.0038385093069909218 0.0025056238358868587
0.48692822589524393 0.042390629613452087 -0.48415895893236049 0.036573210880672925 -0.48907119504532692 0.002776805108771947 -0.0062704131237992233 0.0056158412804264233 -0.51682951700526181 -0.10494270083395121 0.089227348660449193
-0.49835844119847528 0.00094558360684745125 0.50001998450033702 0.0051767013031872467 0.50264547669919557 0.0010954457092773398 -0.0026824056630827928 0.0048026993506641909 0.4984769798909624 0.013125182901810891 -0.015990010809568571
-0.50385342407812006 -0.00076300010402857569 0.50235736185580537 0.003225248046744946 0.50000473073512286 0.000456807519843332 -0.00041087307905428403 0.004408866729429077 -0.49279309586182507 -0.021389961012809103 0.020753590666644207
-0.50462715796471214 -0.0018963649972862685 0.50324547543611731 0.0024736618021318 -0.48989445873011334 8.2169069900726706e-06 -0.00075942423745030462 0.0081662691455173797 0.5016352621545308 0.014329830147906132 -0.013363457142113582
-0.50963760235494637 -0.00060938620513740897 0.50548573193270008 -0.0071835848309932202 -0.49391156965619515 -0.00062338858603659057 0.0019871874237492753 0.010655127368543868 -0.48962829960177462 -0.020732505055326571 0.021667888506408415
-0.50437052051710607 0.0059876514487436716 -0.49248891113864279 -0.00048012476045665946 0.500213366625191 0.00049409529570862746 -0.00010996003261258094 0.0034905909142891995 0.50255063326979221 0.0077546345577985338 -0.013632387733539215
-0.50923637772624752 0.022060141974914287 -0.4918578893944463 0.0072639797692901744 0.50480429142359651 -0.0032524374425012782 -0.0032974960732551949 0.0057632543841492244 -0.49290141080349875 -0.0079425167417662059 0.017826639053116947
-0.5107257431735075 -0.0011814155047682217 -0.4891798312728296 0.00022333634960187599 -0.49223424089367901 -0.00054579701580693334 0.009754750158645388 0.0055002721161725313 0.50698893115912447 0.0046353736889570623 -0.019528065965639399
-0.50482605321335794 0.019954116943787781 -0.49910113325103883 0.0043589416397594857 -0.50339085539008321 0.0066246205575393484 -0.0070777974625085491 0.023912462882903683 -0.49103602615017511 0.0027786095553008656 0.020959675450104822
0.49095395771539785 0.0080579528001304586 0.0079951282706525809 0.50004142082983272 0.0044585890359660823 0.0036189821183442244 0.49596044962707825 0.0090811232525226607 0.51071379048482857 0.043279723204515473 -0.00012451927310290275
0.48950910040747891 -0.0024383778025144657 0.0049461232560282231 0.50769541631823201 0.011648642633854962 0.0016286359908714702 0.50080655258916729 0.0044099030377294937 -0.50125380256852514 -0.014284945208929912 0.013090725941195215
0.49199781263774389 -0.00241872533855708 0.0086365803230850132 0.49826927860075487 0.0011984260151816739 -0.0024939851976534329 -0.50459029366410557 0.0077072089589922711 0.50317890178287705 0.027152553056764221 -0.031316889316309861
0.4897960699148437 -0.010877004232365173 0.0077737589582307859 0.51077024851207609 0.006448428994149596 -0.00018102165386872938 -0.51090484639616118 0.001681948420163283 -0.48749433760916833 -0.012158418385398198 0.012963804068747548
0.4863027422709551 -0.0067293865557327068 0.0071481081485723959 -0.48987627262043454 -0.00092988261935695433 9.3040935713999289e-05 0.49396252616766567 0.0085244357067729235 0.52762639331619732 -0.021682445714067244 0.022410807958981791
0.47465761243440058 0.0090349740421487093 0.0099037375898803678 -0.47861198395424281 -0.003609663185176143 0.00065760715693175507 0.48158523429471056 0.0090358194682527079 -0.54354088408374157 -0.098925355113837085 0.090601547474063918
0.48820414393982975 0.0042307088693093412 0.007211792390774927 -0.49495761858335463 0.003970901452259575 0.0030883314694164546 -0.50377326912119547 0.012602364844682022 0.51000604560308704 0.0059506793644997554 -0.049905425880432529
0.49094608023796138 -0.0021513688609592638 0.0031324931081860062 -0.50067553327241476 -0.00010756689419328328 0.0015699361170381633 -0.50929884761673572 0.0081000604977651148 -0.49804878522191609 -0.022706864336009894 0.016121978708108657
-0.50112960825711994 -0.0032526878373426152 0.0053309587963015119 0.50106022841333819 0.0067700124032371569 0.0013508524918935342 0.50001214432699159 0.0053145302169418668 0.49723010717687982 0.018815952890995209 -0.0094285729545035852
-0.50330899952902197 -0.005275497058085543 0.008228122827996457 0.49951329502173736 0.0025567582397001015 0.00049185465600850458 0.49679735213532622 0.004662006976575545 -0.49966781091470291 -0.017963107473740907 0.015629119914923002
-0.50499108030669904 -0.0042890213242165239 0.003320971821667359 0.49773512120572416 0.0024702697597771056 -0.00089764608624406429 -0.4982980281140646 0.0023014268381876058 0.49859161909482375 0.012282817371968693 -0.012519334966636778
-0.50967129174417058 0.0017346383273500294 0.0059704675617381934 0.49569292295114992 -0.00092505451894866206 0.00079444065734430897 -0.49568333100861667 0.0089301530861899368 -0.49773505236234078 -0.019487612725840497 0.024122531361468622
-0.50476551557530569 -0.0069571874854848339 0.012106365300407427 -0.49582461634357194 0.0071876185058700991 0.0014280406304892307 0.49776781420333016 0.013295353330285682 0.50094532411254433 0.011658578841806707 -0.0094526677531549721
-0.50977651908795318 -0.009740193700234899 -0.0027330407262578099 -0.49295438755675269 0.0041377750778487992 0.0014463154665376467 0.49441083270812525 0.00029026495506760653 -0.50219623607506758 -0.010899518215217719 0.015501732193155746
-0.50353777303160208 0.00017877313483558542 0.003853199535925196 -0.49977638769287513 0.0088653670185262455 -0.00329706639341595 -0.49814967261255549 0.0099182937765580036 0.49798295091262496 0.012346008638840408 -0.013342291593727754
-0.50566551290044959 -0.00095108174002885416 0.0026181417649473295 -0.49685276799727379 -0.0021945575145080861 0.0036778731066613858 -0.49866142073809339 0.010234059584900611 -0.49793435869070241 -0.013395858941955489 0.02296934546056538
0.49264777188336567 0.00088048083028230352 0.0095529736907700846 0.0020834672891330338 4.5149662011442997e-05 0.50034745888352827 -0.0014269346482714495 0.50327093547462942 0.5033378726191734 0.0065707346725441687 -0.013355022162248145
0.49483244764836232 0.0057344415229303976 -0.0040002544628684866 0.0039942176387121045 0.0053467226617060605 0.50326366188630656 -0.014184162927648429 0.50117917795845268 -0.49940537355866155 -0.026499840119541908 0.01683391645773057
0.48936195561271589 0.0048462714684019918 0.0071461866447202101 0.0068025289821989996 0.014094703765055002 0.50428008130066271 0.002573855650350689 -0.48899379139802607 0.5164857674069302 0.0052324022810171546 0.00071265035549335925
0.4848804946631986 0.028068785318059741 0.0029264349405941064 0.0054857992974429032 0.021527705231956167 0.49451235002378024 -0.026554520928702086 -0.48740027267212443 -0.51816570847883836 -0.079243401728941634 0.07758284738514433
0.4926665479024222 -0.0019009016992425434 0.0041770670434204933 0.00072154771205663155 0.0054819633097954413 -0.49212436666499887 -0.0049208305762791955 0.50872771600171096 0.50567724110956069 0.0026144336373453481 -0.02229877579597507
0.49800178685261387 0.0064943388981762561 -0.0056845444286580298 0.0018684293106733839 0.0043560703547123403 -0.49659472049186321 -0.020123367267685755 0.50583389098926657 -0.49761228048033529 -0.027565898369961143 0.025302398893936994
0.48955026365572457 0.00069965610147021287 0.0058257178502570742 0.0064358278557343964 0.0082087735952658166 -0.49574338603479889 -0.0019066728079455537 -0.48742560442551403 0.52616059900768219 0.0018465231237283291 0.00024770862106434434
0.48194362341049357 0.033484160573141367 0.0031711840806618839 0.0058495271088343775 0.018630612798078178 -0.49791787297568063 -0.027474419956610322 -0.48182993770395993 -0.51897585167769156 -0.092383235059407057 0.086660510860292667
-0.49982239695488268 0.0015700735335287923 0.0039764912344685292 0.0016538556857026588 0.0058849738187723172 0.49755927850040033 -0.0061209410701429968 0.50062548922035832 0.50149285039685809 0.016730018420126516 -0.010879853827648903
-0.50379316161141496 -0.0033764596700292374 0.0040327337465713925 0.00098737012709446278 0.0022300166951893709 0.5004631554300103 0.0073491926115437194 0.50488001755445588 -0.48969210457411388 -0.01929305720882073 0.023812748234770028
-0.50652618490482282 0.0025400743719050712 0.0053977113742571014 -0.00060126330580561932 0.0040574050489588613 0.4960926625754552 0.0079177139606860583 -0.49182229474154543 0.50486445370321564 0.018380754749926363 -0.009646464012573519
-0.50544136079979418 0.022260250626477476 0.014318222866227108 0.0041102529035382234 -0.004783081925536896 0.50443774391271057 -0.0023626179420398194 -0.49504051470510979 -0.49390442435180976 -0.017357971876849568 0.0042093049852359706
-0.49970647019350223 0.00031737898664394666 0.0045838695448889195 0.0040490748723376992 0.0069928972104294287 -0.49590883980132067 -0.0014381637496571136 0.50180936259371223 0.50214828106656695 0.014729386018617703 -0.0098438992906014749
-0.50448779331418692 -0.0047774595178191647 0.0041780478485514503 6.9566026892168428e-05 0.003344121274954009 -0.49887771718708041 0.008902883686862581 0.50620824496260863 -0.48910665486999649 -0.020928911312153457 0.023921407326717603
-0.5054386491396764 -0.0019443691789177739 0.0059755539464815396 -0.0057247431318506433 0.0049934025412820375 -0.49639717334359568 -0.00014181098290472492 -0.49063537238308641 0.50670960166841361 0.023189127245412222 -0.0029964802352285395
-0.50431273736675586 0.019946470598442866 0.017700370755795867 0.0054333226036287676 0.00030080974948499319 -0.50494997657102159 -0.0030754761408411783 -0.49690066042427605 -0.49265508250920159 -0.017912995625171759 0.0019434961632073067
-0.0047499133047832322 0.49968697761207792 0.49884019639718541 -0.002638815614753084 0.0067329122582485664 0.00058098234239925778 0.0027683005552155506 0.50159765677518564 0.49945801816458024 0.012596964487513556 -0.01308892652597643
0.013088776003013513 0.50012914412236165 0.502465303805819 -0.00080920252110121889 0.0025709371801350841 0.0012641369140338928 -0.0040289903121593857 0.50443922863832202 -0.49171802640647333 -0.02191581164331137 0.021844692706424626
-0.0088987126459269695 0.49655820995869837 0.50827836499451462 -0.0046062613325179727 0.00020065168573780314 0.0034171797957361812 -0.00010619770646135944 -0.49253425468721929 0.50161911466991449 0.018439199712725896 -0.020473936737237713
-0.0065046649491046779 0.50814826283368908 0.51069735477316525 0.005704253504252522 -0.0026936321877586143 0.00080905062607236698 0.0052121396371804431 -0.4876538047584445 -0.49281483956429528 -0.011482147774046719 0.0076869960390869079
-0.0026500257071383473 0.49584884969016929 -0.49366162160853988 -7.1478411611903858e-05 0.0082507658941365566 0.0017213273531871095 0.0038849164207198014 0.50860188888687863 0.50091148334462887 0.019862223354169047 -0.0188748441760592
-0.0041906810216255875 0.50487314837168085 -0.48972002338568699 0.0016458668214626286 0.016148567350320824 0.0028350283800406468 -0.0033589402379710876 0.51384059266596616 -0.49056690647124057 -0.01108633528054743 0.012887387029082615
-0.0046604334120848223 0.50249789650463716 -0.48385720855119957 0.001353104654847568 -0.00078983470616225942 0.0028582057177094209 0.0032496967975231463 -0.48347180101243159 0.52811118225376097 0.014013374494393271 -0.022189719268324883
-0.0098910970195772909 0.49531968402477516 -0.51466719397619121 0.0057208053637890065 0.0093765038925983871 -0.0021728461143902347 -0.0039903926209950156 -0.50973651325236946 -0.47906567313805504 -0.003992295721781695 0.013630655971902078
-0.0061825420572838349 -0.50149118510858726 0.49653035758795483 0.0011641784943667692 0.0067527310518620404 0.0018036138801548391 -0.002523735816880473 0.49943936698308339 0.50166348211771039 0.019847978617743747 -0.019222945502828357
-0.014633364201326748 -0.49912009268658286 0.5048412441801472 -0.0016561565476154686 0.0027342124564406836 0.0012091507119582512 0.0012504440757192877 0.50559378588569381 -0.48947097882779544 -0.019336513194320462 0.014361590853680902
-0.0072992898914834266 -0.49580083409835152 0.49909849141164686 0.0076402530053256658 0.0038868928460176798 0.003044483765492473 -0.007862083245731951 -0.49278529116627057 0.51025163112250271 0.040219455064766159 -0.0085271149885084042
0.014156381191109802 -0.49891883596730741 0.5122868326944412 -0.0042914908376139385 0.00059216048369424871 -0.0038257984170795788 0.0053321453119236448 -0.49961634745978412 -0.4884966975316386 -0.011582162493948075 -0.00054068963751576122
-0.0095243347151012688 -0.49643865591866188 -0.49588130952007248 0.01277322307456707 0.0025283750933897606 0.0011938270331677094 -0.0043475881471976693 0.49864518424754356 0.50731965660263623 0.020189952934982134 -0.03069058853063409
0.011910659137589779 -0.49795548858043281 -0.50363587027104095 0.0062252735644374247 -0.0097317053746378349 -0.0021620067930654282 0.0068025861647563503 0.51245489081569162 -0.4850930453160282 -0.00033497260922439034 0.011814324100821194
-0.0031012924685030539 -0.49264282980567198 -0.49289964785204166 0.0040719882525658158 0.016752515820662325 0.0082830377193319482 0.0025668472535020762 -0.49783966349073899 0.51563203886790832 0.012051066474969301 -0.010245868691930223
-0.036386631639506034 -0.46586094163463743 -0.44450087649864789 -0.0048707847590415722 -0.0063771643047264839 -0.00067029617749269688 -0.0011434433594761817 -0.44402084479111037 -0.57192809636191377 -0.17649036097924284 0.16910739731004143
-0.0020699617865415701 0.50016587487565012 0.006637893452313557 0.50227446769905271 0.0007125557133622688 0.4993046383836065 -0.0072909788437297146 0.012639727087473651 0.49723536867064971 0.020814735000448153 -0.017643541755462427
-0.013142750980092495 0.49813363676982886 -0.0032690257483969786 0.50678416908376522 0.00082615011630368272 0.50003908926183716 -2.9889949115126608e-05 0.018040728693732161 -0.49390462779185662 -0.016676550417486238 0.016252281833696092
-0.0012234524043290378 0.49807718846350907 0.0053314550188051446 0.50229503193455127 0.0039544387741808316 -0.49585893722599717 -0.0066162104178593209 0.011662584682167498 0.50201141759848 0.030649701961992772 -0.023717356797932049
-0.019050476044788416 0.50158922576968701 -0.0040284877790358522 0.50616242270639167 0.0011361970445994359 -0.49725540598233908 0.00093920927718984496 0.019665316082808484 -0.49375684397116082 -0.015048888788222511 0.012432801986423832
0.00016635133105581318 0.49880439559642731 0.00010114781119335528 -0.50403535820768652 0.0011136116299031984 0.49886895288683175 0.004044575473831441 0.015101041799063575 0.49729720900224583 0.017915833463585985 -0.020028259957415293
-0.012084621575253527 0.50311100239428286 0.0014401642335108915 -0.49573878143581579 0.0025350281411912058 0.50042404856162281 -0.0081151866758656845 0.015236335041980313 -0.49968716654124107 -0.019400066048132575 0.013490137999756581
0.0067525651767394359 0.49925429701882817 0.0002241142871989744 -0.50175338285825077 0.0012909913027170392 -0.50027903652808836 -0.00031400124933150835 0.013858516471950485 0.49763645525052741 0.022623438301745208 -0.017783212767956955
-0.018756268043773512 0.50253666547625431 -0.0041424637842174955 -0.49910440188415856 0.0025198141851578352 -0.49566717728918602 -0.0035907710541956414 0.014164066046767875 -0.50182278179877582 -0.0093661448268996892 0.012770856057919361
-0.0055610405282565971 -0.4925416650420566 0.0061656154646484032 0.50330794313209515 0.0042652790759807454 0.50062539537876505 -0.00067116437974895431 0.0058678293335081315 0.50188222579162078 0.032062412926311505 -0.020548837370085359
-0.0032527410395474404 -0.49428789328666006 0.0061708266601818544 0.50342176712451359 -0.0070658376051236319 0.50598403257785785 -0.0051734048903388959 0.014087881865486962 -0.49538644558584333 -0.017454274469926406 0.013782652997581345
-0.0078325955559985245 -0.49677174996577694 0.0067600889660289609 0.50258427030642217 0.0042761316206220059 -0.49707273761238396 0.0004789860557686186 0.0046328482618063424 0.5018186700546079 0.033893970901228823 -0.020682551871915443
0.0068011337304248699 -0.49679336267350438 -0.0032496071172997891 0.50515603141656695 -0.0047233675859396961 -0.5072248301855119 0.0025744965987207504 0.019668245162129692 -0.48962544366676913 -0.01366238426084561 0.018557507172060152
-0.002258075361772732 -0.49328819603383184 0.01366871904912589 -0.49402477133748379 0.010125037366182322 0.51295507702857024 0.0022428566664755888 0.0042376504959459101 0.49803868967630605 0.032072065744348774 -0.0097354424370179951
-0.00031919135222921105 -0.48923770301922592 0.0055039315821597597 -0.50578817930717668 0.0019945313437273976 0.5111034058357673 -0.0029845382956912021 0.016661715655803759 -0.49257957119397028 -0.024409037512419362 0.0068386805795272289
-0.0025616548349987932 -0.49548800470019327 0.0015324266015367361 -0.49486449333080912 0.01014432263916178 -0.50152195575473224 -0.0081424135378693387 0.0087151734234654134 0.50713495646667628 0.023504014068272426 -0.0091719546564058077
0.0033520772592571758 -0.49513774282028977 0.0086330587407397984 -0.50079637661418142 0.0020714006068079109 -0.50813588600987891 -0.0014104611755505975 0.020974639162214901 -0.49491995701708336 -0.018163415718760366 0.0056454331248314742
0.0006831536816800743 0.49855403045249436 0.0068979545939335044 -0.0041971744978026321 0.50283067400893411 0.0024611027215165945 0.50365745569462028 0.00552693444256434 0.49413843104915955 0.01422021471398565 -0.021379592864299753
-0.0088415849404586411 0.49732619938264638 0.012254550882602204 0.012511309020627663 0.50339562023180318 0.00089862293060329274 0.50129985187544823 -0.0036451400111638696 -0.49694606020947713 -0.016113695176175009 0.018545793455034883
-0.0035346148768112093 0.50047400273056286 0.0082846915020851897 0.0061807637065356431 0.49891178589944046 0.0026421726655381991 -0.50166422222376306 0.0038238342579143673 0.49828604626023532 0.0094522062889858538 -0.020653045302926259
-0.010759605030626656 0.50128831373814886 0.016349340039143651 0.0033058762336134976 0.49344646109434642 0.0016995617945933115 -0.50404615859477708 -0.0027557085315649639 -0.50017082828510917 -0.01870708674042738 0.015257545986963139
-0.0048752039129072713 0.49645750186315607 0.0066080554585834748 -0.0030322794932892898 -0.50175880855568222 -0.0030743568328319001 0.49893649556841657 0.013730578789093457 0.50160356942996154 0.017440031430055292 -0.025406997391342331
-0.019483875486883236 0.50041414520202887 0.01174077034949669 0.007834478941715857 -0.50102852426645317 0.0051779301949900422 0.50168970196098472 0.0034267513339035238 -0.49578955539488268 -0.015721789356483714 0.01384508799868372
-0.0058033137842313318 0.49529633812435292 0.011986036967883281 0.0036953676343865947 -0.4964396720250896 0.00071469800989199927 -0.49797867060587131 0.0081346884206931012 0.50803975193529494 0.029746723784212666 -0.03161475534450181
-0.014460444522072484 0.49871761560776084 0.021080440161556815 0.0013241106466447741 -0.50221156733940442 0.00057780043771540413 -0.51015353856604595 -0.0079593069603942409 -0.4875065514281281 -0.011128819702730592 0.01738485505856309
-0.0055378281872938105 -0.49367013878742699 -0.00059224301827076934 0.00026199305239656481 0.50929166690991601 -0.013020187251964729 0.49379349105878917 0.01071520898823581 0.50134440638982403 0.025672518057434653 -0.027551050052563766
-0.0015450782521920178 -0.49517407578792005 0.011951196932294874 -0.00083359855055232244 0.50535455193854328 -0.0056969421255903758 0.50937498519239099 -0.0023613463956295138 -0.48922948368927349 -0.011041725740836198 0.017469521366367174
-0.0031762232309039185 -0.49395711647452972 0.0018653707197646794 0.0024594497366262516 0.50368550700900039 0.0010035585933721 -0.49931341299652549 0.0028454037557493726 0.50153558971162226 0.020546688301647943 -0.031694766447164208
-0.0063054946878540108 -0.49584458146919086 0.014903711801364997 0.003869191659202824 0.50321800515174664 0.001001440509612027 -0.50524227609936145 0.0062275003135103943 -0.49482543554355246 -0.018368664760454997 0.011566247389126863
-0.00061313853563736437 -0.49968735839875117 0.0039743215185327075 0.0066094977722861341 -0.5050492629715766 -0.00099458787414390148 0.49401087724143722 0.0053106344103947623 0.50018133746847171 0.023587876047599741 -0.019084865030338276
0.00054890842865332277 -0.49865517861277597 0.020545227238072554 0.0074135666908226663 -0.50258980018192023 0.0039063089174191526 0.5020730449070735 0.011634509036251659 -0.49581546309949953 -0.0055457621771785003 0.013320831923021352
-0.0082228618140109157 -0.49717137286598767 0.0039306431386729526 0.0016247920345066158 -0.49572315135065992 -0.0020319680233865101 -0.4981937452325329 0.0057532158399414531 0.5061132348728784 0.027070537907205001 -0.04331075091737422
0.003971045788542499 -0.49937383397585633 0.018451933456374546 -0.0013963619866963978 -0.50393212399263232 0.00076394517845167122 -0.50601546743666481 0.011341084465281056 -0.48967074357820384 -0.017815388330472533 0.0066568158131169279
-0.0074692042770944309 0.0065888408779906944 0.50172730895647288 0.0041477633401584878 -0.0025065013982005016 0.49928801045583115 0.50039665660157695 0.0060140942948206178 0.49808155970805412 0.011491215387581081 -0.014430187635816364
-0.010291947086732041 0.0039045973853114686 0.50687252247138637 0.0080060946008117528 -0.0047158055360056478 0.50227084514788478 0.49524760237057047 0.0043268247049171437 -0.49467604631275419 -0.019513635483129888 0.014921656024819093
-0.0035746974095540568 0.0033949441892645728 0.50410746132652207 0.0027080787166251421 0.0043881175148900503 0.50031564782929083 -0.49850353278857845 0.0042896661734198966 0.49652442232210936 0.014891851420957792 -0.015052706042010202
-0.015961585834365192 -0.0023061960965090841 0.50520903537310713 0.0017631408637935365 -0.0015611031478887059 0.49897274948897313 -0.49735980264950141 0.01371847550810136 -0.49733867030595252 -0.01822750469778937 0.017071162884929696
-0.0059947552004654143 0.0034557009131744201 0.50344903766248827 0.006581059750297916 0.0052360386218919001 -0.49593132384627658 0.49838555325910699 0.0030310326077427523 0.50143858151454679 0.016992989554908706 -0.018596330734926197
-0.0094913094771983571 -0.0065009950352525837 0.50740266394163702 0.009265787086462144 -0.0023923400234773127 -0.50127072373928427 0.49439617706966876 0.0051294974004523408 -0.4956045864898016 -0.024772659417578335 0.018835862195111089
-0.0073725807633026599 0.00080859923293956208 0.50381536979067887 0.0026311602247930644 0.0038289685744164058 -0.49819562618699431 -0.49870757009513988 0.0048340132497676326 0.49872037614407333 0.015270488022655604 -0.014380155996819738
-0.017250172549185028 -0.0024340547619429898 0.50393665463336745 -0.0029568443528416723 -0.00041965314112927924 -0.49763826042353482 -0.50007386123023523 0.017463989135994583 -0.49709379671800519 -0.018241151867209423 0.016666067547529799
-0.0069317723401538184 0.0063975378279053346 -0.49033231556840007 0.0097404910893844066 0.010366464807167264 0.50457171866134132 0.49778339854518044 0.0073861302190206604 0.50639395147526478 0.015920882579328343 0.012613759928560949
0.0019525900901254281 0.002280552390017431 -0.49997031103917494 0.006309218295742245 0.011647849549766621 0.50123679572793489 0.49548104838380463 0.0044668313349131737 -0.50285705211321685 -0.014013178967994581 -0.004885139855728078
-0.0020752335252250992 0.0039832949870952416 -0.48797671815439059 0.0062479027859116418 0.00092638951375656237 0.49763134279172194 -0.50591636099387205 0.0056924101092993553 0.50794876853614879 0.0070327967932398488 0.011684260713759
-0.010811275103106938 -0.0045606270525795954 -0.4928349696628242 0.0046107158298929951 -0.0060193345239335835 0.49679700523747827 -0.51313900999098361 0.0099708324393985755 -0.49601763043112457 -0.016239261887139807 0.020074605556900514
-0.01480015707834088 0.0099342794054852607 -0.48851479647673313 -0.0026391642649404826 0.0039846231688436878 -0.49892997679753964 0.50577179641654535 0.0027995300085770919 0.50598555414000534 0.0099661172421011603 0.012163182128772586
-0.0011489256499138325 0.010359312811530888 -0.50196423018085767 0.0010281949822047217 0.01644902327968345 -0.49928513783910211 0.49069736357071558 0.0076391483681800586 -0.50726687927761616 -0.014268311148685693 0.00068490141264868196
-0.0037060361905718077 0.0077210802690446381 -0.48794857558371085 0.00064625832164657833 0.0020351151964117802 -0.49483205991278495 -0.50346450008109145 0.008529886174032766 0.51297070951458634 -0.0045530108938159281 0.016142193522163978
-0.013646490282138745 -0.0057946095123717492 -0.49220408615788658 0.0017407300419121699 -0.0034948177255667004 -0.49577493240846593 -0.51381076682932625 0.012757356837399843 -0.49691104008317682 -0.013469009824710542 0.021001324505996878
-0.00032010000164589303 0.0019167301693392346 0.0033351545907592422 0.49902710893456337 0.50312933645029478 0.0037292477831185325 -0.0055514069831470161 0.50135894053709051 0.49607103419529813 0.012948004248179277 -0.012580990827536349
-0.010368515966465668 -0.0056283712146372586 0.007107265021184867 0.49920804368747806 0.49559374619085778 0.00051236253807062369 -0.0022369452535499117 0.50474992487435588 -0.49935671900340861 -0.019458955599229794 0.021792959535292734
-0.0043436725454041644 0.0030829827675993098 0.008144987253718098 0.50820272783793452 0.50018621847942479 0.00092668980806867509 0.0019784042053528905 -0.49094637194303142 0.50033306037837066 -0.0048618774977425266 -0.0076875905477786282
-0.011753813869420936 -0.0060763612523624016 0.0062262665459772298 0.50771835906743334 0.50040880524523079 -0.003182766185855813 -0.0063824116318518418 -0.48771672904628155 -0.50301783638034925 -0.022604044379190422 0.011953881702842518
-0.0039122454672113173 0.0014119731495248809 0.010849204480361339 0.49725003717799071 -0.49349626814278741 0.00056657884060550381 0.0014992019253626139 0.50593395177803957 0.50254692332903694 0.017452046503950883 -0.015463280072649537
-0.015923441658596483 -0.00072217632757569643 0.017296266659929047 0.49778053127671046 -0.49688210103280012 -0.00057333332910801805 0.0028364851338511339 0.50874910603311818 -0.49522838965577937 -0.016749204165590881 0.020093804320662982
-0.0054531637586570925 0.0076523851524639072 0.012269909766329797 0.50087485256643116 -0.49130214004650807 0.00090760985083822169 0.0027257084559574258 -0.4845391140748373 0.52082346965967929 -0.030118250674663186 0.023603827875952638
-0.015105408820619828 0.0048549978034613372 0.0052363935923832369 0.51024980801646436 -0.49203015030120267 -0.00010777347246962119 -0.0031158292342253046 -0.49748183024276266 -0.49947789275427523 -0.013495529019449658 0.010682431098779768
-0.0028610023559114098 0.0030984883390976605 0.0037869782281598576 -0.50090567016285192 0.50216459011211534 -0.0012195156941686006 -0.000256635075779994 0.50320244541983838 0.49328856078149652 0.011973606508625173 -0.014173258636148036
-0.0077761718812656378 -0.001146336025903546 0.0084698166354236996 -0.49332514290675811 0.50154943010796826 0.00076796780170827392 -0.0079844545932447105 0.50292054009511777 -0.50122608609709762 -0.016710431158627196 0.021088218800244043
-0.0058849369729756231 0.012438612393161918 0.0081415450069131125 -0.50091285313332268 0.50357125590267349 0.0079178583279333747 -0.0051290772123906954 -0.48890157479032914 0.50569740051490242 -0.012148138474529398 -0.015983728474733783
-0.0095018701594886575 -0.0012350883796267663 0.011603982786825401 -0.49375715878958126 0.50298818544993362 -0.0038456506555133384 -0.014057450193266154 -0.4978121362977394 -0.50468115282854265 -0.00025982674093913801 0.015742697830153869
-0.0080046333265851224 -0.00290057040078899 0.0051834890680271207 -0.49563007640460471 -0.49158422240533572 -0.00088993410543021154 -0.0049666410928655104 0.5056848683818127 0.5060020203559078 0.023580102533635183 -0.016115587687070474
-0.010189344332681566 -0.0050106915791795189 0.0059359678702590839 -0.49464253733458591 -0.50115077216022996 0.0046174166821993014 -0.0068461480048808794 0.50907760380049538 -0.49388410673305916 -0.018893541237145386 0.022490544352069337
-0.020861549397953198 0.014315342997973284 0.0066766675171026999 -0.50674778607302884 -0.49694251814543117 -0.00067502795084529467 0.0013213687127821741 -0.48569927870219465 0.50935726647978163 -0.014806596088666619 -0.00022929994519959429
-0.0048434963429651581 0.0086030342106596068 0.02076815169783967 -0.49529549027054987 -0.496834674415085 0.0066401447554331793 -0.0044447893649916482 -0.49996524581266155 -0.50708405889116326 -0.0061618063931798885 0.010372584160306546
0.49807628979761825 0.0036890630796571292 0.50514293290520795 0.02218292825026295 -0.005884197634515022 0.50442310621310116 -0.004701672827571949 0.01408303831213374 -0.029740022857602168 0.49057271092961269 0.0010724541235945107
0.48865994581662658 -0.0021292889661153063 0.50772329735913768 0.0039543550410067298 -0.00058583248297174127 0.49729115708220784 0.0018438312190740397 0.0066424748958484161 0.025620096134203071 -0.50535252420758936 -0.004941308621344764
0.4956921845299197 0.0046540725720648317 0.50498486239698359 0.021279420375969124 0.0025609687558575474 -0.50301597020557565 -0.0041852521434824052 0.0182014277236195 -0.035758775749584359 0.4941065930248737 0.0021504324094284927
0.48859469675930162 -0.00050845864630786827 0.50400258790396557 0.0030043952562221806 0.0010419995264576351 -0.49517609200582213 0.0022287332928907179 0.0068975049040046321 0.03644654326919293 -0.5103946341742136 -0.012779083319050401
0.49162895388460615 0.020465394211774127 -0.48290758412322382 0.021068203840303095 0.024143111375908976 0.49952057660264743 -0.0071692527331475662 0.0025472431984566598 0.031494813526065417 0.51956967414734134 0.055967694643150358
0.48576247391986854 -0.00090404084361024714 -0.48966336684255946 0.0079306353269865595 0.0097317659679619119 0.5063075128726664 -0.0060081309846165007 0.0056744108341054856 0.035209394122479622 -0.51610103144675024 0.0095192597320945486
0.48390536484018976 0.021851299057663698 -0.48484697243554248 0.030778810532230572 0.020789145377984274 -0.49809279686196067 -0.0038953508837298884 0.0018545461917574804 0.049252286288687663 0.52364111592407636 0.064507013637337671
0.48591514027825022 -0.0032394881460805526 -0.48941432786744071 0.0056368124033413817 0.003485364006433637 -0.49651978973368277 -0.0053156533964874046 0.0080798836747958385 0.037726383372365196 -0.52545333869167055 0.01247970326813096
-0.50325350662452628 -0.0073649905960755952 0.50404718216095545 -0.0018777953897899256 0.0049012418313125854 0.49925510169701248 0.0014892932070991658 0.0041862093675932611 -0.0096410828177474518 0.49311596547576325 0.0076713788597591306
-0.50380609458652359 0.0042394722116031935 0.49982881185762496 0.00125789797460536 0.0037358667220413447 0.49694043764963425 -0.00027374790511013465 0.006975327288317716 0.021032339007215083 -0.49887430535018085 0.00077797140886219716
-0.50498823856565267 -0.0027461937092614743 0.50451692326290387 -0.0038018742892766159 0.0060034324427711994 -0.49782525118788623 0.0012645654480678756 0.0080975628587735531 -0.010782922732334622 0.4922616345364888 0.0075217945401427431
-0.50369640450946662 -0.0021968431448055599 0.50034798509029321 0.00094349575807751453 0.0048317839508220869 -0.49561919894647205 -0.0028580927536683088 0.0080415663481089028 0.021695293119659134 -0.49973022729767641 0.00074282819418704932
-0.50306150582860754 0.010116824125229656 -0.49342216863034105 0.0031407275066133123 0.0066551045885401092 0.50361241718182093 -0.005624455754815118 -0.0026801619530629492 -0.01035755303813775 0.49940737977569866 0.011308658237540499
-0.50647508146376496 0.00021186421169147848 -0.49268495481156299 0.00083808881425722649 0.001634517723484704 0.49935942193030847 0.0035150759076152407 0.01031019768055598 0.022050684205586615 -0.50069793888928882 0.0088295721170947375
-0.50413334783281816 0.0096003535983761896 -0.49326503490170953 0.0047442445718019451 0.003084739496094589 -0.50104122801601636 -0.0088636790023124325 -0.005388623338157681 -0.016980835792280716 0.50084785244682517 0.011320263213583155
-0.50960895227085112 -0.00051410797342081279 -0.49205876987679459 -0.0006575423533049221 0.0077730009936506786 -0.49314598222108258 0.0032970676892528921 0.0067107797468722152 0.016422521893801854 -0.50436040403455251 0.014757545701602193
0.4912969135664097 -0.0011387907392317231 0.0031064133052042136 0.50707721751524182 0.0024734851014527417 0.0023240421068841046 -0.0052366428560866188 0.50975939972352402 -0.020946330287802933 0.49103999962000433 -0.0060393902555167019
0.49270450529141946 0.00048522744509732518 0.0079638036253315003 0.49692024806238388 -0.0010284501449433039 0.0033733555960731086 -0.00067980974548808399 0.50867416533803755 0.016400953760093276 -0.50117093721261108 -0.0067286302599571515
0.50641424701043536 -0.0015780069247766778 0.0085271844721496719 0.50322911939630466 0.015876960834552502 0.0027864322632975944 0.0036916764076657914 -0.5032729031703469 -0.022192014675142892 0.48594452963661039 -0.0061809227628480106
0.48067198777315451 -0.0044957080168218913 0.0070833759708188813 0.5033268260881365 0.00095933674255731856 0.0030884737032750497 -0.0030127331231311811 -0.48328211438412799 0.015450213045401277 -0.53075014688716138 0.0055313252818150532
0.4948739766857107 0.0005162396531779484 0.0058031436215983849 -0.49165344882699458 0.0012012299925430736 0.0043755669463364823 -0.010221380654138669 0.5119160340566391 -0.037938604207403338 0.49965057705106047 -0.0083404168663601692
0.49392339283053904 0.0097194585152916742 0.0094908893422679663 -0.49553465402976699 0.00022469699685317938 0.0036079697168910291 -0.0071125191247317105 0.4997492642414198 0.025035513964357606 -0.50915712580040062 -0.024895885822505872
0.43928693558991977 0.00029780980899529633 0.038683578511054792 -0.46000830861144665 -0.0037131788969336057 -0.0011031172396972627 0.0029644865622466773 -0.43933683238972382 0.15067821323929079 0.59174673715312442 0.16737403136394072
0.48957863502247057 -0.0077201961792267302 0.0041176515229961047 -0.49305588196690825 0.0050977303011016748 -0.0027218537723315049 -0.0036242279791144053 -0.4920602911395911 0.024944394558624166 -0.52374656591591295 0.0054362016745058772
-0.50091359811161706 0.001316738947750458 -0.016556344220003152 0.50150066741833943 0.0052144398905188526 0.00073340326537938122 -0.0045062616556992927 0.50376401372232127 -0.0090274143890448164 0.49328219356492592 0.0084716345657258781
-0.49973603821349522 -0.0023184529242648304 0.0038209119429619496 0.49954047738914814 0.0028688367852206776 0.00077635399413713364 0.0035594870603843044 0.50158865405039721 0.023288789667229838 -0.49851260688971477 0.0057759195003095985
-0.51238554599970376 0.0025531774371200001 0.0051618929711891625 0.50557018672948684 0.017462000200495657 0.0011250483956376206 -0.0016068087545636784 -0.48834612599286253 -0.017654407917263332 0.49266961049407076 -0.00097142783165921835
-0.51131536139746947 -0.0036931265498512294 0.0022491024643698874 0.49789554803002317 0.0066371061320962587 0.0013293484909832785 -1.9152317837398357e-05 -0.4908107967795341 0.01080163397695183 -0.49957975201894916 -0.00051568786226935447
-0.5032687484671543 9.4027181609659636e-06 0.011034271778068011 -0.49848730688173326 0.0067681249315826256 0.001247422972885072 0.0027252077506119379 0.50596905615688104 -0.015534650847421574 0.49173444925626814 0.0023762081072639415
-0.49900396057338625 0.0050418432391087283 0.0041193254661992546 -0.50034917414884161 0.0047489456679581966 0.0022869596599281073 -0.00069498753133704174 0.50004572279494375 0.013708478742892743 -0.50033045078602978 -0.0032998938280583865
-0.51135045841248017 0.0066680110811157328 0.0018720154119480858 -0.49143445772019151 -0.0024461460557138165 -0.00057852738213000994 -0.0066034812446642017 -0.49754795097717491 -0.027233590235554314 0.49820059606329925 -0.020384441802279905
-0.502380968286952 0.0043751993886270001 0.0073395771482044269 -0.49437044228497096 0.0038167913915753767 2.8348048681784832e-06 -0.006118584475224397 -0.49222076902378981 -0.0055397822382405688 -0.51064313546812534 0.0042220029301794403
0.50077436979098666 0.0070278895606692123 0.0088909040093716786 0.00042157145791368178 0.5042446226482199 -0.0018038032728772632 0.49669602259078788 0.0042929236937398777 -0.018742726008561385 0.49752752282793977 -0.014840028820247387
0.490361698870592 0.005618275555215887 0.0050606885243130164 0.0085713450285837579 0.49656056923418901 -0.0021071204909162517 0.49793543924608497 0.0096087065063799621 0.023513558416907099 -0.5132891541094079 0.028057972270892132
0.49086448007599809 0.0039497903476436924 0.011676501969572751 0.0012021908417871785 0.5077409068963834 -0.0054941731820860526 -0.50225738822040866 0.0045302853038161834 -0.024304416728162626 0.49813552740758399 0.0074124945125799979
0.48953331530171867 -0.0044294464946601246 0.0019849680098873368 0.001182144115689095 0.49536470036158853 0.0015108035815090261 -0.50849285379752018 0.010232235077689061 0.02852785274092532 -0.50503260443704912 0.020056316577382077
0.50032152577588096 0.0048561330443808856 0.0039662430265566912 0.011727022741414475 -0.49286129071287943 0.0086379119858973168 0.49938917978049979 0.011807746677332764 -0.02504453704346896 0.50621799136277568 -0.010090088496326399
0.48571152926445993 -0.0016631091672248202 0.019697805290894089 0.017078043327456938 -0.50034432280071639 -0.00095191630421350511 0.50529396142267768 0.0039747832572111161 0.033536351262610856 -0.50573093957180149 0.028814533804954578
0.49895393166100693 0.0034038176785605562 0.012893094856948771 0.0010210559234928765 -0.48916677714911605 -0.0057833539643568277 -0.51227201939853828 0.011388676006595677 -0.02011391699512903 0.49856282145526276 0.005172060648946368
0.48182092185980013 -0.0026049061998755121 0.0072361798124935062 0.0068399725107677438 -0.496575867271698 0.0017759043641954934 -0.50727633888720258 0.019791225001003825 0.052524179565346593 -0.50884533950459043 0.04181596406023403
-0.50207240057059499 0.0072754642803428398 0.0070078141051203267 -0.00084898089148763376 0.50524780787578749 0.0034296130157921117 0.49311972012424349 0.0074922618234574473 -0.011165009833040173 0.49918486903649428 0.00022155535557535864
-0.5016832598401697 0.0020654680857980483 0.0058559846241904327 0.0046396973904249761 0.50199793360278677 0.0035906438596072245 0.49926585428945847 0.0062185306709706045 0.019941506844762775 -0.49651991054737016 0.0020626625614508973
-0.5015877123794944 -0.00034577451977872551 0.013259085300413344 -0.0075698038306080137 0.50009001719653479 0.0011709921124334309 -0.49938717389470499 0.0072779732850319877 -0.016888980117080968 0.49834986322893549 0.0026083058332492994
-0.50270541373251731 0.0032097394511318494 0.0016710135426855749 0.0024135030839339947 0.50053451867636445 0.0018133857008381337 -0.50008761064674523 0.0047564318751138757 0.016081012469931842 -0.49634000146231366 0.0028313528176124804
-0.50814808838794168 0.0035340025715136325 0.0080420939015538352 -0.0073905977341308417 -0.50033203234241375 0.00080285965688384957 0.49403046077272755 0.0051502473722294289 -0.0096637986391369928 0.49703594491588748 0.009497733988765196
-0.50608865319900309 0.00059860995836495234 0.0078575390560010078 0.0014769377628299637 -0.49068898661916394 0.00035333966013397617 0.50185557612086507 0.0064222733908827307 0.017003962762682574 -0.50084366314992856 0.0006430549905899073
-0.50731227607990892 -0.0046899034970213881 0.016218299305831886 -0.0034096602131301621 -0.4930835700698053 9.1413260199312048e-05 -0.49836978882871297 0.017072206827025701 -0.011880466195004269 0.50037530311919642 0.0050684107707053604
-0.50903196574491871 0.0043332100341351909 0.0028969019159375978 0.00042657008450543122 -0.49560832478299971 0.0020716488782877816 -0.49424926030735411 0.0097577525296567678 0.017920682584088323 -0.50052801663670687 -0.0004609373908138152
-0.0093584768502384206 0.49954295285139255 0.49977787440902732 -0.0062842549258120368 -0.0018985022688261803 0.0010036391980406695 0.49921455775562157 0.0027738265144417649 -0.0056643566702800976 0.50128823049386362 -0.0015447328060691989
-0.0092957861523102307 0.49811066448257008 0.50422094930802941 -0.0041031408799511084 0.0037701149256015917 -0.0019851919099007909 0.49753030500146483 0.0076522927185528802 0.015999926331628743 -0.49966627832093435 0.0028720613656796528
-0.0066029125712254609 0.49600593944351906 0.50842668808427671 -0.0027079180136993599 0.0015939297577475973 1.9042689847173497e-05 -0.49328112495732052 0.0052801749708073489 -0.0079542944624432302 0.50196626565479174 0.0062759452373739606
-0.0045200347087682221 0.49614534295410484 0.50661023670708039 -0.0068415823188646687 0.0006341841428693717 7.0109370976909296e-05 -0.49721522645945199 0.0030257865407715382 0.01986083772680124 -0.49948924615015 0.0014577239569315038
-0.0047224301071984408 0.50708404856427991 -0.49325215525897176 -0.0043973846457918088 -0.0018242557735079759 0.002740188968349053 0.49926059528380384 0.0021989353503686065 -0.0092805374581241534 0.50011389164183218 0.0070422889052590412
-0.011156507476161193 0.49928266168113766 -0.48981533667400445 0.0086011404808720437 0.0018545215399057915 0.0030032937714613421 0.49681904522429043 0.0094266738377008913 -0.012814221117857735 -0.51311317113124633 0.01481542692042361
-0.00085039222900285146 0.50614666434299227 -0.49312960134221839 -0.0043829069688571063 0.012637161490701173 0.0016229050647990507 -0.50896275189343188 0.011432481529952163 -0.016300711578730601 0.49093434211595843 0.00067810546756537522
-0.00035570594333865816 0.50274873949451948 -0.49380136588995421 0.00054909129063071755 0.0027911929982858386 -0.0013198035820259251 -0.50008358775943462 0.0055971101760503572 -0.0015975339916053492 -0.50300758231926868 -0.016119954710662368
-0.0041285677589752764 -0.49293841979481484 0.50787779664915311 -0.0068834103188828849 0.0051287981722144731 -0.0025441805833844528 0.49994987117160911 0.0019946454462941442 -0.0109908460497566 0.49888164276256314 0.0041363811204174076
-0.011577674226358917 -0.49641279664849713 0.50546773171071557 -0.0084097951475380558 0.0053088378307740644 0.0026536234028060523 0.4974980500770414 0.012138627655304594 0.025016024980597053 -0.49954015239787164 0.0043466511613114061
-0.00039005518034581472 -0.49638553137240798 0.50499839817777392 -0.010242452859627696 0.0041028031207658803 -0.0013099966047971038 -0.49250436660593699 0.0049196936399772233 -0.024364280076222725 0.50522436194979825 0.0049380614817162308
-0.0065957159706031268 -0.50045089235759421 0.50279294550455012 -0.0010820287949305004 0.0037311983945439854 -9.0056829381820918e-05 -0.49901945465522957 0.0073422979709068309 0.023219440718362898 -0.49706651281530018 0.00098388446668030874
-0.010982123139921638 -0.48654106644620831 -0.48030779205634483 0.011704687715382302 0.0012013040701594475 -0.00081642987308060827 0.47890616907710398 0.0056131444343927566 0.034771674585018904 0.54559274134246227 0.063713139848739109
-0.0079779097684198538 -0.49627045118421659 -0.48556720024166711 -0.0048706292328659388 0.0041657083591035947 0.0017898224039823408 0.4931048241669545 0.0057216770545246492 0.061503660666915587 -0.51890229031665858 0.040060133434256913
0.00098569225061820548 -0.49868020951907727 -0.48955585922110667 0.010335734745035973 0.013328213378051923 0.0031821000395366506 -0.50880903959048818 0.013892718368130183 -0.018866225012991716 0.50184962545194367 -0.0083015598955716117
-0.012372331341668428 -0.49521583825333293 -0.49035528569037795 0.0094483817128179319 -0.0016367565780530059 0.0029198967358987186 -0.4985780494357353 0.010327343269837842 0.039798935521184846 -0.51261790796602458 -0.031805908813533713
0.00065340317082701182 0.4998890458194471 0.0044255208847678836 0.49790584498535129 0.50118711412798034 0.0012978310104492072 -0.00030405327901483471 0.01537918182391515 -0.01683290210963902 0.50043778966438701 0.0057054268461265833
-0.005368271508474365 0.49971191971848045 0.001444858234479927 0.49984391653426324 0.5004997789063913 0.00078108223950224497 -0.0062876663575756903 0.010835893281913969 0.0087348994813816142 -0.49966821073476869 0.003307725285617119
0.0050499781000130483 0.50612767178778639 0.019647295569738543 0.50106862135003027 -0.49836565142464101 0.0020753444873469833 -0.001415522481790412 0.019582655232039066 -0.017650774981272717 0.49323759030519543 -0.00071696237199482375
-0.0053053036020604674 0.49936900729792844 0.0062165414349827147 0.49697513822400641 -0.49684456200409099 0.0005190457002195761 -0.0047995672462329561 0.013102858760690297 0.0033701398425391208 -0.50639864692021397 -0.0088914848971737414
-0.00014216014687909556 0.50575350653250073 0.0039294184867538435 -0.49458137857503875 0.50751073484244136 0.0017927953009397456 -0.0060201565493309406 0.014280020441342318 -0.020636143469274906 0.4912730339470105 0.0012745167586210963
-0.0020274459850982357 0.50200558811381657 0.0013196265076690294 -0.49261298147938126 0.50206481519188706 -0.0036888184236522816 0.0022568174355513328 0.0065641446324499605 -0.0025013997835006394 -0.50315234142891763 0.0041934577802632805
-0.0072259546526962518 0.50787616890687359 0.0023810769283907265 -0.49746858177847764 -0.50342050197708299 0.0016988897985551446 0.0047805554903054947 0.017542453334826298 -0.020071383594294903 0.49026392911366601 0.0012896531472015608
-0.0068453627875201591 0.50045360681421047 0.0070774388294722601 -0.49550979620011593 -0.49766279270820252 -0.0036881216961962386 0.00054332606270020842 0.005437146026789825 -0.0063477414848782648 -0.50607020243064915 -0.0077602387999261739
-0.00073283828198588015 -0.49378632007707723 0.013497847269129013 0.50406954930561798 0.50207167510841855 0.0026103813302706677 -0.0093137959698036694 0.009086565120466886 -0.018465340654595465 0.49929631279743375 -0.0040447939625585638
-0.0097884092476851099 -0.50231785793713679 0.0018883537370038587 0.4949013218001147 0.5046811341663705 0.003776226059928234 0.00050787040406848115 0.0084855738116040996 0.013290089261075302 -0.49766962198003861 -0.0029704151592886766
0.00087792305159168184 -0.50413576270832083 0.018259503032281851 0.50205584324622465 -0.49720716976813467 0.0026341263105822796 -0.0086188717963740814 0.018108281939192117 -0.017878890574228225 0.49548699118325756 -0.0013291143134376104
-0.012272260621928198 -0.50074369336985491 0.0028612017671136585 0.49871036316996181 -0.50229101917273156 -0.00027961252925300502 0.0013655134521993232 0.0080304897314311795 0.0068368168826391006 -0.49793855993982322 -0.0057167564039737728
-0.0027023156121456665 -0.50638037051786566 -0.0070416084656830004 -0.49691275602548529 0.50561832132911455 -0.0014951588367764865 -0.0063603156351557397 0.005251975259710817 -0.019803498950774712 0.49017447498382394 -0.014710294857920995
-0.012692380309949345 -0.49176323478191097 0.0036208435581946662 -0.49738641064964334 0.50855718378166004 -0.015334679827863712 -0.0002964314387640211 0.0023187222474772545 0.0064442551165689128 -0.50167868572591356 -0.0027229268053889618
-0.0065219098961360146 -0.50393226273767666 0.0029191553988659399 -0.49125499453377586 -0.50609585997404338 -0.0015007738273023288 -0.0016789027549009208 0.019313672292606925 -0.015961286102399663 0.49784062957201336 -0.0076540562601769861
-0.0034533373911387693 -0.49519160016629721 0.0076618465752324146 -0.50016288807467213 -0.49654406341034463 0.0016905832102843458 0.0010868454226966823 0.012071567811323172 0.014598696933995972 -0.50757452778551893 0.00097103787712642922
-0.010987937547767817 0.49847105912283624 0.013558090559710943 -0.0018959964346807526 0.002174494554246315 0.49907166659542113 -0.00051948128788089352 0.50364470366448233 -0.01540059640714265 0.49823443956175856 0.0028639960183213667
-0.0075162060925198938 0.49737139354227561 0.0027578384647410021 0.004358207333137713 0.0040942976866913151 0.49874125104637707 -0.0019077912902898306 0.50600938408853169 0.01922422728414093 -0.49735316778961941 0.00035247762555816486
-0.0055734342106587894 0.51201161655733529 0.006311834066696412 0.0043718339046453702 -0.0084889731325771284 0.49320327757806176 0.0013596488844212487 -0.49834042538029288 -0.01235719411209567 0.49584264837184144 0.008654078683156291
-0.011255669738837969 0.50481927590652209 0.0017770491832425259 -0.00071486133413024031 -0.0026639649590275536 0.49684321528374786 -0.0035550252513140809 -0.48595291772261945 0.048340600918075606 -0.50947901945582541 0.0099146834628320215
-0.012641617020698668 0.49961030689709002 0.012002413624390839 -0.00014204881559642235 0.001360309869672264 -0.4951913223753035 0.0015066422914641478 0.5058984270598571 -0.015959984087806099 0.49861834032537922 0.0076744757688370011
-0.0074424402345816421 0.49772995195947439 0.0013550736990056982 0.0028597267963233947 0.0050332203132463565 -0.4952398006109735 -0.0011814030820991291 0.50884631539276493 0.01851669408102579 -0.49763675415174385 -0.00072241495495685686
-0.006035572643605225 0.50865957647465987 0.014936930131573859 -0.00028176173430822577 -0.0034323167049821737 -0.49917659430027445 -0.0021761022924262248 -0.49563518178025506 -0.0090942453729646131 0.49600020883542595 -0.0076734251573374167
-0.011908824133486389 0.50059385426176883 0.002791046460598052 0.0056379773416943661 0.00076058888450246604 -0.4954146214871803 0.00025249202112508551 -0.48215882847013336 0.062980734975565222 -0.51636604306813305 0.026655347300327124
-0.0012994246428183053 -0.49400500591763075 0.0094522750460948185 0.0059305711016964906 0.0058411953135759503 0.50058547261944519 -0.0061687172285724836 0.50580994520607858 -0.016923969656521563 0.49901748773236598 0.0051269809026316168
-0.0053574247217795775 -0.498991208332356 0.0068419109046421855 0.0025278118771492179 0.0020048583171303146 0.49783240243513904 -0.0014284284802458874 0.50436342281406654 0.021417415392022597 -0.49823158797337069 0.002612745922062868
-0.0079096596739666597 -0.49240402363598318 -0.0014722489119173604 0.0093664434553410586 0.01060404018781042 0.49801232776413529 -0.0091687130526305269 -0.50499788646065491 -0.031119212040370409 0.50310624105210333 -0.008115846558281117
-0.0089078974850378915 -0.50148437925144829 0.0110314178378311 0.0072653272234962209 0.0048212594113535663 0.50379012538314916 -0.0054041967840138634 -0.48782104778247076 0.04655001894249252 -0.50424650033213259 -0.0013554449122234206
-0.0052282520052081413 -0.49286356672746062 0.0079190403251976887 -0.0017764757146766874 0.0020537713976965751 -0.50216745374324667 -0.0074783544949576612 0.50662308817913426 -0.011285712449856308 0.4979207749828975 0.0063709186860390968
-0.0067107255966144972 -0.50167316489596459 0.0076129447208921367 0.0023677586181797576 -0.0018470336010054809 -0.49474432019228803 -0.00033621224528070418 0.50395650594469243 0.02203395873339168 -0.49898062268164767 -0.00080907941332159503
-0.011834983268550222 -0.49183573766735572 -0.0011676479486284188 0.0064387202876119128 0.0084079499839037706 -0.49541869129664506 -0.01036083228376182 -0.50469347079409477 -0.029680341985120956 0.50654259924744582 -0.010731851379910904
-0.0057544571589191618 -0.50391868504361259 0.012187975456169717 0.0069885329866475965 -0.0048031918261823752 -0.49784794872434096 0.0012525531784895463 -0.48815442084096644 0.050694550733260749 -0.50704150900803302 0.001572017719143588
-0.0016676604766798595 0.0012621459101351837 0.50367541802030891 -0.0021262872606848822 0.50127824737510362 0.00050593847083018435 0.00013066422100406483 0.50244269452427348 -0.012114505206157557 0.49234151585542735 0.0051413024065505054
-0.0049457282321531846 0.00070071662150704558 0.49808896329781938 0.0010918115150503047 0.50034425058642196 0.0018027976154698004 -0.0058233934235885527 0.50145834844310233 0.017054203329481328 -0.49974832137464537 -6.693750692016726e-05
-0.004997202430565134 0.0080006552591171173 0.50871562438891615 0.021544423925646285 0.50705214754596584 -0.0027874551857794742 -0.0042750166243910913 -0.49600463486030177 -0.01733121661557787 0.48692908925480427 -0.010316779743791199
-0.0061055724681914414 -0.0026949898875047087 0.50684349715788024 0.0014415026594464624 0.49681617302155789 0.00074773419699246748 0.0010189229641394198 -0.49101075440186459 0.01521221953249834 -0.5048476182510433 0.0064072749143272373
-0.010367984015213362 -0.00091059936665105045 0.50765799147592905 -0.00097127133864957464 -0.49128424763860795 0.0010038902450132897 0.0083365584346863694 0.50690731590353677 -0.010267032767822421 0.493626828835524 0.0039361191895742123
-0.0094487527049523755 0.0021271851712887442 0.50314511821697949 -0.0008884227297342493 -0.49215947295450813 0.00069464196751711001 0.0019010897921351571 0.50560275800996668 0.022606124530471627 -0.49837222318736657 0.0023010362953690797
-0.022705690500814977 0.004426705423410923 0.50770124154299401 0.019954047314138339 -0.4998813004358561 0.00087045017462966873 -0.0035969692161756943 -0.49554425646417583 -0.017107343139161648 0.49518737730562262 -0.018542407778842925
-0.0096603621887284552 -0.0068070977995100691 0.51083819194132962 -0.0057500497669506828 -0.49561107673112353 -0.00030621736813248545 -0.0014708359074083531 -0.48666002218944282 0.012892192170828265 -0.50581801785643632 0.019569616582397743
-0.0022793165816019242 -0.0019168118858461176 -0.49455376474406071 -0.00028371016208928872 0.51145621672306663 0.00072557819143329668 -0.0063704891651562325 0.50120187519181936 -0.011679212843654403 0.49236157418865595 0.0044055836812414342
-0.0083682933232715126 0.00086853422689442134 -0.49442575412386669 0.00065338617528556584 0.49948865711268525 0.0027259565777348225 0.00061961223647307708 0.5028208407860566 0.023897505384886962 -0.50255323115118589 0.0039486560964713448
-0.006015154662187089 0.020924539773230989 -0.48180815911985159 0.0018545247175395874 0.50446767814889915 0.00231235484143884 -0.020497524160228653 -0.50503468026123244 0.025318812764183286 0.50629828865319604 0.020767250063956594
-0.0067464904985874118 0.0036395789748842164 -0.49074386842140583 0.0044565155565839468 0.50111280761162924 0.00052848089549596721 0.0014513637600810383 -0.48948531136630363 0.031484585381442151 -0.51670599201873679 0.020079102505331139
0.0064096398463979144 0.0058298401211436838 -0.49136629418976974 0.0048132399253501615 -0.50011870786788826 -0.0026721547600596835 -0.006862206261783751 0.50349876782011094 -9.2718449858500226e-05 0.50475152249962596 -0.0016904534233881778
-0.0047198790203872836 -0.0012934694900563223 -0.48900052492076213 -0.0012654457886663692 -0.49267209741849594 0.0018037742192623665 0.0043537010801265102 0.50698557182820969 0.04446168955590165 -0.50884804701466513 -0.012937705856764438
-0.0017366285586438602 0.0022601916580528422 -0.48806142358256416 0.047083982073649687 -0.48709883811051541 0.0072293029785700366 -0.038460112320591988 -0.48144104172159619 0.059710656210700618 0.52708183993284596 0.087224966847815069
-0.012068248385186013 0.0047486437359523645 -0.49565880844548038 -0.0022602990849130487 -0.49347434859374251 0.00017199283394049767 -0.00064304440242629764 -0.48523737248031079 0.040406984091453373 -0.52297811968120145 0.0061255966347059784
-0.010746899380036505 0.0058890246133253294 0.013517748962907899 0.50253698196216712 0.0054657750127644926 0.4973452639752049 0.49866836594333869 0.003891559007082851 -0.018878605952847391 0.50068807729231835 -0.0033546298735074175
-0.011568633956772842 -0.00541769674343662 -0.00053944194848546301 0.49984190352819996 0.00026508457967782279 0.5014984666032577 0.50235765346579786 0.0043613201949331071 0.013762689552182406 -0.49590397551954896 -0.0011898762534376919
-0.017252601841282352 0.0042410443715547377 0.011507688494327775 0.50004991817902777 0.0063279476670605331 0.50025508312975531 -0.50272135124252804 0.0011723751073645381 -0.019701250237754118 0.49607283702793042 0.00054058468219616543
-0.014138219141900363 0.0061712862513806557 0.0056182441971603866 0.49897028082032324 -0.00151728940803317 0.49956649285309779 -0.50360897181862108 0.0085574597948386497 0.013953796105413684 -0.49724835172166337 -0.0066542390266972748
-0.013905043193287312 0.005514859792112998 0.015854966161901119 0.50180208749323085 0.0037353390375265169 -0.49757141452974835 0.50054915404142497 -0.00023101903908660893 -0.020369773101035594 0.49916031815104617 -0.0016721129218128603
-0.012713498090391098 -0.0041806216267825233 -0.0028764074183968082 0.50035725591249891 0.0035339260432039965 -0.49805472593653605 0.5043265108330578 -0.0010149481372677426 0.016179138400747896 -0.496708430970981 -0.0075461167753797347
-0.019268006291675889 -0.0010763684276039788 0.015554464951850706 0.50064522053772942 0.0057448305359161025 -0.49866684486454871 -0.50425952073971669 0.00085980676421001738 -0.018932350617727939 0.49537918596957581 -0.0010032827015737449
-0.014166101799816385 0.0070651950934347016 0.002942805116907627 0.497151638920727 -0.0017661059522113215 -0.49738823234689411 -0.5044521352804584 0.0087516177048226774 0.011102093401007903 -0.50038985050751372 -0.011000591660621202
-0.014791683620975063 0.0042242407842647198 -0.0018774976890081451 -0.49472941257060216 -0.004378422237287247 0.50862709354524149 0.50101676380671079 0.0076038177014696277 -0.025778688729159803 0.49451165462829438 0.00014608581523652082
-0.0034321976756707707 0.0011138010817018267 0.0041608426022779581 -0.49232936238108899 0.0055819957433090022 0.50682815013548999 0.4945884853168982 0.010905414890087842 0.024506860431941144 -0.50487820632215574 -0.020886503704476877
-0.011782687841871507 0.0051439549495503967 0.0062914688134029966 -0.49434238604296737 -0.0040661847483790241 0.50905162260204206 -0.50182367043619203 0.0051953927280594643 -0.020549941467273292 0.49395780559122965 0.00020082223977384325
-0.0079686031732334218 -0.00047934588882639649 0.0021351891780809255 -0.49356023350237194 -0.0009590436829323922 0.49726124399374177 -0.50378326497964843 0.0029861921349339871 0.021316010153259238 -0.50460775013163206 -0.013057362730366642
-0.01581575362143731 0.0016512297570115213 -0.002123822256047697 -0.49132755277461088 0.0038695046251726725 -0.50508017632619451 0.5023039790206042 0.011246250697876149 -0.029744617253151341 0.49989835501856544 -0.00017308082857241342
-0.0089947760042643626 0.0019510503204891963 0.0050629245996340428 -0.49499735620052815 -0.00036047589783120231 -0.50070104015130357 0.49619862793355368 0.0050760117662613704 0.025149049351282076 -0.50721002426105621 -0.0056817560691033667
-0.014750313109507135 0.0013800574846106891 0.0021216214953654177 -0.50265795717490691 -0.003665624095855267 -0.503277686682021 -0.50103880028502124 0.010477838976668078 -0.017523374122492726 0.49228048577137634 -0.0035105542095962045
-0.0077954801570687404 -0.0014583696145175789 0.0044489414976709128 -0.49528926435153403 -0.0061296341922066275 -0.49608691560430562 -0.50152114479426058 0.0059106445011650986 0.0068577694928234033 -0.50634656636818665 -0.021766631946563305
0.49439769873321343 0.0098209203835745214 0.49751218737528458 0.0064736106058029689 0.0055766908517097648 -0.00017811260234665911 0.49491198561593391 0.0074346539513487015 0.021181173509262761 0.024596461908834372 0.51169939803424314
0.49782235183872031 0.010472957750173071 0.51226865984124126 0.0076347485905150529 -0.0040924831384544277 -0.0013335373181125303 0.49071266102231964 0.002334108723393073 -0.036178357507354424 0.0057480418910730042 -0.49741426386411469
0.49169926656063329 0.00017142915616008594 0.51068037138432709 -0.0057133676365691364 0.0085592877484039348 -0.00090428923111154208 -0.49712496943202394 0.003724348629141597 0.0096319349635767132 0.005104004083528341 0.5000647032221851
0.4874317265858551 0.001937454549141132 0.51433762953536966 0.0041417317601052306 0.019018195241340696 -0.0024306863854650432 -0.50499567861525552 0.0045318313796504578 -0.022238830537111339 0.0037725759339054831 -0.49186241600091063
0.49443676709784506 0.006566718656194924 -0.49439311239023814 -0.00020932676259639439 0.0040747458396571193 -0.00095201288299469181 0.49201771793967392 0.0022635434357742941 0.029402350224610959 -0.0099796702892362091 0.51768369479429377
0.44375326048584024 -0.0060310503967271308 -0.44571432417244256 -0.0038026391742688299 -0.0055397829127425873 0.0004162903542285221 0.46478729630510746 0.03303695330366737 0.13827371947784994 -0.14877629658467345 -0.58818994372212929
0.48493579831433803 0.0046764984948067818 -0.48137151152333751 -0.0029996280122509358 0.00024616314609736357 0.00041029581280879008 -0.50567865315254112 0.0066112731945729445 0.022119522321565513 0.0047926493789136188 0.52613761614088761
0.50404437137964908 0.0030692818388746153 -0.50848957328226341 -0.00033676953233953975 0.0040298897301385009 -0.00050979537109118844 -0.49690893738536823 0.014811510972195015 -0.027964790544943229 0.0034694429156185273 -0.48930527514153355
-0.49779547775242022 0.0026319834910145078 0.49756264442299314 0.0039474652830852911 0.0061841565487564679 0.0013688148156670908 0.50193931749828902 0.0065774832725139197 0.013598978143042579 0.0017925870659352197 0.50238825884647054
-0.50703582631495536 -0.0028562389908750644 0.50385341576747733 0.0025884395884381976 0.0053100757208829272 0.0011443222837557664 0.49875194637540826 0.016302678931699833 -0.013053489527432354 0.00092076569364812671 -0.48970554316069953
-0.50072720364957091 -0.0010443992862937143 0.5023836798058906 -0.0036466636059097747 0.0052445804897576056 0.0011988027255556164 -0.4966367692725136 0.0047278415496230554 0.021485014596278114 -0.0041649858791942777 0.49969009203047732
-0.50457881595378296 -0.00059066282297570683 0.50081353228842662 -0.00023414248053043847 0.0024521143589549296 0.0015190726349059867 -0.50122293701375409 -0.015017347007182966 -0.0096442628127243572 -0.0053137479830636155 -0.49295648813362819
-0.49747980971069944 0.0069889769747831353 -0.49474594207276246 0.0099179215517876413 0.0019529323612049766 0.0016728141019943096 0.49536386196816523 0.01105534541494723 -0.0038558079507621974 -0.0040291022715530211 0.51190603745953744
-0.51310496743818335 0.012013118079235162 -0.49691327410138714 0.0065248601013672127 -0.0017644376156634089 -0.00091238287673338283 0.48934088992798752 0.0068908049209278855 -0.026220207297457877 0.0250900614649988 -0.49878918965946623
-0.50718805386054044 -0.00043002508648469164 -0.49319393827964469 0.0012242311538788926 0.0041340035758816417 0.0019466975059040652 -0.49687698326885155 0.0058549676576074867 0.014592086232424096 -0.00089068579780679318 0.50235715833926597
-0.51157790158833905 0.0060407436239586932 -0.49141034643590142 -0.001886559196594548 0.0030224322500368357 -0.0017876025849997957 -0.50601267212007384 0.0042757329643235403 -0.016181134039621486 0.0081362376765984033 -0.49026157101343443
0.48804392526567686 -0.00050132485674639219 0.011385906105922102 0.50607751241429633 0.001244281082722805 0.49580277100646308 -0.0052792505857527719 0.0043134749225742595 0.032727589159450329 -0.028656266859095312 0.50774806647304827
0.48982028318877657 0.0014027006740138445 0.0086201820235962383 0.51285205770415321 -0.0098987698736935099 0.49643733637129683 0.0048118822161014787 0.0068973442378146297 -0.013897059952142203 -0.0055932231429235623 -0.50013940796672396
0.48550910854028645 -0.001103484563352655 0.011791498573064392 0.5054108315127378 -0.00062596599698438191 -0.49668252562061443 -0.0043531462603232434 0.0048827458237124741 0.04271640826843285 -0.037590631371992408 0.50865123465444817
0.49382475079286497 0.0005456715595778481 0.011106094351232138 0.50777588465748869 -0.0037903393193399939 -0.49607106050290228 0.00065470906865534406 0.014137294199443842 -0.010477197722423556 -0.0058520051649123645 -0.50172896096103459
0.48730222741537305 0.006891953118755346 0.0091634487613631386 -0.5017634951780765 -0.0026716070694703838 0.49777522488491172 -0.0024473400740298826 0.0046757508169260583 0.025330928487019549 -0.041377470497775043 0.5103621764357118
0.49628342922532909 0.0063341559336619318 0.013448909522128655 -0.49268170392325988 0.0036001120829733673 0.50545097284752483 -0.0024399520056152635 0.0057120956769006193 -0.013870501567472625 0.019122620786903983 -0.50463472749610749
0.49068000187470961 -0.002920099153475493 0.0054541872869047284 -0.50616135588779143 -0.00052051006133882959 -0.49651558181799432 -0.010156733854558531 0.015590653110253129 0.025651792873075951 -0.039021435642408613 0.5039252264821249
0.49743736748376816 0.0050510619695158937 0.010796749125511217 -0.49675033651214651 0.0042805717163696966 -0.49381799828996242 -0.010218233272174724 -7.6300536959509488e-05 -0.023334499452105775 0.018062436567524567 -0.51068912095858454
-0.50399838782664319 0.0012916863532665608 0.0064186857343401559 0.49837811819662042 0.0078041415439893428 0.49841218182552616 -0.0024004921681396239 0.0033809492836164514 0.020620639581378577 -0.0021539401890202734 0.49863750095398768
-0.50720232509560459 -0.00030765380589291823 0.0085216811725913749 0.49990275508588411 0.00066376151545105816 0.49761901178067763 0.0027563042728595637 0.013323400104929996 -0.013189978425952808 -0.00047775997794877916 -0.49475841349115224
-0.50600838952613847 0.00095838100381951004 0.0071519647091338482 0.49732224264775493 0.0072746071006988319 -0.49657385352330868 -0.0012889636545978856 0.0031580020761823903 0.018960712791385094 -0.0014314639663393267 0.49956213184057874
-0.50853740763995303 -0.0026727160307304806 0.010563984411213983 0.50024047177629682 -0.00020899293696038804 -0.49496329277730189 0.00072776765846780365 0.013167801100795275 -0.011446202329482487 -0.00042024565443870069 -0.49571828349322938
-0.50431378447087394 0.0024548948350414579 0.0023990629820302462 -0.49927999800698691 0.0046429499409714348 0.49709501606535778 -0.0030338474086474805 0.0070314902300653587 0.021247351223112811 -0.00078764626493811672 0.49873798730816699
-0.50784166746386183 0.0082370870517371741 0.0041714001675317207 -0.49261871661664658 -0.00086463947521971389 0.50252296261896101 -0.0017446798943077794 0.011184758705377282 -0.013438379194073133 0.0017909822383153611 -0.49648401252739693
-0.50089786141946724 0.0033463119392365438 0.00085981638773894903 -0.50167311348009547 -0.0016872914210736003 -0.4974888479592578 0.0028147834541185747 0.0081163951142216497 0.019407687682633387 0.0016990401274456733 0.49946184819115252
-0.5087924450611192 0.0053274537772848556 0.00053247824353047678 -0.4929029385316826 -0.0058192731163978894 -0.50424997580943098 0.0056722066469579524 0.011255355132536176 -0.010694219866402831 -0.0018059670164446997 -0.49352800213614628
0.49400671821876646 -0.0024193660623035192 0.00412839533029384 -0.0049692761733480528 0.49890536784717293 0.0014792428555191037 -0.0044952785107622408 0.50551797464132431 0.017153937425964508 -0.00068546577356347262 0.5011363684625626
0.49199747121440868 0.0075210541480558221 0.0046877384696012384 0.0039428765350643345 0.5048043206750592 -0.001315022615594761 -0.019575717886528156 0.50825134358713064 -0.029051261206967695 -0.00076768634875882819 -0.49342483452920088
0.48944174306649429 0.00010296901013859282 0.0051742353365807391 0.0036354520163668701 0.50054125286499829 -0.00068581793966998171 -0.005420275121128651 -0.49015070589501797 0.040977096465909808 -0.020866278384392912 0.51717806050978221
0.50170262609778182 0.021628436437929076 0.004978597934081644 0.019893814001053355 0.50354462650882548 0.0037160549555770106 -0.0056209363956603161 -0.4817767084828789 0.013623260192242612 -0.048122710353317402 -0.50911035664973558
0.48971167034596758 -0.00080236319909745678 0.0083471731429188654 -0.0080311700142439626 -0.49347713978887842 0.00025514888510894855 0.0014906152649125949 0.51023032167285087 0.028663998006983486 0.011012914352806978 0.50522054233896929
0.49744687193127513 0.0036198687366609723 0.02295573469936717 0.0038941733992453793 -0.50308925712914354 0.0052676133503217464 -0.017458684739033319 0.50399157687094032 -0.033423061563144695 -1.0676954926334381e-05 -0.49339174196269336
0.48665592229500171 -0.0010420523412310091 0.010872167705101646 0.0062202865944109694 -0.49604336391936776 0.00034522781899776493 -0.0042021634538148981 -0.48774963605156879 0.026312107566702457 -0.020729182326107955 0.52717122617311407
0.47891802444214326 0.03736791688025308 0.0080672439287853507 0.0066851987559548428 -0.48780632552341974 0.0035012753059527539 -0.045669879022965848 -0.48713452050213019 0.078491545556015854 -0.076385077358771425 -0.5289449314572674
-0.49849146604098765 0.0055786767788443704 0.0044373834049048263 0.00044491362524288867 0.50228885132276424 0.0016295706558109079 -0.0011133526258675784 0.49931256585554434 0.019785116972145959 -0.0013838848279752298 0.49945055681247197
-0.50253944782823756 -1.1431993666087275e-05 -5.032281219262782e-05 0.0025364031121960775 0.50031671323041005 0.00060279696562524898 0.00069409974828287294 0.50431502558871266 -0.0095860058345870695 -0.0036714907395794505 -0.492636775230685
-0.50269548927051566 0.002105960847672771 0.0094736624576453373 0.0012454433742369792 0.50208122941560807 0.001293600730981323 0.00077637583155599522 -0.49320729048642609 0.020542067320173357 -0.0086908548293792159 0.50136088062017758
-0.50467717963814962 0.0079898708096577242 0.0010811550875393361 0.0036253745422976493 0.50822187530655039 0.00055740073781078263 0.0012031938676122218 -0.4916372685469278 -0.011721217339094522 -0.0055107300320076649 -0.4950319204487526
-0.50269904154014233 0.0040094479837620807 0.0085811456121474942 0.001503455333451744 -0.49025249951550243 0.00053629403922842355 -0.00019612428942615808 0.50408609271350791 0.023575632381040809 -0.0009460893709696774 0.50218957353957949
-0.50736353417168467 -0.009892530055087714 0.0059415185629644353 0.00071780479583957127 -0.49359317317701173 0.0015189331969373441 0.002599687452558994 0.50880618688357926 -0.0082509533468426832 -0.0015062507588292494 -0.48974605274776922
-0.51203679857444606 0.00048564052352374152 0.0045565383575783 -1.3672148843058046e-05 -0.49027564996597528 0.0018524851098260583 0.0016997561414097623 -0.48813667356989215 0.0086458735376497235 -0.018822013582525457 0.50863970902810118
-0.50547255829738613 0.017527256204851044 -0.007593547798152459 0.0095393169459780311 -0.49865854653475455 -0.0010945559228994082 -0.0063572094171768911 -0.49485729334480566 -0.01355841964502239 -0.0091506180991504874 -0.50018832856680706
-0.0042925703386187076 0.50056019458182832 0.50278190178433457 0.0030953529826492237 0.50253071656535975 -0.0011345735651917945 -0.0026390540022282242 0.0017363335253416999 0.017415937880807187 -0.0032316933170622414 0.49372026181346884
-0.010201546042034024 0.50016794011739218 0.50097121614384854 0.00044678549297189063 0.49696261349986737 0.0013822310826046753 0.0053775052488609755 0.012930443875923237 -0.017691814639317793 -0.0052370771380411711 -0.50124376316524666
-0.0096990087027465696 0.4994805785416418 0.50629775716180581 0.00021953897928747633 -0.49175322514513575 -0.0018863898886368822 -0.00012987729052122565 0.0038693403643518987 0.016979958208010869 -0.00032736731354722541 0.5019555817648893
-0.021980158985650786 0.49934536778544458 0.50559367141329836 -0.006061271080431866 -0.49547914101584012 -0.00033959838107016721 0.0019755507384466293 0.01840815092801338 -0.013784781346962698 -3.2760712393604697e-05 -0.49847457116856436
-0.007253287823584603 0.50923105080365261 -0.48958498307731441 0.0030521120140852261 0.49883489678752835 0.0023892014166548171 0.00035920929930057779 0.0033553868902920126 0.033546454373296522 -0.00081005109498547511 0.50094808583111805
-0.0073694489678937476 0.50482394561142008 -0.4914170387836701 0.0086671851364419142 0.505087380849223 -0.00087078243393300819 -0.0019987719199432903 0.010776818880271596 -0.0093347994428650098 0.004511210413691528 -0.49818771972475451
-0.013943370259711157 0.50359067068425933 -0.48456806541603625 0.0028339999081879283 -0.49261580707050417 0.0002263181313256665 -0.0093853693070335992 0.0033067082849293455 0.062301997147687749 -0.033451750712498222 0.51343725488359904
-0.0098037302278978951 0.50775035824277959 -0.49934260516200701 0.0038961500861826315 -0.49630544898252954 0.0083242172747857862 -0.0024439143807000047 0.013669411904511429 -0.0065066266567641558 0.0049191799410100842 -0.49607206323116732
-0.0051021006611634166 -0.49811765636835098 0.50068272018689652 0.0019099796478054495 0.50307432537124075 -0.0022721779388572274 -0.001924110785868032 0.0075738427082965116 0.018465605659739918 -0.0050525622397796311 0.49764387141144484
-0.0075989860060474389 -0.49353672907899582 0.50176903491353375 0.0034582246658378087 0.50476364662017914 -0.0036665382910221105 0.0033761588184728834 0.0096192309919531215 -0.017199938914901739 -0.0013380258755358377 -0.49937790302363444
-0.0074258675840386378 -0.4985050195327615 0.5064098443061531 0.0026281427057913893 -0.48939110213700698 -0.00084322785418859366 0.0028748501154231007 0.0089019799815253531 0.015311067185865387 0.006031201832439422 0.50509116838271995
-0.0086658864117485947 -0.49299028898439606 0.51112616436646308 0.0081285822065654059 -0.49667857338505922 6.2272012084856207e-07 0.0043672200811341244 0.011024397457300628 -0.010617762833834029 -0.0051026677284027573 -0.49859849409603885
-0.0056899610716325179 -0.49658759646000789 -0.49160270276911988 0.0081001094841657833 0.50530024128593853 -0.0034488150966590593 -0.009966757537187395 0.0057653899588969238 0.038762967868561961 0.00022230559524688114 0.5046326713535082
-0.011247136836361079 -0.49137636354419439 -0.50156694422773196 0.011943584985834463 0.50190684552123521 -0.0028671716635182303 -0.0053714646370199006 0.0043656266716146398 -0.038627957381716878 -0.0022617582342354743 -0.50323639998911807
-0.0058285654733647449 -0.50179185461123499 -0.48483382727965857 -0.0039519171578785636 -0.49983047239516426 0.0033611445279953952 -0.019894815491875689 0.016838312636609988 0.048713010039828697 -0.021699892557141321 0.50963372256859951
-0.015094568790140234 -0.48861986397344032 -0.50996071237315954 0.0055116366458764481 -0.49980239401360965 -0.00077037354083518 -0.015557181710542831 -0.0052817635200661647 -0.023148604496695351 0.016404364083896811 -0.50005456272694226
-0.00086900740084892825 0.4983312912509949 0.0054652760301070209 0.4965119620093042 0.0036614562802566677 0.00032799464737665501 0.0057294698944222767 0.50499970704847519 0.020068601101771135 -0.0021597263678715685 0.49963257837212288
-0.0068022319097492618 0.49405588758005198 0.0041947133575186901 0.4966188189179831 -0.00070165680412866366 0.0014313693197201944 0.012435688993551047 0.50732994538085685 -0.010049805903581857 -0.0047983749671516246 -0.50154738428445211
-0.0062454380409822478 0.49779106305934578 0.007195190915421471 0.4989814360985404 0.0033486006737397001 -0.002521048153241944 0.0038193429478939282 -0.49199654055641062 -0.0033960908821833789 0.0036048094284316014 0.51089483017942527
-0.0071567964127110242 0.50828223275044881 0.0012717798415225372 0.51298562949084903 0.011986130848316456 0.0031067341684225588 0.010670787859085927 -0.49187274464840386 -0.019003628934589317 0.0037785507797909179 -0.4856548996120239
-0.0054275253877534724 0.50180687550482783 0.0015562263853206284 -0.49725904464689069 0.0041304098185252153 -0.00045977684425506837 -0.0019926709816702917 0.5022094794459302 0.018344557217882425 -0.003860348055629501 0.49830150873834095
-0.0054649785237069967 0.49316630600818778 -0.0045208436105199628 -0.49579798352939575 0.0042001596229998845 -0.0027226903372509345 0.009773341522644639 0.50313366889947952 -0.010281349674124243 0.0080295895055178743 -0.50743157992202159
-0.011544838652105338 0.50032662106352421 0.0069811411428231064 -0.49453378276054111 0.0041211957622649337 0.0013641785607515042 -0.0062428787515680989 -0.48930290972115464 -0.019366836367809663 -0.022891801614891176 0.5143474751236975
-0.015135276091050774 0.50469634327069846 1.4055935975802006e-05 -0.4996111499846555 0.01117317413121701 0.011162302340683458 -0.011551184298413003 -0.49709945734998678 -0.027737252088838416 -0.015093120063456821 -0.49694398932226286
-0.002462748262637141 -0.50010562191492602 0.0054138839137690192 0.49781811906432177 0.0049242606661490098 0.0009383164229757173 -0.00065597909280182731 0.50336203057733986 0.022822031559596667 -0.00076424693195661084 0.49811222618813311
-0.0051077071205279509 -0.49844232283809531 0.0076387724472556746 0.49880405492228108 0.0023774870250530804 0.0022913865840723407 0.0039174759016254159 0.50278927658484718 -0.016940604359109261 -0.0067180432155955197 -0.49950966330636648
-0.0086749209943015621 -0.49711871731890961 0.0089024873780114821 0.50030200567525585 0.0057687916694832229 0.00020691079096547867 -0.0073701303995684147 -0.48865773546054053 0.029328295553320931 0.027394975055768968 0.51179265223080783
-0.0053484777849126522 -0.49702492807339649 0.0065785344903240162 0.50805043239358683 -0.0010926559961624905 0.00087523736056164842 0.0006570392523318054 -0.49269353376387182 -0.01074634747432607 0.00169590136069935 -0.50190778612343789
-0.011867006158510272 -0.49629800262655094 0.012006790994033957 -0.49787521765483911 0.0042427826884199639 0.0015572214941637201 0.0049150036844955872 0.505249778311888 0.020765872386737032 -0.0070034389723476068 0.49972130219385974
0.00043281861706029605 -0.49923562326078902 0.00028130117902851534 -0.49365038938012246 -0.00034352318387181202 0.0032574933160608526 0.013878972360213409 0.50966613700630325 -0.01357436187960398 -0.0014554635403462471 -0.49691398756707883
-0.0083184270921745664 -0.49333479511572109 0.0063781868054552703 -0.49132650345530277 0.0025557917480157526 0.00036072271534924561 0.0077277934753626522 -0.48563109782483566 0.059180312128731927 -0.042170018940361098 0.52337807122034508
-0.01521861155155013 -0.48086385940916554 0.0056421730139517481 -0.47812406495470655 -0.0028489601724533656 0.00022366196141439552 -0.0097344790652527918 -0.47532761533059903 0.065421306509449134 -0.066813198606840499 -0.55237728731426861
-0.0029223659984405816 0.50207809739989562 0.0044641300922731893 -0.00100929572962188 0.0016089520957158271 0.50074925859272912 0.49476156352537914 0.0071019778736367408 0.0021987906698854301 -0.007894187420385352 0.50222414551440431
-0.0050183248091107456 0.50501141975736719 0.010560923048869431 0.0043143281699892216 -0.0050128328534184722 0.50654338613899597 0.49377003554232152 -0.00054989421320160003 -0.017046290287537409 0.0038523998259066281 -0.49404679727034284
-0.0068379556276712584 0.50290436881259892 0.013686779136570954 0.0076338252795515454 0.0024285009928979176 0.49944665218046208 -0.49782765777073085 0.0021011613276173255 0.011287812016825587 0.0019303511537147363 0.49937365400373201
5.6339006183314742e-05 0.50261847145299643 0.01556053034448235 -0.0014147211247417838 -5.0173496322327809e-05 0.49522104744265211 -0.50314168629377531 0.014147750806271323 -0.016710515207415358 -0.0018339023862628443 -0.49824926416026982
-0.005734322877070255 0.5005089261293626 0.0040434233862876286 -0.002332323754524546 -0.0026655429997806293 -0.49980273540974485 0.49623024003333766 0.0031711588831082366 -0.0044349828797777859 0.0068097931523983992 0.50329485813836961
-0.00947334081338593 0.49856415650681546 0.014424753756498886 0.0019917108212031422 -0.0067378380964605352 -0.50382455440124596 0.50297175736558497 0.0009490148934235672 -0.022654676939078092 -0.0009066858895540493 -0.49371233663390762
-0.0080542907010930625 0.50125389013578525 0.011396784313599027 0.005716445322078113 0.0028713920117862985 -0.50124995026915231 -0.49621894461835853 0.00094456921541423401 0.0060939941307714494 0.01005351770212019 0.50088421901324398
0.0015366047228567959 0.50792952354305709 0.019129894946712214 -0.0010292931584886199 0.00092686072791533299 -0.49976601390391656 -0.50005370779485481 0.016341793143226702 -0.016499421831420055 0.0038481337971880592 -0.49118580392041217
-0.010806086442580165 -0.4957842532181484 0.0031843991872812063 -0.0014654421283871247 -0.012316756184119622 0.51418021560615146 0.49164340656221367 0.0054687939291749154 0.0032827173833369721 0.0013137542599369085 0.49777531992597146
-0.0085819398174072827 -0.50431837978500904 0.017636375224473332 0.0043997163688224289 0.0052292701877401813 0.50682017049456041 0.49362863559395809 0.0014269153811203588 -0.017952089435780517 0.012293571977228787 -0.49418641928431284
0.00092788132578684312 -0.50013099882145118 0.015660624964692237 -0.0035183590217221618 0.0046322043820831984 0.49863479369802211 -0.50235411341152281 -0.0018461241062343102 0.017514963918636897 0.0046903593770513379 0.49825750105548472
0.0054559053255777926 -0.49629541956963241 0.011591613062124894 0.0096718006880859748 0.0052623732561548741 0.49917276044865128 -0.50466148652244203 0.012646241624556133 -0.017629867428216792 0.002152144917871537 -0.49907259560467115
-0.0029914898034460826 -0.49424220752756864 0.0071190024115127624 0.0047966674608637206 7.5069223818302944e-05 -0.50370382715093587 0.49629956629864602 0.0066336688617458003 0.014093621844823863 -0.0010902990156189535 0.50533886447772713
-0.014052454339576727 -0.50322519004050303 0.016919217454958006 0.0042504632876372824 -0.0019517531994261942 -0.5055936790722555 0.49447873526309855 0.00082072094522631621 -0.014064283170043887 0.0082125468466118755 -0.49584139543089523
-0.0019097437175024214 -0.49869231840774686 0.013674852763744708 -0.0036525359881354187 -0.00078702744700309994 -0.49851040074463493 -0.5032105270691587 -0.0031089233790692126 0.01743175464280964 0.004695639243996858 0.49903138949806758
0.0098588119571826113 -0.50065815025526827 0.009159953396392034 0.0083702056163521051 0.0047466405439842013 -0.50137497966165423 -0.49951038139465476 0.015655847883292908 -0.021039979210024953 -0.00028387164154235293 -0.4974860465300095
-0.0043688175420810525 0.0029280866110202261 0.50251762858121385 0.0012481839531108376 0.0054266612157512998 0.49769774234959419 0.00023192305982920098 0.50013515190589042 0.021256064429271051 -0.0046643491451693357 0.49910472144027851
-0.0068127451969547045 -0.00039154716924882823 0.50212828328841053 0.00053028928175444126 0.0029115955045635362 0.49959771493384886 0.0011494130214686825 0.50506307446065601 -0.0094769815276711054 -0.0035172665901482426 -0.49297238287374234
-0.0092493719907979291 0.0020583915255869977 0.50302402447129346 0.00048260893521116137 0.0016107804697330756 0.49883397928075501 0.0021621307523387551 -0.49236369079980924 0.030227501927999802 -0.0027930258356178603 0.50466889625090039
0.0016234449305851896 0.0028261977319107988 0.50550511355634575 0.0068993582448394547 0.0051135056595862979 0.5028990574810045 -0.0018758113960092046 -0.49266081654693183 -0.010903180214746245 -0.0017432243506672676 -0.49863075426883241
-0.0046547010789231499 0.0035716343967284025 0.50267382497456914 -0.00061889560097803129 0.0065243814542455996 -0.49565494215570516 -0.00080954935844452917 0.5011435130893569 0.020657756819994023 -0.0059819033377452096 0.49995982682257095
-0.0076281196328817323 -0.00034099911799490088 0.50322393945763388 -0.0073889593869865006 0.004069926736587768 -0.49761035183613916 0.0018504571652286645 0.50670519273081482 -0.0090810093901791816 -0.0032197885602243985 -0.49211150229012918
-0.0054731788290722626 -0.0013437062057889046 0.50715028563106446 0.0035559257406085447 0.0053532846018171419 -0.49365436005390662 0.002461909980890826 -0.49120605408220747 0.033333397669953684 0.0071190210042414688 0.50653692131895567
0.00061259637529443992 0.0032578034797667984 0.50495105478008284 0.01673184934923521 0.0017151188074945786 -0.50036493605898547 -0.0017510403035624754 -0.49276308906250849 -0.0040196119161615453 -0.0037220496138723308 -0.50151464489914266
-0.0041110294994589807 -0.0019269724336299747 -0.48994291005711793 -0.0050274997183863994 0.0018488754657575092 0.49727510604639247 -0.0058050655527317301 0.50517459905690398 0.018130397298948314 -0.011067876926411879 0.50689034552539003
-0.016014093465809981 0.0035646233538619157 -0.49654059818300711 0.0046174382812213151 -0.0015280744708531689 0.50162086055857891 -0.02185945189007692 0.50590852619757387 -0.014548034471950192 0.016487219736795206 -0.49459719660901236
-0.0055566103805066375 0.0055680903916059702 -0.48966095918770081 -0.00043478093978811398 0.0046303748757057566 0.4984587659457031 -0.0040381491007962173 -0.48703647472850398 0.029885871394671571 -0.028303617879383292 0.52227617242755053
-0.0055935286850096631 0.0092256691051851233 -0.49039150388083286 0.020785259682345361 0.015977435061652768 0.49734594973487256 -0.023537937130890217 -0.48564741541585443 0.03480279168103502 -0.046889494265702721 -0.52109708083355111
-0.0042728341787967444 -0.005785586123249249 -0.48972251590216281 -0.0012302177099609735 0.0029670267458274174 -0.49526581814071885 -0.0048192123444066644 0.50495470529611863 0.01625862791531054 -0.017500058010061485 0.5091645173983278
-0.016492473917784776 0.0065775710542046529 -0.49772749546094691 0.0075926753253084314 0.0042504829667331179 -0.5042109661347548 -0.018692500279847105 0.50426038076209212 -0.013646286552078463 0.017368007313920748 -0.49247522825307893
-0.01070223593404359 0.0060297287106605441 -0.49271472697519325 0.00090500532092029084 0.0092391673825244075 -0.49628728435394864 -0.0027407395561302897 -0.48965516541838966 0.03046083262827767 -0.015258958737354524 0.5193877758083042
-0.0034974074584729646 0.011405645720103027 -0.48395764103214417 0.023526051619095947 0.017408751802930177 -0.4989480536484931 -0.027715914645811277 -0.48617756936125539 0.043935832403326512 -0.062753769144875654 -0.52233302337120679
-0.0024972431361587671 -0.0025669744063366198 0.0021759907770743038 0.50261196711264844 0.5018370893820957 -0.0016589831500512149 0.49211044868881798 0.005628594874917273 0.013222065171133199 0.0086025201644806225 0.50305788170376264
-0.013186068463011295 -0.0014286624694279995 0.0025625215876212792 0.50457598765135425 0.50364713966855046 -0.0019896723756501469 0.49599721761771487 0.0060557162864680056 -0.017496815543835208 0.003283180780364259 -0.49516599558518459
-0.0098172170210815823 0.0074232290545204306 0.0060534398613780755 0.49921578194602467 0.50007831460122731 -0.00088441508361396769 -0.50170817993389483 0.0023216409393962876 0.017897337942425356 0.0034517372545226107 0.49846530159385438
-0.016123082280624441 0.0052314271414393944 0.0050456398352928455 0.50454032437898622 0.49837391557810773 0.0012346597743020027 -0.49705802796319321 0.0055775109463889585 -0.014073781686894856 -0.0032584721779857942 -0.49944140407629589
-0.0034642867146198507 -0.0038591844801747943 0.0064140132086931544 0.50111019605304141 -0.49561752029677303 0.0022076729069290969 0.49444678443486484 0.010998182314987259 0.010667170272723009 0.024668704472932401 0.50779722415542006
-0.021112941072727855 0.00083771596383153189 0.010186263714460839 0.50139181676033084 -0.50232914641046611 8.4393302256796296e-05 0.50099289467301089 0.0054220996539715667 -0.013026912332260405 0.010754553566257787 -0.49438123858821587
-0.012999244780299858 0.0034424239212509371 0.0082394679591219627 0.50129935652736268 -0.49233926337067091 0.0006024677414380045 -0.4980267707299752 0.0067750552802919844 0.014191627326424887 0.017775292941968588 0.5074031862127133
-0.018756651721318209 0.0028373539322880093 -0.0048132751484268928 0.50570520680298514 -0.49446767981527323 0.0020853452418783942 -0.50275448834149439 0.023415375567925934 -0.018861638877393866 0.0068847462403848229 -0.49564408810601773
-0.00010576629928117271 0.0032057679772242273 0.011036257860724371 -0.49456601499949593 0.50801530405770967 -0.015847709706153866 0.49517707955810558 0.004426611932220422 0.018905135316330441 0.012174327602723195 0.50121464186368114
-0.0091890759377376962 0.0078387482945764426 0.006830963850471182 -0.50874053493548876 0.50390244085235758 -0.0028688258695816794 0.49577142005645491 -0.0096215110843306424 -0.02467333380413898 -0.0014620647458099567 -0.49048122842929059
-0.0030912630947438732 -0.0037059266189768216 0.011965495153500363 -0.50467876664028855 0.50115284193034149 0.0039356925813285757 -0.49706049008195874 0.0013503401984303943 0.016217421542217732 0.0039500805325331043 0.49660211121251785
-0.011634228261152839 0.0073477277728833451 0.00099045590456459066 -0.49650524790911615 0.50084156269700031 0.001743355535549889 -0.50214789787497927 0.010078193199735916 -0.024955313502653838 -0.0053377587180208812 -0.49954135219546691
-0.0088565970706338242 0.0031753899181193924 -0.0026363767667158026 -0.49171363688548159 -0.49994166715849059 0.0066792822533034771 0.49931163842146203 0.0058127298441454653 0.023106181799601729 -0.0044450708050580105 0.50816964554150468
-0.021987736711166161 -0.00065264986273165298 0.0086379413799273566 -0.50289562291543244 -0.50841022057010776 0.0036021737232661949 0.49269141919574849 0.0037376766630216819 -0.028720375133623539 -0.0019444587489534043 -0.4944250380233734
-0.010231386976364268 0.0069804507908716685 0.010140108942810266 -0.50460069842633726 -0.49585157819268594 0.0017609744731048205 -0.49804860217474556 0.0078920896448491963 0.018928476112217905 0.010332829553681372 0.50066981830005297
-0.017402676702040716 0.0066758165652605157 -0.0022607659336217837 -0.50094627081194043 -0.49931243016821314 0.0054356341818541766 -0.50072771428233376 0.019294606714332429 -0.014721762601756774 0.006330956717133544 -0.49799650296826486
0.48753981848809053 0.50001754143549892 -0.0028063564811739803 0.0081823646042029907 -0.0048686592432820915 0.028099765702594159 -0.00017933408573202197 0.0028776323042512763 0.48783015771215632 0.24980423797524878 0.45935881751693947
0.50908630969871016 0.50087394691511689 -0.019013704753966559 -0.01530076698306934 0.0034845786785997141 0.0062573735723383209 0.013723481976946891 -0.0020544195739547635 -0.46451291942993106 -0.25281091099649194 -0.45763667192887619
0.50185603571442972 0.49413477033021896 -0.0055479512321280466 -0.0048939177255318779 -0.0056070529688781248 0.016041336827078818 0.0037920190598193632 -0.0013127431443853825 0.48978605030010858 -0.44645650642491153 -0.25376754036537874
0.50946417840460712 0.50665276175513507 -0.0022002579751794565 0.0076784484156072032 0.0049989382290767867 0.0045793826615754185 0.00057799371396647758 0.010098143515734757 -0.47513380394980492 0.44134868643062425 0.25099077442240481
0.50572624663676635 0.49124925245594636 -0.010076851267263261 -0.0039596904846567749 0.0014446081055183733 -0.017907862044784565 0.005259191551897348 -0.0054694264248970623 0.21202986812387242 0.48875812421673009 -0.46752154200923396
0.5054872079716044 0.49776186007353496 -0.011510180841790641 -0.0026362958205172534 -0.0042371087727917775 -0.0075107067125374516 0.0015148696082597911 -0.0039576751927668475 -0.17788542418095521 -0.48492191333388579 0.47926148491003551
0.49397058508434316 -0.49171186538797662 0.003115405274260824 0.00017004673946292834 -0.01052879714068561 -0.0093948849090731788 0.00087494214110508776 0.0111775894441439 0.48945835589626185 0.24324700458061055 0.46383117293565324
0.49255889165659084 -0.50485525566798428 0.031442839198189167 0.0081526392500921117 0.026694784972637716 0.01227456891309032 0.0030795201739842247 0.039832954474545046 -0.46463603420667426 -0.28631417148066218 -0.4484751030363725
0.49732813600867559 -0.49733774809562709 0.0079278329103981953 0.010374079821793407 -0.027394086285281838 -0.010437090981506809 -0.0062643925819029405 0.008852030076903555 0.48714968789515078 -0.45871306672920387 -0.23757093993075942
0.48868389705200999 -0.50891789103317697 0.036619342792037726 -0.00027948377195342129 0.02221335397603387 -0.0097760022192659463 0.002746830824254057 0.036936389188656792 -0.4652718448405665 0.44475984041928002 0.29085997331954799
0.48213836408568878 -0.51636149246699303 0.038334688427062426 -0.004185063634269709 0.016263066643439014 0.0091661697315372319 0.00097602929276135542 0.037265818059892472 0.23870743288557492 0.4718863342929519 -0.46693703327033542
0.4879036747716754 -0.50074429624789751 0.011693764369194656 -0.0013719685023744813 -0.026112729024840964 -0.015643255397211911 0.0019572792035681325 0.011920962635197773 -0.19519302367219596 -0.4889860168074539 0.48247938818638425
-0.50498668241698341 0.49434594902866907 0.0008082401249050196 0.0033732324734175889 0.012437092517453199 -0.0019045057312329003 -0.0055397036581694382 0.0028061118620955677 0.48059158833975502 0.24124588624124893 0.45960176012172643
-0.49164640946905208 0.51528748922617951 -0.0076576715310730419 0.019288674700136656 -0.015438692732451458 0.01001854713651037 -0.021262045104085026 -0.013826512720782948 -0.47094923918805287 -0.26198977918154631 -0.44823890591375787
-0.50706586230320039 0.49357822060838408 0.0095986698795119986 -0.000229414870256756 0.0043763917835762866 0.004354645971285662 0.0023963636385395319 0.0051097260590032782 0.48015094819277465 -0.45549825402971272 -0.24714166838664176
-0.48593551447011568 0.52082463421825487 -0.010522605790957741 0.02042334563759313 -0.0014659819014543494 0.0042712692152577893 -0.021375760856264411 -0.013865589384524483 -0.47046236796755225 0.44537967051851002 0.26779297365464649
-0.48504782239558347 0.51693391361419516 -0.0062974681672830889 0.022976062417215407 -0.0070190829007230303 0.012573231428081538 -0.025285347042322884 -0.0092476172261851414 0.22357211791558218 0.47579696590142512 -0.46865863467166768
-0.50643599681756002 0.49195388595015793 0.0050728844157991171 0.003740117454477825 0.026802197985615252 -0.0048811235904825234 0.001514901672504815 0.0068850998571335547 -0.19710205239471659 -0.48353796647037783 0.47750828872708606
-0.4983075132732705 -0.49801422486510744 -0.0095733383541207681 0.011358535024715986 0.003868734799336397 -0.010593050285638013 -0.0038582019264488936 0.011030044581181139 0.48400918841583146 0.24333906629397928 0.45793915080239445
-0.4974204228329886 -0.49954651578635045 0.0040441365864202789 0.022257462250692143 -0.0064076236621115629 -0.0025088889530937171 -0.030482326749539383 -9.1751554354647022e-05 -0.47036348976457076 -0.27436201263243992 -0.45279310125197547
-0.50004941558197447 -0.49880151465013428 0.01571407261358982 -0.0042513020491784246 0.01752532108825797 0.0019863589853864974 -0.0057745651160724552 -0.0011172145653896481 0.48357666031574859 -0.45242441330272093 -0.24900343950488871
-0.50168217160707063 -0.50650611145250046 0.003052166401799763 0.011852464509159439 -0.0020163970840450015 0.0051441150771345534 -0.015357872861351322 -0.00069078908238116594 -0.46912172479034947 0.44740823148005349 0.26664690815065784
-0.50692500746707581 -0.50128953341318017 -0.010459886086411657 0.022199727250438207 -0.012932707026573767 -0.007492540880445194 -0.017210649799988195 -0.0022482304600919896 0.21309095928987609 0.4758121007633439 -0.46776493790945978
-0.50422747936260004 -0.49914151734963047 0.021556884181050603 -0.011030460828995099 -0.018635828550115984 0.0044172615594545604 0.0099093939552674891 0.021231058186593436 -0.19222336152851377 -0.48128071738542494 0.47595095810575283
-0.0056019629031369535 -3.1137802019934152e-05 0.49625768774156176 0.49886331836924336 0.032036728027590639 0.00070206927622076787 -0.0010560733499047456 0.0062596891236257205 0.48279825097040957 0.24325848615592263 0.45988729914546422
0.0079814080598764794 0.021046380053356302 0.48974083928652834 0.51732627899835038 -0.0040384746833501284 0.0037670310340983545 -0.018328866505629284 -0.010963296708442255 -0.46961649743666634 -0.26484114950402204 -0.44816698701121038
-0.0046997228316453801 0.0018777773693832483 0.5046342150609826 0.49572060765417381 0.0088106643867290439 0.0017122015393259294 0.002264457708548807 0.004250027943924763 0.48270595057748439 -0.45351884853403979 -0.24655961560722126
0.013548066662884734 0.021544577227437134 0.49559587815234862 0.51268178088581784 -0.0029112591124591546 0.010787500440641019 -0.017926258808884776 -0.01068748502702767 -0.46792485887035901 0.44690468593879834 0.26768733186046223
0.013292132822787524 0.019514891456866371 0.49089290685737752 0.51492642424505319 0.0029095459572211413 0.0027594653732128638 -0.022271476466508729 -0.015471258563465569 0.21874990825200488 0.47649328630597804 -0.4665496618372747
-0.0071771422625710735 -0.0021614087852644525 0.50011410865481931 0.50001953104065 0.0076755571722220599 0.0027602854300494621 0.0018499904071296949 0.0063037233335499002 -0.19383319495091694 -0.48226027231334168 0.47911814136049918
-0.024514990868497968 -0.0078396492034938023 0.50589993491167307 -0.49254383807809288 -8.5203046624489158e-05 0.0029031439505374183 0.004079270132095825 0.025537274567227822 0.48705779054191795 0.22418795183224863 0.46112972267567737
0.019258158799717703 0.01504360302912708 0.50891387035856361 -0.49884154292149074 0.0052501348405055914 -0.0011993102161721276 -0.013433515654118634 -0.019212455929837835 -0.47508346992806133 -0.24869184559454416 -0.45103889345519776
0.0023303745966351853 0.0059477518480464285 0.50070266302543842 -0.49656446998553044 0.00092496723763412045 0.0023833367982932807 -0.0082463860635603962 -0.0076858728193931946 0.47563995789072272 -0.4576678678355911 -0.25855928878143658
-0.0027570980345736668 0.019186949193859652 0.50135450469028886 -0.49554414386151963 -8.4774154514858453e-05 0.017037866442961149 -0.023519955127647294 0.0015023247174456309 -0.47634535528077293 0.44717582128463657 0.27383766635520601
-0.0089543203581121389 0.019975945645835238 0.48926577613119659 -0.50449296618839845 -0.010856203127895018 0.0078731007370184299 -0.024531772740521735 0.0036169293048133808 0.22654482713220822 0.47803999701500338 -0.47432804972531778
0.0024402393698206236 0.011834336533681667 0.50485362023304781 -0.49216345160968444 0.022400684265064846 -0.0039097257215801396 -0.0060463114566287378 0.0083673529725546581 -0.20485307583681225 -0.485930370353437 0.4733235660174368
0.0068387187150743311 -0.0057123214718411957 -0.51012946994309916 0.49752621829699961 0.00043622536140633747 -0.0028187990481229196 0.0063977966354563228 -0.011131749060512718 0.47647501253619995 0.23482562295373766 0.45805206361923528
0.011534538327259631 0.012436840651022308 -0.50192863228186713 0.50147123952465045 0.018252458520784328 0.0073721868448633999 0.0094483611639644069 0.0039585192799970921 -0.47468611430572921 -0.26346625523162959 -0.44841131330566325
0.0060559361197626725 1.6016020939604807e-05 -0.49490459333607062 0.50225851140847511 0.0026218907930998215 0.0063278686869486086 0.011297487396963681 0.011568863701505033 0.47506678408979591 -0.46596922232583915 -0.24422326472135053
0.00095291693892484461 0.011603042275635666 -0.51990901045965554 0.49998822810421889 -0.0010315210457680734 0.0020220904818497518 -0.0016791712163018379 -0.0067904718041457502 -0.47189059466294114 0.4404862462537949 0.25061505238181253
-0.00059032726596938603 -0.0039353569995404956 -0.51937210899531339 0.4936438971325256 0.004133030493975111 0.003353130255790553 -0.0034158919179684073 -0.013243417544169361 0.21121964217208444 0.47127701439406355 -0.46863774529552293
0.005595588950785383 -0.0030334054598289829 -0.49151885415646379 0.50001739155173308 -0.030659760889564066 -0.0079832729439022112 0.0093015537133731702 0.0034084131146462104 -0.20392636944413259 -0.4864837042546824 0.47853637642708091
-0.005202150661315727 0.0027340545056892722 -0.48571969135445336 -0.50220884771788132 -0.023957636284923159 -0.0036905930570864318 -0.0030902768793646951 0.0075646386669585832 0.48730943456868242 0.24290761520802057 0.46335640747738283
-0.039220888193930666 -0.00092464695591125553 -0.47921683883746707 -0.51632330179893937 0.016891837699521243 -0.0015614501070869524 0.0018248404983274562 0.03722459207196769 -0.46681374999575898 -0.28379764213347364 -0.44954352946144993
-0.011526390588830097 0.01107477651300409 -0.49141838640432378 -0.50468587034143664 -0.008325849946956133 -0.024488037609132891 -0.011167041506811918 0.0067956141811705449 0.48453734641220864 -0.46053516780651299 -0.23629575878652678
-0.038891742935894556 -0.0014385086327423659 -0.49884666269348527 -0.4987441602641513 0.027354181555990634 -0.011359165287627924 -0.0014321183230346589 0.037199321781810554 -0.46690578660254795 0.44285779993182961 0.29069651844208344
-0.037889538632387462 0.00028228479052247658 -0.50097621648448121 -0.49602756572792223 0.025182998539536729 0.0097646224119813975 -0.0010831793316630073 0.038781264526778235 0.24129884136904248 0.4710764156202828 -0.46815699985229403
-0.0094100111376419215 0.00077581107470171362 -0.48653157944960418 -0.49910264806153626 -0.021000290424430666 -0.0073673404223803954 0.0017318489907299727 0.010519608965207745 -0.19954286058220241 -0.49157049811484865 0.48169135294405657
-0.011639852181218071 -0.0075545536954448843 -0.0036634556836542178 -0.017941057109777399 0.50362424870488731 0.49475126002445413 -0.012376795833698577 -0.010845476155097556 0.46515865075409357 0.27381647091732347 0.45764299120321528
-0.0050675797207575049 0.019044881386508325 0.0084573632070257185 -0.0063998266731333433 0.49269808028454776 0.503075508241974 -0.016008665110385113 0.00030012134908641807 -0.48566650946427553 -0.23273132200449131 -0.46192052125584848
0.0012483519198235823 -0.0082411225261978006 -0.00071003101286658547 -0.0051589063376533484 0.50517638332526238 0.50609478497606319 0.0069363518989390416 0.00020730809324594904 0.46489395360369234 -0.44426947556289381 -0.27389484558910571
0.0048310693152157592 0.0078401296806519492 -0.0094023009550297902 0.016298205524926026 0.49879369821362396 0.49180071383239304 0.0040477817005705454 0.012509439722626059 -0.48603721034995234 0.45892305570254327 0.24876223858659155
0.012035986918628927 0.017718819295079694 0.010827692573788671 0.0049694503305194376 0.49036807506900271 0.50876109068634945 -0.017200387233294465 0.001716739786541023 0.19505109645088042 0.48929058333235698 -0.47154166515219115
-0.0037691894284154798 -0.0084164256567318511 0.00030177985492061505 0.0021179381277947095 0.49875658622141328 0.50406431767517523 0.010566528519350346 0.010822863621433301 -0.1799180561007574 -0.48322226053854628 0.48059168294059046
0.0024468460103086718 0.0013039352004273609 -0.0020110216929963018 -0.019621608837229788 0.49905885092647245 -0.49758932315028626 -0.0091240829626904121 -0.010082968665582894 0.4751070427229806 0.27694340736751999 0.447592584476601
0.018148005289759551 0.012078011684167791 -0.0028058307499824993 0.0065564548184626733 0.51110796772692257 -0.48888396436530074 -0.011955332921081821 -0.0026670216148655555 -0.48609542446602921 -0.22819170169615158 -0.45904767624393394
0.0040752521119623974 -0.0021359374222611541 0.0095320431791271285 -0.00493003881729799 0.50325454163529748 -0.49556076325371767 0.0012420732335155866 0.0086187499849546042 0.49538164085850295 -0.45324458286437819 -0.22384953342746822
-0.021396689775652351 0.0023245839724557499 -0.0021238431420904941 0.031288181792171965 0.4925385097202637 -0.50021753841885863 -0.00081271098174665643 0.018022801964668 -0.47895049665059408 0.45990139504885308 0.25399447700223154
-0.0074965613084249632 -0.0096313922265274625 -0.0051938822772716851 0.013501852675465763 0.50736234279079051 -0.48237680382980314 0.015250270976226535 -0.0011839654637687959 0.19884083741618219 0.48849494488402306 -0.48076904155493483
-0.0045999709675733722 -0.011172781992070844 -0.0056756199769846848 -0.0034875862412614132 0.5041809197748337 -0.50600549831225006 0.012842737209460506 -0.0070201737715176868 -0.2198275746860259 -0.47568672641893212 0.46341496100169471
0.0094790600388713914 -0.015233285278711406 -0.00050545924377493469 -0.0070554009671471071 -0.51100340888356977 0.51167948840467758 0.011019021837193306 -0.012203291759237256 0.47334270730867256 0.23988579613151237 0.44138285490476203
0.017955489231187456 -0.0017182612766701905 -0.02681306150984409 -0.002107656927302074 -0.4984197709277613 0.49442900497570863 -0.0029064488912318282 -0.018443986817783236 -0.47966536482593808 -0.24061855205374597 -0.46663066614348786
-0.0067923394314499232 -0.0056490288499865936 0.00609490143617259 -0.0074824945179297157 -0.49425324333951437 0.50741595065101763 0.0043537154016712121 -0.010402881450528104 0.47365388131142938 -0.44090143405652837 -0.28142912590723446
0.020757628407976625 -0.0031018437358901595 -0.038811693326461442 -0.010754992978162585 -0.49220779178189328 0.50212346334978486 0.010699205808688945 -0.018085936124946054 -0.48604186543114453 0.45891628100803705 0.23718890627896116
0.020040441635797553 0.00043503823035099875 -0.022194419145996881 -0.0033786076188261887 -0.50116236623835908 0.4871218708715242 -0.023613114592431983 -0.0050016985178794136 0.19503746957797807 0.48872145721165439 -0.48287873876142245
0.0063979550648299768 -0.0057226775620217614 -0.0034386002334025642 -0.0019684051520728399 -0.51108412181815421 0.50525637460114781 0.0076515762868286539 -0.0010562366344354526 -0.22058982943535341 -0.46927321837324254 0.46312281989141069
0.0058894350991374883 -0.0013666065806412792 -0.0004328247550034223 -0.0016353944403339595 -0.50664592669804109 -0.51817421483161819 0.00061828385456366957 -0.0038628063110994135 0.45545042817995951 0.22978379425769699 0.46315762430521196
0.02579031996147825 -0.011627144476462346 -0.018752103310800818 0.0048245108561169722 -0.4803037103515797 -0.49757713315171859 0.013359818692692607 -0.010467575663796904 -0.48846009760199388 -0.25379370141529456 -0.4661089242739806
-0.0093084239644040303 0.00066744303840727724 0.018333068054330218 -0.014718230202571474 -0.51850005457245096 -0.49769115399147412 -0.010145406681938637 0.0025029195246783461 0.45475742990367846 -0.46458655983457414 -0.24508611386836363
0.020593426964913189 0.011216279936298883 -0.019339730222885335 0.0068040361961248953 -0.49754369617415317 -0.49156186505457211 -0.0046575003792407909 -0.027466623328623572 -0.48797608009580273 0.4555709863131861 0.25180409638271978
-0.0076108264585889865 0.006046884107854692 0.019562647515533056 -0.00095251071313249224 -0.50266625585035918 -0.50874629400472937 -0.02070018164769083 -0.0040181512802168386 0.18151987503968378 0.47521392144339447 -0.47833395279508756
-0.012828910296624909 0.023296921931259654 0.028151297338933318 -0.0015439984980779808 -0.48628944136137403 -0.51045890700162933 -0.023669568030258981 0.0040335421084699129 -0.23798353844588829 -0.47836626642676294 0.46411755963339896
-0.0071803968465209674 0.0056421422489165681 -0.0077798748746207083 0.0092904045200273601 0.030118581908643586 -0.00044275797189842876 0.49545530060293541 0.50116210112994097 0.48041017399647079 0.24434467783624333 0.46013561227230676
0.0023444867674069741 0.020523460446860362 0.0039452778268772443 0.011443254380616621 -0.00047810901407975841 -0.00049732292741743562 0.50716970200402112 0.50072439841843375 -0.47108906093680497 -0.26056390397394852 -0.44906772379674925
-0.01828007670306676 -0.0065727369209232847 0.022780967166836485 -0.010123497490695816 -0.0074628464042129005 -0.015846037079199991 0.49942308270879354 0.50339703754722642 0.48029888496894763 -0.4541158017729105 -0.24280489289774118
0.004874150093272041 0.020192817113003331 0.0031428904837808667 0.007593822693223928 -0.021255276410973495 0.0048751910983408087 0.49830893896755779 0.50759226677195979 -0.46827148693218007 0.45225823809188875 0.26315012311101726
0.00060420315667392296 0.015625256636052853 0.011735295160094507 0.0031468151866949077 -0.0045431286106060583 -0.0036816707592672144 0.49950894449832201 0.50671010489496882 0.21342471265596286 0.4808777017495986 -0.4653126732954766
0.00080964073518638522 0.008883348809483738 0.010969296139259111 -0.0015029627390151935 -0.0056948208144607113 -0.026390270438126775 0.50148128956424076 0.49981840407124933 -0.19893531182768467 -0.47731523728556469 0.47996036712922419
-0.0082564153717086114 0.012977649757761564 0.016653948599754446 0.0010750347019914011 -0.023814205755847868 -0.0098488763840756752 0.50702266607904789 -0.48937286933546981 0.48438427851462174 0.22989567728265656 0.46344670123075848
-0.042636584310076213 -0.0051658566094854013 0.030285335446789415 0.0061420064602277554 0.033689081960563694 0.0005664252123151203 0.50986592794006924 -0.48928888287987682 -0.46700587206124394 -0.28313530876707471 -0.44546410825360078
-0.0058513257608054266 -0.00040324968785300036 0.0022562902650491235 0.0021701453268207571 -0.011557303281861926 -0.020650024842642868 0.49695886755833019 -0.48919448878997951 0.48802246854558501 -0.45950066674121076 -0.25260571602121096
-0.036127607604265852 -0.0021828687468173798 0.036202941031675463 -0.002044216453578183 0.022127941447410378 -0.0055029654991714085 0.51395359567473708 -0.48180502018331972 -0.4666617734471894 0.44619968911151131 0.28931560885936269
-0.037052245861283958 -0.0020360387898277123 0.03314484725314943 -0.003319491616471553 0.011033682953769259 0.023427629011466462 0.51038063358582519 -0.48377649632182512 0.24308592646967864 0.47609811867570773 -0.46535418118995375
-0.0034661781691974203 0.0028320940676487306 0.0097518910391965856 -0.0038634532022658514 -0.01807359030367181 -0.010438553911233602 0.49087753894664904 -0.49440320736898336 -0.2008495555059516 -0.48751399244943888 0.48582774174433019
-0.0029518456384981097 0.0047355188817458068 -9.4337823441446202e-05 0.0052469457871973579 0.0034465724054154566 0.0019374135206246504 -0.49668885829662757 0.5049002411941278 0.48261309135131464 0.2374349795231108 0.45717704309963392
0.010254821872977776 0.021380082174556034 -0.010745550359381401 0.020981492308875076 0.0089798828307743588 -0.0052217441281550165 -0.51599602371331443 0.49047498998765748 -0.46916490780382275 -0.26223606320452508 -0.45063628358601315
-0.0055764278732587519 0.0026460572817496981 0.008174941964740598 0.00065316851989739454 -0.0011677585769333575 0.026909751765069618 -0.4918999991456447 0.50291796791296828 0.48122776657508237 -0.45843262158024844 -0.25007283672295555
0.011630262963043675 0.017610015293340546 -0.0057784614023730233 0.016240492795854402 0.0045633628222393361 0.0035401807860047162 -0.52010832540789709 0.4886432648279383 -0.46960327543400771 0.4430300157691569 0.27043738900348269
0.0077316516783111754 0.016329389201877802 -0.010652104614971156 0.026108890820695407 0.013852214002114749 -0.012156803250199581 -0.51195768636620931 0.49461006476161784 0.21993835338382847 0.47157036815635361 -0.47015686658256584
-0.0065727622372704249 -0.00021453078788412087 0.0024875957457728423 0.0062805286484900824 0.011965284002068552 0.0014786647471362508 -0.4903230027572642 0.50779565911640745 -0.19508117066221517 -0.48744097039519618 0.47522344629933017
-0.003117647675477675 -0.0032982194333184469 -0.00064704900795344879 0.0057692265980892818 -0.019046835692102478 -0.0010450869816058432 -0.49910918700717755 -0.48809028843885471 0.47997611822012387 0.24950542613625507 0.46862531222771026
0.025718474610105669 -0.017650131368943625 -0.021365846796066904 -0.019088473714327921 0.0059675642498188486 -0.0018774062274239801 -0.4943837539074693 -0.51055894830910908 -0.47825146856589851 -0.24202203766355795 -0.4536321830345707
0.0081339020684290525 -0.0092864625798988638 -0.0056151249558790972 -0.0067084366954754055 -0.0052436837575499393 0.0017264859860973217 -0.49473769047125427 -0.50878939561303327 0.48717255362240941 -0.45255305685072184 -0.23230840233727673
-0.0017262725965402654 -0.0099690933244966137 -0.0089671661347746519 0.0015979905368713634 0.01936054379355974 0.00263828525508885 -0.50083509337830567 -0.50295403546339634 -0.4680408670118647 0.45683594533333532 0.26052446262089096
0.0080967658417317005 4.7081931074414811e-05 -0.0053909381257975552 -0.0017678463882430315 0.0053155100688469809 -0.010263060765437367 -0.50119437330578842 -0.50737639377568977 0.20762803767377422 0.47436610164221488 -0.47223877688961557
0.007073760937702147 -0.010812677385219583 -0.0074783467400150816 -0.0054006450000516279 0.006220427377765324 -0.0019016609654190309 -0.50301296849770827 -0.49523189914713572 -0.19696558598174463 -0.4756586492483777 0.48619170310764365
-0.0062420293456977687 0.0021677129290797775 -0.0041072203710707253 0.0082674861371595538 0.012060127685127268 0.041173939050019634 0.00265727777506791 0.0063959015750450106 0.95516578337123892 -0.20859307781938319 0.20525511698356388
-0.014860073304512987 0.00071925923960423227 -0.0065181520646864109 0.020230235897116554 -0.03466290635916365 0.0086372784724058384 -0.0020946251692408112 0.013441047258826506 0.0026395411841241339 0.68922753008648385 0.7230658254040736
0.0022984613648131358 0.017608235543242184 0.0040308531362628613 0.0091172892667589142 0.022634568349323571 -0.028337509703400026 -0.024192501289459645 -0.016258116548739213 0.0054885737893830555 -0.71182114448149558 -0.70050045438224906
-0.042861532551032609 0.00096253067430269535 0.038996343359024403 0.0084823164708093327 -0.0025600109240285231 -0.00080691278035560567 -0.0031246625656886373 0.043489686917807246 -0.96373392834019367 0.18317981021263113 -0.17978612132728805
-0.0066428041183798836 -0.0001199202072863525 -0.0092264398649433855 0.02160776859796595 -0.046658788728865572 -0.019301573538188198 -0.0023450042028807351 0.015863043834213216 0.69239201125978089 0.71901441883178774 -0.01444561043201374
-0.0066365068531287147 -0.00095860531163982719 -0.0029670866980082773 0.0056842175133596908 0.020792144812987086 -0.02867591814727926 -0.0011686417217025525 0.006709332228838797 0.28029440232489605 -0.2386075465593801 0.92903950843908167
-0.043230746160996404 0.0028426545140330275 0.040764978117734524 0.0072959516581714472 -0.0020122225421859217 -0.00076009952814738084 -0.00066902259282548067 0.041965398142223283 -0.25194420506747989 0.21113860994744083 -0.94158719375807187
0.012382757684603271 0.025444535671784337 0.0043551387461536958 0.0060590161993024708 0.017186711620231866 0.020686586349008142 -0.018006736460781037 -0.0073210328661198303 -0.67182689183970956 -0.73903741944873558 0.022687575234738171
-0.0067874729803050022 -0.00076079801957811759 -0.0075123384922769548 0.019763392645484466 -0.012663160857716274 -0.040329979498276262 -0.017754893319229904 -0.0084016292137869993 0.69235555251546155 0.021967937587424626 -0.71937113967557453
-0.0080445184120398524 -0.00052092429953707416 0.0099670042843648093 -0.0015778031071358842 -0.028130290692009733 0.025680110931445153 0.0033381048668170168 0.0046778161979170105 0.27855532488591217 -0.93308730957891872 0.2238400793970334
-0.041298958565396525 0.003351693008244542 0.039757080623004343 0.0025970416734815288 0.0015989319033810666 -0.00023133927790520433 -0.010952719184274153 0.038899448669900978 -0.25271420424396485 0.94430582730496748 -0.19870100230257956
0.011946900559135682 0.020213841402430228 0.0055655946993070074 0.0041859563786449863 0.013832007021542509 0.013523227310307973 -0.0025957566040471724 0.0059114754889468589 -0.67140637704700123 -0.03649841051597294 0.73950363853609269
0.37465822550950884 -0.1775274320387247 -0.35791662954988035 -0.19485397270694302 -0.04655918046779902 -0.012739307711454361 0.17558868398694721 -0.3751759367083799 -0.43031672317452785 0.39080283086855261 -0.38758881434990017
