0.99978760147418255 -0.0015923576698730465 -0.0076569246862530837 0.0021679153916760465 -0.006342131959515579 -0.0015872167724367225 -0.00029434594011331917 0.0068690167215816646 -0.013966231675434617 0.0085863165817553662 0.00030918921917257979
-0.99931583430782378 -0.0084713370132423645 -0.010217922217520076 -0.00099324550452251255 -0.0047344107235173178 -0.0032660562635246295 -0.0021779144752270122 -0.0053438139748083289 -0.015616143222297934 0.016565797861202443 -0.024617803805352171
0.0061192339515238709 0.9995798760884258 -0.0048200806630433477 0.00069556287972811842 0.0041724580588814947 -0.0027452612722647543 -0.0035332744562010408 -0.0062574586070183727 -0.011539508365987871 0.013409728309718715 -0.019731765268201105
0.0073729566006478656 -0.99977553240563111 -0.015132752744896996 -0.0015762982057092511 -0.0018267873995891971 0.00083668874163247194 -0.0089214929757646423 -0.00082545507558111938 -0.0023277978873792954 0.0034093363617303156 -0.0078540156382941508
-0.0041904963196717718 0.00087360522947902298 0.99981706206556531 0.011361865594825504 0.0066259247730260078 0.0014617229021253821 -0.0010633135408958903 -0.010717801381331271 -0.0020419429602741381 0.00074235394562926636 -0.0071878322027446812
-0.00093892945504593108 0.0061454183134364128 -0.99956401878521062 0.0079071404728924231 0.00448975763382152 -0.0012257374766521051 -0.0059793034038218042 -0.0020745949592403151 -0.014872386952623887 0.012397296002338283 -0.018275790365460592
0.0059852462223821913 0.0120436673854831 0.0028147006035460589 0.99961587212451564 -0.00065866474952231107 -0.0041199431640940162 0.0049683255880578325 0.015274403843603859 -0.0082071487666965058 0.014901708526688437 -0.0038072181543081962
-0.00822488748843349 0.010808991625695385 0.016596020782666244 -0.99941690327890853 -0.012728397384990035 -0.0033429098048113914 -0.0083843199607554677 -0.0066146917119080167 -0.0022026989842445421 0.0074721422878605672 -0.018921404642090935
0.0050607959944135869 0.0056251551140254104 -0.0033991694314869673 -0.002426122192915393 0.9994536462350766 -0.0096588665476877011 0.0033633582744483038 0.0031698890524846399 -0.018076836430798538 0.017046858314051012 -0.016902458618167585
-0.0061550511240271609 0.0058854886733167968 -0.0081769611352595327 0.0017709490736203092 -0.99974933437152869 -0.012064179979669295 0.0028621449710886531 -0.0018373512376169215 0.010748001840079001 -0.0089872648220403941 0.0023115349596551506
0.0013335683076593468 0.0018067791837133493 0.0040634041695909295 -0.0049885671448278565 -0.011920785113516744 0.99931187244100439 -0.0049540404932831754 0.0031976219120764151 0.0095023826768913505 -0.016469239811580362 -0.028123622278539973
-0.0015148438147207313 -0.0001623282533488512 0.00071581027905358633 -0.0034625960362033616 0.0023964944662132723 -0.99958837847603277 0.0017791829483028638 -0.00013316940571086154 -0.01003512446826562 0.013912895856805092 -0.022473356486044028
0.0015163968672712049 0.00831470126749345 -0.0072219980843656181 0.0069688768284419042 -0.0040090898761586382 0.0093396569650460066 0.9997304779058066 0.0047925390135553532 -0.011347339846822789 -0.0073440026025950855 -0.0076058141666343016
0.0028723411378604145 0.0026943496944154665 -0.0076412054188997377 0.004495300299848624 -0.0070030127311177881 -0.0069375915236848384 -0.99977309617258514 -0.0020641887570239932 -0.011844923470236001 0.0044221608671281224 -0.0099176410057361958
-0.002061781614279517 0.0098014029846274654 -0.0040333882124991127 -0.0055219087467594232 -0.00069129931122246093 -0.0070657496740017794 -0.000558766434350269 0.99982971633706763 0.0061659377924185672 0.0095793012443908289 -0.0036004797533012731
0.0054321392503075949 0.0054682864334950438 -0.0087319648275645916 -0.0013455959594039911 0.0034568331018663208 -0.0034624776043705335 0.0029576517294986298 -0.99974096237377719 0.0019920971578297072 0.012234319950288352 -0.013935811229506623
0.50146437445302328 0.49932668063584618 0.4998113658994548 0.49869573455592964 0.011252597214567298 -0.0013899323483442245 -0.001114437716231898 0.00026526623017213889 -0.016805567262088525 0.011195569272868919 -0.012644246008443209
0.48987272097679019 0.50929216161800761 0.50231747580945563 -0.49781091174250025 0.0010579326360545447 -0.0039541162411556975 0.0073320090996291474 0.0025616420226506425 -0.013260652846199327 0.012806410954475706 -0.0095256130683500796
0.49720053428823774 0.50185770293511911 -0.50082394950519316 0.49918031993133816 -0.00096460426862565599 -0.0058264855440838832 0.0073799016587835489 0.0058027710038651833 -0.0082884615392976781 0.011799907448974571 -0.024370157938418912
0.50269775887718759 0.50422914979928279 -0.49865847729498092 -0.49364145015929883 -0.0056986848265775918 -0.0021490917094957036 -0.0051665959710512814 0.0017873255578275272 -0.012890158995081495 0.0079536132319068097 -0.020232928758663248
0.50109028495561703 -0.49750445015818323 0.49840509516631221 0.5014069901868986 0.009005615924493832 -0.0078187419158580775 -0.0020124374832492346 0.0012538148283637472 -0.024149402280315251 0.023563945154431627 -0.017173548222939632
0.5052410217529909 -0.51276746639850423 0.49298591414995846 -0.48772531420805965 0.0062262189538870192 0.017324716456395609 0.0074091962972784907 -0.014488953867309572 -0.0084844203829277688 0.00035946256611208918 -0.014631797304643784
0.50002133864810983 -0.49945025341373461 -0.49414002464639722 0.50585280396265464 0.0040496651512459767 -0.007933154989947077 0.0015902159179975988 0.0099699738522978296 -0.01093648771651734 0.012256831466923204 -0.0039473338713180098
0.5061472627380984 -0.49057652423847831 -0.50336057658394207 -0.49880344116511638 0.014720558952527361 -0.0037633880189500766 -0.0079612178572624967 0.0089526747166025576 -0.0013131283844636586 0.023488692165754065 0.0067117081524542361
-0.49416108137326076 0.51250795178439723 0.48774009267408441 0.50439811955610736 0.015695536706288996 -0.0049033558548694624 0.011576918919808903 -0.0069916859873056071 -0.014783572546039047 0.0067754173440807784 0.010714579186347979
-0.49960484901741797 0.5002325305751123 0.50739066847232861 -0.49210431007947786 0.0026301039750098289 -0.010445111393418752 -0.013558885312130821 -0.0063059650120053153 0.0029366349589735287 0.0099034837950591082 0.010204830246770739
-0.49536450805744547 0.50527334536755264 -0.50177364886628195 0.49659682132407101 0.0068725979036979735 -0.01248508321987433 0.002055298111751259 -0.0034568357007691447 -0.012252215213051398 0.015154104885105307 -0.018127477251224496
-0.49279951931306692 0.50361685354931152 -0.50641573082217783 -0.49562683257285678 -0.0021216127842633337 -0.019128565107924222 -0.012258017122052677 -0.011026182704336389 -0.012191645344374549 0.0092189047412723282 -0.023237591140616923
-0.49507432354681352 -0.49813368762541421 0.49795675007662488 0.50792420409483618 -0.0070333831868371471 0.018605308438292091 -0.014060437377572396 0.010284227706168877 0.0088399959136580639 0.0032595523469815136 -0.0053351603509195827
-0.50593806057324586 -0.49183551787098234 0.49909085536791176 -0.50203809634482655 0.020075740545276853 0.0020317387055557557 -0.0036197798169317636 -0.0075265209241027102 -0.0068324251423486377 -0.0004311027909239426 -0.021605267965445058
-0.49729219961509963 -0.49219233420459296 -0.50775055250544521 0.50170786774019116 -0.00047195825033354032 -0.0075797345098832626 0.0050330213695232023 0.0013256857759319882 -0.016823557361674651 0.018261534150231948 -0.014982878617994654
-0.50019855762821019 -0.50536252454741182 -0.49784223604764261 -0.49594672506716675 0.0098343838348408236 -0.017845103989326025 0.0028466209128630176 0.0018555464697256544 0.00075820305323483629 0.0090075694221909194 0.0095736778758725508
0.50079968790216056 0.49899028050578131 0.0011387502348265723 0.0022915530935559872 0.50558498215121361 0.49377952392675761 0.0080790573582103127 -0.00036124152977866185 -0.010547111072936041 0.014291996546263345 -0.019660309852612173
0.49750777039599614 0.50285869442462372 0.00073275954567866722 -0.0038156664082379956 0.49907345413670695 -0.49977971139710003 0.0041022610936003066 0.0048012025110579486 -0.014062706514895882 0.011970211680105494 -0.019210863295072076
0.49591708147725705 0.5094371131739408 -0.0093453358585709658 0.010358160617356874 -0.50016209208807727 0.49401909001379102 0.0017693515896330142 -0.0082240031599937584 0.0033534348658471208 0.00044793687489363211 -0.0068013646096679896
0.50054482340205608 0.50707497486424413 0.0011051424824954962 0.0026151114178514156 -0.49468029699532995 -0.49705261564157377 0.0029109932561284116 -0.011279429529063939 -0.0035428330834553746 0.0094828421871419565 -0.017712006047773909
0.499060605746803 -0.49076643855824548 0.0038575968195639953 0.016585310445196629 0.51469914517390958 0.49399617394068274 0.022678771939391881 0.0025231723715843524 -0.0044416296723515146 -0.0014613271612387586 -0.017517832149084114
0.4966824050683048 -0.49133860619973313 0.0019739194045673807 0.00033514118311839036 0.5043822745172486 -0.50648164774696913 -0.00022440643447841344 0.0019833832052567717 -0.012630523149112106 0.020484962926723436 -0.019510703109960729
0.50689482401342334 -0.50390296961007519 -0.019899419760252376 0.001930584510808602 -0.48520215148840506 0.50270930101713063 -0.0045038388793164404 -0.014388295614299437 0.0069853682016978906 -0.003619181223944922 -0.017684737716762978
0.5001557944456011 -0.50195553912519042 0.00035999325503371997 -0.0010392680414618985 -0.49663462462917873 -0.50077510013364646 0.0019037146420431159 0.0026196132093516782 -0.004414449033451227 0.0058963891315327709 -0.019930273167480254
-0.49290955704509454 0.50189501560970762 -0.008335588698819835 0.0035931580620908797 0.51388053847790227 0.49030319171140718 -0.0064971210802522378 0.0078529352779207768 -0.0033628821198069133 0.016316222929815449 -0.01439903279862095
-0.49716089720341222 0.5010494883773231 -0.00057426472351813397 -0.0054649632291160332 0.50108303227125595 -0.49944078989950591 0.00028317627062501936 -0.00057007466596702616 -0.016970148081331477 0.013417457946343855 -0.027505086120290387
-0.4983678717016658 0.50463273145601917 -0.010812324070617234 -0.00094518931443746319 -0.50434637165681107 0.49209311610851852 -0.014912928661635837 0.0083785909699206854 -0.00067361370933902653 -0.00041889225761435593 -0.0065839262828448243
-0.50086010726756702 0.50095303300597194 -0.0032377848140307925 0.0067257455402412805 -0.49812946595480434 -0.49908942499347542 -0.00026838667397159659 -0.0053452945181424452 -0.011719842043199504 0.014241557054406558 -0.023183030949053138
-0.50960203674720117 -0.48708192480700008 -0.017974847134194376 -0.0044498983322780548 0.50384022356109304 0.49715248902732823 -0.032573027740448103 -0.0024533633994122729 0.010639253144931686 -0.010783545416415503 -0.020049888608359951
-0.49338206467673601 -0.48956441413925134 -0.003665977207780211 0.00086343681277020257 0.50936872284702506 -0.50613567965858008 0.0022450528324730887 -0.0024164951436385614 -0.020568701162191023 0.017573075837327676 -0.022672704749299003
-0.50534878098363745 -0.5049378363785999 -0.01312157160932711 -0.010859625062067889 -0.4935374995843107 0.49272513493043413 -0.019952669886536618 -0.01311528372918532 0.029050807621881676 -0.033445272733900994 -0.021915893111797039
-0.49685769328532153 -0.4886356078298652 -0.016058847354168675 0.00042503175075292172 -0.50336267924307176 -0.51004736329010492 0.0090037442854620196 -0.0074403001044073122 0.0033914825890416023 -0.0061318814461631546 -0.020044473019240828
0.50667213675314415 0.50184422061681677 -0.0026987219072563654 -0.0042733919382159161 0.0020553868392187351 0.00088764124184475938 0.49635179407551755 0.49473589881789809 -0.011679392970982482 0.011654823276551426 -0.0020519220166571239
0.50818625275022178 0.49525532829110036 -0.0027358258062023903 0.011592549005373433 0.0030613018750391238 0.0036243325685674146 0.50066582091356548 -0.49511405924978125 -0.0089097073467958258 0.0088629609613742385 -0.018503571657436838
0.49814804141193497 0.50757428831671325 -0.00038042504336238859 0.0024481799926421655 0.011108419861669598 -0.00038359303650777028 -0.49818697883587509 0.49519658266284566 -0.0085431720513223178 0.0097865071310352138 -0.022550063419044534
0.50203034505508459 0.50038779637467312 -0.0064573724938843313 0.003241704495343454 0.0086806560389748998 -0.0034436266580216085 -0.50234012016326623 -0.49477172833725513 -0.010277443361475919 0.011683542106142825 -0.0071677567000288812
0.50001442088058101 -0.49833043034731284 -0.012565032197128012 -0.0098948595533815652 0.0013427359496268963 -0.0057178000608240857 0.49585004086939899 0.50504396549434394 -0.014404251136422684 0.012190617035919121 -0.0083254391657632924
0.48875255956921604 -0.49426932770468113 -0.013173756876229839 -0.0088897848432995721 -0.0015344066365972308 0.0087701735957512687 0.51379500024138769 -0.50199618388135603 -0.015649485709157709 0.0067357935448801084 -0.014531775161696439
0.50259964568189097 -0.48494150933434793 -0.012787307999478423 -0.0053279306285502334 -0.012446499722931629 -0.0050468316818257381 -0.50278803507517611 0.50896333700142038 0.0014602657752509926 0.0014135546348685304 -0.0030697865903757753
0.49658004738261258 -0.49013748667430268 -0.00029741367018581126 -0.0011205642225969844 0.0026590863908757634 -0.005936891978854688 -0.50744156529161033 -0.50432227910351701 -0.015576380926080173 0.015344317689207411 -0.028528302409046861
-0.49334894621402048 0.50175523747900763 -0.012103524687948574 -0.007200772377757539 0.0062554346361129555 -0.0065028239179169191 0.50007217968187234 0.50398884722569792 -0.012322370455902201 0.012571328332486292 -0.013487519728839806
-0.50626874924441423 0.50302595336316069 0.0018112668880317562 -0.016365065321116774 0.010168142006051735 5.4222556228204918e-05 0.4946186896517612 -0.49531396218539825 -0.0022520552612217684 -0.0016402433607783135 -0.017059373937198946
-0.50534402000499656 0.50090154089896588 -0.0040747935039949527 -0.01080351605710634 0.002898652052610634 -0.010226120804399247 -0.48993026932520589 0.50319938995711833 -0.0070688811522562961 0.0059451067888387932 -0.012335473592307886
-0.50059945115387428 0.5078888885105225 0.00019841861516289101 0.0087208111457281953 0.0097173727671487978 0.006587076854259512 -0.50441764979823567 -0.48643878073643521 -0.0015669522644855634 0.0067223517235878239 -0.011298646626912757
-0.49004126761180383 -0.48825638100606999 -0.0089711700915424911 -0.0054179191664066682 1.9640547115132917e-05 -0.0048406810591606064 0.50666704335746016 0.51372819085840848 -0.011953733022670818 0.010396514714207033 -0.021280694675585545
-0.50442483935923355 -0.486291605841494 0.015088884491979296 -0.011055347441881578 0.0028164798680213377 -0.02853209601984668 0.49393856187888419 -0.5132954482478379 0.0097267757079417382 -0.012366497632100699 -0.014459833637362515
-0.49547680524377374 -0.49175214179128113 -0.0090695159878827845 0.019355514563673609 -0.0067926641553181059 0.0070541428914074281 -0.51352543418619356 0.49819645275853269 0.0079752489159172664 -0.0047889063360683068 -0.01162574342151722
-0.5019139764295113 -0.49462325288551584 0.0033053823780559168 -0.010242282566354543 0.0003243095621301218 -0.021544753627174496 -0.51148164902425064 -0.49095762531198106 0.0021309609028138791 -0.0029193416564240976 -0.013570401197561765
-0.011712921346490626 0.0034094141735505016 0.49857113206598036 0.49600975907070016 0.5172961570248481 0.4866139915256541 0.012062067697660253 0.024155597281274772 -0.0071313900774939449 0.00026022349290330153 -0.0091611640379218474
-1.0474601714730921e-05 0.0054921822931688026 0.4938579272884055 0.49525063368558631 0.5058618557041773 -0.50392122873332668 0.0032933520642433912 -0.00047688419287835902 -0.016783722856136839 0.015372941129426373 -0.020954169741460804
0.0010015325495379009 0.0213427625141323 0.5017138189205449 0.50876058257236334 -0.48552749500080672 0.50244094712298748 0.018353512148620878 0.010208947213212163 -0.00015263971890520854 -0.0085359705728538637 -0.01707580434740124
-0.0027104899449333815 -0.0065474661150330474 0.49061392851007424 0.50220106256936559 -0.5015263005695737 -0.50488983887446548 0.0029470694664929364 0.01643358158414257 0.0015874112923803252 -0.0027298030762592613 -0.017628123966762225
-0.010901258380087948 0.016716970259461533 0.49113395893437783 -0.5092042022199218 0.50385673616675408 0.49342818775890762 -0.0020307853856277639 -0.035630368733070933 0.0093757587870157439 -0.006791446144687901 -0.018696453661950493
0.0037388107823006426 0.0028651861675616677 0.50001935084480931 -0.50595173806444593 0.49784088684424233 -0.49499893793472266 0.0026703379796272253 0.0026802022380111082 -0.019253744426915399 0.017100042852597631 -0.020600243520795977
-0.02487021265457864 0.0022666084072773562 0.49649175474284923 -0.49672757858131805 -0.51394930104483971 0.49159015404977385 -0.0034141623318879898 -0.0059358163133472518 0.0071853131678400349 -0.015050563395606798 -0.0020452264451723758
-0.0052012124794949023 0.0092712256631771305 0.48789726198414507 -0.4932744764120045 -0.50829731433367698 -0.50898520941311354 -0.0029243787071483235 -0.0084311916781261587 0.019208993184371068 -0.010296792805826601 -0.023168835252633482
0.001550526744039303 0.0040469917304031527 -0.50366428164621668 0.49579737046885825 0.50735671847024844 0.49213456265801797 0.0019725544382776321 0.0060278492963588681 -0.018810021657328729 0.0094300969514077779 -0.019955937307102538
0.0049005377987307438 -0.00085842753196288611 -0.50256956172770773 0.49493019026626978 0.50306310049946834 -0.49856122025000954 0.0058628790847561982 0.0049655543911446259 -0.011370433294339826 0.012801334378335218 -0.021336021213234406
-0.0022390220127855584 -0.0057198391420301958 -0.49322606270406899 0.49946582449044935 -0.51057693076620159 0.49627920255600771 -0.011810764371565302 0.0055353582018681903 0.00050469522084524454 0.0062397422904965612 -0.0057479465281176055
0.0002877249247042549 0.0050776282657088541 -0.50720263940274612 0.49942604425265691 -0.49573825711687425 -0.49705667447374402 -0.011165268345461596 0.0079676375334963995 -0.0068903684105038636 0.0020562345156860682 -0.01521955518776121
0.0050864199902470302 0.012592797148016855 -0.50255426087436494 -0.49416799483738993 0.5076156912443005 0.49468701171727392 0.0084164011630360556 -0.012559087322216889 -0.016843468659927696 0.0074054713254257916 -0.0098345342002981208
0.00059676802485955779 0.00067817463956251051 -0.4995978972662628 -0.49905450853954514 0.49969717778854655 -0.50069428383819836 -0.0012162309893446405 -0.0028995532193009225 -0.013919512412128668 0.014521170472392301 -0.023220320801164075
-0.0025118072389082279 0.014617338717333722 -0.50616473429690068 -0.4987465935065139 -0.49853888110604266 0.49577210025837892 0.0010026878763033527 -0.020200936513558889 0.0073434934516764501 -0.0056642753653253809 -0.001742398764088946
0.007380728787018738 0.0041674169398470233 -0.50544486004792166 -0.49235086295284269 -0.50089603071057964 -0.50057858034092872 -0.0077806440611709916 -0.0038602183591571588 -0.0083349921112343284 0.014014932274211354 -0.015073150754382231
-0.009149016246656554 0.018993043534255061 0.49670355891804918 0.49661334731286161 0.0068279856496484383 -0.012729274533350356 0.50752700446138266 0.4980232105049815 -0.014066369934067843 0.012157492151582931 -0.007156533513859315
-0.00084709370980449766 0.0035118648949090639 0.49183324785889709 0.49591432588697559 0.0022688811073470526 -0.0026933701726100045 0.50936656586049955 -0.50157253348673714 -0.01864142697375493 0.013600421328742916 -0.024120651498587994
-0.0087263406597315532 0.029812338557704363 0.49274926762741628 0.50300786376529694 -0.011741732120963549 0.0089662960954432873 -0.49937838234827564 0.50351808240837825 0.001023746026195742 0.0082787803594661473 0.0043870973661067642
0.0047870357219982583 0.0090258992820838966 0.49209795438964837 0.49572523567895088 0.0049364205500039594 -0.0067297538184360167 -0.50950409480040393 -0.50096537847357281 -0.013892982002136272 0.020388703871481294 -0.02743367185403808
-0.0052434271720349975 0.0089647394299034438 0.49996913017201622 -0.49394398822531732 0.01295961452162863 0.0021328919247778329 0.50311394020524014 0.50181120730146433 -0.017940446596525987 0.016386696870240174 -0.015535005389235993
0.010498843899461196 0.00044332958575960733 0.49901139490912549 -0.5024794350479137 -0.018963579009925294 0.0038195118028082485 0.5005549362062276 -0.49732865078316296 -0.00047692443855988924 0.011207779412653992 0.00073757348755531529
-0.012642321318092365 -0.0071509148002678498 0.48943989777588709 -0.50045176451992734 -0.0024604708568820122 -0.014843089931246408 -0.50995068353961526 0.49902295799339252 0.0044873259233802762 0.0059728433827818585 -0.020733054494480107
0.0016600823933547626 -0.0074423511277377412 0.50816303323918788 -0.4938005593514479 -0.017082831790007694 -0.0022733478230227912 -0.50676368357490864 -0.49054160925180845 -0.0046488883200102651 0.0022356541565777973 -0.010444702356215876
-0.0043930508636455187 0.0058244046782913285 -0.50287265024080952 0.50062779884296882 -0.0027073915273800007 -0.0092126504704772988 0.49959639659866162 0.49607773090143759 -0.014092546714685884 0.01261360276990002 -0.017265623176670939
0.0068033579770045054 0.0033003744870862871 -0.50323830815444626 0.50042302787227044 0.014189669101443883 -0.0023116759790620433 0.49146670198642811 -0.50411980000173684 -0.0054016831587914253 0.0051047037337104799 -0.018237367630114444
0.007502849644238971 0.010721944223916003 -0.49676626943051699 0.50531162690382481 0.0014725836066942647 0.0073356344338268136 -0.49432729901738975 0.5029901194062818 -0.012221633288521017 0.0047818286568946473 -0.011199438219406428
0.0070241817125625524 0.0027785973163873662 -0.50042566062679827 0.49644111849665945 0.0066152432038384286 -0.0045549909386866016 -0.50229935625425626 -0.49951503678459436 -0.014551641165771057 0.012871274648910093 -0.028310240127614426
0.0083126758048898495 0.012857804869841732 -0.50386958393533943 -0.50467841005669556 -0.004177249648038053 -0.00058067770410282578 0.49202095619056307 0.49895291801530806 -0.0093890817352272945 0.002901309774725806 -0.0052655769143464025
-0.01524177832548978 -0.003222593856353742 -0.50634500002426275 -0.4998036115875355 0.0041387598394095467 -0.0086505605356126183 0.49453556155405842 -0.49881631951854322 -0.0029406659360440074 -0.004646231669110973 -0.0079407242570522299
-0.0071786040141114931 0.00015479641290137353 -0.50384946269823261 -0.49852279795062593 0.0089477238628114207 -0.0067323978737199039 -0.50139121974660428 0.49571669991251577 -0.0039883254259863079 0.0052281856315119718 -0.016197318462075637
-0.0022478381201036964 -0.014589689541335694 -0.50965476782600194 -0.49633694297904535 0.0079499721827296661 -0.002133216937204801 -0.49538074157449546 -0.4980422035469233 -0.0067469855817701568 0.0048838235027142546 -0.009924867449375303
-0.00069883158954946287 0.013148200719820591 -0.016018476184679043 -0.0043599874103713446 0.50725126758752226 0.49141309733588728 0.49895178709526011 0.50133354853908285 -0.011307236533473831 0.0094977255090426729 -0.01593993588861169
-0.007417692036055531 0.0039419143371015632 -0.001705105484400802 0.011378297183865739 0.49826879011759312 0.50257478496182328 0.49980672923768382 -0.49843892242293869 0.0036862102309462371 0.0027392503081926697 -0.02597396435851803
-0.003875055136868262 0.0070732542536619423 -0.0065712397439625717 -0.0029954192808588818 0.49684235422939732 0.49251381807201938 -0.51348828127445412 0.496373385056673 0.004988913648360899 -0.00057636426215126923 -0.01945866109098713
0.0057704941810327965 0.016714696711004721 -0.014008891800696541 0.0066520397866735217 0.499037599619509 0.50598477761798744 -0.5008481407423 -0.49335295802269202 -0.0047426174175411971 0.001504411863962785 -0.010814049336339894
0.0015008897551608608 0.0026260270937668241 -0.00098729417581640039 -0.0015839467550019613 0.50034258893825201 -0.50599939138268435 0.49672734043889827 0.49612090663448255 -0.013200548865340762 0.016531451663195307 -0.016962581339323074
0.012154227199760819 0.0071495285839396237 -0.0094478231261258348 -0.0035832196638520353 0.50003929893111532 -0.49850429581293215 0.50363799935379916 -0.49691319558215435 -0.0067650031368791334 0.012793858530256554 -0.019230661388872593
-0.0012310248290730809 0.0052892724629765731 -0.0043146874854398656 -0.00092812697198997617 0.49816617845663902 -0.50039803375360947 -0.49980276817082769 0.50082754884580716 -0.011250648928741639 0.01302100737956486 -0.021357251595675936
0.0022155986354950958 0.0039206141312654475 -0.0046854893543208185 0.0010745503359960685 0.50059184699814974 -0.49973652035355759 -0.49999007959337888 -0.49837120446985506 -0.014758135151726557 0.013283268262130171 -0.029489650338678893
-0.0016060689817216569 0.012330692994694322 4.7622782543652178e-05 -0.011037847828477049 -0.48229372548660959 0.50280244506936378 0.50080315352227733 0.51312364090016238 0.0098678585605040392 -0.00305151636689067 -0.0099822830752623205
-0.0075751763196762311 0.0014575780980106894 0.0022780086224404575 0.0097357860320577 -0.50197300970555214 0.49524785859443776 0.49416803999039821 -0.50797774836557319 0.0036488579329395391 -0.018229477428792697 -0.0020250450836328451
0.0039137346148677707 0.010459001498996737 -0.010235828025927931 -0.021373763256577565 -0.49290537445771565 0.49979405682671973 -0.5109319427872957 0.49539089350324134 0.00041536160582844801 -0.0092683565380747186 -0.0037698998331250322
-0.010312138654690856 0.0036819555163663704 0.0066002249349691395 0.0067148219123362224 -0.49202022661437261 0.49968459371905932 -0.50906519543700846 -0.49855963737165787 0.012789315414306538 -0.010160018024997809 -0.0068539640414696998
0.0055638138922359578 0.0096887264080187437 0.00169295809240087 -0.0029071268044549761 -0.50193646617145837 -0.48854562055772538 0.50695600659972151 0.50204104510047021 -0.01342106211598465 -0.0041288085540771135 0.00020015462052950348
0.0040968211613292543 0.0082227751440327786 -0.012462497766909129 -0.008006650263331052 -0.4936377414186584 -0.50733244765955698 0.49511867249048552 -0.50340838018373935 -0.0032273805429370692 0.0070375168398171721 -0.00305119791642497
-0.01007807909655343 0.0067494420179245616 -0.0048437247876635531 0.0043315345339859672 -0.49181759492692362 -0.50606566414118681 -0.5006664317089734 0.50100417649906182 -0.0062055518137967966 0.004308072973385103 -0.0097222073014060963
0.0035461384826858339 0.010892142259292588 -0.010516260272157182 -0.0023260713738700858 -0.48920015295469432 -0.49971533680888247 -0.49928398827300946 -0.51100468734969917 -0.013856951790262485 0.003461443504769931 -0.010309615152130464
0.5235773957148453 0.0077824264990089048 0.48160958794696618 -0.026033364188080603 0.49653083880480442 -0.0068150366752442772 0.0039729952168619407 0.0023597229833131868 0.49563539503747228 0.01732853844763544 -0.024803601140371757
0.49794718760094875 0.0005662057957630071 0.49345872813335756 -0.0033939825321422008 0.4967497109692538 -0.0050994415577648462 0.0040873586920148301 0.0043363328522348487 -0.51035556877259336 -0.032285058972809672 -0.014433320369445595
0.50712070145077326 0.02132359197264037 0.49119640709339785 -0.020397107697487801 -0.49332556183793047 0.0071355871117646501 -0.0020114432337725689 -0.00034208100987769468 0.50411462845961375 0.038456504902425789 -0.04059920388197362
0.50341585053368765 0.0048731901494895886 0.49365377760299783 0.0096865093435029755 -0.49268178332348606 -0.0043685998061628222 0.00010349818977739943 -0.00064420733425321088 -0.5098860229673563 0.00069250218871184065 -0.0046654977706880882
0.50189521284094019 0.015801016747037294 -0.50918764407691919 -0.00032273804680336461 0.50293496676285054 0.0016476548063703777 0.0019356306354835185 0.0019866572703602699 0.4831740664739072 0.023870435163398918 -0.039979956686544617
0.50208408284303274 0.006997317761528038 -0.49785430831566008 -0.00059598746799491439 0.49392272844898111 -0.0068785240518263024 0.0033079213906303208 0.0015880516044151371 -0.505658861384777 0.0068514207536075561 0.015654957794705632
0.50362981516962702 -0.0031459577823346333 -0.5083341259031946 -0.0097643101413063173 -0.49369162124841176 -0.00079088797527097736 -0.00047439048757727618 0.016098854223022308 0.49215865390852975 0.024386319556945261 -0.032278679722776406
0.49578370932064203 0.00057428699640414487 -0.49744994159782141 0.0030781874936040435 -0.49586815519462024 -0.0067166093829780808 -0.00060075649646769999 -0.0035061506801006346 -0.51057404552890029 0.0060205299261666583 -0.0081955601255121208
-0.52390378515005165 0.0057608445119515378 0.4832209475797592 0.02327827175784607 0.49763093712689593 -0.0092572104204787804 -0.00051757646896294384 -0.01026276416321407 0.49180612515923183 0.02913919578537888 -0.029951281118774979
-0.49117617445209366 0.0010451874259117767 0.49235483537182206 -0.0043979218620619999 0.50178675930054495 -0.00603549807962637 0.0079844638216870645 0.00046115734178029213 -0.51386750235188239 0.012017260710185072 -0.014753972338598445
-0.50345071615412229 0.034157575799337973 0.48097026323280001 0.047965026546397505 -0.49139312595435508 -0.0016454943668217539 -0.0002660639266933067 -0.0086722890838753369 0.51268406420716306 0.070798750818672054 -0.048321780278236741
-0.50422966173081241 0.0060959587980485407 0.48959668097889464 0.010418219906681037 -0.48806172843680257 -0.0058008357796304564 3.7946890472955097e-05 -0.0005169969996598739 -0.51693897712211578 0.0040901693269865362 -0.02051909954362368
-0.49474406838289459 0.014417844633984224 -0.50602769120383062 0.0052897879785912694 0.50367537201648338 -0.0081491121557328156 -0.00078403963290138543 -0.0056226222904101472 0.49120943669502037 0.035725083735519469 -0.05077319296173053
-0.49048886702295985 0.0081277998256000759 -0.49965554881407959 -0.0020540621119077033 0.49947646790359224 -0.0058808476473213092 0.0040710984475942512 -0.0023552534812369902 -0.50964871270985479 0.012192066904482653 0.016456587812306103
-0.50254491633306508 0.0083061471423734583 -0.50760814554546185 0.020180626554698575 -0.48948524159465978 -0.0047996784933137812 -0.0038936361339471977 -0.0043967154134349779 0.49655774972406036 0.034367283885349494 -0.043615234736594177
-0.49433884875935308 0.0021100491484981969 -0.50215846402032671 0.0018125164884770393 -0.49324481340168136 -0.012341827832477991 -0.0020445038006193595 -0.0041344940149050415 -0.50977939566844066 0.0054072236530947771 -0.0094832000096170821
0.48343794051967137 0.0089380528947398535 -0.0042367934606443993 0.48060125780695284 -0.00090449876687733941 -0.0043635880693510438 0.48505290012359381 -0.011308564601162259 0.53796417046873435 0.069272946856371143 -0.074726842615697592
0.49367885481486418 -0.00071280764730895815 -0.006274412607220085 0.50034766302950695 -0.00097637002420981108 -0.00062907552774573393 0.49981135930494447 0.002806957365164666 -0.50600750148052165 0.00013357574061589197 -0.0054125529927028125
0.50520376809587808 -0.0072189139885471222 -0.0065319549676673685 0.50154901924900841 -0.0027871617433912208 -0.014734596360037846 -0.5006201035850133 0.0045428235578121121 0.49089123786460781 0.010647579054328555 -0.034196118572455421
0.50018898012018187 0.00036137768841823834 -0.0038637698062065099 0.49483935803259754 0.0057256242855239295 -0.004965026671357709 -0.49918868986365977 -0.0018319748046703207 -0.50533632863688183 0.0061743887786908525 0.01663935087341608
0.49533136203971767 -0.015865941419625551 -0.0092518189253390348 -0.50424843386814677 -0.006845141285634764 -0.0038505944151123362 0.5097269588791703 -0.0012654017586638518 0.48937989086128392 0.0040781083107804036 -0.025472907915195287
0.49623586739383108 -0.0060525880001238838 -0.0045759998858326224 -0.50328637058995895 0.0025905829753711876 -0.0014040936935841421 0.49339073374320541 0.0040752477626346227 -0.50531312320306532 -0.039394904457236195 -0.0064963165067138317
0.49751965437994766 0.0005143758856517907 -0.014227614474049457 -0.49413038610529336 -0.0033027960786377103 0.0093340320074255471 -0.50979868513753435 -0.013295859684668607 0.49707739501298304 -0.0024691918299869576 -0.029070948171062844
0.49996014856516441 -0.00021506656122288829 -0.0012039151837874486 -0.49554414926027168 0.0047063389396205645 -0.0071063850839439566 -0.49540873488977005 -0.0021496970304963497 -0.50870316150687933 0.010124313084209635 -0.0092658477817201823
-0.50057793004122475 0.0019696290021467963 -0.023864903588224788 0.50850475743872958 0.013111369777273583 -0.0024377536120870633 0.50071161461540914 -0.0052622478447049642 0.4885648216713393 -0.0050138523029566329 -0.02515646921207168
-0.49617787686986653 0.0018350777355280845 -0.007999572481645149 0.49673032138184864 0.0079711098307201998 -0.0068457390206522594 0.50144139099594487 -0.0049491697712584336 -0.5050858088689355 -0.015996786206563373 0.0072941445586028747
-0.48449897971619205 0.0066008109246809762 -0.021569416682848543 0.50848324163786607 0.012270604979088579 -0.0064849364474450734 -0.50673488878827855 -0.0029873829597580068 0.49796788411633996 0.007629316233354915 -0.034419572767892308
-0.48911606852155098 0.0029656122384082869 -0.015619434562353785 0.50655559581298626 0.0052772188725190893 -0.0057684754072456256 -0.4915978348086209 0.0009599353888347788 -0.51159997665279511 -0.019525232748257841 -0.0082395652515264966
-0.50632512930198592 0.0039971219228390068 -0.0098023403774396035 -0.5057656816645818 0.012564125080107834 -0.010233809747929267 0.49465484189510878 0.0047992888091716313 0.49229775520262609 0.0068033158217142035 -0.018747721437497915
-0.49247313216804794 0.0017036556381049995 -0.0059118373879791832 -0.49348551908811888 0.0033010656174306398 -0.0055135245356081573 0.50224897683341396 0.0083986803413316456 -0.51123431244952611 0.010967776765130745 -0.007597458619522884
-0.48694667703116368 0.0075731472047270215 -0.005763887988470673 -0.47733776816835277 0.00037625428724779285 -0.0023527700495336074 -0.4901745682954925 0.010574901040974125 0.53181066615714301 0.076734493946600313 -0.07643058036804902
-0.49523047240512325 0.004328846637861667 0.0042702871297129307 -0.48964712859495663 0.0031410829473042957 -0.014637778664386871 -0.50300547415898911 0.0034493704967823173 -0.5111621632378287 -0.01136083391213165 -0.017003898509744101
0.49464045653971955 0.029996431706971072 -0.010798012031469526 0.0038568460871998157 0.0048485841683368136 0.50188386733803947 -0.0013053652666880481 0.49629328338102607 0.50462424438669173 0.01668210077506517 -0.033999821089566666
0.49923763100283908 -0.00042497623888286507 -0.0059643142270496136 0.00074067915472465675 -0.0027541646477467385 0.48878557006079215 0.0026038567795550012 0.49653342632674902 -0.51471869686866112 0.010185525483764951 -0.014671784078183705
0.50177184662581131 0.013861157321674951 -0.019396364564738849 0.0060518984965982781 -0.00061965464664704459 0.49831536134179166 -0.012807091301606522 -0.50702289765300346 0.49122917412590472 0.0074286496325080137 -0.026531638034002908
0.50501328769741716 -0.0023992254882854859 -0.0032751908857350607 0.005368369260544706 0.0022445506673283416 0.49102448068124899 0.0028853572420415976 -0.49355285285923711 -0.50980356314492026 0.012036836635217664 -0.012605387059207149
0.49770498464868729 0.024128667068682896 -0.019743745159701374 0.0096018570906493961 0.007242444827044209 -0.50141369706932826 -0.00016835851800205633 0.50400261995093509 0.49502397169073858 -0.0051453445784805894 -0.025758873261685116
0.49865812731984521 0.0026801785707168757 -0.00055607937639888668 -0.0065013702041460363 -0.00032504648593919351 -0.50244379279539841 0.0034085619241244736 0.49455305942144451 -0.5041943390920679 0.0016297178727034745 0.0056130791650761663
0.5038694841141409 0.014625284393757746 -0.014874316759565425 -0.003191701909574613 0.013372829493475446 -0.50786986972414649 -0.013848995203238335 -0.49541873366131561 0.49085128336935696 0.00070389150423626591 -0.031505244852396398
0.50556992211889062 0.00076878941139998404 -0.0010004233544718022 0.0037101021714468622 0.0017389470723590318 -0.498871978028742 0.0072888073723305531 -0.49717491163833633 -0.49826636232597959 -0.0012500154642620148 -0.00068765367373854129
-0.49650985189391184 0.014880049110133907 -0.022819062747844756 -0.00092865796946646267 0.01886789757557646 0.50013979878461845 0.0038110180285418449 0.50553427465031908 0.49618967828858851 -0.0056181470843131012 -0.020590679245198997
-0.50556656553820079 0.0030217601760131386 -0.013947517992689049 0.009156204508214744 -0.0018108822855668302 0.4866035983014651 0.0058154468332004038 0.4971347397759554 -0.50973937786149237 0.013752368673039505 -0.011334741324409489
-0.49460420665221783 0.012450081967283892 -0.015296980279688127 0.014970434965435158 0.0073650575896833043 0.48709964959501928 -0.0079382815760390933 -0.50301023039660975 0.50895253623718006 0.043798248957901395 -0.058309270542939398
-0.49985818270921989 0.0035268025932621377 -0.01042504488069072 0.010495664116841538 -0.00014209991872702438 0.49395362500972323 -0.0022060308852329354 -0.49289751834354933 -0.51238496596193039 0.011039915638546316 -0.017528582967321672
-0.50164655159160887 0.020014198150361588 -0.016143270283782481 -0.0027296790439764918 0.00017186275888403729 -0.51364041139887162 0.0091184737721486855 0.49386535950457588 0.48906482978346927 -0.0009137484510468014 -0.026157762075792648
-0.49718397611754916 -0.0018854419740314771 -0.0065695338296962438 0.0013130271765305014 6.4534892565796273e-05 -0.50305431401906042 0.0031908307384100032 0.49660707449727698 -0.50287014157428445 0.0030013768686355802 0.013410957306153342
-0.50114112858307802 0.022446396589288795 -0.01703325594347832 0.0047712175524526924 0.0066062266510302408 -0.50676550334276171 -0.016033653774044317 -0.49955796490680693 0.48994679406301828 0.0027729239915263298 -0.036264667564865828
-0.49065747427577755 0.004405395047596238 -0.0014239288058456182 0.0063337428676737738 0.0085412356533058342 -0.50079414322116067 -0.00069641914159465157 -0.49776344166490372 -0.51030654041435253 0.0079827735009704911 -0.0089747561853259199
0.00059354691161636283 0.52038703798196928 0.49231917543656056 -0.0037519302690832241 -0.0030079933420758217 0.0048751222495548576 -0.0083629129682228475 0.4943301720088914 0.49110506422442918 0.0075922675615100769 -0.03313355056408402
-0.0080318288347070929 0.50676163928765583 0.49405248170387189 0.0017754911714660821 0.0022838491757828767 -0.0046652022394448782 0.0023046571646460397 0.49177699508036654 -0.50692428960667979 0.013702417153028877 0.00047705598907647295
0.0096067124917758474 0.50736039911351138 0.4869774273156342 0.0054009421270417839 0.00041221115890041073 -0.006608754975952087 -0.00057269912574992141 -0.50694069049467916 0.49676619649752118 0.014936980451200271 -0.035834996918788456
0.004312799420484824 0.49841108263552131 0.49576274149058286 0.0018143911769714855 0.0046110051442392747 -0.0067122466661965821 -0.001393623873896377 -0.49818677466661515 -0.50723353635032697 0.011332688815266102 -0.010544861470298001
-0.0060507167797552459 0.50857228929805554 -0.51299085775843734 -0.0022010874463947272 0.0061515279238586002 -0.0041160831162697503 -0.0025760699400890551 0.49949645873847814 0.47626201855134681 0.021468465436879421 -0.036174760088354407
0.0024093199839153004 0.49870101143027268 -0.49610047794158518 -0.0051588196119885113 -0.0039664742607204706 -0.0062430477676910486 0.00068387144169472383 0.49241757205109193 -0.51188598078385528 0.012831615957428849 0.02066517705028938
0.0062029699470361136 0.50773623795980205 -0.50983832048908295 0.0040779700004189706 0.011547809093188926 -0.00090351732855011198 -0.0018806836407281068 -0.49913835962547576 0.47974210824651764 0.024243442728557562 -0.046868440860356173
0.0051470422694372079 0.49849770463733023 -0.49436976103226449 0.0061741980619754739 0.0010842280534535639 -0.0015973211045284732 -0.00078371722175186087 -0.49795092565213833 -0.50876443162187923 0.014398540567561726 0.005092609614475367
-0.0042069998462944472 -0.45016289000266624 0.44744828975385625 -0.0057829196752699962 0.0069901384473389236 -0.0076605653587092518 -0.019035857608002804 0.46752561517639657 0.58430216120090306 0.13233154250014753 -0.13828049649367216
-0.0004153741253331334 -0.49825008507196394 0.48897756369456807 -0.00063407938953037851 0.0052125607439926936 0.0011078789038803868 0.0029157676182603857 0.49391962312361332 -0.51818711679097884 0.0096185247941389176 -0.0065819690712458521
0.04122913877462854 -0.48375867590498339 0.4946560420539412 0.024106923113088385 0.0049354487516207112 -0.0044143260214632553 0.018501942709942123 -0.50754817406975417 0.50660004356959787 0.050594292697528083 -0.042629279933401855
0.0015467033525139731 -0.49358727140231751 0.48950699484920468 0.0020664702720298569 0.0056693855292263571 -0.0016212310363459056 0.008824329665601623 -0.50283634205524153 -0.51322103460703672 0.013510652554557656 -0.01457569240918578
-0.013564533875056003 -0.4870681536389081 -0.52065467702772494 0.010140774987552522 -0.009533109937455285 -0.0039916420710176996 -0.0015906145513643224 0.50938152836760442 0.4809103368734019 0.012692730970072751 -0.019538338821576597
-3.6312643206046998e-05 -0.49098910604045681 -0.5060786670804438 -0.018389711155640958 0.001542340130632148 -0.00047750249517368627 0.0017606639534677579 0.49349162954776438 -0.50882910308166174 -0.0035949699380655644 0.0040277209384987868
-0.0038095234463751677 -0.48396340378071967 -0.50602009826901917 0.015594839508425952 -0.0020344905519458596 -0.019861482290610105 -0.0076551214870285321 -0.505465188096762 0.50200006660705165 0.030063190415762289 -0.02460152995017547
0.0015310699793797834 -0.49143756811518924 -0.50048894692242551 0.01162131138599844 0.0054352476852348366 0.0002942556153773058 0.0013012598094062555 -0.49603344311730602 -0.51153592931230174 0.0052164752695113264 -0.0092636135817729462
-0.0049447813884184568 0.51483120226968315 -0.012065894646779951 0.50836185780839205 -0.0024569051864757312 0.48696878113887243 -0.00090717959561226939 0.00094962127118415748 0.48780823296790982 0.013445147064816939 -0.032603971312179597
0.0015107619059364448 0.4976527388543549 -0.0024567053280139125 0.49885011474964702 0.0048210228832489327 0.49487646277924618 0.0015959076730124417 0.0048660914162573345 -0.50822831111916533 0.0086294243348828976 -0.012622681708572935
-0.0036458944806459733 0.50608353015588403 0.00085715515273920016 0.50216153050210088 -0.0058217710165095141 -0.50641526413068105 -0.00067645183323137561 0.0011647707975437288 0.48325502362637174 0.014614071130778157 -0.038185266159550327
0.010195870580675554 0.49609562537494512 -0.0008081648656328332 0.49747419433846146 -0.00011842252218563987 -0.50050665980337139 0.00012692875610274682 -0.0015630104809278168 -0.50565986986650746 0.0078663286579222797 0.006385513270754959
-0.0081116075485927284 0.5162778852492671 -0.023215602958752544 -0.49486138555304243 0.011669918429068702 0.49587760308564094 -0.0045250761641814265 -0.0018869209950110202 0.48998976950927664 0.010651613352588867 -0.041307865828500455
0.011746428655418884 0.49891236770998487 0.00090786762037032881 -0.4910627165971605 0.003930701025363104 0.4919345046280908 -0.0019246223940965711 -0.0046936674567567716 -0.51711266700771819 -0.0020713854555251643 -0.01882848764850837
-0.00099936331183149863 0.50672879465227105 0.0018644151123500116 -0.500265763511892 0.016369566395034504 -0.50214478279238073 -0.0019705118750938991 5.1240264233671729e-06 0.48837750989823558 0.017906766332275552 -0.041244960536114643
0.0010907551677625253 0.49790983748303508 0.0018608577648175008 -0.4944994971188823 -0.0015254293845427132 -0.50213356219820471 -0.0013708236193605697 -0.0045598648854292823 -0.50486597086491347 0.0093610015021955133 0.020273108197882014
0.0052585769574120134 -0.49193571455043433 -0.014262174257426921 0.50101005674119603 -0.0083754215750217794 0.49303256624649811 -0.014317301208060101 -0.01409362493992761 0.51061648621144828 0.029415087767733331 -0.040097328146208838
0.0073887031726405893 -0.49242544094055291 -0.0026848911734270076 0.50285915106791246 0.0086349992089730099 0.49555630015913044 -0.0058391555876302331 0.0026153577402687682 -0.5086098659345315 0.011467824439888767 -0.0090002961293690325
-0.00015249378724409109 -0.48866739281014021 -0.015406408578027454 0.50325103101229829 -0.0024798787502952552 -0.5126008029620317 0.0027589152939578344 0.0029734464157835107 0.49376859510215337 0.0115166175827919 -0.03135210242942655
0.0026919982401274745 -0.49390567568372051 -0.0036290970895792004 0.49485397243320361 0.004781090108134098 -0.50144953005807558 0.0035341616467287136 0.0021757753157748095 -0.5095466674505712 0.002419984402890582 -0.0045755158097562599
-0.00083281937440619035 -0.48796017535284397 -0.058393076996487152 -0.48674126440701687 0.012981339677432629 0.49930311718890819 0.002867736734182137 -0.00059442811091605372 0.51361490205111726 0.063645362396919744 -0.065082015389053324
-0.0025397447401299946 -0.49102070593072072 -0.0069803906805703097 -0.49603856519440231 0.0053423938726027687 0.49726742517340788 -0.0018614436399591347 -0.011394900756088986 -0.51487757729535344 0.0055393001954376683 -0.014929384951916104
0.0088522450402620263 -0.49412339630058683 -0.01953676788775786 -0.49492962780315303 -0.0036661418535666223 -0.5125752522178133 -0.0070897021974361159 -0.011364740234314082 0.49687100367163151 0.0067066351539979297 -0.023972087610843577
-0.0027925353208741494 -0.49166690785937456 -0.0021731395883697099 -0.49517755974172445 0.0055554705490311659 -0.50247556621127465 0.0020018642066887125 -0.0030786277583638071 -0.51011455239649406 0.013718322628025416 -0.010918929027265038
-0.00010078465263398017 0.50922587383043227 -0.013114476873414377 -0.0060070383562001806 0.50317098561951934 -0.0020707186197000162 0.49684401191786243 -0.0061124723468130894 0.48742906166358002 0.02770998863276905 -0.045269509436219893
0.0046001833797055464 0.500008584025187 0.001515089942115953 0.00094063790477129014 0.49318218419285248 -0.0016016701330673639 0.50220799294936558 -0.004835668155410441 -0.50419619820770034 0.014857563783026778 0.0080645152952506637
0.0072918594165959456 0.5067143720267725 -0.012724872449792719 0.0012339180300360141 0.50329427770189128 -0.0049632724286090201 -0.49603452755766642 -0.0020643855749842891 0.48995374186472712 0.026978794619985546 -0.053452093045739758
0.0038900998797991083 0.49838834874189275 -0.00081998685479492731 0.00064393615166324512 0.49729066795794113 -0.0086420879863754914 -0.49410240872395067 -0.0012948587622571039 -0.50915431689074331 0.011324725647626741 0.026737707843570293
-0.0023969569480086117 0.50545359108368526 -0.0075664290465171187 -0.02438256036625943 -0.4862967930494671 -0.00018101272296823867 0.50933351098161117 0.016797714228454563 0.49612598582051981 0.021738096857107262 -0.032530459421228307
-2.2844003205052292e-05 0.49542296049573142 -0.002175855434325971 -0.0015029611084585977 -0.49848221765534206 0.00044369059361069353 0.49435095325199002 -0.0048863466286404155 -0.51141360209191011 0.0081336819475170286 -0.0068998349059214235
0.010936117841191396 0.50530322603017097 0.001332002856847696 0.013526961731820908 -0.4870920469637699 -0.0032754110330300034 -0.51032184074439491 -0.0076357343754904737 0.49440893487272403 0.026067693376018733 -0.038581116259666294
0.0021975488900940563 0.4960990714163041 0.0021707273600275806 0.0074699529253123538 -0.49236460846070684 0.00088687369875114 -0.49596564691588213 -0.0031970893110033873 -0.5149148097586862 0.011383293765151356 -0.01173416672099575
-0.009625800239664058 -0.48744197072129164 0.0040224239013621965 -0.0019244824696576705 0.50066028223604275 -0.0079605356222445713 0.50990884189519181 -0.0096488691618325483 0.49995150466182187 0.01657496563763523 -0.035175745446227882
0.0047640943706973695 -0.48989305151397716 -0.0089812680322687161 -0.00039935456421381069 0.50148018581812992 -0.0096395354601346694 0.49984929754666302 -0.0022039209050568318 -0.50818423098030086 0.013487754447885324 -0.0062186613678243633
0.0080667121175603471 -0.48483111624341946 -0.020017216878655788 0.0039018928154985603 0.50337512258584127 0.0023158658518368292 -0.51359371296305911 -0.019968578676492713 0.49518206344077492 0.015291988545812471 -0.038073072755132803
0.004604520815682858 -0.49087174038723358 -0.0075128163977945953 0.0005088024745276698 0.5046400459845638 -0.0093516781630324786 -0.4902363878087454 0.00023410595919392982 -0.51341347073069221 0.010565365623422853 -0.013461503461905808
-0.025003351031923537 -0.48881946939916876 -0.010452385675392492 -0.0041089567675163096 -0.48815344661663129 0.005999957398943951 0.50251228914475177 -0.015250569466135731 0.51325266058250374 0.053882796167801894 -0.053773655450975365
-0.0031278236041954732 -0.4955821532365155 -0.013597615843402636 0.0037499185678999086 -0.49287283583830149 -0.0024027996290436984 0.50054296999839187 -0.00037946870133657876 -0.51053220061577842 0.0036917020279580806 -0.0077471267553658836
-0.0023851998920887524 -0.48574731196463561 -0.023114183739287933 0.01542768031187281 -0.50859642965425611 -0.03410200913142538 -0.50367805210802741 -0.0079982803386674552 0.49777514955367458 0.036138919959997316 -0.024426050320091659
-0.0011736501631366024 -0.49562518980053899 -0.0064367124412405465 0.00596745847405115 -0.48657391722045812 -0.0017777114649575507 -0.49629465217018587 0.00029545419307261238 -0.52027494723373158 0.0097738124835334908 -0.020733971641684348
-0.014008917334846242 0.015867681296541383 0.48770481917225095 -0.023940929386373617 0.015079369709241501 0.49731810420126465 0.49067693397067919 -0.0071908476135523619 0.51849711002076782 0.043023251493809846 -0.045434666667995852
0.0051491520468922363 0.0046542208899906182 0.49694554533643265 0.0031186405319327012 -0.00092433684278745592 0.49309886111581008 0.49358414650947519 -0.00054139204346415851 -0.51564839520290751 0.011697199283571838 -0.013571571134538921
0.028271072640211201 0.029329078428223326 0.50222966215256926 0.026203071207230162 0.023996263388115849 0.50078289501902529 -0.49638668599275143 -0.0081875653762169785 0.49636226620068791 0.019623939220110034 -0.028855016331081829
0.0027792131715435511 -0.002421752229710453 0.49162753930221514 0.00018000542330751676 0.011059592739988664 0.48935168856685329 -0.49847605042768139 -0.012332961761220243 -0.5190973984991486 0.01041813414573035 -0.02236582548734338
-0.013449154077330995 0.0083028608694252701 0.49194779935132538 0.0033835827209006621 -0.0070668117067533565 -0.50561634185793858 0.49464983904479826 -0.0020157395761955144 0.50636169037405765 0.030716572338572754 0.00027584063494930338
0.0031424456884890733 0.0026188404681573344 0.49211837778959922 0.0010153296445777429 -0.0032574868069051321 -0.49723924817192067 0.49719259205048338 -0.0031768748695427539 -0.5127070864650749 0.021556302032005384 0.00067832267650390181
-0.017473936088193344 0.010790943589810174 0.49142683307592355 0.012555383449245134 -0.0034672220754797265 -0.51306409820159615 -0.51137637451938645 -0.0077240857332153239 0.4824163618019966 0.001206196292060618 -0.019519162900199338
0.011377419143802433 -0.00075245291383268576 0.49451971467120737 0.0023830888555990424 0.001831601994659648 -0.50502553760401814 -0.49274425500876484 -0.0068941361274456369 -0.50728619237915551 0.0081804293932178224 -0.0031276314477309431
-0.0069491786634861665 0.025217854938245656 -0.5198461811151357 0.020826607708371851 -0.0013549194014796657 0.49926017630627689 0.49400474694808083 0.003584709518288908 0.48421535556547113 0.012254019006520823 -0.026668294862117282
0.0017340802850407391 0.0069625462624489671 -0.4994070560808786 -0.0002992999545617731 0.0027579927742427584 0.49367494092879233 0.49501258609131327 -0.00069886129224781151 -0.51147904458032045 0.0067497787557379875 -0.011141969849263031
0.011989258522183133 0.022010065315766259 -0.51305739418143514 0.016411205165721626 0.0049738880332553873 0.49331007572498187 -0.50259614774438521 -0.00039709612487130058 0.4886602881064725 0.0092307094087563536 -0.031904519591673522
0.0051665274337007678 0.0058315464882403995 -0.49874919575134358 0.0030132313735959067 0.0056817709800903934 0.49231011818301018 -0.49508255370960935 0.00091171949874954141 -0.51309614424041416 0.011276086076142765 -0.016599869741073102
-0.0010477013464804147 0.00088115519570303711 -0.51317028921120467 -0.0027678832316676435 -0.010139405512550064 -0.50037882918965149 0.49877415618549109 0.0022750711379364115 0.48541670517865859 0.023590224722217529 -0.034615423429144303
0.0041049556499713879 0.0054323115058784385 -0.49781475987264168 -0.00065556173885357764 3.1266180713206547e-05 -0.50396002029643749 0.49452393132104588 -0.0027105023920506194 -0.50348755696662484 0.0068760450514239258 0.0070502411020168772
0.0013989738789205548 0.010519713837157415 -0.50841491963555308 0.00086464093293176847 0.015960879548642882 -0.50562542240557218 -0.49912509705290964 0.0029174042855450973 0.48411740859101782 0.018999360079387892 -0.040299729303947283
0.0055360958073110015 0.0039376998179938673 -0.49570174840437065 4.3391750107307158e-05 0.0020776373622461287 -0.50364949980598939 -0.49558731871096984 0.0011678564015925384 -0.5048933013545589 0.0063849413019897248 0.00056399795324280837
0.0067348368185404725 0.018346822636929036 -0.020550442053173062 0.50421429688932018 0.50107737435601107 -0.0007785871903884193 -0.0025654604591616513 0.49262916488545444 0.49992804925441325 -0.0049616353884882579 -0.035238742688949276
0.002186749102460782 0.0071801319815901505 -0.0039651887994664485 0.48814755799854159 0.49802602962820258 -0.0079437741474876252 0.0060415804531389512 0.49837883825582857 -0.51472882026719402 0.0051472297135859201 -0.012516129314389042
0.0015937585329728844 0.012435595143766088 -0.011570726598690576 0.49591221394105894 0.50557161319184063 -0.015512548309008615 -0.0068080133159561605 -0.50333813524502469 0.49258086067044898 0.0044172489961785471 -0.043424315907008189
0.0074598077543924814 0.0054023007931787055 0.00030708130468697786 0.49908249319817011 0.50043935056240896 -0.00038934689946853584 0.0025040707368895105 -0.49222813958047712 -0.5078708764368397 0.01022522480871965 -0.0077361357291025733
0.0024867753312825475 0.014214313360560562 -0.017787882466113774 0.49675866642155198 -0.49820321350244678 -0.0092561794429526605 -0.00079319425915747683 0.50885565173171921 0.4948384581910063 -0.00023470560014974548 -0.02478327594430221
-0.0025929209103282467 0.002713583546886836 -0.0072656089705777126 0.49615061807322752 -0.49733070197712015 -0.0079206640105024054 0.0045431987432362044 0.49508076654553235 -0.51104633861133453 0.0045331340044901343 -0.0072531868733257017
0.0097623380410210587 0.019609475826782276 -0.019739657428309767 0.5038921223485594 -0.50270059634103503 -0.01172856784883702 -0.0084782070663983397 -0.5106539637169345 0.48082351989135885 0.0082318952729157208 -0.016715838975506127
0.0044166387264737402 -0.0019336606412407012 9.0055712260600046e-05 0.50287310858737033 -0.49329430508414274 0.0038368254762165309 -0.00085563265093623053 -0.49483061191185945 -0.50849896679164819 0.01561010108558282 -0.0082733955526838234
-0.0016292109854038469 0.020871637129206061 -0.024739283047749271 -0.49993620456716159 0.51194242888722263 0.0073509378388182537 -0.00014202677459497894 0.49398396579908971 0.49164915063191927 0.0083876719730792779 -0.032633937762711798
2.9547799294723758e-05 0.0061994995411229336 0.0011935739797614647 -0.50058562510895444 0.4936060670955813 0.0013504368820401317 -0.0075310995308559376 0.4990092439682029 -0.50528911058916703 0.0041692970049649093 0.036386647978227313
-0.0055229606483922881 -0.0032418180652772199 -0.018916080212349216 -0.49589275236853564 0.49920976784555932 -0.016472496950472454 -0.0021366454395747025 -0.50596475688045839 0.49753729941708463 0.0011055974165052281 -0.02569678958812726
0.0072260495360072291 0.0058907359435563635 -0.0035436019803512927 -0.49236764675234423 0.49881732188960581 -0.007483700942396759 0.0026864378872500957 -0.49739795905673151 -0.51073832856532964 0.008908644597670318 -0.015967138791841893
-0.00018738793512216637 0.00969117907471642 -0.016135903009626348 -0.50728654977063858 -0.50649915709395266 -0.0054278226092483563 -0.0055651819724607619 0.50206457395636728 0.48258153854170099 0.014484981339778883 -0.023251105275726526
0.0014337305122487849 0.002384131121914343 0.0051024757821959543 -0.49557510542032551 -0.49500971215977158 -0.0044722415403277687 -0.0047122576892409439 0.48862160892998563 -0.51927557013907732 0.028647586429180336 -0.0087086078051249235
0.0015906650488002488 0.016875755317373366 -0.020493268990573309 -0.48436194545552408 -0.49768041721518474 -0.025200800921484044 -0.0074419267474101804 -0.4966928113308956 0.51527226542774285 0.03709092257094581 -0.052201122435455598
0.012338023238418249 0.0056307213831664005 0.00022633012679543356 -0.49418160025233626 -0.49111723399476559 -0.0032573374654798893 -0.0011321082066842912 -0.50676805367818445 -0.50715513515707167 0.018943951167528131 -0.0036699907577245621
0.49807063122223388 0.0018335836240667555 0.49540223404986133 0.0052756885886140921 0.0012156362193557369 0.49359180515830459 -0.00071470534837495567 0.0010443721710643847 -0.022845554789526764 0.51190845772628102 -0.016215425376545106
0.49686810209188365 0.027304685236914837 0.49327203912723439 -0.0012969120355217933 -0.014066572112750248 0.49799307930558312 -0.0044261697030039543 -0.012138903785365458 -0.022268631150148262 -0.50879336420404064 -0.036456246106503526
0.49362723135980824 0.0040440911764896004 0.49767586241231615 0.00072836290883367507 0.00047814942919761205 -0.50313053224785353 0.0024568282800644437 0.002218383554198072 -0.0020511297808204509 0.50536117505676603 -0.0094002404451910566
0.49801646347588824 0.0089097851087602455 0.49483697339247396 0.0014703890060445766 -0.0022525358874298184 -0.51661719630476788 -0.0049486247034420889 0.0061437585329547012 0.00073598104952481342 -0.48964935420844863 -0.017797688622008877
0.50112967211769488 0.0050173649908021737 -0.49467604158107947 0.00079729299388039542 -0.00080150995578363101 0.4944620665686465 0.0013232090438706845 0.0043880822436608066 -0.014321311175598404 0.50905616301624557 -0.016768872389322075
0.49948601651446883 0.0094116464034087396 -0.51650671408255833 -0.0013780115028184268 -5.8328500535311476e-05 0.4932755870927279 -0.0011460050948296949 0.0032572420581976902 -0.00356095646017149 -0.48926796866607125 -0.030257211693969496
0.50083841083611613 0.0058375806163235211 -0.49231346799862591 0.0047550347735846703 -0.00095353816229682277 -0.50335452386709967 -0.00072365646160465525 0.00038443470721641153 -0.011629644691896592 0.5032163234863799 0.0015406151825938276
0.50199521029670757 -0.015933004770912442 -0.50864538425241779 -0.0032483451562763692 -0.0037256327136931311 -0.50180059958866052 -5.1049694326908805e-05 0.0013919121640674885 -0.010549391195032402 -0.48602213106400671 -0.029458545106739297
-0.49332519128699215 -0.0019158064515699313 0.49003489609678769 0.00458655944623105 0.014627552960836976 0.49758017161774293 -0.0056031370228531337 -0.0003195301988518014 -0.0082661575978291695 0.51765883831108128 -0.024512393341525711
-0.492957051334588 0.057770379820054577 0.49003698587023292 0.0062432221332986036 0.010257691604376069 0.49735086870021172 -0.0023204613413965259 0.0045781987056420365 -0.057436109806599307 -0.50925263968954249 -0.057914543881073012
-0.49618851915032497 0.0031464053298776947 0.49183815246417839 -0.0013270440497057984 0.0061621811996826229 -0.50115083635048052 -0.0045005539416378554 -0.00082133352019747813 -0.022253825479948641 0.50971752539016946 -0.019033472273724577
-0.50742339257022007 0.016888870772112471 0.48870487113110994 0.0011209846662259069 -0.00013594141399319472 -0.51104335624175912 -0.010836820813971505 -0.0037403412478575334 -0.014468949617665629 -0.49147121347683004 -0.01877491907662537
-0.48870275762776472 -0.0014360936031370738 -0.49997862389387049 0.011728213361133662 0.0055255448300445438 0.48892575519931303 -0.0022836126003268273 -0.0032526719491192766 -0.0077732512653322615 0.52073427334167222 -0.027056415331876766
-0.49365875232064571 0.024537910030182297 -0.51437005708509453 0.0035336460695120316 0.01208180240383131 0.49952886271676078 -0.0015797426798356644 -0.0022928229373106075 -0.011502955782394048 -0.48980585872543531 -0.037215325531715783
-0.4920091395891007 -0.001318704392668738 -0.49788552313155093 -0.0030889405188889987 0.002202490387642005 -0.50171507237251134 -0.0022119804898594274 -0.001542812163931491 -0.017224175790909728 0.5078711353214046 0.0081136687730596485
-0.49871146941557665 0.0013462729056265455 -0.50988563937875631 0.0019475246979051581 0.011759375348706264 -0.50347166148605382 -0.0001910433466045645 -0.001658859945240253 -0.015803723328370548 -0.48611763041721445 -0.033361749204785178
0.50049014181762652 0.0083328723639064638 -0.00034873162521226127 0.48961223082705163 -0.0004191839106670704 -0.0033852820255647871 -0.0013806504120130977 0.50319349729281315 0.0053064126304469455 0.50629460376711732 -0.011844889647753236
0.48167579534068156 0.0057759441512975967 -0.0037232736945318713 0.48018250702011972 0.0016103698361281777 -0.0021577400505897225 -0.0065538659290525058 0.48463941325302923 -0.065925511900259318 -0.54183497469122377 -0.06714974124305538
0.50074593445045179 0.0053991630107099609 0.0028041438802870002 0.49631944992021354 0.0057948811079856751 -0.0053876976603438676 -0.0044886671937477045 -0.49459350976499783 -0.013806678685116008 0.50723473729383861 0.026463172831112346
0.50850910253174875 0.0046274754313167573 0.0041467238106817888 0.50907407210741029 0.0085581720780690731 -0.0053045385075428143 -0.00092162507422328781 -0.49969377019686118 0.0017895455033842178 -0.48127757366005902 -0.028214778352058635
0.49623850526035423 0.0095336822254169368 0.0051218236259937353 -0.50008976368372893 0.00030464996602071502 -0.0023797357816067104 -0.0045478899010161274 0.50093028666209183 -0.0044102442434795245 0.50233633176598935 0.014886845313362079
0.5060455924830729 0.022251268158344727 0.01161023419719881 -0.50208609303943375 0.0048066400997593111 0.012114812556512944 -0.0060144659569635744 0.50331672267385197 0.024100742329093573 -0.48668364181079088 -0.014896793239952888
0.50958190564510708 0.015066934377934821 0.00087012895128943033 -0.49235338645336896 -0.0016718075382839734 -0.0033809307644450401 -0.00095978751030525327 -0.48838103567176799 0.013665569165203839 0.50861168455376804 -0.016818988574114409
0.50547209922750114 0.016584075054857698 -0.0093161969654833136 -0.48063342812567261 0.0082885792500349657 -0.00011807847212208165 -0.0033651970504795666 -0.51159548767739771 -0.0019106971339737492 -0.50066555586522865 -0.02545603964549829
-0.49830751836789661 0.0065763130646385457 0.0014186374324972209 0.49499403683162735 0.0051097893147098467 -0.0062849793616854225 -0.00016838386024959663 0.495315427591692 0.027171992841301978 0.51014049866010336 -0.015511369038201364
-0.51072777688119053 0.012648493451717134 0.015187235781808363 0.49650695444936765 8.6578412442080675e-05 -0.0079248340004698832 0.0062621162635108033 0.50652255182849115 -0.0030655757804388807 -0.48482131299562375 -0.022784253284951046
-0.49165802131524461 0.0014139394680570583 0.003155861378779103 0.50368904974013162 0.0074859328881899338 -0.0054427824696108651 -0.0046171848788365182 -0.49362940809249567 -0.019703852788380542 0.5099551513375068 -0.018392943480139479
-0.4966041187717477 0.014756692928804174 0.0030131103931442904 0.50371284863957622 -0.0020044803324065124 0.0057001647424574755 -0.010892812422339434 -0.50612598486654481 0.0097453945540891974 -0.49216854050926412 -0.028059860883049372
-0.49314873771601803 0.00057024770291843859 -0.0029574865548498931 -0.49548040865435883 0.0018926010528872886 -0.0080414664626802922 0.0087611741419046599 0.49712624874261907 -0.015740246420028827 0.51336709111425705 -0.014878747941159601
-0.50279028767681655 0.0063451014925278021 -0.0094230156405927541 -0.50695386209729154 0.01172915768768064 -0.0039877896001259561 0.0070052518304898528 0.49746816625561729 -0.0096794078259312289 -0.4916727715957348 -0.023616179293149291
-0.48860868498180982 -0.0034985944609967393 -0.0037026067469134684 -0.49446538615078128 0.0054041306247548555 -0.0096871568586273087 0.0079860001439687675 -0.50242587991566434 0.007143083075508567 0.51329704472414517 -0.024415548277148341
-0.4818986117895892 0.0058134830857667543 -0.010458552196990538 -0.4800624466922489 0.0001930641432061321 0.00073028794288228476 0.014415695295239714 -0.48762696909572417 -0.073738670646595256 -0.53687528843677301 -0.07422726314574081
0.49575326082279447 0.0027256019757380475 -0.0050044774216865167 -0.0027223159985078384 0.49587261954835399 -0.0046001795082697972 0.49609489639989918 0.0066803765263117251 -0.0099595707679840332 0.51163422331910435 -0.015951740461022088
0.49914868825981956 0.016539799563595331 -0.020172085680405155 0.0045498156940564109 0.50592057243807453 -0.0081945901329019463 0.49562287656643478 -0.0041414346420676085 0.0024526089626259119 -0.49757548016955749 -0.029665977790450979
0.50132515317916282 0.0024589933472994774 -0.0030247273948943295 -0.00016863695522146096 0.50014556478185368 0.0021516436858421231 -0.49395604466540194 0.0037891314893841624 -0.013404359596544893 0.50417236337943283 -0.011457345029808903
0.50088001800910253 0.0055924990466907449 -0.007106841676062914 -0.00072130064096625579 0.50249114619268531 -0.014327467984574408 -0.50396502721212755 -0.0069741586008761364 0.0051842050670368438 -0.49087317097567734 -0.03635302177946878
0.49618174523898712 0.00073647934013131488 -0.00096498914583502155 -0.00097223850081139284 -0.49887573822007603 -0.0091987990652686261 0.49586968859836134 0.0053016365421008869 -0.01271897188835466 0.50858286145469711 -0.010319017256822063
0.50482119184217844 0.013569150032840729 -0.01446700931500319 0.013213557719484077 -0.50702104704234419 -0.0043745129483939403 0.49629281876704001 -0.0068175454838660448 -0.005892544839020953 -0.49065886582621765 -0.019083654685172476
0.49773352475237836 0.0015558130011238765 0.0033490221585901602 0.0040608178467720583 -0.49684995659000714 0.00041791200980640004 -0.49765543043638943 0.0020494700531231065 -0.020464737072030646 0.50708380091384375 -0.012379143570984019
0.49922059018545389 0.021094832982911291 -0.012513207627955292 0.017213361953670295 -0.5098017718739436 -0.0056716722727322231 -0.50664813462697833 -0.0079780689704049626 -0.0024040752019520951 -0.48284361552946237 -0.007155218278075858
-0.49366962798259911 -0.00095973656648056156 -0.0087269385041065031 0.0015085281972422801 0.49723914771860889 -0.0051020307141106764 0.49837686193732511 0.00014800584576889141 -0.012432840372172776 0.50987290439744581 0.020824718012490306
-0.49917793080553924 0.012561879052795741 -0.022414528615436195 0.0026679350284135647 0.51755271938498904 0.0036217555233521454 0.49458287900284137 0.00064782448893051952 0.00090940608570470004 -0.48672919041442247 -0.027592634251036047
-0.49045965259493007 0.0020314692093363934 -0.0068540389696090543 0.003485605979982247 0.5032588872132634 -0.0073069006345678937 -0.49506365847086836 7.9379398300230024e-05 -0.020663928833717603 0.51002788993102355 -0.020486530991484727
-0.49824495246357076 0.025822912937475073 -0.0063771705658541714 0.0001376114609405495 0.49892651679059885 -0.0094441401729380165 -0.49465632781183311 0.0077942089383155983 -0.01272724652786953 -0.50691556411850758 -0.012513674249568105
-0.49670687454285578 -0.00053142233590901743 -0.0031674504043574902 0.0066615826948611392 -0.49188171353817944 -0.0036056491183521309 0.49022461376310145 -0.0050486755784309861 -0.035377065483319092 0.51908261323832572 -0.014933550631561031
-0.50553900772238414 0.016843966258473106 -0.011052793568725298 0.010672144302113233 -0.50064083421849082 -0.0074450244466187504 0.5033467565762898 -0.00022514129101216163 0.0052083309139689801 -0.4893114443608092 -0.020075755234438098
-0.49633505431737662 -0.0007898183989401323 -0.004996068150578843 0.011772460669243558 -0.4877595097055149 0.00040294789840233811 -0.50482055300133077 -0.00096462553702759133 -0.028618863906599266 0.50968824888081499 -0.011487610144147153
-0.48988955188197209 0.019455418654678515 -0.019778462402596668 0.0058192831289685422 -0.49785184998771126 -0.02482398486957579 -0.50042935185996928 -0.012328199980741129 -0.025639247628329306 -0.50779348582814565 -0.040482727965321604
-0.010339316708547293 0.50121216777013644 0.4916692392244747 -0.0024261574201792039 0.0039572474159596379 -0.003927282675488827 0.49393568073736865 0.00020889966787313225 -0.0018222909638486854 0.51272770237252352 -0.00619137660885174
0.0093725845715693142 0.52025402161550172 0.48582690690557817 0.014611654215461435 -0.011099293611979092 -0.0038896559744227778 0.50501525909471745 0.00061242689181199112 -0.0035121045009986916 -0.4873272148608056 -0.018093197326342046
0.0077559770798280763 0.49969833571566857 0.49230856646067611 -0.0018555221559684086 0.0061285599127690327 -0.0031687527403914365 -0.49589338799105859 -0.00022950999144147888 -0.01507699659574447 0.51129913851351794 -0.016069240487847667
0.013484075492540463 0.5008751563863385 0.48857283708361171 -0.0057846845987627746 0.0018948464604760253 -0.015043083356826911 -0.51391601931949804 -0.0055839637954376211 -0.022780939441885702 -0.49494886901064067 -0.018473852051263777
0.00089751722280942826 0.49640756507459954 -0.49821577570504771 0.00094372011532335384 -0.0021074906181691284 -0.0073116904164269624 0.49295984328527487 -0.00035220474788691229 -0.016034364185917339 0.51187466874575638 0.0043200947443865394
-0.00029438023487017632 0.51158877285373139 -0.51079189390882285 -0.0056851896071633407 0.006844765387785735 -0.0026501364795009225 0.49811507070710814 -0.0020844177130104309 -0.017057549582406004 -0.47728803237556172 -0.032626556981151786
0.0050251295640366339 0.49457265706907627 -0.49753285774052602 -0.00056037874765665788 0.0025384143931770722 -0.0047425076845429188 -0.4976047252344894 -0.00099012102155401362 -0.017712097561933527 0.50973680742429228 0.0069041517546304812
0.0031936968892181941 0.50973877387605937 -0.50868731163906034 0.011741420544483509 0.0083817650813738966 -0.00081696058423044065 -0.49973606950761845 -0.00027553290280253004 -0.021006142320703556 -0.47904857936383238 -0.038982109063670618
-0.00028175628246028062 -0.48879200605616713 0.49573133693001997 -0.0043911149640312929 0.003968553724721117 -0.0020755167722140023 0.49457175569879835 0.0040486635716629332 -0.011196445333134025 0.52002591183334557 -0.011111946611020954
-0.0062145807206396451 -0.44584772741387069 0.45032856544890493 -0.0079355528403540383 0.0070977338150048086 -0.007859689005532796 0.45976101037672151 -0.002745361184835766 -0.13603706473323915 -0.59108903020271542 -0.13758703526767924
0.002299703471319125 -0.49028761848067992 0.49206415722155938 0.0091145817850301642 0.0071704943870904156 -0.0040486652597802007 -0.5029176437468561 0.0061192310828472552 -0.023605844677423594 0.51335118589015905 -0.016866152091230536
0.015149085226573442 -0.49573460149834586 0.4852141861868165 0.045656873526699768 0.0071074307857204528 -0.0020673956531959926 -0.51202002767217458 0.022651577261322282 -0.039432286680255731 -0.50110460767955756 -0.033275036579821893
0.0081832182565861888 -0.4936295567005875 -0.50550147046058025 0.004007566484946351 0.00046676467800229286 -0.0076116693110895774 0.49132891099569626 0.0019787341438269549 -0.020915043394334185 0.50872408651895151 -0.0033606057316176823
0.0014370887785845172 -0.48824983979566583 -0.51792185737480301 0.012094592777587225 -0.01393375100001931 0.0098368164703326946 0.49939756971753435 0.0002117813214051388 -0.010908094244451629 -0.49279855662537891 -0.023715087938179887
0.0035957463950576003 -0.49534297719535386 -0.49823695251191047 0.0034561216038199098 0.0046551625080550963 -0.008096009815999828 -0.49871685018088335 -0.00094653086505469628 -0.020336387920943135 0.5069204573306354 -0.013486018845471941
0.0059897532980905284 -0.48439298391598096 -0.51198768814782236 0.013513091740599663 -0.0028711732173942071 0.0031647235710387913 -0.50922630682435888 0.0082746303788168631 0.0065794080341437626 -0.49282928059900705 -0.026294769792425128
0.006181079712269175 0.49697718847207034 -0.0079145483599490588 0.49654219880318667 0.49878204759430306 -0.0061059804709493997 -0.00038514821636513868 0.0060656189678483857 -0.014764981778782287 0.50715575117567557 0.0087154124378246156
0.0007233144676519448 0.51016280172178041 -0.015271923988396816 0.49859818214484575 0.50699980906137632 -0.0043920696805870834 0.0023387819349431679 0.0029477434706951487 -0.020821112845243822 -0.48182782479459169 -0.035016944638993824
0.00042624816305459939 0.50043457378441281 -0.0013312344706735907 0.49589122855285234 -0.49260474316987812 -0.0058127935017742776 -0.0055530221259434019 -0.00031164564387326117 -0.012817497379331652 0.51051893869074882 -0.011710815187307369
-0.0088901188332211542 0.50467510407050975 -0.013714502910312374 0.51063303615176991 -0.49649750851779734 0.00066890450931973255 0.0067285433862055311 0.00028912128021166766 -0.019302459133792364 -0.48649235754817782 -0.026207646835726739
-0.00026478379644410288 0.49556192271649491 -0.0059518293423692272 -0.49724656835761538 0.49708565397102494 -0.0049046310441021668 -0.00012854545460739202 0.00054719857373893563 -0.019382812588837197 0.50948790099144992 0.0075235102781822816
0.010340468755031388 0.50212837711151981 -0.0188552580261836 -0.50138043430938495 0.49958536553366312 -0.0093858364809363218 -0.0029694451128375659 -0.0013636296594375617 -0.026613558046939642 -0.49363644675781315 -0.044190218716383615
-0.0066258987008052418 0.50046507940556573 -0.0013834995804500175 -0.4942052709183824 -0.49461484508032394 -0.010034584470020105 -0.002709034835620665 -0.0040352793218471593 -0.011688416915182891 0.51009507244675845 -0.01217684912754554
0.0213909490250189 0.50731498460182578 -0.0016736651513319107 -0.48968858086628791 -0.49009328430620108 -0.0043730980570837082 -0.0014480300690974611 -0.0064200395610531169 -0.035092024090201061 -0.50888563513607599 -0.043889879267137243
0.0039197264112871407 -0.4926827396223375 -0.0058263842323545501 0.49546327269564067 0.49836159802208846 -0.0071329288591195457 0.0023049558745987142 0.0041570664222673488 0.02144200475213363 0.51222432910520732 -0.021430690713527038
-0.02629065628401988 -0.48292664896174214 -0.0098392625729274708 0.52334508087691212 0.49675245016128189 -0.0018417742724827556 0.0024361390954492843 0.00484634805403719 -0.019827753433249922 -0.49426219370651608 -0.024893808026271898
0.00785301703043703 -0.48962338404561001 -0.0026545990187844975 0.5050980710833386 -0.49175130855161397 -0.0041240981061221489 0.00024396981565293394 0.0014927076632891595 -0.0096212281574150696 0.51284639018821188 -0.011555531402558366
-0.024513349425789192 -0.49070269040636139 -0.016502668790885067 0.50946950822872861 -0.49306519211896055 -0.010703358291972814 -0.0010227043677715714 0.0024212369258432118 -0.026258035343547634 -0.50348605310847205 -0.036823952401726159
6.3053664717935894e-05 -0.49430495619130199 -0.0026428504995505372 -0.49441143977384311 0.50142026063598177 -0.0063530667021763571 0.00034558741140045847 0.0045764868972931888 -0.017312313894176815 0.50912875077795761 -0.014746046727533742
0.012063662758868653 -0.48807566634456445 -0.012985249623458222 -0.52517680221883667 0.49652450736882658 0.00040779437788001461 -0.0071542416771368678 -0.002691980095148914 -0.017631833072656394 -0.48821428592414895 -0.019951654159895676
0.0085375496910806981 -0.49286736552325189 -0.01382053444466696 -0.5052585445563107 -0.48840724969708266 -0.0077891962998339285 0.0018045691309530095 -0.0028808442181171355 -0.0022069718534330944 0.51235769324536307 -0.020062921189330497
0.044254077303899422 -0.48108377827666288 -0.043463192977799027 -0.4991562799835973 -0.49356818261953056 -0.0051743784494800264 -0.0092570806201341341 0.00051279058026802748 -0.064637187146942415 -0.51600410251083351 -0.03732897771693168
-0.0037269586864234656 0.49992245229903909 -0.0049746288587217023 -0.0015962430142145874 0.0023018979768062004 0.48936246347713047 -0.0011220381528348681 0.49525867106039578 -0.0086625861700137963 0.51463179089531663 -0.018764496212826789
0.012291482909657691 0.52028791605710212 -0.026089030180847524 -0.0035123561274665333 0.0081514931636180073 0.4993626388228819 0.0018022019258569744 0.49444275967433976 -0.0070763536547947389 -0.48388218664560001 -0.018920939681057874
0.0041971715052865743 0.49858142686753143 -0.0043314142398859831 0.0041555173286041283 0.0093630556221442826 0.49030028357372069 -0.00041680132923588076 -0.4947866747561675 -0.012139196414854751 0.5151280712192845 -0.023718412470894262
0.0076222865206601554 0.51398030123779515 -0.016875960480481917 0.0091304400193420159 0.0091576046131360903 0.49468092080961595 0.0058553682867157307 -0.50538874161293945 -0.0027037765301412054 -0.48416164178156307 -0.027074735608854653
-0.0029441303439185404 0.49961537554937435 -0.0033778522187381537 8.5956980561351383e-05 0.00012164937196914642 -0.5030239175368979 -0.0022629020365660842 0.49402788652878682 -0.011990223675083581 0.50310834763675105 -0.0009309161812392524
-0.0028422988425253117 0.50758624970726018 -0.0084190375422821019 -0.0022040324642293939 -0.0053659136527272619 -0.50605822226696073 0.0033693422006365898 0.4979828973254623 -0.018370421918487142 -0.48688529360033317 -0.02748790858848274
-0.00033626101627502329 0.49809687605418124 -0.0021717695783175172 0.0038057989997074735 0.0045858520501970935 -0.50103573754231678 -0.0014793561425616416 -0.4960405037096281 -0.010604645377573937 0.50449778908565068 -0.011554239909030366
-0.00046984307809186122 0.50989753271716343 -0.012508152100965451 0.0021710949852180722 0.014948127289774722 -0.5030540549639515 0.0029642499659544653 -0.49904602099566159 -0.014310133870963417 -0.48590150955520306 -0.03457621089675169
0.0028536276529250908 -0.495852777700859 -0.0059823247068772345 0.0073397535417630685 -0.0006464044855461758 0.49200439013159847 0.0029882142027515025 0.49666373104639477 -0.015458231599393645 0.5146417864965539 -0.013585478404958032
-0.020506331412618661 -0.48484607979664468 -0.015927816610035877 -0.0049717832616586787 0.017719374499439212 0.50058266446970823 -0.01472915691175064 0.49702343488530321 -0.033095184211644993 -0.51377170592106558 -0.031976166049933273
0.0085472663979687495 -0.49515007230067465 0.00061417831443100711 0.0042341525079657221 0.0074366908617216057 0.48752757897442145 -0.0096953395972189799 -0.49750716017293128 -0.016218590321320402 0.51797559279629568 -0.028765757520665229
0.021089343204116515 -0.49380176862353525 -0.017611334178968836 0.021465667469812655 0.020832361642317172 0.49819781666625251 -0.022978924500658134 -0.49348139217188458 -0.029929576853663872 -0.50964447892609777 -0.040297360357486579
0.0042813441539887882 -0.49285990550278463 -0.0027817945325865805 0.0026104054006094385 -0.0032740611948101832 -0.49897298729002582 -0.0014948538920822045 0.49554594072572977 -0.024623811010893875 0.51175132252412403 -0.0027762185085310649
0.013073092690818905 -0.49560244765063055 -0.0034267205714409196 -0.011458798728416639 -0.00093618987627117122 -0.50949916245787796 -0.0055237959244176975 0.50698745123046007 0.0025181560841501375 -0.48677799341261713 -0.02116706507322361
0.0036947954102513969 -0.49294976143090458 0.0014768306030430326 0.01012992943292648 -0.00082919314265124367 -0.50236814695243215 -0.0060583447467372807 -0.4944679912767263 -0.018086417204308636 0.50939832531470186 -0.012592529548678
-0.00072347613917638344 -0.49152251710989764 -0.0084863875197526851 -0.005501924326667176 0.0069301547817963629 -0.51554789987453953 -0.013962225815637311 -0.49935438980438474 -0.0091371481850031702 -0.49224016055203251 -0.023054808556240838
0.0012217701032283413 0.0048231644100588771 0.49033593382672613 -0.00023763932873714489 0.49905635743980481 -0.010593468746095092 -0.0022158174492954695 0.49851467833605018 -0.023247282707240191 0.51101045541053569 -0.013508306775165933
-0.0046685086136862624 -0.00046603967588808369 0.49279207633496408 -0.010306418871029671 0.49894272164996967 -0.002749556616121768 -0.017947361709407795 0.5167631898382663 -0.0053290491294884848 -0.48999943828859921 -0.024128511452106798
0.0033163842985566901 0.0037136979393438577 0.49201441625651904 0.00026714451037211092 0.50226923143530411 -0.0073127785524848632 0.0008948743353520398 -0.49158254567087251 -0.02116499995888638 0.51292155511435533 -0.019452926851207399
0.0030544236023091077 0.0059809427824801071 0.48855167147023104 0.0091782677399401113 0.49753836583766003 0.0027310137150250106 -0.023150414892614171 -0.51785895067568333 -0.011710445112223087 -0.49340318143233253 -0.036583741356149779
-0.0005422039306298322 0.0094920478615844565 0.4947107637438426 -0.0010855499835618369 -0.49348905635658252 -0.0049371691269642854 -0.0012092669802368412 0.49593445392272972 -0.010035766063902553 0.51513458527770917 -0.01403787778894154
-0.013006441135464118 0.0096235237437412285 0.48942701373803876 -0.011999705035844431 -0.49535190368370546 0.0029197547792912848 -0.026401792364151782 0.50476043369477308 -0.045313465653074134 -0.50540889721569593 -0.041252618258313015
0.0015104497104212722 0.0064749070317675688 0.49443523807787321 0.0033539324885941829 -0.48780536192560064 -0.0018438770647063135 -0.00077420792374844423 -0.49802352178767323 -0.018581900125922802 0.51821158590398408 -0.024582659929858097
0.018263286211444504 0.026226898637202723 0.48955973001296976 0.018682327192593304 -0.50325639003667733 -0.028983738176087001 0.0046739482711434712 -0.50397608576288033 -0.020563475555650381 -0.50001361985791482 -0.02008917593787464
0.0047431111501813009 -0.00023710863974025928 -0.49957560262849698 -0.0016592832177676218 0.49317773304671741 -0.0046947450971586572 -0.0040537607860710841 0.50060228311375998 -0.021291020377507117 0.5060249629407596 0.0043524942192592403
-0.0048680574036981334 0.016150436034462989 -0.50882653947381828 -0.0011160000892021539 0.50174501126465587 -0.00017152252258088768 -0.0027580895428606037 0.50198369987862723 -0.019881146906795738 -0.48517476861235015 -0.035729943364442497
0.0084765791971259247 -0.00054469662338297697 -0.497675316178319 0.00083167524620864726 0.49740469855650266 -0.008277532618725561 -0.0011384111923223748 -0.49557970565625192 -0.018240641559976581 0.5086841530226428 0.008582425193129864
0.0057183192020551568 0.014280946191672358 -0.50514172166392712 0.0065407396066981417 0.50457880692343193 -0.0011265803839329998 -0.010129973625239614 -0.49908217084632334 -0.021778435820645013 -0.48806031759220447 -0.04570087618651502
-0.0016592380397275805 0.0034296968318237942 -0.49533964150481713 0.00019821625434900689 -0.49854446839082284 -0.0029469807129308607 -0.0041293017277215802 0.49319309115978122 -0.018988361067837384 0.5122081805937958 -0.0097241087409854678
-0.027756791991142581 0.011508016626582627 -0.50328555100735839 0.006735994800570971 -0.48788118404151554 0.00048501939398368319 0.0066831765472053764 0.51211472483508025 -0.014192840378744784 -0.49448417142827272 -0.026550571266785748
0.0096781127954054403 -0.00011210844099026859 -0.49560507076153554 0.0057604574959792829 -0.49238150914854578 -0.0014144045026461263 -0.0034247799074831218 -0.49682109482562831 -0.018227953427638943 0.51414931932985664 -0.016807474621275114
0.01435768408216909 0.005325182656826237 -0.49986322502550035 0.022906791418068569 -0.48574791926871502 -0.0010622273780581297 -0.0034384095278259903 -0.50971698020027201 -0.02740204004557472 -0.50134591400641826 -0.038775575514213366
0.0036755951230127413 0.0095815983294997194 0.00099563825214258987 0.50045288253302422 -0.00068548747104476659 0.49054172314401739 0.49543229176627829 0.004136955699855888 -0.014085670360125311 0.51264310160166604 -0.01836644081218064
0.00059653595125364837 0.011435792909400095 -0.019455051148637895 0.50353435338804753 0.0052236223706806544 0.50015329625979299 0.496913648462188 -0.0010935736652394289 -0.01159972559544172 -0.49831257492588615 -0.019712200373080194
0.0091592671110546902 0.0048004300777460584 -0.0032305467768842123 0.50339457596569936 0.0043675720152433909 0.4912769493474895 -0.4959197012391679 0.0039490172194757821 -0.0098690428416003673 0.50868420367207101 -0.017188648031927056
-0.0079543085001207766 0.026040864350841717 -0.0071147891110857333 0.50269456929053435 0.0060214262997258065 0.50156076890093249 -0.50111588824221864 0.003346311107919611 0.0042918997753762702 -0.49341883692245042 -0.017256575160586721
-0.0031159935760810167 0.0037395675309002201 -0.0029955610880774337 0.49778499954585886 0.0028151119477809435 -0.50336293008452027 0.49307351085503037 0.0020163525207706721 -0.0086854424961338213 0.50554219739656958 -0.0046216638519905109
0.0092246961680010758 0.01747852463627303 -0.024915366993365058 0.49601233405913364 -0.0012388032115681182 -0.49959371877539044 0.50240247447176412 -0.0058997040015494762 0.011361329143715499 -0.49998804881056919 -0.028368909333160691
0.00097661629180239716 0.0020938214983991922 -0.0066175858446239017 0.50273792708159271 0.0034602270343300503 -0.49966034356139649 -0.49723728697555419 0.0065778660857641691 -0.0093359548420756371 0.50015225923013573 -0.0023203270346324077
-0.0013365721348352233 0.01342884256323868 -0.020358847752274679 0.50087537650001934 0.015223333813565651 -0.50684443506816146 -0.49393616323114481 -0.011339722466128034 0.0013562769087337235 -0.49632238814158619 -0.03106361108769564
0.0094213224424309454 0.010224142887022478 -0.0041246300637714436 -0.50119736828510775 -0.004900148253721876 0.48982055025412569 0.4972010216242948 0.0030143432363717824 -0.020163922408219816 0.51058819487407769 -0.017829118076191766
-0.0052342870741168392 0.019275921254335797 -0.017545943791665821 -0.49380136683925263 0.01650979321316633 0.50148975923352235 0.50484120916354369 0.010107996509421084 0.020093179603456184 -0.49799409818478213 -0.017893110912745664
0.0044011189004161079 0.0057068208240867706 -0.0019830867261235192 -0.49812167771479265 -0.0021021412075897718 0.4923715391533891 -0.49284765807231562 -0.0023150248403465924 -0.017216662631966698 0.51529346374305207 -0.025628727715908611
0.013060365516753453 0.013664904515879211 -0.016086860525638364 -0.49031881712133191 0.0035801759947977083 0.48668514187699491 -0.50294799805633761 -0.0089707318287243331 -0.037887344068929865 -0.51474478849747174 -0.051587904047342883
0.0058332407334872553 0.007638772782198198 -0.001367615406042323 -0.49993477838039574 -0.00012561466596415347 -0.50065818330276568 0.49889068175718698 -0.00047537742828090198 -0.0061611156583234296 0.50021484719474196 0.012936233286327203
-0.0014637392721511824 0.0082824832129099416 -0.024091543816086899 -0.50311588922364547 -0.0063220223783816117 -0.51400712748665867 0.49071098954815684 0.006674292578235738 0.010382763595555176 -0.49070591659914886 -0.015428628660612391
0.0062268817800490914 -0.00079290374027404136 -0.0013824676898046007 -0.49323617457405611 0.0069987466812246255 -0.50120699298352933 -0.49705526879823553 -0.00089375068642036511 -0.014049501540155889 0.5078949466497914 -0.014139501214584439
-0.0022994326947567076 0.00070897365683309551 -0.0092128189486884501 -0.49705891701508831 0.0091905886143200041 -0.50489938722545213 -0.50378199719353656 0.0066049165492139067 0.0078868333796112307 -0.4925584492977042 -0.036303650980033922
0.47085374972033828 0.045355934616899157 0.43709673945285921 -0.0064835754326691654 0.01072014757620445 -0.0080301734986378045 0.44477179498141473 0.014530858427033418 -0.12699293439372036 0.11844098933462192 0.59730730376417718
0.49662477018164292 0.0013702334022867226 0.49609346558324852 -0.0020114373005098531 -0.00076704335508764746 -0.0034048969970941552 0.49994114924356403 0.0066795565646957759 -0.016516887604013344 0.019806193577721981 -0.50654332873499974
0.50534502101373069 0.0073913394611025392 0.49778361476910432 0.0047964615539211747 -0.010897977612048257 -0.019933899215076961 -0.51659067144195014 0.01236561900432164 0.018362807318502625 0.0006785268737172543 0.47842202600014039
0.5000164043606673 0.0013168803202968282 0.49741275990783912 0.0026137688387727134 0.00033461421169843846 -0.0061423957620391385 -0.49127876334772919 0.0073279953693759971 -0.0202064138838659 0.016135110450408014 -0.51033378382535777
0.49842806517368121 0.009752084630802996 -0.52265904022331866 -0.00085208662728137121 0.0027224749830430197 -0.0023616035954031182 0.49578039475252356 -0.01793517167994494 0.022031362925416818 -0.014742066115151982 0.48110871287305346
0.49721261037488818 0.00013531451257874937 -0.49400912929415869 -0.0028374085106726153 -0.0047654025953544465 -0.0023118994049936403 0.49769135950953225 0.0064435283254799967 -0.021983952731923728 0.015414639355579971 -0.51013661253479814
0.50602941309503369 0.010506164661889777 -0.51603217237745624 0.019720310044705668 0.0066442994421433586 -0.0091813718653544537 -0.49396584317828346 -0.0052669492016452117 0.020659852632002183 -0.0068830729099750333 0.48219613700375563
0.49950008209735808 0.00039455894256568526 -0.49270969366776396 0.0012317736858930687 -0.0024360974128786335 -0.0047294854053239084 -0.49242228941848182 0.0067207379880677848 -0.021975083521429229 0.019207986887771745 -0.51413045009343328
-0.51376525897815961 0.0030905946465283672 0.49887658646468641 -3.7044684852531137e-05 -0.016982403097691504 -0.02342355768631716 0.50242860835368597 0.0068760516870810858 -0.0072592031128264718 0.016232348007887219 0.48324198927297801
-0.49863832788835366 0.0036584045924694338 0.49369795161004087 0.00091175812775879143 -0.0009356420927111443 5.4681118864409208e-05 0.49597672208418525 -0.0012428918829640739 -0.01079128348720172 0.023263697108788881 -0.51083750044557619
-0.48088829504840941 0.028592814636424276 0.47483941902384114 0.03001994587371375 0.02803338441376866 -0.01778147819639455 -0.47939406567248322 0.0062076776224718961 -0.071677616887268356 0.06908036485164723 0.54834860534587859
-0.49385210159276555 -0.0017831008199017944 0.49584127958661106 0.0042442533934242696 0.0014961796099807374 -0.0042765591537921822 -0.49405053978354363 0.00057541439343910443 -0.015643504531322044 0.012450549478189644 -0.51548404842907913
-0.49733233706522945 0.007009326098143853 -0.52073076423710973 0.012953089584869721 -0.00063704754575807389 -0.012430192643308545 0.49932777856622174 -0.0035737028333421563 0.0077825716964802297 -0.012827975944874795 0.48120895855805867
-0.49288198342444206 -0.0015938323630077334 -0.49631369954988219 0.0010278692594094196 -0.00071536479627092205 -3.4260979835419135e-05 0.49591217900571394 0.00081531084603129903 -0.022507932662417036 0.015076051182485159 -0.51387985361104738
-0.49478497095899215 0.0038785809196654961 -0.51519569243252405 0.027978593072799984 0.017137168505398134 -0.021366617882897544 -0.5060596162353086 -0.002127973142789195 0.0092101101458594136 -0.011199061387195787 0.48156210657492976
-0.49058661351406085 -0.0025411407304854507 -0.49654660090106384 0.0034860525235650029 0.0023655461778256158 -0.0045000791498872109 -0.49485598038055012 0.0022127089910984779 -0.025607672454083009 0.016598624937061719 -0.51662673823286576
0.50926985871511055 0.013266577852552105 -0.027688101705027803 0.50203109942006574 0.0081095561048358817 0.51075046113815914 0.0095152968103372638 0.0001840927117344441 -0.010224081500411434 -0.0084234247991491727 0.47588706014240018
0.49948135879842465 0.0004082330533656701 0.0012177357748107188 0.49707544478539373 -0.0021759761940249025 0.48947422449026035 0.0038422952692337888 0.0080699383347085756 -0.017744167882101064 0.014598732560410381 -0.51306442863741819
0.49953880452262567 0.011103445113444514 -0.013892718641440403 0.50300361214261358 -0.0057063571192074603 -0.5150052591028641 -0.0055908635943875398 -0.0031393904020601375 0.02319245103198609 -0.018660035720882234 0.480564121800586
0.49710216464168955 0.0010679399130584821 0.00036092019701927403 0.49378685349744017 -0.0023793312081926686 -0.50064520482781949 0.0062221226273828523 0.0089573880975388678 -0.022005741625636406 0.014125331894158917 -0.50755167308499294
0.4978100929755872 0.034504839730584685 -0.0025637863200425911 -0.51049154218227011 0.00081048078010785118 0.51420215284489623 -0.0044034351887215252 -0.021464170041994819 0.016599893936722815 -0.024730399367849883 0.47393520536967843
0.49966771143582694 0.0016447237836145101 0.0031757915889477073 -0.49302588923945884 -0.0035556964428897142 0.49283194370323891 3.8068484190918895e-05 0.00247049416926182 -0.017301441761898018 0.010484783406478779 -0.51374460274274991
0.50638083242747034 0.018261791793204796 -0.012101719124915261 -0.50410466292540224 -0.0091271356003298949 -0.50858241047063679 -0.02644127523749408 0.010840533184526767 0.027802280621092509 -0.014841064536395132 0.47794114875897104
0.49517957431053861 -0.001140182631257574 0.0020719020960074074 -0.49702654537240898 -0.0034340811132284764 -0.49727625333144776 0.0027243740963239769 0.003150905172449685 -0.017608838653307562 0.0084477985698161746 -0.50996270219360484
-0.5187998338548947 0.014548051035617226 -0.024601830680289476 0.50065146501709212 -0.0045727914695970215 0.49751422540552942 -0.010505627637776946 -0.0012732900792440552 0.027504938109741913 -0.013842825318898491 0.48039202459138358
-0.49047587056205183 -0.0022381795536906453 -0.0094786231215985822 0.50953357163805624 0.001445955562455757 0.4914999214694159 0.001651696898932491 0.0045360152706789263 -0.015132249290753637 0.010074583164811994 -0.50772636006269423
-0.49697900341832296 0.009144277679415851 -0.014967253817878097 0.51166273801227469 0.0010416116985158944 -0.51290500796600347 0.011313289936962234 -0.020240470526361885 0.010842046192514672 -0.02281325966821288 0.47608526765674336
-0.49299561660193508 -0.0018538713800810036 -0.00098305218209275005 0.49549381273608262 0.001213785247517712 -0.49843980226870632 0.0038841552745406184 0.0044564122473919115 -0.02485341811087351 0.012259132779203014 -0.51204508156992334
-0.49300802528347304 0.04679346174611116 -0.044482881669772587 -0.4847665164735282 0.052128004036713936 0.45707915351423561 -0.011825347683228024 -0.010371720732511887 -0.076368263057195393 0.081866175225227975 0.54162337617487866
-0.49800639151927828 0.0028835352125197462 -0.0021531971313054465 -0.4942000166017258 -0.0010012845123211708 0.49440365897137545 -0.00049068107301641374 -0.0030888309959368147 -0.021687651551106944 0.016713308492890828 -0.5123939650632281
-0.49574593202202438 0.0052058000775581153 -0.0021105536178187933 -0.50359281448527071 -0.011436636184648985 -0.51823596879313805 -0.016677102453315454 -0.0097777463688556304 0.022359797046620118 -0.0063830902571427412 0.48060892923220372
-0.49491914208776611 -0.0025253146547886385 -0.00070866988224386877 -0.49456351211512567 0.00035210934265038249 -0.49568101288128219 0.0015371185253670201 -0.0014216043259145971 -0.014596477815341421 0.01062016174623793 -0.51422278892324536
0.49706431037543142 0.0072273477845701635 -0.01665638964182382 0.0051975933326710673 0.5125069053348551 0.0022969336487755976 -0.025115663127666863 0.50791826585009214 0.026173347951567463 -0.018787428650193495 0.47984581861860726
0.49578015888509158 -0.0012687543165125449 6.2620524027405473e-05 -0.0046736750694122134 0.49277487173938223 -0.0043358146843994723 0.0045379111265580249 0.50189990563330467 -0.017431612221269981 0.011222441059876857 -0.5088995887712463
0.50080140300744547 0.011222641987040611 -0.0088575936227428542 0.0084403101978599987 0.51759919548894273 -0.016077037438477278 -0.0067115540513689185 -0.5023748702947729 0.016633502890192019 -0.018099759134957545 0.47720549345891694
0.50127726891807112 -8.5268752268018803e-05 0.00070740298348536334 0.002406709133416729 0.49316833399649457 -0.0045444991767423972 0.0039531385162885086 -0.48814866238760463 -0.019808675644576904 0.018780040003527496 -0.51616792245308862
0.48986283623446242 0.04334443644682711 -0.021878584188369365 0.0016191588902273574 -0.51177744150748494 -0.007776679288005274 -0.018540809297879952 0.50709593946412967 -0.015641843191187076 -0.002442912171988893 0.48780841782242146
0.49283425601919689 -0.0017709935180664246 0.0025506799568304084 -0.0022901006893352805 -0.50005327475980166 -0.0050039760822783667 0.0017943440551562789 0.49976374353537817 -0.017736842129232055 0.013167122081297838 -0.50672103180765649
0.50421693085195229 0.016260585451389788 -0.015666361649461742 -0.0045474253494298912 -0.50186297538756475 -0.0031539140653741469 -0.0021877800714027134 -0.50449566740424356 -0.0017132168988587368 -0.00018396423549104529 0.4887072119718589
0.49821372664799696 -0.0048903661568355811 0.0018782596588724334 0.0037128592737048723 -0.4969538958289127 -0.0044218008445722941 0.0023432985152586515 -0.49031714157222672 -0.020550372168369462 0.016461664391266742 -0.51346804404413737
-0.49815887962633476 0.015948520106995535 -0.011527973860620374 0.011299762328823355 0.51940690708033732 -0.015746081946440043 0.00062133599734630568 0.50576524153037128 0.028323446629096225 -0.0088019673344089267 0.47393329116003513
-0.4942985476985563 0.00025840742490903238 0.00043048542277138857 -0.002408059386272682 0.49436948845764445 0.00053594836264314182 0.0020335032058096517 0.49640476787258692 -0.015134435202867362 0.017080971860403357 -0.51411941911577597
-0.49703017968101787 0.0019908655050694109 -0.00046451844352635228 0.022136001206775547 0.51373331210624118 -0.027157600411359478 0.0011720603085698153 -0.51166688478734668 0.0052844318924361025 -0.014843645523837974 0.47513654210133699
-0.48880197145738497 -0.0017310698507275986 -0.0019823513114300422 0.0043358480367906597 0.49608179811641157 -0.0023867913525596469 0.0012873787488707769 -0.49360779941387278 -0.027423239737220724 0.019263985244588607 -0.51977938340685959
-0.51204815994239383 -0.014436032582285372 0.0074342376715590339 -0.0093533426182265036 -0.5035373850951792 -0.016000768222450695 -0.0009301803628387848 0.50338200185716586 0.018135076270160682 -0.018366327610951794 0.47915456709952042
-0.49714742793624267 -0.0041477858367566919 -0.00043361446808355496 0.0002467461753953482 -0.49671687510413409 0.00012335434024201249 -0.00050246869896106508 0.49257049886523441 -0.012707115038564925 0.025351764381971287 -0.51251261552991823
-0.49066281214235086 0.058349380420663371 -0.0065604082474318877 0.0039942936337484421 -0.48456119294405697 -0.0022721212699446883 -0.0031654692060083438 -0.49943443971070911 -0.053476841999451748 0.062695414887255441 0.51453511207893554
-0.49186804696826891 -0.0025185659093518724 -0.0021232523149112737 0.0069141001619709543 -0.49492631675734433 -0.0022751940338308374 -0.0017415059328276068 -0.49809587715078923 -0.02000837502157124 0.01181127146953352 -0.51420575240539346
-0.0075513673345610766 0.39689021470225866 0.37476965408280849 -0.01154942975458649 0.40867095850273272 0.027936114641273591 -0.0050575210855856034 -0.0078498852832595625 0.29685715744772312 -0.28858432899013231 0.60212190332694127
0.0028455918584625066 0.49559833696131878 0.49610719090544975 -0.00050673278115320145 0.49460019094130497 -0.0015311579978049574 0.0032032369170001936 0.0043652078621137782 -0.020475909559751315 0.0091164714974746215 -0.51292124867923294
0.0029043631286511874 0.52401734128858457 0.49258652863329361 0.0093562970455941807 -0.50221455948250371 -0.0045917280106659991 -0.021220676829197153 0.010279865111035369 0.0074665884054920129 -0.0111582320240318 0.47926147942414199
0.0045673222241129153 0.49680903812985805 0.4972668355385178 0.002286664341238634 -0.49551073881168906 -0.0013902981754024314 0.0021138758411911114 0.0012008429816060954 -0.025622544822356617 0.0127313868541244 -0.50943404472396803
0.0052759706261637481 0.5096862091471418 -0.51022747748710973 -0.0045683682632473906 0.49887443985033614 -0.0075856737228357689 0.0024091576209754749 -0.0021343827887550775 0.0088037808314743796 0.00087373494194952709 0.48043449583256925
0.0041701157380413106 0.49438099128069357 -0.49417441240754884 -0.001668670872811823 0.49244623321999847 -0.0033450615135001398 0.0027687552289434088 0.0046568738625826483 -0.045012376256012711 0.037758996858644291 -0.51513417753577007
-0.0060529825999883708 0.39586063828384738 -0.39719546509637371 -0.015432396548134702 -0.39693624948285772 0.040856968197214107 -0.0089060212276384325 -0.014083301944932678 0.28981134034653294 -0.28108318617194161 0.60228864753473177
0.0024331470648751223 0.49368656935470395 -0.492834518274744 0.0012477269149018023 -0.49960373836403588 -0.0016778225845321107 0.00063408871098192849 0.00084943883038547511 -0.021738916116318809 0.017768296638209627 -0.51281975866622964
0.0097657573832148053 -0.49592849666027938 0.50362634408699281 -0.00014869311885967669 0.51122546545526926 -0.00030033969840874685 -0.0023665217005527277 0.0040430303070314094 0.0066780468509368904 -0.001306420940382429 0.48877420483962031
0.0029706034399835145 -0.49545519836074015 0.49515691576342735 0.0013077071170087358 0.49371654980447083 -0.00045758815552949877 0.0033055626712094333 0.0039496208069600327 -0.024045985656858965 0.022145184113769274 -0.51427799370941696
-0.012054129647761381 -0.48272028518684085 0.48054004758233865 -0.01015249109201884 -0.48936621038485068 -0.079733478465582944 -0.0052291501675572625 -0.0063825334958754068 -0.082456797537111229 0.086308125839726191 0.52503428609545677
-0.0012683979455052152 -0.49928225181609587 0.49985372234068243 0.0021534358059020035 -0.49797211114629758 -0.00022695101985342219 0.00049720822704804862 0.00022402595499475779 -0.019766543053929182 0.015520077461231232 -0.502244046003408
-0.0077740086811537859 -0.37504863093627611 -0.39992225643287799 0.0044389354257952235 0.40864590011867208 -0.018629651654786358 0.0065611397064795924 -0.0054603763336916458 0.29277224052328571 -0.28340104305251695 0.60487803563277132
0.0049275805822612765 -0.49830159844358385 -0.49733056550324223 -0.00036922563178418231 0.4941273151496916 0.00043387438067185195 0.0050853948796009685 0.005575423144846276 -0.01484119091508985 0.0091076633437235672 -0.5097168423145596
-0.01123323503530071 -0.49444953560929611 -0.51528714333430581 0.0042994638529396129 -0.50697141770687637 -0.010534041988013129 0.013938874618802019 -0.013797033222429683 0.025029719175195867 0.0015529084044426929 0.48136224671356864
0.002290098890601942 -0.49636619199032955 -0.49884563208960364 0.0096042835851282062 -0.4958755088076881 -0.0015651259924622661 0.00023263448088169014 0.0025601486677856345 -0.016585052461910901 0.020847048590616816 -0.50800089590793873
0.0063118582500831825 0.52257426120085149 -0.012774360399349498 0.49519719418805408 0.0092527285943722892 -0.0086136794568500534 0.00076896019386148541 0.4965384274645786 0.01748569985258816 -0.014949807780560339 0.48399669461626282
-0.00071946437550531473 0.49533642589269533 -0.00039474016265903791 0.49203191095597038 -0.0027032825700168623 -0.0043461594888931608 0.004899149982974871 0.50113106826726062 -0.021632363343851255 0.01388160797332119 -0.51059038970599513
0.020939065511633301 0.5164269565233256 -0.011091764059797549 0.50028445883383843 0.014967414042646156 -0.0099832373292481746 0.0023864961003962144 -0.49343370739253012 0.022667104633805318 -0.016778448952917007 0.48770448601967398
0.0049066241345140571 0.49422248276811387 -0.00017356943548524586 0.49870118560687188 -0.00011956397589816613 -0.0045391757013257972 0.0039948440531379662 -0.48973272547576913 -0.025648156672193917 0.016831248787707431 -0.51594701418373812
0.0083412512453835512 0.52246615058863721 -0.0060733181775956034 -0.49484691900919309 0.0083811952208079962 -0.014828866336815445 -0.0056069906632744233 0.4958602556794478 0.020550202133044218 -0.0058224584716772164 0.48517419915208038
-0.0020712614321106095 0.49384419086675829 0.00055736932286919204 -0.49806974393933096 -0.0060259826905267573 -0.0010049862690950594 0.0013314657548624549 0.49482596930409467 -0.023371498077286081 0.015059361298012428 -0.51222553439497953
0.018702243349418824 0.51658211547793287 -0.0093018787711819078 -0.49866350856141806 0.010763470027032743 -0.012490188759219896 0.011962656181495753 -0.51140454114445699 0.023914995816296736 -0.0047274020258702238 0.47063518997140941
0.0029940602376812698 0.49397881892940421 0.0019787671373219518 -0.49140315509944194 -0.00086592938790924247 -0.0014524567379269814 0.0011939008662943229 -0.495319531022479 -0.020672698495438992 0.016821978304525441 -0.51811091823883193
-0.0043284630923664707 -0.44172364309492457 -0.040013223077580033 0.47431559820169716 0.011303128267845479 -0.0030257059969847474 0.0066372731569161831 0.4517625888086193 -0.11107601542281355 0.12571911539261893 0.58810845938054612
0.0023557841889229238 -0.49475016278338196 -0.0047351260951499574 0.49756513466762498 0.0017946567924267919 -0.0048611530326108628 0.0050684973414838169 0.50281932181717814 -0.024335606218338222 0.012045053956637273 -0.50399020361123559
-0.025185042767210054 -0.51404198308386639 -0.0061675149664619892 0.49652322960964523 -0.026813714203458638 -0.020863843979893177 -0.0064821166441713478 -0.51055784108607205 0.0069661359605543141 -0.010603801724508866 0.4759481354289255
0.0065530307458347694 -0.4958744579305569 -0.0025289847235208511 0.5025999094825504 0.0037335969709301701 -0.0048443997255202586 0.004140731555767242 -0.48857009536735402 -0.023122468692116677 0.01180956134416038 -0.51188192875587735
0.01524791298099021 -0.4807592649101986 -0.016099474242579483 -0.50271954434820354 -0.013278797464415097 -0.013281144399979293 0.00102436770234219 0.51356575473849664 0.013303332927132495 -0.018334590932933683 0.50103414264154023
-0.00073558674809021433 -0.49620212541009084 -0.00069471321563039496 -0.49936201181685574 -0.0047530515489540293 0.0018144705557261217 -0.00026388645141232653 0.4931340427823997 -0.030198838096274862 0.0034013009105733614 -0.510185585761464
0.019542597933849191 -0.46552094258815158 -0.035689962753495598 -0.4858841907711125 0.013842210335535662 -0.020582950622823309 0.02138655693229722 -0.48390545815445357 -0.065115636978353292 0.081422650297406585 0.54721502404652145
0.0016665887083374921 -0.497676917486227 -0.0017416207611994422 -0.49174666352890672 -0.0012286620884071192 -0.0015128838102696043 0.0019285993934255547 -0.49678105210932416 -0.011467922160786894 0.0070979432836406342 -0.51333835649874704
-0.022828407341298783 0.51529200368336148 -0.01129614995173342 0.020259989845933673 0.0017616173417945799 0.50755821178126637 0.49981243088697314 -0.00052817246309294825 0.0054556022830805862 0.0068685198031453515 0.47529655766463047
0.0029760353375265919 0.49510802848623375 0.00071256562263974301 0.0006818730057013059 -0.0015251073834391894 0.49397319083558633 0.49645651255884138 0.002152027439083859 -0.022083995256121054 0.013021913787627322 -0.51353227576795024
0.0090024226514433849 0.51291746892190637 0.0070644924529875445 0.019543143666154613 0.0030464485217539085 0.5049834628643316 -0.49925484525051422 0.0016802507267900757 0.0055580693519591889 0.019617474976113099 0.48136394248026987
-0.0018297001590590492 0.49544145782334936 0.00080948463846966404 0.0041293823396035823 -0.00060487236443879425 0.49160917947878469 -0.49363155957454413 0.0021384018944967434 -0.023560853195802148 0.019469183018541288 -0.51790530362562615
-0.020947608826197353 0.51254554265225205 -0.021920830307370992 -0.0038924803968305678 0.0018014175518614804 -0.51104515636450842 0.49488776752860686 -0.0038088690096944886 0.025423188389268766 -0.0095323565167837517 0.47908932254510445
-0.00049050267267165013 0.49411299296437644 -0.00038946032600516975 -0.0030467440308522189 -0.0033154123979238616 -0.49722123254917527 0.49890794347601852 0.0028918630522472492 -0.025959832080778591 0.021008370450107991 -0.50849775393729657
0.0079292654084931538 0.5120372434511633 -0.019821826048865735 0.0090784930280443255 -0.0063402005897055837 -0.50928470811725202 -0.50008697714885031 -0.00052261773489700573 0.013048132067752566 -0.014978442530936687 0.47685080145216291
0.0009500288416068529 0.49411551128559439 0.0010749971481604007 0.00025721643997159681 -0.002323389339789842 -0.49889934801154817 -0.49119628381528241 0.0033541970111491529 -0.027462777674886824 0.01670245736196696 -0.5144157496398768
-0.071733306095603633 -0.49594500036142353 0.00090673699250078186 0.00015656622343784135 0.010042638453493935 0.50999596664517988 0.49900113863793749 -0.01657179324814078 -0.039275137961863708 0.050303296941631812 0.4851242967613032
-0.0017421248378076042 -0.49494861367523979 -0.00046183052321132538 0.0074936106211691356 0.00096828465656293371 0.49976280655562089 0.49808796558509394 0.0041287088199347373 -0.025206095792603238 0.014816504928469375 -0.50620067479438247
0.057247522439507696 -0.48864772915792815 -0.0024794647231418947 -0.0053534542899383664 0.024435829765197085 0.50389850945687586 -0.50078493818842973 -0.0067349849830594189 -0.044219859416209206 0.052006597070315352 0.49790510811928884
0.0045603134836252656 -0.49460177015306878 0.0014819444353518104 0.0060074864041453277 -0.00022630080500226529 0.4914864222356608 -0.49854040001821109 0.0069175758967468899 -0.013747449206796018 0.017006801155438029 -0.51447297795343228
0.016786360530798159 -0.49268088668795512 -0.013762949523633109 0.019993249147732022 0.015552930224000823 -0.5021093584854569 0.52225068342673175 -0.0030652807802129885 0.017910098657501861 -0.016366665427857027 0.48030729749515449
0.0014620940595305792 -0.49596584765230622 -0.00056182883385107901 -0.0013687482243127805 0.00024432674214372181 -0.49708649415387235 0.49842385636415798 0.0041283607226972182 -0.016875694390314677 0.027437239244092491 -0.50738302458866036
0.011870221118843718 -0.50056587426461385 -0.023417790285646809 0.022352373997585804 0.020723000724215082 -0.50794939593680166 -0.51260014119077846 0.0045331200404996625 0.019771331759751758 -0.016109427486145959 0.47578669287395126
0.0038507454288587376 -0.496443801647586 0.00082685173041803191 0.0021964458130612659 0.0012508612971064998 -0.49893193126888691 -0.49161377425123404 0.0058760468519525278 -0.016756950156550456 0.014864752772838876 -0.51221889031932288
-0.0036957596285566792 0.0037232479599612132 0.49199437766961568 -0.057308244684209891 0.023257738893830582 0.5160268308290008 -0.019006480341328225 0.49771439816206359 -0.042997874848720342 0.038770032990025599 0.48618140907677515
0.0025732738180535685 -0.00069501953187029375 0.49579773687487 -0.0014693967636586073 -0.0012410305928768036 0.49276446258539935 -0.001079932311719352 0.50124128238473598 -0.02731687750177134 0.020096306192270676 -0.50888399631850578
-0.0044055347923055346 0.00025094157383753432 0.48938000315966307 0.063964180240523999 0.01235794517092639 0.50135360942205254 -0.0036523688816662019 -0.5001737995340414 -0.050685875064934723 0.057012956762789377 0.49888020530690297
0.00078006142342935513 -0.00098766793715143069 0.49573208157113974 0.0099192575430619313 -0.00019423193242437377 0.49558862822778932 0.0013003053150937853 -0.49166499349327625 -0.012425154912576657 0.014878971253498042 -0.51616826385549475
0.0019202786528448772 0.012236696666024789 0.48247280180317953 0.03106521465081194 0.012701747572000537 -0.51745075996552992 -0.0041247242245814018 0.50992355635146702 0.027679971880117837 -0.012142344114598013 0.48706492003352331
-0.0024022216801894538 -0.00037191157679969286 0.49552883991708974 -0.003474012958066524 -0.00058659260724640153 -0.49728043124776983 0.0048225618042469142 0.49849815294391675 -0.035071592343912335 0.011138874871186864 -0.50721520378487062
0.0063632468719258288 0.014276481027092532 0.48750168062804511 -0.024135424915502388 0.018212678027484826 -0.5179813525397553 -0.0014942387922545245 -0.51714356208715095 0.016221275073929356 -0.013161649593503005 0.47434464818848876
0.0023189863804473666 -0.0014513971618383297 0.49583621890665991 0.0032983504891440137 0.0001904443760758816 -0.49767434345638267 0.0049837856713018103 -0.49148611743281867 -0.020889484565780589 0.01161676357049346 -0.51409486550534733
0.015089668968321111 0.011520774542369227 -0.51434553074185796 -0.018347235779350962 0.0026715086914102792 0.50907948719264062 -0.010427475405446531 0.4992771622050024 0.0091849058740097883 0.0038785126458723315 0.47549631339414522
0.001409208340320516 -8.6990794285243496e-06 -0.4942992967582453 -0.0010241639280037162 -0.0024289140714602877 0.49354981872761206 0.00041886680840306042 0.49774164071314586 -0.019514344614907732 0.018514808594607336 -0.51341729913087786
0.0048431888634543931 -0.0038949493275173331 -0.50523727365354321 0.020047145328198818 -0.0094020968045391094 0.50435292711935298 -0.0074528202630914243 -0.51374709136130858 -0.0081499201632473286 0.015342326440741096 0.47491165605526264
0.0072374695573999837 -0.00036155768275419854 -0.49427751178472945 0.0042245882624280572 -0.0008996997881831713 0.49256611863405553 0.0012143474805361102 -0.49232800631562701 -0.025281639968899806 0.018247420916524464 -0.51926555989231982
-0.0016742994919544804 0.016785862212428643 -0.51341526357140621 -0.015590757324022545 0.0064556537237672618 -0.51005339513051617 -0.0018817402061260019 0.49178349765336787 0.016509882126576361 -0.01544528022049833 0.48302722823924665
0.00031205838810874603 -8.2597000142967854e-05 -0.49455684761319035 -0.0044252725571131482 -0.0030538228218418536 -0.49846935927890057 0.0033161673014484691 0.49919078415415025 -0.029346585421655535 0.019878225686309495 -0.5064128823232078
0.0057672032579357034 0.022497002206528109 -0.51708584342076447 0.015339457416049883 0.003448172418593509 -0.5084608953996087 -0.0045296631816082048 -0.49821770070250498 0.016442752117196421 -0.0082421126294318758 0.47405009454181662
0.0050436725492341121 -0.0012748146011327894 -0.49542591753617926 0.0013389724432119547 -0.0010125913550110936 -0.49823070185343843 0.0029159689227116017 -0.490885848958863 -0.025400238488529268 0.019523272030028675 -0.51408724565165342
0.0078356484388830572 0.016908076025271519 -0.0069176805253795166 0.50173155396924174 0.51227303816596004 -0.003727442565715815 0.50682794116444552 -0.015142096970662272 0.019944368630271204 -0.013721472808895742 0.47722411073288762
0.0030349428292213024 0.0017339731552106017 0.00017145743130457796 0.4932382627019663 0.49486843836840383 -0.003927567134563467 0.49989574108031209 0.0070523547750255761 -0.018490250247000514 0.015340586582490053 -0.51114661456615151
0.015096377176293651 0.011854724294840961 -0.022027698764351577 0.50965635183748004 0.5116010242350113 -0.0051865764237038082 -0.50389804410351557 -0.0060934127055727611 0.024318494707400364 -0.016841402037783268 0.47202632269441236
0.0061432153362677294 0.0015750400168893211 0.00054673658049335123 0.4970460710084374 0.49539603703634483 -0.0057473774018139854 -0.49032309085228176 0.0080464099935989714 -0.024876626688618758 0.015509453474908811 -0.51586194939240737
0.010242089449631236 0.024319649926288458 -0.036866459268656407 0.49787529628066385 -0.50156571146243556 -0.013915078688626176 0.50009197770290681 -0.024133353069918855 -0.008444118553378014 0.023548471879263157 0.49699363866822138
0.00042248802928541616 -0.00075548723687494761 0.0014040883867043757 0.49495129887466321 -0.49599157521002829 -0.002637968567255046 0.49908970560162708 0.0044485486357168594 -0.018263330107168307 0.0120280271225319 -0.5093302886908968
0.0024002606221218388 0.0086676087919131881 0.00071065381876352855 0.50250173774455986 -0.50771391135919086 -0.0062940367627993613 -0.49896639812422822 -0.014689473434489521 -0.0053957737725094674 0.017658265046632739 0.48997285982929123
0.0026449835391647064 0.0012316074990221003 0.0016954275493670562 0.50033815688440053 -0.49470473943104581 -0.0040642397765212109 -0.4934903511161608 0.0054570268275900037 -0.021271646162451911 0.016365848986425877 -0.5105078006313285
0.0069524561451240526 0.016912012620820777 -0.017365224832805809 -0.50229176846800583 0.51235256650431193 -0.013255570477634702 0.5086346177752995 0.0037915731963217686 0.019471014748707861 -0.021321409706579576 0.47416130121748817
0.001134927282221257 -0.0023974790416863741 -0.00076284306231217888 -0.49683126191263799 0.49212898580864173 0.001936489724924564 0.49633460884986619 0.00034288304783223268 -0.020054367994362068 0.011601897197127797 -0.5138788256198239
0.019479900449029624 -0.0077856592016063457 0.018226816528469348 -0.4959967584455689 0.50193030579048181 -0.022989651623633631 -0.52050382138664475 -0.0035652347137348178 0.011419728980682503 -0.0047747583497421949 0.47923085491583312
0.0038099123907852405 -0.00038745803147173746 0.0019441320304537314 -0.49304346724302783 0.49317752125284142 -0.0019852572603956042 -0.49429508630149926 0.0010501481563862257 -0.02237736207527799 0.017356430084544402 -0.51819972822870008
-0.0047844304377728797 0.014263559945913759 -0.0012377393093373878 -0.50549399617064328 -0.50638282355882736 0.00020466926608033457 0.49387566162772184 0.0057336955517538236 0.010238412034988367 0.0041166075272850416 0.49371705063076377
1.5877051665873938e-05 -0.0019925427580836002 0.00053244689819262705 -0.4982045373980904 -0.49884634779129439 -0.00014985087013463805 0.49518347015511882 -0.0033583990139969496 -0.025496595351705686 0.0039133204168609118 -0.50700783560761575
-0.0030721108151028726 0.0076356776522163751 -0.056335955105845305 -0.4875662734440685 -0.48429063478476464 -0.002623911575872859 -0.49964061704737711 -5.4683875498127286e-06 -0.056248056302287346 0.058150762034707648 0.51798382472383175
-0.00024724539656231998 -0.0036457115314848265 2.9973323557267156e-05 -0.48972389662973431 -0.49902662771436074 -0.0033372317933248767 -0.4983960026852674 -0.0027826864773189824 -0.015789621006367802 0.014444906158536639 -0.51210756024724458
0.50928384753799749 0.48969044699100961 0.0087021575777403559 0.030115134119949614 -0.0092777197992187886 -0.016427908426919137 -0.028512236728946216 0.0092077818966892419 0.4394923417867227 0.30410452863819504 0.46148002549940509
0.49859772358459925 0.49210547604838845 0.0040714597084127585 0.0016414108349168887 -0.0078277711909489536 0.0099937975869188699 -0.0072632520905325827 -0.0088568832586815877 -0.45913983131276037 -0.24620851888605635 -0.48733240277224349
0.52134708401815399 0.50076210983855096 0.0012219750816854439 0.0083528668453900466 0.0096378019058247066 -0.003900268713776626 -0.0050417511605916629 -0.0059428573808477346 0.46531826768357898 -0.46516086235797555 -0.21047258607306016
0.49583597572742527 0.49578222320712584 -0.00050363109224865711 -0.007371479047604242 -0.018826781545136711 0.0092085306816185961 0.0039139687503798731 -0.0064916578371973467 -0.48900629602063295 0.487208637836062 0.1769066424281425
0.49728557407278084 0.49276278925243322 0.00073751211561129534 -0.0023174296636032615 -0.0065015212881642508 0.0090849697422621094 -0.005262853926833436 -0.0093623695808030729 0.23952578577682879 0.45533696973776017 -0.49491560980739563
0.50837786502281268 0.48977393388894724 -0.013489340304141048 0.037597001412390502 0.011662036139442089 -0.0088757266862964628 -0.033493245496532077 0.0067747390308518845 -0.29714651070082521 -0.43638357358403107 0.46900831006619526
0.50104199318664955 -0.49676368835709295 -0.0019579230314407938 0.026461043337081137 0.0050485058252491086 -0.043854399052512649 -0.0009979778568075979 -0.063844322939397222 0.43654559676200999 0.29985413933894683 0.46364683383649391
0.49852922522953441 -0.49748775879184687 -0.009181355093097171 0.0068475221304326091 0.0058682555154919765 0.0061554469789223401 -0.0073388017892366203 0.016627625953229929 -0.46001485238612894 -0.2455885585829688 -0.48115827871303773
0.49159651990900738 -0.50630260078513478 -0.035157674843924749 -0.015634168024187281 0.040892063339677286 -0.014448751770858336 -0.0075445287745299064 -0.042111485759086138 0.46973582652042828 -0.46902573124489955 -0.23698510720190771
0.49499183926304463 -0.4942697307207139 0.00073723338468043942 -0.0085509715989815771 -0.023324621349704852 0.013987278521274042 0.0030995415549228884 0.0026229756905683829 -0.48963288060974253 0.48596688972908503 0.1842457732483799
0.49900395392343061 -0.49676193588927092 -0.0028435048180154719 0.0011103956054812421 0.0027888934484765495 -0.0010703983115194239 -0.0091291927751148451 0.021630250375925607 0.23816816689839582 0.45634902903173669 -0.48854341560301734
0.50190109719902942 -0.49672353497426636 0.0036181004788095562 0.021093527715101461 0.010398335490795704 -0.050853925360242538 -0.0071983646917902913 -0.05702063203996581 -0.28966051029079476 -0.4350592554343749 0.47087769948416885
-0.52746821295212032 0.47022941934667833 0.0009334123097070726 0.011642866594540254 -0.0043961116352428959 -0.039094316518638768 0.017045417619058461 0.024641578434670484 0.44120371855137802 0.30059733636040931 0.46158447220767557
-0.49127224695410887 0.50166235091814149 0.0052799645520012596 -0.00086889738317742868 -0.0077042348331935037 0.0088066617855210739 0.0037194710215667295 0.0088589601088631953 -0.45538450346239501 -0.25024458462706317 -0.48655031162428392
-0.52394785471468408 0.48636704326508406 -0.0014265615279284206 -0.022068695027553282 -0.0027566758410902904 0.00083486307414129828 -0.005978302704900967 0.0017875658375005948 0.47164032062104666 -0.46815908419198637 -0.21626819111359072
-0.49405854996547988 0.50445302083711019 -0.005365512628804579 -0.0048431340367954675 -0.0037464410559935805 0.016374779157105088 -0.0049480287394688197 -0.0035826601893406791 -0.48588974537253216 0.48311626503940874 0.17768341633920756
-0.49262415098120216 0.50010701150922843 -0.003241348942496669 -0.0024203890392331191 -0.006633837824535257 0.011628439715130421 0.0080701189336919287 0.0049376895512459711 0.24140157211198376 0.45310375545012233 -0.49330679100327529
-0.52848139137072103 0.46918929717917224 0.0083113729914504192 -0.010610400240031152 -0.011797822537572222 -0.036322006552225179 0.019756382856206605 0.023603208049050233 -0.29172298605829239 -0.43942477890300191 0.46881214051475906
-0.47959438219090389 -0.5167580451130892 0.04019286820640134 -0.013092153571777912 0.0053734928403061646 -0.063368474742600836 0.010938577480183998 0.056372962598911794 0.43743061968608882 0.2949353069092483 0.46420803152836004
-0.49090338057707583 -0.50631144321842048 -0.014946878460786813 -0.0027303706518324992 0.0053427936049923672 0.0054880950695063288 0.0069438072027334348 -0.014081286760899713 -0.45548923633759147 -0.25187118076011727 -0.48085031918597521
-0.4977797327898269 -0.50340845727694361 -0.032326664780976233 0.021693625127207024 0.026505960124801019 -0.033711730269806423 0.020013103086008933 0.029959713863635121 0.47261221232200851 -0.47004720409758932 -0.22323934105127416
-0.49478573983212831 -0.5026522762466491 -0.0053449808463328788 -0.00075223493055979356 -0.0057702959895309979 0.022464681727935826 -0.007213445149831077 -0.0040926084285170233 -0.48592089253710224 0.48174574711227053 0.1835587263650538
-0.49015692125312205 -0.50869684511241198 0.0036273074044863192 0.011547509915327398 0.0022728982782303803 0.0082455266747037508 0.011241729570878921 -0.011945698001681321 0.24125264233017618 0.45275403631867495 -0.48713029487060822
-0.48049528421327126 -0.5181798619537612 0.041322428878682572 0.00061015764756025841 0.0054089479905464147 -0.057442427186036059 0.0082200687436006902 0.055349915800549883 -0.28349162792721222 -0.43716691674935421 0.47006755793181221
-0.012188368768420024 0.0037682630940845778 0.50497862776669789 0.49879291438470769 0.0050881050884908751 -0.046125938486481242 0.0026324747622759391 -0.055593366641114118 0.43571475517047981 0.29377440127999449 0.46329004721155348
-0.013715363066816814 -0.0091370033041729068 0.49732366851625393 0.49797303760439793 0.010127531274880194 0.0029462529517523045 -0.00031469257635515922 0.017618285457589086 -0.45856893315185693 -0.2480435124278226 -0.48185851213766423
-0.011489688835342508 0.044796267274677573 0.49570176401293098 0.4991783114437906 0.04051981172526712 -0.012699737875403997 -0.041599781714786226 -0.012442471604314786 0.47102391581990694 -0.47048162505804714 -0.23676374683012677
-0.0077556521854755534 0.0038683268628311135 0.49378442507108328 0.4979032539536199 -0.011301380509873366 0.020459556456189031 -0.0050931464418606598 0.017237254424755086 -0.48894949481511946 0.48463722336059767 0.18270181358391541
0.0026754347614386465 0.0064929710036411448 0.49512244691315266 0.50162435050665033 0.007920387988084544 0.010766383595604169 -0.0059919365398039661 0.01681366481859287 0.23782811577256635 0.45533155582467949 -0.48866263244339236
-0.0019423633096387304 0.0068806246607971905 0.50261964318772101 0.50018968940789021 0.0024086721923326166 -0.043183217437462687 -0.0055575119974243491 -0.058186277657144465 -0.28499461343727017 -0.43510791017113692 0.4704303446016283
0.047292147698678857 -0.01409629646303831 0.51614359291998102 -0.48374715347295905 -0.020794239549048108 -0.029412537348993479 0.0025977198399964128 0.04487473895284292 0.43723700035299307 0.29175750963765806 0.46640390562547956
0.00069317974593025911 0.0058862434597252824 0.50457857181546406 -0.49340168501703918 -0.0085576620070009109 0.016404775611919969 0.011208702809833906 -0.014006734279805663 -0.45639799799813291 -0.25072146815190693 -0.47968276255465592
0.019886698937601175 0.026323291461745623 0.50667492711569195 -0.48562980387211391 0.019365056141864356 -0.026653157050306766 0.047563379599946047 0.0098982828405546376 0.47391003137342319 -0.47271345988509661 -0.23422518032919007
-0.016042669883780621 -0.0014124145935590145 0.49879311769070006 -0.49643692066596629 -0.0056098806041517237 0.020909089541706311 -0.0017039596558453812 -0.013027873439207265 -0.48665550710933381 0.48274174403236447 0.18434202882179657
-0.0073538821572692687 0.0068355952228392599 0.5108728662679658 -0.48923814623133172 -0.012079561935689787 0.009325927408167135 -0.0045185308130062316 -0.0024715135104549325 0.24033370486087147 0.45236748224185763 -0.48672179211346089
0.035149899753779655 -0.015166603696415114 0.51765453055100896 -0.48261367825460888 -0.019825401263005773 -0.042680266789437121 -0.005611860355447011 0.05083723547203698 -0.28254911626577905 -0.43609207856039023 0.47202903508147398
-0.021110989074130022 -0.01082664353337703 -0.48323306007212807 0.51305010956663877 -0.026831662146550823 -0.0095098557123322238 -0.01940893981254177 -0.038754303584507988 0.4410280661928595 0.30609270096181074 0.46023366833056356
-0.0028627094370849756 0.0065773484083997066 -0.49247700599029892 0.49774879079020246 0.0023294199329903531 -0.0046322139719289232 -0.0026208226377846316 0.0048152103498919048 -0.45826822507477633 -0.24724370097190379 -0.48832871190554356
0.016018541759521217 -0.0065669534396074888 -0.49546916498038346 0.52153340224932032 -0.0051601252536735854 0.0073622678603475315 -0.009236500735155492 -0.0098116066022005295 0.4682589399813385 -0.46408534879033886 -0.21750733792078225
0.0086263327032048628 0.0043611888280596046 -0.49606233252298421 0.4983460046768825 -0.012550154756547574 0.016253765653427968 -0.00024571900603073373 0.0022836610800094212 -0.48761258096698057 0.4863224515370656 0.17543507498831204
0.00057513552605198567 0.00036777996302005838 -0.49466237719454054 0.49307203892259738 0.0092048933250956817 0.0037535420712695288 0.0050537493309331166 -0.0028804219346022278 0.23991789210390013 0.45768841647947672 -0.49499160911563567
-0.013965152931995475 -0.01949743986561954 -0.4845139876278452 0.51314305762249202 -0.033454725995665194 0.0055391085447878494 -0.024367654735142436 -0.030655261671754825 -0.29668283286664787 -0.43833593124401882 0.46745342284698843
0.031065338863829464 0.028253821315638087 -0.46769019122715971 -0.52547968054311944 0.03763458816259517 0.010780167242532912 -0.027382905939874785 -0.0045636970504180484 0.44115530643353051 0.30681227571875291 0.46078048422425205
0.0054675432162373397 0.00056934459502573339 -0.50141679989201871 -0.49204716443999452 -0.016677410722132937 0.0070856585264783903 -0.0011616356878522969 0.006315689049962654 -0.45640326785710095 -0.24836278675965673 -0.485883695859472
-0.019591805636226849 -0.0047094684270355472 -0.494417828913361 -0.51872188304654687 0.0079229127338977939 -0.0034121450559371539 -0.0062507428352682323 -0.00082809250020263691 0.46964893158565602 -0.46890763163242688 -0.21333996769090643
-0.0054785652977014212 -0.001481688296059853 -0.50400899606457072 -0.49161384159874405 -0.011768222648445915 0.014254122381369229 0.0010673403023278918 -0.004646556271040032 -0.48714520109440052 0.4841792157945316 0.17931589954658672
-0.013526349333385732 -0.013761985670425017 -0.4956553972281183 -0.49659961182008877 -0.0085570275815752914 0.0020632332896057502 0.0052709046852940956 0.010945003739134007 0.2423761808651681 0.45253436649427425 -0.49354186981252424
0.020712606182974137 0.02595011234335149 -0.46588091891970979 -0.52944799223891625 0.034942990840791451 -0.0025528933012958928 -0.016760154764021668 -0.012502301669542257 -0.29545520119766716 -0.4392618885029505 0.46864469451962576
0.0044811394561937281 -0.013971908140318788 -0.015682944932657445 0.038156856282467122 0.46641089303914351 0.5302641144543655 0.0078141327549649652 -0.032511778652204108 0.43019666224049735 0.31390784336727778 0.463290701129566
-0.0015523830747670667 0.002094393234885192 -0.0010719718257586046 -0.004217745695124603 0.48972311572704197 0.50202115400283387 -0.0042124303948592699 0.012579664801633916 -0.44563846906766796 -0.25968692051869019 -0.49184688841129776
-0.00036349987339544205 0.017576617637308709 -0.016871532950107009 0.0043332512779628843 0.51220262232947933 0.49243113791007287 -0.0079323838311006287 0.00066879509522172918 0.48043533440955632 -0.48131383174146064 -0.17889401222498302
0.0028548043642087685 0.0043620576494141907 -0.0026210294680737794 0.00083157952748103188 0.48592380678428748 0.50920780136314336 0.0017764449281137053 0.0087713202492832338 -0.49308534108344115 0.4864401828568059 0.15720506783074051
0.00088856893955749036 -0.0018747399246673165 0.0022976868980646636 -0.012531165820206507 0.49027845066903902 0.50080740865899809 -0.0054266791728822287 0.012275475656092796 0.24837930658990975 0.44642112972450798 -0.49748178398748066
-0.028629088720081953 -0.014828319197484646 -0.0158223129581723 0.024565976538167028 0.46654005505529367 0.52522421657496488 0.0126446710843632 -0.042379894398644119 -0.3085597079855435 -0.4316481284498403 0.47021422718585126
0.0097764600687360141 0.017121935755395432 0.014741641143566497 -0.020448348848399217 0.4967887535502698 -0.51891483073544387 -0.03027648424213222 -0.0042817159437144349 0.41784563138190045 0.31391127049050527 0.45698346357791425
-0.00053502530017037386 0.0056418350623740924 0.002884699262027677 -0.01706071628813681 0.48872741167705119 -0.48685327546067741 0.0042247463368429812 -0.0036127683613455248 -0.47877708933468838 -0.22987524092650552 -0.4916165893498326
0.0009035847173552874 0.0030604034832524738 -0.00051797283897479795 -0.0021406259862501087 0.51686409688940715 -0.51413812231168221 -0.00045687771275597681 0.0011807584852564985 0.45248372075350862 -0.45241077441516181 -0.24306343645334294
0.00017343939661832979 -0.0035348913263667492 0.00038056609223192478 0.00071228221274935574 0.47597333527407254 -0.4804079096266482 0.0013287620464104415 -0.0011673039810772971 -0.50834894852598655 0.50502584024360664 0.17079685527964997
-0.0028709233710747721 0.0063366359439911103 0.0090232710983583295 -0.010714045231835473 0.48877002486779975 -0.48830598035901318 -0.0016040800875289541 -0.0051694044491132109 0.22015525294578869 0.4746176325085979 -0.49865519017728432
0.0010409437011096351 0.019362703111344266 0.011853058446735787 -0.011508419928981196 0.49620371810668856 -0.52201075747937375 -0.02850729396511812 -0.0020006369301651537 -0.30300902278819891 -0.41624462252796146 0.46340800664392257
-0.00070590359441614729 -0.069537348736134805 0.044772988434006511 0.030938704150888997 -0.51294913212799698 0.46558823366486385 -0.00085584047722197176 0.060365502993014783 0.45654003974929735 0.28539382144399789 0.4677497747917822
-0.00092419516799074723 0.0047610136628360522 0.00055115220333578989 0.0015892915659337793 -0.51918806753924451 0.49019364827744971 -0.012021892698928971 -0.0055995189065215778 -0.43540757134560248 -0.27025577148341878 -0.47679531351288146
0.012614904585712412 0.020847006375424294 0.017785370829105706 0.021181448123969777 -0.48843544817148826 0.48582808700091162 0.03428000836067964 0.0085075194451318861 0.49040301994489088 -0.48818775171023898 -0.20969806018794371
0.0024282168340086486 0.0055738636614769228 -0.00073073503247985457 -0.013579453928366939 -0.50208143890803236 0.52080073161374363 -0.0044271758430482287 -0.024974960584722337 -0.4680403044539998 0.4663162624245149 0.19824983021865047
-0.00044180870813116576 0.0055778541762970067 -0.001595960659465253 -0.012173293469357258 -0.51510263612787377 0.49510750704959339 0.010551075607862552 -0.013180261201950063 0.26067413646660981 0.43331360692336068 -0.48307251531359974
0.0044594038516169825 -0.070311103774265277 0.046527150037376327 0.017130207208624928 -0.51397625969901006 0.4632193419630482 0.051273297427117143 0.020462960523496908 -0.27743846351140411 -0.4552930243361879 0.47594428831919089
0.011643978507541909 0.004410296304313127 0.0011083996783262174 0.0084310567856266273 -0.4966532955604176 -0.52244876021544218 0.00480155890791489 0.019410259495012201 0.44739185006190374 0.26105671805857356 0.45983210202642671
0.0078372851015071111 0.0052438570182897545 -0.0055296995145431467 0.0020626265142575911 -0.50010530280867416 -0.49922388821302649 0.0092014239092166189 0.0063066303768740074 -0.44656015134380722 -0.25682320680487708 -0.48481736184943991
0.0028236166289313889 0.021818871698042114 -0.028277209084177454 0.0049594079863931493 -0.49167768743323648 -0.50290775272623178 0.011326642756649874 -0.0095411513238503592 0.48645341943029669 -0.47277876458291751 -0.20893203620615097
0.0079850175113109368 0.0010859089128387872 -4.5642349559853924e-05 0.010961033502016463 -0.51292053788337877 -0.49985216692778311 -0.0039768881320038788 -0.0013444550642402935 -0.47688297992652312 0.47652332437518707 0.17990488758711098
0.0047740055039105569 0.0012002068487412787 -0.0078489421480117446 0.0093681623645352936 -0.500073029131057 -0.49597978027671474 -0.0054994007746649908 -0.0041104878768235013 0.24994110686853629 0.44660015078818704 -0.49171946473799666
0.0041258602777678706 0.00034701642236119958 -0.0041353615837303129 0.011312699996677436 -0.49522368998337041 -0.5254231041149896 -0.012956911134879011 -0.0025750093282038071 -0.25199733719913109 -0.44337229145774926 0.46718912443913579
0.02946182542086347 0.010660205370228278 -0.04941214824936481 0.0028757974574736573 0.04733555043179561 -0.0040572090769871094 0.4979290640982495 0.49491490146041001 0.44164947502899826 0.29390461388917255 0.46904490356304573
0.013453956504736516 0.010156579734965403 -0.0045792827572458594 2.0110886560627763e-05 -0.0035656361702618364 0.0038275088079018924 0.49473077387734637 0.50149234564343459 -0.46177703516722596 -0.25139536950613212 -0.47642074655211414
-0.0027007776889079634 0.03317931876765242 -0.042646222713371283 0.0020006786055533753 0.02236350622464443 -0.026162276263846693 0.49672277933246761 0.49828635181679004 0.4717670315320735 -0.47085335526756295 -0.23789645299470019
0.005128061688977243 0.0053818856403238732 -0.0064173906400781687 0.0020870505562140844 -0.012328388200290407 0.013963414787477518 0.49983713825466269 0.49626209363590018 -0.48638361271740194 0.48047106291162456 0.18978288153971362
0.012621411309862985 0.010910399252907623 0.00017003616413876761 0.0044930232197097067 -0.0098331587071482981 -0.013337087677900428 0.49544916658385468 0.5023823045239838 0.24095245090949527 0.45817795937833006 -0.48330517838111697
0.030718795806822876 0.0082380221219715902 -0.048413331154048077 0.0066224497499621175 0.053317222954626112 -0.0078569309952731155 0.49727265627013734 0.49108450567147727 -0.28756821695672746 -0.44227699598590997 0.47639040555700446
-0.019592535753959226 0.012070914372000334 -0.012835846020625144 -0.025189134295057279 -0.019648021169583228 0.0060499377393335311 0.50909578585903625 -0.49057801601506018 0.46789703171474922 0.26035764169533587 0.46009725580956434
-0.0044195271581574944 0.011033029658078735 -0.013962414220624032 -0.0041729234444177745 -0.012249031816882231 -0.00024745305459215156 0.48895697392124243 -0.50606485148949742 -0.44225070421658119 -0.28617840594062716 -0.47626878551482849
0.00026908907124530937 0.017373001762412722 -0.025265062756686232 -0.0013772877236228399 0.024928961884966315 -0.0078781390100902474 0.49238061633891983 -0.50140997067004578 0.48090080021630965 -0.48923094050009097 -0.18415006120937416
-0.015061572249544316 0.0069380954388996458 -0.010045909322722585 -0.011361990698569047 0.0061925853405074551 0.017481542477403977 0.5029420168197567 -0.50656940397023786 -0.47542298928583138 0.46756701326594163 0.21199500076255012
-0.0065389760621991219 0.0062861711600158609 -0.0061938510998816518 -0.015361725905546648 -0.010750270075239996 0.00035006776960086385 0.51457787444526604 -0.48808615078730389 0.23128431494241569 0.46043322328823644 -0.48064334144027621
-0.0086682310208844923 0.01740473884406879 -0.018486291798609136 -0.0081010064559015015 -0.0069401473022732184 -0.026161344337486354 0.49389297468871945 -0.50075031611742271 -0.22717287776056172 -0.4436294294094939 0.50535754609758776
-0.014705686818035944 0.014987915477947365 -0.01934985454858628 0.010524154055705916 0.020868616038878199 -0.0099268457485740362 -0.51974581044458068 0.49215590718316432 0.44922455114411869 0.24439198550809971 0.47397954037289236
-0.0032027480086725523 0.004516274094583347 -0.0024189766151155429 0.0002088531424645367 -0.0053914928551583871 0.00043085733322891683 -0.49500934922583101 0.50482989006284906 -0.44992836865495234 -0.23871483774798988 -0.4905368613767393
0.0073841629518601017 -0.012255979126283428 0.00012130267221925714 -0.016550745457377475 -0.014934509222326524 -0.0039667969025628073 -0.48952988521307794 0.49712762748379885 0.49768998514645074 -0.47246434310270835 -0.2039345111483023
-0.00069770710421083538 0.0044365187304830226 -0.0014222889375882814 -0.0048829729668128201 -0.00059862512213593546 0.0091506818475418587 -0.50524867308214438 0.50860175955055797 -0.46984985493948755 0.47755371037882133 0.19261741066890775
-0.0064382164111885529 0.0086897849376763175 -0.010872683054518932 0.0046036611182683406 -0.014611430474802291 0.0048212477947584421 -0.50711157564172582 0.49098531529182693 0.26309688502757678 0.44782759020514978 -0.48115344569238144
-0.0017859724008069669 0.0027361711515467902 -0.017609234974538725 -0.0070640145847156253 0.010867874994705734 0.0030220443813444987 -0.49835780280281206 0.51705797338772408 -0.23927700687288256 -0.4656470299067626 0.45794323317975338
-0.01236469378362152 0.0071473592320647683 0.0069428862274737669 -0.011274422906286439 0.013175483057325306 0.007229300631587058 -0.51790548776763512 -0.49922553429767769 0.4503646115112096 0.25789274681283675 0.46109183105564266
-0.01544558507857666 0.0074944759342525083 -0.0017847617772031169 -0.014612313941097828 0.0019470023452220783 0.012624045392421806 -0.49998444212591825 -0.49675564202423916 -0.45850897961913895 -0.25045363413566341 -0.47918398012090335
0.0031252218727611434 0.027611155635285992 -0.027581545184396462 -0.0037217371236726014 -0.0018055559717786033 -0.016372449850151679 -0.49698151855757222 -0.5052090901218701 0.48043864754088866 -0.47270513977030032 -0.20416573958075032
-0.0061906498545210541 0.0074056030628218937 -0.0078518399560015325 -0.0080991150537148612 0.0014182782597220874 0.018617345882846463 -0.49989619433870963 -0.50332971300464691 -0.47845028592360822 0.47719622664544542 0.19890462244167273
-0.016053265489320474 0.0032675784501984021 -0.0075499503592441671 -0.014750274445706051 -0.0017595659974743467 0.01348440559947923 -0.4946053496402496 -0.49849618042967292 0.24583145996473488 0.45712662181180935 -0.48656075582755642
-0.011304013105342941 0.0048328839746566233 -0.001794291118861459 -0.011656838232040057 0.0080624880243916411 0.0017748739732472082 -0.51267002422289221 -0.50870958836747138 -0.24524200814294786 -0.4465744246349812 0.46738982545782554
0.0029013962987148442 0.072779537714256867 -0.074220511632051345 0.004475573386167421 0.060155250250303598 -0.058521717552507152 0.00045218583317821194 -5.9042702709376326e-05 0.93937875129409332 -0.18789173309300045 0.25374516827316462
-0.0025432409631377345 -0.0021897347387596351 0.0060157172300726062 -0.00035815480094751763 -0.018895623433420966 -0.0036856122978493537 -0.0011938807871620047 0.0041380174081309421 -0.047291990946873516 0.74896879271961747 0.66058493634094584
-0.0093044132135094593 0.0058360935566883531 -0.015633011797385032 -0.0027244048453503051 -0.0020914275761333753 -0.0051982667052093137 -0.024921990560911877 0.00075687551890029053 0.027486776267382426 -0.728347300444117 -0.68390727954395369
-0.0048791552181601597 -0.00182557014452746 0.0016487336431828116 -0.0018396486009232137 -0.039123762714894601 0.015227036664107921 0.023657735884858075 -0.0255230629256935 -0.92994102239411569 0.22202899241582921 -0.28793390429220711
-0.0027807643131639347 -0.0066102199950266579 0.011423663570287464 -8.4606284177095412e-05 -0.0014751043363394915 -0.0051573215773623379 0.0077986702309072817 -0.0051126909995244992 0.69431951366359101 0.7190468581514684 -0.024379521263460817
0.23595273503429451 -0.30111129266169123 0.30560338197312081 0.23748059966652285 -0.15750531802849091 0.14657598876127279 0.26647907556664963 0.25984929875375995 0.4093086619132319 -0.40170158851795662 0.43605605782827195
-0.002220939753637575 -0.0060820004646276937 0.0062593327790346071 -0.0024804064273586811 -0.018681337390263408 0.012573307069901821 0.013790140100707728 0.00038622091604849487 -0.20379151776685595 0.19261739978560316 -0.95947011525749659
-0.0017670380353920448 -0.0065134925375679928 0.0092815986358464331 -0.00050018612301532504 -0.004159370503982158 -0.010307131301233003 -0.020444730435122408 0.014178910941458286 -0.71341742224806981 -0.70005600108136123 -0.0090920227860059617
-0.0092123626716483255 0.0038860852797276092 -0.012202280745829143 0.0005818620300352661 0.00038745843719832298 -0.002632690197090717 0.01491319517978072 -0.030442065657968666 0.7225964465749517 -0.025081786472254057 -0.68979697878961987
0.00044619106969244704 0.072481206354042343 -0.07484732535357444 0.0070344022009074993 0.060350049376613063 -0.056130203141660256 -0.0009775375698529978 -0.00040335283212566226 0.19861834875878381 -0.9352384613158583 0.26111414417122752
-0.0050951415153210047 -0.0027902668883401558 0.0030362423874413904 -0.0033993242793405242 -0.0371697177477045 0.017211599386700881 -0.014955705308792042 0.014010983364008356 -0.23401523790890541 0.92519762458362265 -0.29511674946450844
-0.0036204103728163799 -0.0047955769422955742 0.0051781578645970477 -0.0015107154455949047 -0.019596691204518117 -0.0074283986473293873 -0.010508973209837616 0.010259953114667871 -0.74361783144121696 0.045182418498700708 0.6665365351901541
-0.26575189582903508 -0.25627414270704163 0.25856213490162955 -0.26696775535864303 -0.22293112562222164 0.23049977193916094 -0.21246274027943984 -0.21891953627664298 0.41365966385490111 -0.40463026977779709 0.44140542578234809
