0.9998693193578998 0.0062169946300630252 -0.0031946803029311664 0.0063058835050635725 -0.0013033760314998669 0.0028262093788548248 0.0096695648383947185 -0.0040053535361119063 -0.0033600412692199504 -0.0029079862972412568 0.0058092326723072768
-0.99930040521013996 -0.015486858818288688 0.0016787471049574663 0.01784630627287467 -0.006914118537862236 0.0018180879805683805 -0.0072762143781311441 -0.011606515791555609 -0.0075591640101645994 -0.015238682315143344 -0.017590484034653697
0.0052816750154392215 0.99983042114120679 -0.0066116339467382039 0.0012338393123427569 -0.0010073245096914947 0.00058986389576881789 0.003842863317705383 0.0070708883037618906 0.0045785994653173116 0.013374102355927031 0.00019727614493206787
0.020894453414492496 -0.99938588938406003 -0.000664286515684322 0.012420451773315962 0.002149570642232446 -0.0019288742961395854 -0.0083020927384163581 -0.00057417369716584673 -0.0018937428008442415 0.023442143637788952 -0.0024168219450193197
0.0075896631231171883 -0.010823015885043695 0.99960563259339386 -0.0026822966965338695 0.0063057731945652005 0.0057421636773235633 0.0063100830753939734 -0.01036990724274771 0.012264223120374094 0.015325011595050805 -0.0011355262073736317
0.0033745126077242473 0.0090899481154699292 -0.99974422550683273 0.0057980745133435971 -0.0005182095356152691 0.0052378024213805266 0.0043562819374276624 0.0052653970790868341 0.0098954989861517011 0.011697488825953024 -0.0086426006811624236
0.0082041090340675919 0.0010257745220238798 0.0054951771420886841 0.99982781797827824 0.0084716513983462416 0.0033424893326660099 0.010625329824733241 0.0011200826848812918 0.0046298461733879654 0.0052050864995231948 -0.00039506207480745451
0.0061154985792508422 0.0043265081826014858 -3.4095330833475562e-05 -0.99986833057094726 -0.0093904515396596288 -0.0043652236794493654 0.0042504868183848967 0.0016532994883077187 0.00036248307774748584 -0.0088719212637283097 -0.000569373932880958
0.01156542447641834 0.0033689736717352468 -0.0032004497007112834 0.0025204694271007441 0.99957108796879235 -0.014955397952147597 0.016322508598042223 0.0067758706271438896 -0.0071122475380915127 -0.008840254755403662 0.005585751405586285
0.0033878303398055956 0.0078140499317565764 -0.016641167770548363 0.01136251883916865 -0.99971548843629632 -0.0082652707001208917 0.0027799091986002319 -0.0028898755055334889 -0.0022212406549532637 -0.00069991385275856963 -0.00074319977639230239
0.010871773273915756 -0.0035712673960898787 -0.0037753459484936962 0.0066267397216220264 -0.013484970994097498 0.99965791094724898 0.0094307087495434216 0.0039083467306422265 -0.0059405065014124367 0.0097462113369018912 0.0088661503464078917
0.013977223422594408 0.0059595553251149333 -0.0078616907343910317 0.016263718376959599 -0.0042532223932240107 -0.99954221150861844 -0.0064377472509250079 -0.0083550274760946872 0.014460115623911073 0.0036209563676851651 -0.0025741752350832681
0.012176754941657503 0.0066032135262993749 0.004364525502253901 0.0066281353292742045 -0.0021485114297562706 0.0055239571477788407 0.99984880078733362 -0.00017382334393209413 -7.4868359021202567e-05 0.0013076053067113686 0.0032623087141478565
0.011965143221623967 -0.0043756514752877106 -0.003554806716562059 0.00039012535093474774 0.0055344870880886608 -0.0073337482599224934 -0.99924214515957988 -0.018659797703135941 0.01274559456619696 0.026776961757157342 -0.0052893465732390737
0.0086295599747330063 0.0012917303976363048 -0.0079737816961792263 0.0048136841111830709 -0.0013574423976828024 0.00017608308003269692 0.010329376171866515 0.99969159071874847 0.007782618245756239 0.012115954988761829 -0.0117429827947171
0.012677358822786427 0.0027834770982944406 0.0023778210033339351 0.010824615062636839 0.0047882934642673909 -0.0059701079160060641 0.0051845201337265348 -0.99973535302306615 -0.001018175072230666 0.009676552081125259 0.0076034786700890141
0.49971641822619473 0.50311148605812184 0.49421689547747649 0.50270358500815859 -0.00023966322138167914 4.3054961271877132e-05 0.0045670702840242602 0.0032462056203328444 -0.0076743818481437107 0.0050681256271062711 0.0092229327168780479
0.51141218893836271 0.50972604197135962 0.4908953186788238 -0.48707744487074628 -0.0019190649800238618 0.009397734493126161 -0.0012069614274208857 -0.0010595136541794985 -0.0074765081701733283 0.0090250638232309936 0.013503867534215924
0.4965120527242522 0.49965151212413367 -0.50104718728050057 0.50261535841349336 0.0013155381803831455 0.0034940426692663261 -0.00064045667661133518 0.0063938280319551094 -0.0062087524386567677 0.0016078616962435946 0.0075697763623737745
0.50714418888608159 0.50113921501928682 -0.4988723088190708 -0.49257154870282188 0.0028339272616045436 -0.0022825609042573403 0.0013347975693261511 0.003014420724504252 -0.00090687660721745702 0.010110608047775861 0.0060655820682863305
0.51162635126092426 -0.49353887189048229 0.49503437889086538 0.49933951983556524 -0.0065332626548023865 0.0014853441184687296 0.00025216887048731216 -0.0032972977549479421 0.0042315212816209438 0.0075520434531683887 -0.011318198295640923
0.49875166509765395 -0.50558003954190189 0.49929430113758427 -0.49324876745524565 -0.0080777878652300052 -0.018450703859114244 -0.025113491190442427 0.0097522057442201854 0.027363234619903802 0.022067309109149464 -0.02606280123113108
0.49817012823952256 -0.49318693370833921 -0.49921729192829295 0.5090123481044091 0.0018436337130130467 0.006729411749764159 0.0099651096135020562 0.0019899811595430455 0.0094711390532452276 0.0061737314400928068 -0.0013899024969859942
0.51472449206697357 -0.50499167105061216 -0.4955716010601855 -0.48350696627033418 0.021033395286948524 -0.0027043232884111311 -0.00071592236425551889 -0.010719872295758926 0.0063909435938553508 0.0068865987324926159 -0.0043007599180196884
-0.50350891032064227 0.48447198320349777 0.50009164497530123 0.51075516570944868 0.0085352803131888214 0.0029796653082585101 0.0021144745526808953 -0.017836032354026952 0.019070768123730319 0.0051352417521570194 -0.0029652441343224248
-0.52537543424855293 0.49215736600422161 0.49209639005963163 -0.48792796643029096 -0.0054323394451857568 -0.00099874050997082807 -0.018536195367225814 -0.021889352407188162 0.013285435765251163 0.012436861491176955 -0.018568851128577108
-0.49310926325293714 0.50401996974785412 -0.49892643019107336 0.50338876548749945 0.0055266068482923538 -0.0039866813866741126 0.0072288804306115543 0.0099629823169734913 0.00076109786677244404 0.012735125193314708 -0.010889224167320572
-0.49242982271775992 0.4975106166376006 -0.51005680034578527 -0.49923065238137343 -0.0014112705093321145 -0.019910700268276346 0.0093137097399375677 0.0018706171583428048 0.0045808329786779451 0.00063076709449881683 -0.0098396244702440884
-0.49177555552883939 -0.51166861625825699 0.49913709332516948 0.49664385318756288 -0.013922475938751493 0.00037577931461687999 0.003184617743886961 0.0047359101814601502 0.01518193006389265 0.0064623507180714456 -0.0077637052703804178
-0.50238967766927811 -0.49613287063514383 0.49647796145542189 -0.50214024178556393 -0.01116351816459513 0.008223667019241503 0.0002773282557270807 0.025165885667491898 0.03868213862502367 0.020313640109489255 0.0093270811482258683
-0.49171886976417101 -0.49819877248421901 -0.4995330109630855 0.50995482810774129 0.0027457994239219047 0.0081935971997972694 0.013857279821330986 -0.00041447888369773226 0.0011933833089508607 0.011546173655556125 -0.0046660180748093966
-0.4946303027007849 -0.49428705572370435 -0.50681058529687451 -0.5032804579585739 -0.0023357498480525195 0.0011802122675312289 -0.0042604543581725753 0.014824728655307984 -0.012519195352810186 0.0078153802465869456 -0.020258291193916953
0.49546933833983831 0.50206258350065658 -0.0065983923376657398 0.00023434383624158236 0.49603526250932251 0.50569147141865345 0.0047507952632017082 -0.00051578280627942105 -0.014275579372428085 -0.010596684186100252 0.016909743561151887
0.5033129219875242 0.50263085188174528 0.00287004755287664 0.00065952410607704405 0.4949130044122706 -0.49881471864397747 0.0093312753574738908 0.0011927660327181392 -0.010762253413360645 -0.0062780618605666619 0.0055602275038381076
0.50470594392225909 0.49932613070474757 -0.0082858342789527625 0.0089355298932589956 -0.49613456597771305 0.49952379170646477 0.0046775190775895994 0.0037989587142829898 -0.0057902666849490381 -0.00086532253213379912 0.0072603952162643591
0.50726875861598364 0.50717269681678634 -0.0058917401052751136 0.0082286269635093185 -0.49478343740646802 -0.49029654015860713 0.0023305976255904482 -0.0074235489030287129 0.0016513509176345708 -0.0059969690153034178 0.0071596542180203601
0.5012752417133739 -0.50019207402425947 0.013330384336144689 0.0056332164388655835 0.49131440752603001 0.50608254221094873 0.011360844019253087 -0.0018116480026601068 -0.016314987689104578 -0.018458444950317031 0.0085415702635141585
0.50292456020878795 -0.48914098371977827 0.0025467187036844552 0.013475073127721162 0.49816471652195121 -0.50833302173970163 0.015330953265553829 -0.0096357203013878977 -0.024010452425265824 0.011639677035588341 -0.0030832601517763059
0.50631527073190352 -0.49877394334127573 -0.010336655471839361 0.008574383014101709 -0.49808307935169782 0.4959768141731612 -0.00061136658288341928 -0.0055518073607996521 -0.0067770704792241669 -0.011163691024944132 0.020187283808823502
0.50470223598570796 -0.49956603128951788 -0.016531631070113614 0.0066707451984763548 -0.49599123180110627 -0.49913411158852633 0.00050003116847228187 -0.0080866411908376706 0.0056778232563333498 0.0018650782926989151 -0.012170305649115297
-0.5027298650274683 0.51264248148425418 -0.0012695528352840736 0.004342421384458746 0.49285554297229428 0.4908771424992639 0.0018381421445907173 0.013190382740347364 -0.0054403958012844821 0.011209352180744906 0.015502673521792871
-0.5019069799881738 0.5008616694372221 0.0026665745700454892 0.012613502755916864 0.49704359886803151 -0.49953052792823316 0.009425432746166168 0.014678795310455192 -0.0026912715463690011 -0.0054474970881840399 -0.011681137220915284
-0.50173469051716757 0.50909597217238978 -0.0011469393290993975 0.013206861398341561 -0.49670057047040767 0.49140083825104153 0.0023924500443795256 0.0011280212183822635 0.017026892565794424 0.013194944291765074 -0.015830236189746001
-0.48308626966915674 0.49999258619018988 0.0094857874001631516 0.0047832463541733952 -0.50376741161227268 -0.51147145643424619 -2.344433041151457e-05 0.00068571438284457931 0.018088474316579582 0.013767479931736605 -0.024906772042492677
-0.50280969774366169 -0.50374370694867387 0.0051621111330419347 0.017746144543831669 0.5040132540193738 0.48809192378930527 0.0094323365124518357 0.0030213633060084382 -0.018087869034876206 -0.008369120136006979 0.018019862515800154
-0.50640949736217689 -0.49753056265181739 0.0023145962990125811 0.017307234532421722 0.48830999080986376 -0.50564974392729567 0.00087748881020426495 -0.00084948499147451172 -0.014761382410296718 0.026130184853365979 -0.026026433574348792
-0.49804198871150962 -0.49937554888541702 -0.011074426351948285 0.014625108071570565 -0.49738919760898515 0.50371441601302791 0.028217247773773053 0.00032900082310073002 0.013731972460810375 0.0020214686761961106 -0.011335803295120428
-0.4940401833178022 -0.48903510012290013 -0.0034803669226401699 0.021860672007726591 -0.51113693811987226 -0.50417400186100081 0.021797801188438302 0.0035550209143896923 0.017739778572608781 0.0049074321915264412 -8.7020601692799307e-05
0.50276493356393992 0.5018450049983878 -0.0079448515326115028 0.0054621545679878593 -0.00025261292724079325 0.00074198882151955633 0.4981015638638035 0.4971247324977493 0.0011560050973400578 0.0060112260501856037 0.0031310711547447201
0.49992472145447797 0.50578023645208414 -0.0029351744515967899 0.0045581683914189871 0.00074146926183303987 0.0096785812076142785 0.50044597150970505 -0.49346039079092063 -0.0066478324167046051 -0.0047302867498912734 0.011050405681906874
0.50363181300091675 0.50387823440183943 -0.0034697571370141773 0.0058752634070454064 0.001299737500844206 0.0046971894268936793 -0.49449340044495299 0.49761852589466105 0.0060743794300808151 0.013925550765866416 -0.0035597109345696463
0.50334392788122528 0.50666258950959553 -0.012502996738740434 0.0068152451690046533 0.012981252745350925 0.0032200439452661211 -0.49002284609855612 -0.49938689153965959 -0.0030055458233089445 0.00133912262322233 0.0059810418198856519
0.51036188231806079 -0.50375201107178003 0.00030363054818850733 0.0027885593956088581 -0.0065041825368045165 0.00059972315652767649 0.49809327805008974 0.48730212313961774 0.0023848824511628667 0.011429789212971839 -0.0041865861667684072
0.50521181297136897 -0.49456798461559559 -0.0028297822090680969 0.012768754364103551 -0.00097168348620004766 0.0061937809770901981 0.49723404751382716 -0.50231104004249028 -0.017470230600186987 0.0091221669902225092 -0.0025835899687795816
0.48750239614254087 -0.48801643943646433 -0.010202461527898365 -0.0040401597355427532 -0.01556412956492104 0.014702537600300354 -0.51149295020621621 0.51134196585959824 0.010985889743430542 0.014965480530458519 -0.012737707852605227
0.50461144734043251 -0.49484093980261007 0.0057769747097555415 0.0065115331436680643 0.0026974454525787316 -0.011616294717985677 -0.49236095184423079 -0.5071973746164431 -0.01344880382014454 0.017651248517354202 0.010991945935867263
-0.4951008846022944 0.48534277925649233 -0.0073480826216597928 -0.0066178577022150253 -0.00038253060805257808 0.0099050950856047881 0.51299171901326979 0.50581271630386326 -0.0073723504654616672 0.0049242314378552506 -0.0059871307807433556
-0.49084333872146579 0.51409845814465327 -0.0063485082230902001 0.013443399411310579 0.0091017827126252046 0.0016635313816100194 0.49852999808897408 -0.49578693042768196 0.0013181017661951387 0.0069702726215332385 -0.0090439132171135864
-0.50645018848725276 0.49756158854726107 -0.014505583329786152 0.0010643578727044915 -0.0079021767726152829 -0.0031267239030908088 -0.49413660608744125 0.50068195887750033 0.020191305692843262 0.0055862210165488436 -0.019094566404306221
-0.48934727325395405 0.49533672744166507 -0.0018638373162772344 0.022307595087572841 -0.024755138409743679 0.0023551630571043724 -0.50589199073632118 -0.50785973800072237 0.012242385625056605 -0.0023358598900633958 -0.0075996201825383808
-0.488466522284695 -0.50417101622230309 -3.6455349485311963e-05 0.0026627383363750827 0.004522259058544217 -0.00596874051246408 0.51242074453881126 0.49404603401490849 0.0035946172587793422 0.016529492023974648 -0.014360580571482519
-0.49184679984994134 -0.49380819819430744 -0.0024741111719698609 0.015107485759183243 -0.0069968600254982534 0.0012093482322206484 0.50354931671714454 -0.51003000468864079 -0.005906536861345445 0.013057084336181475 -0.0075840800358702139
-0.50370471316310195 -0.50171201477801264 -0.0037813671945315921 0.0051945985053340766 -0.011660645943841738 -0.021799296460954919 -0.50776100968190063 0.4833625094321386 0.026686810709118693 -0.0073286727779845375 -0.041081623567285043
-0.48412096073721339 -0.50741176214754369 -0.018829316863837209 0.01737879029939593 -0.018309317466912736 -0.017464733726720374 -0.50084257321869496 -0.50560478615699955 0.01047961353462735 -0.011457125986605794 -0.011950501421533319
0.010914278194661495 0.0072822591545602085 0.50085196335560411 0.50130456337783325 0.50171344025514231 0.49559769041704155 0.004817166154126494 0.0060568882340004205 -0.011109061582617142 0.00093885229218392159 0.012298870493961016
-0.0050587121848281761 0.0010037685937386884 0.49911167719814908 0.49883682337546131 0.49682937647849473 -0.50438125471152429 0.019058236981682422 -0.0016745836814184207 -0.013870256426838716 -0.0053452865248468356 -0.013996536845047328
0.003480721666711966 0.018023918251138516 0.4921647300694228 0.50856467715230158 -0.49654875510040825 0.50178358212003371 0.004113588851008371 0.016048890122019533 0.0071077233119921394 0.0049953222725116321 0.0100737101692914
0.0084058731427729908 0.0022106754279582375 0.49970097130248253 0.50397624387684248 -0.49201119824389217 -0.50347520414604474 0.0067669955636671959 0.0073166988077418499 0.022446589064527501 0.0071316660837808061 0.0038732904033377071
0.021060227609243004 0.0032519517207305064 0.49934652606540819 -0.51012280190781667 0.49350016637227434 0.49551383630749818 0.01197841211820806 -0.015631158283934209 -0.013143514955143567 -0.0084697072908630714 0.016278388384704714
-0.036616905525984393 -0.00271590065640093 0.48683890888423642 -0.51061707009892709 0.49871300514759731 -0.50115588881283957 0.0087025574621177257 -0.0065692106213990978 0.0034844765851498056 0.029781884629842031 -0.0044758210908203118
0.011277461263950114 0.0057826947825115058 0.50193498034921269 -0.50505853643556731 -0.49856218347865416 0.49407733340700871 0.0053728125199689215 -0.0064657545094708837 -0.0046094881295700198 -0.0066412005711311735 -0.0019599440586335428
0.025508576534005938 0.0006976375817419558 0.48803790983522627 -0.48736036362181301 -0.51944624307684795 -0.50287287949682924 0.017970608948706265 -0.014105689554216216 -0.007974457894275087 0.018804379259811464 -0.0017487301579576602
0.0018395300898054205 0.0038662525495438346 -0.50096685755612902 0.50446138614214298 0.50198525909440717 0.49201225890904282 0.0046911769732810157 0.0097230329081312364 -0.013264278716607793 -0.0081458282570294593 0.010415486503607829
0.0061530403620483889 0.0097188017758625504 -0.4993442483968395 0.50202567546179411 0.49797052909348133 -0.50029244645372961 0.010358264603634568 0.0068402480184601676 -0.0069802160936165477 0.0045217554741595967 -0.0016720060809714363
0.0068674933303612459 0.0038630602000838633 -0.49752901880458839 0.5058026800880483 -0.49825255698525667 0.49793551707398348 0.0058711467511805187 0.0088197891596113378 0.0035681432631712259 0.015658611308303531 -0.00093062280877377189
0.0011944126235159678 0.0051890500192026123 -0.50488038042929473 0.50982399849028359 -0.49179925662770535 -0.49313961535759648 0.0045739903135136525 0.0013467615083978437 0.0039847220815123329 0.0056244882425168828 -0.0048478936380313368
-0.0016168356054053032 0.010195381666605809 -0.51098557466598205 -0.50856530620809026 0.49749718868916792 0.4820826953947519 0.00072353603689366704 -0.00096691053720950873 -0.0099008122427302475 -0.009188225823999573 0.0075779872069054333
0.012842371805160423 0.00084653604871906551 -0.50142036255294709 -0.5018855825904015 0.48889927527795474 -0.50725219863615167 0.0037275984067129484 -0.005957300665028426 0.0066536236901872988 0.0037987469145063543 -0.0093519448434417705
-0.0020802650570037992 0.021486241261048204 -0.5097667866706358 -0.48824968282866693 -0.49609001095893041 0.50483157101570819 0.0030222599970002591 -0.0052490524560518019 -0.0097823919972363903 0.008344630707613411 -0.011038823738771653
0.0059015258995503469 0.0090925709075713804 -0.50100716605937456 -0.48422293708301822 -0.50287025017545672 -0.51057710789742994 -0.0023030990318300914 -0.0091510265241424252 0.010245090766906733 0.01747401364825444 -0.018320581223581274
-0.01512714922239855 0.0024346594778057668 0.50105645033074353 0.50067750176547876 0.0043365951297726401 0.0014397143096761315 0.50270028742590211 0.49494350451374569 0.0078369871393289652 0.015595453476267819 -0.0052485796046686031
0.0082021087924109039 -0.0026265451816505064 0.49775465806441993 0.50250945972540684 0.0038356553826074695 0.0031125047584465051 0.50438224374751472 -0.49502146996610619 -0.0086235220642897174 -0.010001207242331455 0.0019690558787034168
-0.0023809075466918348 0.0067144144357249155 0.49227961719313479 0.50986342528986661 -0.0063433766732347609 -0.006059850346224094 -0.49770244670548025 0.49898429457382321 0.0066205855578473213 0.019598278383345446 -0.021245644150980247
-0.0033488776664853206 -0.018293102200650863 0.49637653535239473 0.51087336015913132 -0.005765031432101133 -0.016915937588753319 -0.49378605289016669 -0.49765542406580798 0.0078591549225719357 0.0091486606061305358 -0.017957073582576717
0.010729840312114724 -0.014888010116298266 0.5005336858569126 -0.48997067229460961 -0.0037885791382087221 0.0029763398347900372 0.50402250270680182 0.50449037343238268 0.0082334519826397796 0.016229174623146995 -0.012424950838725064
-0.019073530217734218 0.018147801223544129 0.49111872115226368 -0.49937244314926293 0.0035363768526303144 -0.0098167639841514488 0.49556785391516128 -0.51177448994453434 0.016596774790182154 0.025385517433933778 -0.014389019265723746
-0.016962655360734442 0.0018254873418697335 0.48576941243848382 -0.49266931280826742 -0.0044024426596207221 -0.004049529677045755 -0.5163746871492243 0.50337443568806717 0.027559531338449801 0.0093124506453361525 -0.010163284210571204
-0.018776452090523154 -0.025560570207081294 0.50463131707308762 -0.49557616055244308 -0.013430168423279423 -0.033601229151019894 -0.50094781836900026 -0.49412410275182828 0.0084868780851314034 0.046317684336266866 -0.010558994438765561
0.0014751510752844393 0.0017349683513565579 -0.49797540861391654 0.50179006235195978 -0.00029539248314988258 0.00095965405761551576 0.50200319379637759 0.49802537831770577 0.00080664487965709459 0.013174366191890144 -0.0032144566162353614
0.0032272862028643831 0.0085442063967791256 -0.50470175154276364 0.50320303092955454 0.0053368238446985568 0.0056983628003001892 0.49763886650414341 -0.49401883730791196 -0.014043073165187872 -0.0025148731931851635 0.0039867561684610578
8.036108437307443e-05 0.0085211768459894852 -0.50244995109228174 0.49840598803363251 0.005862526804934212 7.1250869967519624e-05 -0.49072803559140121 0.50755682013527559 0.010652279124919176 0.017788390603230075 -0.013065146672595691
0.017358927536330511 -0.00068679170921819965 -0.50344382557591616 0.50197478739962731 0.014217565510490006 0.0051231573646342201 -0.4986666773791662 -0.49527710934796582 0.00060663171284043051 0.0066989273540361662 -0.0047247797737355194
0.0091702349442695542 -0.0041696104027987351 -0.50807719184607969 -0.49579487059872568 -0.0077965912755156219 0.0048829701176300346 0.50072669873692222 0.49503386407862598 -0.0018533929681553757 0.0059544498112593892 -0.0058532359103366264
0.020392418187094259 -0.00076653864987354776 -0.50075565800347699 -0.50179343412918453 7.5751676482430013e-06 -0.0038659268197077335 0.50224561902176279 -0.49469923314679598 0.0022457310181664639 0.0042438720232537913 0.0038327318755294057
0.0011881618006689223 0.014020031104565371 -0.50333197218734094 -0.50166167594352107 -0.013268662264152704 0.010827851632430321 -0.49800105392464866 0.49561496008679456 0.013058708487396388 0.0056837688132878152 -0.025673769229905417
0.013855061082636295 -0.0037120636662896934 -0.49299277255243712 -0.49144794227085853 0.0097221443328746569 0.0071081669198336259 -0.49548603523146467 -0.51884094209613274 0.012409946211871428 0.014485832680526212 0.004480800053077977
0.0014593596148722945 -0.0087201495573074224 0.00077552621627201669 0.0081699006232831672 0.49676504324909904 0.50597673506467378 0.49863825943475876 0.49821787337525181 0.0019202166132111999 0.0075833305430193978 0.012006609282784323
0.0012745060485114073 4.0555017454558117e-05 -0.00066190291497693636 2.9241327989059899e-05 0.4912555859159588 0.49373865582016152 0.50822425641277358 -0.5053566363276405 -0.022620196059786397 -0.012395929757101905 0.023355235886991333
0.0053601748909972878 0.0067013013009180828 -0.0090045868375312026 0.0039338528437722134 0.50444238069651925 0.50281079972218379 -0.49095564538746789 0.50129321874664268 -0.0087204277478093138 -0.005679641734208131 0.010408960281359965
-0.015780784180348645 -0.004257640045413554 0.021884049668767603 0.013800030568507125 0.48133235515434997 0.49840582068732975 -0.50320955519794308 -0.51346231848437485 -0.032155224763356464 -0.025261369947674861 0.020947181857703685
0.016658980917860545 0.00051906548596947037 0.0039712260748152759 -0.0049648822612751199 0.49092072765911982 -0.49989253382596543 0.51178759652837114 0.49673775201338571 -0.0028104149191385589 0.0093289742455513885 -0.0040268579562617798
-0.006002712298881217 0.011248544461121782 -0.0047814437324154441 -0.002643332573371284 0.49811682504110677 -0.50748152009890368 0.49514278596915384 -0.49876237613532798 0.0050090225053541163 0.012879351713298922 -0.0053356628369264818
0.011869115926283915 -0.0074677502412158056 0.0012691517242572907 0.0085498851893453451 0.49376343086204605 -0.49807439836419382 -0.50273274720999506 0.50473130927269549 0.0013920271659011133 0.017656776758184778 -0.0063721554864771693
0.012708765924671041 0.0076772675182431721 -0.016680459048062531 0.0041726224716315133 0.50773347544496139 -0.50134478138921279 -0.49420926682280669 -0.49564187814568827 -0.00068855299896111461 0.012198354163209446 0.017061116356161806
0.014326208610781899 0.0033992296245502767 -0.0032839002341524715 -0.0061989216029912902 -0.50150881262497149 0.49663407225933737 0.50550519133563276 0.49591277207140899 -0.0023824787973404983 0.0015731152665332971 -0.010216487553204295
0.015271275390901121 0.0018075024406423127 -0.0023654793520433187 0.0060260761003430906 -0.49962848366194379 0.50019694730971009 0.50591186764766394 -0.49383842863641692 0.0024072929904075425 -0.0078264368208268448 0.0023967926817385558
-0.024208345187053417 -0.0065499579838598091 -0.0054461006631954722 0.00048849728299827017 -0.51236218414515 0.50297419963020285 -0.49152282920975582 0.49213291201562348 -0.00043435457643301397 0.0013337982778307085 -0.0071860831451341133
0.0042318139996612133 0.00010071511782765279 0.0013429916228594333 -0.0013137932112493545 -0.50756904946164672 0.50864462022722323 -0.48556179811012606 -0.49756600343698248 -0.0095498999789941832 0.01073008753951216 -0.0091836453402798605
0.020825923895676685 0.0045875846843410747 -0.0028596844635372046 0.0089638120654110323 -0.49875284399502395 -0.50506828484131217 0.50017488332918714 0.49513078535058946 0.0011920265421361399 0.0071184727029334482 -0.015060989238886456
0.012669642283162053 0.0056941269069908764 -0.0041520411982021669 0.013015669843500352 -0.49117304424542235 -0.49011165757477276 0.51137678387434493 -0.50656762843041425 0.00049991082721280932 0.0049227423475228429 -0.0043073343557933665
0.020853046861388527 0.0087096829609720205 -0.0083676061293584993 0.014709585612176272 -0.50827775645557705 -0.50634293874791891 -0.48967055084350447 0.49450313578725225 0.00015369859941470458 0.010672005270140953 -0.0069956275024042509
0.020231654269134123 0.0063804018413956068 -0.0048308605000535474 0.013762471854673624 -0.50390082350180032 -0.49870944766095165 -0.49158539401709961 -0.5048911409640271 -0.001757378164632568 0.0100862969673906 -0.00583001557794262
0.51034650827486638 0.009511917249260109 0.48660971313453294 -0.0028258178328864356 0.50784741634121089 0.020777101172409197 0.018653108039290874 -0.0022431287291990037 0.49367113200073065 -0.01560514842763063 -0.0032562626850090393
0.51041869620377089 0.0071006922677697652 0.49717325543433927 0.0035457678778163062 0.49124004768308271 0.0028684662586261405 0.0056498252030903334 -0.0026003245762213694 -0.50075935576207109 0.0053240069178174037 0.0087489515916024732
0.51195244079693858 0.015805247340148768 0.49454497046877399 0.0056025374601603823 -0.49091182248037968 -0.0027846078524346755 0.0022868029995013021 0.00078921946215995838 0.50173400967132009 -0.016139138879045254 -0.006577551579854876
0.50909473347798728 0.0013587796581529378 0.48397753597375776 0.016527767239510657 -0.51011786040348661 0.00035216468363829747 0.00036651932035064406 0.0016479871371778874 -0.49589947038439469 0.0071287404301419105 0.011089375880029104
0.50213258492134116 0.014929347738033985 -0.50287857893469878 0.0074685532270748053 0.49617554026179911 0.0035527437669433753 0.0058378818503509152 -0.0042735435880553313 0.49769755512140623 -0.027165266289955421 -0.0011817146663027985
0.50220459819031227 0.0072719095503643054 -0.50280803492443227 0.0023918080837874857 0.4970547785624177 -0.00083731216393088492 0.01509374606161069 0.0090457333917769982 -0.4974311273498398 0.0021507503090484005 0.0099933742016138603
0.50540758042579803 0.0053374247156716169 -0.50332055740542359 -0.003139281134365532 -0.49491827651130044 0.001183322246785452 -0.0017633889445977365 -0.0038831366178803126 0.49613735594442721 -0.0087617549016510855 -0.00071949502827156088
0.49696608747647664 0.0038253042681762523 -0.50686586636788544 0.0096009737690120108 -0.49881287445104017 0.0049493097092468859 0.0083529962361911913 0.0053129337366919008 -0.49684928081639862 0.013185353016110547 0.0059202349401935219
-0.4983987863034518 0.0025158203719096361 0.48975620588104052 -0.0051204062174949692 0.50621599994126054 0.024755436902036645 0.0281468247076678 0.015203011956440703 0.5033885882943675 -0.011182472412715113 -0.016999900576412791
-0.48689557566116076 0.015217712454816094 0.4881193184238849 -0.003491213810854786 0.50556902898440825 0.00095324003265609305 0.0021337898508908834 -0.010959359870238623 -0.51584869023966129 -0.040780736565910143 0.030657951288949301
-0.47135649321743034 0.0093957394155262074 0.49463116602431706 0.0295161381444407 -0.47482549901596383 0.0027783651708405939 0.0076121901867774898 0.0014550146622599167 0.54290118132710419 -0.082518247164154707 0.071593249903650666
-0.5001870630413553 0.0092360408844798826 0.49949062358937824 -0.0040893789714512635 -0.49934943887867606 0.022258076087126755 0.02723750401965614 0.007042655876733625 -0.49888346189423027 -0.021264251342012718 0.015695534953914781
-0.48735200389484279 0.0080752321999540948 -0.50685207555141043 0.018629676856465154 0.50791345033420721 -0.0017524014885156422 0.010744575053570349 0.0037694296415272518 0.49686328696437276 -0.007414177215891121 -0.011824939024756941
-0.48930214884326345 -0.0054842987960332041 -0.49805189020265217 0.0064500197048822797 0.50861803795695137 -0.0077411432885492936 0.023464350351144622 0.012913842987183748 -0.50229801895173121 0.025691543574304296 -0.0048072183949934132
-0.49042363507827574 0.0034941232770675742 -0.50466006884835501 0.016333004708482101 -0.50152549419651149 0.00375785904198063 0.010673041717481603 0.0052211537686049332 0.50233581434806929 -0.00088309970569693972 -0.022332258834698242
-0.49575493541651233 0.0012840725620015892 -0.50460001092561324 -0.0043090468392700757 -0.49117148539517286 -0.00045605614315748943 0.016180027298424701 0.010097796854652527 -0.50777198184510441 -0.011825787004334478 0.00016320126992559349
0.50307018770795475 0.010312554362712065 -0.0032844728410573736 0.49737417160781028 0.0008480508819964669 0.00080224052866683119 0.50063976643603947 -0.0014543277640249243 0.49860884732472138 -0.012904961719341012 -0.0010994833302870656
0.50027987231457993 0.010499684232372361 -0.005079105033868294 0.49922833908510544 -0.0026670557566712827 0.0017774712469591422 0.50052691749234335 0.0032479108847513817 -0.49966821272700918 0.0077169752708900379 0.0088984811754238939
0.51059847641575407 0.0069213717365176662 -0.0087001885744036941 0.50044289805328346 -0.00087848385257380365 0.002099207825640883 -0.48920160052320161 -0.0022362051364374471 0.4992503371592788 -0.0060844616977051491 -0.010305251037371553
0.50462689894585711 -0.0080999772281750339 -0.0076003686638717099 0.50814331943347069 0.0053380109471638099 0.0051630854474542893 -0.48910483586471137 0.0065814041401445096 -0.4974918562475944 0.014080753458357912 0.00051257287629001276
0.4986537851487764 0.0057152407058152152 -0.0052437160822720258 -0.49217774885359422 -0.00047464327659304915 0.00029429098690971265 0.5072200497122199 0.011577759125803805 0.50145402897953395 0.0066376095330658623 0.011771545588489762
0.50108304286270078 0.022010996230882048 -0.0037300176664821329 -0.4906258573542594 -0.010488880836633938 -0.0038639901699455163 0.49506090610969267 0.007154720153507604 -0.51134022852578509 0.026981112667896053 -0.015665493752948949
0.50413922103729425 0.016639983818692295 0.00019848890022194812 -0.48791311622263867 0.0053968763464536168 -0.0054746585707223993 -0.49020201747971232 0.002986109376142603 0.51538908596926025 0.023074114638862497 0.031355234279875681
0.5031145771768436 -0.0052494396996032493 -0.011561375550264916 -0.48015863109339041 0.00016227879247392553 0.0099356361624210188 -0.49164778745714716 0.012521583311861534 -0.52199652843805666 -0.024800655089802684 0.033070543420761274
-0.48647344797318998 0.0039446603819867695 -0.0096854754516049781 0.50193631506761149 0.0051548038845977626 0.0072099339852751071 0.51272989158507642 -0.011913662137140412 0.49798832028147977 0.0027158303020527216 -0.013489853989147477
-0.50180491739411182 0.010656778819551576 0.0068389134971326279 0.50102781325031176 0.0076844526812176722 0.00060908246703453111 0.50171806405388208 -0.0036654174886535727 -0.49467111715011769 0.02255090236204936 0.00082905873034178448
-0.48832201942100012 0.010254652974706461 -0.017619524059624459 0.50463299646088455 -0.0013932053496346504 0.012761988512573753 -0.49370295953890192 0.0031559658735026285 0.51199584140718823 -0.00099408671737468931 -0.020332907296376292
-0.4853727440796472 -0.00091470608379877764 -0.023672451747754817 0.52124927772273255 0.024848268226379783 -0.0017272558420693368 -0.48697924592888053 0.0074160988904790953 -0.50240263820694497 0.043691726646640228 -0.0031122226272975073
-0.49125834519848605 -0.0075978731341389645 -0.022168734739935577 -0.50007384403030708 0.0083818172684845295 0.0083302835563378898 0.51146664876783376 -3.5472383601063788e-06 0.49615706862771963 0.0041847508350291059 -0.010727447293233782
-0.48723364331020541 0.00061322356837624264 -0.0086119804328424285 -0.48942412796654361 0.0018365974806601893 0.0021882330156185177 0.51913756638812725 -0.019371350264809514 -0.50213601798050145 0.024630908003155295 0.018930712027057123
-0.46699153883245764 0.016636477409612316 -0.030850646692126279 -0.47406717825382122 0.0035620627131586276 0.012709053112397409 -0.45727661030169087 0.013808923157200722 0.56125726470473014 -0.13610593447276836 0.11379517910411141
-0.50435023956704539 0.0038040723834471086 -0.020751736645818992 -0.4841033325403491 0.050144284476549936 0.032205420596243539 -0.52155773324591082 -0.029918666772853351 -0.48350834790717517 0.017238513891452398 -0.016821734834449802
0.50742736390192156 0.0054384742079436965 -0.006093108617206423 0.0089707719438559229 -0.0014050261843736507 0.49653830804183247 0.0048320844182793889 0.49893709811935771 0.49669779927879393 -0.012077523439736788 0.0013710900396665272
0.50023283631832749 0.0050630505087048035 -0.0047501798715878221 0.014822860418993 0.0017172178774518176 0.49800265239433378 0.0065468669824855549 0.50821981942314665 -0.49280790142431408 0.012810682190177175 0.011645400526723722
0.50628908610273249 -0.0078841109919851014 -0.009825365425337242 0.0055742502717066591 -0.00059039081129664541 0.50099078598703906 0.0027791051622075712 -0.49572901858352292 0.49659147775676138 -0.0050138180576140192 0.01030816989710907
0.49352208382341362 0.01041462916027586 -0.010731803766622725 0.010059040683556713 0.0021437639381891812 0.49826807211488056 0.0013086984929751321 -0.49051244992291515 -0.51606003828626923 0.027607349254706176 -0.012294709576302555
0.5083216084159351 0.014234722482032282 0.0026040283826045487 0.0098878630753121022 0.0046534799267135335 -0.49991277095910958 0.0011617793187506259 0.4959812641498193 0.49511743077623815 -0.01246406857277217 -0.0084937310500870083
0.50511459557382277 0.0061508519199915332 -0.0090643244224062249 0.011511185851757125 -0.0041840235419801294 -0.49855165630513243 0.0011215123574684505 0.4954558311761294 -0.50018130767217828 0.019400998752023255 -7.2047131728501164e-05
0.49931333401786065 0.01896354468133753 -0.0062696408123090741 0.0057029995253759166 -0.0029315425444266913 -0.49145288943753951 0.0052975935742038821 -0.5010241177919319 0.50729594723077343 0.012341707164908218 0.012863998134958953
0.50341864608215003 0.016845630386046431 -0.024603471027394987 0.0012408682274705101 -0.0038765711233929002 -0.49165304281249544 0.0040506830338725387 -0.5000997910559194 -0.50357532834479612 0.007635039755573475 0.013366542778307001
-0.48172011792723585 0.0021420052402445267 -0.00068168182078195906 0.003970543052579093 -0.013501758789243295 0.49830320572260972 0.020452427136873563 0.50972958176079808 0.50828155618262616 -0.0061352613699865886 -0.028393616999488211
-0.49633171206837723 -0.0004805187195831276 -0.013288226582143691 0.030180001768035033 0.0096930905499143325 0.50132939570543111 0.002087121092709315 0.50348253951833322 -0.49625811047151408 0.036788819904630357 -0.0041855786716949329
-0.48700922088884407 0.015150293110453499 0.00072025520969124239 -0.004065879331111499 -0.00065114599073575082 0.50283525757907421 0.012485402195278718 -0.48829212438545905 0.5198543634297822 0.021468452284406407 -0.020908834605902971
-0.49543463178224068 0.012385242634001401 -0.0070953197550811791 0.0037314314763737949 -0.021066594366871114 0.51391809562164437 0.018954454489078638 -0.48984571433611279 -0.49694048399549678 0.039986453642577038 -0.030239006924559577
-0.4901665498058761 0.0089596254407931369 -0.0022270337866065787 0.0066415819099472327 0.01866905058425113 -0.48754651410659716 0.040071535796394331 0.49724684285374143 0.51673597601025112 -0.074232976843489909 0.01305821362176105
-0.49537988490705342 0.00456030563172882 -0.026176067948373564 0.03418629508256299 -0.0048251265555957212 -0.50534974457405368 -0.010167748466163853 0.51745406826042339 -0.47756665876887955 0.037095976733532696 -0.0037837579667576969
-0.50049862668266332 0.0055835361472531221 -0.016529699433045515 0.022286401939791627 0.0032127486266609593 -0.48468529323936055 -0.0016596795978871843 -0.50326430567910252 0.50824235061687917 -0.031813536025658298 -0.034201973039070792
-0.50163483339538517 0.010491867712822539 -0.039387241853015995 0.033331315284890958 0.00084186723898679947 -0.49566626872412517 -0.0019966681898767585 -0.51249485357301938 -0.48671686178091489 0.016163920673086418 0.0097358640833025319
0.016841877591574062 0.50254454249244684 0.49544104880509998 0.002505376203970061 0.009336799149962105 0.0067208771748155614 0.0049918676133968564 0.49795837825146133 0.50319674943715798 0.0010364897520274642 -0.019219002123885037
-0.026811423833563351 0.51177239586895773 0.49361835961878003 0.017342793879008837 0.0026168353592726885 0.0049387494905840977 -0.012733585637331265 0.50309374918067185 -0.48902625932917437 0.030921352621544562 0.0032846344076337287
0.0060558259214629206 0.51460264750701346 0.48879565712101297 -0.0034423442045811194 0.012259122013657118 0.0024912648404343857 -0.0022124651539614472 -0.49173964451647423 0.50376125965276997 -0.0094993156563624361 -0.019480472479227622
0.0032692201018102115 0.51151397136450372 0.49365895128279697 0.0093818924009207508 0.0090244419033159214 0.010080342547155686 -0.0048182222046076664 -0.50299971503744256 -0.49082915319380455 0.0180029641615671 0.010160827630694294
0.0075638589629723856 0.50022496309606801 -0.49592426325956535 -0.0032458979349068544 -0.0049525320796822477 0.0019423283501129468 0.0001518402348121634 0.49352061263657598 0.5096648300086698 -0.0087019198417227408 -0.018479255055957721
0.00048143848413767856 0.50498825760595834 -0.50569947487361866 -0.0043407095021390897 0.0020933156759674115 -0.0034035681022544285 -0.00030053096893199521 0.50868866343250618 -0.47931005301690555 0.026530082188057202 -0.0036935344476220853
0.00021476158642942428 0.50681552246405748 -0.50109868090750476 -0.0022741527058097468 0.0024476844963244758 0.0058241399912691135 -0.00037937756306123378 -0.49605327275466843 0.49586505879585707 -0.0064279032598674344 0.00073533003043617915
-0.001985163788011537 0.51217842975659533 -0.50661798980736106 0.0014797953716601431 0.0060343650952406659 0.012839939525529339 0.0035854208529272373 -0.4865274558175347 -0.49364130954918894 0.017708244818568593 0.0093228365811690844
0.0055964882961451173 -0.48859080240169628 0.490773828397226 0.01164655771019691 -0.0019437400672412831 -0.0095535536869251064 -0.015312225822458675 0.50802384818256252 0.51003112879624568 0.021484054815371002 -0.035242788385901828
-0.0054547626952637616 -0.49334244524742787 0.48979631584017097 0.0049989716868255414 0.002557786245497495 0.0081097515193753293 0.0016557398385094867 0.51212864316428963 -0.5037673914553612 0.022823360026412515 0.0021833763233924702
0.0026150071169552393 -0.49318727619745023 0.48827267447691824 0.0015677278897989746 0.0088899923201727505 0.0090015889201237355 0.017992250628177001 -0.50252135701339873 0.51450063545419966 0.0027918292037463813 -0.024831750366546924
-0.0062176475433433596 -0.44238820670866452 0.44336398418885148 -0.0027739173030107128 -0.0050863058054634166 -0.019872848200374198 -0.0018113111386032265 -0.44611945893802452 -0.59473308792843149 0.16737361090721664 -0.16280870287720026
0.010797330218803582 -0.494858524081149 -0.49789300604829728 0.011940864257908282 0.0045868356446677775 0.0058278272340153477 0.012163778489845612 0.50255838900420835 0.50382247530328539 -0.010370164084205357 -0.015681443566155088
0.0073786495690280072 -0.48454084073571374 -0.50498634244072105 0.0076751272133334216 0.00010855108088099339 0.001762398871539217 0.0052550252639190663 0.50750478589722936 -0.50103136277678872 0.038355264962388169 -0.0004710538498067473
0.0018847014285687824 -0.48667907563195117 -0.51145918522218181 0.019016574439794404 0.0039431952732254484 0.0033721806470155009 -0.0018752699403912765 -0.48660698883669262 0.51272337372787469 0.011116011949726655 -0.036907650820539331
-0.0033960875236574354 -0.49085166078967341 -0.51285888592730156 0.0033788458694187524 0.0095650637494579509 0.019174577642556749 -0.0024436107284884082 -0.49944573971687867 -0.49600972006590249 0.0085648458100833786 0.0026996675553152185
0.014157030294204828 0.50696113879202676 -0.005932723130539024 0.49362251053717221 0.0029098807838812612 0.49961649609359993 0.0051880653156143215 -0.0013066766936879017 0.49918642097614901 -0.015098044729135784 -0.0047785241270496956
-0.0041149619221545483 0.50374328418501468 -0.00088164795674955377 0.50730218820069517 0.0031421447784095529 0.4946707345857761 0.0072543575225911859 -0.00075313306542817526 -0.49376085889126053 0.0068256380131220158 0.01615260106920632
-0.0016346759639442453 0.49996620097091915 -0.0021140443410665264 0.50377513554015818 0.0067289093489642272 -0.49000036236402772 0.0064876586366836003 0.0009227012607903296 0.50561310027312389 -0.0078549480292927441 -0.018503716998692788
-0.0028661020340898223 0.50418533210087724 0.0018011412690112946 0.5032304103002857 0.0017383162651826241 -0.49490216030244405 0.0099397791415857754 0.0018478894204738943 -0.4969995566137968 0.021489802968524686 -0.0064102703920566563
0.017054202489069987 0.50807474048527712 -0.0078533875546184986 -0.49641339821538905 -0.0046314042758362501 0.50552269747542944 0.017709965574907803 -0.00030785273267183646 0.48894359877152815 -0.010979769325102818 -0.0025478025808627408
0.00079857087143553275 0.4986198851191006 -0.0057337220743777324 -0.48556208649762361 -0.0021269483514497673 0.50116148259268312 -0.0021600441865928864 0.016012134701618465 -0.5131645694908572 0.02817525704220426 -0.0037452307163362603
0.0090377520757160823 0.50509086909649714 -0.0020796504965739648 -0.49260144208968892 0.0039383002212976725 -0.5028281315374753 0.0072194007180559124 0.0021867845264075636 0.49867427928926916 -0.021783759607024705 -0.0090507703015175953
-0.0093464624519890346 0.51343086807013139 0.0072803912738522601 -0.48530126542315188 -0.0035302216477596025 -0.48710740649826256 0.0044486371330196509 -0.0033294251433920214 -0.51202128235045585 -0.0022769852540036606 0.035257955383819956
0.0088379351587475133 -0.48762757757606845 0.0086011650460434512 0.50456170477207818 -0.0008490466339594752 0.49424494927146151 0.0082357926954246524 0.0081942970425591139 0.5122172787871021 0.021078997752587224 -0.016127992639281805
-0.00033138842994537363 -0.49098010598387459 0.0074466807417955935 0.51102174663017386 0.00035597285642767555 0.50040744983264129 0.01184865077200546 -0.0085145161180535389 -0.49706765348270476 0.0027293313358665128 -0.0059511061056767125
0.00064633164940619211 -0.49203689895017555 -0.011906699168987402 0.50976358604138317 0.0034518230685212123 -0.49774597938974141 0.022222262537497612 0.010626041638917116 0.49834272499145732 -0.013046582352268164 -0.031830606822522943
-0.0012603491629611786 -0.489141257628596 -0.010846184331491905 0.51433684147768111 -0.0029845864904789483 -0.49737737957773548 0.021822387336623669 0.0090363259311886275 -0.49744743659083629 0.011567947870746699 0.023246689085551143
0.012403515449745387 -0.49224336051698581 -0.00053792336059262048 -0.49281406873718714 -0.009673084245679895 0.50280306081970505 0.014132505408852905 0.015286971069953647 0.51036181596764407 0.0040473208172583314 -0.029208926698663394
-0.012062563419162935 -0.49007081287642895 -0.020598080507727386 -0.48300557314939263 0.017648602159935852 0.50910118703888652 -0.0099056760115633826 0.013659550642850573 -0.51390603425434578 0.016676562994603818 -0.042528942809142864
0.02227312183960159 -0.48807189837942977 -0.020084917185137285 -0.47481833432058512 0.013959134003633944 -0.49623127540904616 0.0080695709068776111 -0.00076218141214041632 0.52776688327988819 -0.1019000602933209 -0.002516975250850192
0.017595124158279074 -0.49533609767784398 -0.028317611806000526 -0.49438390550471367 0.0052212646432913202 -0.49036303598292091 0.012880966807960609 -0.0020517386683621022 -0.51413889436107818 -0.029728840900524859 0.056915063965497392
0.0052499250094916175 0.50359534073888279 -0.0075046061131139536 0.0016596819834277185 0.49383529099600831 0.0020553823598955263 0.50439010208021218 0.0058682835579198329 0.49785078355666051 -0.011118080833735439 0.0021798964923796646
0.0032921138304114737 0.5037559021183039 -0.0042904532830900137 0.00493480438198952 0.49256386995694251 0.0029343270399849785 0.50646015936659872 0.0075617736902534463 -0.49652777522253844 0.014570474162237635 0.015408205280363874
0.0077715625692627577 0.51020326385484038 -0.0145022040815567 -4.4679519323975638e-05 0.50403330985339878 0.015443201938088688 -0.49530901098729857 0.00087147363130622637 0.48961171794272951 -0.0090703150612289722 -0.00040709470361671301
0.01337585344082194 0.5014290137836217 -0.016468592262679316 0.021241161628143393 0.50175066152518599 -0.0043610478555185421 -0.49593151713341088 0.015019835977202009 -0.49953871181612342 0.0098656896441726514 0.0092175120738317313
0.0069889255998620958 0.50163108109584686 -0.0045102657162785715 0.0029562066650459379 -0.49716812897370277 0.0029761689986524372 0.50272658796739633 0.00030622807140790267 0.4983339049607749 -0.0052019804796455335 -0.0023384256317599715
-0.0023617216166300597 0.50600773118662634 -0.0092562945101069879 0.012992010497403355 -0.49786223502981242 0.0038805624673601841 0.50072333468479346 0.0048733651026239737 -0.49451819248683804 0.020163089723564526 0.010576512594884903
0.012154461637349614 0.49880330609127699 -0.0011983591188485124 0.0074063308970517047 -0.50313804017645603 0.0097794962855846622 -0.49863046322237348 0.0059024602674495876 0.49886265018335385 -0.013180436514206282 0.0065474825198066503
0.019633223240296326 0.51367630241153373 -0.0080325246214394946 0.018022913568446399 -0.48836927701734467 0.00090176001601039986 -0.49699473366842961 -0.0017579473071434599 -0.49977784748452841 -0.0046061600913122058 0.007107242447501644
0.011628325132596297 -0.48594001951429122 -0.019911318394985514 0.0063398768659528948 0.50125398054050274 0.00097907535213109017 0.51011759046083405 -0.0094819198070501265 0.50165395637254895 0.002413139705880237 -0.0078444353301599188
0.0080988746753229979 -0.49268819662396085 0.01061842206013072 0.0061830450809587014 0.4954922603656664 0.0033839288462276383 0.50808176656951087 0.010258817058245176 -0.50279760336719637 -0.00046794274354574646 0.02144209355803748
0.0079858040325244076 -0.50079396308533675 -0.0256911382433429 0.0064465570024282992 0.51810103935195662 0.028851036181467313 -0.48476177522320413 0.006924978663523409 0.49389653464531991 -0.013082769139266544 -0.0056649530837332212
0.010692502434598249 -0.48765562019704495 -6.2834166857376699e-05 0.014403539536871025 0.51570155027398001 0.0085170014086690046 -0.48532100938360589 0.01124077279113502 -0.50839102956189763 0.0091472673748244047 0.040516956365454312
0.011412824273225227 -0.48814275978810612 -0.0072752278163486384 0.0044352141717581683 -0.50190240842357825 -0.00051500095750643476 0.50070312914147641 0.0087999632753837029 0.50861318415659984 0.0018925595381918 -0.01163979688058216
-0.0074583665659719309 -0.49057897986014642 -0.0018845991643719423 0.020773013040056847 -0.49391164894105527 0.0064156065972077051 0.51211303150604037 0.0021871974452541804 -0.50205954751689696 -0.018824694428101543 0.01299966503171085
0.025612116607152204 -0.49375259617862977 0.0061019106679517342 0.0026623960957011653 -0.48467260212905355 0.0077322268566072374 -0.48223596353006376 -0.01457613896794689 0.52709222922599552 -0.057374609006870206 0.081600862606850691
-1.605996704630938e-05 -0.48680667166467101 -0.011702098789502662 0.016651533597707564 -0.4975136768193637 -0.0068451042282431773 -0.4847620493996912 0.015612818985415739 -0.52712607194943895 -0.034819896650479354 0.026944606453513129
0.017784277390035609 0.012761001130678011 0.48926686137796072 0.0034314088120820448 -0.0048679172789571918 0.50817694102830591 0.50485148658305423 0.0047523063659421355 0.49681260046933845 0.004339150668623064 -0.01097014004983694
0.024251496841011674 -0.00022825947733409841 0.4992944244295307 0.00040193598845129718 -0.0035058458019460899 0.50240109335448424 0.50470104177143083 0.0075607897376629395 -0.49284285172606174 -0.0030334002687592725 0.0037408955833842716
0.0035497069652546437 0.004304136001421115 0.49733508387216058 -0.0027796774808262277 0.015984160845413348 0.48795801622244395 -0.4938904395978001 -0.0017043984587678167 0.51743660368288869 0.024783134598831743 -0.044440171595073297
0.014222329550067593 0.0052807477186506005 0.49368318993011884 0.011303901699857701 -0.023155603703188241 0.50696845700631987 -0.49004856563810034 0.010804886498726863 -0.50684107150059043 0.011673290883816282 0.032822107094469422
0.014376598112933731 0.0115007912903436 0.50317400317672212 -0.0012215300472328246 0.015037375950192076 -0.49411059814136898 0.49458885628348381 -0.0062568724271419357 0.50681677855044649 0.021001541010751024 -0.011936196601472668
0.0056777441577385707 0.011514617448998024 0.4966053103213337 0.0058482868385570643 -0.0090392418777896586 -0.48635484760749131 0.50066051457450556 0.023947493170333848 -0.51367044046203081 -0.01977512948805614 0.032841802463920405
-0.0020297291668116809 -0.013474264938962166 0.47753914344108883 0.032000156527887617 0.063188320889466257 -0.47903236641265662 -0.47723624196998982 -0.019812598539742807 0.53518117926905018 -0.11080063349066414 0.10217271721739925
0.0080748771872586663 0.014585873290993333 0.48808512449975167 0.020255205261983624 0.0021523720033054697 -0.49189721694432265 -0.50740982519804323 0.016094758198270245 -0.5101325416029987 -0.0081999523115876376 0.033029693437557607
0.012030654779067436 0.0038684235676604665 -0.50037726009961281 0.0051296593808321635 -0.008203665231363259 0.50013539063080903 0.49882243144783001 0.0028032401225155691 0.50018771586370958 -0.013971322657609512 -0.0043873114092207559
0.0051310884687422479 0.005214466441475947 -0.49954049771719783 0.0075603093177655286 0.0013249838013450939 0.50024795261557253 0.50083477253972586 0.011631314099832353 -0.49883948257632316 0.012417862112757893 0.011534943741167559
0.018630181625679181 0.0050881994965508437 -0.50447981318535684 0.013223502217006324 0.00032937755049936484 0.50679541016686391 -0.49337673368943619 0.0048195959956679373 0.49438898921943569 -0.0087983005473007518 -0.012995182751205243
0.011191652189836053 0.014862838076588549 -0.50508532574874598 0.01759034952854005 -0.0072418202224838451 0.50277819141172841 -0.49590743287269268 0.014278193949635974 -0.49497831371907497 0.01607822223884086 0.0021894016411253964
0.0059007258651639872 0.014164812763315113 -0.50554277424203842 0.011454564393682575 -0.0025652876538610047 -0.49341593310204268 0.50408968136442411 -0.012839314770162546 0.4960868921197778 -0.013123093956999472 -0.0069496151140901125
0.0078339771657497028 0.014269452602668186 -0.50013028479431898 0.0058230305500437587 -0.0018149282507503336 -0.49711546647775362 0.50527703542987001 0.0083688896575345641 -0.49685711073259547 0.013107532847026305 0.0054776222237960101
0.0099015801649623928 0.012499916279336542 -0.49808731781192339 0.0088986145082832185 -0.0052587834237124318 -0.49530096065123713 -0.49851597755536775 -0.0022739788697039662 0.50632486535155541 -0.010572305534099912 -0.034997987047926137
0.0030716505960253107 0.0057021780636075598 -0.51976615438791185 0.014275279894028679 0.0022837147809257911 -0.48683016253139422 -0.48409515799322783 -0.0017966920872789563 -0.50811629986947127 -0.0031959996566221192 0.0066970186918478818
0.01465131246999142 0.00056868606781286437 0.0005943496644827146 0.49831201241321249 0.50873398360061373 -0.00037204761441478871 0.013001377901314394 0.49402483328147839 0.49820786377421261 -0.0096356973142505825 -0.011220617956935285
0.01110193584909781 0.0064907959139850913 0.0033975175380546053 0.49971639196855605 0.50157116021948911 -0.0075350892670646734 0.017945449134559852 0.50646894194943959 -0.49114551364738052 0.017887006496072097 0.0099752616888049896
0.009317579979054625 0.006858673857792901 -0.0024508939204643996 0.50157573008445722 0.49739490386755353 0.009220558132843306 0.0049525818950239223 -0.49560534760563069 0.50497475771890576 0.0054533934260071115 -0.010806398286900993
0.01466454396983591 0.010130848993928701 -0.0050573084148552664 0.49770258793221261 0.5083535917173535 -0.0077677960142208168 0.010729523750499242 -0.48950092547287255 -0.50318646331198602 0.02275619894573324 0.0049418224925677472
0.017965370525179741 0.0044551101359683485 -0.0093060306227629019 0.50084253185562422 -0.49793646298845823 -0.0046062075582034368 -4.6558580865727517e-05 0.49847438832061736 0.50154552558600962 -0.0081006328325178758 -0.025987742218041343
0.0092335500821520266 0.017161236568777539 -0.0024493666408151866 0.51215380472618233 -0.4964240454159084 -0.0015822735802780773 0.0026160553894132637 0.50276242245324343 -0.48753437376440562 0.019896762869451478 -0.0032915059923710587
0.006451787864489484 0.00706831112041445 -0.014733464237473968 0.51118616632292635 -0.49217284384252935 0.003112859062342281 0.0033562788394500137 -0.49371851100735775 0.50175434925305507 -0.014367236443042599 -0.020079006423797018
-0.0058084022189679651 0.0086559311772925647 -0.0053239947219831021 0.51325187545488127 -0.50167598043477857 0.0038347419402430505 -0.0029628263357375805 -0.48933964332037738 -0.49504140483331383 0.014612385305186984 0.00065649216403931344
0.014145316300584574 -0.00037039041088875456 0.0063418135589775821 -0.49400693811908203 0.50019973656243721 -0.00026457532452270029 0.011183697352269002 0.50877558082937169 0.49609085279553627 -0.015282399363912715 -0.014124453228571157
0.012639627870184088 0.0088500194207369858 0.007463403548797801 -0.489354378239792 0.50271203473397041 -0.020143809570177567 0.0055622231746199719 0.49489596845831807 -0.51098413067509152 0.026546634296982046 -0.018731807734016302
-0.0075240221755454436 0.011741422473428105 -0.0084002398910292628 -0.48741409850854855 0.50646299875869372 -0.013498716792018891 0.0042850687475202371 -0.48977454979209045 0.51364805132756242 0.012543024208415007 -0.039829092880502272
0.014370688905054762 0.020803511847573317 -0.010869368286137564 -0.49208345695949657 0.51098029952748336 -0.011051485085280786 0.00750259259484066 -0.49468212711558379 -0.50019118942603702 0.025030880590354063 -0.016998730583836989
0.022252976176810883 0.01104151931458057 0.0015181375081784474 -0.49243817350976943 -0.50810496198640553 0.010368690203376189 0.00041049619294061986 0.49932014427622146 0.49915896334561127 -0.011235047016473822 0.00062955758246002118
0.0085776047344418484 0.01904940566188942 0.0085036309502116245 -0.47718484030242103 -0.50215582062197073 -0.0031138315905512607 0.0046429614669641663 0.51057117286004072 -0.5081581123985679 0.016181871728682011 0.020608186225008603
-0.0091544030891313154 0.0034143691181665993 -0.0079214846197501309 -0.49234577015558734 -0.49557130792045284 -0.014632921139816056 0.008017077882606409 -0.48792322009261158 0.52089638883534228 0.027135566373004096 -0.037810831205515746
-0.0047610099706482494 0.031848016694415407 -0.0034028480911678081 -0.48704962929948409 -0.49951001403530887 0.00016090083682699079 0.018487720415763777 -0.51672133281052768 -0.49345014952957778 0.018040395876112808 0.032597519665953673
0.50871007042872007 0.0084489238525589597 0.49243944307748361 0.011101212565048341 -0.0056008472269113586 0.49925971241975409 0.00201154693261068 0.0024128095893241777 -0.0028635401014255536 0.49920441472469329 -0.002844725371020092
0.49808374002118061 0.019526526233554827 0.48749455554184634 0.004937411638693193 -0.0067246413258272957 0.49856526947074448 0.0096685366760571444 0.0059107721505974719 0.0066013125606734519 -0.51485024746801611 -0.00081350197321732249
0.50608199871033444 0.0069892620161054369 0.49520350737504243 0.012508107422383638 0.00032268318878795726 -0.49396303495153926 0.0054941675608734314 -0.0027351472827909376 -0.0079065520045431756 0.50428812723510708 -0.0065509208723915592
0.50881069415772406 -0.010615931787226815 0.48329339702632074 0.020135434594734065 -0.0029950887451935864 -0.49560282068027389 -0.00072485392361830176 -0.0045607426951767968 -0.030843912860670043 -0.51001142264192978 0.017481011746614324
0.50792496517457475 0.0032912541531336559 -0.49975019997167897 0.0049179527160513655 0.00092983702420739453 0.49792942836587895 0.0084127535793301535 0.0069134435611358149 0.0088388064000353705 0.49402171214375146 -0.0061823818640629183
0.49981059716743459 0.0051908588191855315 -0.50321946901954095 0.011725486413149239 -0.0025107655963183648 0.49798109054471906 0.0088830284713964439 0.005550106349831386 -0.016627004753828625 -0.4981284070574315 0.016898264643292762
0.50724640038898983 0.0011887031813282295 -0.50476497775700757 0.011537662549812601 0.0012057529509757569 -0.4918212572511782 0.015338716932562066 -0.0012277823665066241 0.01030742562374239 0.49507460012027937 -0.021151513699617878
0.50128340723286846 0.0013886377940155806 -0.50600346192629075 0.018172884071572928 -0.0040079853702086454 -0.49783089432965616 0.010149671147281776 0.014802684898204875 -0.011995276430280304 -0.49375711536998618 0.015148791559005285
-0.47960629447147041 -0.0015966135421852635 0.50288964168787409 -0.00849960501854332 0.026511885511283865 0.51299306653696675 0.012709706106032366 0.011383503496838395 0.0058650849882171891 0.50144346426491071 -0.037002484790490883
-0.49028323005265434 0.011252758262563512 0.49307196691013966 -0.0079931468444089625 0.014015565656768822 0.52189321312340964 0.019097277334143587 0.02705479126335612 -0.0042705987908615295 -0.49186469878429406 0.026403128043411165
-0.47298139490274127 0.0053505641900219603 0.4986301821764052 0.038986511341765104 0.017213418638643192 -0.46047413239709145 0.0040389108338235212 -0.016702704924450924 -0.091380353716946763 0.54390808749883279 0.096403146536596443
-0.50254573936003022 0.011399784255465987 0.47586045407145594 0.018734386102980172 -0.0096504424743596925 -0.50587294799601323 0.0059508941334037047 -0.0081599151720032573 -0.031973213150617505 -0.51261330404334682 0.025028424763072703
-0.48129733063152813 -0.0011229104237605668 -0.50266966489460385 0.0010510671321972238 0.027055184057941616 0.50712801114511241 0.013287606725694096 0.0044266724065247665 0.022356508142354001 0.50647799474818189 -0.023387830977236658
-0.50366669354994187 0.02761201236053594 -0.50965056866836 0.0028249489697698368 -8.7192496817870279e-05 0.50335067205881845 -0.0003429783676432112 0.02099680816155906 0.0051454110525335391 -0.48161294636013147 0.0050359202624296762
-0.48235893479667069 0.0093142047257498816 -0.50751965816365441 0.010406061596063582 0.002354722768248912 -0.49649510616151565 -0.0020449784597562871 0.010316407247902946 0.037601432018769809 0.5102263682092224 -0.034500060996519775
-0.48806773669957448 0.0089751471230563595 -0.52025527431752594 0.019396881237255789 0.00535034805886213 -0.48527918883059162 0.0044851676456032783 -0.0064993070102754673 -0.0038377597106933948 -0.50462754555796241 0.02042005087742238
0.50368111710700303 0.0035260835229432861 -0.0031850049391882354 0.50079529673154977 0.0047074647907259784 -0.00062819807021202777 0.0050641882484953136 0.49633299328158736 0.017236280013338514 0.49855762644260049 -0.015342366411394744
0.49649530947217513 0.0045420453703013926 -0.0031667366787061445 0.50789646639142527 0.0039578183956125654 0.004096969176587948 0.011901736212595642 0.49987055379016426 -0.0081392713368671436 -0.49503815435914622 0.018144843301711296
0.50607452761133942 0.012108843968239415 -0.0049785437240878203 0.50262857554559925 0.005009197482265291 0.0044912510629746558 0.0030144611474016421 -0.49349295316386649 0.0061745533095281377 0.49732833933231746 -0.010882561396947144
0.49874533548699462 0.01341042831478555 -0.0036983719176254589 0.50352927500833811 0.0012828662934521993 0.016018720286164273 0.0035876839155809235 -0.50058399879151538 -0.0083009139361417007 -0.49629121872054754 0.016985481397318286
0.50869466298520571 0.0042515360390006545 0.0023834320313205308 -0.48894414185078228 -0.0046505731986964376 0.0091430947189953347 0.0046128487743040559 0.50186988029938351 0.0085053043095516864 0.50003380036889944 -0.0057955882203121513
0.49290858904694096 -0.00075472253910488409 0.0013437579053212668 -0.49416780928578397 0.0015222006969775072 0.0029078778771658119 0.018821592336977562 0.51449789087033526 -0.028178345048946497 -0.49675038426111917 0.014451834759773049
0.5125715147828861 0.010357599978682054 0.0016149013886110177 -0.48693887348687798 -0.0024897965733284393 0.0086239890268382524 0.011171337037859171 -0.50217447453475672 0.0056620564732370541 0.49656331551630434 -0.032547331956083191
0.43957882449452779 0.020476673956789301 -0.017441072585842664 -0.46149371597531264 -0.0073115993126047166 -0.0094996855569644371 -0.0061825441695910789 -0.43710970767557655 0.15420225775526591 -0.59746299113152512 -0.14520101930273341
-0.4854871310573427 0.0016994755802891286 -0.0036622285110000691 0.49840063667780743 0.0053232782978815977 0.0067736948453800414 0.0029818035960378396 0.49460977657504679 0.040748010450831651 0.51763860384375504 -0.039378722515349351
-0.4930633753479679 0.010664379043091197 0.0092984565730059292 0.51274234479823144 0.0042388848164596066 0.0075296820845739514 0.0074307356117476048 0.49576695119641351 -0.029799041269050086 -0.49689023220565204 0.0089983196889023825
-0.48594515497703594 0.0074151421342146563 -0.021050091053693178 0.50591868646667348 -0.0029719646573929011 0.017537849689655525 -0.0019695202352268968 -0.50355079193216523 0.018342055784785503 0.50299520461763458 -0.0134611917029374
-0.36359544900254642 -0.032544150966081091 0.017894510125941752 0.35397647631097612 0.018661562643911341 0.046602176900779488 -0.038774653815023825 -0.37198449841038611 -0.32002973736035395 -0.61361570909653529 0.34609310818776007
-0.47896640252276917 0.0050049900600119242 -0.016582501561743734 -0.49268976029696709 -0.00088880625573272212 0.003906212197610311 0.027925174414904677 0.49413434681558238 -0.033697686512948133 0.53000779331216985 0.023228096825812738
-0.41057901996307949 -0.0055962206861550606 -0.01973760610776713 -0.37687002830837424 0.02051914601517224 -0.0019095578126242028 -0.0096481209115975089 0.39000269793756681 -0.2921179450041681 -0.59607411625744899 0.30937976837969622
-0.50007576612605087 -0.0044828015311444043 -0.027082933714969473 -0.49335504100728622 0.014675816108679861 -0.0047677100023227623 0.0039388388593753539 -0.49173836461185472 0.009115105632455045 0.51165286051264092 -0.042889062669671067
-0.50515457519273821 0.013074634385398942 -0.016973542022325788 -0.49647700205518985 0.019749477880638775 0.019416327782043167 0.014773057579442368 -0.52012702271656108 -0.028098469984468147 -0.47428596793796785 0.02482523613944386
0.50672995053594272 0.0050935031341393707 -0.0029184086280262278 0.00337839149775503 0.49393736228366558 0.0039051520045556782 0.50424760832073268 -0.0033020939228197875 0.00030775459527670432 0.49488651457140925 -0.00045100634667205402
0.49967519198158766 0.0089319771965661928 -0.0053656130885218981 0.0044599458724774296 0.48736959416061348 0.00031559534597471828 0.50307538622604764 -0.0014658328520703863 -0.014670497663787816 -0.50869504794943565 0.024375238776261601
0.51677082709396605 -0.006487180084230262 -0.0098710414482812963 0.014253964529524149 0.51666098383094983 0.01674424105589957 -0.48495801516427844 0.0045175645260676339 0.010027843739340701 0.47964313512199874 -0.0048471014372549947
0.50085387032305917 0.0067293072502598627 -0.011493703951521455 0.019133380625339126 0.49580177317922675 -0.0025742724786910337 -0.49307118611259071 0.0062123375738504785 -0.013242570352090465 -0.50933322054689412 0.0047347038339089946
0.505906513808563 0.0096281550522423712 -0.0045774313182445287 0.011347094090802331 -0.49589393759767408 0.0038066031381203741 0.50198475254441399 -0.004873725304330819 0.010445665821219282 0.49568077678056194 -0.0083613115808542134
0.50297628596869448 0.00042857795194375291 -0.0060312615788468303 0.0074160845170780825 -0.50235757971813477 -0.0035153482263067574 0.4969962592638878 0.0047584120578083927 -0.003071265563493008 -0.4971067072747628 0.019883832063716755
0.51559996433064503 0.0089935240784758484 -0.0089586159697384784 0.0029978768648173523 -0.4944152754274192 -0.0068707645253070458 -0.48778975290651111 -0.0037888155322126742 0.0073869130581364784 0.50124424079577079 -0.015470089876121581
0.51236510323112738 0.0044753688186191139 -0.017159154665374793 0.023779737428393514 -0.4953038918051908 -0.0011526518753639603 -0.49259225319649841 0.008630859596092005 -0.015918280081396362 -0.49797140289601177 0.018007118887913127
-0.48287913218838097 0.0052483802567928443 0.0037346682966937438 -0.00028333283983662257 0.50139719290812945 0.0074810833974675731 0.51193255738840215 -0.0019747085983323606 0.0086864965065841879 0.50275590824629657 -0.020328729068592771
-0.49579916119808204 0.0095964356438212814 -0.020464523768785766 0.014604629161859872 0.4984912290494119 -0.00062600985420924746 0.50636256849042738 -0.0041273610344236692 -0.0092026378461744131 -0.49838490367084104 0.0085337153098815691
-0.48973040449019151 0.00018263442492634261 -0.0018324360451447096 0.015318415588293593 0.50568182562553388 -0.0032226729976524678 -0.49040302324988505 -0.0080775977331805637 0.041995583273184388 0.51045955197035275 -0.036175067177928392
-0.48834582109138469 0.0017955317631216535 -0.021329747426094444 0.027112840157987657 0.51905545370477801 -0.014429253308954136 -0.49577208941244139 0.022925974123885407 -0.002909047426191622 -0.49433816680208348 -0.0020131680926462601
-0.49022468212865217 0.0030831133402508407 -0.0077656859236383199 0.0007687846030205867 -0.49801805299133239 0.0012562700816563205 0.51439643432503757 -0.0024919611375440296 0.016330352770976518 0.49610635147219317 -0.024242634082689587
-0.50231045987371048 0.0077618868854946975 -0.017132387531515234 0.020085068186981372 -0.49092386886358058 0.0026853628026837972 0.50005343530061153 -0.028181706234338411 0.0049359132270273727 -0.50500881173912526 -0.0027677170546861855
-0.45093195544594916 -0.0043669211748265354 0.002324300921700002 -0.0047832692046822847 -0.48604920622820402 0.058928137289986908 -0.44976618283063763 -0.011415640468644992 -0.1241016796356062 0.57047732571157062 0.11675239258274679
-0.49307419403032265 0.0036558224825724412 -0.017482959148757134 0.019629288080854453 -0.50466368835865461 -0.01185490211166635 -0.49027054018356786 0.010398677445040258 -0.0079867675721337628 -0.5106155375303264 0.0090655166536800207
0.013828191410155588 0.50460198550863467 0.49339858959531019 0.0014674360275839071 -0.0013935446780620085 0.0093629416693154603 0.50052532221225754 0.0029071846833124966 0.0041137895096004908 0.5007301918242747 -0.019235148803359726
-0.0045532154219948464 0.50881015060237145 0.48950316483494843 0.010765408225092645 -0.0033862840888354523 0.0067039457982675061 0.50495092249490148 -0.0020298191535516523 -0.0022930248155178887 -0.49608854009761683 0.01473753009140957
0.020587456915843624 0.49978802357071872 0.4886175976948281 0.0054004877975615609 0.0017727458975509362 0.00150325007249638 -0.50001362625973689 -0.010082863029415357 0.0073098739752067493 0.51054254460833526 -0.013562779719868322
0.007729426851227965 0.5219121834279512 0.48073437185589751 0.0036657983752327772 -0.0032980144511543853 0.0072930868196583393 -0.48441254904253123 -0.0036170474478727189 -0.0010949662887535952 -0.51016164214440363 0.037817821264027565
0.0050449151505293447 0.49803373657016453 -0.49639700175758417 0.0047836608989086831 0.0026491491480412012 0.0022618217244240175 0.50175424105158761 0.0012472300851354835 0.013355758366844927 0.50334744647594654 -0.01400154717515477
0.001516847847646623 0.50670090657679945 -0.50364048244352855 0.0089747894359346551 -0.0030726042896277402 0.01000996239855325 0.50076447807553259 0.0076095314048326033 -0.011234780565635117 -0.48788961194787345 0.020554965085837765
0.0075455818266262995 0.49888636240253192 -0.50096331691676321 0.0013083310217415203 -0.0052588088124792525 0.0081421256085059835 -0.4969270548398611 9.7583323017116287e-05 0.018485428482088746 0.50196851808231313 -0.027293664678183335
0.011008629972309624 0.50468697093192461 -0.50787984621499593 -0.0078002646337350396 -0.00054539745128129476 0.0049886432403500403 -0.48851237685030713 0.0049584463639495745 -0.0025694819366853913 -0.49841972255624062 -0.0066448853612628986
0.015495978154427133 -0.49443199187641806 0.49136270702314544 0.0039082481573555691 -0.0015903707284118851 0.0060316998526316412 0.5004633282962333 -0.0049445446987401902 0.025212919567722425 0.51243622901932462 -0.0095296125273243472
-0.010005003412782576 -0.47128698460185287 0.47875815827095058 0.013442010657639385 0.0042990850483506276 -0.0062602523092485617 0.48454170028780752 0.036078119634071745 0.084412360185146779 -0.54809521331034661 -0.068736045558287301
0.018039731150513647 -0.49384539941810318 0.48598989139158855 0.027563181800942135 0.027457586574468184 0.019325910861867933 -0.49660735547555013 0.0093412725733584921 -0.010537056885087949 0.5148743196114498 0.076192235219832177
0.021166070965341659 -0.49843800928777054 0.5020308270075956 0.0046226470572785809 0.0075282887010621269 0.018145838482919098 -0.4899619353418424 0.019991246880909516 -0.039319217565332458 -0.50562784245227987 0.031645183704603883
0.0047682835513578022 -0.49163131651475384 -0.50103459310070431 0.0083003865660138832 0.0037401553705888905 -0.0014281440165607436 0.50915709795206909 -0.010123331956466598 -0.0040564809583008496 0.49747794089429626 -0.017639015749593989
0.0036173212412907983 -0.48850302425062248 -0.50259744226673897 0.0085687254941292455 -0.0010671367584975081 0.0041605537069921124 0.50469637582171367 0.014359300118654588 -0.0011655466963379369 -0.50362221649233485 0.0097124948461986965
0.0080681200662206902 -0.49345065731282406 -0.50708857095772386 0.02149820122787963 -0.0043596131296632879 0.0082071776753514739 -0.48425531896379909 0.0031800249030551706 0.0084085742425765476 0.51366641146651337 -0.01779848025337849
0.0053714332305440276 -0.48445154313298616 -0.52244632429934323 0.0067965299512702682 0.0066282809216860654 0.0070087236534424405 -0.49473860969202316 0.028550892261584405 -0.0065761458158841496 -0.49630647019954577 0.015608834932987259
0.0051508855866559027 0.50318367022111954 -0.00028405765904816342 0.49541219395802411 0.50558543689413005 -0.0042896924337408509 0.0093671294435961859 0.0065430140182739602 0.013723857852645948 0.49523379029775921 -0.011657566440508657
0.0057262854173271392 0.50789355421819371 -0.005669335572341081 0.49836556473925342 0.49903401651418378 -0.002304570314492185 0.010599962396411642 0.007765705516569645 -0.0080970631137416253 -0.49411978927583006 0.013345977018416798
0.0064832147780669981 0.50200676179328496 -0.0021794315352481834 0.50308561455282319 -0.4890489389232498 0.0014302133729954859 0.0061767179060189144 0.0022921606820516748 0.025996986984370182 0.50461156943461805 -0.01800828119747741
0.0081583074929216567 0.4996797890754387 -0.0088589924032539853 0.5035990553366626 -0.50003080764055252 0.006261628554755129 0.0075881087268976953 0.0076849352425290389 -0.0024573715262084426 -0.4962508397218498 0.010269923124500931
0.012619638449807324 0.50377483901800602 -0.0018300968816561294 -0.49508564470346061 0.5009830437357492 0.016172436350247951 0.015157678145992406 0.011234435543911351 0.015013530371782352 0.49871105221264739 -0.019971634922160052
-0.017931362167361461 0.51515673274001539 -0.0011848067650060625 -0.49109812406909409 0.49505148345110866 0.00026569576077629963 0.017274378998288775 0.022202201114342658 -0.01485080590943901 -0.49700203731944037 0.0037789457376983895
0.014643276623799021 0.50201683358149252 -0.003266039959311357 -0.49902844502910104 -0.50003397466337018 0.0031495880039280281 0.016702301795475018 0.0090537233444373567 0.0096665488178551192 0.49791255969703407 -0.01759049463047635
-0.022435526293592876 0.51112361314329469 -0.00029424043006461324 -0.48933698938386316 -0.50479871667898546 0.0027847846312931304 0.017571098027033702 0.017897728009182226 -0.014295405062136012 -0.49228201825339335 0.028178144883844101
0.0063697260837609097 -0.48809766771128738 -0.013129391679573192 0.50142715461944154 0.50978459337539783 0.0013042117666499169 0.016839856123328709 0.0031271783674654595 0.0076556929247520358 0.49954009565832685 -0.018552941390995704
0.0095517984358067989 -0.497276808299141 -0.0095476692305820187 0.50577377670338808 0.50565407391755768 -0.012550187297097623 0.0073964030401569361 0.0065644153356894958 -0.014421044700213746 -0.49047910149155755 0.0026840936007823412
0.012032974464233471 -0.49325659576918501 -0.00026627829197182687 0.50718048739967803 -0.50127222806628946 -0.0086497479024326765 0.015414278959310797 0.011338353600171406 0.012244370268420936 0.49702500625362461 -0.020552763328379846
-0.00022341667525291184 -0.49176860309883885 -0.019924873757834576 0.51381597015482794 -0.49435792728424871 0.0036173487956198572 0.0064720445469649583 0.011774938589079765 -0.0016176936866822555 -0.49866471406683704 0.022522062562890802
0.0064930509899099849 -0.50377510906690792 0.0019290372336535884 -0.49362394032272638 0.50909447461854385 0.02554940184809568 0.009310694908022837 0.021751426952642865 0.014037037731813471 0.49034140845144236 -0.038453338250175655
-0.0032372886753378395 -0.49136646660401878 -0.0010982858834645928 -0.48723344173954691 0.50891884506995044 0.018398322766741089 -0.012348749769383488 0.032891696753717642 -0.020684304159486227 -0.50892313464500316 -0.03389750106192254
0.022141483405369453 -0.49857422116524514 -0.026017833658743095 -0.4994130385460297 -0.51046097435427362 0.011157306450224417 0.029111634930553833 -0.002193565088454565 -0.036395810939980601 0.48726814011837494 -0.023261635659214627
-0.011559334274745902 -0.49856439687937432 -0.0061618493250244731 -0.48739245790474139 -0.50975401637020878 0.018448907829878031 0.027431382129133031 0.020990994650909641 0.00080881332102863913 -0.50131769058358211 0.031746566542434546
0.0079643603842636072 0.49757232296896076 -0.0063843604820170629 0.0032912675208606524 -0.0067208816668897896 0.50236265720013973 0.0097665818792387112 0.49884546840267813 0.020596405270525423 0.50028125067357032 -0.015672304414072972
0.0064136489661642104 0.50614072398271259 -0.0091397508264459831 0.0097459561989294528 -0.0043403472459115121 0.4935944608291431 0.0025542181097759496 0.51079807011833123 -0.009714992748874763 -0.4887632833957033 0.0065163489580248859
0.015104543899221052 0.50634745150010008 -0.0065832780277792456 0.0051145100281155811 -0.00091814664356456579 0.50133618193422758 0.0033453513025894352 -0.49079999989786111 0.013927921190293426 0.50087200373294827 0.0036360216809071966
-0.0033360972444758724 0.5020908891438095 -0.012915742066755262 0.0043136734043186164 -0.0046641615279579647 0.5055954433073484 0.010444483092540027 -0.49544106118778292 -0.014830365710278706 -0.49588065231297951 0.019266167321853635
0.013786261762994219 0.49985811426511989 -3.2840674201369575e-05 -0.0022857493521540417 0.00034202756325697102 -0.49271568969721108 0.00060609934548254429 0.49526437505607107 0.020309948314134661 0.5106365676145691 -0.026987853987463811
0.014890218173654574 0.50501554982132568 0.0020435553911167317 0.010967412191078496 -0.0075206588599668386 -0.49594130325397612 0.0083457842121879549 0.49929490975096436 -0.028473745715732284 -0.49825068814572104 0.01300836498374113
5.2866829693801251e-05 0.50460977464237589 -0.01305925635614473 0.0091794202014584166 0.0029596938376950728 -0.49311755055993256 -0.0033712078466121538 -0.49645908895582092 0.0061823327702668152 0.505214149555827 -0.013339338504192584
-0.0074799935049980146 0.51534668445228105 -0.016722596942233572 0.015345338031348084 0.0028419013790819342 -0.50271056500562661 0.00033704241487082613 -0.49442863235646994 -0.010113731830986621 -0.48636595636674712 0.0026103881175903931
0.01190692525127051 -0.49318010201347212 -0.0040431886295868042 0.0059706279032030003 -0.017977572818600306 0.49946863202043235 0.013013669754248754 0.49799440666638489 0.0086719473120339795 0.50831791550392658 -0.012546644031831993
-0.0030350991466858899 -0.48361420214134815 -0.013883605066102611 0.0099980149717652702 -0.0055085303692401178 0.49903881437430836 0.0041442503036137135 0.51684576986780584 -0.017742724406601129 -0.49907204631121282 0.014520963774902172
0.015067783789941398 -0.48931079966898772 -0.011332778913129771 0.0087003712428608965 -0.00075737229781684917 0.50178184363490885 0.004485228395501 -0.49823938501046433 0.0055879674750172114 0.50922999871204211 -0.027370854000533015
-0.040562182118473594 -0.49368594042774194 -0.016488567860118711 0.013233689552535378 0.0070879865885843116 0.48552123032105132 -0.011751116960465479 -0.4629227946926322 0.072341299621997437 -0.54013765671219183 -0.083565777234305291
0.014455243202250433 -0.49727654025518686 -0.0093825557292001888 0.0083882789638727705 0.010595846801018207 -0.49754041221632739 0.014225534569122516 0.49138885022223167 0.011856058656086264 0.51268052426076216 -0.0065349125727677902
0.0036149180138080233 -0.49406035931817061 -0.022458229465752988 0.015915973241633505 -0.0099761141928120644 -0.49060679742190672 -0.0022774075714697859 0.51711510993573218 -0.033039820888851962 -0.49530862062898035 0.022440320171052918
-0.012641416365486127 -0.48843883607763933 -0.0034719781424693294 0.012659955136660786 -0.017315832130914425 -0.50394347820414653 0.0058251695598907161 -0.49659967569813412 0.045633325401942378 0.50665392529988174 -0.037559695516880078
0.013253068093309969 -0.48359306806748087 -0.028024139214006608 0.019902763794219892 0.0032764935023262753 -0.49542155776411373 0.027969941585583791 -0.51184473639553252 -0.029161064486324894 -0.50528913340593118 0.019812753028367439
0.026320303562898086 0.0071225182752619395 0.4998036418317135 0.001440771168650706 0.50443368528514065 0.0025977339282961848 0.0073689190964604228 0.49571605142786956 0.011609619186106675 0.49871234593785441 -0.018792876620893489
0.012814591071489747 0.021957681210748255 0.49832055534914305 0.0088947067245010829 0.50032465402535142 -0.0045280000744248343 -0.013607756341875638 0.5074191677977945 -0.0090628841109942956 -0.49246426364991319 0.018528973747515397
0.024626368935292405 0.015398463055440481 0.49123929202332162 0.0012818021462305648 0.51104827219628557 0.018933239235493438 -0.002823822694947221 -0.49862472617644643 0.01002624262070584 0.49734888785461046 -0.014795501379260279
-0.0093737922434197953 0.0012275654851203665 0.49361456711190888 0.024753130885580992 0.48973488858125808 -0.0057234265813011082 -0.0099490805359830053 -0.4857262222247718 0.033882880784106374 -0.52645531410207291 -0.037912445527958138
0.022217011921224824 0.010598393709531627 0.49782000858715458 0.0094478634874049852 -0.50394991502054476 -0.0016820392073801846 0.009584101319906238 0.49619614373135423 0.0090006692405483774 0.50109369575503815 -0.0057738400195780793
0.018321531434861239 0.0075386985775379002 0.49343901200117585 0.011696840485169864 -0.50363268807375228 -0.0019178808242107321 -0.01573200187179178 0.50624810698081935 -0.014506749506520998 -0.49518570099712628 0.019623611964666155
0.01426675189482589 0.0077746238193228288 0.49992871542754952 0.023987000910439333 -0.49728062212657775 -0.0050474556603348651 0.0162782608831251 -0.50114763446134314 0.038343495966435721 0.49800694256962952 -0.031989881334976614
-0.007291925991580725 0.031055220738350989 0.48519331031355079 0.012981331846340901 -0.49705489199727138 -0.010103703702625874 0.0068824522808788148 -0.5160167426390041 -0.017676529345832203 -0.49940348025956571 -0.014097681565507336
0.020585848186911091 0.0034899577291623873 -0.49962433293891984 -0.0026182658151219888 0.50119505554638544 -0.00039085287980790184 0.012138921234681289 0.49999788036036508 0.027381987916560241 0.49717607989123891 -0.025632318407336045
0.0057998000923397391 0.011760501719322643 -0.50214541897672293 0.0049522189140279171 0.49288574321144157 -0.0013833808288357416 0.017513753840544755 0.51254063654542681 -0.0029649758526460778 -0.49162751401462684 0.0020488389681709131
0.016544025187711892 0.0073958914061955233 -0.50428515897102277 0.0081782853112373332 0.5014240781232705 0.00155471699208693 0.0092467811305846064 -0.49636873284430438 0.01233851822941268 0.49723553517459224 -0.0031350384270780094
0.002470245027126579 0.02027073882574457 -0.49704818242745885 0.0084549020395591375 0.50746538419226728 0.0047512213152061554 -0.0056537913028394862 -0.50237606362412468 -0.017748177801065437 -0.49164033167904531 0.02172637911220833
0.015330543569548176 0.0061153065443307654 -0.49610740736705794 0.0052034533348495329 -0.50206879359989809 -0.0043139768031461986 0.0052357775581004084 0.49538409151629775 0.017594977212635581 0.50483395233222472 -0.029774886085258571
0.0096658551975946881 0.011556005394694159 -0.506782872330095 -0.00072904896343640644 -0.50270628832411024 0.0046225688878170712 0.0060470440233781038 0.50116830186826733 -0.0023386727099043532 -0.48876318042503952 0.010367683018471692
0.020218525662863893 0.0089502105258689769 -0.5063259150113113 0.0047283069963014734 -0.4893977157267187 0.004612238017294862 0.011432649423522311 -0.50651596718075986 0.0097489791350752683 0.49676880608174984 -0.0052914253700105298
0.0046645645141024893 -0.00017260975199456734 -0.51396156080390576 0.025398587550183111 -0.4995731116839659 0.0093397246178909838 -0.0092176521722428812 -0.49301655889320056 -0.013786645215883825 -0.4921090278088503 0.0021104845311415254
0.0080966054941989819 0.0053073974366537671 -0.0001109419984598026 0.50038197690776476 0.0033475677655284862 0.49732536935479965 0.5003200932008991 -0.0010070182808233315 -0.0012763202783396463 0.50169727724386903 -0.012546531078338058
0.0028108878626134596 0.0087680479814321068 -0.0052928929863153545 0.5026201752578342 0.0024329827293186647 0.4997849214288157 0.50275641671513582 0.0002673272960932255 -0.0057470017997368296 -0.49440195228313133 0.015455529621651899
0.017544720170820632 0.019495335306716693 -0.0050300074097696474 0.50843497255419345 0.018762288816326834 0.50420414905218913 -0.49077882388436289 0.0039634091060395255 0.013739565266125475 0.49494926304794407 -0.012795849762552314
0.0073709701733417985 0.0062961955378560116 0.01131596201407691 0.50438851593120404 -0.0028865230098990085 0.49821439009137669 -0.50239442391412215 0.019234477889784659 0.0080466107610322659 -0.49424112030913026 -0.005927473559434699
0.01340094608675001 0.0073973971484203281 -0.00071290407196637935 0.50346828389891385 0.003788114691804284 -0.49246234458377702 0.50519966648425507 -0.0056058976178103102 0.013289408486564264 0.49803249350388495 -0.016740947454749945
0.0031590467916818112 0.018256875941978321 -0.0089544418756144946 0.50607132627178719 -0.0022826324367732037 -0.49524677560515129 0.50635130513440696 -7.6994960700964068e-05 -0.013337089206941859 -0.49148230617035454 0.0083290501074375529
0.014832708438243792 0.0018259199325074457 -0.012048812911177844 0.50645308801539446 0.0049714289014522262 -0.49629402511523174 -0.49239850475805191 -0.0014494492256678013 0.019772163992527424 0.50364654993189439 -0.017178589442029553
0.003090741965373958 0.0087140738500649864 -0.019568911854045318 0.51871666341101963 0.00080747913235100477 -0.48926205857140115 -0.48295502526911688 -0.0097748212112934753 -0.036707090766217795 -0.5061911522964867 0.012983924729515565
0.014298096774833969 0.0020202043466773473 -0.0060188418282674343 -0.48941043190520639 -0.0034007212922486127 0.50106743297214207 0.50853811175352648 -0.011136612104608208 0.0014956079336289508 0.50034568572237836 -0.0083349444342769897
0.0067242409042267684 0.0029583640977864302 -0.015792367675779625 -0.49498290376385673 0.0040549138882580689 0.50386530880478386 0.50488766792784712 0.0087346873064755616 -0.013254380835167934 -0.49496445830999641 0.025268981733443805
0.028016570161316784 0.0014459115179270112 -0.0032645778874098885 -0.4948042962568685 0.030390943990199339 0.51139712406521753 -0.49716772069105875 -0.014156940608702161 0.0040507025086799261 0.4944823825045277 -0.0038739942876629694
0.0037580947449657926 0.01195003021527687 -0.010452713701837049 -0.48294555871868705 0.0044549981414756237 0.5223451980131727 -0.48610595272863444 0.009189705574787958 -0.034791749168112722 -0.50475483747556993 0.035520261318194531
0.013176416343438789 0.00092485454116717121 -0.0089173228449386539 -0.48618465201547839 -0.011993468855273789 -0.50151960656139072 0.50702085933075769 -0.0051548214941951973 0.00766608224379708 0.50447752279317437 -0.0071881382827110527
-0.0051498721799790835 0.012588230027615751 -0.010839534583843688 -0.48718960016941976 -0.0091163692096087393 -0.48552572050494908 0.51653021342687377 0.019986792644127439 -0.022470975388247969 -0.5073619523836751 0.037435959639999912
0.020193994579195771 -0.0092524723166885203 -0.014357756410973756 -0.46573675859744273 0.037495535220950726 -0.4615341062958499 -0.46010855989397831 -0.008654805655667671 -0.12320368382950821 0.56943270944797997 0.12947016481824594
0.0052381132450316 0.013442924403155714 -0.015251093572763158 -0.48978017159306669 0.0022005407249112174 -0.50906715046939821 -0.50596884144651533 0.027960154335255637 -0.028482817619971481 -0.49202803343797635 0.028832901555583223
0.4930960168323823 0.0052222591340970381 0.50044050352717995 0.0098531806312645454 -0.0061585163971879164 -0.00017190232384207797 0.49966060202231016 0.025621426399806281 0.018866745447474999 0.026095609070994317 0.50487542718896317
0.50898540807538339 0.0053474937185583639 0.49401029855253792 0.0032643176836748312 -0.0055693581922338859 -0.0052000005960718436 0.50163280368936947 -0.0025952776025214481 -0.0045588165917003704 -0.0080701012920681835 -0.49503763041592347
0.51000307218565344 0.017109642700518336 0.48393838508463355 0.0095086155401042458 0.0033300920748947243 0.0035051687558624121 -0.48838381732613184 0.013545936166166136 -0.011239836369966973 -0.016418564587458839 0.51594169035018889
0.51896917327622671 0.023190351225196786 0.48672374503540328 0.010643098848200038 -0.0036193689433180361 0.006123662569209036 -0.4892353697582203 -0.010313160429496922 -0.0016905551697372701 -0.0033781820587321407 -0.50358459845247538
0.49564694868065756 -0.0029927023279844715 -0.50256877514303488 0.0089342026261638226 -0.0046854714332877816 0.00084834500542995306 0.50452928870194158 0.0053818386984208324 0.0053946604469073791 0.010875060520928346 0.49691160410143309
0.50208422608241499 0.0069941403896083346 -0.49576232848541707 0.0048051808889203384 -0.0022810391956603351 0.0035290374214940962 0.5062531360907695 -0.00079594682382502964 -0.0019600295317022862 -0.023182082926084618 -0.49518416427446266
0.49674771108240856 0.0047682235655035271 -0.50494073549163132 0.0074890763460125007 0.0012599896964001708 0.0076243790505276148 -0.49774200080358061 0.012151652318918075 0.0061199173715294998 0.017435228530736105 0.49990181198365852
0.5138429039498672 0.0061675331449605178 -0.50283248804228575 0.0063340189932230787 0.0082038743965602567 0.0062522786379515978 -0.48739231406263461 0.0039784335205039845 -0.0071753236953743423 -0.0089019010974756251 -0.49521973039318673
-0.49372667840270457 -0.0069629965583088401 0.47423101098305231 0.0040100076746805791 -0.0031577958850965643 -0.0063023288300260421 0.50834987928513453 -0.010876398985536148 -0.0044550221775245943 -0.029165836645024548 0.52136002117093616
-0.48979204968175377 0.017558246853942742 0.49104138297596694 0.0075956734673410147 0.0011030461977410838 0.003089338351023247 0.50637976734943002 -0.0092072022114031531 -0.006271268192475375 0.0027393672911920695 -0.5119114053934587
-0.51373455348522323 -0.00685180410106624 0.47243435923491278 0.018994149879027717 0.0069592421126642165 0.010521406268082269 -0.51416450326957042 0.010137481037440613 -0.020879190460009901 -0.022271070276930139 0.49690631176324879
-0.45412959365693017 0.01371369783803496 0.4888832636588073 0.03603540078099262 0.0034098927063358347 0.012207840812298797 -0.466377816943916 -0.019581921896626199 -0.11797024434574739 -0.12912113699242128 -0.55193407753476165
-0.49788522685780084 0.0040970539263470692 -0.51328808113996915 0.0064475533624799687 0.0027379894600564861 0.011095137790126098 0.5007292056399324 0.0035491761386871987 0.012432236569049012 0.021848643570193067 0.4869111144842298
-0.4875486760714845 0.0071009234203152161 -0.5032646734261198 0.011740386536903622 0.0044705128597657831 0.014220806821663236 0.50618821973098793 -0.0029269492848282026 -0.0089254831772406073 -0.0064098904422029935 -0.50224958790319285
-0.50297844664768454 -0.0034291534070946626 -0.51777958794629564 0.021219157458330275 0.029143208489634993 0.0032283614878777065 -0.48826305919808677 -0.011194927961205194 -0.0080641484444134558 0.036449087070602577 0.48751975552874183
-0.48828648532922592 0.012147378935830417 -0.50878765761349165 0.013932081699214184 0.0035152847997272181 0.002899628188430081 -0.48466462588387721 -0.00034941208594650394 0.0044044038450017685 -0.0053561205453989064 -0.51710829856634344
0.49877832181854004 0.0014395286775499073 -0.005779352509800148 0.5037442289155396 0.004984081576822264 0.49678302120696771 0.012305946915461465 0.0041474050530192911 0.0053349138476466813 0.013813100485884879 0.50022030424831965
0.50657682280955962 0.0089926129785745518 -0.0040562185883092601 0.5029006188367614 0.0021164577620241065 0.50002867657686767 0.012726437859398899 0.0054632490610046422 -0.0051595384354802612 -0.013961042862346352 -0.48982351159383991
0.5039050575011047 0.0060385060604668294 -0.0045537158543454016 0.50228917927401517 0.0039267390904773923 -0.496130189684718 0.0083950580923788549 0.0033258896462553789 0.0071382202603205852 0.018035397295738505 0.49710131848812067
0.50809573721979273 0.013570411186630774 -0.0027193287511033206 0.5073665044364194 -0.001845122971263588 -0.49160617271780843 0.0092510188193610336 -0.0011343491282203707 -0.0061738380128862061 -0.014648731155235972 -0.49214509847805432
0.50312649390819719 0.00085195757279813713 -0.0068422409845422709 -0.48606380159464724 -0.0027948448657837094 0.50070582163497923 0.015101555429773922 0.01514992038304985 0.00011628298502325408 0.014155051934620414 0.50910321424600014
0.50913793073858415 0.0075712813967043126 0.00369919176876283 -0.48685062130788137 0.0083015822007591125 0.51034810253913454 0.01285187447697065 0.013801316509989543 -0.0074886944047796245 -0.003449113294220213 -0.49268276377392789
0.50774592492874204 0.011364339564212575 -0.002791694698566737 -0.48663876797117867 -0.0073758266603530806 -0.49088514439310249 0.013458833776708149 0.0050576547982473449 0.0091027859061108204 -0.021454508358642998 0.51329069632043522
0.50219770980465295 0.019882950747008372 0.0069417679841455434 -0.49385296508529181 0.00027063337417354837 -0.50148692168569742 0.0018625995875810712 0.01468199390489763 -0.0086487474822302939 0.014672281964466093 -0.50146273689353038
-0.50207186294398709 0.013564768376152784 -0.010594914396292138 0.50034874372587246 -0.010902264046413772 0.50030695723947416 0.0030452161368370559 0.023012016907742201 0.032467061451807375 0.039019029508245033 0.49369767278123788
-0.48314814004760298 0.010762544658131723 -0.011922649904655504 0.51037075248493169 0.0067718985741294308 0.50634168210417363 0.0088023056237874261 0.0054393281823457481 0.0075891884130626919 -0.009946449622748375 -0.49913949519710471
-0.49228741693646877 -0.0021572931565557061 -0.020150021378044888 0.51582586227263505 0.0018982658256406193 -0.48797704063231662 0.0054418136614678304 0.0011111512258319559 0.037982566715508009 -0.004617951695295869 0.50154367428855473
-0.4872106147505697 0.012877093519931332 -0.0035791982266371674 0.50393202638519252 -0.0028467545096380036 -0.4914988441622285 0.012208994186305323 -0.0015520475392737162 -0.0029284208075244247 0.011804281240724756 -0.51635365452520254
-0.49570516911370349 0.018823787064568963 5.7956445500990413e-05 -0.48739730821413979 -0.026771066943693841 0.51354939691459667 0.0021575998712417051 -0.01473589937576161 -0.014927665928994914 0.047985652506517269 0.49916828607227542
-0.5017821542154457 0.0072975093659936709 -0.013119848931919722 -0.49275984843225007 0.01490942267569087 0.49625332638902042 0.0040409519410591578 0.0038782064483038996 0.010184187671552786 -0.0043781844582531058 -0.5084615094702587
-0.51315412114068393 0.006554979542287411 -0.024294415238268818 -0.47189294776438312 -0.0076060860054579524 -0.52559342595039604 0.028869350858989642 -0.0265915499781809 0.024353703925241513 0.019939870607668584 0.48427177721545694
-0.46867541031199539 0.008015830320698249 -0.018191843012539111 -0.46804604634895919 0.043059727276489011 -0.47593625223519059 0.011481542097535104 -0.0043597684588431935 -0.12087618113533617 -0.11951100028425767 -0.55087824564826005
0.49984834161149089 -0.0017450617294535991 -0.012332808197392658 0.0023486470053219219 0.4945311554803255 -0.003182313134021075 0.013895807534518604 0.50497663532415216 0.011894761342122449 0.0058982499661751541 0.5000490121968415
0.51402845805687081 -0.00058548207380709012 -0.00064710292639560561 0.009807225048069879 0.49626244190314972 -0.0033199896521744986 0.01562761679202691 0.49444717068038896 -0.010219469672048951 -0.01894686138739797 -0.49417073913866794
0.50303272630539975 0.0097838385269042576 0.0033874665845406043 0.0083627765525841006 0.49811237591639246 -0.0014228525178913518 0.0082783895325958274 -0.4933445182200451 -0.0019618583352799578 0.0028968327079383779 0.50516669757482802
0.50849656968412871 0.0021585761970210038 -0.0099217396665693298 0.01477685317970703 0.4994091742206816 -1.1154469312182822e-05 0.0088318983223013656 -0.49536779751094884 -0.0028588412578379537 -0.014515241922362374 -0.49599812195202764
0.50601486223520975 0.0013746649276320908 -0.013829692384442203 0.015585705275739032 -0.49843570123498115 -0.0020828865895290982 0.0025856914446837466 0.5005532791431192 0.0062367270547890414 0.017308867091963283 0.49413727192485307
0.51073892706923685 0.012981346188292681 -0.0075067503659605305 0.0026243555961605837 -0.49343174309336602 0.0049193057669009626 0.0030797242340040373 0.49616010541763778 -0.013443241241551862 -0.019396837266663951 -0.49867185290744009
0.50433861257393087 0.012943218234281371 -0.016362486099244525 0.010633183692354314 -0.49149256560221793 0.0062113573134486089 -0.0066509078529351411 -0.49479080690015281 0.0012967790604661092 0.0058456216544591731 0.50852009628273487
0.50731013751862075 0.0033171893925274323 -0.01133098420373291 0.022300931197231148 -0.50199817149337556 0.007334504381287155 0.0069781634748348632 -0.49648275269416747 -0.014316019937076927 -0.01182615213505701 -0.49300620073529688
-0.49078617522307966 0.00087158209035317468 -6.8199280962172882e-05 0.023134757680291131 0.51028788681471016 -0.0074343070674862677 -0.0039197243859586664 0.49380994277334195 0.016744543099123467 0.06008473490294243 0.50038962182090507
-0.47868752159034256 -0.002010794580851352 -0.0018571185449359729 0.013010073087848012 0.51133347750817537 0.01791212448459014 0.0071468036933294132 0.50183978667325457 -0.0066929777686736353 -0.0022849062940634842 -0.50690676462657225
-0.50134440189890905 0.023009717727029273 0.0039819658233709674 0.0057400305844430418 0.5064165183204602 -0.011364741947231614 0.0030789031038409337 -0.49638886677562449 0.03643786955393296 0.041880799653894851 0.49193046842423183
-0.49474371515175747 -0.0020174744386236509 -0.015177072917219401 0.024385193954354289 0.50553751606976571 0.018578097270731828 0.016377564360340317 -0.50338396929905305 -0.0082492484536337736 -0.0036812527118976366 -0.4947130806364281
-0.48265814558135767 -0.017694966728839957 -0.012274098226961036 0.015179544661822298 -0.50028116495200403 -0.0070010029556408365 0.034897234517062108 0.51831670033085075 0.03106251975744086 0.030492144628569563 0.49421857786646906
-0.49132910495040488 0.0098621048366813995 -0.0039690129670823361 0.007481702899403469 -0.48988243163184125 0.012455765097746051 0.015574481435419488 0.48949371944824915 -0.035591480481264391 -0.053670930215453043 -0.52372969133381875
-0.48358456540523953 0.025013364827450309 -0.027805356987841041 0.0019169618364561847 -0.49613034358394359 0.00029010929784305592 0.026787726438682165 -0.51462438078698503 0.046555258125912394 0.0077812445435939065 0.50081364763736769
-0.48278076399577868 -0.0014659481499049876 -0.012428298118506275 0.015592412897505381 -0.504876430813471 0.0015006744826410248 0.010394769136729721 -0.49765665751754662 0.00093968338847670531 0.0054344455306120521 -0.51363403349339543
-0.0078961573880091725 0.50603483179676678 0.50340416480320216 0.011928765318260157 0.48827255169945977 -0.0056886976622091611 0.016746505107273369 0.005718584673849285 0.016959926137330359 0.01647346518069475 0.50099275773795082
0.026390994059809224 0.50700175740609521 0.49344268190784191 0.0020372644767908507 0.50003213928638857 0.0091656954703029786 0.012228493574353702 0.0044344724023907163 -0.01250410560415393 -0.009450950877776287 -0.49822874126438949
0.0039899879955811084 0.5015689348011575 0.4860015231932947 0.014031466937496441 -0.50076304979338659 -0.010407986243370887 -0.0014099603038315405 0.012634066411382256 -0.012553460264984155 0.013831165927858638 0.51052508721305412
0.018328552498573087 0.51099934719118512 0.4907586294492039 0.004561859743630583 -0.4978462237198733 0.0088750405625188759 0.0075690486535476605 0.0054230758010501328 0.0038889487129440759 -0.0089530169022430488 -0.49956709148099032
0.0041414159437184158 0.49899464883732209 -0.50280809379854996 0.0042950829924223687 0.49647476409926544 -0.00076162161628896895 0.012150542524981101 0.012365440306611868 0.0048723181750625023 0.022569703760428397 0.50083062996754446
0.0097491984502315072 0.50088490338039271 -0.49702857335761053 0.0035222411149715633 0.5040444264256958 -0.0063729921731868616 0.0076638373350220706 -0.00032659220558177362 -0.0067689723382252662 -0.010865211582683389 -0.49763977540420984
0.0053902901433676058 0.50555078963879307 -0.50360153719288059 -0.0015307067615663772 -0.49619351690397934 0.0018121083666555466 0.0043025496847149593 0.015915379579625025 0.012438313368905241 0.027954755710673379 0.4933084342883361
0.0083412848312854754 0.506145915600972 -0.50093907540352867 0.012764099437648363 -0.49603176199450283 -0.0031521935848100573 0.013445372590847137 -0.0050375173779795427 -0.0016482368967248801 -0.0063585920756596579 -0.4963235913715579
-0.0025805375119912865 -0.48974433875871159 0.49066717292712408 0.0012458898886251746 0.5098813672832464 -0.037163088021418642 0.019495493558810823 -0.0069058528359809551 0.04039105951951194 -0.023165375389640853 0.50540286451262284
0.017207227180109225 -0.48490100937918779 0.50076197336223727 0.022652582916708797 0.49898649173862059 0.011418781348501682 0.0097715457936554638 -0.00090468950136806119 0.013682076949318176 0.0030136081106721308 -0.51370102084626246
0.00079405059054221553 -0.49884090135493442 0.49388307028959616 0.0051485182460317075 -0.48911930179300495 -0.010000806125419927 0.003299878593512915 0.0087622142371166448 -0.03205847649709026 -0.002063597725308433 0.51648112531113677
0.015778356190404373 -0.48752508289339613 0.48297710055995707 0.026849654787888096 -0.52146797146140089 0.027346434837686402 -0.0089318658122807173 0.0047523015341164373 -0.0082394498734373791 -0.039128301003709696 -0.50369098221962483
0.00068750429487241741 -0.49742037104727421 -0.51291317279939297 0.0083979644744669405 0.50029915819216708 -0.011557326913113597 0.019781096616136664 0.021085402311691103 0.0022621826694810918 0.010537646431216798 0.48789054944392202
0.010955420573301126 -0.48885037677345611 -0.50422177062259221 0.010111258849118097 0.49740253879308821 0.0045521478907886194 0.013659781689879247 0.0013367149086134053 -0.011774149657994899 -0.0070815985114278659 -0.50868093401933112
-0.0067141812169819546 -0.50148099855487294 -0.51432678116271069 0.0062439007945778663 -0.49395365921021545 -0.0090373801388504323 0.015421726657175401 0.0035288415224472513 -0.0098309617659154535 0.015779732982367487 0.48911438528826023
0.0039533732851651576 -0.49589926753996599 -0.50533775785984592 0.022133169361460241 -0.49732048196264955 0.0018207024449196432 0.023241616751593665 0.0072608447418644742 -0.0059294450202763433 -0.011975456738473311 -0.50010970931716803
-0.0040657990105727668 0.50173113560432558 -0.0051194353232824515 0.50131190677933013 -0.0014715247309255799 -0.0035464537957661901 0.002268636876248733 0.51223169472762387 0.026643773627018121 0.023855659981440361 0.48293821410635523
0.010142779719226067 0.50227231285352036 -0.005262944795541331 0.49394083197800015 0.0043956601694116687 0.0023737716163742314 0.0067664684918285201 0.49728807145052417 0.002610585665670895 0.0020787165864160997 -0.50619867614830238
0.00039427172953794478 0.5054737491617004 -0.0050949209085214726 0.50572832083737684 0.012245990313318973 -0.0063818255638904524 0.0046095063753798151 -0.49501076469498434 0.013273545064721008 0.015408616596288536 0.49299881499750547
0.0099129770621073001 0.50379180348954411 0.002160052578075397 0.50678629341185788 0.0063904524968207126 0.0080509100290817714 -0.00028821332080316393 -0.49270064754341847 -0.0057891104956238199 -0.0089391550018805138 -0.49627154877217972
0.012385464966330523 0.50657745038576885 -0.0043485463553808654 -0.49324563977162111 0.0069642093622527788 -0.0052695113035683538 -0.0019904616559319466 0.50593321768273114 0.024235198912219945 0.01840056087002245 0.49289059622661668
0.0052132018228722779 0.49460038857095318 0.0014282570673576315 -0.498363471387612 -0.0020520591803530426 0.013929119580685601 0.01999262256766101 0.50580822071460463 0.00044109895901016665 -0.0037721166126136051 -0.50052050184747077
0.010766529654076006 0.50981334246257803 -0.0031278755339931509 -0.48983537518065856 0.0093181085621232059 0.0022659322467075793 0.0012574375154540819 -0.48536586309202867 0.015579359537223544 -0.00099973628249700234 0.5139150509433319
-0.004277696866291484 0.5141525373595246 -0.0020056637368989819 -0.48259247186491611 0.00082565107329903053 0.0088763374463134495 0.00061451627979452778 -0.49424315221287063 -0.0160675950487532 0.01440295579617502 -0.50784603778755777
0.0077884091069057798 -0.5012621796562815 0.0033264341561009257 0.50704950377137681 0.01205479189931914 0.0071489169462761069 0.01877556769459449 0.50172890954761051 0.017956292537171067 0.023902550522379488 0.48825269839329949
0.012391670695971801 -0.49398426960464986 -0.0045443530141196448 0.50353731942620672 0.0055860320646595818 0.0030799930642477756 0.0091989285982243627 0.50130193895555464 -0.019750206279216358 -0.0059226390075650167 -0.5004012509785859
0.012257234407238972 -0.50391762441121701 0.0071962436494305846 0.5106936015109923 0.00083940425696855264 -0.005993262932442618 0.0096343829271851051 -0.48768235948128452 0.040060970912827683 0.03558423672471292 0.49418862723463014
0.010561200573049569 -0.48545298291676359 -0.010038308885642239 0.51059225661282925 0.0022784109546690424 0.0056358073150245902 0.013943616768256076 -0.487955851671868 0.0044131710486704258 0.014730637967254405 -0.51463568024167539
0.011209989864315883 -0.50453710781338146 0.003536507797698066 -0.48620607683572775 -0.0038882169344756252 0.00055260868446834312 0.0036632911020638252 0.5157052039724116 0.032773478198629413 0.024804627303912259 0.49115956246928805
0.0087671544263748947 -0.49963310431658126 -0.0094614534560893519 -0.48647450530292685 -0.018600924618864582 0.0029637418931210669 0.01195411135119717 0.50696146102787798 -0.00031635917838309096 -0.0062926429888854512 -0.50596011237615612
0.0031700203680730533 -0.44463770653366286 -0.023384123971347447 -0.4506741388935675 0.010141894159193171 -0.0023854705383423444 -0.016331635643395202 -0.4431457280380886 0.18315918457541208 0.17941380868259368 0.57977862624422327
0.0047729824817360177 -0.49984655161270808 -0.013676025907705966 -0.49246458620468064 0.0055059285863681209 -0.00093544485556279727 0.01904763681777389 -0.49258426127816651 0.018758500932483466 0.0041819526317539834 -0.51382838945480125
0.00087812317432303373 0.50047789837169643 0.00033685817474535143 0.011029761492232247 -0.0035712818106936875 0.49342578665470399 0.50227390201387145 0.010474751679658235 0.008865244954820297 0.021165430535448199 0.50299325140075168
0.0065646799844142198 0.5040719872044368 -0.0043108445425919352 0.0059041947248315296 0.001066903499158927 0.50372185810361592 0.50030379734346486 0.0012756288371818256 -0.016831622008825289 -0.013675272360429416 -0.49122521488948062
-1.1034386501549707e-06 0.507042907431279 -0.0072323925500068298 0.012311281774575671 0.0021687712825741684 0.49079095815141094 -0.49121550217211762 0.010431424630533972 -0.0011191461033586074 0.023560715779230874 0.50976985265840613
0.012042710931054707 0.50129213684452967 -0.0053677429594190086 0.00035721536443392838 0.0014190109462809705 0.50956206122584424 -0.48942917170284073 0.010540797892447077 -0.0037131673174248159 -0.007557477155414845 -0.49915307566393374
0.0074672983542128125 0.50450626666538601 -0.0063290068233935069 0.011831685325272782 -0.0044404643998655659 -0.49641950491715386 0.50283454520088189 0.002334276687257086 0.0090993141503456082 0.019873923613484782 0.49543897667273457
0.011997406504513284 0.50641296626626819 -0.001895826471221037 0.0049007497929103132 0.0033584898122070196 -0.49267806352641047 0.50522020884288732 0.00014758952766713202 0.00082889030235143207 -0.0051546582762154831 -0.49533490269420105
-0.020813484933499798 0.51182577119336348 -0.035020461649701948 0.031530279655059584 0.0023641300475477928 -0.50173610425413706 -0.50161939968151248 0.0068321963408190739 0.0088418813811897094 0.010001621885569306 0.48144466737578018
0.0063228161785615069 0.50665146737835021 -0.0047924464304432536 0.0024455257219847472 0.0042194598778745838 -0.48786344746639165 -0.49815816259883583 0.0044659028469033911 -0.012970791005623771 -0.0047565715662403639 -0.50678836963783502
0.0039349714464859036 -0.50549801583874243 -0.0079576901742981886 -0.0041357282144289485 -0.0055783272642492597 0.49136284357727911 0.5090607892731448 -0.00034405470206847199 0.021163347113379551 0.015665456582669997 0.49302229338905085
0.01117501720332597 -0.48972448589072393 0.0046155931328305923 0.0055235276356258196 -0.0041631030591020527 0.49409020058147657 0.50653539384706425 0.0056090912325560266 -0.0088992832724973953 0.0083821981740911516 -0.50901056030409464
-0.0044492298677792346 -0.49485947845094075 -0.019372262140527889 0.017616382856207681 -0.013241412837855954 0.49819094481031756 -0.47746696539154748 0.0065312606816497719 -0.035742004572253919 -0.023760431746291718 0.52552803687016703
0.0007809898739994665 -0.48749149620607707 -0.0034688928606830668 0.01067128681016106 0.011595811020341537 0.49651694468782553 -0.49167951309332036 0.011495013135033006 0.0088640009222379027 0.030960234969715218 -0.52215323117067103
0.016872944040712372 -0.49376417616245061 -0.0019976160669757746 0.010607422626344808 -0.013549443743227337 -0.50789002932609673 0.50879018759778627 0.002556946285495857 0.02461689717260801 0.011585863706404112 0.48789921916759443
0.01147824785678577 -0.49021096879507259 -0.0052861356519727466 0.012598126158611727 0.0029371569465561249 -0.4966457319492335 0.50540497333626477 -0.0014244118310247811 -0.029586003667717083 -0.0020846025270618226 -0.50635293692162953
-0.0023792233804212221 -0.49453179839851474 -0.02502229751234087 0.022743333455615383 0.0012680762972730262 -0.49129970277108737 -0.49508732372736236 0.0057681960849874292 -0.021453105227039502 -0.014750643648523883 0.51680722876657614
0.042158854869010422 -0.49206092433388376 0.0039358925221834274 0.0071134894255827745 0.01919940874481885 -0.47724782449745973 -0.47910884094820066 -0.014331887046989461 -0.10528596566637377 -0.095759591697970881 -0.52715534997269642
-0.0033255739002029058 0.0062361088744790696 0.48977012543682602 0.0061752886311669843 -0.001906967877700875 0.48994741420760318 -0.0093063527948057181 0.50927527157876973 0.034075280720394646 0.03192732819778319 0.50828795661815607
0.013596105657519033 0.00032530088617323515 0.49518943968356216 0.010753540597238249 -0.00047933043974681067 0.49561720648605317 0.0043802619488799059 0.50824135261088044 -0.0071539888875452491 -0.02185191404807459 -0.49999303020645319
-0.010924926831894579 0.006565079856354585 0.50167314771416294 0.030431204849965521 -0.012489051525814567 0.48430424850724624 -0.017902267757123374 -0.47902955785559698 0.070814061619163093 0.058361985198109763 0.52375413857507058
0.025873202522830457 0.0065228268317646752 0.48633637722066214 0.0046324359611540338 0.0023781150160897897 0.50312263430609561 0.018789345865636117 -0.50733938041242754 0.0065341126913948198 -0.0016307713543265955 -0.50181053973481826
0.012604384961172197 -0.0011834937927473227 0.48204414749695446 0.0095368114508811806 -0.0061683452596035518 -0.49984816893092537 -0.0045910283791989774 0.51968074420260579 -0.0020386350607919474 0.01055304725117381 0.49728392410260736
0.006236556344201255 0.00048251176835470834 0.4944973809959835 0.016678557309233427 -0.0037051621901883379 -0.49430396607856947 0.014304512131806323 0.49500161777645296 -0.04035399971887195 -0.042797645859630605 -0.51197030665911092
0.0076306921957057941 0.0097481466630273527 0.480739569791237 0.0032886329331254164 -0.011267908903213615 -0.49629668929566179 0.0092535497544563861 -0.49890833655724082 -0.034715231056229312 -0.030108753726381589 0.52075059936510648
0.016865432845639187 0.019795060865776964 0.4798324862814754 0.0060959739764629385 0.00084892543387756489 -0.50780360616365205 -0.00053918943579745306 -0.50455632557893781 0.016626510966449352 -0.0094052653380172109 -0.5062013804340133
-0.00018267607728352046 0.0050769455227384049 -0.50859147141077665 0.0040271633499178641 7.5585635852753038e-06 0.49160617859647904 0.0038546356694265805 0.50913752283394442 0.01654186429135155 0.021084689735580701 0.48955283753310097
0.011747372634514979 0.00037859358249789609 -0.49835974637105135 0.0069642328727527241 0.00097902057150088496 0.49997353635889652 0.014475135743593524 0.50001787554981625 -0.007165439868683612 -0.0047619554052892085 -0.50117362046312841
0.0068436055281339975 0.01258735132499891 -0.51176718593521509 0.0080727215377028629 0.0040168567127838251 0.50230132621530776 0.0060451114826706688 -0.48527344561609836 0.0065432094165435916 0.013954254866577651 0.49973668021279527
0.014723450100379488 0.018617177631103623 -0.5046805195785139 0.0091971389734659455 0.0054339935820191853 0.49788108334241099 0.00286444877236823 -0.49447300262054866 -0.00027971668254132056 0.0023158560680717395 -0.50221241347889267
0.004812293689274892 0.0047721891312704802 -0.51371034825745276 -0.018218693982453966 -0.0042850586332345668 -0.49785255942674717 -0.0099418431008944531 0.50500027236131417 0.026689466008867683 0.028832654655842102 0.48081236232888713
0.01633201959349544 -0.0016512708482638876 -0.49924351488427265 0.0083750457655705837 0.00068028060109312689 -0.49371157016980299 0.0093917781620992437 0.49850872237941063 0.0089559062859552886 -0.0072333384196917178 -0.50787109719522494
0.014580984424870033 0.011048878254643646 -0.51661870847258162 0.018733340051670006 0.00060813890106369223 -0.49244438764736265 -0.0037924726960400662 -0.49093708386377188 0.0092021796540504609 0.008866160664531806 0.49871911169886785
0.01755780589995181 0.003183364328112657 -0.50926241867622957 0.018109543761437315 0.0020837482470432217 -0.49205703907672083 0.00060227151864471879 -0.49415886754150923 -0.012634768688798677 -0.018844829065696012 -0.50316283370037684
0.0065540724214741223 0.00568710409240892 -0.0055520354059084851 0.49995214889453821 0.49786344844814057 -0.0046945229489646929 0.50548310442876077 0.0009544450709630017 0.0088667503005347755 0.0088505860030746331 0.4963674454394727
0.010989338781788111 0.013689125470681809 -0.0022996384052131158 0.5002591420283643 0.49732971433018269 0.0049451878542048199 0.50859103336139666 0.0013757086909047748 -0.011654550451602897 -0.013268115979711991 -0.4930389861671054
0.014873716402435132 0.0053606681141154817 0.00067930419620758874 0.51101387582167235 0.50087834805705578 -0.0030042932666515475 -0.49165024637087923 -0.00078985729276520589 0.023348859836917372 0.00013451069801998319 0.49543967518858784
0.017543965542894373 0.0022346709885696686 -0.01234979639659587 0.51070534943854073 0.5031302578842024 0.00039647966952838557 -0.48252901803861292 0.0060818909760103762 -0.006310543699543268 -0.0058812025113927895 -0.50262200146407732
0.0074321331850615655 0.0078542614834773011 -0.0026648504279822814 0.50901417118322279 -0.49639037190496771 -0.0024776651957411988 0.499819146436489 -0.0091581596775181066 0.0078333254413432453 0.014776906987073842 0.49415406194242084
0.0097932375468385915 0.014253852698456443 0.001692326600962504 0.50430887418555714 -0.49256923552138299 0.0059952070211615853 0.50703571321308893 0.0031278239891224242 -0.0050579588100217844 -0.0074628827377106821 -0.49551382020901674
0.011679110091785816 0.0093540618864909053 -0.0099482586913632737 0.51668129114060668 -0.48860552261091555 0.00020667951859883811 -0.48974992255475108 0.0063086178578924063 -0.0017667859788017626 0.001807926844504167 0.50406448056953201
0.013728365780636834 0.015610302135225946 -0.019477179737298837 0.50146691093948026 -0.49687512350503171 0.00013999295309083439 -0.50487560708365287 -0.002369933352923511 -0.0016000798471878287 0.0019398418853126466 -0.49590644352753399
-0.0010443477222168919 0.0052530480823850404 -0.0084661039308540874 -0.49920432045662927 0.49546205798676918 0.0025786565851086112 0.50018738875990165 0.014078043098332698 0.010120682524099854 0.011853839002090629 0.50455607129962154
0.020464111188248441 0.0091083586572221348 0.0067071771028918668 -0.48940636913628927 0.50458022703517413 0.018503989912985103 0.51557272646859986 0.0058865641716074725 -0.0045402548428074563 -0.016632824715659699 -0.48871660677160511
0.0053257992770066589 0.018139463526174446 0.0098194606491571867 -0.47738994748478891 0.51615632704399761 0.007731253850217364 -0.48777045457854262 0.0049292399675071935 -0.0040236219481173978 -0.034388842489066866 0.51577591058200134
0.029659629965893747 0.012890396843424416 0.0025305766434056158 -0.48871715907794272 0.50254776980048321 0.0092199336986506439 -0.49106456960005374 0.0059481575242853104 0.0037193131282513706 0.002552489187138391 -0.51600762584450133
0.011743704156421135 0.0083809132854435909 -0.0033007099003306457 -0.48551358722640348 -0.50648960746127436 0.0033383467277486728 0.50211395409213355 0.0035442611610704148 0.0080949059888212101 0.020919189434862193 0.50485692620973954
0.0051701919197604364 0.0029760704890706103 0.00034731788551402033 -0.49347948170399347 -0.49056316375750508 -0.0092193580154635094 0.51391083691051187 0.0010606908388824667 0.0036935165786938316 -0.024394274006651638 -0.50098990249431596
0.01301332165487838 0.0051896788221290069 0.0060519026294392998 -0.49817088415023297 -0.49416896637377111 0.0096797565407776478 -0.49071086863668545 0.020729017319628017 -0.010256328252856644 -0.016133929531572135 0.5154646987239675
0.010494471620251579 -0.005101220536308345 -0.030665554360519494 -0.47988956325707116 -0.48174857299407503 0.024202366595460798 -0.46206654576877748 -0.010869895086069489 -0.11842713516774471 -0.11511550703509912 -0.54319593030014812
0.50833450872920183 0.49888289488188048 -0.0047592939285455499 0.012354940853012855 0.02149632015412415 0.0014623331570258742 0.0059367169509741214 -0.0063046917564102368 0.45613631910726826 0.4762853280035827 0.23893369323349445
0.50528848317979835 0.49995952945348948 -0.013816987788688151 -0.0038051122533607632 -0.0032408949971365016 0.003932342363289155 -0.0045484619701231513 0.014534858362441715 -0.47771008892394451 -0.46951648016373604 -0.21356043198090111
0.51024500153164254 0.50863656957440584 -0.0011211754511267337 0.017228414968866727 0.015442649505713169 0.0085143354533300398 0.0050133067178703625 -0.0040326124400048655 0.45062734059317572 -0.24144782942827567 -0.46789569801592834
0.49330205920196701 0.4962698872962587 -0.01290818581980901 0.0021611727563995574 -0.010428624177564662 -0.0033065779115825753 -0.0051612525876470047 0.020698967621238844 -0.46809966287021898 0.22847977701530597 0.48816278748841424
0.50939189710211819 0.50240648865273152 -0.0046267230091811187 0.0094051418662623766 0.01002936149787882 0.018058145371111882 0.0065124990785268445 -0.0063791806647998809 -0.26102166221653428 0.46666220423798532 -0.44897888565050664
0.50149300633597094 0.49638507862534931 -0.016624472859946116 0.005157647411854799 -0.0036050997197810595 0.0091367517295016954 -0.0042330841278437449 0.023499579675532404 0.24851935823743754 -0.46110855265699952 0.47618698944324656
0.50695296599326489 -0.48968609140052249 -0.0052079199516822123 0.012117602633895882 -0.01682605657991126 0.0097266741196606176 -0.0043404895158242222 0.0017092286260330823 0.47444367133736126 0.48181510380204245 0.21304972713114206
0.51192448368529353 -0.48799149055151303 -0.026440998387582494 0.016319248378559709 -0.00021388366351977151 -0.015695056479364585 -0.026890308025333161 0.033924654698175807 -0.46129872689547913 -0.46717529003094177 -0.25624707887583964
0.49384477407472877 -0.50427460907753041 -0.0086770380797815145 0.0136756385011135 -0.0061773655954884925 0.021600266807987805 0.012178636050464086 -0.0086960025839341454 0.46660513684468924 -0.21981477442473302 -0.48455606887791569
0.50512193121420768 -0.49222967820457525 0.0048515816397277055 0.012519166158032159 -0.0020488928660388466 -0.006174085745813027 -0.025866596810529698 0.03427092706723265 -0.45421979074369678 0.26390393442321231 0.47385093822706725
0.50889187010124326 -0.48681366750833993 -0.0046527881633101091 0.0075223280742432626 -0.0062391593595987121 0.016767512124089175 -0.012796618906567189 0.00055146139142674285 -0.24344556336746606 0.47310217836731272 -0.46945472218089151
0.51047360840035239 -0.49099748530704829 -0.012580885117167455 0.016603693152083071 0.015032944328935045 -0.038640756750686865 -0.025904945876943287 0.036243191035375412 0.28202755760517861 -0.45600041124084462 0.45466971785783189
-0.48513305986378635 0.50214105572371315 0.011030076547125242 0.011349268853093043 0.017472610034563761 -0.024243157260311822 0.019746450534175175 0.0024383759919915106 0.48082311183843668 0.48639320194012658 0.20782613733269442
-0.48932427131652306 0.52108667060334668 0.011761592193236959 0.030879514149179759 -0.024368504611778471 -0.016730398188844049 -0.023185053988607346 -0.0038918581607822011 -0.45512894340360693 -0.45915373833187856 -0.26181601497668328
-0.48823644991232529 0.49521998662481981 0.001698407977507498 0.0065622027940578026 -0.0080932839524448501 -0.008777570505963771 0.02394302111885396 0.013227225807047716 0.47387466367885084 -0.21654044580334414 -0.49396219534669739
-0.52613740489262939 0.49805047135750696 0.0024591011376722343 0.0063207206753960708 -0.026321167316827192 -0.018586880592600951 -0.019340570734934986 -0.0094833626650924433 -0.44462875680257141 0.25307116464228618 0.46025769618016682
-0.49543984431913141 0.49345702087459903 -0.020525367920071952 -0.011392075271999084 -0.010002136941641081 -0.0094431862720994603 0.021033016519684419 0.0092312479271847922 -0.23127906147635982 0.47744559374694107 -0.47783610119475978
-0.48937348681255582 0.51727898198806799 -0.019464377279380163 0.017681916519644805 -0.02450949869401477 -0.028981735299073091 -0.01138264618114202 -0.01248166621595985 0.2912032775667856 -0.45286371375192264 0.44792145272582845
-0.49099695987691688 -0.48580988704608363 0.0027939753003758403 0.019014530283968292 0.0065475896736892246 0.031123494265957272 0.0055037426494079543 -0.013946970203044156 0.47897242591367239 0.49889555686622927 0.20734914262337967
-0.47514498544482581 -0.52968868101807409 0.049924745006212072 -0.026938944321704829 -0.023290943947494671 -0.030056885473145428 0.0088388653211121729 -0.022967664193893188 -0.45150309453755921 -0.4506792405449026 -0.2853604936124563
-0.49455399686344098 -0.49258424624784097 -0.017083276528294881 0.022592698162259617 0.034863035165883523 0.022188955459778437 0.03380669626077288 -0.0058760303578673217 0.47379374913275007 -0.1977677160303922 -0.49547658729378474
-0.51135259798041133 -0.49555993670678128 0.0014583268979336535 -0.029688725503547141 -0.018434637019890801 -0.002116957018033298 -0.013092883985921122 -0.035401926223237859 -0.45129954448511178 0.26589760060531509 0.4646649032689037
-0.48042769681413533 -0.4952860544427452 -0.018940439913214608 -0.0028185566102940352 0.011100556193659265 0.027206401362518166 0.011513707289316208 0.0084941422646407014 -0.23758324998233124 0.49087008775440111 -0.47439108088947912
-0.47354313935791831 -0.53262419758625501 -0.027349275237641132 -0.030827785854443616 0.020912331230150755 -0.045780926541202326 0.025531703986724837 -0.024963540628305487 0.3083779333939396 -0.44031731514551159 0.44450587302424643
0.017416658412819183 0.0036713019130706548 0.49817185931681296 0.50226735959467006 0.029971590554202312 -0.015352956172331093 0.01034018863773933 -0.012751324971309694 0.46986454473474487 0.48475638341885513 0.20511097646235013
0.02935637750386812 -0.0020271972336386749 0.49113926671075486 0.50685437266694344 -0.042477556387823419 -0.0053030609997041216 -0.011387572218496086 0.019398288983415123 -0.46522886261664959 -0.4608656365010011 -0.26427541313226677
0.0039171680347972037 -0.0046942425871894251 0.49268471469252129 0.50225152731905554 -0.012577113169460344 0.0056204775224258149 0.016773751222465296 -0.013430775719190274 0.46764475945953471 -0.2221250974898889 -0.48609165504103885
-0.024345039799632952 0.0020587591048898983 0.49242185548608752 0.50857667368461001 -0.0165104052488378 -0.013096800685259643 0.0017048600679140356 0.015014365218988921 -0.47103914164908639 0.24290363155469177 0.46553309141587612
-0.0076218603514956835 0.020354847627535772 0.48920966984486691 0.49430595248792703 0.030021888041343099 0.0089543417403509587 0.0096073215642235241 0.0086442807538349414 -0.25379884154794941 0.48009818063284332 -0.46883523593594689
0.02250110396412076 -0.0083651085450784108 0.51564564322407025 0.49386039387334763 0.0014109743910966411 0.0020173930451121984 -0.0090605952245169843 0.033383369976514012 0.27752483592700938 -0.4511591189378566 0.4559254518113493
0.015950179541679932 0.0017612755929082235 0.4914673945428743 -0.48654415654832356 0.019344464031968572 0.026843903341317553 0.010799640840444611 -0.0065554707357116035 0.48530031325643253 0.48929120962828737 0.21283886339284355
-0.0021517884943177135 0.052965183540519191 0.5226741431028834 -0.47757507942142341 -0.001447118481119922 -0.053597609860148693 -0.011109649782339954 0.056643957986685249 -0.44948305817234119 -0.45757396228717911 -0.27983590193116925
0.024477592648134847 0.0090702707086373676 0.48631975371136932 -0.48654045936417334 0.010948517055574957 0.033575163039199468 0.028071447248464144 -0.010680575728123037 0.47818102650385186 -0.22295207539738354 -0.49555634565569423
-0.034011472036678779 0.023768638093723714 0.51178465133566231 -0.4925001374575036 -0.0099084074634595252 -0.017508365737746806 -0.014021748195893257 0.049827771909303292 -0.44467148128415629 0.28190294641230035 0.46207382930228486
0.022296066508206792 0.0092822206846828476 0.48356366162586201 -0.49976061875380695 0.012416382499037879 0.031308958826110067 0.013367321749972067 -0.0032252169909929461 -0.23447131230375631 0.47938204401731099 -0.47928570780174434
-0.0093950649743594558 0.057626648204153502 0.50468634949590552 -0.49007896583019195 -0.0085684237791149986 -0.065046856424245875 0.011631726499872234 0.045086961962257026 0.31040300284091987 -0.44876338230921325 0.44440292299087664
0.0040315806024586297 0.0099991864243555318 -0.49862059335408437 0.50455652855028299 0.018749430548470326 0.00067078052306962066 0.0053807355555916892 -0.00035446265085453004 0.46834688783396333 0.4778702533208441 0.22044074170902808
-0.0022000271423791053 0.011896912478485441 -0.51501950505761807 0.49055850537715551 -0.017386758816919926 0.011009595469951977 -1.7302490407353732e-05 0.025478049477478528 -0.46639894525869402 -0.46811782150047843 -0.23712016519581558
0.0092474319013326443 0.013182080161672605 -0.4963877528313197 0.5112004582005123 0.021217993300773463 0.0039739202574069757 0.015870308264708304 -0.0037647547390996265 0.45961911575381142 -0.22311988315194595 -0.47984347340759026
0.0071004323642951334 -0.0081477672928024457 -0.50064641099765472 0.50290407378761992 -0.00832648805754738 0.001010003715695938 0.00058154019279725263 0.013499939408513736 -0.45912503758322371 0.24360082938839411 0.47532489961388352
0.011538208378159822 0.0048657015055311613 -0.50001529305608461 0.50237424183314339 0.0084038626134962345 0.0086263273847628479 0.0049066459192708889 -0.0021508762480424281 -0.2476213997759725 0.46905535524492264 -0.46469882586913613
0.0052885507457913336 -1.3927598714903127e-05 -0.51378033993292116 0.49467542892837718 -0.012772265487814804 0.0084155336709852042 -0.0032741573123572492 0.029831715243875741 0.26182906852211363 -0.45909180240120279 0.45917716175967432
0.0028470180185580763 0.024326241601710558 -0.5040038584304376 -0.48447124876837017 -0.012171093649982851 0.0054744311136072634 -0.0025515913603352623 0.015759977700525559 0.48371627105717674 0.4809822916190985 0.21191852229835792
0.027242309773695707 -0.0051165177146247701 -0.52105037483237504 -0.49676288706967681 -0.014893061928785579 -0.017213829934816141 -0.018631793054985479 -0.025155360819263308 -0.45055057691362971 -0.46560011739296531 -0.24431019611005361
0.0017211932622240246 -0.00031747664138465423 -0.5058795306148437 -0.47844266839857547 0.02139843230002442 0.0079054858148212264 0.023714357380783247 -0.00079722732815799911 0.47658077782496422 -0.2271433931442427 -0.48514811706663469
-0.0079334525725951247 0.0073211543747958071 -0.50612273200850677 -0.50136382682850145 -0.014232573916307795 -0.0049867989345356162 -0.0058500119197987185 -0.012282626277662346 -0.43574299476728123 0.24641826028056429 0.49127499219981746
0.022030716404961202 0.0012624115367545477 -0.50553991543415311 -0.49520987700441826 -0.0011706598888857494 -0.0029900518645299243 0.0049873421182339709 -0.0048837713480675282 -0.22589298031496396 0.46912731596915802 -0.47701416401316526
0.029767009573635608 -0.0077358381162886012 -0.51717660939373566 -0.49335851953079068 -0.042317656719765263 -0.0076091654597415185 -0.01695406647564298 -0.010265780186683723 0.27350822631569077 -0.45374324290964452 0.45304372572788626
0.0034464938470136061 -0.0090653867383079373 -0.0098884467955417457 -0.006652170247033796 0.52394936214569765 0.51341183370003174 -0.01332075401091587 -0.030518598475374623 0.44334678677730571 0.44538006678500364 0.25616529437614
0.0097276997802813216 -0.0058989395431245581 0.014046150440386363 0.028666013310391817 0.47650697544428416 0.49825143656345583 -0.00077009354833011863 -0.013745278931673112 -0.48874779371042726 -0.49765619406668238 -0.19186591395193256
-0.010492751374536416 0.0025163915517635387 0.00040560186477068584 -0.004208354924443743 0.52179045422877057 0.52644815428990144 -0.0022087975931091249 -0.02380849139818788 0.43180553720219939 -0.24893621524068665 -0.44883824885173812
0.0019193723476733592 -0.0036357774900570177 0.030550434041214929 -0.0030997543967648082 0.4755974708482788 0.49581735007713551 0.017187991550758591 0.015211698047633882 -0.48130327780536691 0.20637884960577507 0.50223546581039058
-0.0019912914624803119 -0.001610673741958616 -0.0048419440236223228 -0.0072372145025693634 0.52246567864981208 0.51532548493557906 -0.0046126516134263962 -0.020699763988919574 -0.28198094842996374 0.43671719616888782 -0.43669435136081763
-0.0012433579449045214 -0.025098744536898816 -0.0054099054095486186 0.00066501936504844632 0.48585041715408361 0.48237013424426173 0.022002426627202035 0.014248242167627569 0.22973003800797795 -0.49015586725504762 0.4867149471166099
0.0064001999541089798 -0.02843894166657444 -0.013723486185219517 -0.012002075305616738 0.49557789182267226 -0.49697733790610266 0.0049489126056035749 -0.0035314388527434666 0.46716932368462044 0.46826093355458781 0.2620715879590263
-0.0035911426640674276 -0.0045062862285843398 -0.02336322548779568 -0.0056030544739840834 0.49623720557443496 -0.50463001305949196 -0.0083033639488800208 0.033624537151158512 -0.46854975439044383 -0.47807237240771167 -0.22179974600308583
0.014109032687921373 0.019175399681115979 0.0018912882160364269 0.013319469288555536 0.50610304350400281 -0.49430228174357688 0.01797335863303548 0.0076106794277184253 0.46951199245078923 -0.23471748629524317 -0.47208309029210516
-0.0056436584914578928 0.012581332943049266 0.011327897530506814 0.0032824504685043956 0.49830565091413742 -0.50798622313831243 0.014820506172546688 0.0028596758623852495 -0.46433808485163608 0.21876054208560994 0.47918512272278996
0.0092888757636820762 0.022135261375173566 -0.011835795568869826 -0.00059499317756064808 0.4890031666543227 -0.51216908005445549 -0.0092075763888314968 -0.0042690508001262334 -0.22419956509069161 0.47017884652549968 -0.47582081332250781
-0.00394291983626686 0.024319958424513087 -0.007851341072457 0.022316644651720972 0.49582549483193611 -0.50445987001854176 -0.01967317889206209 0.029730957928527185 0.24668150643745149 -0.47296964029105776 0.46118068579833099
0.0099450220096977977 0.0027285575914605324 0.00047038592828735283 -0.0093048973085711889 -0.51580738837148832 0.4995232626979883 0.0096591763849609089 0.00071260601007106243 0.46681910161136975 0.48245343808867702 0.18289586165411409
-0.0016256933220794624 0.0062916926639061191 -0.0065643103736514347 -0.022020964530269773 -0.51031305484744416 0.47311450797580989 0.021520558390434492 -0.011158780293092868 -0.48073410957057011 -0.48032430701888168 -0.2297142360441638
0.014241727271359663 0.017616116834263305 -0.019301887797148733 0.0037476788385338764 -0.49507674004352253 0.50863302668875743 0.011179560382573697 -0.0010394338526667618 0.439331050983778 -0.23633273497602181 -0.49628691935136876
0.004273705960835786 -0.00080823807731943891 0.00033173528089158131 0.016204178682666055 -0.51339989178017154 0.48600071386475474 0.015875860317801926 0.013096578612343916 -0.47500235853778922 0.20770914498362542 0.48036273912334243
0.0053587128494995799 0.014732535347845068 0.0036968323083999212 0.018802892918708073 -0.49360117975772683 0.50113975480767337 0.0062199035959178955 0.0087201801395917107 -0.28694794331657908 0.46152294422775353 -0.45732544623713989
-0.023338331858454686 0.019702778905033379 -0.013394629852813643 0.0042515851011029589 -0.50186780090698491 0.50542281807103528 0.011347809204238073 0.015590929685590666 0.23409990501848174 -0.48105272461278314 0.45272483565781663
0.023756271878421931 0.019290627636914272 -0.016704271352806575 0.019504833488352108 -0.49204096398463659 -0.49889799056068429 0.032640770502574822 -0.0095932580795562838 0.4669066561908925 0.47640074337062499 0.24755520680755186
0.012167737744627309 -0.0045792973017838856 -0.013600411039718078 -0.0019539936922475789 -0.49284366458863277 -0.51583135923593415 -0.0011705522981525997 -0.00023498728480433249 -0.47021040410460185 -0.47055211859916163 -0.21942372745028707
0.036752639529593019 0.013881293894547026 -0.022511017874918507 0.019237008734313173 -0.50448023854984547 -0.47992042046848693 0.033575388340227857 -0.015675658369176365 0.4601466800972398 -0.26431672448201216 -0.47935841773534965
0.00047319786428153302 -0.015970757436929592 -0.017210002561107912 0.0031817303278897737 -0.49782286565451334 -0.50554273905341662 0.0008052158293446797 0.0045989859828025588 -0.46176149413166839 0.23036249225894126 0.47929634097233975
0.038229020837463927 0.016080433264419981 0.0032308875957320765 0.037760113898160426 -0.50427205099940664 -0.48751352595005781 0.018885012536745009 -0.016817757093630637 -0.27277885364130999 0.46665156777861233 -0.46051328757799814
0.011413416177980001 -0.0015412474499785314 -0.013032371647579586 0.019559862127572446 -0.50608496188580865 -0.50389346065912466 -0.016275950689629396 -0.0057627058554965468 0.24492444633834801 -0.46197218393492795 0.46430584826692123
0.006570695793042463 -0.010333163648230181 -0.00121144322434124 0.0072529506367554515 0.011417579274796669 0.00077376244291567147 0.49826824729001779 0.49796305628243098 0.46887873050907991 0.48536991364690862 0.21907841129685771
0.02528735851997271 -0.0061534861564178644 0.0055050201877752435 0.023128869624479333 0.012175853993160039 0.011319248137886179 0.50900771196705119 0.50448485959201572 -0.46615390177527721 -0.45995547678017468 -0.23670389158410657
0.015111474721118021 -0.0078402155481166816 -0.0022711594161303182 0.0095258281996275923 0.0010726611801913325 -0.0025343759990817906 0.51186302700348851 0.49803787540582178 0.46115487245762593 -0.21492497991902784 -0.48031724306305612
0.011366549877012081 -0.010784895128963076 -0.012303558447598928 -0.0035805734075076501 -0.014388157530997243 -0.01312424877116161 0.50829022502101917 0.50060532984454043 -0.45174847660168671 0.23478883250047072 0.48067025437616623
0.025919673098966006 0.0012609690975165571 -0.013080908973770863 -0.003345532979742875 -0.0034513516431730149 -0.0047776336280440377 0.50823768103275535 0.48672102722087313 -0.24626204731437615 0.47697548911830812 -0.46449545551492583
0.021650716097603041 -0.010142560363916215 0.0018889318463505994 0.021150765633671298 -0.021698005824542031 -0.0065016367295573944 0.50890871176200903 0.50607518535762253 0.26156546654936136 -0.45132900486967042 0.45961923720024811
0.022331798482390336 -0.0039014683248383207 -0.0091361732960472813 0.011950271250035564 0.0027343641957285805 0.024065205580978064 0.50822164854987872 -0.49381513435984831 0.4635399166349185 0.47945941501884831 0.2275521124206123
-0.0031465688291228496 0.038512919264764252 -0.02618662247525207 0.002195125004223226 0.016840836396211124 -0.036295985166934212 0.50354215680622683 -0.48188868987391115 -0.47397904147255654 -0.46961863611942273 -0.25543311417811543
0.013891267159869197 -0.0039845800585671751 -0.010646865019073545 0.013423089057996778 0.012200051670475026 0.0090425502363223227 0.50606433394119776 -0.51338864216821534 0.45629811077056232 -0.22037430720155829 -0.47204364483201661
-0.0099448802236440249 0.034417987246661973 -0.0036975112022302838 0.021901674766368846 -0.01224624237961912 -0.0052582988730020975 0.49806406461502417 -0.4884021536789393 -0.46297457250887397 0.25119738042293893 0.48373078411955456
0.0098816170656204818 0.015087955882752128 -0.019819005696679107 0.0016032538633250189 -0.0051193318007446038 0.020179656677668079 0.5026175670355415 -0.50259072579055475 -0.25117222775391285 0.47111723201811567 -0.45671120752320121
0.010891232115329991 0.022234273523417843 -0.037224899941420954 0.010294907087750207 0.014385890129033829 -0.042462880862605669 0.50120795689930719 -0.48075522302931339 0.28432197803116216 -0.46001283475024862 0.47021217967497458
0.010440437880873944 0.015534157565394434 0.0048398978595879209 0.0185740378357587 0.033573466338551419 0.020003871803112333 -0.49075513688090855 0.49230717242064737 0.48811745613771262 0.48577481536654071 0.20077638447066348
0.0035544263517014378 0.018620714139437666 -0.0030334676369793852 0.016416384318204229 -0.01554483746543658 -0.0037744705156058872 -0.53613249882803682 0.48593365058340843 -0.44484966504884715 -0.45884897119953189 -0.25904222614258632
0.016650249939790147 0.0073304230618010677 -0.011971677843349939 0.0095158325582865282 0.038105397766339748 0.031989708532954901 -0.47630833598459016 0.49571465196732972 0.48028111196315887 -0.21562402477757689 -0.49718556442309503
-0.042373537442671659 -0.02594449597021883 -0.019461055847962285 -0.010455959619913887 -0.01420404401602177 0.00014956739717447869 -0.5101966035054587 0.51467933977736635 -0.43791326515496026 0.26751572976573712 0.4564136708484906
0.0092153434150625199 0.018714572767702716 -0.0096588768467925079 0.00091769098935171631 0.029055555460271883 0.023713192030734714 -0.47992758980981126 0.50525997403172507 -0.22670130310241665 0.47682566639579926 -0.4834147655920889
0.0023714037723142692 0.015577440451399274 -0.0037000673755764588 0.018067563674692835 -0.025201669866948641 -0.0032290589221566557 -0.53046097799695124 0.49168997440444862 0.28297319869141907 -0.44972361245407672 0.43965100087236975
0.0060238154594062024 0.014857480444295853 -0.0045367915614372943 0.015694437859634078 -0.026924681095012407 -0.00052017199584228487 -0.48297030796293011 -0.50588412308774489 0.48632077267826485 0.48267911952777143 0.20021181608793581
0.035758007659904757 0.0020662445312824209 0.037020928734853999 -0.03568356487065269 0.011339243271572007 -0.043623487161982902 -0.49678641380451705 -0.49893233887480609 -0.45119761787947854 -0.46436363546296683 -0.28124463808041217
-0.0062575453022764927 -0.004682943329182794 -0.011049581248916706 0.0067343357125413091 0.0063028711716045698 0.019258682179921785 -0.48285583348221883 -0.49328229964971471 0.47784659035867544 -0.21871896051611051 -0.49669740782372507
0.0053652155666297904 0.017917230263066942 0.029690072778161779 0.0049628071492264589 -0.032530005041608856 0.0043799875937524865 -0.50271235169698059 -0.49073680593498775 -0.45861601219704984 0.26504073369453929 0.47280980691719521
-0.012280985981198613 0.0051482837676572043 -0.013605880106326036 0.0023376175860762276 -0.016902664530431117 0.0072034028599465691 -0.48897800058845331 -0.49972651094205262 -0.22954814389810785 0.47396830215256308 -0.48283550660332686
0.039244473901602649 -0.0026308755255959886 0.036992516076349694 -0.042480426404632975 -0.03901910304334321 0.026181622715535612 -0.5004133234861925 -0.4934066246130252 0.30693341313275657 -0.45562254120876128 0.44430658044787352
0.032350055121880571 0.023597582070921788 -0.0072169425748886034 0.016230200036216929 0.048389143851096085 0.055954025934079422 0.026491848846953797 -0.0067291460437658226 0.92908285886218323 0.24833662545142374 -0.25883512996860103
-0.014871937889301391 0.011352934856627228 0.0070549562174538937 0.026389247272146563 -0.023145116994682129 0.041166615886188911 6.7264438811311857e-05 0.010480604576392953 0.0091679867349892391 0.71907453819263012 0.69239533057062852
0.0060030605980978449 0.00947487539639362 -0.016780535961478341 0.0068103316474341265 0.025951339305773955 0.0073834241133560238 0.013769850747703316 0.021143685851212079 -0.0039015623192904165 -0.69661786104475854 -0.71616332304571428
-0.034732719498141815 0.042992544395062678 -0.011382906219642259 0.029519851436016143 -0.0060196740390673562 -0.023247406942930857 -0.023570514854105655 0.074230143576613408 -0.94203866223829491 -0.21971658377297526 0.2314945075208267
0.021138217711310567 0.013832664149354261 -0.011089895608464174 0.007054045759120226 0.055260762205912473 0.051111915152795936 0.011952932022903422 -0.007503630192944373 0.22189507316219284 0.94048091372955867 -0.24409415901434464
0.0088182752918351068 0.0072500470689029588 -0.0085787476943046271 0.014491111634276797 -0.030635717961323757 0.043788528687739074 0.0020866742655925273 0.02164810816222653 0.73249138857032892 0.013247910351904596 0.67789229889080382
0.0097920810133692582 0.012619643117003226 -0.025834597593986985 -0.0067306038223486743 0.022911762801667467 -0.013241848657338779 6.8288464507490883e-05 0.021011421638295939 -0.71075791587040515 -0.0041046078821051057 -0.70192356391913657
0.21851765491320918 -0.30183011121859399 0.28437902631970929 -0.29904801191961838 0.024804502107277641 0.098259912642637962 0.15500750428651988 -0.34900100099950065 -0.40351617135324963 -0.43632789366965902 0.42607610145427816
-0.28851437015899151 -0.18552379527242466 0.23401382505778046 -0.25412919403139445 -0.25350322550102755 -0.29981727553324822 -0.32549315360274761 0.15393311097001283 0.39108291864509415 0.39281929326335557 -0.4146660534256405
0.0069430090944092981 0.0025688663153791641 -0.0055026366877082809 0.020971932641173061 -0.0016706654686895008 0.034934933373857766 0.016064187112845761 0.01990308040218508 0.72393103069659881 -0.68781536509745611 -0.02077376955977641
-0.012776604141636689 0.01379302067405525 -0.032013880203636769 -0.015505778631005093 0.02978799282810948 -0.017270614284333508 -0.0033267431141009761 0.010445252574434018 -0.70213631102409269 0.70990235982198102 0.01089331793950743
-0.036760065012839509 0.042631172782450849 -0.033228664820768951 0.010500819189369638 -0.0028310240167009715 -0.026692456863671273 -0.03189151187786271 0.061782606623282013 -0.1847191140546611 -0.20903072059138669 0.9551163359238013
0.033330954047220918 0.023341992487098756 -0.0057252050712398765 0.015235856414213707 0.049139355471766621 0.054889072479633538 0.027866579886657465 -0.0088623200286544867 0.21338993271625342 0.23958084199224058 -0.94279503225047234
