0.99970131196167766 0.0023640266465503649 0.00080516805300945423 0.0011627856360454912 0.0019091583276817307 -0.0044207754613438486 -0.003684504997585423 0.00067995026068794879 0.022279512789150562 -0.0055284028996992344 -0.0050529095289933608
-0.99992451977661323 -0.0012206230462474847 -0.0082288287319289676 -0.0018838948062690668 0.00013168673126393585 -0.0031838318232109831 0.0012877096705246956 -0.006074298274049963 0.003870483164858632 -0.0026465236302563202 -0.0027400725358428385
-0.0028255773488940609 0.99987605443704008 -0.0071025620289132596 -0.0037242801137362344 -0.00097853860434797091 0.002362247232576675 0.0033295705391754448 -4.0751376344637511e-05 -0.008711598214633607 -0.0062503297389678789 -0.0065567683034983603
0.010611821136682444 -0.99987202453260848 -0.0035359119104050912 0.0059062668167288229 -0.00073820139019192506 0.002435633053778885 0.0026444910772231143 -0.002811960190250293 0.00055211807884489935 -0.0076090112686450486 -0.004044447896031313
0.0046408107787227369 -0.0044223369867630521 0.99965956919923915 -0.0012168808118071897 0.0015622028881065186 -0.0082132511320267831 -0.0060731267757218902 -0.0013047933987134399 0.0024652464204017745 -0.020206511281622781 -0.010738102980349244
-0.005986433614752539 0.0011052284082064346 -0.99991241357776628 0.0019754319772900108 -0.00086666353582299984 -0.0050198602975604703 -0.0010916853902133499 -0.0076036325200156234 0.0019478550841054985 -0.0048072192781109455 -0.0047268721299490819
0.0013747216090523532 -0.0031766892177603856 -0.0078599598321486275 0.99988558625187063 -0.0027495151331166285 0.0018147589602343489 -0.0049049601172059931 0.00010899542801105858 0.005794552266445408 0.0092099500304651059 -0.0013154886786056323
-0.0031761395037647436 0.0052064495194415134 0.010988652918911252 -0.99979487857121674 0.0057737964331254924 0.00386706140909458 0.0045334429440861759 0.0023890994580365692 0.0051164136713101648 -0.010239867714182248 -0.0068316865448461942
0.00033921117470909606 0.0004541598426035105 0.005666344096997452 -9.3402680158987899e-05 0.99985483900171634 -0.0067868858714056389 -0.0057272411820328455 0.0034786950307703927 0.0080814607601733691 0.002467396433879567 0.0097724580478195256
-0.002899775747130105 -0.0020803375301894573 -0.0038411569106770946 -0.0057509574278906484 -0.99989914504533273 -0.0036688368798162142 -0.007426870917689822 0.00031304573887797245 0.006563536287834809 0.0041680263096677854 -0.0034591922476750084
0.013850615988066056 -0.0028379575505752459 0.018811028330670016 -0.00039778048242433044 0.00022275116926451314 0.99949745016088742 -0.00098333782372326314 0.013321286302512078 -0.012929550791721442 0.0075435198781110399 0.0069562434882130203
-0.0016428982028685545 -0.00113963466795479 0.00033192844306651837 -0.0064189829053528996 -5.0339456531838328e-05 -0.99992548529530134 -0.0041660095815185191 0.0035381853085129857 0.0069297044303315231 -0.003874747762050627 -0.0032864963656439642
-0.0045212151175959584 -0.00048058395402488972 -0.0013462172922552615 -0.0034913960132711692 -0.0029586644167219037 0.0015368825599152438 0.99988197920179633 -0.0026630500330619088 0.0019299122200783494 -0.0073135374372351276 0.011221998202957884
-0.0029792633054567569 0.0057946150497168386 -0.0045450002248295955 0.0063137857321820768 0.0024410998307470514 -0.0003422497987619222 -0.99982230720170162 0.011847230050005257 0.0017710754112758129 -0.0093600229145914659 -0.0038986960503000698
-0.0012985169096632902 -0.0010771146376577078 0.0071488386085449239 5.6294337113211783e-05 -0.00094358356692356149 -0.00017520048519687061 -0.00032558148237017692 0.9996467457193724 0.0029280449766070564 -0.0041691655307272042 -0.025008917429399577
-0.007005488692813042 -0.0030792858369832637 -0.0060389481484673362 0.00087643022603505947 -0.00067708395526124118 -0.0038411075714963583 -0.00026046523289103673 -0.99992806935149769 0.0015869722665831124 -0.0035329667489866837 -0.0042165742011932954
0.49801121865104664 0.49917439103115063 0.49734037414089555 0.50218414901309227 -0.016041722509860603 -0.012911301640488091 -0.018354719777023638 -0.018408045671859021 0.02820215801452992 -0.025085669771734351 -0.027366826021874405
0.50237740405930575 0.50090482822264215 0.50295852341957203 -0.49326960156719701 0.00097802645778339355 0.0012776289745762802 -0.0029001994173291968 -0.00037343855987580227 -0.0075261357753672814 -0.015379584807557606 -0.0111717057825459
0.50030780820933518 0.49489018573463106 -0.49965115731228649 0.50437273993188958 -0.0007642793062706167 -0.0031203448195308227 -0.0051992380976588776 0.012125003081181786 0.015386563526773683 -0.012712799840506382 -0.012244641697121254
0.49591257549603251 0.49083004363673216 -0.50295406797334941 -0.50990188339028464 -0.0096627091326981981 0.0004681320343630898 -0.005912183043693859 -0.0038515514817534608 0.0050876067378585153 -0.0039127147414782463 -0.0030482816544134509
0.50708018035755598 -0.49716100325514201 0.49015686847714091 0.50527492647164052 -0.0056389533545513661 0.0018099755496291069 0.00095847180474048998 -0.00099852733912422797 0.010307880142650929 3.359692249604799e-05 0.000936718415304312
0.49606918323176385 -0.49795297732541577 0.49920722981756199 -0.50600849575289508 -0.0015937610097052075 -0.016872563077196895 0.0078732215303033114 -0.002282157742969664 0.0062747938203002347 -0.017527215019118979 0.0021785592257480943
0.50261528077443163 -0.49736912223705243 -0.50240400045627376 0.49752121589284165 -0.0029290336126019502 -0.00050779958669681892 0.00013954921158411404 -0.0028408684015711612 0.0068547753152500444 -0.00053783236910545629 -0.00070108869818524551
0.50182377008432077 -0.50286336425652367 -0.49763374691078283 -0.49714934112098408 -0.0036992876590706022 0.0026696918302942874 -0.0015624833279765124 -0.001618347327254737 0.013633978881777881 -0.012465785671870608 -0.011720650452730295
-0.49588296517740066 0.51150533709282497 0.49709822457363717 0.49486803225781528 -0.0062977888735601681 0.0015093733079089408 -0.0092923911669839723 -0.00086425814076644236 0.01660116663129331 -0.003621015606079483 -0.0066041223253220857
-0.49342875565596395 0.49734664324288547 0.51115144913128685 -0.49760774698493038 -0.00071097576514126141 0.00078496315504782827 0.00081369680062419881 -0.0028197824024579795 -0.010509326072243514 -0.011975313266576871 -0.0046386147834036554
-0.49315867396342328 0.50254599397305499 -0.49939727623340668 0.50444436633392775 -0.0014099215507366912 -0.0035310292799494952 -0.00592228656860106 0.0060935697451133973 -0.0026358398462506798 0.00076314097490816693 0.016914397655591294
-0.49865222613683502 0.49756616377568175 -0.50388214077541871 -0.49974081551004707 0.00070481761795292803 -0.0095038387352329116 -0.00081626713456030243 -0.0013310495360447999 0.0044789604197861153 -0.0033600472220733377 -0.0033416834089353533
-0.50615911869934582 -0.50614143263705236 0.49402838579720582 0.49327439891268915 0.0028045909932085272 0.00031374887567014694 -0.0072725828379772619 -0.0019846084553210319 0.006024860545911931 -0.0091157391541951596 -0.0074785816682548575
-0.49608708362099291 -0.49478747967271575 0.50579633275346303 -0.50266246962246131 0.0014872224351385097 -0.0018699797908933188 -0.0052138625536462613 0.010370498474753529 0.014427314395059882 -0.01154671422902046 -0.010077329173078086
-0.50276109313364559 -0.50170874629556461 -0.49845068938820503 0.49691718046348893 -0.0060781463315208589 -0.004890936883726266 0.00013903484464490687 -0.0028737593158705732 0.0038228413815100688 -0.0066324187269055559 -0.0034780865594759391
-0.50166616040864975 -0.4973371193867811 -0.50254310440370653 -0.49834822218389341 -0.00096335130833938862 -0.0023899386222001754 -0.00065633790489028499 -0.0072190852648270016 0.0019401599741957257 -0.0047083061419065427 -0.0011012048042077453
0.50711744518412394 0.50027896331853017 -0.0065799017534505684 0.0034461383731453654 0.49535091543563509 0.49651254256818989 0.0057268435949042462 -0.0040164926610223783 -0.012877172352260059 0.014036906643821866 0.013735539919049054
0.50181952374031724 0.49420708405210412 0.0043887815464571257 -0.010561025774827908 0.50169368336014331 -0.50154591738453735 -0.0015787564315441845 0.02016624008184581 0.0048596145370450958 -0.0021947660183045262 0.011102489184030362
0.50814805676718522 0.50252597378849417 -0.0088456378174518006 0.0017065253090334748 -0.49670920505804894 0.49215302233812147 -0.0023155085243883843 -0.0061993865835558186 0.010634608285544574 -0.0060127670252117038 0.0066608193384702641
0.50005517930565546 0.49038236846550931 0.0052521529187767643 -0.0066982530335647564 -0.50434410765664361 -0.50474497025310761 -0.0088721961630091172 0.0054505717713551286 -0.00056290523619629597 0.012508925277636758 0.0013490917981685254
0.49488198813596901 -0.49971088812674075 -0.0072275117609991195 -0.0094995832501452715 0.50676125485004408 0.49820351197572521 -0.0011903802309237215 0.0032985329617917407 -0.00063626435121878278 -0.0054646267438745854 0.013494222218636115
0.49729619096985384 -0.50247413715311007 -0.012557417846604376 -0.0036549380894950051 0.4981812350190129 -0.50167061981476901 -0.00025290535437781251 -0.0073594390429576476 0.0074823771936222729 -0.0082937409604364361 -0.0028708015543496973
0.49675431714955565 -0.50058127967591226 -0.0053106565508106614 -0.0011362896559881496 -0.505152854031369 0.49737443533900627 -0.0017882211646579353 -0.0067627240743937276 0.00010937837541645737 0.002685212329222439 0.0026734319828914943
0.49660009493575119 -0.50170846510512812 -0.011451154992772352 0.0010877467649887886 -0.50211611438081161 -0.49929032684096908 -0.002809877009287684 -0.0069747727968985512 0.002183675197502068 -0.0073009660567209594 -0.0043140935333851448
-0.50957990304529543 0.50526796585944855 0.0024003494247589051 -0.0067818081795172876 0.4917128379550646 0.49308060989251307 0.0032939232686040403 0.0016568621163749835 -0.0052700472154755089 0.0052193312486051987 -0.0014958904883541114
-0.50531319111382589 0.49987885815560651 0.0067960767505919669 -0.001010756972096777 0.49519755178379121 -0.49936201299961114 -0.0073450286092866888 0.0036925154528131229 -0.0066752153431771473 -0.00022542375537900526 0.0061048354179500724
-0.50482873204050493 0.50066665016855894 -0.0039026793648860975 -0.002129928885739246 -0.50075195331144617 0.49359972802474572 -0.0048232253110434319 0.0035105268686972282 0.001631320068740606 0.0014831582837689619 0.0052374321758184078
-0.50522736314121275 0.49318542478957683 -0.00092081851714210866 -0.0052417608291968542 -0.49738467552474297 -0.50404274824106854 -0.0033011243729387085 0.0024433253837647293 -0.00031419690789645293 0.0032317806845080671 0.0026657938330601661
-0.50193896401920413 -0.50696277331327066 -0.011039445380947107 0.0010520128308402041 0.49575407286509732 0.49499481852386856 0.0012075927399855483 -0.0063731124198004065 -0.000127881080828368 -0.0064402449729316228 -0.0068925836735474616
-0.49506671716501244 -0.50006264882297169 -0.001344344284785562 0.0061621933305376388 0.50434981118036604 -0.50019925180026314 -0.00057769133029350432 -0.0072538777563535108 0.013108169277749908 0.0034328648603725561 0.0013886135016861463
-0.50206031578401433 -0.50202905939796294 -0.0077486504032863134 -0.0028883579847965891 -0.49670131699495251 0.49892385530976024 0.00070352198248666833 -0.0054122700149451053 0.012256270012181493 -0.0040677354781195225 -0.00034161649660642644
-0.49586552415270746 -0.50002881585410908 -0.0032761378566372279 3.3761934415030822e-05 -0.50225542026841397 -0.50166964773311051 0.0012546933082665424 -0.0063370251777664071 0.0096723246899009466 0.0028919114854605091 -0.0011132147869504121
0.49677615216368542 0.50201823789197431 -0.019194633526811444 -0.018416455642966401 -0.016476771749655648 -0.012930008607712125 0.49992327433174649 0.49807726295846144 0.025029247438308196 -0.023760297542212601 -0.029148232867991297
0.49476388317092895 0.49840914079652621 0.003993716048830199 -0.0070271139405200765 -0.0011984687186674949 0.0020048152019976951 0.50861557140292413 -0.49772303586506794 0.0097848173079354041 -0.0079142552142642264 -0.01224110211572545
0.49832444730555808 0.50275146765490164 -0.00055075633192694005 -0.0016608227223166249 0.0017036217688820117 0.0055421277004591516 -0.49557112666881492 0.50293164333738272 -0.0056171226429279518 -0.0087288126134326214 -0.015437102155384703
0.49687784773632926 0.49321753635365762 -0.0068154377950979395 -0.0043295932208773907 0.0010790047044151275 -0.0065962203837787855 -0.50515444662412279 -0.50432176468481038 0.0096312420621718648 -0.0066308182250421075 -0.0089894641065164527
0.50680046996950812 -0.49161798615143948 -0.0019208656865593431 0.0046884690926032009 -0.0042195102406896567 0.0044759309076233033 0.50093610944973654 0.50007135638660871 0.015961754852507348 -0.010026682659977434 0.0061538953024233359
0.50966518028791574 -0.49927081905343945 0.0004159982091021084 -0.0011072603964651219 0.0031548042828118262 0.0047009593142325196 0.49712524156232141 -0.49361287886021354 0.0085082272268562648 -0.0080322057827440767 0.0035378128578447093
0.49936302230499846 -0.50432135066159012 -0.0079999697458297252 0.0057242000934429448 -0.0017564165289312441 -0.014865563314322722 -0.49936959238203904 0.49606493499762833 0.02152590632823884 0.0063694855838462077 -0.0046224178854591775
0.5062790820853037 -0.5019446758185595 0.0099807087682869545 -0.0077864618639547651 0.0003124100525630578 0.0012671044952248232 -0.49519158610395803 -0.49589569076874374 0.011414031348551358 -0.0066264918997269101 -0.01642112032896749
-0.5014887854231046 0.50451201691693159 0.015279342157238876 -0.004506568744168305 -0.0079301976762042869 -0.003338131891710529 0.49514610658227892 0.49827478723621421 0.011762289049356443 -0.0037166061205076892 -0.0070163522813221409
-0.4972289558606961 0.50446533452123954 0.011252995560688674 -0.0052069295173091954 -0.00014181981383560392 -0.0037445871581205108 0.50372053350864376 -0.4940249918234656 -0.005910107995819063 0.016558751976479179 0.0024733746532244073
-0.5030700524540479 0.49671297513007873 -0.0070585049390500974 0.00053949373874178394 -0.0013271853167728053 -0.00020339134484698707 -0.49703945490929685 0.50300355083193127 -0.00071166742766948417 -0.0016164608484706077 -0.0089952779095387701
-0.49556333249138057 0.49763569763777687 -0.00043330767584893304 0.0030734646458884436 -0.0057540061951253116 0.00026216451491380051 -0.50136608164891439 -0.50530324028458073 0.0045602133096118444 -0.0023463770865152552 -0.0026965102741275671
-0.50351836218229207 -0.51053184953654918 -0.002454247558346116 -0.0070234710743031937 -0.002286443142970866 -0.0012117011331759437 0.4927168165545886 0.49285972030437553 0.00080639281883039711 -0.0051629859307951243 -0.007521245100760029
-0.50308593007333458 -0.4993754510797056 0.0004818514354583612 -0.00042017519270630399 0.00086470498341976564 -0.0096645673895859388 0.49782190330826026 -0.49957847931577398 0.00085253643906038222 -0.0016475106200070373 -0.005039840980728804
-0.49775187414272654 -0.49568062742864105 -0.0038284063539958378 -0.0043020843226682683 -0.0010744069772017767 0.0008553283086637632 -0.50274966309869595 0.50320781090038347 0.014349356287514407 -0.0078235526880704315 -0.016318704550790236
-0.50302910296262582 -0.49735050213181198 -0.0072361056521923579 -0.00015586043547215209 0.0013337835098128543 -0.001296767345690284 -0.49751941441069336 -0.50197077664297984 0.0027876596788277449 -0.0033896117641721811 -0.0053725847460311766
0.019980140601720906 0.012865913852457087 0.5112313536740174 0.49536264318937628 0.50044621821888124 0.49150692786163752 0.0010870564515586213 -0.0067327218707080982 -0.020900645523927307 0.0019082335606219203 0.013459195950067273
0.022027349032755484 -0.0071398397559802431 0.50066316181447568 0.49675870927464177 0.50110707854828307 -0.50045830250809209 0.0012481577346843443 0.018166158400634003 -0.0014328759826351544 -0.0028986710703762298 0.011052709521783647
-0.00083573560777741736 0.0007998884305181011 0.5133501119310494 0.50062542501954144 -0.49333495731069582 0.49204959880928367 0.00018021817544811817 0.003498824309714012 -0.0064524941778645994 0.011218182498725443 0.013136353600646864
0.0047872279422089149 -0.0085453973633414729 0.49902149182272176 0.49026521265317879 -0.5102998669779728 -0.50003678798900753 -0.005256371720466604 0.00085245800187062838 -0.0066110350129853675 0.0014962577059498565 -0.0021415681675328803
-0.0061920924476704838 -0.0021630214792897249 0.5012442700249985 -0.49697158743627495 0.50413095160117194 0.49752006578632568 0.0029546317357074807 0.006075584941811478 0.0003863253906766685 -0.0024817560927189821 0.0020540723823622114
-0.0053123777942543438 0.0024087445532893349 0.50171380967451662 -0.49788609525707911 0.49660014834538019 -0.50338337282731183 -0.0034992018862532413 -0.010909915659291806 0.0084983846812518079 -0.01008303272124253 -0.006854034078847035
-0.0023814945233698163 0.0012512000884179176 0.49777099010366055 -0.50293343125592904 -0.50368228608016441 0.49542292645356373 0.0030638241913662359 -0.0072983470448727368 -0.0044504187659658049 -0.0016677846943443406 -0.007057345856395926
-0.0075520593671939071 -0.00061795191358541353 0.4957133680764535 -0.50197409441253282 -0.49981837067069146 -0.50219217035998143 -0.001946494565301955 -0.011337324004587378 0.0078741648238393677 -0.0013901886875436007 -0.0046055727170627794
0.011388759932993681 -0.0010385986757070966 -0.50247849186245064 0.49737153272853035 0.49660343474197088 0.50294706403881617 -0.0013444111706526229 0.0069154743489880186 -0.0061033767114146023 0.015881800005696167 0.0098135864255287468
0.005747490921734137 -0.0059982258109579981 -0.50441281759458512 0.50113934249821446 0.4972940348286693 -0.49693311641104498 -0.0084586381920446329 0.0016038808223660485 -0.0060149017535834366 -0.0016183919593566584 0.001121601715275653
0.0011592078361554164 0.0023253435676510743 -0.50857455008212316 0.501017175666574 -0.49680809788802488 0.49317582850690361 -0.011844819817720384 0.0055091283750880052 0.0023544206893340255 0.0092514741705596888 0.0049495895459937579
0.0034226291461087709 -0.0027741855680704607 -0.50354986198362917 0.50173177270809199 -0.49528864460756278 -0.49929809123535429 -0.0049332111740976329 0.0006187474077783327 -0.0052379680942548478 0.00068715277079716558 0.0046152960502094196
0.0018621209674691522 -0.0051237018273191971 -0.50554170578150293 -0.50825553305210935 0.49166577453884547 0.49420962454067802 -0.001611072354953018 -0.005838872106133524 -0.00025578722620971724 -0.0076834712428568231 -3.2279431681214199e-05
-0.0082196158097565114 0.0032257582366036542 -0.49066570054613273 -0.49879734875956605 0.50678901052547687 -0.50338726425198532 0.0023644007598784579 0.0012468465137683426 8.6023904674260837e-05 -0.011339166040722435 0.00091622784071027509
-0.0063562747344768893 8.453924486469422e-05 -0.4994223867032237 -0.49831488092695109 -0.5006914795620877 0.50115087133783287 0.0022417373917977784 -0.008136545696267504 0.0072986119009706982 -0.013087718198067351 -0.0088999616052353875
-0.0050138226599886065 -0.00024687399358442572 -0.49680409125827274 -0.50069557813884857 -0.5007789388215661 -0.50160528154424844 -0.0015799478803268593 -0.0027369738805994932 0.0015674153939032201 -0.0080335793384408889 -0.00021699571700463488
-0.01753385957866576 -0.020366736685044892 0.49679262687220938 0.50046203426461477 -0.016973144992563038 -0.015382750960554815 0.50111311222741906 0.49823491223992578 0.023521327301591472 -0.026037233720612497 -0.030071778685857135
0.0091493165485287686 -0.0068950861309783028 0.49963926140487003 0.4913779648931591 -0.0016105795304164389 -0.0012226114968669185 0.50857813097682714 -0.49972762602140935 0.0082398816854383893 -0.011592202210748442 -0.013830141349136094
-0.0047737230615610199 0.0055077056455495503 0.4993956488562058 0.49986420342890325 -0.0017745060351394559 -0.0032482021647662644 -0.49837607292602149 0.50203339536889813 -0.0073834003803132349 -0.010485016019411934 -0.0096047279330522088
-0.0011068551961736105 -0.0086644587176607397 0.4933236907158402 0.493555445924658 -0.0061566805683231649 0.0015015509925339111 -0.50333333000567104 -0.50941290301945696 0.0030123414504916787 -0.0038862793877496886 -0.0069409225980886155
0.0015761073732542771 0.00098901252819292109 0.50619214110323651 -0.49691060882065569 -0.0031988558568438598 0.0059630750870686899 0.49826011498004785 0.49837118630356858 0.0067424468449284328 -0.010843691049339105 -0.00028667176308313201
-0.0020782565873861875 -0.00031083996569184993 0.49982424692750793 -0.50084327635071169 -0.00069799096409903282 -0.00079202197102990325 0.49787089922202643 -0.50123811125948026 0.0090123205532852968 -0.0088032959355463514 0.0072393399777897815
-0.0065042373506207386 0.0094920381048175986 0.4965547843745779 -0.49666872527906103 -0.00018054746964443687 -0.00783018659497965 -0.50614324278152956 0.49973418908981915 -0.0090040568771033985 -0.0091827842888808995 -0.021889189290334763
-0.0024055180358168236 -0.0036002155481946537 0.49954588790010912 -0.50518852826424476 -0.0018299303151516279 0.0031076814498728678 -0.49559371258626178 -0.4992176060507294 0.010874420838467475 -0.012706303938975561 -0.009780238234033279
0.0041562397539617636 -0.0055137539555513686 -0.49816015075190123 0.50593894393990158 -0.00046945472476028511 0.006474398851658035 0.49775803009448422 0.49747993588256134 0.0084819886295022639 -0.015791328994987263 -0.014204993355106242
0.011798036388062124 -0.0069765749550190093 -0.49237678357013537 0.50005234559181366 -0.00073660273486930207 -0.0042739980280388163 0.5072771595719282 -0.49964666564287324 -0.018124475417359568 0.00053006854008678028 0.00062775201109116778
-0.00061192108611410627 0.00026205438869883571 -0.49467456623554001 0.49883353148543497 0.0038736382800199916 -0.0019690976488734848 -0.49593245172547817 0.51025778485069562 0.0053770733377648634 0.0093653844119366229 -0.0037721119297701592
-0.0012230350220443862 -0.002444886187064281 -0.49915486821352351 0.49628269467200414 -0.0014359091393343346 -0.0083875905730014261 -0.50064944716425552 -0.5037427190437832 0.0029657927681661801 -0.0061097156072052817 -0.0039111669590238375
-0.0026306746626383864 -0.0043043415508307462 -0.50661948885847785 -0.50805607396176966 0.00014606168276041351 -0.0068884501069445573 0.49056051444173893 0.4944279135801572 -0.00079786206947184894 -0.0046695681542565917 -0.0034318840116543143
-0.0020313337513584518 0.00026990494634042346 -0.50497105968736622 -0.50049057144778641 -0.0049298577852261013 -0.0040294503353280843 0.49631256349086811 -0.49808480751569989 0.002187891727823201 -0.0039360727813103763 -0.0058105026313061761
0.0084070426527775785 -0.0044286411642411039 -0.49774990631139743 -0.49790940756625962 0.0032064891791604398 -0.00086440020516297589 -0.50225855440235212 0.50152981897364057 0.01102325119583086 -0.013799424331169902 -0.011053581584362251
-0.0083758289448917726 0.0014933186803257395 -0.50111287185538833 -0.49788150530307596 -0.0010105436143581826 -0.0045431386047302107 -0.49804270865797134 -0.50283341252874814 -8.2977140695527008e-05 -0.0036284602965002489 -0.002167373528207079
0.00043322685650052419 0.0073313454819486984 0.022119321853048057 0.012807980144251437 0.50062312383802376 0.49195479516348722 0.49819039302125878 0.50790697301579457 0.0033607509534984577 0.017552002182167542 0.012930350470625157
0.007906714959062696 0.0025681564105380066 0.011895152224378643 0.00020476727145718766 0.50586992569837108 0.49624501207587474 0.49190998254661988 -0.50552315591164132 0.0045883153758060069 0.0076963811376363983 0.0040594465613911987
0.0054754161895307499 -0.0067476461733936488 0.0002957682047332351 -0.00103622623297861 0.50165587057245087 0.49038880140800994 -0.50046375294440382 0.50725822877564941 -0.0011444917896906569 0.0024709848529348706 -0.0011155803147664309
-0.0014647237749542893 -0.00086917476323121066 -0.0062217467141505384 -0.00031009951397624361 0.49225311387129378 0.49473818271851749 -0.5051513737172082 -0.50763388261550069 0.0016566664840142564 0.00035191317776263374 -0.0025214550581032801
0.007887956175559865 -0.012612046434103753 0.010267250937526937 -0.014243851909808017 0.49746520220054385 -0.49942983522912932 0.49449972987285834 0.50782437087727783 -0.0072737594983066705 -0.0080573374047245763 -0.0059348286516939614
0.0022429355032971047 -0.0052589462548143454 0.0073327110796811493 -0.0043197276222070209 0.49855345415819363 -0.49732202464394315 0.50034289065950099 -0.50358691599315919 -0.0021647387390311551 0.0054345892334352998 0.0057558778775266351
-0.0098639487292292421 -0.00059904044373617845 -0.0042950030968798621 -0.0011249617165164055 0.49663082585321533 -0.50343377440640646 -0.50000043015537521 0.49954425934199298 0.010238108605421379 -0.0071816504289466442 -0.0096745287751049611
-0.00081143699868436905 0.0029414351435070158 -0.0058815716521335923 0.0022791495586572449 0.50303820324948123 -0.50152950031308474 -0.50107472125167241 -0.49411056837383588 0.0011949122976224397 -0.0032405896596054205 -0.011771542627362502
-0.0099560297165810878 -0.0041564470298987135 0.00022702703939397919 0.0022204814663038335 -0.49510528134978182 0.4931606237142051 0.50374833095710148 0.50755251163634085 -0.0034208358596484272 0.0093475083876101931 0.0084242445989224299
0.0064257185512356764 -0.0043009614027130728 0.0048142501863995329 -0.0020656249513809721 -0.49833909159960166 0.49812278436273705 0.49612354635272177 -0.50718683543004295 -0.00031775266224255656 -0.0027478304752867433 0.0077394266580666357
0.0052771200660935063 -0.002364281219415679 -0.0002668708569097001 0.0043627639408539524 -0.49833874287167607 0.49195418496175009 -0.50284766442389528 0.50658109947792129 0.0033888649003200435 0.0041902354772195448 -0.0088208875443724303
-0.0076702381171924374 -0.0062420404588515981 -0.0032252888304111047 -0.0030970245080087196 -0.50016145783672772 0.50031475151435756 -0.49642854711110213 -0.50277336082667012 -0.0039296611480129128 0.0032664930203755577 -0.012546269719872126
0.0053211154698877897 -0.0091658231923975025 0.004652446058347747 -0.012681185405372299 -0.50896567143566729 -0.49976450533364086 0.48962019778934163 0.50107931784468152 -0.0026725108563052458 0.0058122538101450516 -0.0067271645450723821
-4.6867974460370113e-05 -0.001972223094792014 0.0036992535101178846 -0.0052126955335193509 -0.4944146673910173 -0.5000647150019728 0.50229329001173195 -0.50304615307638201 -0.0031315385357808408 0.0074333594533353741 0.0050622390999632344
-0.0079566611344519655 0.0004301145669460256 -0.0043562387073381162 0.0037042691181551186 -0.49885387971083578 -0.50038594388977919 -0.50239507388742011 0.4979894245272915 0.010562097597076232 -0.010195779778837502 -0.0072617447173038332
-0.0031503399006153707 0.0013856712344096364 -0.0043569591514503363 0.00029381875469211495 -0.50186052849804874 -0.50216178098810327 -0.50019121104411735 -0.49564761013287112 -0.00014152593192060008 0.00048827475732366978 -0.0089767490614919235
0.48775121539129407 -0.0020478207921358765 0.48755767727001453 0.002233776388273814 0.49639862753778674 -0.0049182350103759553 -0.0044698830671835894 -0.0084558914886506513 0.52564277789499514 -0.013931366275027703 -0.036815737945344977
0.48408565482561083 -0.032525897950736953 0.48358868088182944 -0.02435293192473326 0.49939827501822642 -0.021227082230920961 -0.0064768159062260954 -0.0015615328494284759 -0.52307313193757488 -0.067614829462371517 -0.045620028777374456
0.48859955094055657 -0.0063575609408875267 0.48737765152862983 0.0010271946068857805 -0.50715469888414888 -0.011560846748308677 -0.0066695242259312386 -0.006016714788497652 0.5146642710636371 -0.013461905456633418 -0.034803303078908637
0.48472419556209773 -0.023382520494982195 0.49073904296478887 -0.022946934581010242 -0.49760409189187399 -0.022617835586098846 -0.0056866928889898723 -0.0026394196188308768 -0.52071151480584577 -0.051095176814576572 -0.035106115765364751
0.49235293448591272 -0.00018633394167724826 -0.50958018101527736 -0.0023858001602734082 0.49204646240429639 -0.005727054504162386 0.0016366203618301254 -0.0069629910876051184 0.50424381100748505 0.0039249396947017368 -0.037947227525531244
0.49289602267960336 -0.002534631253103708 -0.50426805084429527 -0.008616009884283302 0.50128541033664142 0.0010678886119690125 -0.0082481018837300673 0.0063742098984114204 -0.50117994846788227 -0.0038426772894799362 0.0096753340206729484
0.49268282906454913 -0.0008800055308865449 -0.5049078822575922 0.001320349654532428 -0.50044913583930739 -0.001687119173222584 0.00075590552747514252 -0.011570672908986142 0.50072859581894869 -0.0020375422363270801 -0.031768358453543609
0.49426639757054419 -0.0023797769266897537 -0.50105652084244656 -0.012403167523215557 -0.50428805257903386 -0.0057644399069996938 -0.0032682473392608765 0.0045874820629648143 -0.49994842024279734 -0.0090983593824623607 0.0089995016864341821
-0.50579439565497808 -0.0015736112568961868 0.48897073540741104 -0.00010063755483205204 0.49544379235742975 -0.00066851107734720557 0.004670303909999003 -0.0058903975321768307 0.50905563319166547 -0.015182925970776747 -0.013692958751603108
-0.50558586499088531 -0.020574180976336155 0.49631423971816852 -0.004672862856876658 0.50244259561185434 -0.0006617680616567154 -0.0030077837423879887 -0.018908674200276521 -0.49391348937507201 0.018195962673510528 0.022644279957538638
-0.50914505871952542 -0.0036172229313325599 0.489631655445943 0.0031330480648153807 -0.49701402996348787 -0.00030402751764275354 0.0029301011791381865 -0.0057414287325031768 0.50341686672732622 -0.0048883729342209022 -0.022186145885523402
-0.50598538807846338 -0.023302712729450791 0.4971760974294534 -0.0031634236236361452 -0.50316720618123034 0.003169057063616604 -0.0030843298918751382 -0.014379075821187449 -0.49218615497424895 0.011127786571986497 0.021612531845067191
-0.50004513889966951 -0.0018233032337067931 -0.50337787517268417 0.0017275362468875631 0.49523363061053693 -0.0037759363296040564 -0.0042274308917755448 -0.0069476549763481058 0.50062328834012726 -0.0029771727153197094 -0.024289441799772726
-0.50507238525061871 0.0036984568355037241 -0.50572625045196595 0.0050596593042192108 0.4975422640174525 -0.0045477644264287562 -0.00076449372056279009 -0.0069318350181728485 -0.49109258044136084 -0.0084772610217103295 0.015561445130956558
-0.49982419073726603 -0.0010193584367261916 -0.50284883104992439 -0.0037763301904775275 -0.49732822165014745 -0.0035240526510443909 -0.0011486255630410221 -0.0063844496451783877 0.49934299094602497 -0.0019624313790779684 -0.023799126573270466
-0.50403842427766776 0.0031521260633151347 -0.50365914389713629 0.0066453348627172996 -0.49943255119507363 -0.0043060466388172387 -0.0003712039883201981 -0.0040732066703075623 -0.49239112933693863 -0.0097565503426814623 0.0143624053062906
0.4855246307370602 0.0066934771801069083 -0.0087946687221522671 0.49587767612046924 -0.00045691296963807211 -0.0011611116963002952 0.49239976574950145 -0.0059527274299928414 0.51984688156503822 -0.037741200533703369 -0.063947749951336313
0.4773722000598723 -0.0097095530260503313 -0.0084349741575862041 0.48309524956886918 0.00089210497111165486 -0.00059736576551390269 0.47865884780115342 -0.0064608262220861769 -0.55016051348429751 -0.065392806522846819 -0.049591742778481669
0.49146520396270704 -0.0082444670067625663 -0.011361758066870524 0.49438426367541743 -0.0029090029833027807 -0.00011224145279423463 -0.49918954364747214 -0.010752026446730095 0.5140120216916928 -0.016647246549734668 0.0070229355658544719
0.48805300586596084 -0.0065357322664283853 -0.0014626942435791233 0.49776260971788144 -0.0064608342829908473 -0.011254762655728629 -0.50697872655526777 -0.014775102249349355 -0.50511819227370713 -0.0058207064425870297 0.037408272933113967
0.48847233238163157 -0.0041134769330489858 -0.011956838447332519 -0.49892527578916396 -0.0019274634436298858 -0.0018875912727929348 0.49760037526454898 -0.0089580804478857998 0.51192525498718144 0.035464234762359464 -0.035911357150354248
0.49329781980959775 0.0001305536487171219 -0.0090071647477500284 -0.50579394414083134 -0.0013001719629559137 0.0043634936560451709 0.49836420684410265 -0.003119855547514335 -0.50212816742767186 -0.0059629687362627174 0.013527777869288778
0.49228242115344634 0.0022171582943612579 -0.00093890704289104434 -0.5024729142907417 0.00085419623857428489 -0.0049882207036578982 -0.49807398178774753 -0.0061265185010673144 0.50667440766759841 0.01768133152461631 -0.0008766187822217106
0.49105169098903495 0.0083514388508095921 0.00030860609939160644 -0.5087738101730126 -0.0015917092095350507 -0.010851226601372867 -0.50984291814972371 -0.0086902511489219281 -0.48907349865144156 0.000469688048847887 0.024877561994645584
-0.50553312346569612 0.011751146552012695 -0.012225654626841725 0.49718887278962809 -0.0019936547220107412 -0.004403983566839114 0.49679320986797548 -0.011416954641076404 0.49925424002216162 -0.004213595375658935 -0.026873207031321272
-0.50958868205963759 0.00065117229726382401 -0.0025968827881946085 0.49439489691740318 -0.0016751357603676225 -0.0059169321154610563 0.49841119086854457 -0.0048035619706924418 -0.49694542166142475 -0.010794910116336109 0.018439236492405829
-0.50527446911301221 -0.00056217109199356856 -0.0060352236217294901 0.49928161634634322 -0.00082588845199280494 -0.0027503915753094446 -0.49841178002502784 -0.0069440294351752682 0.49646756065947167 -0.0018092072384154995 -0.020609650763217746
-0.50402746639716789 0.0083382538925649129 0.0004586793024847119 0.49618323150356131 0.0023244031584083854 -0.0023195063198816917 -0.4939889035215615 -0.0056308323048355853 -0.50522140686070416 0.0026960622392281515 0.019113144452404397
-0.50346581904232979 -0.00092581086957888568 -0.010294256138870026 -0.49854220189343457 0.0014757158135450274 -0.0045914641765736775 0.49785307854481509 -0.0060166602699294044 0.49920464068188763 0.0032104385616143313 -0.027171412553855436
-0.50194150709120633 0.003209366041885132 -0.0081887274114178597 -0.49806258673711667 -0.0020846313056323861 0.0017776461102858815 0.49785012088500935 -0.00015667606810510677 -0.50118022576059196 -0.011905049358344497 0.026933359335334917
-0.5050611122056301 0.0044641339973552118 -0.0040480552876554898 -0.49652405074600725 0.00037044919948193376 9.8797572620140848e-05 -0.49696016927373104 -0.0034768541641218161 0.50064822411424148 -0.0029915777305526796 -0.026487459775228501
-0.50797621427440254 6.7309152698415411e-05 -0.0065352712270635828 -0.49621662001220507 -0.00018007594671781945 0.00040654794977082931 -0.49463374881286654 -0.0055127051669813364 -0.50061996135178555 -0.011451439524298628 0.015553237348653911
0.49634170850185244 0.0017907609209771719 -0.011688534538345929 -0.0066807586391121991 -0.0021006986376087395 0.49295037289332971 -0.0018580445059344956 0.48657425571356416 0.52194378394926377 -0.017848752807472383 -0.03088873416063178
0.48911215455381307 -0.046014679694842422 -0.0016504725690872034 -0.0040516436880200547 -0.0045301517570126354 0.48795550793134684 -0.038603879844478182 0.48257526287653502 -0.52557160575974149 -0.073511805499940408 -0.067179367669053636
0.48901239952963099 -3.4861380856994892e-05 -0.0046537345892302033 -0.0003161617617372601 -0.00028545534206268368 0.49218714628884164 0.0014580047245044702 -0.50764029222152884 0.51006374339378879 -0.023410530113534805 -0.013526970124407478
0.49196599391036805 -0.0030796071540255001 0.0075312730199348409 -0.0081667097587718902 0.0047107778143825911 0.50082456381913798 -0.0074616406290176022 -0.50266478162428962 -0.50345802199019452 -0.018365052951033866 0.021314610934397803
0.49063160837848396 -0.0035553941935621679 -0.0063408369272939828 -0.0021763507324895535 -0.00081766089587651653 -0.50132694246855403 0.0014472294767084691 0.48895575304305589 0.51631906167357766 -0.011018457226616801 -0.045902796736288179
0.4807871966988489 -0.002455244782342274 -0.0039902102588589786 -0.022975738626340003 -0.0015333539920797043 -0.5076064665682658 -0.020577824731453014 0.50415843272641092 -0.5041091486762862 -0.043598616164580627 0.0010562070699103904
0.49355299956954896 -0.0010892945049505224 -0.0088625624017716394 -0.0016210608087189736 -0.0015135995820043232 -0.50004238850216709 0.0039034601426868403 -0.50333136802156453 0.50211417863156693 -0.0046773672973570331 -0.027931464999747607
0.49116515169993252 0.0027276662719840686 -0.00093069038258789493 -0.00033649827544992786 0.00047714355228147155 -0.51343175327010182 -0.0049503317840443725 -0.500520359140463 -0.49420984045391114 -0.0070777967362940569 0.01724482350278506
-0.50779788574996643 -0.00075435678595902548 -0.0087121766468298244 0.0057677817176006035 -0.00041484768063167502 0.49535727842086552 -0.00066571406339634241 0.48812481316554313 0.50648772693454713 0.011411809428733301 -0.041548046041160275
-0.50468873766472344 -0.020779938289537281 -0.024232764186186216 -0.0055230062175157602 -0.0035147862382674099 0.50176289174305544 -0.0040291281231287189 0.49874058441026564 -0.49198441984940272 -0.0054869277862720604 0.040301468536814961
-0.50318413729681355 0.001087017299361688 -0.0083007799274920028 -0.0019727151525978002 -0.00092578453718355873 0.49287074116180141 0.00097778643132933447 -0.5041643423784804 0.4989296439660123 -0.002456962731592426 -0.026265124352165506
-0.50774688021268288 -0.00012459591359235465 -0.0097922728558766155 -9.048033679113559e-05 -0.0012424224926631416 0.49240117126242988 0.0078094249335958696 -0.50644865438124076 -0.49271790705694596 -0.0090190457199623795 0.015271885242781232
-0.50673509217668844 -0.0018248409768875976 -0.0058650150494462851 0.0017092730705454077 -0.00063241362406456496 -0.49706879639127832 0.0028988442038792991 0.49139780903165486 0.5037740840077557 0.0024277644438945403 -0.028751977782208855
-0.50984311559905748 -0.020074975727315716 -0.0049767929373829393 -0.0069148030061099968 0.0032193669342448607 -0.50640065566869952 -0.0055736743449905524 0.49329863866607371 -0.4884670969176455 -0.0033282668298557205 0.033861875100830628
-0.49893831739195654 -0.0013201011732926029 -0.00471892887695647 -0.0017657028030795001 -0.0011776369977492796 -0.49965696298675771 -0.0040729089533216864 -0.50109356220965096 0.49970291273175693 0.0030021423026785669 -0.023486139710171484
-0.50469990605959247 0.0024387176362872806 -0.001337861520078957 -0.0019546350003236848 -0.00030611551189848495 -0.50009668726280065 -0.0016682751301848704 -0.50279167052039886 -0.49194220532540284 -0.0077959021175175525 0.017306072157294343
-0.0048432710843163886 0.49280918313369343 0.49207200652992389 -0.00072586612476843921 0.00065348052004424856 -0.0067544060964503374 -0.0079054103204389756 0.4937435320750474 0.51970277067933324 -0.0021227705348518346 -0.031520933187110085
-0.037301779785114564 0.46099071169731382 0.44250096117715287 0.00058318720095253335 0.0013839766432214614 0.0051001554712159962 0.0026433838284975995 0.44159143433324693 -0.59156581138027653 -0.15651277406420908 -0.14423741966852341
-0.0088964420984301209 0.49468082672233821 0.49433044137058357 -0.0097619462457237769 -0.0036989687131917292 -0.00061168072871906033 -0.0058471208128200725 -0.49821407850349647 0.51228195652175845 -0.0073514985126111798 0.0012211712690249302
0.0030867570894689334 0.49769863122500752 0.49845652163591064 0.0038644267776261139 -0.0026594409357153085 -0.0022322921415653917 -0.0085295262310100869 -0.51290502215294242 -0.48968252388052591 0.010828306793796262 0.027388134437738375
-0.0089295996252398251 0.49579155571971056 -0.50009524860809695 -0.005194169445898871 -0.00023571243625665714 -0.0022944450560555439 -0.010558312181859274 0.49305065393463016 0.50947369037555379 0.0241900336236513 -0.024988281240858931
-0.0043708747451874329 0.4897907998332342 -0.51187518000111709 -0.0033180984242456367 0.00082682627600185008 0.0073307030549615458 -0.0065664784095603654 0.50021598296507042 -0.49592670563312102 0.0014398759438976898 0.042423065307843524
-0.0045619318256024857 0.50084550203074196 -0.49779962873262312 -0.0041554993176836979 -0.0023414398047728467 -0.0041950003215534652 -0.0021029605659354574 -0.49927413800514076 0.50153855143119819 0.0068644204906888138 -0.020518937602196551
-0.013121099478308699 0.49857063861652168 -0.50394597368245142 -0.00072766512159969641 -0.00098349406961842811 -0.0052089219077760289 0.0023441549260469863 -0.50664682338366418 -0.49007258649783664 -0.0046371764912679775 0.019386564758072777
-0.0064908902639725071 -0.50173746709354883 0.48151434065439491 0.0025421391422843116 -0.0041710192664349876 -0.00033193126737940441 -0.0029940522515378982 0.48470587051102193 0.52961301483958667 0.0083736705795448615 -0.028784423697634367
-0.011508515608088818 -0.50190757711095657 0.50602266177814703 0.0011380299266243684 -0.0023502614135389489 -0.012948730363523063 -0.0016707302212027395 0.50313735373626312 -0.48745407740221014 -0.00020741803543087892 0.031006559833855869
-0.0093919215416814698 -0.49748055366598115 0.49314580571968097 -0.0005186306493869952 -0.0055152297755560933 0.001738709655882627 0.00010809770970808288 -0.50732598151623776 0.50145825824819623 0.0065426303577532045 -0.017763473835188656
-0.0031159447256060529 -0.50819048608667461 0.49089662104230425 0.0010375655024680371 -0.0013983839687316821 0.0004066286724501004 -0.0045776560200626792 -0.50970402956572092 -0.49017427047402823 0.005499737499695484 0.025096126881431948
-0.0038792833536602867 -0.49645944094379779 -0.51054702533279828 0.0026075336602825075 -0.0017395861334302276 -0.0071788421280896946 0.00012595099081261999 0.49159345591599479 0.50058462321639241 0.008755026592469916 -0.021623856312973512
-0.0071467379040856425 -0.50265110914386602 -0.51267195737020188 -0.0012977382068359046 -0.0053244248372681189 -0.014882400922496394 -0.0019163945400029385 0.48818824271384126 -0.49521979072004046 0.0013764255890747956 0.025114989512119556
-0.0045127545649712502 -0.50063334640078561 -0.49950904504940818 0.0029432123387458458 -0.001614722117669841 -0.0032070434516410927 0.0050260283287117853 -0.50079916925535239 0.49825013216640168 -0.0041948712525354597 -0.026817651672963305
0.020010395939353862 -0.5011387498766442 -0.50118939404952778 -0.003603861047471821 -0.0013012194142539926 -0.0044554502050694264 -0.0039249106398195075 -0.5037722968248709 -0.49311543611627989 -0.0087566789807992686 0.013883514003663687
-0.0046425999310845487 0.4984670408834973 -0.005356467161316567 0.49186161611386392 -0.00040891816704137241 0.50110531383743884 -0.0044512994855062096 -0.0079992146122192503 0.50775458762211045 0.0082514665754541919 -0.021890684057027977
0.0016475236546607322 0.4962720668040036 -0.008160028427789609 0.50490426635277053 -0.0056068225837780372 0.50163286953422914 -0.0075028725111841695 -0.021530518577673446 -0.49535142231068235 -0.0049836279015772738 0.033641052535072088
-0.005874070133611551 0.49539809396924511 -0.012042871886267533 0.49438312185125921 0.014754417078608063 -0.50765947225469998 -0.00087318142817053592 -0.002387511299581771 0.50144216570458677 0.013328800171608495 -0.020550526690463568
0.0012776964907845545 0.49393552136734531 0.0015402564030356333 0.5092363497076805 0.0028456827685566901 -0.50605906601601269 -0.0045051378001104252 -0.0067621553651467737 -0.48906623584938119 -0.0019134107750519024 0.03664276957301095
-0.008126364316513035 0.49607989695287275 -0.0063859495415921289 -0.50055558166375336 0.0033380649394724633 0.49694757800947709 0.0019113729171852749 -0.0035178782113846896 0.50547634617685944 0.023429874157555264 -0.014236046783609626
-0.0043031491352298638 0.50013843379584622 -0.011131255707415615 -0.50576566979717408 -0.0028479567029791311 0.50279142694273449 0.0035538765283642136 -0.015893890400230527 -0.49026727459913128 0.0035171857080852423 0.021754667445358703
-0.0058125969500424706 0.49354591860112956 -0.002628312364750958 -0.50128485161436542 0.0024527103888920083 -0.50124564517097125 0.0016420342186483422 -0.0036210684248657822 0.50290581352802788 0.014519869792302378 -0.026289248027281741
-0.0072204941481353799 0.49663347172232442 -0.0022783398537779701 -0.50413165521975001 -0.0023297992230385998 -0.50544168448310778 -0.0060065877606152295 -0.01179644551763793 -0.49283874880655004 0.0049936631352973555 0.02412911114321074
-0.003005271830994298 -0.49695620417868142 -0.015545831237623172 0.5012348628036899 -0.0028780223226008497 0.50059850068628664 0.0047682022692327308 -0.0024677588647257463 0.50045801254605182 0.015640926051515385 -0.014443356015860912
-0.017981257663213207 -0.50277558089462848 -0.0018804286763955424 0.50196279109874919 -0.007333395738350932 0.49799404120169954 -0.0071199589150544853 -0.016313873504926357 -0.4960238247608687 -0.0057253606844104733 0.02195712719722847
-0.00044055902491609635 -0.49684758472648699 -0.0062279895541276975 0.50376020992894899 -0.0039838586747449542 -0.50189221932400496 0.001789416507354414 -0.0085949865609889799 0.49678209069070861 0.0045179514662726039 -0.022968287438070702
-0.014133261277514408 -0.50066225945162124 0.0047385012282974842 0.49720430789466352 -0.0043427861581142313 -0.50303087846494465 -0.0089284008561127271 -0.010757145167584935 -0.49806174853479068 -0.0029136934044001477 0.023971310893153457
-0.0045378269115066211 -0.49642848470659567 -0.0067330954170135631 -0.49978006164098104 -0.0007451403217771076 0.49667288778160079 -0.002835693919041283 -0.011912388268065992 0.50633384946263593 0.01761105776438221 -0.013933692912497301
-0.016109323495710339 -0.50044975932251534 0.0028349864283169521 -0.50752001529132496 -0.0028060982955177894 0.49997066734839823 0.00044468146297980618 -0.021321305524437027 -0.4906562146061087 -0.0025213077975860818 0.022862827674388967
-0.0031426060521312338 -0.49900680038652773 -0.0076880468106432084 -0.50001377359767085 -0.00086212480666304021 -0.5001576732391525 -0.0019775122056567111 -0.0078040782402202299 0.49989605167036588 0.013303879755989872 -0.024761787112094681
-0.0070320028659427453 -0.49834319024944912 0.0022613830226714442 -0.50114870960866975 -0.0019053219501772034 -0.49937310820230707 -0.0039683973047033947 -0.015530691522392028 -0.50046959797632218 0.00024031667431515858 0.018588018121918043
-0.0074192483081508441 0.4943163034340336 -0.010250173180150472 -0.0028031121390851383 0.50208447761536656 -0.0072468250798102983 0.4988352552558345 -0.0026773322146433961 0.50405458921422697 -0.0078860495389962686 -0.01910721357860614
-6.9011713691184649e-05 0.49077105131735782 -0.016728548733373445 -0.0018373724381811232 0.50876583891908944 0.00011173257557053529 0.50251495038367977 -0.007567902734766715 -0.49700505788152854 0.0099564205136129114 0.018059690768214016
-0.0074609071729033151 0.49441982216271757 -0.0059155771292020961 0.0030673816597875372 0.49766165631924081 0.00074553989862914975 -0.50252936663575798 -0.006965231135286438 0.50515711742837111 0.0029608150543187456 -0.0021290709579328449
-0.0032735346243657633 0.50087285997492448 -0.015371886152169386 0.0022624387523360297 0.50686698770984262 0.0052976581238648075 -0.50417692267759173 -0.003490910959051143 -0.48690372113718688 -0.0055561758181056952 0.024887338548759953
-0.0047503022358292846 0.49299196212412899 -0.0027474988350066143 5.0879131190423812e-05 -0.50803320602578061 0.010880878838628538 0.49400538298228841 -0.011897442611099311 0.50443248628437876 -0.0075570454633942267 -0.004535075596269999
0.0031686851634325063 0.49180049394806619 -0.011517506695232793 -0.0023820327333702695 -0.50827542376019819 0.0036376537437132904 0.50615449086821251 -0.005888905540825962 -0.49289407879748204 0.0048337645972791488 0.020779355010658872
-0.002823005826684375 0.49379233476973133 -0.0070700409516458486 -0.0011451523890115662 -0.50063356159813155 -0.00081638498145339433 -0.50470070089659724 -0.0039335487117644081 0.5005627570608091 0.0040348031605596983 -0.012554311649483956
-0.0021405309426386181 0.49496705507592237 -0.010052419262223094 -0.0024384622949610419 -0.50799798162685517 0.0046885222323070222 -0.50292833768828049 -0.005359543334340384 -0.49316654490041251 0.00098873620444992448 0.025144533098493557
0.0043481452449601887 -0.50040091486042693 -0.01587062995661034 0.0032022152196388731 0.50046506476901609 -0.0013565777486944282 0.50403400721725611 0.001909955874544106 0.49448056307675819 0.0029430209496972186 -0.01664778089879802
-0.015482570292326133 -0.50167889013146416 -0.015786086147195406 -0.0058855017036030617 0.49910106501022689 -0.0057211452287053415 0.49894756564137627 -0.0014913636525651936 -0.49907720288940999 -1.7793889590825914e-05 0.025123391189201549
-0.0030966193369750331 -0.4980720859939804 -0.01043664288853338 -0.007386553298582019 0.49503599976051899 -0.00032613332944132279 -0.50265458831150933 -0.0083104371745772853 0.50381512231158809 0.0095908430563619619 -0.0061656904729573067
-0.019096788112693084 -0.50107666929273498 -0.017739600867696201 0.00109147521538927 0.49699091344167307 -0.0042096753604127946 -0.50656728158890263 0.0054868863753096755 -0.49397034732018291 -0.0014373276636221127 0.023971302969545083
0.0035494556051990276 -0.49913212874393603 -0.0099321959981200358 0.0050633433073213989 -0.50175374388970129 -0.004027194880328773 0.50310016130446866 -0.0037890341944094206 0.49529631346738373 0.010137305041801405 -0.020294419901149715
-0.010142031855466679 -0.50050452418309599 -0.013828681142822572 -0.0090179196338790856 -0.50219356324387376 -0.0080077972361195099 0.49691796336635569 -0.0026704235999835345 -0.49967324102320942 -0.00092606903376109186 0.015764089203157843
-0.0058206862797853072 -0.49906605078687083 -0.012476539955259455 -0.0051125890672090741 -0.49917968546470132 0.00013849840719579415 -0.50371657693175598 -0.0094413637994914517 0.49740788384715762 0.0023539147696751391 -0.017243646083888481
-0.010518980321247005 -0.49747876766933574 -0.01780718642799585 -0.0016065610976547264 -0.502016299743548 -0.0049618302452941491 -0.50514708171619005 -0.0019600222464174026 -0.49438661496603292 -0.0013279147620494382 0.021029993052632184
-0.017549502376094765 -0.016735208972984743 0.48450458844837485 0.0014302820230471947 0.0015982531146810208 0.49828047252982971 0.5067620116454663 -0.0048269458005960157 0.50632086815307886 -0.014586742090287324 -0.054539817293428938
-7.1235872456038124e-05 -0.0090935908425553574 0.50047712349801909 -0.012129294326462144 -0.0082191272002967667 0.49195935069648838 0.50139739395933891 -0.012151664464011931 -0.50389998784792156 0.0030395034920691942 0.041591199340823413
-0.0067737959524947723 -0.0060218392099975872 0.4831477420858844 0.0040928907632966135 -0.0025052598570037975 0.49645820313294275 -0.50701796595955928 -0.017474556540526657 0.50754539213340499 -0.028254227365514577 -0.06495485006188742
-0.011230740127549564 -0.0021174830038719877 0.49808673719698726 -0.0041492184791599865 0.0053863262193487487 0.49152933634037876 -0.51100089260309556 -0.014468983695561089 -0.49856783643810598 -7.0576584464381972e-05 0.015182744187463014
-0.0037046977148100743 -0.0073199138281820515 0.49084652159895642 -0.0054127321763078346 -0.0035873142869177871 -0.49650080193980339 0.49694374411260878 -0.0090367854818346801 0.5122872882468118 -0.0050680698342180173 -0.05429985409466756
-0.010339741899015034 -0.0017619011865924496 0.49804607735634449 -0.0060872872693153871 0.0010250466005936631 -0.50557612643141192 0.49323368775640614 -0.0052729654621609025 -0.50129366889663307 -4.0448347283849227e-06 0.039901722677702076
-0.0043142579757056961 -0.0029266386044210155 0.4903113226492879 0.0050121411043905295 -0.0013110224261758925 -0.49561142639055472 -0.50849143218831938 -0.010688971117111449 0.50333341851261326 -0.0087164696729558865 -0.042565300324884502
-0.010714076161330448 0.0083292840760754421 0.49228299650451923 0.00022776357635288157 0.0029274141831001732 -0.50616181589449782 -0.50366586711926853 -0.0067054556083448154 -0.49730950694207388 0.0022705704972187969 0.014788760272162483
-0.0087854221951036756 0.00096030056690320264 -0.5071933948756141 -0.00060895796976816847 0.00074942758949963866 0.49105507291855777 0.50023003350631079 -0.0068686328370335843 0.50070051627317136 0.0025395090588947226 -0.023580004715816491
-0.0076430221723796767 0.0023777282910539196 -0.50870126139047411 -0.0061720218253740579 0.0011422582448425925 0.49992112845143583 0.49324217682423588 -0.0060105026544006457 -0.497577724750912 -0.011836344070273183 0.01227850360612423
-0.0020132176744889567 -0.0019398732631358846 -0.50817815840040104 -0.0045977679104101483 -0.0012002436397040175 0.49433200078690742 -0.49674073312792039 -0.010414350239340679 0.49985098307132703 -0.0044034495816212514 -0.025104299026142373
-0.014865121604950123 0.0030206211961400016 -0.50606580540363866 0.0032429827997433732 -0.00054806126224237514 0.49368125531734625 -0.4991616881733823 -0.017658717791956845 -0.50007170425831382 -0.0093052983034041855 0.017400753364200237
-0.0056350113067016134 -0.0047377342605318864 -0.50110912392633322 -6.80062313928276e-05 -0.001570761815332242 -0.50313265498974757 0.49998793635658861 -0.0057764473065805315 0.49499058580955679 -0.00043745349333083785 -0.025560335553730804
-0.008102310612451159 0.0023140050425723576 -0.50121589933236843 -0.0072906027974545991 -0.0036807596213283785 -0.50548905642278297 0.4915399588644192 -0.0075180903642857351 -0.50079406513275593 -0.0093666833743901116 0.02398436747809345
-0.0022813610366254566 -0.0022050153694496682 -0.5019497403948886 -0.0038289544705913904 -0.0015916471135073082 -0.50093035052258905 -0.49973132373239104 -0.0054934749336909448 0.49667766354090226 0.001207348818566923 -0.025223952330966234
-0.012364629781611994 0.0090309888084926498 -0.50020955844558845 0.00016586544189881294 -0.00016803623951156338 -0.49891696242234518 -0.50094853792032745 -0.0082304836347005268 -0.49915581114875895 -0.0069493921650108908 0.020390372985754582
-0.0153830787433328 -0.0089255294499429785 -0.0041446419653419688 0.50601619159877187 0.49676888293683258 -0.0027454996623343928 0.0022513025653589326 0.48900332821466846 0.50599370225151641 -0.02902595299218455 -0.028736992518356482
-0.00096020137968679821 -0.010053583800691308 -0.0103062207104333 0.48940573625178529 0.50052132784281189 -0.0081670091326883944 -0.0017045131114182702 0.50573082411222081 -0.50306841954587811 0.0086503206709166863 0.027681696599256993
-0.008606498353692673 -0.0011933275425743115 -0.0059276012953603874 0.50163691205634808 0.49511314235320952 0.002016557997777607 -0.0021906300049376565 -0.50325526954799427 0.49931579725365893 -0.00144214620118384 -0.022796393651749198
-0.0089507570025272216 0.0080733629703585875 -0.0048569940699099926 0.4918413583629333 0.50213034293955416 -5.1867667336183e-05 -0.0065174138979107324 -0.50807135774864465 -0.49735938410209041 -0.0079106929812485932 0.013430983380542997
-0.0090305781065940817 -0.0015925655936330344 -0.0070715365560093538 0.49834714567130645 -0.50294568135195272 0.0012450127624554974 -0.0086249795605701455 0.48922278932517321 0.50779468613746692 -0.026640893372423001 -0.024116620448941806
0.0037472988459962943 -0.011222252332345231 -0.0063539287608890601 0.4922168146765169 -0.49857437136199217 -0.0078751889091850987 -0.0063105098103183252 0.50649385793346535 -0.50127562302669704 -0.0010983218687668688 0.032396360188604957
-0.0071795878081521904 -0.0040979121684135743 -0.0049451371644288243 0.50034228669276293 -0.49817401940679884 0.0027368794692282732 -0.0019389319376702031 -0.50290906348070241 0.49771141709304945 -0.00011871688005162494 -0.027239748393242318
-0.010366064887423457 -0.0028634776889242242 -0.0022860253678834205 0.49313355579882678 -0.49951023618610324 -0.0037201643366960441 -0.0064232765055585754 -0.50737438238937638 -0.49951966230631745 -0.0021665725735438564 0.013397398878407855
-0.0028890368799330364 -0.0058933442860132869 -0.010818637077388333 -0.50019783169806553 0.49582280602358131 -0.00050454398234481041 0.00050233933405672909 0.484145219422772 0.51490566390918835 -0.038468041362220852 -0.052886859529643747
-0.013879531456954688 0.00024987501194006714 -0.012893074214318385 -0.50430071300632018 0.49671847474438657 0.0061227775080361646 -0.0033117467135119092 0.49673854632849856 -0.50035267924480309 -0.011995647161713729 0.03603156751664665
-0.0021214732525113964 -0.00039147786855895034 -0.0074779017753896088 -0.49850127652013776 0.49672264127905968 -0.0057515779621475386 0.0013130683135668393 -0.50699756611658864 0.49707293294774091 0.0014317846464290875 -0.023186946926326935
-0.01350327665763424 0.00077361155787487802 -0.013218586408911274 -0.500579939015251 0.49567371605930394 -0.0010007017636682501 0.0042905581083056065 -0.50520898626364164 -0.49780127244168154 -0.0034908589616751331 0.017198861769861382
-0.0031552582469836846 -0.00045452196220938535 -0.01100096485842585 -0.50622696764345321 -0.49640389815697361 0.0013900177444275844 -0.0017724446516570833 0.48705253488887162 0.50818184894333385 -0.023908895267302315 -0.033772345684338928
-0.009101338818140162 -0.00028167136373701159 -0.0071978896625626244 -0.5112994501430933 -0.49556338312849718 0.011485062424914927 -0.0050006608529048055 0.4953205858938205 -0.49708131168472591 -0.0047914975050349666 0.015585163148286348
-0.0025565074909251664 -0.0040492103765091235 -0.0078176171359326582 -0.49794607975084232 -0.49865243795094738 -0.0045532635904737325 -0.0021061591363160988 -0.50505087971992413 0.49762845558083574 0.00088022193761023407 -0.023978886494323379
-0.014798252482472381 0.0038399178685213507 -0.010996619633385057 -0.49933265838288199 -0.49977426618735721 -0.0018702531099665052 0.00038508934274708687 -0.50274999698209688 -0.497399875277585 -0.003848538697662056 0.018848539937593251
0.48247574036487734 -0.036943718228771641 0.48764415280468904 -0.046043426838563654 -0.0034857841818346476 0.48786197889047361 -0.0031944773674592855 -0.0057421528334678637 0.082693147177091905 0.52653853666813621 -0.061561996340079819
0.48670026271152522 -0.0053843076365623025 0.49121049980580889 0.0022393396087708557 -0.0030913063638725244 0.49326607273343187 -0.005161803793959586 -0.0071903908308790405 0.016548429273827991 -0.52606280149133677 -0.037227026452566023
0.50379202703688108 -0.022722202862982589 0.48027216205689538 -0.0016553288748592271 -0.00054741765986072316 -0.50965641669905393 -0.03098877520644967 -0.0018212601890953491 0.018037339107161047 0.50345459806893667 -0.022533161911447525
0.49072850707424132 0.0020041275552929419 0.4899527222738666 -0.0054957066225676159 -0.0042003476085065144 -0.50497759593624747 -0.0033846179439820322 -0.0046370029621796687 0.022734484535741225 -0.51239797671479625 -0.031243029324467046
0.49777934122619016 -0.0035669661126355458 -0.50546830281253308 -0.019027574305015501 -0.0068882322311101894 0.50232466132366937 -0.0066443567908272064 -0.022940345696932572 -0.02337300923589988 0.4926133429981811 0.01343976016911486
0.48975503111235674 -0.00055348807698962798 -0.51024821020780764 0.0031530254683404704 -0.00043945014388834403 0.49239745352623376 0.009084454663945354 -0.0069248113043951769 0.014873931627881498 -0.5067076480156556 -0.01472159902620003
0.49152698432087549 -0.0095128959057314885 -0.51030654770403427 -0.01979149166483362 0.0054678712955478796 -0.50461614556961032 -0.0050458149517609739 -0.0052223001460843877 -0.014170182589211034 0.49229182255015108 0.015301485099313629
0.49224404833641716 0.00069251298599400807 -0.50472815506529312 -0.0034214228644842324 -0.00065113043705548478 -0.5000663707504015 -0.00015309558833877948 -0.0046054417295921541 0.0094573472278297096 -0.50243473364895397 -0.017747253351314014
-0.50360025327738978 -0.020987508714699385 0.49483447848986695 -0.0061298860360780895 -0.00092796397206629548 0.49981850377481224 0.00083883915197571312 0.002200996883015267 0.0031683871312555879 0.50121112017974867 3.5095104148438255e-05
-0.51155162579031666 -0.0034613844144218949 0.48849779457099712 0.00069327610590385128 0.00044077170218985039 0.49030294011027814 0.00059298280290556585 -0.0048847392483941437 -0.0092301687841316177 -0.50759214931170415 -0.038935989925357337
-0.50170122847278131 -0.0069638557466258017 0.48988871760788288 0.00047577110912506071 0.00022705959369482819 -0.50841162189256439 -0.0033586358890830663 -0.0057072344572113238 -0.0010555901463504844 0.4996077494675869 0.010995484259535199
-0.5016476690488415 0.0028952334082709254 0.49423480950833193 -0.00023588861317402985 -0.0029233285006503257 -0.50187638454788952 -0.0046484377558247084 -0.0098364172283567763 0.0092303722259708277 -0.50131240134035659 -0.025826215078719662
-0.5060679479826814 0.0092355691894485149 -0.50920066341935111 0.00022421713541896974 -0.00072378759835752232 0.49463264807612284 -0.00044467744738455257 -0.01045634701592873 0.0019224212243828106 0.48949521214863595 0.011991606409345495
-0.50266618996588597 -0.0033057914934990825 -0.5037290972938101 0.0017326495422655408 -0.00080537839995552501 0.49052680454830022 -0.0020571392587227216 -0.0081119991959015814 0.0053259529214073637 -0.50244744439692157 -0.020018405275455176
-0.5029823184875748 -0.0011493253917396172 -0.50430782783837846 8.1326797076030965e-05 -1.1965217874194814e-05 -0.49940308461689381 -0.0015364642882006924 -0.0028936742846537361 0.0037162902409253237 0.49306830199479723 0.011693507613178923
-0.50029007148708626 -0.002882340999865745 -0.49825685075479392 -0.0019210925442977765 -0.0010415435473827908 -0.50201556734911479 -0.0028694008898116244 -0.0051766971807809797 0.0061823293103216766 -0.49907653363720778 -0.016327970147671823
0.44277225919936392 0.0034468167500914847 -0.0347959038673194 0.46357948319761216 0.00050952328140254992 0.0057663273531901602 0.0014221708257999334 0.4437595154048925 0.14890963622366404 0.59053964120506419 -0.1412620470892407
0.49300877105667579 -0.0047958648109041879 -0.0029728022365893593 0.49292732989099763 -0.0083297257988964764 -0.0086909456369997362 0.0019387901249924787 0.49239250935235379 0.0091311169608044133 -0.52051075787631884 -0.017868291243345102
0.4993257630856579 -0.0093934623778502372 -0.0016365682375523477 0.49009267087218289 0.0025474681689369311 0.0074496316776635129 -0.0023243694814891226 -0.51236916917085351 -0.02593105560551642 0.49665938091026751 0.021436550043021203
0.49523038539352715 -0.012426363884562006 -0.0081974292742312358 0.49532086271253806 0.00021637624098285444 -0.0048324792562871102 -0.0061280930147174055 -0.49988158586919285 0.0039422814316667056 -0.509138259698107 -0.0016229041093600881
0.50817754919633396 -0.0033367025812609803 -0.011220356798733216 -0.49796949671955476 0.00068553171555332858 -0.010624175465760968 0.00078325745748589713 0.50780065913022043 -0.016510121228304826 0.48477643657752706 0.019715103644277282
0.48591439445194812 -0.004588101072017293 -0.0058603184353550096 -0.50164928672045261 -0.0037220550686545653 -0.00064941273665557783 0.0025447018772875771 0.48319888485538415 0.0092796704766913533 -0.52769344318570466 -0.011463196078705081
0.48866354068659401 -0.0021865606157971747 -0.0053010844947817496 -0.50557798384367436 -0.0033673966449476126 -0.018661879008153522 -0.0017820690737343327 -0.5130073924915447 -0.0080844867372558537 0.49153943715693937 0.018714189703456476
0.4933787709283094 0.0021436624885658459 -0.0044088679271408584 -0.49693057406986973 -0.00066331658478745712 -0.010771263946776461 0.0027668187284174764 -0.50881811809318833 -0.0027050029279684171 -0.50043306072725946 -0.012361291810776422
-0.51292172672226533 0.0024651347445687191 0.014317476500601013 0.49957653408616709 0.0018819944037638326 0.00033037255085664833 0.0043857453772483852 0.49936351210968499 -0.0079386890983996049 0.48654367262077958 0.030805042349257846
-0.49899424130045061 -0.0078686923144976433 -0.0088933008910229497 0.4953008461324887 -0.0039451720520809882 -0.0034453379106710604 -0.0092323696966496518 0.49381617583042303 -0.020218208988597719 -0.51054888014131761 -0.0224675313252636
-0.50621232482230738 0.001670767949279344 -0.015177573330797743 0.49904767533136102 -0.0010010728276105411 -0.002930786198491193 -0.00018061309641631261 -0.50513050624982647 -8.9398364992051245e-05 0.48892252097369565 0.015989297027124177
-0.49718248520623876 -0.0020753207944135071 -0.0051238381750108829 0.5010277363114467 -0.0010644020697675627 -0.0063111292246714025 -0.002622904665306043 -0.49841473292217542 5.4995264033789967e-05 -0.50311781540794331 -0.012553686501119729
-0.51080549842290812 -0.0043846160163663788 -0.0042429702534108058 -0.50710708776137181 -0.0012756266392458921 0.0036972023283043751 0.0030485151898785152 0.48985958716661532 -0.0040892544937635392 0.49104121737640855 0.027526576100437149
-0.50621497635744572 0.0017450729575684784 -0.0076245907389329995 -0.49716985425819232 -0.0030400402004153856 -0.0016501078475804896 -0.00059422821828350675 0.4935589764601066 -0.00075875467990053642 -0.50267258931484393 -0.01463780228547126
-0.50344027955578097 0.0005059130557855309 0.011364428267713472 -0.50154501107747129 -0.0013227692709841823 -0.0010179705267437903 -0.0044840769053377501 -0.5023288184476068 0.0037844611775374186 0.49233915892463137 0.010088422969300532
-0.49906389954394642 0.0021441074572239901 -0.0035440862271988206 -0.4999180892597298 -0.0010719501855919098 -0.0053401396868427318 0.0025453224704238154 -0.50087422651615454 0.0071501903282917365 -0.49958342903616648 -0.021309787562092546
0.50413980468721231 -0.0061118750299805676 0.0066374459540490998 -0.0086900081219928541 0.49784889161670887 -0.0074200195005739468 0.49197294609839098 -0.0089780100058113391 -0.0081435397534592949 0.50425905863981824 0.036277472263143942
0.48916434763324673 0.0018806232587888 -0.014351627207376072 -0.0093954536936268988 0.49659706219159178 -0.0072110432337202527 0.50484693246192702 -0.0051064289263204488 0.0074885800932384065 -0.50657567651806157 -0.046779519889694747
0.49499498259423202 -0.0046173146273146629 -0.014983976418735494 0.0040917948480752369 0.49557870860191072 0.0015472529607772204 -0.51049730806530125 -0.010421686444217641 -0.01008192489986906 0.49813761279012719 0.012565639272090435
0.48654599744248661 -0.0013054086540179109 -0.0035890242841013584 -0.0071731183735284825 0.49538262190704119 -0.00048093520523903301 -0.50253398076531064 -0.0084850422428306167 0.027492889569298719 -0.51125505529541526 -0.055252075658597473
0.50633138993444449 -0.010306537389988617 0.0061611158407517659 -0.0028067723125711611 -0.49942710966009779 -0.0067421797931801111 0.49336813905305232 -0.0089726020958801837 -0.0083520960277503036 0.49908647633559156 0.036794973744861056
0.48879247800393444 -0.0082004013603118389 -0.0069157078255194238 -0.0053228957281810235 -0.50303348841594908 -0.010644238997128123 0.49986952158209635 -0.0068427271503705761 0.0033741392587358261 -0.50535573597484995 -0.049702616821525117
0.49223281639067157 -0.007206975904727451 -0.010488038416057308 0.0051654957960566442 -0.49695156144439434 0.0040176795389781726 -0.51260042354312707 -0.0091304603905287621 -0.0015345823815340843 0.497514749936807 0.013243701430312574
0.4881598321445747 -0.0042447307896977416 -0.002171940988291416 -0.00096544011935403135 -0.4969780995349678 -0.0040118586069659385 -0.50530573494115361 -0.0076729210351917333 0.011654110205116423 -0.50704980810897615 -0.045220559951175583
-0.50787403988651836 -0.0083548810854973937 -0.011018109461968923 0.0084438375151083388 0.5008787822568862 0.0049444795393746611 0.49468737862211337 -0.0038911496469242169 0.0073940639142867273 0.49588620873273487 0.014453658504112192
-0.50279150300516029 -0.0055612593609736518 -0.0081622322359205905 -0.0011327971400958512 0.49595134480253761 -0.0039953552668857825 0.49849513856084854 -0.0042534212288514884 0.0022699001884610294 -0.50237549383493552 -0.014710144351213842
-0.50409714388170523 0.0048793950712245895 -0.016238602657695358 0.0017350891991250333 0.49740386420337257 0.00086819779305106906 -0.50059468339614044 -0.016271401924111615 0.0008887095714960393 0.4970739010274533 0.015529067550139393
-0.50492122379407178 0.00018249052684387782 -0.0045221019156065877 0.00050050385131262794 0.49705812709860725 -0.0048273831197536057 -0.49898275206510545 -0.0053217635290054204 0.004759475960856188 -0.49860921990113355 -0.017257589627186362
-0.50714164966809661 -0.0069360858022081062 -0.011372862751125836 -0.0001524153690076726 -0.50170058580855303 0.0032707160704687401 0.49411662861066541 -0.0028570551018386736 0.0011851529336357823 0.49646350653450744 0.016699518626782473
-0.50326087951316034 -0.0045608389902524853 -0.0080636601140216153 -0.0052060879366209881 -0.49771205556223241 0.00027717454454109921 0.50020693649230297 -0.0048328586323926883 0.0066153587840257757 -0.49818637275807359 -0.020843033472443484
-0.50705464609762874 -0.0021734549807404702 -0.013336002340322582 0.001783864691653527 -0.49753482267675958 0.00024874042082808522 -0.49840696264173151 -0.011147871171676548 0.0009408135941546546 0.49642465673038288 0.014027430388002962
-0.50391128164844123 -0.001913284168312704 -0.0020458011893196345 -0.0024514212971316071 -0.49971151213082332 -0.0039791617654637143 -0.49869509673119572 -0.0073775833068606645 0.0041169680167954447 -0.49727614952280125 -0.016744825133257774
-0.010870915079570814 0.48000745882610163 0.4746058619190156 -0.0083666871135131167 1.7318950461435375e-05 0.00052703761905029773 0.48136585593868519 -0.0069370392067776548 0.075407734211065669 0.55104138379721412 -0.055312893382659045
-0.0080299660590582595 0.49026007829294221 0.48672525224708502 0.0064937127799734057 -0.00031367836279026058 -9.7823572080055787e-05 0.49541074454079481 -0.010722192235990457 0.035216874640727182 -0.52208563586540524 -0.05723999636450957
-0.0023365058977032251 0.50013222698897164 0.48864071682950455 0.0021424590207371262 -0.002243994744807595 -0.00011667349021095813 -0.51074095827863852 -0.0052077429297534058 0.003514579963272129 0.49989167747924662 0.017187737858078429
-0.0068248106156370524 0.49640504994291962 0.48810094649862729 -0.004222235327035662 -0.0016934454612600538 -0.0027385679387692597 -0.50027897449983627 -0.010135709406829677 0.016904695743353827 -0.51413556723931242 0.016179753548101611
0.0049445648554611024 0.49580201932022183 -0.50990110388913912 0.016337760031451848 -0.002841835676202541 -0.00075222282974393413 0.49383081909227289 -0.0012339379101839506 -0.0071315011756226667 0.49967484383290744 0.016881959021589916
-0.012388940996928659 0.49631770341346509 -0.50466441617128699 0.0072238689947096502 -0.0012272347124528368 -0.0048530473236528416 0.49766304492116753 -0.013748625743753779 0.0092966946566187605 -0.50024309090699259 -0.023763974656292375
-0.00010462714673007571 0.49736219566667073 -0.50437360831456146 0.0040375077047428067 -0.0028935105070939729 0.002085172457445137 -0.49860125196398386 -0.010760164124747394 -0.0062573317929276694 0.49933881038275518 0.010568133570526009
-0.0030862062295019576 0.49845694218401343 -0.50371573709912398 0.00035712380841952277 0.0017873268447494599 -0.0054965663343775808 -0.49761591283321266 -0.0092421313783403979 0.0086566146811308028 -0.49965540850236095 -0.018182301327957052
-0.0069681499370748187 -0.50685893095714418 0.4906492019380711 -0.0015173731014249288 -0.0017688955714017225 -0.013684683775049366 0.50394119402593318 -0.00020221366741454068 -0.0082235636096667925 0.49780566413659966 0.016770613545755042
-0.0080336084432553953 -0.5016358476092595 0.48929243456392635 -0.0090854024823853567 -0.0038038532629869025 -0.0056063408151762872 0.4968170499379192 -0.0084769676602791562 -0.028246713248416662 -0.50985189486584082 -0.033399618480156074
-0.0079368958393086133 -0.5082161569674668 0.48969662154511928 0.010355824162774188 -0.0026854665263972271 -0.0061404965749063027 -0.51282636185664876 -0.00036870371338497556 -0.0061716035673046255 0.4882211612031635 0.017589699016693907
-0.0082478454688942361 -0.49912423648333465 0.49047608354033356 8.4915330182966657e-05 0.001623022120433814 -0.0036492182149700523 -0.50557994007945695 -0.0031136596069582601 -0.010532962249376669 -0.50447206703358372 0.00066518584546163158
-0.0072467125798592585 -0.49659442410173632 -0.50565278505629396 0.0034305876774953924 -0.00051396359632301493 -0.0026782012028360226 0.49560331992192841 -0.0032530444132445897 0.00030088945879646191 0.50169013929839645 0.017640827681436381
-0.0053966419757407597 -0.50055160707431823 -0.50320110132948437 -0.001561774534274685 -0.0016903854232814916 -0.008071374947882997 0.49805324115540262 -0.0025204398349329849 -0.0020810630149698541 -0.49761768015184538 -0.021121146513227988
-0.0086284544044901035 -0.49511741499374473 -0.50976117590125436 -0.0011170444044498731 -0.00023031996522332346 0.0019658713535633319 -0.49689748598367767 -0.0076939088575108446 0.0019455948670891125 0.4978736412258391 0.008626553502776288
-0.0018728065675335628 -0.49891188979175088 -0.50488232551272927 0.0022311164805932635 -0.00023004344026385939 -0.0043848969720103811 -0.49586822420447357 -0.0024648055316063536 0.0060117634049403042 -0.49988464501122692 -0.018461511948084101
-0.009488742358106839 0.5023713992302492 -2.4557028234080359e-05 0.49592507868960722 0.50581538335242771 0.0017480397909745309 -0.0015792610031250913 -0.018671304012038023 0.0013322903118469375 0.49446002399423988 0.029923186057020684
0.001320081845789346 0.49692966840839581 -0.0038477998415308644 0.49561882317395051 0.50182322574494587 -0.0021738471410591297 -0.0053383900758248613 -0.012525301327344756 0.0049395574434268159 -0.50475848549462332 -0.024169269631683081
-0.0058708286084291255 0.5047404482194735 -0.0016627058918171403 0.49277706931179233 -0.50927349042787251 -0.0062289799497676933 -0.00034668490970158207 -0.01693670221520014 0.0026821537273982966 0.4920316892933666 0.024144795269294604
-0.013778434361658883 0.49450287710248197 -0.0031820875638613657 0.49360654065284293 -0.51145335660322011 -0.012735557910820962 0.0032416205329586973 -0.0043745466914785593 -0.013438674170451999 -0.49921966586346617 -0.021030185464040015
0.0088206737184804759 0.50150997318818979 -0.017700939326963698 -0.49953267855255579 0.49882082895375623 -0.0017077531414727524 -0.0057132623808600477 -0.01444478784055515 -0.0075506550486421197 0.49918277329195987 0.016026218773425513
-0.0044519855669769102 0.50286379764331768 0.0042646063353350043 -0.49674455463233147 0.50296239939052922 0.00094854109027077925 0.0036264671056361179 -0.012642228803784888 -0.002194689817444773 -0.49702412466938278 -0.012328508009832225
-0.0057644211180258023 0.50014270083177226 -0.01299496088460015 -0.5005379896532518 -0.50136813819977644 -0.0051808464320192071 -0.0082237665552704672 -0.015278555636124916 0.0028062064017871998 0.49706236057490449 0.018442377676255582
-0.0010179434287913122 0.50189236681473659 7.4492371350198372e-05 -0.49862610457342704 -0.49928559271363254 -0.0075642499106138537 0.0033770600510950669 -0.011884741945433592 0.0014954387326471972 -0.49981369962117622 -0.012770080394101564
0.00071044838585255252 -0.50330524883878625 0.012342557647701846 0.5016233809714119 0.50653588937267691 0.0084115662383415328 0.0012201924039706986 -0.019327181971937637 -0.0087118539692734569 0.48751465846384079 0.011581777480784776
-0.0058673773155783733 -0.50101229678898118 -0.011035922460616045 0.49614135356976058 0.49790993970288122 -0.0034286126755458919 0.0027463515311107419 -0.0029281138508973634 -0.018264713592125368 -0.50419118846508093 -0.01377258208834713
-0.0079140961928634065 -0.50109693792380816 -0.0015674618625113367 0.4946719008212796 -0.50721716934923988 0.0066419629592990399 -0.0045347756974950561 -0.014253603211365646 -0.0043027849099634323 0.49622693150673314 0.018430844410754363
-0.0046227455547766371 -0.50028956742232544 -0.0030725746105930165 0.49391422923027695 -0.50256447676537908 -0.0039263632180366612 -0.0047456647709725602 -0.0056162830631004907 -0.0068440146446529073 -0.5028144655470177 -0.01478213438953677
0.0021443816156662804 -0.50556751779307485 -0.019353765316389958 -0.50165964108327632 0.49675184244044329 -0.0010350892339905701 -0.00026959380900969853 -0.018585092555758728 -0.0043039501509913869 0.49471472159808128 0.02213143419927854
-0.0075018614582299222 -0.50181928442039636 -0.0024587247573664111 -0.4977433684502896 0.49670317290058069 -0.004108790107830388 -0.006350127400171459 -0.0097152295942922705 -0.011608163997977707 -0.50328065115368448 -0.0086501137556866531
-0.00042049962899692834 -0.50578371922014476 -0.010245532960140885 -0.49779081397289054 -0.50025317566515015 -0.00088052968957175474 -0.0053928234563587396 -0.01794938678624421 -0.0024225258401312025 0.49539542452294943 0.01594408148231569
-0.0077722737606901095 -0.50312622436486065 -0.0029074209045324918 -0.49938244621734268 -0.50032148566813572 -0.0022998969760014533 -0.007897945719562512 -0.01193008442810662 -0.0011902870268982256 -0.49667842838181259 -0.013778694396063895
-0.012392691976497873 0.49832429159608205 -0.0029978442483963893 -0.011966719173109324 -0.0027123008210879662 0.49628516626406438 -0.0048523178017703741 0.50082543878637009 -0.01104229006331983 0.50321968947430784 0.029311365634642747
-0.0053406031201917769 0.5028583975300247 -0.017881636185821777 -0.014790423841042561 -0.0026982009031630391 0.49698067741336938 0.0024490014197293807 0.48598870512114295 0.032692985298926495 -0.51070809931967165 -0.038557921620029155
-0.0053239758565717128 0.49479235888450618 -0.0089123164361863422 0.0040229979795884914 -0.001072746766417744 0.50000696215510887 -0.0049134578879675966 -0.50879051144431198 3.9942971216873144e-05 0.49599882321182054 0.011903325469959968
-0.0053674993700937477 0.49441672248968033 -0.0076062114537775198 0.00034788286953538796 0.00048567075351134577 0.49332640167197506 -0.0038113117664369169 -0.50547856973489047 -0.0029327167657953327 -0.50623544110507224 -0.016973842173108683
-0.01185030597422297 0.49380024977333925 -0.0091254058949179016 0.00054364155346775793 0.0042848351550712161 -0.50144107649112479 -0.010941508016348449 0.49996065457821653 -0.023875767806403624 0.50352384264198424 0.017003436919924262
-0.0076833094421564921 0.49886303021013567 -0.0042423710827649537 -0.0076489158565282061 -0.001990813310965095 -0.50054207586336286 -0.0077322729505892931 0.49085233932434991 0.029849783973871079 -0.50807773432611991 -0.020591415340633468
-0.0077968898897054877 0.49249966210422258 -0.0083065724179804522 0.0034924904190285042 0.0029264213207034692 -0.5029893959301891 -0.0071000587901372692 -0.5030334921624301 -0.0028958921515766455 0.5009900568065927 0.014236223455318124
-0.0053658812862246138 0.50176732033390681 -0.0046561139010759603 -0.0028022571894201179 0.0048272456784867416 -0.50311570394524407 -0.0012829777124569685 -0.50130733930901417 0.0076205352952812676 -0.4932733609693285 -0.018306883588435782
-0.0060603835982809637 -0.5109868104772991 -0.016806976175783528 -0.004624234166517068 0.0084624143486334898 0.4960685612294784 -0.0026422992040260724 0.49565589064831334 0.0018429879870047669 0.49630415615943085 0.019831986206231677
-0.011962710576133791 -0.50214167425049505 -0.0047485509494363696 -0.0076019745612820183 -0.0021238469220936709 0.49114454361134507 0.002359004313997395 0.48487904434257417 0.048058379395182579 -0.51535500357281228 -0.058216666485985114
-0.017959001985095431 -0.49763869168218833 -0.016736291151374334 0.0012110000931398318 0.00021952479607081142 0.49665552888533854 0.0036376450921785934 -0.50789516410816504 -0.0010185705604176683 0.49690599895710552 0.014054707057663767
-0.010315964824994172 -0.49862153474736443 -0.0039601386866415017 -0.0013676315117507913 -0.0023344629849780941 0.49277930825373556 0.0018382660725738971 -0.50581859301511967 0.002033338552450878 -0.50211283131696527 -0.020938920228314492
-0.010491842303998942 -0.50772118910981812 -0.011120973696871589 0.0075291526253135821 0.001077991597596379 -0.49872616975463535 -0.0058059750801274434 0.48972162278950249 0.0023245703979199632 0.50312265284372626 0.01417787390570749
-0.0093447733795758332 -0.50621813589047604 -0.0032906246579069215 -0.0036358488758649796 -0.005590237937592891 -0.50049949291828344 -0.0016514242617510244 0.49018311728416919 0.024844489396867023 -0.50152146293230804 -0.026030582379944253
-0.0079188563992861061 -0.50003567100847646 -0.011683258455405316 0.0070100189618772244 -6.1157342125818314e-05 -0.49580830138103205 -0.002822741509885839 -0.50282185133123625 0.00034176279888792561 0.50092616366445908 0.011188600836434122
-0.0050972222742849153 -0.49837346121079368 -0.00069561377764951182 -0.0039890951175746365 -0.002272161442006578 -0.5037423183106543 -0.0050109627397372349 -0.50206960689326563 0.0038716700212887145 -0.49536071660440228 -0.01799442846400099
-0.0027883136663327869 -0.006333436121093489 0.48414681085640432 -0.033140064536863065 0.49885561524400457 -0.019435674370439755 -0.027328118727200465 0.48201061908837528 0.063381832441017097 0.52460741507110009 -0.053942419642304958
-0.0062806302700265017 -0.0051238811202590773 0.48811288988654272 -0.00024495309219724882 0.4939792410209346 -0.0082596459170298925 0.00014015264771228742 0.48851844320713972 0.017389031376106472 -0.52672517549433207 -0.034702392308709099
0.0010337250347515845 0.0030593415377155823 0.49710144289939268 -0.0033382998847790585 0.49475622560900262 -0.0027442232483540058 -0.021362819993639051 -0.50656334588977803 0.012546217815656581 0.50084227308207385 0.0037611113253944659
-0.0040181106621442701 -0.0014424310284984637 0.49202171025378155 0.00041942051591400107 0.49263486468510337 -0.0036833330837982119 -0.0051163466630539632 -0.50766784172179313 0.019503363437262576 -0.50694652577810828 -0.0080982932395115767
-0.0027691357589725673 -0.0035243994624385754 0.4862889361947037 -0.026439978229799797 -0.49667224870166066 -0.020696769900312651 -0.025049861006140903 0.48867470777860972 0.050873820103513996 0.52152260491114333 -0.041082734847770835
-0.0071914026435696589 -0.0034939866579266139 0.48965554368013264 -0.0073244061531404581 -0.50493967206017243 -0.010915774142540602 0.0020801707860733007 0.48758551160291885 0.014449336946066475 -0.51545862602736259 -0.03723323969153948
0.0021546063905293028 -0.0004076907875469099 0.49333957753496122 -0.0063536870876104469 -0.50334618702490741 -0.0045501378675463569 -0.011190892001356924 -0.50228061772169408 0.0066782037861232808 0.50044154613195602 0.017187236746827959
-0.0092152879505325979 -0.0023978488667151659 0.49372029275993423 -0.00070823701822518581 -0.49976159655986196 -0.00092801039676623136 -0.001443698715651582 -0.50469370516763012 0.01333772937542641 -0.50096155099964146 -0.022986826665345416
-0.018187081228334678 -0.0040510868108568293 -0.50646221159563254 -0.020402097079754943 0.50199900542462605 0.0017365477632590542 -0.0046299434904904018 0.49549979018162854 0.00096007853502176176 0.49402620743497333 0.033500605320896798
-0.0055246589620002807 0.0036126039182251633 -0.50401080328892234 -0.0010037416638857906 0.49577017350846281 -0.0038201480125251335 -0.00061845524873053992 0.48964526948637804 -0.0052662962144133137 -0.50925053794979724 -0.031767195977988473
-0.0049048387948591975 -0.00016485787244680775 -0.50536130123694833 0.0053790576557431104 0.49887150705688399 -0.0033879520500480413 0.007832903425519535 -0.50453957306659669 0.0033359182247747103 0.49088185632664189 0.0086612452582429545
-0.0048959788051860676 -0.0037416065134053336 -0.50028505176723526 -0.0020134431516488104 0.49520744438992553 -0.0061523435623498388 -0.0016969722887364978 -0.50277615694775279 0.0038274745162756264 -0.50111368412613488 -0.022096624106794378
-0.014811404632086623 -0.0025393743612004286 -0.50693522510470268 -0.022324238965868045 -0.50264500839379622 0.004191798487550101 -0.0054103104396610912 0.49417273410132972 -0.00027399267119600673 0.49442148753796344 0.030565652881697575
-0.0051782794095736372 0.0035988061023030679 -0.50778225959102985 -0.0034346260659649692 -0.49670159765801142 -0.0037149195710383122 0.0053600251185538864 0.49061383973744455 0.0032806343219649856 -0.50403592799780672 -0.024200982967927928
-0.0051708741907538569 -0.00047908987545317114 -0.50395758052586692 0.0032992006881357636 -0.50044446198281012 -0.0031136204947797052 0.0054947241222381201 -0.50456061405053221 0.0009455985900064163 0.49075439070443089 0.0090652788086374725
-0.004478356725746143 -0.0022128351493518037 -0.49876261075674005 -0.0011321127558570254 -0.49754322182649724 -0.0058993588959483688 -0.0042243371063409117 -0.50185145968170175 0.0024105712588006951 -0.50122324872308521 -0.022853349199478189
-0.017825995942705064 -0.0033442695542443097 0.0025052291297344301 0.4983568993804991 -0.0034632469888294195 0.50459424871340719 0.5018121828344404 -0.013136796421765642 -0.019636048366605659 0.49401303298298405 0.015979082217485112
-0.009171347222128234 -0.0029367706866526267 -0.0042289953365675153 0.49927785428235427 0.0092716569061425808 0.50480509821683384 0.49236749418612408 -0.0078066466674923899 -0.0020920839173572113 -0.50277992990839204 -0.020448055778121314
-0.019632723562642472 -8.5776265768694419e-05 0.0054529126341129738 0.49957451616847831 -0.0017293963634306246 0.50370971572734513 -0.503525821009148 -0.0093121530635243872 -0.00028286154346538703 0.4918672462019984 0.0269297661013016
-0.0028692972077787953 0.0014609042149628002 -0.01218610464231774 0.49673665682664331 -0.00033532345588070661 0.49398035379183142 -0.4997770188514537 -0.0056843304177325799 -0.0023888489808925857 -0.5090687850324267 0.010536055164652771
-0.015675095203117041 -0.0018982016095309825 -0.0043255622398908518 0.49184834596572891 0.0029940923897754657 -0.50662841159143535 0.50954522740604213 0.0031947623456314179 -0.0087234218161459463 0.49117106271936478 0.012814603483370593
-0.0013409882006761302 -0.0011490730447907573 -0.004922343625458671 0.49286553781034431 0.010150847989060548 -0.51072149262419753 0.49474016415227678 -0.011286440219945846 0.00044606306951011556 -0.50121107827518119 -0.002961940995166279
-0.014621510001604899 -0.0052202567429202587 -0.009196868289632263 0.49655694210654794 0.00080142153388970802 -0.50292268066074874 -0.50652465504235977 -0.0031880226199030425 -0.0011470130900878847 0.49318894351682313 0.018965150263692752
-0.0008930956211238983 -0.0048238911939693244 -0.0058213677172091402 0.49481025351892371 0.0019839474607913511 -0.50329976692106959 -0.49903508491686566 -0.0023460205076862818 0.00053319268598110302 -0.50273052393431839 0.0032375815278254646
-0.016460973800899625 -0.0051200505234281638 -0.018590359768652163 -0.50002006376978858 -0.0040993117924470728 0.50006222571588388 0.50475913215645929 -0.0024888014960115566 -0.0027700657105919732 0.49409313569498764 0.018287870221056917
-0.003289697911036085 0.0007375614850568112 -0.0035047465019449938 -0.49591244211337498 -0.00177210347869131 0.49828821798443929 0.50122190069258399 -0.014329589340817815 -0.000343396631461585 -0.50429179459467721 -0.003721422528879326
-0.021906109436366179 -0.0010723605576018675 -0.016037319141733349 -0.49837018134117095 -0.0017382906403226276 0.50360138894636886 -0.50896034104529719 0.0063526434725982937 -0.0045554349106441405 0.48778409457814736 0.015378517716797048
-0.010165694575199049 -0.004130099213604888 -0.0045786747133815253 -0.4956941044735737 -0.0028911628033317601 0.49674856347441954 -0.49746400897165921 -0.007653898210886966 -0.0081367206116806159 -0.50968934825986578 -0.00019233873383887279
-0.010802863475006311 -0.0080885812416729742 -0.012479895408416024 -0.50110474006335037 -0.0020099597950992607 -0.5014055536852644 0.49814113114607317 0.0019312446794946846 -0.0067186687136293177 0.49867570723166171 0.016543208524556399
-0.0094173601701686462 0.0046218003109208027 -0.00057636762756394617 -0.49937480816660812 -0.0035447585586737703 -0.50246645643422805 0.50294396984406164 -0.0030333710409469945 0.0043146137018619923 -0.49480880019882501 -0.014598394276426426
-0.016925388809174356 3.293363844815634e-05 -0.008445297005546408 -0.50147244829063886 -0.001131649732244221 -0.49475085384151446 -0.50291284622516474 0.003460178212574716 0.0038650189658517172 0.5000778714109344 0.019020596910552894
-0.0080008511111953739 -0.0035715382412298637 -0.0025284205366347258 -0.50091783443204185 0.00020870032496501394 -0.49952114757243277 -0.50093110091390702 -0.004678369040754804 0.0079407947889814177 -0.49836246942809054 -0.0097302697619294984
0.44346329483670976 0.0013886988709823815 0.44129438225617751 0.0040528070661486259 -0.0017958158922255713 0.004110925761716646 0.46208602706565122 -0.032963492746464658 0.18501517179730365 -0.17710910853959397 0.57302073046309776
0.49441134523310148 0.0053989292915213438 0.49355926764784225 -0.0053399449032678868 -0.0011204846963162622 -0.0091196691661684787 0.49014337611976877 -0.0052956738590741077 -0.018419662854267469 0.0067596494814020263 -0.52073124888613831
0.50726363127149421 0.0025703660089134517 0.50561174116423002 -0.0020109425833501823 -0.0022494507862921825 -0.0061607481062683385 -0.49795418989177409 -0.012896146526359174 0.018754508808866647 -0.0053344204259710929 0.48834602138302058
0.48119032241228898 0.0059598309264923873 0.48456461507463849 -0.0034115109695260033 -0.0019790233981442861 0.0016114836401038462 -0.50514727999747799 -0.0070538374330212919 -0.028237576753386291 0.012257348546216304 -0.52671453519316869
0.49756400854170363 -0.0085419044072560842 -0.51323741250853028 -0.0091116916277475535 0.0012020422112163248 0.00094479853124192345 0.48958529759065128 -0.0091471092061529077 -0.0036752705556006176 -0.0084152298886235339 0.49899632690933199
0.49438171649916041 -0.007788307301679084 -0.49837498667748237 -0.0057361916018841951 -0.0027737596254515957 -0.0030153527908963057 0.49533660913706878 -0.010465986402760837 -0.017909189803521998 0.037040138832757509 -0.5098412881858142
0.49163429009251075 0.00054038164628888942 -0.51201626172490633 -0.0040660705138073445 0.00095717867845579116 3.4219100681786712e-05 -0.50516966652686324 -0.0045721193683188142 0.011726248227245634 -0.01622776139825664 0.49040716638208187
0.4932079038497012 -0.0015975455583483267 -0.50750210968534282 -0.00044567645899075116 -0.0031706606699565295 -0.0027249573874470077 -0.49696969350609965 -0.0084624329373518617 -0.021577880581448647 0.019086935258943147 -0.50128528596121147
-0.51218449385403475 -0.0019726326722843339 0.49830581437035998 -0.0046555678599372752 8.8667013559474585e-05 -0.00018973647058033138 0.49103238937789129 0.0010167879369585861 0.017957858498276757 0.0047525961807037909 0.49786929714382067
-0.49759317624775334 -0.0069905829718353149 0.4938530756547963 -0.011177226765587503 0.00087855798515848688 -0.0047362990652926361 0.49608991922308215 -0.0075943881732940671 -0.045966132999719515 0.013206599687072875 -0.50976757962017594
-0.51324586884849477 -0.0027519228185652325 0.48740104535225121 -0.002603251017805573 0.0011126927843875777 -0.01833888383453721 -0.50669251736489684 -0.0035856803680412177 0.019682963938897378 -0.010672307048738871 0.49134052844687642
-0.51085991793352403 0.0037359234673132687 0.49219085992880551 0.0002049480463164862 0.00065296754734844224 -0.0065684972122115612 -0.49602368572394601 -0.0047679398285790193 -0.027615110813471795 0.020853964848999609 -0.49945271924062551
-0.50372669922287006 -0.0022043278623283835 -0.50700581204977979 0.0033389908718929437 -0.0020036512678545289 -0.0045574358474621997 0.49850958728284583 -0.01464852160749501 0.020305820000713189 -0.018957494345159694 0.48955656012411369
-0.49791326010099857 -0.0050293431404699242 -0.49837958281007316 -0.0011320625154641671 -0.0014181440843055206 -0.0066167147920219768 0.50147209133892856 -0.0048786653281141278 -0.024841648333630915 0.0182655323080388 -0.50117762521760334
-0.50058956719562619 -0.0010133206185316138 -0.50468230878148035 -0.0045614002548919948 -0.0017237161412184837 -0.0017346383799187049 -0.50209943109979027 0.014539006265067617 0.027400792964858544 -0.022209170060754475 0.49103845771536592
-0.50108664401891201 0.0037186506259880669 -0.50023215358223017 0.0028244572253349216 -0.00036307280624116349 -0.0048487900022938643 -0.49845031200892059 -0.0046662330808092305 -0.018112975825538891 0.010071378292094823 -0.49973044671501599
0.50579649751807065 -0.006254766649801939 -0.012177828525821723 0.49131607173980735 -0.0083788887103544204 0.49759308193091878 -0.013684025576314231 0.0022177905219832009 0.010506121452770134 0.0016324152775183424 0.5045955842605514
0.48578358387844534 0.001198812089172565 -0.0047941290287296934 0.50517223547390744 -0.0040603355252238973 0.50099993989304437 -0.019444865575249094 -0.020886973875965085 -0.0035165208337615012 -0.011373994112811141 -0.50677151960596656
0.50197064772597688 -0.0097668751328953054 -0.011287505374065254 0.49136022508732041 0.0020560956238376239 -0.5023592042013868 -0.0040438056324071736 -0.0077131324448293142 0.023273633430393806 0.0072130278436172458 0.50331825544219611
0.49000145650092358 -0.0063182400959335113 -0.0074016173967335168 0.49773992128432648 0.00037298751403651461 -0.50334003230084123 -0.010136939141204927 -0.0044216686745882795 -0.021356915186051831 -0.007198325143427455 -0.50801306051360118
0.49723686346509949 -0.0031795731503212413 -0.0044638125190319313 -0.51034699015862617 -0.0028554797851626742 0.49769376265039272 -0.0016393700446899646 -0.013768581845355477 0.016746452416007741 -0.017700588179015229 0.49373896435597292
0.48394460197321293 -0.0019334392027794522 -0.011822062892303663 -0.50214089463139056 -0.0012153399638943679 0.4917718607015738 -0.0059897245539929835 -0.0043531443062060837 0.012944496436513745 -0.03147319455303179 -0.52005255132873618
0.49066778777182513 -0.0070278182164035504 -0.0096382686354398346 -0.50424513447846309 0.0012716658357795659 -0.50425014718280992 0.0066095495784070724 -0.0090508856730744432 0.013591368746903669 -0.021703593141569437 0.49978843118071409
0.4893423426591279 -0.00055535841058087501 -0.0094296526646318636 -0.5077092675421816 -5.5327113211331742e-06 -0.49978759395704314 -0.00245180631871419 -0.0013314149305001211 -0.015379305274051642 -0.0025936244201757897 -0.50264049928159416
-0.50925135146326828 -0.0064450514962438908 -0.0077676105615514949 0.49390551023157936 0.0043416724359246076 0.49894780846148074 0.0069272675551339266 -0.010488474424434542 0.025279936158663086 -0.021571576429260577 0.49637522564253322
-0.50576300610255653 -0.0032903065398666512 -0.008931424980775789 0.49872582484953681 -0.0004225530338044873 0.491065134350951 0.0033997680023961055 -0.0081691333029810659 -0.025175368994867917 0.015727121169792298 -0.50327046146684162
-0.502052526636525 -0.0071256056594647477 -0.0091622423004486305 0.49299866995530056 -0.0035252046269178185 -0.50374152105441006 0.00032889403320576869 -0.0076981656898695979 0.027892504692178362 -0.015281053204586049 0.49992202546698145
-0.50221279256214546 -0.0011720726546628948 -0.0046730536629306253 0.4989880602117247 0.0028571297531905016 -0.50287434758620686 -0.0030912648525269351 -0.0069205122644008035 -0.017501446190595751 0.014358613807827507 -0.49528711178458174
-0.50492552748081065 0.0055628209413676128 -0.019706131477202758 -0.49847388411008048 -0.0015405917713410503 0.49685607989532471 0.0041623619279068814 -0.017825806774695422 0.022677008402252823 -0.020587145322196611 0.49800925945736857
-0.50670105090519779 -0.002400704497283605 -0.010627323101750675 -0.49639166383758565 -0.00023174092262433834 0.49336107107415478 -0.00048620761317903099 -0.0027398172267906196 -0.022251037848860719 0.015701997332806073 -0.5025694510697668
-0.5017304095567946 -0.0015740975896142784 -0.00952143915693506 -0.50016386263131574 -0.0020055190431633278 -0.49561329892326944 0.0056757965086311635 -0.012979281715926305 0.027666892151747318 -0.016485745158889509 0.50113380822487452
-0.50300427157332572 -0.0038519843372567079 -0.0043999167697032901 -0.50020071375466257 -0.00097739630733141504 -0.50192724213260476 -0.0035031118551705908 -0.0011935420076368292 -0.019506228958215254 0.014760937541973711 -0.49417382104734497
0.48286913508461354 -0.023915163988142717 -0.0033190520082863502 -0.0077023280273473844 0.49975256112443206 -0.01977928685524968 -0.029865625391186753 0.48549224067013802 0.089656999123723227 -0.078017106107733505 0.51510344703140643
0.48909128701110494 0.00044368737348512906 -0.0091239461214860217 -0.0024814567555152445 0.4973824523483808 -0.0080881434956347129 0.00058950555502668318 0.48884368749552787 -0.0066463419454726664 0.0026104565570569884 -0.52366583185831961
0.49818256463412097 -0.0063379476783051569 -0.017795696731630062 -0.0052050702160189788 0.50360288632285732 -0.005686451694581489 -0.016535563288003163 -0.50391657776807608 0.0028363456618893698 -0.017894503871964281 0.4932021694617868
0.48935671663042851 0.0005714481539552535 -0.0046080665042379596 0.0078234744752587321 0.49550747588016869 -0.0034347174990013627 -0.004153431113149534 -0.50339415206096394 -0.0052972594472641818 0.02180406187350627 -0.51086336625115703
0.4886812671411408 -0.018702740067932013 -0.0047978280358736405 -0.0067269811926616019 -0.49914038528532939 -0.019106947263474741 -0.025894572844492085 0.48596222810956735 0.072354133795936429 -0.066410962033833912 0.51457847114439437
0.48909258366826314 0.0013633286105721879 -0.0069557650680078052 -0.0072802199464272882 -0.5002921654462692 -0.0055509320166318172 -0.0061263777003763079 0.488010758176046 0.0032552136701059272 0.0059616178336911784 -0.52165502787758367
0.49693676915381813 -0.0033450022612075618 -0.015357564648888941 -0.0017465529442503012 -0.50150051486116087 0.0013691534895870932 -0.022007620037938831 -0.50706446615964662 0.0024304319941075236 -0.018224354648222023 0.49331771700689425
0.48934473542051743 0.0045760703328472461 -0.0047820204663486182 0.0013715971359125074 -0.49697242758227733 -0.0023909249010525702 -0.0049880818099544994 -0.50688076197249243 -0.013440181038184583 0.015623381126949937 -0.50609387852161369
-0.50589668392527376 -0.014592930329970147 -0.0021126111535713201 -0.0016957788683508411 0.4984560403710695 -0.0016583163609860815 -0.00030698099375670691 0.49447498184330718 0.029146811010337642 -0.030303816839945506 0.49911283170939452
-0.50819471578224384 -0.0016597242440801437 -0.0045958371107022375 0.00080797569223310097 0.49366461598997691 -0.0058739066652659959 0.0023038864774452606 0.49171638168701076 -0.028529220253943041 -0.0010685906159393678 -0.50534045905355496
-0.50354906217146611 0.0086891822300182338 -0.0082416206721838761 -0.00049515685203547577 0.49755818084479481 -0.002636634834553273 0.0033761642752657937 -0.5061436446588925 0.026775430221525422 -0.021361756375609518 0.49128152786886486
-0.50297318744601094 0.00074934240179106403 -0.0055392466114518504 -0.0041617694327021303 0.49616198205059142 -0.0051833422630623892 -0.00022706901864931036 -0.50063503143577581 -0.016495647359001633 0.01302944950617391 -0.49968837183976794
-0.50396000064215307 -0.0083039471339481554 0.00031221759495601289 -0.0012320246192460233 -0.50182043881099769 -0.0095096286926393409 -0.0038851433764028691 0.49592497258360707 0.029681633957212947 -0.025157325506780452 0.49655714455821065
-0.50304816643582262 -0.00061452631442299936 -0.010005883833814377 -0.0010275899756209284 -0.49880087960792679 -0.0017713507531069166 3.4516170604419826e-05 0.49320615467724427 -0.018221103807690358 0.0043155666715607461 -0.5044131152407052
-0.50201942267057409 0.0074852898793906887 -0.0051923908253011068 0.0006113872830026773 -0.50035368592035623 -0.0023699008775679895 0.0045556001837089161 -0.50548923779162735 0.026887040678194793 -0.022142975402821136 0.49069375398863757
-0.50312351176307779 -0.0033762168988052898 -0.0047073764834532949 -0.0027646246133139823 -0.49685471514587448 -0.0049281544921923699 -2.4399316493018592e-05 -0.49929703837991618 -0.017396682116127968 0.013003364201966686 -0.50016734269556573
-0.0072533505637517315 0.49852912091656515 0.49748561099710226 -0.0076523408884899141 0.49396786573661611 -0.0067251800844668986 -0.0082978929955368399 0.0023411836709999931 0.0077769530928848618 -0.010229778825383633 0.50948667015202098
-0.0060973502847265926 0.50696295529550206 0.48998413529342882 0.0018964909891118268 0.49566469789016143 -0.0013044109045032871 -0.0084192214896757107 -0.015459763287000477 0.014765407057422492 0.0096999644555285335 -0.50651371788974286
-0.009904563211741187 0.49185383924530807 0.50107070728570002 -0.006648798302694792 -0.50174932339200662 -0.0042082735794001912 -0.0073621275802486933 -0.0009603066518294388 0.0056646566519985746 -0.0098860507713690957 0.50488672164308834
-0.009136145352033026 0.49993856480284277 0.48776202627483062 -0.0048931182842325534 -0.49679560878710133 0.0023843861052164467 6.6272942104186227e-05 -0.0052943430531643288 0.014753179947870919 0.011113752736844385 -0.51464692450506866
-0.00062746219827745616 0.49497174103169905 -0.50944247319223579 -0.0069855660992093373 0.50105385918910039 0.0045813047043102512 0.0071922754735352402 -0.01167621520334472 0.022910707778856228 -0.022345082759507022 0.49308612432493576
-0.0041596201424829145 0.49970952426027182 -0.50259196401198514 -0.0030134393342520671 0.49682871144347857 -0.00097697320505761229 -0.00040457442743905826 -0.0094663893749024914 -0.020131070164100855 0.010678044081146044 -0.5002164991350756
-0.0011613145543870591 0.49327971468360116 -0.50773249539765408 -0.0071704947659606772 -0.50208746996830622 -0.00018683797841636437 -0.00061402503446471714 -0.0098274477817912598 0.01978960497364728 -0.023449365194612947 0.49568109929162946
-0.0033988809101663849 0.49999470813228447 -0.50408423843865191 -0.003392367136088063 -0.49677368361353047 -0.0011138231836277776 -0.0037309393407424958 -0.0077696042119838474 -0.019015025286295503 0.011431701052783811 -0.49852726794488789
-0.013789088107686628 -0.50713008217258881 0.49382913732733286 -0.0011026238207203424 0.49682965539947488 0.011551370606865287 0.00040047729678492888 -0.013849348064542626 0.03222529799909539 -0.022432589945113591 0.50005370887347844
-0.012223946944210249 -0.50325851318762038 0.48529596784541723 0.0015671243316262595 0.49664791920265156 -0.00060937065516166312 -0.0063677793797864363 -0.0033590645878749975 0.019098845900753527 -0.011386015108900058 -0.51367406550724848
-0.0094727707062382503 -0.51082456691375611 0.49107631151378572 -0.004972294466260698 -0.49563532740660826 0.0070723886515917933 -1.0548668843971889e-05 -0.0065048920434691362 0.027783620252958306 -0.01227730726520302 0.5011172407688298
-0.010887794937444671 -0.50576070659465266 0.48730371446885162 -0.0015948244595367928 -0.49570950798061097 -0.0021413318077915227 -0.0039800856398589206 -0.0015992203362241123 0.0054379962578229675 0.0033292045778302208 -0.5107137695304339
-0.012627727475345366 -0.49961618326929297 -0.50771478281731874 0.0035924225625549784 0.49488962216384164 1.7191056344031198e-05 -0.0011383417773586167 -0.013827299111963131 0.021458031583793967 -0.020594142272809896 0.49643147509398294
-0.0074121791351530273 -0.4981159518703609 -0.50599656589666531 -0.0032749689121640275 0.4969029918463761 -0.0084118811813405862 -0.0015868177763913895 -0.0034161209536124719 -0.020697207287430273 0.012858047588558828 -0.49818778916283774
-0.0090439136518710959 -0.49923811171208676 -0.50467302257558333 -0.0015384831990129444 -0.5004788223431369 -0.0010888307493809506 0.0035993997980360809 -0.014254766434036812 0.021134655345534614 -0.019192710156856023 0.49443994964279553
-0.0065360157635344718 -0.49776913370730203 -0.50478795809569288 -0.0038196094803265852 -0.49808402250905143 -0.0059607473543397621 -0.00273142802683709 -0.0033857685731322009 -0.019683555955313757 0.012834564832861486 -0.49866159008490812
-0.0060224004065296457 0.48045919185737734 -0.01453575239059701 0.4835480867774215 0.0012415944125496788 0.002150541283106629 -0.0093063272371143937 0.47594372013523201 0.089036409304426883 -0.09279108220531411 0.54031452818101344
-0.0079721592340761174 0.49290953603180343 -0.010396148153880756 0.4945120123935422 -0.00011113358931050925 -0.0023877903443610049 0.0051241040052904087 0.48598251417170429 0.015967244679414641 -0.02124410540965713 -0.52479442102111784
0.0041693478899719593 0.49098339624512999 -0.0010188479903405186 0.4993780658592627 -0.0039580508224975417 -0.0048884461355943234 0.011126636721373567 -0.51048861149073499 0.027786372927595285 -0.018865523411482642 0.49764289642749032
-0.012823635511633458 0.49681225458147743 -0.011713255135669811 0.49660978001635914 -0.0017958663172836615 -0.0037668839340054953 0.0087730718940006065 -0.50527831503151621 -0.015700418012507128 0.0098563404421046184 -0.50051019626131366
-0.00056706188932203702 0.49719051564393019 -0.01698771785754483 -0.5064385218363141 0.00061645595660167322 -0.0112326513048084 -0.0076020259078479827 0.49535822210743991 0.033449417921888325 -0.0086343523673815085 0.49927465743419391
-0.0088731457548461238 0.49428998047882222 -0.011492128460387434 -0.50092041742750903 -0.001862795127385596 -0.0025008250094948827 -0.0073565877691122794 0.4903228480255028 -0.003814800109850346 0.050617004290823171 -0.51135934159477692
0.0028603382509474642 0.49621269723662492 -0.0040919336557586408 -0.49304496631106504 -0.00047915910964317995 -0.0036092430985181115 0.012800664958770962 -0.50331642002767918 0.01503375883578712 -0.020003882371458857 0.50648197766928993
-0.0022027706329059106 0.4985418797565217 -0.0066527685060514281 -0.50222442892065744 -0.0011436483894581497 -0.0057416323127300224 -9.4499548181068725e-05 -0.50142982496008537 -0.019607880951264971 0.015047746789882684 -0.4970919928495387
-0.0061322463623441669 -0.50740389872878511 -0.0046475819559301367 0.49839791005857903 -0.0020818385631541968 0.00034870973334434624 0.00055354349833613926 0.49292008625253508 0.025226415071248492 -0.024576967602401332 0.49986621159547773
-0.010009524138096259 -0.49886610736747938 -0.010937029332083877 0.49590932430991763 -0.00027332928901146195 -0.0052378957072222281 -0.0070628584622645487 0.48897211817579411 -0.051845973150094662 0.0026880822803810548 -0.51295261233068157
-0.0087837089461244716 -0.50145323209409698 -0.0035908039323166194 0.49840670359971301 -0.0035888145519524565 4.4508430023259238e-05 0.0053753897551919788 -0.50132223981930923 0.028830663856545421 -0.017143460736635478 0.49754848654751754
-0.008405904583517726 -0.49925056546249313 -0.0034542295764569816 0.49705857255646069 -0.0021603230270520551 -0.0058198676988981306 0.00041481539796161312 -0.5030222414325819 -0.022287514029186498 0.0078535448525458226 -0.49997055978131472
-5.7717295918477669e-06 -0.5136700263982853 -0.0086309570936373599 -0.50478062015658398 -0.0036086847726768973 -0.011748230275941683 0.0049111884359437346 0.49246693141555448 0.017622824416884821 -0.0111262133080659 0.48798764087580998
-0.00069001635935174693 -0.50321905542085499 -0.0055293648767356764 -0.4982380559570696 0.0035735605023514473 -0.0033208088795759517 0.00012883655104318242 0.49293848985106092 -0.036346284147906416 0.030557360777396663 -0.50322102272075797
-0.0030773303797436138 -0.49618717346883423 -0.0068764221094063495 -0.49408116228147847 0.00016081350249227825 0.00092050859057124079 0.0087340763469668514 -0.50822808923686891 0.029562078455170473 -0.024089029429824872 0.49979815228029567
-0.0052315379589158405 -0.49764010496867622 -0.0012146935144695414 -0.49793203832061078 0.0009270067167178324 -0.0048451532111224091 0.0032063421617623379 -0.50423872240187717 -0.0177021594877643 0.014422595522964958 -0.4995763047904897
-0.0096453766444221465 0.50078425740370303 -0.021262174033732043 0.0022478109168968998 -0.0025119904391981578 0.50698397316572896 0.49758132853512227 -0.0010747480923382897 0.019624943286870082 -0.010578002831796499 0.49349826369645244
-0.0092396140844612559 0.49513686466492757 -0.0095832387982477639 0.0040206716247911094 -0.0058378997861996537 0.50276051264984678 0.49876966413361923 -0.00942235437185821 -0.020493994960808375 0.013672910171849861 -0.50237136207932176
0.0029809568632285627 0.50381037425034447 -0.018327865420686963 -0.0081985810683431453 -0.00398587617272992 0.49910080900436959 -0.49872652865870637 -0.018134867295456627 0.020180723175132247 -0.018483469595657821 0.49682961316517937
-0.015038986177597956 0.50334279395949799 -0.0068833775389022358 0.00096406922570674313 -0.0017569580992242643 0.50065235537169439 -0.4943040272823111 -0.00065909196564254183 -0.034259307283430476 0.022240643322356413 -0.49971034646716078
-0.0040200117993811737 0.50899351899243916 -0.01019251318641569 -0.0058323861722261901 -0.00049832385089355956 -0.50466532087526306 0.49650831906769421 0.008566769496871152 0.024652214653660673 -0.0074148557626290247 0.48869989404353892
-0.012402725443510263 0.49531155621877382 -0.00072450462072961512 -0.0025513265446417991 0.013035882083217777 -0.50767745891251226 0.49358313837667067 -0.0032499965919173569 -0.037329348635762448 0.013717306582625453 -0.50138083555019353
0.0056845470929261701 0.49702951784452781 -0.0094630468506590043 -0.0087514694595686761 -0.0073930402167551165 -0.49953434053218498 -0.49972644671396277 -0.011545024031137144 0.023561524286761379 -0.010189069073938713 0.50264820774281271
-0.0072795074185936027 0.50691451733095583 -0.0077446700440612585 0.002032378350449279 -0.0021851148268749805 -0.50035265344923174 -0.49854256921744794 -0.00092659115323533495 -0.01930647552366312 0.017750055628325531 -0.49328456443463642
-0.0065864686162369563 -0.50492912909126764 -0.020647989222771942 0.0037298957832414396 0.0024959036116535705 0.50350106734095346 0.50069682328918941 -0.0069822653976673232 0.013882066071481004 -0.018600906800026316 0.48965152988867561
-0.0047882879405393196 -0.50313476575085614 -0.0044204372088930506 0.0029258702333867033 0.0019729896934444478 0.4927463733130959 0.49515702881259716 -0.0061511023723621336 -0.044716313876920592 0.028679438489247654 -0.50592600204618643
0.0032397207873441887 -0.50613512564826058 -0.019271462259279643 -0.002481709711440076 -0.0041761053241521733 0.49683924411112396 -0.50145255750462181 -0.021652449510866586 0.01640943134984893 -0.015299049503658674 0.49411100975211841
-0.0083387108359415929 -0.50022625954834665 -0.011537088115487216 -0.0045603248121316503 -0.0013880238743070943 0.4941471004253174 -0.49730960568898125 -0.0055074316266847043 -0.039305714944265276 0.020227033723355745 -0.50602936959437961
-0.0050144712400656023 -0.50471148989336634 -0.014917795351178037 -0.0018445335241281597 0.00037055162905161738 -0.50314398772653679 0.49588446206816394 -0.0070821745196777116 0.018210605090547935 -0.013364425827178989 0.49537806118141209
-0.00085373134900172567 -0.50032683515918497 -0.0022785558018705312 -0.0014715819680556404 0.0034116683175542629 -0.50339748366178216 0.49225797813721062 -0.0034984051787181445 -0.034246594094992679 0.015069559660752666 -0.50250793928117998
0.0031991497568188052 -0.50504041689556323 -0.018282519977511638 -0.0081391010940648975 -0.0030171278110679278 -0.50169477172567345 -0.49663626518007198 -0.005150430269609171 0.020249110736513816 -0.013496973375371844 0.49553042147021598
-0.0045965034171360272 -0.49949964777387135 -0.0084634207246983891 -0.0074468621468180909 -0.00063920133066859629 -0.498284624335257 -0.50172707743320555 -0.0040890058301333194 -0.026196499274178744 0.012262179244659764 -0.49948024539940877
-0.0073134216461733497 -0.0054381982448416244 0.47855320993934131 -0.034567225035820402 -0.0036826354501244738 0.48715334607316219 -0.045402321385417867 0.48964760491404974 0.099650467834656226 -0.10751839946957363 0.51871992243425469
-0.010681548727715338 -0.0046767906755553288 0.48632335181079261 0.0026247538644854594 -0.00038552215132434001 0.49535663900558197 -0.0024822452261228935 0.48924873008288633 -0.00077246559965480797 0.0076834429421231837 -0.52776725782731049
-0.022791627555315816 -0.0049218760525308282 0.49763600099878252 -0.0026359264160979849 -0.0032093659819347762 0.50212449080498156 -0.015703335344922558 -0.50603143083807334 0.020826464400014975 -0.00078409205963127367 0.49286886166449784
-0.0080417769193317085 0.0060437893715159013 0.48881234150142466 -0.0053995886326348051 9.4714580802712146e-05 0.49403229980275803 -0.0014581436954489897 -0.50628031715261701 -0.032924682452169445 0.00060842866104120208 -0.50937012950706917
-0.0050002702086227244 -0.02218179380747182 0.50170918029131684 -0.020163288506935096 -0.0029544247813251562 -0.50617279973201856 -0.0045275062581550309 0.48083890883683228 0.068483062437824802 -0.039944088561477763 0.50361955789941526
-0.0050929064556131491 -0.0024786208475355131 0.48972450346335211 3.4423811596908689e-05 -0.0016764329182725681 -0.50095541035841651 -0.0075141826252833428 0.49037397245959907 -0.0034446008739171413 -0.0056162902625850539 -0.51827810186479639
-0.005769752568434908 -0.0069827881287746248 0.49369693154088379 -0.0044960441238349096 0.0031856123875605952 -0.50331134925109711 -0.020516109086517884 -0.50953877112355439 0.02301648102995673 -0.003343462629978105 0.49217578814570295
-0.0058424854062364964 0.0058562693174892457 0.49364547684644822 0.0026899048483131731 -0.00089160879362278295 -0.49830490226064622 -0.0055352616435231225 -0.50481634849013002 -0.02208651726448289 0.014725093202029688 -0.50234955862688069
0.0052310764213281211 -0.0069167979000552167 -0.50664841051386122 -0.013269521877366736 -0.0006737855108524441 0.50085034927978911 -0.0019454246159420945 0.49027583049559154 0.037744129378873691 -0.019608253213228018 0.50002129730330991
-0.0039893568672610498 9.0411933384394771e-05 -0.51132308150774519 -0.0016601102138114093 0.00083838224029766288 0.48963527289157144 0.00093309982819752895 0.48869740054389665 -0.0032355468276466493 0.028676638165117112 -0.50904595622714355
-0.0066487233249478408 -0.00030966604283609378 -0.50790713980161817 0.0095091419373395606 -0.0029596679078550845 0.49352797571917023 0.0020341532197399054 -0.50813255059945761 0.026447316351840975 -0.023108368068520731 0.48875423856640082
-0.0080736777263000301 -0.0026721690757156532 -0.50354018350222252 -0.0031356150793652895 -0.00071116419907590737 0.49016580435429524 -0.00027024626063144842 -0.50352106455594192 -0.01909649079634233 0.010754177131304551 -0.50208389883874693
-0.0030790186218236158 -0.002807331610205075 -0.50543303994172284 -0.0058886519721751546 -0.00034180375677494166 -0.50717100721006836 0.0022736567073798194 0.49185456485922707 0.026711500027800615 -0.019705445820821559 0.49420134130339805
-0.0094872920169221109 -0.0015162950759804131 -0.50247462159098399 -0.0012613438391564391 -0.00063593962589849099 -0.50262805753758932 -0.00075009995449987915 0.49333836233256551 -0.014013746774998439 0.01122539350166224 -0.50108311706548947
-0.0014637332857987445 -0.0011888091014841907 -0.50325065319907314 -0.00060416367975751483 -0.0017865300308899531 -0.49921159203700533 0.00016702413718192879 -0.50440048072362598 0.027437428308997067 -0.021115422739889204 0.49183422770694496
-0.0054774005388089396 -0.00060372004306532244 -0.49884101697435462 -0.0050399762376549207 -0.00096128886972468304 -0.5023787673775163 -0.0010528343304481999 -0.49918533755873784 -0.021268537038746534 0.013473084759590047 -0.4988943151274155
-0.01571710571913007 -0.0047701665520288412 -0.010782138422108423 0.50227252529462829 0.50547538003245795 -0.0051237733276358185 0.49308758787349816 -0.0021937032350693988 0.0066906948726691631 -0.018846108373870237 0.49826151587746087
-0.010514378933043984 -0.0026178369759351609 0.0010707285164788011 0.49621882382788318 0.50327730341297838 -0.0035120340872247338 0.49691853472439412 -0.0054431875041938841 -0.018680501106488858 0.014336500362048874 -0.5028277974251244
-0.011043846884512569 -0.0086923189604777244 0.0050546959060741191 0.49924350614090601 0.49905617967272881 -0.0032258538361689968 -0.50031552537552126 -0.017711846646614307 0.022337307769686031 -0.011449107150688687 0.50020595782501331
-0.013824602546437128 0.00285848070226794 0.0030150601961931086 0.50253133977510334 0.49928535668270868 0.0026918062908979612 -0.50126209051167492 0.0010119477005802499 -0.023150250420345634 0.016166830547630288 -0.49588179061416404
-0.01965108019237511 -0.0050700774616157145 -0.00825948397025268 0.50601891126066878 -0.50692921098315635 0.0028201796566391358 0.49442697906139216 0.0013262098078309268 0.018808923122905431 -0.019148627753888793 0.4912223034243135
-0.0027361181797528914 0.0010296136421728273 -0.013426089578784968 0.49563041688089593 -0.50948013850375062 0.0074198063891471357 0.49210414229050814 -0.0058471046179667686 -0.020404667709161585 0.031246703670392822 -0.50094234801124149
-0.013581292249456143 -0.0086313406155608622 0.00016150137749378131 0.49589226762279864 -0.49817913059745772 -0.0061713082046336906 -0.50389967305847716 -0.013210631624307252 0.023253609231671857 -0.01331172032602276 0.50080337113956241
-0.016606293239563138 0.0031166957769819441 0.0012296206682491746 0.50300835607550842 -0.49914531060568246 -0.0033089488151764922 -0.50078671764843596 -0.00013639674172229553 -0.024933311412090989 0.014355334650170592 -0.49590675324454042
-0.01611845147087922 -0.00091014850123237847 -0.0067707986522998103 -0.49882492284553226 0.50538462323313249 0.0054817257104296593 0.50142658025318043 -0.0012253945830047136 0.022377200017218605 -0.010469900838620443 0.49333870534139274
-0.0035079295777639677 -0.0020564898777660069 -0.0081858684667081624 -0.4995170442401014 0.50031501956805091 -0.00066307639937779697 0.49705122405063334 -0.0082199942209460874 -0.023376682815110787 0.036349089466940494 -0.50108722557565633
-0.019893771290976119 0.0018945106415992937 0.0014697751964785519 -0.50905528826680135 0.49968374521388442 0.0013062488533086079 -0.4983642255089627 -0.015542964560987008 0.019257825799728671 -0.015444586993760667 0.49148526558611394
-0.0098970844334508069 -0.0060902756819354057 -0.0067062014780567341 -0.50312232159083736 0.49974647326023452 -0.0029622525463283722 -0.49543252555249068 -0.0032588294057130482 -0.031491354056098438 0.028844729912993996 -0.49964474278828497
-0.012120455664982308 -0.0067461800950491674 -0.0047287238922681211 -0.50362328606856155 -0.50977007224669735 0.0034228197181287779 0.49372324677554053 0.0031432061303007892 0.019626820977873088 -0.01387847012168566 0.4918548750081187
-0.0055898885994438334 0.00068528250404782285 -0.0050776943760825503 -0.50351422621142905 -0.49966020657676213 -0.0027768219860029465 0.49300466634325779 -0.0057596136247468266 -0.016140463487474211 0.030428081821274405 -0.50246864068212627
-0.015992144421326897 -0.0022414339983841325 0.00069471240290212366 -0.50319511065128397 -0.49882158976041846 1.7652143006910658e-05 -0.5009051979687672 -0.016134973446533463 0.02155622748521311 -0.014309899944068944 0.49585748724708639
-0.012896004328524616 -0.0052706229670384337 -0.0084025112442074855 -0.50326233920512153 -0.49906736195689227 -0.0010131040539889348 -0.49945187348705261 -0.0044317308795850637 -0.020336464876090244 0.018801807155707735 -0.49714603214121045
0.47912808977903359 0.51693019359070658 -0.036723834214956813 0.0017116569522851427 -0.0024279949124141921 -0.014720816636667614 0.0011292031404464501 -0.037598889186168508 0.28867275991165353 0.4473601055966942 0.46558275655998177
0.48574706769391807 0.50046698904203268 -0.0039279200680382327 -0.00031419042788937649 -0.0045335764559410541 0.01994531164716869 -0.0013366215230382554 -0.0065225504219587364 -0.25100408770214605 -0.46427566892824224 -0.48430300849678315
0.49259602777513878 0.5030354289117952 -0.010292212432948455 -0.0091454639021677671 0.022761260102983683 0.01046367954687388 -0.010707636150267883 -0.0054735039800986049 0.48967834438966185 -0.48024866107121483 0.18143623629020006
0.49654271850523402 0.50024562798147565 -0.041062792432848064 0.0030883582166050293 0.0095292622476681015 -0.026143076673985268 -0.00070508894250267571 -0.036988058834691188 -0.47281261211613518 0.46856506064353753 -0.23718365527642615
0.49510609738125749 0.49047353120177484 -0.0087677952195060836 0.00089923446948142114 0.0069099111155592561 0.019989414304719757 0.002550924900233988 -0.011436654439096939 0.45960303403053326 0.24958259072939026 -0.4900172837227047
0.49658809199409276 0.50095078184177966 -0.037710236143891934 0.0027895661640076519 -0.0086077550404760061 -0.02425582021404497 0.00053603995755072186 -0.039595124213574126 -0.43756935172490269 -0.28980174418981108 0.47258464798016736
0.5028188381273585 -0.49897954587535004 0.015658144737126657 -0.012905629060903751 -0.0064508259479308105 -0.018217847695235764 0.006584215736699775 0.0030156928067980628 0.262619197627256 0.45224334019781598 0.47314063968182329
0.5082206332571102 -0.49678998421444487 0.0080230646361702674 0.0032252848575554161 0.0025226890377743247 -0.0010477218600698469 0.005244156820811044 0.010130540728499126 -0.23262992380831368 -0.45608979629506796 -0.482249471782558
0.49239610480724244 -0.4990884025356162 0.0025518370505910183 -0.00040314454008014508 -0.022253922547989594 0.0048301041398899069 -0.0035442749951292226 -0.00068364514825687735 0.48685539016540608 -0.4803991032154924 0.20026757723901709
0.52061693417881383 -0.50190640909525963 -0.0017080368024206113 -0.0051562703922449294 0.0024078874010441506 -0.0037412201040155904 0.0098598781887788128 0.010473717688826089 -0.46468737161911633 0.46800041959733879 -0.20453117890919395
0.49280697991308503 -0.50180114638643203 -0.0053707506262075022 0.0082329703306856031 0.018561391978347039 0.023014578219756832 0.010701572895284388 0.00012749623232283065 0.46379496235092282 0.25013435566925857 -0.47600269356669972
0.51948799271723478 -0.49215780757732736 0.0051210253284262085 0.0016092876986186209 -0.0062425455584791531 -0.0012580903796352786 -0.0094626317536592591 0.016822048533552611 -0.44199700934204461 -0.25304809877889406 0.47757337835147157
-0.50968404391347455 0.49467340396555975 0.019499960951224062 -0.020652462082285519 -0.0015497165009721908 -0.004024241310651256 -0.012072530643740276 0.0090509710513873853 0.26034621495914012 0.45319551995507795 0.47042643735082873
-0.50610613533196347 0.49470808716880565 -0.023810306749420994 0.010427990044296126 -0.012268039046129194 0.0033617527709600761 0.0051926931467857346 -0.022941572995947047 -0.23641739685329299 -0.46268246492234821 -0.47724362720352548
-0.50124532376378794 0.49620931620908676 -0.005227483440394665 -0.0048301850841572591 0.0093410837671547425 0.0002108848218243649 -0.010416263843460815 0.0097759725577104724 0.48758050818483351 -0.47380552697630768 0.19990243814381803
-0.49304521712200872 0.50032488315339219 -0.00066060070087539907 -0.030549426831456707 -0.010898515737703901 0.0065294373351752555 -0.02359032652294716 -0.0050162645326921503 -0.47734713478066265 0.47531905088997267 -0.22608882427680185
-0.50431712493760716 0.49571293749170769 -0.0018969561351885246 -0.010430700542567504 0.0021799162119667415 -0.019345055409563269 -0.0074174275971540726 -0.0085396765261196318 0.45405420477271707 0.24897084553473317 -0.48079298334390858
-0.4934679619330492 0.50356207627907368 -0.005599148646422877 -0.021280791411266483 -0.0033324012233505599 0.0058602596911300989 -0.027517151224688133 -0.0022982470159891785 -0.44312861828785016 -0.27434847223011399 0.47957523255206763
-0.48870659039043451 -0.51800987460913206 0.0075379515823128388 -0.021157212802510053 0.005156436725771308 0.0065311219845834009 -0.021435384160363048 0.0075015441116232703 0.26973564406853973 0.44919486919976964 0.46605670094962254
-0.49835533223239159 -0.49662518373727776 -0.0074576193469774515 -0.00072599009648679136 0.0027291422319159079 -0.032801226861898125 -0.00085135024449524681 -0.0054232476927311458 -0.2483192745368073 -0.46109781308671421 -0.47912637801725477
-0.50410675765032731 -0.49604754841103843 -0.0046609598302735956 -0.0048212520696607856 -0.0014304191917304439 -0.011082224743796413 0.00069370000753985535 -0.0030842205043866955 0.48269348642182991 -0.47949239935025395 0.19164399098258517
-0.4918516645705962 -0.5158584128585928 0.011003814118226225 -0.02490021113466008 -0.01096335845906204 0.0013336979898550488 -0.018595607462362967 0.0088216199474598408 -0.47732224124628242 0.46587419952383224 -0.21403282495374631
-0.50429320508801345 -0.49659594177661065 -0.0062607293990173613 -0.00054324191351162244 -0.0034762369357752084 -0.0032131887481563742 -0.00061164885222018245 -0.005211689120925996 0.4496731477784498 0.2438809720775727 -0.48714220621007359
-0.49248194142870333 -0.51304650230707283 0.012861121405897917 -0.020980406576434893 -0.0073952852843450056 0.0056196015049010976 -0.026870841968924131 0.012663514773945181 -0.44427065553254619 -0.26814621358420321 0.47264336849916871
-0.032467851916419731 -0.0080891285599407874 0.49172319620971089 0.5061859019770184 -0.0084451106723647425 -0.023827769403316615 0.0037769662708827139 -0.040887223848357961 0.29038382073012087 0.44522888567052121 0.46474498224898847
-0.0051237617309173216 -0.0021908617507188531 0.49070290119703386 0.49626258254235905 0.012715145099687743 0.013466295059291002 -0.0034260302464774778 -0.0072365356189810059 -0.24717850582269663 -0.46684880804166556 -0.48316758444302416
-0.010029200993284804 -0.0095845865989450264 0.49815989400705518 0.4954121933824005 0.011503574752834311 0.021291386565193613 -0.0066261420066231654 -0.0061944369492932631 0.48762591845197412 -0.48372922462408463 0.18376642292747519
-0.041836728742158505 0.00089478565453213275 0.49285454730116646 0.5036883774474209 0.004837492548975213 -0.025734076314274539 0.0030930379404017889 -0.036911647581058096 -0.47635428385908496 0.46503604168875928 -0.23751146638957016
-0.0085226986058675163 -0.0071778368890335915 0.48784885626001023 0.50357170457102363 0.015855281411367893 0.030027209363525199 0.0028635137269029838 -0.014232758657997051 0.45487012430194568 0.24357343156982933 -0.49060802392282182
-0.039741222511841361 0.0038456352963410563 0.48105194225118508 0.51712309943625046 -0.007968752333528277 -0.017071615536168268 0.0021583913384241892 -0.038033242207466393 -0.43908635357331371 -0.28702178208442974 0.47179881166261928
0.01510864935550519 0.01327835295142446 0.51638804943028271 -0.50144727595430805 0.0035996546481942664 -0.0046332391590084851 -0.0072970153311226523 0.0001104888801947281 0.25833274986691102 0.44198713220069819 0.46830898790981829
-0.0010003543440032399 -0.0041443081509738942 0.49279792655047339 -0.4954918312435419 -0.0059314333470183965 -0.020920094689265156 -0.002506814893795015 -0.0037532683990643802 -0.25588300960348193 -0.46590675012672095 -0.47810192944003932
0.00013137530257504307 0.0055385869907757755 0.49500649704523225 -0.49605518073974536 -0.023332640085872679 0.004960149554925933 0.0014364457539769694 -0.0014346771640096534 0.48080601379086002 -0.48669890541180466 0.20060844463901362
0.0034950387703421718 -0.010239336282119132 0.51404891580159762 -0.50438078681778398 0.0028455145473385672 -0.0085351717275922358 0.008369020918848457 -0.001105411131128138 -0.47828608562560548 0.46039684025758015 -0.20090205566936134
0.011311714688907066 0.0031443561594634568 0.50422351460316206 -0.49854113096947394 0.006605012663482266 0.0038271342130537971 0.0016254133521374592 0.0047315925445566747 0.45484566346850697 0.22602695536692027 -0.48889823171531688
0.0081653663474079881 0.0035088802770952068 0.50569985032586495 -0.49323321609565035 0.01823970864996333 -0.0070166956162008663 0.005150070003062091 0.0077134202309221212 -0.45039712457444936 -0.26814446667613157 0.4750607377760161
-0.0050752855882049714 -0.023028045307822948 -0.4989127173257627 0.49533851437408888 0.0022297884752994625 -0.0016443484363919271 -0.025697168834394664 -0.0066444793925395313 0.28094323618350669 0.4513677302244663 0.47095191686372712
0.0077812532548512496 -0.010913577970348927 -0.50166931723059538 0.49665795242675886 0.0094832625627294057 0.0046266060684386039 -0.00037776226903187498 -0.012073967848207029 -0.24711178299677838 -0.46129724747647832 -0.47682541393325151
-0.011453472621254542 -0.0014088529111950174 -0.50010804307105727 0.49747787209334882 -0.0017995563595716397 -0.014058003319096502 -0.0066642737265834584 0.0021419941165211685 0.4838750820642006 -0.480039927902699 0.19352325742536913
-0.0029421130177311756 -0.025260918135238314 -0.49790015859617731 0.50148981740373266 -0.0010409322093268075 0.00019655311929839324 -0.021535850960544001 -0.0050443868559701443 -0.47887871556651107 0.46940178052839859 -0.22316677266570167
-0.020651149184119061 0.0071511558997142625 -0.50420908160228006 0.49810585522984552 0.0098484684849343643 0.010837780321744067 0.011881711970091824 -0.025435429334418908 0.45058189211483507 0.24360556302086073 -0.48354508810155417
-0.00057920594339155667 -0.020061169292817094 -0.50832675994572996 0.49357057768775137 0.00078113837929760506 0.005734925023584852 -0.026709288099024304 0.0062610500757204228 -0.44337447902991017 -0.27039208901651723 0.47656091651789328
0.0096735485637043997 -0.018318805530905709 -0.48718200198876138 -0.51948924647850858 -0.0084716920309376685 0.0094637635127684111 -0.019499732817166632 0.0094751711985837511 0.26629085222102949 0.45132551318532255 0.46595984364540211
-0.0027727482500111166 0.00082825251272059701 -0.50430693051480058 -0.49557232057091777 0.0026799857074560557 -0.013204941575753446 -0.0038740952918115711 -0.0041607637049121916 -0.24578584919079122 -0.45819485010401162 -0.4790690379110169
-0.0052161415852328098 -0.0014186321264853825 -0.50599925675128465 -0.49495989333941648 -0.0034925735303335398 -0.0036874475595427493 0.000609249070904787 -0.0039671043336534061 0.4851519266955045 -0.47606528950927179 0.19208794655035705
0.010711045301853475 -0.022153533669992016 -0.48768414312451475 -0.5188504133791475 -0.0056284205025266144 0.0057163568423038436 -0.020649760892295373 0.010184778350875688 -0.47509602254904976 0.4691922396611633 -0.21424479678073044
-0.0039587526362008267 -0.0033888685281134967 -0.50440286943748924 -0.49324156909193095 0.0060049951440538053 -0.027867714653154737 -0.00079882435192404834 -0.0063706913859071044 0.4517336100368966 0.24775271860491679 -0.48576206762341784
0.010787376179228618 -0.024243587276482924 -0.48515320370308529 -0.51581827827808602 -0.014538079147360349 0.0096206934998324927 -0.022874072360403556 0.0075465218095675532 -0.44331065971193412 -0.27425901332636388 0.47458120448510654
0.0204004519879743 -0.0021426257021625989 0.024544865021224476 0.0094398402598524275 0.4958762146212537 0.48383470746502699 -0.0056926673234069915 0.015667134252965578 0.25601722800580862 0.46667909651912221 0.48506325323120031
0.0028218901712617301 0.0094862901395768445 -0.0047743972146741358 0.006445323810092894 0.51861674536015134 0.50567297394323996 -0.00077539551652076747 -0.0016686286249824884 -0.23919365105090709 -0.43079583865280241 -0.4820447926900388
-0.010458011890528991 0.0097040765896008671 -0.0069021124066128807 0.0046426687481859255 0.50412105954146047 0.51624602324126811 -0.0068782266256569198 -0.00024720934221533617 0.49100197747057533 -0.44943205992427859 0.18963063752638953
0.021608004925284478 -0.0039640232212327861 0.023188209693085736 -0.0028933079698567998 0.48687949408093373 0.49777313771194642 -0.0036768799300984328 0.02964396397389631 -0.48821207216455748 0.48533885105150903 -0.19835439537820501
-0.028081300326951622 0.0042049123813192348 -0.011843402310665481 -0.024012717292647839 0.5110049651619708 0.48620319062704925 -0.023297270271912328 -0.0027446817033789208 0.4424469914805273 0.28862072709295183 -0.47047391538747946
-0.019188816065567004 0.00060869879647581333 -0.0076413448243012371 -0.0086652812721023532 0.51036612446022478 0.49853465810618652 0.010134261486050414 0.0021618484229419433 -0.44877808364507971 -0.22952021568744255 0.48610583274642449
-0.0084422239304319888 0.0085606490853788724 0.015948993239805039 -0.010469250243058824 0.49234218492732934 -0.50767544810214305 -0.016673269096827151 0.0058492706815075762 0.23491279923180636 0.46434812781486207 0.47774560382449449
0.00045069646421076862 0.023225154341553644 -0.0029615070459325949 0.0073464783019472147 0.50319060920817404 -0.49602172391739646 -0.001614910169835227 0.0041528769326226855 -0.2797976716689432 -0.45155766340965436 -0.46684943315889582
-0.002727232239378105 0.0032344543188874125 0.0028149619454357093 0.0049363859174112647 0.49803131351548779 -0.50278041443057886 -0.001867604559722361 -0.0071728224654651757 0.48391447488087969 -0.4872976443706491 0.16564819250028465
-0.0018963729804103292 -0.026637575795277393 -0.017019131903367499 -0.0088703635201439913 0.49833942896898292 -0.49220249611406214 0.0055448143316979915 -0.017446106295184293 -0.48937027492099383 0.4788051073197217 -0.19809168866200833
0.0061675327758546009 0.0045817959106855223 -0.0039505299880831174 0.015434955311655023 0.50452148265289598 -0.50406187586396989 0.01502981591850772 0.00010885929571011146 0.44035535148518501 0.27119290919253619 -0.47263356440313159
0.011213411306407944 -0.015608640755617669 -0.0071134223119985723 0.010995857338768351 0.48527494586019415 -0.50806477112942028 0.0096857084742179144 -0.0036643688275820306 -0.45640155551550854 -0.24588775844296756 0.48679269218630677
0.02176162841409145 0.0060619509020670738 0.025508874586857258 -0.009098026525903722 -0.49628626812559584 0.49587522353617947 -0.0073250202484002862 0.026661506498847042 0.24628980469195361 0.45782163576123797 0.48532473700282697
-0.0020756432943344841 0.0030536081913104447 0.0046546366469069041 0.021434395364328115 -0.51142817552290853 0.51105006382854057 0.0095461256643578473 0.0089333171084870697 -0.24457405681464162 -0.45533094790971373 -0.45766870956647537
-0.0092756435703766609 0.0071155450770773246 -0.011761433539276785 0.015791322039279295 -0.49240717455718197 0.50918468708914577 0.015123025370991911 0.0037294012442400286 0.47207268798855956 -0.47170907679662816 0.22833543955203828
0.025777765761759056 0.020706206822258856 0.0012469226938835185 0.018016870474662348 -0.50470975893215753 0.4928231219244017 -0.00088818619940443633 0.020790665273673126 -0.48813815198711635 0.47914675948766461 -0.1807775259776955
0.0014460353288222863 0.0064681014428126481 0.0044146139839644841 0.0089116253576510887 -0.50388083262369376 0.51453996298154536 0.011584968903274482 0.0025078440453907749 0.43668930379984028 0.26626145986781125 -0.46848338916277571
0.016716974617183342 0.0083618591078398405 0.02301373043856611 -0.0033437802942289569 -0.48644182244393369 0.49935366504798512 -0.011052384296056622 0.02098468441666862 -0.45720315170562537 -0.2497085997462101 0.49109923752909473
-0.00792304261048268 0.0025593833515580784 -0.012668777649299922 -0.0053002928264325134 -0.49969691994715193 -0.49512364924598345 -0.017209608505061858 0.0020012141927420726 0.24015989440842025 0.46335493909191933 0.48189510697647286
0.00074180308119015039 0.01421163880232029 -0.010833684881239406 0.0080894876972598343 -0.49713020892057602 -0.50610617328061858 -0.00065314513273457447 0.0014037010111640203 -0.27728792409408065 -0.44470467029085098 -0.47082856078966973
0.00097657483424821979 0.0082565677757617025 -0.0010288078570535079 0.005930522501487602 -0.50531074024094458 -0.5031433471802309 0.014262869934665769 -0.0052546473162755 0.47609960386884881 -0.46414360034161833 0.22152046973922232
0.011383860803441939 -0.018109040773793831 0.0048236121480448165 -0.01540630884889794 -0.4938161769517469 -0.49756128543186573 0.0050067777542934545 -0.01511957191196717 -0.48851626944786364 0.48243100459671234 -0.1903121393904656
0.00052032893105344443 0.00094665044769375668 -0.010502229282540401 0.017689298650735971 -0.50007700492045792 -0.50081380276161724 0.0085739536920795018 -0.0095188613921917079 0.45370810396087863 0.23047468609305546 -0.48943886562442301
0.0015307575054149822 -0.015993394961119387 0.0097446325377141766 -0.015401263581143007 -0.50633260495760224 -0.49204950025683292 -0.015235984815087573 -0.0061195214865543144 -0.45457552865104889 -0.24476113863714466 0.48384685982022652
-0.034434681981028052 -0.0070854241412722715 -0.041401294924620906 0.00309195760697859 0.0016842932119560657 -0.0310264535672286 0.50612804856388383 0.49203240009201454 0.28724787028871107 0.44868403987541655 0.46258486080504602
-0.019229180717111091 -8.9854581217474876e-05 -0.0059970878488291223 -0.017903115759353334 0.010812971022459632 0.03162727242325665 0.5104957865742511 0.48740739332584926 -0.23401002995731235 -0.45985293738457178 -0.48348651056122799
-0.0028928308902132971 -0.0023463660367256493 -0.0059741499221818671 -0.00087121172799316205 0.022135636674591383 0.0088988027259824919 0.50033898177966407 0.48633961455119956 0.48940394832597062 -0.4838336710016074 0.19724081300706411
-0.037289608568541417 0.0015076905325075323 -0.03866351205957045 0.0027038678577142356 -0.00094996584400656374 -0.018203803135572561 0.51550870482841815 0.47946207607712082 -0.47672742277585806 0.46755400005807307 -0.23508268176391664
-0.011381671040834559 0.0050520417385317247 -0.0044444349957935558 -0.0014155682313049891 0.010360090215811944 0.01561840284593438 0.49319091700878182 0.49080365049778807 0.45536446110467788 0.25356222656779226 -0.49365556057327581
-0.039537857294634708 0.0024704655340960003 -0.035524765606379731 0.0016051857864631289 -0.016971629874658504 -0.020333638740793778 0.50195535720139972 0.49273514422398657 -0.44309633021715605 -0.29165244555711939 0.4693846675539966
-0.0022015846683069266 -0.018718451175805801 -0.0077358128374426759 -0.017682967046635953 -0.0011422416613672145 0.00366886107413586 0.50352935262710574 -0.49842201732229618 0.27087434328474019 0.45259955609158103 0.4680511648272756
0.0037881425391064244 -0.0079862951192154284 -0.0071814739225449465 -0.0061709962902831168 0.00034700739835033328 -0.021108142664000126 0.49556238275976583 -0.50312872034950418 -0.2487924864375807 -0.45749978090842203 -0.47902213405696042
-0.025358386299084924 0.01075853478739435 -0.019588092416603264 0.0051448434192790313 0.01571718683332083 0.0013460456980056517 0.49646116677516156 -0.50564571430132754 0.4853146655849046 -0.47527027627926255 0.1871330086885285
0.01159221656395003 -0.024058709766010728 0.0071549643598996793 -0.023095833275202628 -0.00018612129448357582 0.010810943489662628 0.49608491190831522 -0.50919764307658244 -0.48090036660483571 0.46768159717706642 -0.20787390012458143
-0.013502182646520653 0.0014183032579220907 0.0049503064425533237 -0.013731786431270354 0.010879053285869373 0.0020500774795867366 0.49883363156992661 -0.50149470092704151 0.44558131813093915 0.25085160281034652 -0.48752322060199454
-0.0052715617311374936 -0.0200047903712267 -0.0045391014525044317 -0.019633959200934314 0.0051696033872862665 0.010474471313419768 0.49952823895127135 -0.49737777442836811 -0.44958464539177523 -0.27325606770281996 0.47468003954370075
0.0079996092563388282 0.017475143275608011 0.02272283661328613 -0.0030969777143070852 0.00019752734952865295 -0.0097512646385598985 -0.49821964955911885 0.51742678309579515 0.25915821943319023 0.45353172785869278 0.458478216406705
-0.009263003023198723 0.0054307191808754878 -0.0096435868531170952 0.0053752350404828375 -0.0035918662254411258 -0.0028318301379614431 -0.49577400442209518 0.49346319781672032 -0.25444765215860571 -0.4553179357607875 -0.48824795955068784
0.0067238911482881501 0.0027951627639495537 0.0060349044565883051 0.0059102566612201403 0.00075648780140904006 0.0052194713784284291 -0.4967811610292972 0.50594662436483906 0.48146736406301333 -0.48379421434547798 0.17665400318234131
0.011055679846802502 -0.010350194769132825 0.0027797460623673162 0.0045362499565066083 -0.0045494590939550222 -0.025294383797047522 -0.50052569899744748 0.50119044088069209 -0.48978905474403983 0.46780963519933344 -0.19653201039613752
0.0041973456384295383 0.0072241015483440561 0.010560954963077643 0.010717946194037155 -0.0013125319957942127 -0.0062234158787267948 -0.50116324615117236 0.49412270273501074 0.44656466132505745 0.24696529175721832 -0.49389233253068116
0.0031159042805053985 0.00094239192102684236 -1.8970136984724448e-06 -0.0013686274518976518 0.0052502082570023579 -0.011459595181346561 -0.50033142432059152 0.51275813887980215 -0.43561161070178694 -0.25442914578178499 0.48175152738026122
0.010634683307491604 -0.022456199255192898 0.0088190621626434099 -0.020589067500840757 0.0048121287704910067 -0.0075097708245014626 -0.5190973679878883 -0.48604504827944373 0.2693049061996497 0.44847247144817221 0.46845152072320551
-0.0025529547791531462 -0.0029747876223035013 -0.0047146955655792532 -0.0029932317716866298 -0.0019670640089208438 0.0018952419357735019 -0.49668090894941203 -0.50398664715379637 -0.24219212494273928 -0.4615873814181008 -0.4770027065899462
-0.0079525903081920733 -2.8143392303850336e-05 -0.005383731985754983 -0.0021902376265691748 -0.030740436327146278 0.0021828895456314419 -0.49463755800093429 -0.49964052235591511 0.48754891790286203 -0.47847764522794684 0.19493964367383262
0.0069093049044221004 -0.017750002212699956 0.011128692913724803 -0.018336656595383707 -0.00059958030854392549 -0.0055881040269346567 -0.51794273453752082 -0.49037060535753829 -0.4736011872583169 0.46747410456349814 -0.21814536867443376
-0.0032960620651177564 -0.005418922563349313 -0.0040004328929929122 -0.00035357725278158916 -0.00068825388082999108 -0.010811789351802478 -0.49331181332702234 -0.50529312353202771 0.45546537592463221 0.24427585612333697 -0.48376563115088528
0.012675907928057872 -0.026190702671952532 0.0087999700870728045 -0.016812740099700713 0.011889673994044645 -0.012031924365172674 -0.51371877903534025 -0.49256824096922142 -0.43919936197647402 -0.26978628489473439 0.47570574326365156
-0.0054691147992610312 -0.0070621246363885715 -0.0018447394602345559 -0.012268085917453965 0.030212322011121315 -0.020374796031558031 -0.024178510323961212 0.015742384147622742 0.745906084835812 -0.023227633504316472 0.66384528023863354
-0.040721117665181154 -0.0069617412475542406 -0.042368292869462587 -0.00040750364160373019 0.00044913658434649843 0.0023450894196682609 -0.0051298401584996206 -0.043161956354928109 -0.20905622935779317 0.94186632647326585 0.25255975838001793
0.00073003921752865994 -0.0040329797009247331 -0.006157220839651787 -0.0020329426000262963 -0.038783024857376829 -0.014051030691862709 0.0045341422516055755 -0.0058182590373579536 0.23237771859025899 -0.93062658813103549 -0.27949944936437532
0.0084028279149535173 -0.021080494141218594 -0.0065407101395985202 -0.0086749745729042295 -0.012917435721650711 0.032294717757366441 -0.0012598856724395397 -0.011930153955618071 -0.724787970698481 0.015697036597408377 -0.68734943436631801
-0.0085304259790725274 -0.0025817141814966685 0.013383661234926156 -0.025230739557036131 -0.018795651948850252 -0.016144510571450905 -0.016073890864691954 0.0044457149735493487 0.71228976834832514 0.70050209932295981 -0.012364975751694356
-0.040832006253431613 -0.006736504588048667 -0.042201299188290423 -0.0040433961956813595 -0.00094762600501994434 0.0026633215639379564 -0.0018019522949739072 -0.041872672650411162 -0.17299657955308406 0.1806381004676306 0.96548825428583007
-0.0038002789505013281 0.00032948823007240792 -0.0073658340466303159 0.0019305846520131079 0.027210691489325506 -0.0188141087873477 -0.00023881985477254659 -0.0071375134043184353 0.2012571534299642 -0.20847633036265506 -0.95645974874407724
0.015152626378987347 -0.021903962406550466 -0.0058746004156869447 0.0018728989388905211 0.020870956967991922 0.042302108370983457 -0.012111725605541402 -0.0034853191179816312 -0.69210916735884609 -0.71962021663469722 0.00057738100049890329
-0.0088131383104003407 -0.00045329103103944866 -0.0078650975032033988 0.0010633644216658399 -0.023877620733147267 0.02955785878180155 0.0014342606278358368 -0.0026462660244091231 0.93008347232481214 -0.22628605225194395 -0.28661057563726478
-0.0059114166345520221 -0.0063705555074073912 -0.007914312482826865 0.00060212893759543603 0.046375048721472696 0.010925238134872261 -0.018108392316208262 0.0076728897771769205 0.038444508740915082 -0.7391248484211681 0.67038881060664224
0.0044829677889753538 -0.016916327841207432 0.013791050781048239 -0.02246391432409273 -0.017967399433103954 -0.011779993345300114 -0.0039568699078704802 -0.0053967327486554896 -0.026474899870045792 0.71917770259893254 -0.69323520889790802
-0.040937680970242411 -0.00091350659926721681 -0.042359863791856599 -0.002875845964967043 0.00040193999465848847 -0.00049294998353055096 -0.010199309524611126 -0.04016682014843341 -0.94174303516425362 0.20070880267180929 0.26007474227729255
0.36451552375975382 0.18727325847944726 0.37265828256289873 0.18030931100737574 0.014648843777637166 0.045226664568581966 0.18256714547562788 0.36921295990750064 -0.38741265862730523 0.38827475674915485 0.43349354023084213
