0.99992506560920047 0.0013357797898888946 -2.3335939315994045e-05 0.0032901359012378149 -0.0013357058201387897 0.0057852730606221345 -0.0083481362339016367 -0.0011251751647699947 0.0034467536080398566 -0.0024722014835006356 0.0036125527276313122
-0.99967365121397367 -0.0025672545499193589 -0.0030032760740029362 0.0042287671981994885 0.0044880671866891963 0.0001174541784522726 0.0016657456324374613 0.00045284138043496884 0.0070417753672633813 -0.0041877095523128261 0.02299648463142908
-0.0095112141176345207 0.99987745283012852 0.00013181894849655893 -0.0022049705656135288 -0.0023957270473552754 0.0033357548400888334 -0.0039809282093198816 0.0050118036008033467 0.0081654492490505111 -0.0049920103212102987 0.00055623272718956652
0.0029865445384897006 -0.99989197763192528 0.0015961084937005678 -0.0032088763588159737 -0.0025596485373816512 0.00017240530966167587 -0.0051129053656265074 -0.0032853517913765382 0.0066494117745978069 -0.0074933593132902087 -0.0070983939440084432
0.002934215658121003 0.0019979251195244886 0.99989934321972673 0.0025783535505061318 0.007920891269629339 -0.00045616322573328953 -0.004335673795644872 -0.0058134026314916338 -0.003534079286495647 -0.0026021156092013017 0.0068739473781350997
-0.00015674638969738702 -0.0012221950726793629 -0.9998509917465177 0.0068758151190720573 0.0056816391427993874 -0.0035855749594760743 0.0065020459443574123 -0.00083757194363304817 -0.0037105484601076431 0.0096785195711238323 0.0073240514335564484
0.0020511168725799609 0.0012084126847881861 0.00017479795014157279 0.99993498048594187 0.0038836397499444598 -0.0027691160313694924 -0.0015533621699085332 -0.0062618852027712998 0.0025748344847230003 -0.0023414660380456261 0.0069173598400401473
-0.014339327199681687 0.0030300073343045926 -0.00022336878274605056 -0.99950806267923153 0.002052862389069899 -0.014018439753262595 0.01749421517177837 -0.00040011195300721956 -0.007375324473332715 0.0077716920931672016 -0.012126513776733823
0.003166011047153403 -0.0052281194365189892 -0.0020601498827501757 0.00022170687828552903 0.99984258852616392 -0.010729522065202082 -0.00522209221917637 0.0064461827582987389 0.0086394923332129211 -0.0031956256600662444 0.002085407597031881
0.0050723911902598303 0.00044964013420770665 0.0019256624192844005 -0.0020695684916062634 -0.99989088313898189 0.0023434141723486339 -0.0015105686637755351 -0.0019275731974520082 0.0075131816361372478 0.010559236324512221 0.0022056475823974261
0.0073297861974677553 0.002557162867728658 0.0006825860910086417 0.0038284304446530894 0.00013635939817988651 0.99992378602968102 -0.0060250918957044505 0.001174192946016553 0.0038342668572321882 -0.0044866239200350268 0.0021222698110341582
0.00130416388978343 0.0016774416323269369 0.0015248881897502904 0.00029534538063873036 -5.9023436446682906e-05 -0.99966242514163473 0.0073194970446837457 -0.00056011590870534938 0.0041151251146779744 -0.024303118873242952 0.0025769169405248423
-0.0044553493317743926 0.0044688952776360414 -0.00043894428643514473 0.0090679996066097921 0.0066065149415677257 0.0016762817092485529 0.99965562329859348 -0.0018327612503117436 0.020237408949053147 -0.0103148262095373 0.00079310865019127587
0.005778281938847849 -0.0014274930097901088 0.0014421837708088079 0.0050800470770066171 0.00065385968783945219 0.0075855345900058381 -0.99991096859817641 0.0019542016405639027 0.0052333736252426462 -0.0041243942996907748 0.0029251028811384879
-0.00055003248894408508 0.0010942739796478843 0.0035059639998336906 -0.0008568639745550337 0.003630128143951414 -0.00051856542008820654 -0.0067722550839065115 0.99990200899188098 -0.0079076740333606319 -0.0023265897338214906 0.0073615172019365236
0.0027723962321501068 -0.0051248631994940648 -0.0053518791283058333 -0.004226110887089839 -0.0060870338783685007 -0.0010491426909315508 0.010869590386684107 -0.99980171201193158 0.010068339227426774 -0.0060051899195589934 0.0047274933241694466
0.49612841285966097 0.50032311145405839 0.50183470415128439 0.50153690001191675 -0.001230666147968993 0.0063904867808045216 -0.0034187998933755143 0.00023991617116900352 -0.0027863775978826067 -0.00039560245406194326 0.0096969438355433389
0.5022231037790853 0.50165741555736498 0.49678630759238268 -0.49904889631886801 -0.00078206408207796483 0.0051167109707363411 -0.0076390330753105052 -0.0020549516903662275 0.004865175640642168 0.00067758483676178243 0.01232298888525001
0.49509817407825985 0.49988402270219578 -0.50461427919466229 0.5000810845322734 0.0004266578972376256 0.0068825132472705207 -0.0019010590212232862 0.0067859156079857 -0.0029525320034266239 0.0020633162279934201 0.012919426327498099
0.50176437877281255 0.50743958070146911 -0.49565942472455254 -0.49477007884973212 -0.0018585152607234179 0.006052221653518341 -0.010956353919388777 0.0016006343400402931 0.0070246422365072498 -0.0070503378998366265 0.00037926051503788465
0.5050432425774396 -0.49310893305335624 0.49746687334761752 0.50422244458978893 0.0030398427490759862 -0.0027390766655846226 -0.00048190787424234514 -0.0049044064125312262 -0.0032135893825226392 0.0030280817061328767 -0.00090249962488340128
0.50457282980982088 -0.50091607206419808 0.50079243139801255 -0.49353751797435064 0.0066981582860196134 -0.0037333696030815758 -0.0041004894875717075 -0.0015206175568368921 -0.00015064719979453013 0.0057024454743667104 0.0025567416554380389
0.5054848241769605 -0.49975886886936788 -0.49522687362871431 0.49927515272490625 0.0078143287040328864 -0.0040338522465170274 0.0057538164357104566 -9.8095627832660387e-05 -0.00074096885616353725 0.0063494961653380476 -0.0070366299376558262
0.50974816499936737 -0.50508119331362222 -0.4916463975335682 -0.49317904309612437 -0.0021428640266153696 -0.00085439993688901021 0.0024632664450932968 -0.0068311932653588982 -0.0048484323098729777 -0.0004907702492600776 -0.0051229663207051157
-0.49632273636163521 0.50118999969829992 0.50177305505427527 0.50044150516182417 0.0017713170829136006 0.0057377950670185239 -0.011903481106453831 0.00036171045807036669 0.0076914600966581492 -0.0041037782465601141 0.00073729107035204933
-0.49805444233600904 0.50086261639046381 0.50541986029252328 -0.49553759673195991 0.0017918705316907306 0.006975791053308404 -0.0016643465824950467 -0.0028184880649454241 -0.0026721110750784469 0.0011194647497606677 0.00082900820382514806
-0.49726248563837655 0.50274097253578409 -0.49799612705003465 0.50161015199324133 -0.0018446318333988625 0.0074300392701804911 -0.012839324216917303 -0.0036714102092616813 0.0082945477161926809 -0.0025100379155636654 0.0075241151916673205
-0.49448207227621865 0.50039587183106349 -0.50677634011369732 -0.49792086250056306 0.00068048911280714443 -0.0028493030197777307 -0.0065399396468825118 -0.0091673289617334227 0.0057443301064345935 0.013179520337694138 -0.0013849298884509569
-0.50535698200429791 -0.49082628479258089 0.4998886886973643 0.50322658081031801 0.015310799911169669 -0.0048828001545138172 0.0048499403037443106 -0.013415997833420857 -0.0092602581880385001 -0.0043072608467864919 0.0034796618815128738
-0.50897197767114599 -0.50234974696861767 0.49726905410018324 -0.49093809261397159 0.004185299208760429 0.0057067146170161941 -0.0060725753493774248 0.00251745072203279 0.0058399157704242029 0.0061993001090992371 0.011388666831806962
-0.50244906643793508 -0.49374382206240852 -0.50198940618416388 0.50109693206881856 0.0010966142797268665 -0.019943691286556993 0.0045230163448308144 -0.010540257296896612 0.0018144341508792899 0.010559125128364277 0.0050178860513049248
-0.50716289651039714 -0.50037139407012332 -0.49473988644473288 -0.49698202906484973 -0.0050226274831444376 0.0037736602693952642 -0.0070177632316685903 0.0027514295182340946 -0.013816821570487145 0.013548841951431904 -0.013594469698170589
0.5036893789647966 0.49718204621954998 -0.001164106319635542 0.00097257494696414266 0.49669740807942009 0.50228373822899597 -0.0077411989465892578 0.00050810645184587997 0.0040372814570819949 -0.0047381753273872613 0.002918600185954134
0.49729525614596326 0.4959607222507823 0.00078667927975731755 -0.00075464898796232297 0.50293440661527433 -0.50322591443903841 -0.0037962038665016189 -0.0037598174342398181 0.008356455949644348 -0.015579548291415795 0.014098349102525814
0.50314041029501289 0.49898221998135811 -0.0013341452341353213 0.0098894347536269932 -0.49828315565434078 0.49945068572745799 0.00027964884164927378 -0.0001264922205546973 0.00232754590330332 -0.004673967933031359 0.0015628419581207678
0.50364767305338776 0.51023302338170662 0.0028661444605496199 0.0017386132241818722 -0.49277424353929239 -0.49298682083849921 -0.0023145959159947939 -0.0063006783108281164 0.0056046935536204923 -0.0071440080050067705 0.0002824196347001438
0.49622141549955806 -0.4975030588324289 0.005730601018581305 -0.00044285819442895424 0.50120775127588657 0.50494640974210525 -0.00015773960062510464 0.0029062342945596676 0.0028205446825427974 -0.0022895654875599541 0.0044968909392749988
0.50178013918547415 -0.49646321833602142 -0.00028228438828988906 -0.00074442131203614995 0.49776673620348372 -0.50382198205930906 -0.006087775359046985 0.00046120923548145185 0.0037925161859504435 -0.0089384694387694696 -0.00068153967703336665
0.49705655952311101 -0.50471137981270309 -0.00030101626530195573 0.0038385198909819743 -0.50372202648880271 0.49396904787480744 0.012413488010607711 -0.0043804063343603622 -0.01548471256092466 0.0024197979399038713 -0.005114710072145227
0.50203543607578671 -0.50480138469917368 0.0077552726174725329 0.0023869157621270042 -0.49446108042893722 -0.49819868182827765 0.014286899740576819 -0.0041485717826663538 0.0039386061849713688 -0.0060985385856857808 0.010120461046046523
-0.50602528444599082 0.50209979294100437 -0.0008452182470014833 8.5771355131354719e-05 0.49501079280750832 0.4961920393378404 0.0099516569601845895 -0.0077226605137101145 0.0065755917606425632 -0.015962828478702066 0.011599030971373674
-0.49903545938909677 0.50551699038173481 0.0016019545952096427 0.014805536063764392 0.49875733973200037 -0.49582924682131668 -0.0068228978434680598 0.0060254848572672695 -0.0049591512134337223 -0.0043570040343796964 0.021504686546155539
-0.50841474623671135 0.49968360709102716 -0.0030356153266320692 -0.0057801728039223715 -0.49790410067050123 0.4936941209557259 -0.00063275587680336216 -0.00025568674867058969 0.0085661833627771675 0.0026428893873829658 0.0080563395736934738
-0.50569060555118028 0.49258315272660125 0.0036252256450343872 -0.0060477446020504545 -0.50238303689146757 -0.49881966042551734 -0.0042137316784985161 0.0029296648785499899 0.0094749364666002322 0.0061829616190632467 0.015000678042780763
-0.49621206384455946 -0.49347655254919104 -0.00085930134389855702 0.0067880790912727036 0.50525693772152103 0.50460781659706866 -0.007119563937277665 -0.004672578810438908 0.0066215298037099269 -0.0089413083855734311 0.0098857898098950008
-0.4988607892502181 -0.50216104571413156 -0.0020867340986200434 -0.0053492580805685084 0.49638953714811651 -0.50216011402412364 -0.0014052224059216733 -0.0033335698884050156 0.0086938414834106595 -0.015609417471167321 -0.0062889789431125106
-0.49583055840385037 -0.49782625256136992 0.0018764049095527384 -0.0013319222563841905 -0.50902958860618797 0.49682869372689326 0.0036231180250238916 -0.0055048297185609045 0.0082433602234135255 -0.011963147524953435 0.010555173776911082
-0.49709153586201765 -0.50218816579183123 0.016378599656512619 0.013063077951813468 -0.49939372373152868 -0.49812184201924797 -0.019010939690001963 -0.018766161590287728 0.024527729724696485 -0.02883050275404914 0.024541713843446861
0.5064252921843817 0.50568710804275285 -0.0025900522090219953 0.00020461350961237807 0.0083796246932771722 0.00042721557032308584 0.49396164094011857 0.49351894329335227 0.0096282957222705093 -0.0072964537213333069 0.0056417116178364606
0.49528058980474454 0.49497531756903318 -0.0017526249539361032 0.0009975297790169842 0.0036753131921173684 -0.010269436844510541 0.50622232044806736 -0.50291755021924611 0.011489413867474279 -0.0084752136138112472 0.013512972466295996
0.50232902935018886 0.50114385165570652 0.0063612223344105302 0.0047056333824907742 -0.00072459368165900175 0.0027866577748433632 -0.49849791592780984 0.49786402338272934 0.0071583618743002175 -0.0029064688312260881 0.0045869290495472266
0.50192120040851917 0.49742438688720692 0.00094235252476813805 0.0024368245136936286 -0.00039351861598290198 0.0075654022419654916 -0.50284554005498883 -0.49769219105338541 0.0048267342085923032 -0.00050097885268390288 0.0022735586067469458
0.49742783357006032 -0.5101189332982784 0.0056160749116051971 -0.0015183924695299029 0.0074132847296744086 0.0030254463309675006 0.49647749839336985 0.49538254690234479 0.0062643877162328748 -0.0080063997975829311 0.015784459881900546
0.49410517282191013 -0.4972931199540912 -0.0002835114535859421 0.00091669718397162608 -0.00093384814212486475 0.0030960875043467805 0.51035718459756829 -0.4979016322876253 0.010635148413768275 -0.0046901206014622479 -0.0065312767680231485
0.49375472202766596 -0.5041095778311695 0.0019631562185886452 0.0035219845581869881 0.0064012225125017579 -0.0060595194942764186 -0.49804526960137291 0.50362088265703375 -0.00048992035995499791 0.017270298392883666 -0.0020661513611118696
0.49891292920882896 -0.49764298888992037 -0.00061259327149457458 0.0098526968353882458 0.00069771533717623952 0.00076646735422139143 -0.50399074937561827 -0.49928455064649258 0.0042070903211688963 -0.0029061432736743075 0.0045756141079508917
-0.50751538164584364 0.49727117652574004 0.0053834454755148156 -0.0026041665226940475 -0.0013323706697623179 0.00080262554562587668 0.49095459976047534 0.5039304365527687 3.9023610706383503e-05 0.00079040645695335982 0.011331444140278204
-0.49686557734451819 0.49862977501324013 0.0023889202961488946 0.017210255270995206 -0.0091760853170529399 0.0022935822847073924 0.49790982926523902 -0.50584898970579051 0.016388656126201821 0.0023472545176712483 0.0054852997662501101
-0.50304336719098797 0.49812764597506143 0.0017784958900078744 0.0019195269705221082 -0.0018216675498228007 0.0023162237548039755 -0.50159078431338122 0.49715531749877606 0.0017698744768025669 -0.0013942560934460527 0.0062359452203551964
-0.50157962066796002 0.50300053014711188 0.0038061984335543012 -0.0029809886851372355 0.0014109194681664204 0.0020632081477513424 -0.49799476145940491 -0.49690573422914797 0.012285931217583489 -0.010850585594663472 0.013998549074746599
-0.4982675882036377 -0.49923996508555152 0.016321440537913151 0.012927769012905339 0.019231302560570394 0.018219079430261707 0.49766685834664515 0.50149976535496654 0.025842188216646883 -0.027267268806640904 0.027711624511326666
-0.50234458502999624 -0.50071339878374321 -0.0014639216912006349 -0.0016647920469220752 0.0033201395082492879 0.0021874770197809488 0.50296734335700244 -0.49350180753499973 0.013790689463113482 -0.011878140066389443 -0.0079894516027080534
-0.50097885858134272 -0.49413483370470801 0.00070128384158846019 0.0039620085392173725 0.0048593952639920598 -0.014263286023896893 -0.49984131113123492 0.50423803079090268 0.012609102454020854 -0.011419219407636749 0.014865697665354619
-0.49560955382780475 -0.49068579008258056 0.010036491056872971 -0.00038053809489031618 0.0060335071109573661 0.003944298265393646 -0.50308409661917686 -0.51020027209971874 0.0035148090452640796 -0.0028052653722159203 0.0052573366454776484
0.003418915798778197 -0.00088108357067006704 0.50179755013485527 0.50193031283981171 0.50020118753211951 0.49593513348023954 -0.0045152618051643219 0.00043698852908795701 -0.00044352532679773981 -0.0088869749162634026 0.00027608524278395692
0.0078333384124226937 2.8693722303238015e-05 0.49903983672550639 0.50049217570148463 0.50283602454306076 -0.49730733072764766 -0.004655256387825029 0.0040427822237765233 0.0092850746559880182 -0.0055343589444929583 0.0095893375367643481
-0.0017249399022752948 0.0021521985167764065 0.49488344514344984 0.50034869374177615 -0.5014048482311404 0.50319159938413072 0.0042166073960891726 -0.0052334847605797789 -0.0069381072719517413 0.005430977835110983 -0.0015948366184314327
-0.0039482030409477252 0.0077727696134756155 0.50850608317363366 0.49991857241438348 -0.48924914562292154 -0.5017929252629556 0.004672523367320592 -0.012642545818838823 -0.0052287047718423754 -0.0071991801394332916 -0.0022977709794560416
0.0077745338993146446 0.0063817789592474725 0.50029482812138837 -0.50012790124147977 0.49624147488872955 0.50300016447169305 -0.0032393101270607257 -0.0036007361782344678 -0.0037832819124453358 -0.012741827716822902 -0.003332294965421216
-0.006089815078561692 0.002945407272898722 0.49811789203691487 -0.4918752787120691 0.50315925878268153 -0.50656819964034439 -0.0016143577104659698 0.00051308368091093582 -0.0023174958072385353 -0.0083300661426962061 0.0057709421149100609
-0.0073056372917662087 0.0043859656445643961 0.49933413991751707 -0.49746296164888915 -0.49597344803580018 0.50699769044012333 0.0046756274157203331 -0.0019861586242295279 0.0027009978879447001 0.007316561956695701 0.00067558498159030829
0.011903388216914841 0.0054608288266863921 0.4949213823966927 -0.49397759339586822 -0.50423701658306874 -0.506416066042229 -0.001638048544345442 0.001555900817666486 -0.0069666464709762024 0.0099450141012228325 -0.0016458522599803076
0.00096958411987416106 -0.002804457560189896 -0.50308079332087285 0.50156199735540719 0.50092728725937963 0.49418123127000607 -0.006013765505817649 0.0021940021724046513 0.0034834442726273977 -0.011753004909114772 0.0014107213961335751
0.0092225135889763849 0.0011471977067674093 -0.49644866499982343 0.50404443372142282 0.50083534953630304 -0.49834771039502263 -0.0051801741448876219 -0.00060125632419167805 0.0055299676318746891 -0.0084179972952081444 0.0087426712132707661
-0.0027361949904837609 0.0039002435109618413 -0.49783815325236663 0.49711340731877712 -0.50030764417134743 0.50449635455320063 0.0087322506745531239 -0.004080386354369722 -0.0063559224609726524 0.0070893202097668719 -0.0022059528451823019
-0.0083411281488766434 0.014233528413705041 -0.49678188087506758 0.50108987962279539 -0.49371448242350396 -0.50746181994054962 0.013177319752465225 -0.015933086056666882 0.0066692586161873728 -0.0057993003980841848 -0.008211144202553939
0.0016296080656717519 0.0008806294559043779 -0.49211018134359813 -0.49470570389309465 0.50521474676209721 0.50773093348232146 -0.0068363755328302188 -4.5126244892348121e-05 -1.3351604723981763e-05 -0.0027226198737279497 0.0019007256920863021
-0.0053472306985964052 0.0070429171234054795 -0.50236658634094511 -0.49046405028958917 0.50115932757222181 -0.50578946183685469 0.00078574871296121043 0.00059058310519061641 -0.0028872081992197735 -0.00076946813336443466 -0.001042681270107854
-0.0092536580112548544 -0.0029340472668017599 -0.50643976564964677 -0.49551581615762941 -0.49253309459962746 0.5050049237267934 0.012905710387329421 0.001363384590783069 -0.0079992019045678694 0.0032517156201650401 0.0051770221650825187
-1.7478777777701027e-05 -0.0044444686740911319 -0.50001695427830994 -0.4909460270346423 -0.49924593809982609 -0.50841972105469901 0.022474196517267467 0.012735910549791927 -0.0184803244577753 0.013556021643311524 0.0023642880194786596
-0.0053468738650992668 0.0077423859563435617 0.51114558904286733 0.49979592885251722 0.0044164603411950719 -0.00077518451974216039 0.49808315654453889 0.4905815095626655 -0.002345157812647308 -0.0022290283312235452 -0.007619709996793198
0.0076172922484596438 0.0014450789706886569 0.5004025430071013 0.5020311307541202 0.0028602256342524709 0.010571804838689644 0.49561690744855297 -0.50164965383057381 0.0025428859317115568 -0.0050366234975000104 0.0078520940385109952
-0.0032376214537020733 0.0031353795263486767 0.49431159072555114 0.49958200549016507 0.004746771831872546 -0.0017715285555928604 -0.50324966612281663 0.50272196015293491 -0.00015888825392565341 0.0035757844432648608 -0.0050478667280072663
0.0052579282073609178 0.0002921524317683992 0.50105170176417657 0.50164714987978942 0.0013387757265527205 0.0029413792459048317 -0.49690822256540662 -0.50028238401180547 0.0074564778548804733 0.00028783208455987122 0.0017962926706856471
0.0012277635463649671 -0.00084218564431600611 0.49261280815957742 -0.49228081824475106 -0.00032298699989323374 -0.0027971983666809186 0.5135320746653077 0.50092307409639847 -0.011819075777114595 0.012265549417566576 -0.0072677217298788678
0.00430497810791891 -0.0033981754408413524 0.50223225919032566 -0.49773175860223806 -0.00316306793252114 0.0082105311575466459 0.49736468078646057 -0.50247816765391362 0.0018974894641016612 -0.0063901120437689094 -0.0042411546756798519
-0.0012977401418254948 -0.0025873697548606592 0.4966950201915879 -0.49289018604055523 0.010675267936912251 -0.0052667568807359911 -0.50832693765045756 0.5016859679967216 -0.0092511848462019583 0.0050078319658557512 0.002737500418017522
0.0065196339054940126 0.00077974458727519047 0.50088366661444328 -0.50065659295955112 -0.0025820494897844074 0.0082991947027556915 -0.49948997852552057 -0.49855024038446738 0.013109707312030924 -0.0086627640808242586 0.0070980604870853137
-0.022575144028646008 0.0078005010750201165 -0.50101735677419612 0.50064264409279047 0.00039696440670701629 -0.01734046206241379 0.50208112237934244 0.49523700682781463 0.0027804323285075538 0.010464838468230602 -0.0021970314041963603
0.0045843218252070604 -0.0012845628264504074 -0.49644114411747925 0.503965426714441 0.003948887257559615 0.010702909410740371 0.5015419497082344 -0.4976401603818042 0.0099551737934170086 -0.0072277919429483729 0.0084157003028467094
-0.0066478827874276464 0.0044037838967093809 -0.49825700997064898 0.49665692766731423 0.0096569283330508789 -0.0033474156064389766 -0.50469622858409058 0.50015215879952113 0.0034925882378641329 0.00092106121507305576 -0.0045041620474376674
0.0081958635221535594 -0.0033112765497330791 -0.5067860715972291 0.50338658298959094 -0.0028666584787202872 -0.0010296451652190329 -0.49082958563438828 -0.49863369529357021 0.011425504361911273 0.0014338878706110334 0.00075410168634324935
-0.021893548452547797 -0.013285334582257688 -0.4995871217051297 -0.49122162416592791 -0.0017793209978151593 0.0050401835655913066 0.51283215646103475 0.49472183227359928 -0.002605690367079964 0.013698064997446588 -0.022106291642685617
0.0079553107515674699 -0.00036339066013197019 -0.50414055164759364 -0.49848290451356947 -0.0024183191817225801 -0.0054154886568064048 0.50006837110683988 -0.49717346762055314 -0.0011614976053140273 0.0023699537005484341 0.001305695473561929
-0.010647197420504156 0.00085804488579703205 -0.4978758582923572 -0.50328306541046997 0.00062784831098462647 -0.0088721677203400101 -0.50134655844712073 0.49688276808621823 -0.016776294980087599 0.0079588029125216529 -0.0068508166183758263
-0.0015132978266438951 0.0049525598686905462 -0.49148995633803572 -0.4941802867267216 0.0014566617841171453 0.005914884831495406 -0.50578284190692269 -0.50821579976136411 0.0077379309788185701 0.00017374967890182777 0.00023092105255901457
0.00098823402448782556 0.008636852720082978 0.0064623951770321755 -0.0014619576629962734 0.50364543248842242 0.50960085939089939 0.4931970987385495 0.49316667571248318 0.003990151984845325 -0.0068613049174027791 0.0030039445938473499
0.0031558342449368054 0.0037067328020321342 0.0019545579167295399 -0.0030402973115164944 0.49564800885816479 0.49920649552577534 0.49933976021399212 -0.50536178313760516 0.01256515422107576 -0.0098560932118839217 0.010169051921546157
0.0013550103417422068 0.0022674978857912045 0.0011276132543494004 0.0087204858606407549 0.50010324446566423 0.50366151702857054 -0.49926527172427365 0.4967917879288557 0.0065366485406703843 -0.0036255160503611602 0.003709570079158668
0.0092099292977913354 -0.0014810339477493472 0.0013569109061680597 0.0045201947617432405 0.49784604987195052 0.50282268639643735 -0.50156451209244934 -0.49762302795463137 0.0032653778901652599 -0.0016999996457822246 0.00042025232380804854
0.0052648988244801652 -0.0060856901559991705 0.0025636461636347101 0.0035350315996329159 0.49778882436861277 -0.50281989361543256 0.49976748983708863 0.49928804410159394 0.0088985974015377035 -0.0096752175934110198 -0.0081072592073745745
0.0057645173835298748 -0.0093918014283793979 0.00020468325815340199 0.0078045874765565364 0.50588058249310286 -0.49828356303073529 0.49799873611379752 -0.49697106687269632 0.0091959403085782286 -0.021211313405130341 -0.0099232242808763305
0.00069935552862851913 0.00091626559601738506 -0.0025675184881712087 0.0016468023695835046 0.49622377353074149 -0.51060517480688294 -0.49341610090935539 0.49945630441027117 -0.0089286874861190333 -0.0020886463707636108 0.0057928177660554235
-0.0093999985397855337 0.004845309454698004 -0.0040821873522862611 -0.00019772949635047394 0.50254547249968129 -0.50218727412138842 -0.49704389869109195 -0.49762167063063073 0.01478825152311969 -0.010527959607505501 0.010860700250900893
-0.0094599671808603333 0.0069016902722000466 0.0029347353547714409 0.0011643577473041933 -0.50803908497382899 0.49924939722629558 0.49924653382687467 0.49275739908625976 0.012750683324959997 -0.014374820041909759 0.0085477208071810147
0.0005179560526427456 -0.0011678878413299756 0.0018182345702660507 3.5611419404238405e-05 -0.49763760541444391 0.50128407915069639 0.50136082973660689 -0.4994309257336137 0.0087824930512464938 0.0079064801134160999 0.011513921856436
-0.011969000710652778 0.0057883451653319958 0.00063495409807438668 0.0039123748645611698 -0.50658872438888736 0.49857378204521408 -0.49277187282219731 0.50148392161090416 -0.00040163878478954846 0.00040129893930105747 -0.01700034658822383
0.0025282724467766116 -0.0010986360925238391 0.0047535858740241502 0.0039138702579799992 -0.49675008823255323 0.49836998035558333 -0.50484711617051647 -0.49989665888310031 0.0039638398862714835 -0.0053829956283627757 0.0030380030754050395
0.016976089631444199 0.020065800009918252 0.016776556234660078 0.015310152601447203 -0.50083121383572515 -0.49832441427052937 0.4971806625920307 0.50029697862346112 0.027214752501510762 -0.029833521435495017 0.022756010164473362
-0.0026956405286068514 -0.002630483396200485 0.0050105602456607589 -0.0066301657430862578 -0.49798482352262435 -0.49790148260065353 0.50640443297071569 -0.49738579534378946 0.012134905670246174 -0.00037683672205371767 0.0060416346291173378
-0.0005645714043422933 0.0041490669302339661 0.00089999239324112083 -0.0050133439738318433 -0.49690925992499185 -0.49865763918482703 -0.49817096512089187 0.50561428891573013 0.016875700563611169 -0.014104258372436751 0.0086272917565411687
0.0022952438121170019 0.0043037567615555276 0.0001304918712032622 0.0069016974773357647 -0.49085778835851474 -0.49413227194670961 -0.50676904523705368 -0.50791278979108112 0.0045273278073586333 -0.0029522506578139856 -0.0010043809526416312
0.50381219912775477 0.0022181943680107744 0.50010683877232676 0.0041861287319548785 0.49838503981150578 0.0069664443770718733 -0.0020411374723753963 -0.0028408839344463122 0.49750316974810471 -0.0085324969789934858 -0.0036537966825491634
0.5075015348377151 0.0024602005781679047 0.49728655068971211 -4.1827707894717723e-05 0.49815047536821083 0.011134742968781086 -0.013267162877901613 0.0016947099297147804 -0.4965601031887123 0.0062471076508312856 0.0086309679720224606
0.50297329099672383 0.0044965718614200737 0.4976658930156373 -9.5602594177188961e-05 -0.50026588923301274 0.004500066696373756 -0.0074578215968712979 -0.005024549306342314 0.49878748150768576 -0.013027591288812678 -0.00074404426811322717
0.5076084082213187 0.0067085964701826427 0.50165414996052615 -0.0033562177248844501 -0.4943734735776969 0.0030789867398681274 -0.011099388578093875 0.00044957620742766368 -0.49590305593377071 0.0094929303279218339 0.0085194819986372256
0.50475889591396339 -2.1095191414223966e-05 -0.49733370786776404 0.0049604028041750799 0.49882063698282447 0.0049804227414562028 -0.0049040721000523741 0.0011006004160506158 0.49888890192781193 -0.0087923952061489379 -0.0036739022795365963
0.5043700194257742 -0.0044052276732749933 -0.49742347974056733 -0.0009569398309617113 0.50046732298059649 0.016443620123766874 -0.016632218083565634 0.001713816464046439 -0.49699067555435916 0.0079729259746396421 0.0089242672847485525
0.50214082526727288 0.004767432906826791 -0.49600900712764023 0.0037370704434383944 -0.49804696868835369 0.0045864011207150061 -0.0087515642372349711 -0.0017254690291695688 0.50354601305390756 -0.0074976549167395899 -0.0051744593466814121
0.50831554174349913 0.0076742018775789742 -0.50107735985456314 -0.0050707019370583211 -0.49480179793612017 0.0035847448342717896 -0.011143221752494209 0.0093426426835094695 -0.49510326868471266 0.0072431287531000048 0.014810418444443661
-0.48825996923170667 0.0048169521918146703 0.49729792978408238 0.0039815371165672318 0.50562843316719031 0.0076511151412200825 -0.0020614289488678035 -0.0013465137719749828 0.50710957704809523 -0.036841811663091133 0.0039697623243567298
-0.4922491814887307 0.0075974382012863884 0.4965504213156306 -0.004530631503153605 0.51262693599819242 0.0085109863479393422 -0.010576196218522045 0.0041084298634338403 -0.4979796384584525 0.0063915128197231134 0.0061689098440542113
-0.48909558639170525 0.0078181328919305453 0.50321879161638627 0.0098250085509507899 -0.49965224869419955 0.0068999789064873758 -0.0064985429123461851 -0.0054487311765545193 0.50583779338509072 -0.041689561556249116 -0.0041120939201206141
-0.50626776684970509 0.010840521721684959 0.4991470778658576 0.0070905283523902043 -0.49360993109142126 0.0083708541966677468 0.0062659538335203451 -0.0030634057257989912 -0.49975801205173187 0.029109972454092189 -0.0015515776334605739
-0.48664712219559825 0.0014616205725200349 -0.49505390536786031 0.00094518913076413892 0.50284197339309855 0.0082299212477829949 -0.0037447924729060011 -0.0075668639160980369 0.51231154897717412 -0.047498643895434248 0.019618165675822519
-0.49463896040216315 0.004673984352053435 -0.49596965387224939 -0.0016470410547857561 0.50982121144447001 0.011088964441230541 -0.015763371698060268 0.0040969620552020304 -0.49899181209383248 0.0041752989134407519 -0.0023830656699204865
-0.4898446372348701 -0.0023458214493418971 -0.49639502851856038 0.0070858488898486709 -0.50463235001333162 0.0050977122598951851 -0.014713434749462994 -0.0097765217628806855 0.50704400275251715 -0.038768645898769945 -7.3343346115651431e-05
-0.50488973446913676 0.0066760946337785206 -0.49696500823844719 0.0077587419410718086 -0.49216548986904657 0.0082156774271292272 0.0075050001726895211 -0.0092317965507639609 -0.50471058039372507 0.028904567910808858 -0.0017906484646453959
0.50131995099498927 -0.0027091003210536939 0.0025530009931744213 0.50205264301329966 0.005142756312413772 0.009607336911834987 0.49430798316249253 -0.00029459681475396151 0.50183142414413329 -0.017687105525791762 0.00087378958054310266
0.50201436145592504 0.0073246007184837678 -0.00053256051612024643 0.50839707879784624 0.0029496208787541593 0.0056617077140372098 0.48957201452194776 0.00039313179378497337 -0.49969616183267923 0.003211381055447206 0.0056412315659284109
0.49983892293724347 0.0029311425744828622 0.0013546624563032237 0.50218109585381421 0.002890317669918306 0.004971826077728044 -0.49818650019263677 -0.0017319671870223115 0.49967256286033013 -0.0080660859742257736 -0.0010853032649088654
0.50314961412942683 0.0008237790869088297 -0.00010094001888431377 0.4993697998613813 0.0011877018864287386 0.003019003663800689 -0.50452468235084136 0.00080293094975129604 -0.49269805536882266 0.0047374890299011823 0.011808370005777447
0.51130951291635474 0.0036717230096613507 -0.00060288428348637211 -0.49011553315383993 -0.00023670306238634864 0.0046768160720050871 0.48853098897116293 0.00065346210906330878 0.508281427418804 -0.031514148339365819 -0.017534745621600022
0.5039284318145637 0.020606892430835775 0.0012297832181816638 -0.49981727937471027 -0.0003166770466396338 -0.0020620837341729782 0.4944339155601592 -0.0060368819796596633 -0.50115007041345794 -0.0074612169250053186 0.0099955168789053108
0.50244282868185375 0.0032002902888055075 0.0013366247164540023 -0.49036072210531112 0.0019838817212090255 0.007962646452789636 -0.5036624820062785 0.0019237937898543157 0.50318925925571245 -0.011617100648826527 -0.0020527427227173445
0.50640737229650035 -0.0094373170201360185 0.00089475644248578642 -0.49445361217381789 0.00012706141861928985 0.010640591238407422 -0.50947232593061464 0.00068805891853347049 -0.48906352890111565 0.0047880743391182177 0.0097730012056486612
-0.49103660987752651 -0.001533814364882874 0.0040266670582595225 0.50434510259512688 0.0036591118914554681 0.0043834125397219648 0.49008110495931789 -0.0060051257335609941 0.51328223521680449 -0.023740653153841475 0.015168145381479186
-0.5037933032680062 0.02325098586793739 0.00038483845327180743 0.50928857989915555 0.031028164475488604 0.0021020687144543467 0.48022396844924403 -0.0016830676514148636 -0.50307441873882042 -0.030462696797968165 0.02607275518776583
-0.49269898960585679 -0.00062944547432770641 0.00088637878112184315 0.49998580977723656 0.00043848984053232627 0.0046125805736047677 -0.50430334208750971 -0.0037660354914007409 0.50280842843282825 -0.0091265939519942201 0.0018950822468177849
-0.49150422785327263 0.0091797147696736289 -0.0056745283124331964 0.50442051901231977 0.0051429806438949843 0.0055710233170552653 -0.51034389742651654 -0.019671599023405435 -0.49282329449206114 0.0077658457582521221 -0.0060503399245045771
-0.48694385143933777 0.0056497379548304067 0.0030510698170998964 -0.4930198751876802 0.0059065722284293342 0.0071906644903763041 0.4916749639065584 0.0012789913208906157 0.52632492875237213 -0.029285546747886183 0.0082332601217298945
-0.48199125851803315 0.036993776076467387 0.0034884345584596716 -0.48796813780863518 0.0030850133014092072 0.0057950004691994612 0.48728255408341625 -0.046463351683455535 -0.52475636181261476 -0.069658029595462662 0.09123104899402823
-0.48998017168143032 0.00044192564726977095 0.0008893740835066601 -0.49247221484526515 -0.0093407354190059473 0.007022397464372573 -0.51000660876045811 0.0026842816773022657 0.50699036667456054 -0.0065145806037035514 0.0075750423674178467
-0.49693034592452662 0.0032067973579552552 0.0069449794343895456 -0.50239268120515934 0.0061384497431355364 0.023054464381032879 -0.50568215309537734 -0.019025394801013274 -0.49365496703652717 0.0055536272968995538 -0.015219892461464468
0.49681759748403864 0.0015429358101883778 0.0010891358290018437 0.0064947513400625927 0.0020974206077675932 0.49799646570091849 -0.00491751753584551 0.50130708225267639 0.50370125517352449 -0.0043280482160940863 -0.0074153882896569089
0.50642503872667588 -0.0020745812228416495 0.00075610210882116283 0.0028550162813615831 -2.254399131021723e-05 0.50492047554269304 -0.014824830011755066 0.4995472622103318 -0.48854335813986682 0.0084066776058018006 0.0079648318825031681
0.49920576713304382 -0.0020534123218214056 0.0011650701632002513 0.0055202271946101517 -0.0026917155715159985 0.50089529707891711 -0.003580222562134095 -0.49962332208690008 0.50004485163408774 -0.013144930425684136 -0.00053524320511827319
0.50413524378274588 -0.0010707060528625794 0.0012795142603908799 0.0010669471262360311 0.0035325770858953168 0.50234156487990755 0.010389174840457158 -0.50097522434062636 -0.49219997109386943 0.0025974447499493929 0.011512536811805368
0.49824735098511252 0.0079068766345407326 0.0041679505698723612 0.0035837485623090794 0.00938026894315056 -0.49421026613178354 -0.008776598653797511 0.49518665501377396 0.5109106843899841 -0.014550390907984512 -0.028227178213945991
0.51274151198563667 -0.0052596358530489669 -0.00099437391034075157 -0.00042636241576073103 -0.0044884703814973446 -0.49943364059922563 0.014049120246048459 0.49955472649775812 -0.48711897676596683 0.02398044492735359 -0.00096851125820848652
0.50628544503788475 -0.0009958086363101408 0.0033877370318954728 0.0019537996677310323 8.6999371495705954e-05 -0.49345599484350494 -0.0075922208584696203 -0.49745392721441989 0.50248266009825204 -0.0082516867897347058 -0.0092179414092144942
0.51138276693612394 0.0045489884023555303 0.00099985800682485379 -0.0035223156590295378 -0.0017951723664404822 -0.48987990234446993 -0.0045516802188319393 -0.50683125427048081 -0.49109044626335924 0.019630967662663031 0.0037663239451313697
-0.49558811792217006 0.012208864701141397 -0.00036249676138019226 0.004588070981903199 0.0064466489395465067 0.49976815747137371 -0.0077254956917249974 0.49498066945325542 0.50920682340289891 0.0065275961395925433 -0.0035586184739780781
-0.49876238927862027 0.0087753038963559408 -0.002745797118757796 -0.0073383537263530738 0.0019002713209349069 0.51251287522959887 -0.0012476352004004313 0.48991822701719268 -0.49788756352508956 0.013400054704120506 -0.018210184015773005
-0.49323588762592235 -0.0020476972543505925 0.00066542933730969508 0.010647124792474818 -0.0044043143450240105 0.50878201116781763 -0.0043732763721256625 -0.49724450687009863 0.5003108247601683 -0.0044754844507977013 -0.010938586127602809
-0.48797953484709233 0.0023819571026706767 0.002841077528130803 0.01862169213780325 0.001765587573854415 0.51342351908979755 -0.0054650400566129877 -0.50568683545470405 -0.49197205268806193 0.011091330677265625 -0.00027018481989830623
-0.49381711971952713 0.0090757207361388086 0.0060773659759584577 0.010583779269289141 -0.0020065473859763468 -0.49292477798900985 -0.00379162008749237 0.4935398714898146 0.51892079190982898 -0.0076842434429697714 -0.00080796633037589691
-0.44272036190990488 -0.0035432227163547489 -0.00035943638751533496 -0.0058000483649439053 -0.0012696374223204036 -0.44370340609512737 -0.03478060062252146 0.46361776391768827 -0.58586373553966009 -0.14923200033867676 0.15943777677427268
-0.48585848833250628 0.0051564002324564918 0.0040482612363401636 0.00085178442183821352 -0.0033098787111792011 -0.48326283776739781 -0.0060229955995598173 -0.50283641090566322 0.52674058895057507 -0.0027422128376824255 -2.9057661723822144e-05
-0.50760422582267473 0.0034334763046512135 -0.0005529664814059572 0.011124167308399857 -2.4566000351177466e-05 -0.50727962563849305 -0.011419276613237829 -0.49885648340622979 -0.48548621781842782 0.011657816241784934 -0.0069660476460279997
0.0045948155249399651 0.50075198315738167 0.50248165161081104 0.0037874628643724205 0.0051411477922485814 0.0058171954433125089 -0.0025048885197097282 0.49342206930612764 0.50289720773950974 -0.0089532236870232054 -0.014371432736289179
0.0073100773548564271 0.5013475052926194 0.50748806975542382 -0.0067536082033276667 0.005341830371103546 0.014988589779007811 -0.0010063236879177581 0.49462022078260104 -0.49596426352998291 0.0099945812907135355 0.0048660779275991484
0.0080096550999651291 0.5032518476708463 0.50068113509445666 0.0024765821592599435 0.0067538683980776434 0.012153862316694927 -0.0030004351258051858 -0.49945728514056209 0.49620076208511671 -0.0054567741303364189 -0.0089891415695306318
0.0017030088701586016 0.50584522793040554 0.49944260635194115 0.00095110016094734245 0.0050798381961825153 0.018533134389787383 -0.010057594923065773 -0.4979609990718914 -0.4960960228105552 0.0098424123577087533 0.0054911694105975548
0.0055831479147142012 0.50087871152995733 -0.49792110849807292 0.0028268856269122334 -0.0031528858698359522 0.0029175038840984157 -0.011347290418585912 0.49613255108345561 0.50409843741377491 -0.0065920993330613863 -0.026504925690996398
-0.00076577789233722368 0.50279865448135463 -0.5066890832468891 -0.0084068426296976893 -0.0018567404866332194 0.01951527916916538 0.013811551586802411 0.50175049245142245 -0.48789868626660277 0.0036644994289851255 -0.0011219161638920732
0.0073913997794774278 0.50198443734170906 -0.49666663471087225 0.0040570952223991825 0.0062882888418458712 0.010112591541195762 -0.0027490033243127367 -0.49773935840073347 0.50298385038598992 -0.0008417309162156749 -0.019377578657339096
-0.001075104699877108 0.50570684043467751 -0.49710741987353185 0.0003077757721605757 -0.00035194708119144086 0.019182221005438836 -0.019251127262723804 -0.50112399398776597 -0.49501368033467325 0.015082715534067318 0.0036847416827599892
0.013137299824219927 -0.4942962489899021 0.51161069220864563 0.013003783357895265 -0.0028768576868456455 0.003657331949507688 -0.0028253565450975316 0.49324623743002982 0.49961269891739379 -0.013431361744685143 -0.021663209839405131
0.0054493840133794371 -0.50502809072429056 0.5095022420599048 0.0058775741884131106 1.2274038924216751e-05 0.016596081552642857 -0.0011849914360366979 0.49255909488838706 -0.4919260336553733 0.017519131484433733 0.010020601750468115
0.0012476906215854241 -0.50156641772593025 0.499435657688519 0.0075692781598706814 -0.0028912480374264685 0.011602939181122856 -7.7415436336556272e-05 -0.49911903510923261 0.49956833100136988 -0.0074500531357636589 -0.0070339455122742627
0.0048891233957992367 -0.49904477905299355 0.50200238223625893 0.0052253955353954362 0.0089780217125455808 0.015313525070943614 -0.012111429471004175 -0.50055325813029394 -0.4976739990618298 0.0095764047873053183 0.010499128511041846
0.00028647137781725752 -0.49459148837532357 -0.50281071983716719 -0.0022032031889412376 0.0051791787881790216 0.0094756948380355713 -0.0033737969248987696 0.49515281371069542 0.50690377161043287 -0.016414573786848765 -0.0055251652456180826
0.0085649957582937964 -0.50330139203641355 -0.50524384104718756 -0.0029695020844769382 0.001543371414039122 0.019616410082985807 -3.685362777847491e-05 0.49630482583565633 -0.49411165186449774 0.020277841314795673 0.0084267645425821734
0.003060744171050601 -0.50320002532008834 -0.50261148820388191 -0.00031319381173916853 -0.0028193221320933553 0.012621456513585908 0.0049661068790491534 -0.49717458788834668 0.49666717656512194 -0.0023964526053512052 -0.010171043926132634
-0.0084634957254561011 -0.50162194847940944 -0.49924533545505095 0.0014700049655810782 0.005720907723786332 0.014033492005719036 -0.017827999231223687 -0.49935279865772869 -0.4990871540668802 0.0081858170122603678 -8.0211667100265065e-05
0.0048676727208901175 0.49832603316523938 0.0024787566813039195 0.5036596914576742 0.0048488962637081509 0.50218729801760342 -0.00063086334561186807 -0.003863549550682144 0.49560049434386871 -0.010342256036410757 -0.0032419215684285812
0.0084650974751660814 0.49974411214889231 -0.00055113708809872996 0.49585901195307147 0.002413167495233699 0.50301509616257045 -0.012028793364906901 0.0074182966301426434 -0.50098875028040335 0.0034122433782215063 0.0087519345395219005
0.0090624666295587714 0.50607940067851098 0.0058611931063911119 0.50063720842624226 0.0017633708742274151 -0.49008526415389742 -0.0025406109595374694 -0.0035157722626285486 0.50231097331635999 -0.017890833682717454 0.016960455236775796
0.010178403250683005 0.50762295600893081 -0.0015739391862056905 0.49884527473740331 0.0058950323395727785 -0.48952781270622209 -0.011985608354894121 0.0075632719586060226 -0.50334453983864702 0.0066381559480916882 0.0096627955724193776
0.0098682533984231473 0.49832907275035015 0.0022293066896491047 -0.49301386392352298 -0.0022499869668945946 0.50596680077835143 -0.0041499455688224279 -0.00034910493876687347 0.50227824457641801 -0.012877619550877607 -0.0053884212663212966
0.018476674495925761 0.49734169200973388 -0.00059655197567762329 -0.49659786484049306 -0.0043025114368216988 0.50830611153794902 -0.016967472545288867 0.001400921047637377 -0.4969185046266093 0.006152288812867647 0.0071228797713533201
0.011454317999064847 0.50225334277472089 0.0024238554139972149 -0.49100490698313365 -0.0025289829936048372 -0.48474177691509107 -0.0048702304975661694 -0.0078878757318486935 0.51708570872007542 -0.049704225800526629 0.040045230912014312
0.0067926532539825052 0.51195452387218843 -0.0089339444876855925 -0.4951249491909579 0.0020372453042871333 -0.49563015021534068 -0.016141785323391108 -0.0042613606429541982 -0.49649002792471619 0.010337937054552529 0.0093038327058353291
0.0052670617195899614 -0.50146973259464589 -0.0041354280385646367 0.50317575115443958 0.0021635154666819682 0.50112931386831439 -0.0043914594268964968 -0.0028768834422839397 0.49398930472417307 -0.010448064863872931 -2.0114363883345548e-05
0.0083064366482944393 -0.49278698094500689 -0.002791119856544256 0.50267469719283253 0.0069769300812946586 0.50303650176737169 -0.0080236333983297933 0.0033503202579305653 -0.50116994433110174 0.0061140154741388284 0.0048637110153293703
0.0075012472385560134 -0.49869070634229984 0.002058199344925613 0.50060362277992443 0.0082160712274063526 -0.49104223751013742 -0.0037527980629204986 -0.0081998688827970168 0.50865116616715256 -0.01275754746602324 0.021977700603829073
0.011543745678043931 -0.49295357805899664 -0.0039007734769201281 0.50202258740958017 0.012215929843912553 -0.50099061109221377 -0.0097963303901972346 2.1747030133106832e-05 -0.50325796948206047 0.009578692041158925 -0.014983070995335858
0.0049712205598580897 -0.49464682727439818 -0.00017367667962924573 -0.49339512032921817 0.0043241383936783425 0.50508482721060977 -0.0074914850756506801 -0.00044996792562101246 0.50642324052894683 -0.0096509112257854267 -0.010848225611822403
0.0060133701659116946 -0.49508212781492938 0.00067743239433811398 -0.50010874134449246 0.0047054325052016703 0.50870638945526969 -0.0086414604298319011 0.0029404542765859667 -0.49576678597580109 0.003461637905131567 0.0079982574674416652
0.0050840279460265449 -0.50220787276825363 0.0024096624403081267 -0.49667589876206164 -0.0020629460936370013 -0.48641214216977546 -0.017350908590367444 -0.015473974292470447 0.51224539551104531 -0.030344490295304494 0.024718237914794102
0.011898790051269979 -0.49715612403179693 0.00084534305789097047 -0.496420340181563 0.0058634904878541181 -0.50225105364612421 -0.001028972182120257 -0.01316845106594719 -0.50324495813005732 0.023194984270831508 -0.0013692724031943804
0.007914141983447337 0.49890215512144737 -0.0016909949979686107 0.0035537288847759313 0.50567645171354092 0.0024534173494934939 0.49126984109844063 -0.0010474054832839406 0.50346782705001325 0.0072211737723845313 -0.020607580843877597
0.0080993590924290544 0.50850758622516457 0.002495139455376267 0.0061583436170737959 0.51264620890502599 0.0011051782522714998 0.48930464397348777 0.009955421665421807 -0.48876338813533166 0.0096642343351603412 0.0013172895294465473
0.001676333941627067 0.49915011798845621 0.00045665477597325963 0.0043114212347826033 0.49571138776724999 0.0027165023320151966 -0.50510755357346337 0.0026590281802381134 0.49983964749875343 -0.01038941043372734 -0.001438476365645913
0.0090338297247956143 0.49498658439246523 0.00020919855788475755 -0.0025076999681651856 0.49605556020182651 0.0082395846495123271 -0.51028979076751946 -0.0012888991942104529 -0.49825712832721297 0.0010620441564791823 0.010134279308872769
0.0069644628630862087 0.50139758794167544 0.0034091077801146597 0.0054306876994783277 -0.49744653276704598 0.0087688689002249024 0.48887372787731731 -0.0091585071415212684 0.50977228291984666 -0.026369753907680007 -0.036556124502159115
0.0070201127154575467 0.50696279795196963 0.0014284250293936877 0.013919157324649573 -0.50391606339445894 0.00088113375125350633 0.49015271998900567 -0.0019570786374823335 -0.49847472442406654 0.0089382818144852026 -0.0010089534011846562
0.0049005820969041727 0.50017540083384693 0.0020427096854332091 0.0078700862131277916 -0.49899231506829961 0.0024691946271708999 -0.50311387295686061 -0.001033359420432067 0.49735618227813583 -0.012831200556718287 -0.0090865617958716515
0.0079373763013509974 0.49636771597838447 0.00038408278090443497 0.0026944416680301638 -0.49643202254100405 0.0034251161043815136 -0.50551321951873096 0.0044611267756694542 -0.50134883760698112 0.010194723338112501 0.0086075848978484307
0.0066819277532324927 -0.49593283594559501 0.0020371064236227795 0.0025576245399848464 0.50090894569242594 0.0097615626175078414 0.48822853327315968 -0.0051021753496433243 0.51375401011342947 0.024296002124687795 0.0079756708135615018
0.0017123695445349044 -0.50034154252926599 0.0037596886046148709 -0.00038064947879127415 0.51124697415179476 0.0054560582475060796 0.48907666919889248 0.0017356494760137442 -0.49883493092848535 0.0087633425698161859 0.011216326732630977
0.0029454824638842875 -0.49811001779321512 -0.0010366358561247422 0.0054833663901930375 0.49794033181527669 0.0087485535750757362 -0.50362276718983567 0.00055138275739315644 0.5000956857319927 -0.0095801499801553142 0.0013458573400396225
0.00063074913052700522 -0.49749243120461079 0.0031962403801999656 -0.0022859406711160921 0.49891862315504015 0.011086192577823728 -0.50409744330899642 0.0035784750515434186 -0.49930309683779939 0.0026155918373430812 0.0022986319211585208
0.007587737747804333 -0.49023204706564283 0.00025747923184882466 0.00032073410628505002 -0.49467013713304248 0.010786960805440759 0.48729431617063496 0.0061772980493813639 0.52361309048570293 -0.049353803441934359 0.02644840221195319
0.011387482001258657 -0.48016372691571846 -0.00010725523982478188 -0.00062014223011770773 -0.48125570858867806 0.0062994579656486787 0.47477746978053459 -0.0087679929759618153 -0.54868165047177031 -0.063034812955052186 0.08456074495543256
0.012133535717142778 -0.49692217892398727 0.0017612464193116589 0.0050294987141445702 -0.4971903998549867 0.013581849493790188 -0.50412544626294475 0.0071166225083313045 0.50105005111912027 -0.01615139480262065 0.0021986469149775159
-0.0042196306547848481 -0.49602737173204592 0.0039615956882204711 -0.00037628916267847239 -0.4937403254374495 0.00089464362453293392 -0.50968507880686031 0.01647731804794271 -0.49999522916552708 0.0098425373316835766 0.00064009974940769886
0.0091901820328582733 0.0031431914878842018 0.49964152275928136 0.0011759024330587589 0.0017248032164119927 0.50457147469988894 0.49408628753230999 -0.00077785547288484081 0.50128143877598752 -0.015133330508296929 0.005771977354180018
-0.0045754943074766867 -0.00011380754153528302 0.50460165228362308 0.0049745807223360713 0.0085691059349311087 0.50304245428846361 0.49382187226364943 -0.005739271060935385 -0.49809625859013351 0.0074962246246738883 0.012541156345231905
0.0042172994993069568 0.0020961968372257109 0.49772811207307321 0.0060881355878457614 0.0042723085608315356 0.50198666066400044 -0.4984039689947381 -0.00093166759147602144 0.50154947054641064 -0.014791453059810675 -0.0045363523610655416
0.0058092487354661866 0.00018977166738044017 0.50038207036475746 0.0032291576355282089 -0.0057228500709207595 0.50479515023945531 -0.50381594470689195 0.0037320266161544489 -0.49070174027448665 0.0017476457198905696 0.0093269372542921329
0.0067405681635189403 0.0036409231834130906 0.50489425111425157 0.010150798043277785 -0.0018952091513350039 -0.48771044872832203 0.49010556882058454 -0.0082629433724005427 0.51563461519599252 -0.029486311830851774 0.0058947008177612685
0.0030460477314041179 0.0043293189962168438 0.49634001958870572 0.020805298384043585 0.024888112534926097 -0.48886582193363204 0.48625651718851254 -0.026405408932099209 -0.5202907997232219 -0.048532728747116012 0.058102538139394484
0.0046958798730835413 -0.0032421461181312947 0.49727542521586998 0.0038214103020685654 -0.0055877663870509261 -0.49047846847342264 -0.50738160990343861 -0.0036999212526744405 0.50433601780274184 -0.015789068726855027 -0.0039665225758437521
0.015118870888714657 0.002769856581532205 0.50304592904883438 -0.0044222800382265389 0.0049296770461088853 -0.49436876624586673 -0.50628457869118837 -0.022016012208482098 -0.49480146241886663 0.023908557955618071 0.0074377294615365908
0.0039020395150508079 0.0014760100115357539 -0.4927650893986914 0.0036721426136870684 0.0058119826668496487 0.50774637833997638 0.49194610345497986 0.00030634524372393504 0.50712204807817807 -0.00085791364977001337 0.011266918209018888
-0.00048180843520476943 -0.0041944293675334789 -0.49466200665327764 0.002575521761618212 0.022034583782877041 0.50651191007019025 0.49730198047526214 -0.0039869055615250641 -0.50050399895025044 -0.004510059335571929 0.019886019156847814
0.0047191221434674403 0.0031724383503055702 -0.49498277962797804 0.0061236297501244827 0.0018864794394762147 0.50255777009867775 -0.50038664625290452 -0.0019597319980778852 0.50174490509458991 -0.014309049435522515 -0.0033179027201491068
0.0052263170634565363 -0.00038443174033095243 -0.49892621105252444 0.0032781308847480788 -0.0085339982806353389 0.5043424802271973 -0.50582577678791008 0.0054182359952094118 -0.49048014367375881 0.0011353009408408415 0.011795216218411994
0.0061622370476467582 0.0055029920225928234 -0.49429650729077518 0.0078180222632904875 4.4950491191455377e-05 -0.48840414715594921 0.48821535810715982 -0.00053474823986492278 0.52713255613268861 -0.026625558086688109 0.0084141794567512852
0.0029812239781318323 0.0065936771901152222 -0.49888189610162642 0.019429301452867028 0.027686065360006056 -0.48207901328217095 0.48393330094336184 -0.03296072061031427 -0.52276701336795262 -0.061571939736222166 0.071874860389115197
0.0051254639186392517 -0.0033658162811323268 -0.49518579769662752 0.0037005328448011113 0.00077726531561015332 -0.48986501772100627 -0.50394575617626924 -0.0017646382244752145 0.50996550181603384 -0.024023611677878285 -0.012845501615875624
0.018207983487697074 0.0045260511224181387 -0.50241406255348453 -0.0016999596103400016 0.0045303820878838108 -0.49573066920534958 -0.50625459716346322 -0.020276184934195179 -0.49401201089719959 0.024969518747825846 0.0089218120306678254
0.00090845899177222132 0.0048101361151788981 -0.0015226582935946847 0.50295117853327176 0.49961564804439146 0.0027674055597457338 -0.0050784178014043682 0.49425178789541141 0.50287548659345349 0.011560554887113068 -0.0078965119579296229
0.014811951080316041 0.0052437621998399674 -0.00093685003318819007 0.50284596540150628 0.50651973996501132 0.0033729431219782563 -0.0090196027435579997 0.49656267169306995 -0.49344926497791691 0.011383286091956565 0.0068517350351911055
0.0078680890222520457 0.0043038327230843811 0.00060687944349541243 0.49934815533718896 0.50076735745901246 0.0046284483212147816 -0.0026280805823810155 -0.50138460993776446 0.49838439244054816 -0.00082856737396779607 0.00036025706604585732
0.017126778067104047 0.0011142133988803562 0.00089787058501215313 0.49509148698041544 0.50246978949112475 -0.0022618617420872601 -0.0090233472540621768 -0.50124979344425991 -0.50051932665860266 0.011334135941628673 0.011278508756703831
0.00067349660790425731 0.00081182927993530413 -0.010484194257207171 0.51120978149390439 -0.49489152263946912 0.011123625199641605 -0.0046122531248298498 0.49242230549778315 0.5009374543607864 0.004312919509830474 -0.0073647679171763248
0.015113307864584515 0.0017775493358996339 -0.0019538468958442178 0.50638486730529975 -0.50982102913620597 -0.0029528393940868275 -0.0037585118145687666 0.49194083051454668 -0.49128982637782409 0.0050221556366193462 -0.0013975665528821175
0.0086559927171039261 -0.0049540797231796179 0.0041128667936628149 0.50215475205974924 -0.5038154405535703 0.0042079221200887716 -0.00062782881686820858 -0.49981227536020845 0.49396750893711822 -0.00645229493747975 -0.0042753573764238986
0.011067591357483038 0.0081281751681746423 0.0021308722416875855 0.50168302978008372 -0.49854166515920195 -0.0014958668847209814 -0.012774735627028678 -0.50049232288568346 -0.49884474691608272 0.0085219474948558423 0.0007378576925962621
0.0029919427251045433 -0.0013080124251127541 0.0010380558586735285 -0.49403761306786415 0.50004601485763289 0.0058290842023633596 -0.011370377222746357 0.49617676339501704 0.50895442339378705 0.018992116472321387 -0.010914664781202482
0.019912355895185165 0.00071548117328809808 0.0018587433420209677 -0.50342969055374176 0.50362350802798528 0.0095754757639570278 0.0047287554546222611 0.49979976283903016 -0.49212555857905044 0.01915587992217678 0.0072851309247419392
0.0097205453473204785 0.0047224730942436351 0.0034271393428343113 -0.49614376726861237 0.49737508368149724 0.0078946315004264009 -0.0054905227576448933 -0.49627258489020193 0.50953659999474543 0.0083397577221085498 -0.015962595087614412
0.02216071520283118 0.0019691442142904295 0.0018103927538876254 -0.50329422094954945 0.50842307842808698 -0.0046721229018056535 -0.017088208048683093 -0.49875101581778286 -0.48843743202178713 0.0076380550206921454 0.002602283766252619
0.0084077295450779473 0.0033341839057277624 -0.0066080290126863447 -0.50340443522389156 -0.49270547483589194 0.0062693995099652004 -0.0040562345807519497 0.49945488230949681 0.5039796142635532 -0.01083084950297865 -0.0087246863336740543
0.017349369403261938 0.0019484815302413224 0.0022952416738031612 -0.50538072352331675 -0.5010546642767012 0.013374212164801265 0.002877577464404246 0.49866746393191225 -0.49412370759250113 0.0086484740471779592 -0.011621457250424233
0.0031802306833564756 -0.0012112225177460733 0.0019165879156445677 -0.49813881603581561 -0.50156758913265753 0.014825293261759159 -0.0034966091617921321 -0.49605473813185041 0.50386544191888527 0.0039968932038823473 -0.00858729988304518
0.016717107810009724 0.0044195538108598841 0.004550412424745371 -0.49965440061447691 -0.50435713389017511 0.0014853560181613303 -0.019734389240564185 -0.50018750904300013 -0.49491264378948824 0.010604284265157519 0.0044145902080126673
0.5020449705481117 -0.0074751575717862924 0.50030277454431293 0.0024235049146092463 -0.0051581314741335994 0.5054724754445995 -0.0048532351577908646 0.00086969403265494392 0.014937769291651066 0.49124128282923341 0.02217555084072468
0.5033077985572717 0.0029455241310222856 0.49692333502859759 0.0052162995940779307 -9.3611446148807563e-05 0.49907491883670535 -0.004779070294620099 -0.0026726946571452451 -0.0050042979979465869 -0.50042616469707701 -0.012466660546074013
0.50482794090728011 0.0083734090054739026 0.50145744582787322 0.0084941839114772519 0.0020522148822260055 -0.49480956234721896 0.000714154251402616 -0.0024300046958140643 0.017981952252653127 0.49780875635419014 0.023725027700693485
0.50328648689585165 0.0010919246138514128 0.49891636018658203 0.0017301192223963073 0.00024900842523534872 -0.49343314811429462 -0.010330765174483126 -0.00058693255673894094 0.0032879934644960609 -0.50399087146727983 -0.01341565312805114
0.50402350345736435 -0.0087620842138430265 -0.49702285836500942 0.0024763703655360332 -0.0030064138027934106 0.50611913686008714 -0.0081893397130561318 -5.8872979721878042e-05 0.015287783058167626 0.49183926687505614 0.021758009406633916
0.50326113225424818 -0.00077056647180353535 -0.49621419887346835 0.005254687490964651 1.5807794560746133e-05 0.50035453528538321 -0.0060956857983346536 -0.0039670167368707097 -0.0050007256565275373 -0.49990737348549813 -0.011469565173835374
0.50591830649127034 0.01405519306024916 -0.49768398140126446 0.0016917112702662422 -0.00081625012365923045 -0.49522070279042674 -0.0030439859994554667 -0.0019621414251543741 0.023706764228567385 0.49972603245352515 0.024727852847182409
0.50828249819385907 0.0019886432762487635 -0.49354350907403982 0.0062207796615118202 -0.0023632039573257173 -0.49199609439553543 -0.0048092990453846574 0.00090082518806190769 0.0088265597748136883 -0.50524961363217835 -0.024006065261926703
-0.49701373518765424 0.0033230835579432989 0.50121016205986724 -0.0013305897999394173 0.021851431090003925 0.50741524695765872 -0.014981780437808141 -0.0019431476339101289 0.010017432287691185 0.49342898483836012 -0.0021089446031378354
-0.4891549226932197 -0.0047758105414147335 0.49687544097213282 0.002636706772763695 0.0045389870005148958 0.50730983099761329 -0.004641286801042809 0.0015484225007672632 -0.0084540682021943675 -0.5062298159481794 -0.0080369873387125933
-0.48893983986517531 0.018896875301561752 0.49881012191651636 0.018505524600541765 0.02599133767231835 -0.48587793051288092 -0.0044590665092048617 -0.0068657263845096793 0.058688164148052731 0.51646339168150834 0.066543811918991252
-0.4888488497990765 -0.0011605232459421554 0.50067513845103906 0.0057209728986945176 0.0062568164940129635 -0.48802335171497402 -0.0070388159474189709 -0.0076064167206515831 0.0019700019288704427 -0.52147632987030501 0.0078959383490224133
-0.49806699115378567 0.0063597627290269852 -0.50389780666363915 0.0055274747176124782 0.016155606269308859 0.50424118668447127 -0.017522783632203519 -0.0051420731231368068 0.010143964639985636 0.49293476251305868 -0.0020065558364093074
-0.48904716177699992 -0.00037603549535230587 -0.49559600197350823 0.0035673789908064464 0.0041756505992515108 0.50312679549137251 -0.0048485374171434873 0.0081087056724862046 -0.014336853923549381 -0.51162057124119531 0.00043205378427935549
-0.48287654932636154 0.02404385063556793 -0.50002105474890846 0.019606632152996097 0.029932860366534406 -0.48540393298447077 -0.003016766218006187 -0.0078730374809635375 0.071433162064206718 0.5168803078107399 0.083634125879118018
-0.48921592159300498 -0.00015127580636062679 -0.49714023103026966 0.0081114300443171881 -0.0006258282458289872 -0.48910693862785715 -0.0094823295463162833 -0.0031330174060638745 0.005162782334974996 -0.52354258314120006 -0.0020843318222407807
0.50145931198337701 0.0067501631917778627 0.003581428235077466 0.50383185324035418 -0.00051260541860787413 0.0074681961635166515 -0.0087994353125315367 0.49338615501807703 0.0083784043978600443 0.50045672315544765 0.023305291220959548
0.50237767492225838 0.00088205823060802499 -0.0021387027735210689 0.50284857484566559 0.0032119844803471555 0.0062785634829787672 -0.0047030807127957305 0.49921010516881698 -0.0065056375017876382 -0.49524997578746077 -0.012537277525985565
0.50174436463152472 0.0017216071901165683 0.0019819189423102455 0.49574066473861433 -0.0061251414477691089 0.012948177285922879 -0.0094836610948355569 -0.49983595552558163 0.0090386803049503396 0.50175897582239282 0.022628112477755088
0.50321878118041297 0.0041911630128217839 0.00089094692418747469 0.50218546933985375 0.0030838089338223519 0.0010903760931152311 -0.0046950439403422367 -0.50022368966168385 -0.0071357084250739528 -0.49399502113260213 -0.014959005479849477
0.50878311775610396 0.0058841065039891127 -0.0035666065702997713 -0.49891653017387622 -0.0064312737551863418 0.010099474376662887 -0.0073945283342195236 0.49395972787475195 0.01483213660087894 0.49734278992937608 0.020263172673454947
0.50554840255679412 0.0028110750746180211 -0.001999464866043031 -0.49149885184060405 -0.0033897191031075479 0.0080426402994910502 -0.0094542605127286451 0.49870923474166395 -0.0078174252478935818 -0.50351402346342489 -0.019335181145768911
0.50500040311078742 -0.005711893088277767 0.0018073804111433589 -0.49675661512868391 -0.0044084930855506788 0.017656130247277604 -0.019715160694876981 -0.49842573067885021 0.013259673187195115 0.49851667267003208 0.018132944152464671
0.5072249247669437 0.0026727816154417587 0.00029780234798347624 -0.49316963773222749 0.00034574533336967567 0.0024545414113383715 -0.010989819177180223 -0.49618897935005074 -0.0081500616486664991 -0.50280211336187408 -0.017103780079787852
-0.50149798116473843 0.010328123002045225 -0.0019229368348906307 0.5035764907965955 0.0040095615698082397 0.0069515455770951711 -0.010762956421391736 0.49111902186614842 -0.01384736056118124 0.5028308547971061 0.019783114612683617
-0.48983302008819496 0.0059564364817337057 -0.00020020665025007929 0.50355419863220741 0.010359027413137694 0.0041303553924519733 -0.0077040498160249882 0.49760541627487059 0.015188287146717645 -0.50810889905673196 -0.016157131909011087
-0.49068994179438652 0.0060461480264178925 -0.0013475864972214745 0.50427067285204774 -0.0057361459211454982 0.0092869045728155731 -0.0093996472836963534 -0.50416199493433667 0.01374802348631572 0.50020738353247574 0.010622733445429123
-0.48913111826166195 0.00087986667269595524 0.00027885588324770181 0.50000706407324425 0.0030064233328654529 0.0011909612849652024 -0.0098728694862424485 -0.50801686631753451 0.0098049809701118082 -0.50233929306928793 -0.010623704664122283
-0.50638100238503736 0.0073541593997112137 0.0079045060563784231 -0.49671390361417739 0.013242333729318007 -0.0037809999792178116 -0.012270869465309682 0.49174193656656323 -0.010793045903679618 0.50442368973164609 0.0051868219500866347
-0.48599563201690127 -0.001334074407714071 0.0041941629876136961 -0.50173311689137312 0.020170501178888543 0.022233880266064824 -0.0043269988519543875 0.50558604209318925 0.018541284896325592 -0.5051446308239973 0.00084474453822105261
-0.49798170875372838 0.0034389131174848951 0.0024931709284708734 -0.4968649763628265 0.0025268046305353051 0.013458783361378259 -0.0041817920470767099 -0.50967884702287003 0.0090369278942036401 0.49491424462185035 0.011047955109333311
-0.48342028947844168 0.0022956731877711127 0.0018793739904768897 -0.4915355267973387 0.0062038660799030015 0.0044836402123099419 -0.012204820496158463 -0.50262945614428467 0.039607947267026399 -0.51958973082995064 0.017396861006503277
0.51324089863187716 0.0033557961834200815 -0.0012375771371351343 0.018689389504642065 0.50664472622645462 0.0031533259926317505 0.48750574016441151 -0.00255544924689931 0.0032743136426517808 0.49156950424760976 0.014254683378502648
0.5110405073158486 -0.003620623212713872 -0.00088746452467645585 0.0068605782283772797 0.49606694894004183 0.0048158559674935982 0.49187871355642288 -0.00024082417039810141 -0.013609631737622817 -0.50001071425219923 -0.023029595185091317
0.50060324377153687 0.0013957396008897731 0.0020557985382761621 0.0018509094038442321 0.50170914754366758 -0.014477765095340846 -0.50457228475308102 -0.004253177356898773 0.014946186692432062 0.49205320985181961 0.022673503727560967
0.50128812529788669 -0.003621476668837581 0.00044844071474583975 0.0049318395852756035 0.49843459083438646 0.0047448167484531421 -0.50052413788592587 0.0030601459407175293 -0.002008948426204785 -0.49951807931435444 -0.012525854851892664
0.51214419003899014 0.0037488636677239289 -0.00045478334202635667 -0.00019589679930341754 -0.48975515300753381 0.00091769676527766303 0.4981470651043694 -0.0029486356585195867 -0.012446628208388068 0.4993702590140352 0.012178271487830348
0.49774793786697924 0.0070554056757087943 -0.0010420963355497934 0.0048861361006168553 -0.49604549585263191 0.007518170159728995 0.49379872857091067 -0.01112324146887287 -0.005787956226809679 -0.51020700399550334 -0.041821002720485702
0.50354743982519301 0.0014639439910695661 0.0018803598120437348 0.0044500370730849994 -0.49876762798421248 0.014230534431211792 -0.5066209090746997 0.0039777002480545776 0.012498947930051608 0.49024801012413016 0.016215318509002246
0.49801521827030448 0.0046271185568575188 0.0015686358028378828 0.0068684232581099364 -0.50168697420491259 0.0046134528424759324 -0.49839633508573666 -0.00072831864574380482 -0.010368558721810381 -0.50131724389817112 -0.019307225075789386
-0.50612716522128487 -0.001904220850822943 0.0022465201620504678 0.0062428368361398603 0.49938146775502934 0.013003989461119022 0.50466820135552448 -0.0027103767149227742 -0.0010466940801242819 0.48922082530096139 0.01418596300347826
-0.48099836916292882 -0.0053164583368443888 0.0022874756115238734 -0.0018202632099666592 0.50525233922632917 0.0072276859443200833 0.4842281750061293 -0.0037453969121544316 -0.0048235173349970338 -0.52744711996360494 -0.023598905643327693
-0.49161077291577188 -0.00078300314675720534 -0.0012933369357474678 0.00032271241649245165 0.50479703888999738 0.0050014610802067115 -0.51187759430347701 -0.0042843977072874384 0.0078654516821906849 0.49123901589091357 0.0075318811184645999
-0.4931283012815339 0.0018433047933053813 0.0037287558077702403 0.002297123562697971 0.4968894969290033 0.0090028276911617751 -0.5078158821901354 -0.00045481898183663582 -0.011900812972567489 -0.50154581843989232 -0.015958158806555971
-0.44349303621436253 -0.0018648788561971084 0.0015675941070753315 -0.0042487108639252457 -0.46170712726176766 0.033021810957158039 0.44186935984496195 0.0042929493026580175 0.17103098510379619 0.5772028812914789 0.17704322686127225
-0.49423807047684237 -0.0051148533875471497 0.0015175834816093215 0.0088798340803053922 -0.48978960211748707 0.0051151403063069622 0.49334881154369126 -0.0048013200020883742 0.001003392958798342 -0.52162243925465024 -0.01393972717590463
-0.49785926161531596 0.0081304993466153382 -0.0014468712410317776 -0.0010987883267861288 -0.48995080830980986 0.0094074154774900359 -0.51267807058279236 -0.0089414278932372047 0.00022806934065917769 0.49894644586779086 -0.0077520806020678398
-0.49425784044445831 0.0076901794924870729 0.0028904806398359793 0.0029317441260836526 -0.4954190770338896 0.010476627302429722 -0.49857577120307267 -0.0060042342506323879 -0.029525185796516067 -0.51034872324908409 -0.011910932368822166
0.0081905202765290425 0.51182476361758089 0.49563848142324257 -0.0067107009633414708 -0.00031342893784018711 0.0070685537585221869 0.49128326402305572 -0.0047867547915390347 0.0064711910484184327 0.50032691200854462 0.021556264433822081
0.011424435361550057 0.50635232756327064 0.49566966868641205 0.0020088344358932114 0.0037879323489836874 0.002055972618265504 0.48729878192831394 -0.0015635657850835501 0.0043761623622458482 -0.51009715283974488 0.009217786205739804
0.0086285043110418732 0.49931612110046147 0.50024026033703983 0.00097114147901063857 -0.0048053223750713853 0.014566760204702068 -0.50444193488393618 -0.0011929694224550374 0.011971190188444732 0.49522613128465887 0.016646259986018416
0.0066404424845090708 0.49784484381661809 0.4984051015110742 0.0060979834684819481 0.0022850593426995409 0.003710468398485261 -0.50482697127189891 -0.0037458775969497838 -0.0054178564533488996 -0.49854275546643279 -0.014285013233905007
0.014169314487175099 0.50672707151425223 -0.49682011344090116 -0.011343366068322102 -0.00014875817238109039 0.014026862691454733 0.49423279593293029 -0.0011008844215122707 0.015530417345956199 0.50062771187639421 0.027104707315888106
0.012572556712562801 0.50372716793408356 -0.49667860512573275 0.00084830036612676559 0.0063079231724827399 0.003503972436019779 0.48481715233067074 0.0014184735325160173 0.019312224432973327 -0.51322043715998811 0.023250475041556851
0.012361204121329914 0.49916508753651984 -0.49493858564161258 -0.00062231424074613809 0.00058072845384084585 0.014010163291860406 -0.50812173974945762 0.004244857385169414 0.013226710532962635 0.49683787407768915 0.017078145525703865
0.0072877830573809966 0.49795518113944298 -0.49656783957306255 0.0083287169018336858 0.0010891204421276696 0.0034812723672798169 -0.50653183354784337 -0.0031173581415820861 -0.005192334446680557 -0.49848265502320688 -0.015136033669895892
0.010557412648122927 -0.4915873905664826 0.50086782898219884 0.0034320626830779736 0.0079232718633463466 -0.00014237460003001126 0.5022692936047124 -0.0075667211755025875 0.0017049549984617751 0.50492594453245709 0.001550452191988877
0.0088927726377656148 -0.49983385455681095 0.49733866827365064 -0.0039880700671542446 0.0007147871046534872 0.0052678578407060568 0.4880776786451167 -0.0064267560179974408 -0.0034672000064249861 -0.51389468101200708 0.018336610672433192
0.00093852427089445123 -0.49318745972272271 0.50263224062781431 -0.00010177877569544032 0.00075108238603737473 0.0094061397610911979 -0.50681369340082805 -0.0071312085840517644 0.016589133256402436 0.49659114525695419 0.015750893078133054
0.0037219021599650629 -0.50023789701836785 0.49730601480335107 0.0014156654918114856 0.0043783299813215893 0.0075891019062622241 -0.50381688277908776 -0.003177084418972906 -0.0040531428987628767 -0.49830048259885401 -0.013957397936477801
0.0053474166365972808 -0.49974721685417978 -0.49303188907746859 0.0071719051401052079 0.0096000638465166405 -0.0012174391199801019 0.49771382516485518 -0.0083807219871052992 3.4960243758469102e-05 0.50912347866521601 0.0016109362698578332
0.0064211678234079939 -0.50654723356400722 -0.49586543753338197 0.0018361123248341259 0.0093784899403907551 0.015420962097309485 0.49020393385808808 0.0014710782756477037 -0.0014577965157788766 -0.50646179316288131 0.01868874614691228
0.00059808398623566585 -0.49426858647987287 -0.50153573500799176 -0.0047316985061151146 -0.006929316403991248 0.011301982675190104 -0.50929748184157753 -0.0061731092061802061 0.01459684165435343 0.49392281981243968 0.019160428245743825
0.0043867499474605082 -0.50044187324000788 -0.49763187411134213 -0.00076324771023580506 0.00041995618300086867 0.0090210154412857166 -0.50172662170592375 -0.003225241773737412 -0.0026859012567171736 -0.49985203836014114 -0.014825273698048421
-0.0032336515918134001 0.50559322588101863 0.0026339608768597539 0.50112509616011469 0.49601961114623511 0.0057989521664412146 -0.018341425375177686 -0.0080651799048492429 0.0057895592937042594 0.49646611146127728 0.015782184999057192
0.0047305908529084182 0.49971699593900371 0.00057898998445043612 0.49836747103785328 0.50141143090946017 0.0041977730710813016 -0.0089750147654844466 -0.0075393845812649707 -0.0050100290825609572 -0.49982831413033552 -0.021637756554171113
0.0052003468626404441 0.50360337779811237 -0.00055018815869820178 0.50343686125327458 -0.49650226255637592 0.006231385964272018 -0.014465043315950277 -0.0025488120831558187 0.0059178400063699104 0.49588863715653458 0.014071111547109449
0.00097691452241293599 0.49995607960315519 -0.003198035483420954 0.50377949977799985 -0.49225622803865965 0.0032963892101164154 -0.0026661387124455056 -0.0019006498738726317 -0.0077629951652657247 -0.5030307634486626 -0.028301205246485221
-0.0037597725613755942 0.50637412856531605 0.0042788696801681781 -0.49669538934535779 0.50108034244064625 0.022391882286529375 -0.019311069135034345 -0.0026654992750227459 0.0074741021219230461 0.49466180015808942 0.011721796742143816
0.0087570903326428928 0.50065795629284127 0.00145888381082517 -0.49413927515162798 0.49695578284548958 0.0058844048978195247 -0.012075869137911309 -0.0044305966330114421 -0.012833798581566667 -0.50655069431907018 -0.034142746704565213
0.0065233964449351173 0.50382372446157697 -0.0025115078458925622 -0.50401323422535405 -0.50080131074184742 0.0075536509084290424 -0.020510140035108908 0.0037913349080928443 0.010975476583604071 0.49049003702466626 0.0094055286074594749
0.0051213954151036571 0.50283337161597996 -0.0024220288629752621 -0.49286420729848079 -0.49550486480891115 0.0057026387042890935 -0.0047266524591907701 0.0033673839628778459 -0.021599260383951158 -0.50654406159556165 -0.039581467834844467
-0.0051068392326988543 -0.49671202048369567 0.0070297618091561221 0.50025281596255866 0.49998787241150788 0.011850285376030013 -0.0096275882333928808 -0.0091929504171932991 0.0029390546433397937 0.50224708311136979 0.01955807556415529
0.0079180039928816691 -0.50651557089975441 0.0024860216054791886 0.50031888956750203 0.49900769069193135 0.0010208815606392748 -0.0071863762252326307 0.0021507427416308615 -0.010477478664147059 -0.49361094331587813 -0.015052637662159703
0.0036797572413707351 -0.50956945136533649 -4.6542505192359282e-05 0.50425300018394892 -0.49629920606254968 -0.0091993774685898196 -0.009974199157850857 -0.005287147637739925 7.7662284475005173e-05 0.48901220645390209 0.019910552621709161
0.012611520826413975 -0.49574185261478887 -0.01326422028884291 0.50773314853370677 -0.49311675264917193 0.0030260549777096539 -0.00053200100305850488 -0.0025062349747386522 -0.0066048283410237831 -0.50176372179632767 -0.033492778170140451
-0.0031891279470800302 -0.50345294086640202 0.0041757671719831477 -0.49934117384318172 0.49905306477634098 0.018171782512757167 -0.01793681539279951 -0.0088285326830870661 0.010388794568396432 0.49700892550288384 0.016008569864618016
0.01462998265989052 -0.50312810696738075 0.00095477930083634076 -0.50061044813081335 0.49449010683918782 0.0015047530704291325 -0.0076898991818711961 0.00016827652003183354 -0.013395279719817089 -0.50042944980876547 -0.029075394078483856
0.0096136906269760642 -0.50137808521933991 0.0030229380287033949 -0.50706278850171549 -0.49662519289202522 0.0011510627712694843 -0.02133479375954982 0.0029707986704705278 0.0049700277662487382 0.49402254458295924 0.014862739134809113
0.0078054359059274454 -0.49595059511029799 -0.005548062703662115 -0.50316378231204884 -0.4979151468092799 0.0090597168263831709 -0.0095145921129118037 0.004699839222981647 -0.0062165561625386863 -0.50235280635642632 -0.016010436663371912
0.0086683107637721829 0.50105009069433182 0.003212635832620834 -0.00017521318611191323 -0.0060626857628990512 0.50136878690204933 -0.0032928612672392674 0.49880722245434173 0.0097139072453021474 0.49794142237394595 0.024421106016301507
0.0089524481941489695 0.49879789904558414 0.0022448101190409701 0.0059309215839329675 -0.0008392402113051278 0.50307510762196572 -0.0033678794433893442 0.4975678466821451 -0.00032196699810857444 -0.50013470978244745 -0.016585839954008249
0.0038503647558675016 0.49560701250176853 -0.00035069119501151776 -0.0017174885127204374 -0.010746107521222029 0.5087379231967607 -0.0067303542185267514 -0.49367241813894908 0.016863981571024401 0.50076001299699435 0.024965960497447901
0.005880385589581886 0.49785284390292023 -0.00080526913801503685 0.0049385694567206876 -0.0032635524223321986 0.50447866027093013 -0.0018492310132072604 -0.49771250546857293 -0.0074270571058593169 -0.4996361238840441 -0.012687958503758945
0.0054843943006646365 0.50855719142077283 0.0022497667846338083 -0.00040798194466082192 -0.00085260846040229694 -0.49231946739482818 -0.004054558737783394 0.49824762538305228 0.016677945079913159 0.50000522558083871 0.020114088340294607
0.0098337224710871134 0.49900978559365822 0.00053104762055315973 0.0052662475981881361 0.0067927932629854 -0.48889631114139992 -0.011141441162523358 0.49580120023569457 0.0047748336231724633 -0.51347016666708523 -0.046705442522508252
0.00020584642652717814 0.51396085910411693 0.0033766863201933565 0.011283451076941274 -0.0047476517601984809 -0.49275945779910246 -0.0088100261290202722 -0.50450629465590124 0.0036568557064013481 0.48794270119142658 0.012860056855630929
0.0012404481198605049 0.50340594708546083 -0.0033550262130509446 0.0036237094678202527 -0.0003496980114494788 -0.49311902693849879 -0.0055956532173831192 -0.4984499672321473 -0.020712022630036093 -0.50345200671439705 -0.03183452722980825
-0.0041349121854319 -0.49140155906351912 0.0037382740353026195 0.0056384521237397428 -0.0087817383158802047 0.51022575282702687 -0.0025751926053911639 0.49902849218188616 0.012105887475738363 0.49828422697878533 0.024174669523893678
0.013020833075908622 -0.49723399803556129 0.0016039617142081808 0.0040742765854707387 -0.0078843981628692831 0.50489071945922748 -0.011617399514065567 0.49648524236547625 -0.0018986414269968235 -0.50084522220005179 -0.010522977344645868
-0.0026908688370299626 -0.49679761730192445 -0.00022665650101605443 0.0037668344076555375 -0.012939413480390967 0.50277779776286646 -0.0046675081760842322 -0.49338078544908226 0.012334965679613639 0.5064602430233005 0.010825418442204682
0.0023982112899282432 -0.49863820979847739 0.00078655927508863627 0.0059623925706018439 0.00051014120456367837 0.5013529239642216 -0.0067123511911650275 -0.50252100555036172 -0.0072671945932719197 -0.49706575483501281 -0.016229832857375805
0.0054491207083332983 -0.4808737819736475 -0.0012957002647404606 -0.0019746624582008027 0.010821162005723022 -0.47644792185118856 -0.01363497521372121 0.48328507419248384 0.085521463678405379 0.54203196428108003 0.082112535224413696
0.0076529491915381378 -0.4928087049738521 0.0002125385895750924 0.0022254269297199243 -0.004622975821039794 -0.48637392841424965 -0.010055704881335033 0.49395980132335277 0.030118052134713365 -0.52447431995802618 0.020426280683317567
0.00068594732996584654 -0.4962554182958992 -0.00089570081972917357 0.010837418598127604 0.0073009443076876273 -0.49495343079518572 -0.016167275061209196 -0.50728579456735057 0.0017723500643317485 0.50020351123710716 0.027797174159796011
0.0091764973141399784 -0.4941257021332941 0.001967566510988502 0.0027179876625995757 0.0077031392278786946 -0.49025863050114454 -0.011594125317379028 -0.50090236449117231 -0.042606730609354986 -0.51232474918648474 0.0013696209900338626
0.013440454323601813 0.0093908444973568993 0.49748771519148549 0.0059393310813064181 0.50459696724968228 0.013231814181997642 -0.0014509144368040738 0.49463883308438755 0.0050871914517384301 0.50236159852745921 0.018599677503160564
0.016281141604774549 -0.0029008592252265201 0.49908276031543741 0.0032236320244199263 0.50116524010778729 -8.1931116808295579e-05 0.0010233077833996461 0.50280185876178252 -0.0074744208045286554 -0.49621180344271998 -0.019316682321993701
0.016164191963366843 0.0034828879392768352 0.49901353591609787 0.00030749693426749658 0.50057091331175685 0.016453088522587398 0.00088785249368948118 -0.5030721544258594 0.0059100451618300347 0.49647644338445873 0.016244171939541828
0.013725561586881534 0.0060439750950812389 0.49920712934728684 0.0014453812818548699 0.49957857794369503 0.004015663436000517 -0.0084869752748974996 -0.50334090089311745 -0.011398672864898341 -0.49713096132808499 -0.016647444176555289
0.019478220364281016 0.0063299030255642144 0.50693351883934645 -0.0015256804688678744 -0.49421926585309806 -0.0012683611299560379 -0.006780271333133533 0.5069279742817715 0.012650014566695107 0.49089394753579874 0.013545691952523316
0.0028215614164707006 -0.0014198653777197975 0.50991450720082054 -0.010139715889876628 -0.49168662404519414 0.0054702662816264406 -0.013347170333189454 0.49591057422566842 -0.023285750776233037 -0.50121792565243606 -0.014888399305104591
0.011805130712194023 0.005847076196465832 0.50955496607847839 -0.0032726630833697745 -0.49415584101960364 -0.00028769025058089659 -0.0045734808314735883 -0.50336254868376296 0.0064567924914164876 0.49226456039434535 0.014783067902409689
0.0058221852227782235 -0.00062002950164728949 0.49876008814704897 0.0035421491251411944 -0.49286865020669879 0.0057670991936553265 -0.00543338949183812 -0.50396180128553369 -0.02158763419450474 -0.50363704733667614 -0.010745199283322735
0.010625756421916172 0.0088241359889145339 -0.49938864918313031 0.0028669441354726146 0.50034809616186371 0.017932766856817793 0.0058730567555298659 0.49932762860591479 0.0039286050072229271 0.50005850566822296 0.017483353501036209
0.012497010192512967 -0.0025536218053713103 -0.49914773878699198 -0.0020830640404975852 0.50164864775856233 -0.0016829486813566645 0.0031815279448735405 0.50383986255497171 -0.01014270647559538 -0.49471304869334498 -0.017935916037667636
0.019865595952415844 -0.0012937893214483214 -0.49940364707217938 -0.0012669255369335325 0.49808639129112758 0.015989863812978612 0.0014250649255183633 -0.50920509279405946 0.0075562794426640321 0.49223342437587003 0.014479250460638119
0.0102482906217708 0.0067202959432051262 -0.49992052581294877 0.0031453047934816123 0.49497347847298895 0.0033719199055695253 -0.00621150848045692 -0.50359353368378323 -0.021701432867344279 -0.50009727787360181 -0.026381837011923058
0.015304310494997345 0.0033920948737345934 -0.5058828280267349 0.0057528072284796601 -0.49180215339280059 0.0023765163690238128 -0.010376039799190061 0.50300342519958918 0.011524303162051079 0.49866704083407154 0.0026457958053643228
0.010731573027204943 0.0022039558015666269 -0.50274895386245877 0.005144067342405835 -0.49726936273700068 0.0051412680672019402 0.0016013813018517754 0.49614144857988446 -0.0060518477582484102 -0.50340677670495815 -0.0134105559758207
0.016084169521444949 0.00031120084755824372 -0.50507982494868042 -0.0058096309482282942 -0.50204112285698688 0.0013236074665508339 -0.0068377572019459017 -0.49868003340844774 0.0032137062233263398 0.49343641754326023 0.018341853157299057
0.0038737752434692702 0.00019169505258148328 -0.50057878296006697 0.00040175326490396235 -0.49749051546553907 0.0080195365744198024 -0.0085046894276631143 -0.49922386764945625 -0.029079684069833339 -0.50136167034296197 -0.01840107415443816
0.0058222027195037494 0.006853445253706787 -0.0032303124423112635 0.5032210155610265 0.02052708697559117 0.50963883100107632 0.49396560008245222 -0.0046446356805683979 -0.0042276888393049487 0.4920885867865441 0.018209067936935427
0.0059290692443517709 -0.005366932305380552 0.00085220110483614077 0.49857141512688247 0.0055735669589437285 0.50453157215248667 0.49339474844593567 0.003069058790303932 -0.0070724481501307926 -0.50296150438417808 -0.017623752970241484
0.0013961218687909734 0.0011090608123971466 0.0015913046617725517 0.49912513349190907 -0.00091687848510529717 0.50456983004280587 -0.50294960835160263 -0.00029110603335824554 0.013929317216047177 0.4925201777304079 0.023415614554526606
0.0056162020171033489 0.00017724012891915145 0.001050931318100975 0.50246821455970447 0.00089930037798848341 0.49905469732201974 -0.49909122511501453 -0.0050732342895644465 -0.0058614493097314396 -0.49904129729136099 -0.015564524336656942
0.0049530509393189929 0.022562085074356957 0.0029372832534255038 0.5054870080328101 0.0051838202118822153 -0.48076748389363544 0.5022631220054764 -0.020290007680065468 0.032639586599360226 0.50510539651287534 0.062447568255774355
0.0051553781684749228 0.0025396354804485986 0.0015997779434558524 0.50089638014614501 0.0079117282106570767 -0.49047104308406497 0.48957797707443262 -0.00029373810429247736 0.013617344773730292 -0.51823779491075461 0.00051359158966240981
0.0024529187977545179 0.0023574394953855926 0.00035272257478022979 0.50620534406986584 -0.0027946256400618362 -0.49213425169060721 -0.50615557242111464 -0.0058329502469751191 0.012485914600193758 0.49465384083093433 0.021787890146152698
0.0096693386688367512 0.0014748390224787722 0.00074159361677057941 0.50269462847443469 0.00094061542691579244 -0.49347335364739336 -0.50262033651396421 -0.0011994953864353155 -0.0038013054876343704 -0.50096223826627972 -0.0088768353185253931
0.022908676937956826 0.0048191063977735182 0.0028611988638314774 -0.50219187407304422 0.015810015773517511 0.50625127975335438 0.49761842137768003 -0.0029506988256786074 -0.0064633235865903553 0.49272240748359974 0.016026344988274897
0.0084141972782836479 -0.0057045809895281286 -0.00027694911121921897 -0.49376747138396843 0.0014305533436698853 0.50659778060667604 0.48867247127255686 -0.0059734387195504255 0.0068193006564748271 -0.50969371018555187 -0.027861470344689374
0.00663685412652938 -0.00028482063215750974 0.0032640300886703287 -0.4936727622211553 -0.0025452394771988585 0.50828366934028324 -0.50748802104646351 0.0095807104050641551 0.015969973041408209 0.48937180409175252 0.022315242201806827
0.0082878215400576712 0.0021183746744795925 0.0010211924107893175 -0.49007729077402734 0.00020390186291646518 0.50357352189168525 -0.50368336725540142 -0.0029596586178255117 -0.0029835256547719445 -0.50225488733323598 -0.013752450902121299
0.0073539397261055788 0.0060008951002231223 0.0032878925134598325 -0.48756913432609206 0.045351919782725993 -0.48948331388524502 0.47878157234841467 -0.034151192718045245 0.1005631439193958 0.52107192422331283 0.092183146673030333
0.011360541279009132 0.0054851215060888366 0.00045006730353266478 -0.49517971700364677 0.0030104771862339516 -0.48942328298316823 0.48663146245931066 0.0024913870846394234 0.00034353942612771831 -0.527510824657205 0.0030509896518888121
-0.0057674174234422244 0.0069237484867800143 -0.00014283393870198494 -0.50026241565044371 0.0020157136905034232 -0.4906181781986132 -0.5065466285876209 -0.012889973192255866 0.012545659369458895 0.50095756233731736 0.032779912053756924
0.004202154947913911 -5.6616856947751151e-05 -0.00014756893369106082 -0.48957273885836339 -0.00090414483333977778 -0.48865154793979687 -0.51160782114742898 -0.001825251770761892 -0.020777163410078771 -0.50925285639953777 0.0019081464599739596
0.50950431465783297 0.00378417452778846 0.4969159555821136 0.00024862038528772215 -0.0027465977978179457 0.0054727041917809654 0.49031480585252268 0.0029206912065600451 0.012445939231207502 -0.017748894619011291 0.50253452260965692
0.50588234124118125 0.023324042476515566 0.50326543343860264 -0.0029459880665828899 0.0034515943031769533 0.014293342431924518 0.4968597659405653 -0.0034303514941228818 -0.018501885568220321 0.01672421105218436 -0.49247806454213544
0.49987837309300942 0.00083539795971178854 0.49755294914201137 0.0036954290960308756 0.00099012283454467313 0.0059105028824516306 -0.50217241324644946 -0.0036764944711439188 0.010366987573253571 -0.018653117737795433 0.49986632610171305
0.50378668014149841 -0.0027097467597286492 0.49978855269743233 0.0045826569028755634 -0.00043845310619733987 0.0042711515086461945 -0.50395126166553039 0.0070564097229556593 0.0021756795509858813 0.010364724969193658 -0.49217352315909124
0.50564968793658449 0.0022740967024168909 -0.49551555292223393 0.00053500743508932871 -0.0051521207651774219 0.0054967158032766866 0.48931720886750357 -0.00020868827731082811 0.023721758253038901 -0.0080403465100530851 0.50858801646198915
0.50571208698809678 0.020896854159096277 -0.50239591895315006 0.00032874575490766754 0.0035690479756940335 0.019017148280569239 0.4953941118984081 -0.0044176995555725782 -0.026015217640617917 0.017442421784462793 -0.49459738906922684
0.50016670409397235 0.0013648836617240789 -0.49501086338790662 0.0037316981580978988 0.0039606606049175149 0.0065138346406511697 -0.50304121978215277 0.0015554471391214845 0.011845130561477481 -0.018769673700019383 0.50117672721953421
0.50493249075035995 -0.0035552766121759289 -0.49721635761807648 0.0046114069754247195 0.00043253738535927757 0.0067403164586978216 -0.50661161822799805 0.0056381915365866812 0.0010309627515268679 0.011075923720090169 -0.49084487323712894
-0.48870392429504977 0.006976724145598568 0.50733278577101992 0.011959318932670698 0.0068521565144055198 0.0060204599724873646 0.48793070747659856 0.00050633431757905506 0.021190311746606839 -0.030009515035045828 0.5138879147309332
-0.48461104927115278 0.023238286444269892 0.49765011399193693 0.022394807453362892 0.005789367043408873 0.003363070965480653 0.49040818357802007 -0.022827763703116385 0.042873776215814917 -0.039264234066961612 -0.52154480968892403
-0.49262684553467573 0.00057369954064268307 0.50070133600990085 0.0016286689340246517 -0.00032277789202540878 0.011517758155288268 -0.50436563516611221 0.0010670747672849759 0.0098884125281778982 -0.026794450108973984 0.50127802934126264
-0.49384236769912654 0.0024356295685901085 0.50405499487966354 0.0050838006261761676 0.0030639011113415275 -0.003493802478818937 -0.50199218350570363 -0.012611387567482349 0.0013213653140532531 0.0048320837027103283 -0.49981457771837329
-0.48798113302513696 0.0022327632312716473 -0.49610549817397431 0.0044475682874655625 0.0050529888450327803 0.0080503848294417261 0.4880712766477967 0.0018434750222523924 0.022826846193126037 -0.032436252220116979 0.52521281034604272
-0.48435894950068864 0.033245509953091938 -0.49905780436634017 0.021220313227977624 0.0064998003222864996 0.0020866627652669075 0.48286568275313596 -0.024941943719743516 0.060088901561365808 -0.050197969894490324 -0.52423627148340868
-0.49221867884806003 -0.00028922457917695258 -0.4917936305375829 0.0052225857647895581 -0.0014809350669437449 0.0066623411943347484 -0.50925922920072453 -0.0028508710295508393 0.0046926886862036499 -0.033199854021682899 0.50528063144952795
-0.49304794931175944 0.0028420200039909497 -0.50057913377894558 -0.0013700760669379814 0.008251710008397195 -0.0055970098409475911 -0.50495015144410837 -0.0091615274724793291 -0.0038316844426471838 0.0048240705241960162 -0.50111708870291716
0.49911601202047279 0.0010311807172942971 0.001142785204318874 0.49969173059062266 0.0038565134935039744 0.500657619816541 -0.0042034377050989644 -0.0015573780851066952 0.0055346609569591979 -0.018745090439543761 0.50011396846439671
0.50466677563001194 -0.00216271457985877 0.00016959486020878324 0.5002377395498897 0.0015064996462712088 0.50290642946944175 -0.0019561802054450478 -0.001312883126483038 4.4389822179274476e-05 0.012856398576728706 -0.49191560028895864
0.5066808627333268 0.0020717053337316405 0.00055288645174746153 0.49708353497428043 -0.0027262028415802391 -0.49184492389250772 -0.0052993419439884637 0.0013982588201382974 0.0056960246490724755 -0.023416843527384625 0.50363495927084956
0.50944784990942582 0.020196996218673994 -0.0030369293749468512 0.50633019880522845 0.0064767913334174004 -0.49319063494609355 -0.005895104955785645 -0.0064633326302202653 -0.0047697453498916414 0.02988214403088478 -0.4892895924153855
0.50344187514439787 -0.0015768663291990648 0.0011103026551178207 -0.4928349443542055 -0.00096624137822770952 0.50376128451379787 -0.0078774360436173613 -0.0017498373313164044 0.011056539248638962 -0.021678052071384568 0.49922200509052805
0.50781714672258027 -3.8351495015551159e-05 0.0011882162067428572 -0.4923327197871879 -0.0083385228053001817 0.50660306805383171 -0.010240973108161201 0.00048880091733951442 0.0014978673371733634 0.01048482634672894 -0.4927426651124775
0.50675009986077346 0.0018156303687624331 0.00054474217014910658 -0.49531802308759071 0.001134895121050208 -0.48850277651659368 -0.0082137047982772573 0.0055673440102833932 -0.0042861441701970392 -0.036952069820384431 0.50768322960776635
0.5045374014410563 0.020816617611013961 0.0029492400171457142 -0.50194822633367142 0.0042532482159336055 -0.49885085165990217 -0.024600683941790449 -0.0056548959835462228 -0.0026597836786615373 0.035778128740448403 -0.49219241793791979
-0.49337933848907384 0.00066251153708267593 0.0013165560253314795 0.50002870921266507 -0.0035731093795540575 0.502901257038741 -0.0084460532850930518 -0.0019357657047094161 0.01302344633410807 -0.023264371175749386 0.50282957401741279
-0.4906811027184616 -0.0025928397278477478 -0.00020160429446187925 0.51323563812898121 0.0063726312091933919 0.50111888718104192 -0.0016205652544488212 -0.00040815287345574936 -0.0012194428025740823 0.012724129314932575 -0.49445681194721963
-0.49053755746277633 0.0037124755381993616 0.00085394234997374888 0.50114395613422746 -0.0011728963977145736 -0.48940147336841039 -0.0057718425544980786 -0.0028424558284395308 0.019306310093124404 -0.040809922939251883 0.51635101752002932
-0.48122444761643224 0.0036911573609099482 0.0020625645101706308 0.50715056190950203 0.020570568537959723 -0.50377371407563021 -0.004771068938786099 -0.022621291257819177 0.034759139316546207 -0.0034027551891838187 -0.50521094014944912
-0.48877233972688183 -0.00054886308950152112 0.00038489401406304401 -0.49221437609041829 -0.0011594230528630131 0.50743394415886833 -0.0042829363691659385 -0.00047090715413918737 0.031219676414935709 -0.0088608777465557509 0.51016061970708082
-0.49139788556600239 0.0039970591476489797 -0.0045670022346351712 -0.50131850484741691 0.0067509100431314096 0.50333631258631684 0.0066928814184679932 -0.0080690532660169824 0.009751956882238285 0.016487771334183884 -0.5032903444973662
-0.49678996398014452 -0.0016377466519915951 0.002608444445610919 -0.49245236831917122 0.0023329144890434791 -0.48723433478107153 -0.01092839083882048 -0.0074422799769709846 0.026413367101750823 -0.025697810644573015 0.52129196258737753
-0.48935771888261481 0.046222062515346073 0.0049214462676984115 -0.48830660277132087 0.038958217468603978 -0.48191809849478268 -0.0021023116926781995 -0.0043161822514098513 0.065740000172268095 -0.071139860900807456 -0.52607652677431083
0.50508539499322935 0.00037768715968683117 0.00079789303416557416 0.002816374848092208 0.49836297074882946 0.0067228549294933377 -0.0056119037085130379 0.49932618056800698 0.010537095570792701 -0.015310664468197944 0.49675508072989955
0.50399760235579927 -0.0082189600338202148 -0.0018255041189823324 0.0026779057684818844 0.49391841976151857 0.0056784228914850141 0.00011901274740253293 0.49644523928930279 -0.01053560256580266 0.013980929507022892 -0.50513003960997271
0.5055869387834987 -0.0043840199451718447 -0.00028991816640144125 0.0001388901261327833 0.49701014542169641 0.0032327990127709633 -0.0037585083069335921 -0.49646189675485136 0.010697864396249082 -0.021407025708561248 0.50027166854584337
0.50822837292185963 -1.5363176335449993e-06 -0.00022609785859140026 -0.00068766675910772316 0.49438170202125986 0.0063468746622631538 -0.0073785989424047247 -0.49595259809311326 0.0037143591499183191 0.01121555988558851 -0.50108565965561769
0.50526238335513718 -0.011966766360611159 0.0019729294632905691 0.0043121078257793754 -0.4965416218768347 0.010509191191230815 -0.011379822250082898 0.49729092383753931 0.012744695518626833 -0.022135768400282613 0.49979998559108307
0.50906285779605254 -0.0014931069803834052 0.00032543153213393039 0.0060446923422718549 -0.49849587045366561 0.0043175839647074865 -0.0030116026597287772 0.49468815493300827 0.003341184262052945 0.013966557199086424 -0.49736072445293045
0.50375562332268742 0.00020777950819165914 -0.00095646377063576945 0.004220453962554274 -0.49804305106667729 0.0051566056854308925 -0.0094621079201255859 -0.49853649160758584 0.0056045448726992613 -0.022333828393514457 0.49897861144664141
0.50253658028468895 -0.0035148058062851421 0.0020001986385315552 -0.0011205679910075072 -0.498098821772119 0.00056036549714144656 -0.0096948788105358907 -0.49778249461092217 0.0022598320626352176 0.022524227283182697 -0.50094188746455937
-0.49137646771194715 0.0083686195922809993 0.002783793600187285 2.0924052502320818e-06 0.4996488056961601 0.01047605321576835 -0.010854480163213921 0.49404241417457284 0.024412190764099506 0.012333034768624625 0.51358438586246302
-0.48816917509055913 0.007873150072615763 0.0067536379136954559 0.011590567789200418 0.50716871850309653 0.014069140830169835 -0.001901825772956817 0.49814715517142499 -0.0041227540974783936 0.033148583632813214 -0.50473838423083606
-0.49155496262212883 -0.0019996137446312992 -0.00061567979110182961 0.0047757669504410252 0.49791859079917272 0.0071221934349309148 -0.0010852604748609754 -0.5029051193603562 -0.010782405010754472 0.0035942354636119746 0.5072760283086174
-0.49074797089636962 -0.0080013484139904688 0.0021643160612537958 0.010982924801988342 0.51007129510460891 0.0095584997806273803 -0.00060606789585262565 -0.50853884868685628 -0.0089322194002355981 0.020072564774115596 -0.4895081074237817
-0.48577541178978645 -0.006996993837219548 0.00067124547857725183 0.0011318965347860445 -0.49185507025498831 0.0053697392556271853 -0.0082443200287774538 0.49556999549510949 0.047298058365175519 -0.058911076436249883 0.52024619641327652
-0.47789163065413603 0.0099324383962267077 -0.00067658058397655242 0.00041120341412013251 -0.47828143719569516 0.0065463250318844451 -0.0088266619618093001 0.48331835170756837 0.05761389534168275 -0.054363449161165679 -0.55024997685729071
-0.48831057995824417 0.0040172639734902642 0.0021110431406909042 0.0017875241794962635 -0.49760366692707375 0.0086099212590091539 -0.011540028633844632 -0.49947840802793519 -0.02714307253834445 -0.03120695916225703 0.51236995835807264
-0.4929142941892562 0.00072175321416775211 0.0013394124288226179 -0.0048840961108070399 -0.49821598166788961 0.0022498694712167512 -0.0093283101986145305 -0.50607970872707042 -0.0030623170312235664 0.0092296101021512953 -0.50248069663333284
0.0059526914743523044 0.4994152523730343 0.49889986567324296 -0.00020333519176566134 0.50358062033119089 0.0097795086347589929 -0.012295595494349632 -0.0053068376473639238 0.0051125802396428657 -0.012932448074727987 0.49758018750834193
0.010649757532502333 0.49780326268542585 0.50205843631377289 0.0049174317304439344 0.50482347397310434 0.0021511239458287799 -0.018123401825632678 -0.0021125680547493804 -0.00706920006938182 0.016440328430211204 -0.49445636195831505
-0.0030690696322870996 0.49836422793427976 0.50190401738173329 0.0043635297651096975 -0.50329967070982717 0.0034743642204772092 -0.0099427112162902148 0.004924021646496521 -0.001619511566974765 -0.016605176664276858 0.49595655668868521
0.010791734114038656 0.50042850317783028 0.50151377872860892 0.0082217950769827401 -0.49829913110973156 0.0011113500655650238 -0.013304566485000842 -0.0082669405102237994 -0.0093254298964317271 0.011743756733437867 -0.49909687545572728
0.0033561943454151282 0.49827945941769769 -0.49503961533007151 0.00015689619107475913 0.5021571036115654 0.0082204785754091663 -0.01042424487758605 -0.0075765958639923449 -0.0024255941997154838 -0.0012975558278634767 0.50422128187859694
0.019204917993368941 0.50168664829754273 -0.49690014890519207 0.0040402645308036285 0.50596846030111853 -0.0043681538371166525 -0.018575698450233602 0.0011569188382331373 -0.0071234865038631735 0.019415415803666632 -0.49418451541203023
-0.0032202775009164556 0.4998661814702412 -0.50049441603082001 0.00064165196783074363 -0.50292453964325989 3.3722636126399304e-05 -0.015008699724190845 0.0031744910404600253 0.0038999445045632512 -0.011438302029556629 0.49630019317552337
0.015516087258700467 0.50126658808255109 -0.49877351311742663 0.0054596983027152364 -0.4995781933008871 0.0014009653889024238 -0.016269975214521989 -0.0055767517062356399 -0.0084128471904074149 0.021391692058880179 -0.49928118966103402
0.0031033839427995853 -0.4937139930461778 0.50089351038587127 0.00054951371989178297 0.50466042066685035 0.0039798710731672026 -0.006044309415380286 -0.0018165581147822415 0.0046218790337535492 -0.0078001739977781349 0.50052196132157878
0.0015823135549101297 -0.49463552978417635 0.50778882774956047 -0.0045544895090184985 0.50305938537024386 0.0061909841114722135 -0.010053336532123602 -0.0025233166267548792 -0.0092827243155491797 0.021305225662889907 -0.49366826937745573
0.0047404829178277286 -0.49359005069575312 0.50763908010284342 -0.011263329301353223 -0.49317488147704175 0.010862173434254083 -0.0015445849472026116 -0.0003460147318652287 0.016386212404820587 9.679411949689397e-05 0.50488772822749095
-0.0040175296240640623 -0.49198047356841695 0.50795026140755672 -0.0027607470188134612 -0.50588688445199026 0.0076375970234484232 -0.010857135368890644 -0.0028661262558125431 -0.01240065560043202 0.014948487323077506 -0.49339110748520165
0.0073887631891962381 -0.49421320099411609 -0.4978391920202615 -0.00016905218143319732 0.50275958668592935 0.0061216208048332386 -0.0055747907966534598 0.002413480273334493 0.0050446399771656063 0.0027212766704762439 0.50495583498668384
0.0033385470590006016 -0.50014933301437248 -0.5067087905950044 -0.0052310194167393626 0.50482080616811542 0.0033470299636541565 -0.016250948615596606 0.0026386206022921414 -0.0022537160485212146 0.0214290230034779 -0.48730662820868603
0.0072896378415544458 -0.49513541825955409 -0.50197759376083995 0.0063026084062822729 -0.49791734746846572 0.0018672013581060923 -0.0093051810536540266 -0.0024043919355145483 0.016945870513448341 -0.014617655367941202 0.50423027877404358
-0.00033781436042374166 -0.49104648546078788 -0.50785224216345837 3.8275658766093727e-05 -0.50221210942332062 0.0079463032878714177 -0.017684589667742355 -0.0015637498086186043 -0.018056676243876552 0.014530416491670811 -0.49782207714166904
0.0005946848519389616 0.496692197132173 0.0038727720324666596 0.50169409835907974 -0.0016452774373977629 0.0087360202890637926 -0.0053478784023532891 0.50359508524489871 0.0041700240155245448 -0.018507341458053442 0.49750275929255
0.013907764097038132 0.50104412151501487 0.00451536831184876 0.50279690467678329 0.0087327152361438096 0.010883045192270806 0.0041642457728346353 0.49755821331790961 -0.0053932980474640469 0.019549290699469216 -0.49774367548751586
0.003467294761794709 0.49938389103611652 0.00023797646100624101 0.50018319620610618 0.0012149754504901301 0.0078514398986679196 -0.0078812496915623646 -0.49975059526204169 -0.005090881050916693 -0.019780386074820223 0.50012733104927765
0.0073440004248894325 0.49904298678169612 0.0018110922411815875 0.49917063904310566 0.0033183447974660251 0.015882487329835306 0.0013059120676192255 -0.50065053272406279 -0.0083880062374717262 0.014345763769002517 -0.50053518391618079
0.0030523894397760363 0.4964868313163962 0.0026331565120853032 -0.50087924118575311 -0.0048464832265240109 0.0020160710337447491 -0.015486811350591524 0.50085478764430635 -0.0070860651227165963 -0.0092573044356587409 0.50134393275039402
0.018167036959996764 0.50287477630815791 0.0077127335887898912 -0.49787181198095914 0.0070355034349386921 0.01616105492571886 -0.0017874853676955438 0.50204917664527093 -0.0030031159265466543 0.017662535491186834 -0.49614802020387466
0.0052080356287636537 0.49620377852991615 0.00090943260073558438 -0.49699456458931424 0.002198528191679061 0.011947117751319132 -0.0071713963461779891 -0.49951603888840107 -0.0093813636445264602 -0.0092061405261544601 0.50681577525787613
0.016558604970813746 0.50056146321847217 0.0027908313588620465 -0.50025572038998112 -0.00084755021303391015 0.021792835434407389 0.0031030006888120125 -0.50730174978454123 -0.0055595081025997459 0.018389089230356318 -0.49060274451025909
0.0057649014587818747 -0.49554285014459981 -0.014365138561183375 0.50758044954118831 0.0013124930864674264 0.0015403531549582794 -0.010983738480559375 0.49403602543446612 -0.0061532054829752329 -0.016307824891245458 0.50205541553197441
-0.0021101915256910159 -0.49411337165075386 -0.0037988318432872811 0.50572505052877903 0.0048590845314297852 0.0068968720800460402 0.0013466329726680578 0.50967671003543846 -0.0063396735269411874 0.031714783024670568 -0.48906636211185628
0.0058788626222120175 -0.49316809542689005 -0.0020961405239925983 0.50134352585015685 -0.0014425766496168467 0.003372746923902009 -0.0022537687430946147 -0.50192727628961575 -0.0065849722330681409 -0.020715398153445707 0.50297010619329163
0.0076530321753351671 -0.49553538619800475 0.0022359575803019278 0.50578898997675625 0.0058422933722159804 0.011512829764047596 -0.0025769305748633087 -0.50432303366725006 -0.01395530488366155 0.020302789359751945 -0.49339296300857194
0.0046530990808934811 -0.49853129853173772 0.00092027919992926583 -0.50012137505736731 0.0056913807887761002 0.0073373627060536652 -0.0038459909405316444 0.49187808411749817 -0.0023295434590086921 -0.017153509562381715 0.5088987293154823
-0.0036350407906496993 -0.49761075814798544 0.0057551721927773499 -0.50048570039393858 0.0089298399285044489 0.022080061266983801 -0.0084893288249170626 0.50514292332503774 -0.0035626101857237488 0.028802818313192854 -0.49517699277932353
0.0079606961010250474 -0.49630323418796318 -0.0028347885840331569 -0.49714082124581876 -0.0013195465922096875 0.0029381094151539277 -0.0060629283460194193 -0.50056203835059121 -0.015693920996546699 -0.010161676072485372 0.5054736877742021
0.004357250701104474 -0.49951774901235196 0.0031377251239411937 -0.50325148652425389 -0.0029342850848468899 0.016029595403314872 -0.011730074898510568 -0.50545529304449177 -0.011031843686026032 0.017861048332359228 -0.49077714318814936
0.0094537278870031292 0.49724418474818777 0.0053393196674919718 -0.0018237090335516081 -0.00034452060911677662 0.50730913489702212 0.4933599449439024 -0.00048538789142555283 0.00045640838487741498 -0.013267717224126781 0.50168099920584408
0.0035021931990434929 0.50820267052635537 0.0016044200199941444 -0.00014661891966548095 0.0041077421578513441 0.51023638175266939 0.49042649373836983 0.0013692406730294584 -0.013769460888585137 0.019993042694424597 -0.49015079868587635
0.0046994268464118256 0.4998511102240249 0.001684526980020507 0.0031798159822532795 -0.0056198753558268462 0.50090373481775397 -0.49943511340427243 0.003358650344368842 0.012580889943894662 -0.021815831022993483 0.49909595998427947
-0.018504968492541404 0.50085768957103338 0.0012205679902132802 0.0046119816403208261 0.0031117667917046131 0.50431582989996626 -0.50168722110122954 -0.0024212825909490148 0.00093208687014988926 0.0093402358968084093 -0.49259334362060631
0.006576811006337357 0.50212157252836054 0.0043384661726421003 7.6402311071633165e-05 0.0028502362262734005 -0.48474431331022672 0.48181873952836335 0.0019788081924015017 0.00030599220692943268 -0.023970023639243575 0.52924361270815601
0.011011477773152841 0.50275731715532701 0.0027525988208438532 0.013200676311960206 0.0021037428778299767 -0.5025651912959197 0.50467523760938726 0.0013985549722607899 -0.0089750567870567274 0.025858285945730194 -0.48878169104804159
0.003444470916195431 0.49666142743027625 0.0022726518020173159 0.0070307327289471306 -0.00025524884241715244 -0.49149330136972164 -0.51026497814466598 0.0027164500068580723 -0.00052879165487364449 -0.01699074002418198 0.50102748791062302
0.007159788196410841 0.50278344344552206 0.0053391585380000994 0.014134671917080012 0.001631649212720718 -0.48769057418428852 -0.51331593084014548 -0.0008142852190107261 -0.0095167052751894115 0.02041872992737833 -0.49505867562618217
0.0091334172796527259 -0.49491352752830847 0.0033544577319122911 0.00065026985274302222 0.0063131573495572042 0.49752920887708185 0.49498198288135842 -0.010254772745905852 0.015405295502884088 0.0059090559820014306 0.51186499417892328
-0.0068337797548442044 -0.49998773459407869 0.0018312365529779672 0.0020726529875611179 0.0078210327486596572 0.5129396231736012 0.49840654883657393 0.0044996351301413032 -0.016267221341424856 0.022090587024392573 -0.48745024223252797
0.0048796562576561529 -0.50148174719339522 0.0025832278992339135 0.0043319369801326996 0.0026269872596517332 0.4986148194712125 -0.49716462330976291 -0.0041036425425428616 0.0013483045717784916 -0.01552421614696088 0.50240506209518265
0.013393956629131379 -0.49885595551816253 0.0010833162254604064 0.0054529020452459007 -0.0022239794087918706 0.50666077676975729 -0.50428090292871663 -0.00030757802166264257 -0.0031508801732100591 0.015064600066978587 -0.48957751906096425
0.004801716143627688 -0.49229219466252627 -0.00025918487782154639 0.0062159010254101109 0.0056915729814144009 -0.49448865696549577 0.49285459835088979 0.00083823966917828294 0.010908628096449581 -0.026650937819906673 0.51894082486208515
0.036896230794094959 -0.46068445939622993 -0.0015980861974345124 -0.0050177449629483072 -0.0020968004202710933 -0.44155559368289343 0.4417995217130567 0.0003347472022079015 0.14923695739788925 -0.14724862133691943 -0.59351855161801981
0.0087212011172874363 -0.49557665554149072 0.00053159172186500396 0.0024191759157265575 0.01086117192618999 -0.49370928834038297 -0.49953513812852374 -0.0053543099174518877 -0.015976265469356016 -0.020383607681078067 0.5101176357489674
0.0020803256276993058 -0.49199971691060734 -0.00092394174584316062 -0.0079134731783075864 0.0084196930117379516 -0.49988671960004677 -0.51220435506217887 -0.0029855872575895843 -0.010866926796072617 0.03672775303340188 -0.49404616929934286
0.0073066119233066813 0.003140801160789128 0.49802929465880724 -0.0023552594839614418 0.0022648727193230376 0.50248706092716156 -0.0042706051747519926 0.50018944683291633 0.0084076384981726579 -0.022470155301877168 0.49861441024207187
0.010436579678101852 0.0029615187040547544 0.49971592022609729 0.0037362741637083029 0.0060270445452066616 0.50750569403256574 -0.0020627130371051864 0.49341408669020348 -0.00582248968713844 0.0088878958182966074 -0.4989783361935522
0.0029358725933175444 0.0037762519080682851 0.49854379189482795 0.0046197977483675391 0.001975318967083345 0.50492510696378734 -0.0073668954235502956 -0.49804435468372332 0.0071026336889445704 -0.01925789985207163 0.49792854465834763
0.015021496854958618 -0.0035524432865291231 0.49950832993544314 0.0019970269170421656 -0.00083973928102801666 0.50320209102578239 -0.011683400916708405 -0.49904942670097396 -0.0044562190236294872 0.01427586513227681 -0.49761997051157109
0.0089547960648230646 0.0011944943311603634 0.50307441091326355 -0.0021925911963122072 0.0088127758290230777 -0.48965757858689823 -0.0059146720798800116 0.49788713697997761 0.034944982537788043 -0.018835835222846393 0.50742977853532789
-0.0038281376196204506 0.012505493818104957 0.49782933549830183 0.0097971042953251264 0.0072905990178120574 -0.50681847955266446 -0.0050618451894598347 0.49254756261438126 -0.0067898748324550697 0.029781480995765469 -0.50141703269507321
0.0033654125396615892 0.00055676838205102137 0.49650727960907365 -0.0010054201815531557 0.0020675427022098501 -0.48720927672487013 -0.010523650004365125 -0.50685834402479035 0.031464005516729905 -0.028128513141893505 0.50724096380474659
0.0087110592162812864 0.00019963946201728645 0.49550107586748887 -0.013072865722446271 0.0038344000519687344 -0.49479016037175721 -0.0066406487720941524 -0.51208044066276881 -0.0041867705502339151 0.012345082046506013 -0.49695014854515018
0.0084859889003926128 0.0018324672987894096 -0.49489839902067523 -0.0012286718243460014 0.0019869188210032284 0.50318952011835694 -0.0054926870700659682 0.50077599515624049 0.0096102244971959083 -0.017439115428412821 0.50059145814443684
0.0087728495352637544 -0.0077249550647697533 -0.5017535907496975 0.00012065189958999728 0.0068116938582029069 0.50819368447118873 -0.0056235484494230542 0.49191732011985972 0.00040302729094167226 0.0081782966817093225 -0.49771290980331673
0.0021803885459953268 -0.00036736638558801344 -0.49672984444918267 0.0055398036117047357 -0.0017382991758938316 0.50697532107949372 -0.0074598195726522636 -0.49890257603854971 0.0066786362452303082 -0.018790187710024445 0.49682973005573022
0.013885931334176168 -0.00076729503057552874 -0.49554177342143618 0.0010432446092671819 -0.0042212532719496298 0.50534021114052252 -0.014183642985334201 -0.50050256476223032 -0.0046560211545627365 0.012322973025270065 -0.49797568150515992
0.01498595104654174 0.0095941214890562423 -0.49686293346743182 0.0036721525747478098 -0.0017703015113516231 -0.4894811525343381 -0.0039153476162461683 0.50540928033911914 0.037600847846131123 -0.024527035649964526 0.50570041749589234
1.8470634875910413e-05 0.01025547103185084 -0.50016263796721749 0.0082854873206036801 0.0022662140712777319 -0.50556124432812921 -0.010662340960620718 0.48917800163821246 -0.018751756338304483 0.02393621015428159 -0.50371899948048904
0.0030892980986076545 0.0058509473467184929 -0.49569156987572521 0.00027895476461320797 -0.00033262625236486158 -0.48416581005988479 -0.010242758901698701 -0.50063882228226064 0.047403868830884675 -0.047408968713116353 0.51438360057349197
0.013949386385644786 0.00011290691328256759 -0.49676576086070268 -0.0059333087012918033 0.0029505304528423932 -0.49595580782585258 -0.013567820710715713 -0.50462164212688299 0.0035754769103102978 0.031998803543656182 -0.50114799479261241
0.0044045424175261682 0.0036139132253103115 0.001256122424093806 0.49557116428109049 0.5086866754894761 0.010578228432524312 0.49065687411032843 0.0046079753859999432 0.017009826367581065 -0.037781310312668757 0.50300992737584427
0.010615599225449534 -0.0064964170086723267 -0.002968151022170715 0.50657934465520438 0.50350938396186373 0.0067669069144034241 0.49176224331127799 0.00041808557945229729 -0.010095555541754515 0.0096669065434337089 -0.49761483542454321
0.0023726928834689421 0.0023763176383871966 0.0015479195774451464 0.50109789581951913 0.49953263043007995 0.0053235031333078208 -0.50159747818027534 -0.0037976431434541447 0.0071006675900076198 -0.019842418587676769 0.49725993642892635
0.012275976088676034 -0.0086377027350315813 0.00029037886048346507 0.4988338787482246 0.50100352078095378 0.0085192387973899025 -0.50072354164499333 0.00021671791882995172 -0.0011760905146720505 0.015800380131963394 -0.49888587372832788
0.0036482037774015039 0.0070541267598809429 0.0031186479780335391 0.49617221860122951 -0.49684035777445346 0.0085851351824373801 0.4913932046393224 -0.005751244651250694 0.014510808536692529 -0.050013333636683616 0.51244905335247237
0.010281542855478921 0.0016566331319899359 -0.0011354519486100531 0.50572707581545562 -0.49305543592225354 0.0051663694031738724 0.49811258377846895 -0.0065335597808489311 -0.0080030837319771259 0.034560069643894527 -0.5015802482445062
0.0056891316340831125 0.003987495731332261 0.00057424290361163136 0.50291171056219985 -0.49984585892473038 0.005272728495607156 -0.5005550422051499 -0.00024268872145367533 0.0088004206027724949 -0.020824562115923036 0.49607561114070292
0.0080604257781203299 -0.002402872611502912 0.0025874840550440749 0.50540673955860715 -0.49149907177254187 0.0074663101030180788 -0.50187731943784952 -0.0060298240570300877 0.0010167564588214272 0.019756965441712682 -0.50055062772233683
0.007025470902965735 0.006234317484698282 0.0023520795392215159 -0.49651048170421647 0.50738924351635939 0.01719510835977241 0.48339308403773218 0.0036145640620382519 0.036588262255176716 -0.059703232889799292 0.50700981589605931
0.011592204837420104 0.0012912502484997653 -0.0050934168381271353 -0.49202599745791853 0.5114545410117084 0.014590734375443466 0.49719531223397168 -0.0039967818699092805 -0.0097534485493067612 0.010265469016686101 -0.49852796205795286
0.0023345534449702703 0.0019161733234213472 0.0013083745597619347 -0.4944873384236842 0.4966829347350471 0.010096170426557241 -0.50793118599212062 -0.0044243328536650679 0.012425269006917983 -0.019837563610425945 0.50011397446574535
0.015127094524995567 -0.0026678273489520584 0.0011734428887856629 -0.49365333699228697 0.49887456207125036 0.018126215623441952 -0.50676766482309954 0.0039172001973770756 0.00092847257757669173 0.012888703920555286 -0.49986886272731806
0.017210993719948168 0.016219817934490909 -0.00074246745077977973 -0.49820069238968395 -0.50626896651298725 0.0048575711639331377 0.48523606607079633 0.0013182968848393214 0.023955702592011876 -0.050450182820318934 0.50628991816775071
0.00098391147491460663 0.0078203077769069072 0.0062734078598462558 -0.49327230856599308 -0.50151369623212638 0.012750677035958495 0.4997972253578738 -0.012853936074580656 -0.010726335270455942 0.03466572377762614 -0.50361009180277494
0.0088066380639042346 -0.0016238517778841902 -0.00039622220910724313 -0.49117775702407301 -0.50019049651894576 0.0062991403312485077 -0.50643112476534469 -0.00069203499181216908 0.0056961496247167221 -0.018783643481573749 0.50157313907433509
0.0078751934100588245 -0.0028176511184509678 -0.00089985396230608317 -0.49963228709267904 -0.49352041939307889 0.0057273259822537672 -0.50912506087740095 -0.0055167492038973249 0.0040217509951683082 0.0080205365833339662 -0.49737544961943919
0.50379314188504909 0.49596514133905401 0.0011495503029988724 0.011027301342245685 -0.0010309851341356198 0.0027820143881421328 -0.0043905920803600073 -0.0044963379017062448 0.48423920801060549 0.20374485037811743 0.47332890721700727
0.49261822485815437 0.51533425642746289 0.010786020976771582 -0.001514334373763075 0.018597446723306443 -0.0087715851032846275 0.010771673598046165 -0.024930238985461511 -0.46971334482953975 -0.22565841688539559 -0.46789588405204607
0.49807764973733354 0.49690643221673408 -0.0028291698203183773 0.03301715546310572 0.00032203386578423228 0.0058132384426194342 -0.0080333406348746961 -0.00041064037938354469 0.46482586354928301 -0.47394618091425783 -0.25123265957115837
0.48868156236091181 0.51813602559858696 -0.0052279431242817165 -0.0064573849838824721 0.020973593584403379 -0.0077920055249062897 0.0077224709554436716 -0.020359197071392266 -0.45188832006285967 0.46167994939285556 0.27263563680054964
0.49242662420820854 0.51291053693186095 0.0075298734449516921 -0.0060765013456837574 0.02669663390902368 -0.012484669051151739 0.012608072867387876 -0.020356392434031007 0.25387626270055097 0.47281357723643008 -0.45265596096022082
0.50460261100179549 0.49655191156633482 0.0038600307829626404 0.0026703193718695594 0.00053927304008503246 0.004482754104940887 -0.0063964488603667638 -0.00010087753745344068 -0.22880231776479412 -0.48649528046119894 0.45793111325521008
0.50096554320627429 -0.49630577596078079 -0.0088087553453629376 -0.00022155304414002709 0.0099855898639801492 -0.0099392183721519877 -0.0037459261862573716 -0.006217044358678374 0.47854033044886291 0.21185222550172447 0.47801993789490799
0.49296765046946178 -0.50164300752051549 0.011254786520484032 -0.0065792768165054928 0.023963143225266038 0.0031238839439756091 5.2718041262980828e-06 -0.030672962753544496 -0.47897169901170872 -0.23629869174519269 -0.46732370982295124
0.5058707393428119 -0.49443622715553648 0.011474291402588674 -0.0043041952108705582 -0.0051536354732964048 0.022858233800534478 -0.023066622724788755 0.0097901452565493756 0.4667819437904383 -0.47241735274220847 -0.2392423746610772
0.51004649240638822 -0.49402380304689508 0.0020140927815714086 0.0039299734197948419 0.014173743138496805 -0.010557917328291491 0.017911451614523649 -0.01877370577265567 -0.45630641991331006 0.46584078246994165 0.26375127703890938
0.49312172269511673 -0.50457961910504245 0.0038274429150206603 -0.0042980169707257394 0.026532589799438362 0.0015703704977996665 -0.0032091264334290987 -0.022106990923597195 0.25869757599474713 0.47971551009104901 -0.45159759072459765
0.50446657851302312 -0.49571074579239044 -0.0016369054285080187 0.019929202384869674 0.005776747392335988 0.010050070274118644 -0.00051337662599509372 -0.01186849186957234 -0.23403988635597037 -0.48034172489474969 0.46217543708432868
-0.49233867197446446 0.49958508376752159 0.021881097075661934 -0.0030965818083958522 0.0032037150803627631 0.0010502944044782285 0.0015347607574375138 0.0010141096243189856 0.48486041839218497 0.21335858164032476 0.47634309528606361
-0.52171654273563206 0.49987718425961636 -0.0024038705636177304 0.0044432173085719746 -0.0097664774022189933 -0.010145324720232923 -0.0033789993813000564 -0.0048913418805198875 -0.47275845500902658 -0.21677206164325005 -0.45517556049352464
-0.50894216536454584 0.49663551654678012 -0.0022348132507555543 0.00087878733482266906 -0.0050886641305073919 -0.0099621278671600637 0.0069507494738903792 0.0034528348967317116 0.4594973825985752 -0.47692280924100416 -0.23568344297021396
-0.50291105631164845 0.5001071207848472 0.0073406529475320637 0.017659077666585806 -0.0067145165290935669 -0.0018506733008674333 0.012816224074603592 -0.012319133428612026 -0.4539457587625112 0.46892930346626843 0.265106844593612
-0.51945904146924471 0.49163635428653713 0.0066928016540403019 0.00080391123842804698 0.0090199981104171142 -0.016182246784148153 0.0048733781342719254 0.0030496204407933812 0.23531003437411604 0.47877603947268005 -0.45103988269994022
-0.49273040563840387 0.50191009891619043 -0.018653592553291524 -0.022960690390557533 -0.010797658091400219 -7.3790463042862838e-05 -0.0052794349390640569 0.0074802259328729508 -0.23531218814781282 -0.47531062483376052 0.47216036798703614
-0.49245579592778754 -0.5034401187596641 -0.022510360789237096 -0.010401140205857098 0.010834564865249571 0.0055688620306895342 -0.01019467040119882 -0.0091990794391524112 0.48481878250036009 0.19335685225663415 0.48025759468535495
-0.4964599123769457 -0.499799628249184 -0.010225691498162348 0.025553584706420374 0.00068727324623563157 0.037776066008464115 -0.041464129733827175 0.0027749325003690985 -0.47241755430174404 -0.24906244543572317 -0.46325523353251957
-0.48602591831969788 -0.50028313687958847 0.0042207148403434818 -0.019651684449038326 0.0019022588888330002 0.0069489248895596148 -0.0041369737944788407 -0.0011454929543643811 0.46756980745224663 -0.47950000894937272 -0.25392808088964919
-0.4788311007308102 -0.51723624640549604 0.0022478544269776712 0.015090957104735117 -0.00064999890311046114 0.037128626272057375 -0.036350628918048952 0.0016407880766433089 -0.45031678535744019 0.46091562649497586 0.29158740168913794
-0.49685474510937011 -0.50092311926441246 0.0087609740132288966 0.025034818838892244 -0.00021768109324490852 0.039847709298625758 -0.037681648899143133 0.0022495324042695517 0.27514311811555253 0.47274640622948239 -0.44643268204547409
-0.49518339321411953 -0.49034752096857742 -0.0065044837580922549 -0.020305431971001126 -0.0020847766452412944 0.011394508747609354 -0.0085289316288369062 0.00010527049508370923 -0.23456887524142958 -0.48981868694236069 0.46770317371020542
-0.0019836326209388649 -0.0089186102480993072 0.50531175993387745 0.50353417853791516 -0.012275569569024789 0.0039356906857360187 -0.00050856054963627358 0.0060571565439758125 0.46776051241420336 0.23269155004022815 0.46677778270475923
-0.0108846584059701 0.017007398293589441 0.49287432978411722 0.4983434405488627 -0.0054299687645756141 0.016250204157283947 0.0057460627729684832 -0.016062777992219099 -0.48707472015832021 -0.20222487432658229 -0.47916564602711686
-2.5686034695993451e-05 -0.014945065676317532 0.49629595221128275 0.50705069430965655 0.0016908226408981241 -0.0019001762502306612 -0.010733884437312588 0.0073500595810721643 0.44736867243412554 -0.46661076072305063 -0.27986876437178498
0.0077334998093686221 -0.0020047895647922038 0.49992278008936847 0.49478517850029802 0.017071406887970157 -0.0022228759835658733 -0.014432136699351908 -0.0041087519541396786 -0.46718540868309444 0.47681486524721239 0.24303261211910401
-8.0725056277689347e-05 0.015011649674405041 0.50623750946041879 0.49235642882993835 0.016544909515296625 0.0051072461882868568 0.00949460395174943 -0.014992330141615174 0.22998871055488304 0.48322801879380822 -0.4626710648730919
-0.00035453094742645536 4.5440466170269127e-05 0.50090058528050807 0.50001194186130504 -0.010143672847288586 0.011114246797014588 -0.01044252605479015 0.017567052958517359 -0.2157799067700103 -0.48875791688253095 0.46151619272017663
0.0072283968612071314 -0.0065947456085608275 0.49236857345758067 -0.50942453810075117 -0.014556586545982903 -0.0045702210127477492 -0.011866168348181095 0.015427055571598432 0.47527238525493892 0.24017372326207292 0.4623691693906723
-0.026165727391003639 -0.021601725754171193 0.5053695258230485 -0.49172640690779884 0.0011736606787817825 -0.025853162210403274 0.00042342962411562107 0.018439534578032466 -0.48377903838843567 -0.1929366600403172 -0.47893510134271255
0.0017869454912362152 -0.0028770748425869033 0.51109758040239117 -0.51150140771597086 -0.0090001797804654185 -0.0088049322024052763 0.0042350019871412927 0.021504238949058927 0.45849424144648199 -0.45270433414471617 -0.24766312055449086
-0.023242276584323297 -0.0050225109641985595 0.49596719430671354 -0.49612888125343702 0.006712353721915261 -0.025649105410656282 0.02559412219261362 -0.0078086281053116827 -0.46176906566692455 0.48031968818581672 0.2488987894509628
-0.016369642879083945 -0.0095157643903448445 0.48666430441050218 -0.49906971627196067 0.010709221320984381 -0.020211399894474541 0.023577229443868843 -0.0039315210596063098 0.23456774296173377 0.49061878706800455 -0.46573104594563625
-0.00087582869303641205 -0.0062553345046877694 0.5035608226006596 -0.51482529778238084 -0.01113164665471141 -0.0036878842413525909 0.0041143358568173716 0.0089234346114766602 -0.25218011121388756 -0.46859123911799611 0.44489873798106716
0.0026792499894349358 -0.0034029145794557281 -0.4982957612887462 0.50229907218531367 0.002247948542153128 0.0067543174462801111 0.0034187341472707777 0.0051643991255228014 0.4923067198271085 0.17760542205962487 0.47474160654516678
0.0028024916205844092 0.026157178396770613 -0.49925685361971811 0.49144174768335053 -0.0060250208942117895 0.017581282212458155 -0.015449749219425577 -0.0070426400977795355 -0.4832061132312791 -0.20997334652565289 -0.47992176529091479
-3.4809863216830533e-05 -0.02367775361705822 -0.50335125654183877 0.49582144536061584 0.0023741035121507136 -0.0049449054528081923 -0.0037134984111341467 0.0070619836206921062 0.45447322237082016 -0.46226199245609867 -0.28268738912101116
0.0078719967955174826 -0.0083320525253260547 -0.49205077503206179 0.50800205612669636 0.01646961243251369 -0.0059115737019042654 0.015941996681899894 -0.010249140236672668 -0.46794216636818881 0.47265901194534171 0.23800578715433637
-0.011134843234040974 0.015959150710310427 -0.48533106523559139 0.50799140387636577 -0.010408581437758264 0.0047004635083978882 -0.0070508767235661325 0.010826663957652635 0.23108139713587625 0.48631563546977186 -0.46456532117169969
-0.0058544697661579307 -0.0041122095398887764 -0.50443305733107136 0.50411255692960144 -0.015648276505908665 0.0012097079978411714 -0.0029639848588284127 0.01530654228167715 -0.25674345349985533 -0.4726846765168321 0.44892006394370509
0.0099214882108443741 -0.0095077469224596426 -0.50473264390972139 -0.51544531383962788 0.006629307603894811 0.00047477973924717816 -0.0070945345420303577 0.0051271197854122659 0.45412835461818679 0.20102609760634332 0.48229390016149282
-0.021567875955958628 0.0039750301631788004 -0.48616623632524486 -0.49857192754919966 0.0030797622206866948 -0.029313511201785207 0.023656898961356004 -0.0036111106250429543 -0.48969057823343681 -0.21054378033103519 -0.47856080895719405
-0.0024386636179964494 -0.0098394658351348314 -0.51894963357996793 -0.50527048064164404 0.00074074399257463824 0.0016272337746813964 -0.003614449645896003 0.0046928061040187145 0.43460676598678899 -0.47753774111884961 -0.24150908581259445
-0.021367487198146826 0.0028146168327377566 -0.49622835880274369 -0.48348903848809566 0.0045684299284872157 -0.015107602618506039 0.025733864639137696 0.0087840468813653455 -0.47003891002369291 0.48000616146022451 0.25923016906005364
0.018776910925375197 0.00043676295447711707 -0.51041250923677628 -0.49870769254101827 -0.010699230198979552 -0.0014313640513207214 -0.0073673057345197517 -0.0093284922537508978 0.21476135872808569 0.48537682880440913 -0.45655888693013352
0.028753765277633538 -0.0048208956519390292 -0.5109568366283922 -0.48611250639228454 0.023824922612855143 0.0022656698668450581 -0.012278279561669827 -0.023489221593752819 -0.2742129460254521 -0.47081023687226697 0.45126205622673699
0.0081231690971162937 -1.3960279031284845e-05 0.030703450761952147 -0.0025701533975453824 0.49491079761981294 0.49923038514803458 -0.0049152696455330618 -0.0026486255477236893 0.4827889457935105 0.20695145467711634 0.47840546132925094
-0.0060408289119688961 0.018241103791517558 0.00031602263778228104 0.0057479018364334387 0.51732951468719535 0.49106228398284307 0.009921862044596436 -0.018255897616967071 -0.47164513900956484 -0.22975800485112391 -0.46384915615640054
0.0027281822389949892 0.0033224730819321909 0.002569623748533173 -0.0015785250778102913 0.49712273362756332 0.50392175300556097 -0.0053727300652797565 -0.0031708587870057773 0.46496470333589607 -0.47190446818474369 -0.24490682928484542
-0.010106011022242956 0.022575452798036168 -0.0047452583604361527 0.0073522850725733033 0.51782544005452691 0.48683932016111853 0.0092426692196301927 -0.020842044203428504 -0.45174390990520541 0.46398665274703182 0.27254346822509556
-0.01245299784336126 0.02610697094600134 -0.011760068773042587 0.01210735885884304 0.51330683397449073 0.49328826052192698 0.0085414636095550809 -0.01679587317379513 0.25509747474731442 0.47585500685610294 -0.44742986115619099
0.0036723109197289187 0.0058198899671156115 0.00046151889377334316 0.010788892558981893 0.49331187867347387 0.50498167594053001 -0.004082486326271677 -0.00048157719347520446 -0.22959025516016654 -0.48321059481683792 0.46395243755791626
-0.0067702937407054329 -0.0031162571864117947 -0.003471845625376752 -0.0054554988654477148 0.49740827632972262 -0.50553229653112564 0.0050248888784907384 0.0088012243051464132 0.48840293153512082 0.1889383040894127 0.47179118510709978
-0.01097354916369378 0.01110190390310122 0.0023901312109713964 0.025730076672224555 0.50174925351023558 -0.50054182196835995 0.0027069606224361144 0.0041599353909917572 -0.47285046265745878 -0.20766453500985299 -0.47964299077931882
0.0073744275518582902 -0.0037243487121918833 0.0036828534389308568 0.0016426774974147543 0.49708772532875034 -0.49245412668077954 -0.0079328113780338903 0.0053182489593848765 0.45874383227096738 -0.48312243647106717 -0.25761173527607684
-0.0099256044169837212 -0.016724473920588501 -0.0002691783476531688 0.0089949973795545243 0.49897921673427037 -0.51589880413939493 0.02425863200077823 -0.0041255463386414976 -0.45694411162562026 0.45452454053998298 0.26155874408522567
-0.0054678649820382686 -0.00074632539421245071 -0.0069958724274370963 0.011274140619185344 0.50063021460181167 -0.51003733434842746 0.0015579781787884595 -0.00026473357487176446 0.23856732993305713 0.48342940527680534 -0.4454255769420648
-0.0047189939982840183 -0.0067635054480398443 0.00099974070797786909 0.0071217594388202805 0.50160226898165905 -0.49428775067234565 0.0097903894367142481 0.010374180560160557 -0.23221697513510428 -0.49316774186010343 0.45454640020412346
0.024308568614788542 -0.010773045541295431 -0.015966941302134795 -0.0018119605801938104 -0.49617749136228612 0.50527833542659495 -0.01955536192049635 0.0061031769267458763 0.47993940955958142 0.19836941316190732 0.47689054038101164
-0.010432576601982664 0.023379594290470047 0.0009059017668759168 -0.010631323568023373 -0.49655346569586672 0.50944588048756467 0.0084161638022370398 -0.024045613744961569 -0.47143772337479978 -0.21937606092107403 -0.47127683403444759
-0.0046056434711883969 0.0077065376790692525 -0.0003314400248839538 0.022624772419217117 -0.49509102838617119 0.50345287541832073 -0.0083643868672367665 -0.0052668289188009037 0.46116463489313531 -0.47429504686635476 -0.25119945974793229
0.001813147790140182 0.018176238608177558 0.0012207434444730511 -0.0037542689347632133 -0.50378513608746656 0.49825557957465921 -0.0080569851836581954 -0.016275224612944419 -0.45526753704709738 0.46324238448596072 0.27459211779617942
0.0062262211216300217 0.017405780765117812 -0.0049432297302809741 -0.010720912192358566 -0.50022138111284431 0.49802710072464135 -0.0031776099416548835 -0.019338036119873628 0.25784570601920637 0.47421079365849994 -0.45773587856839787
0.01180779540344048 0.00054095953186785719 -0.010254401764870625 -0.0019051313329830786 -0.49888517099871321 0.50083290054953922 0.0048226267637125064 -0.012697161807960756 -0.2361475213250821 -0.48766089327922946 0.45416761071823269
0.0021506898622446692 0.0021976283288873072 -0.022047426288222094 -0.0089099431027801664 -0.50015812160839546 -0.48669818183923075 -0.0051145163860758514 -0.00124943234522628 0.48838449945227941 0.20927028110049156 0.47963591696012781
0.037133846351751987 -0.001368006403857372 0.00134299590168581 0.018150044486589488 -0.51552973913931033 -0.47920312571850471 -0.03895228289862121 0.0028940628213818894 -0.47115470975093293 -0.24691371751275443 -0.46733567193852599
0.019536668372355685 -0.00044440030520047694 -0.010329129099287749 -0.031781091879110442 -0.51040821687710758 -0.48735102737509228 -0.0065893829537720435 -0.017946545920478188 0.46374243115931163 -0.47844125503519858 -0.2369498790750495
0.034523996225015202 0.0066937969524124242 -0.0018054764840283405 0.030992934042983096 -0.50633047566757894 -0.49225191768255416 -0.040812158132457491 0.0033534249036354779 -0.45121977026150312 0.45808749289180961 0.28982176260663889
0.038654387958783398 -0.0021337742435482625 0.017007881832980663 0.020328956868863657 -0.50229099421895451 -0.49217207812369024 -0.035223076842315369 0.0015118107344420915 0.27738728300852128 0.46975183187356162 -0.45212356095627027
0.011228654081913475 -0.0053676582890892369 -0.010702750556110682 -0.015251633081853637 -0.49259108054577538 -0.49147003461215433 -0.0041801588731422822 -0.0011691326107103031 -0.23863404768802526 -0.49343071258600457 0.46354100077293559
0.0094883845856434824 0.0094393517027472583 -0.010931316819685276 -0.021708797675484112 0.0059736811859256531 0.0069527413537784208 0.49866728686050188 0.49520159604922431 0.48858578693167753 0.19535618822788298 0.47788312687217571
0.042217356691955164 -0.0011351320059440197 -0.0050374022697621734 0.025148738247675613 -0.0027446068027634401 0.037309767974732261 0.49318844580888854 0.50308092875154997 -0.46856970743633664 -0.24939815052453371 -0.46698688203677019
0.0045351453451009738 0.0023467246532102655 -0.012820000419718874 -0.013199797051689032 0.0026285891820173536 0.0085773840018508168 0.49039888400356801 0.49586905282451094 0.47054476683552343 -0.47857303638247617 -0.25046585707450797
0.032322110468987926 0.0079318007328647248 0.0081757734030698474 0.023969285968429691 -0.0036752014142671773 0.040577451992794361 0.49242878126125755 0.50616681918355932 -0.44769199356889189 0.46004206295142736 0.29297301378895579
0.039052034965580469 -0.0037818538582249698 0.0079225474077895194 0.017099892098440088 -0.0017022428479707432 0.038028233885386134 0.48097827676597166 0.51728468238657055 0.27275269897175469 0.4717005531700072 -0.44814888917219681
0.008594733979244585 0.0069730012596652766 -0.015630215540155014 -0.029981687296908439 -0.0021152197238620669 0.013319269117725312 0.48796620966255633 0.5034156550271266 -0.22853276633393563 -0.49049977352225832 0.46281403273181543
-0.0017572495542835837 -0.0041578983097960587 0.023133873460943141 -0.0052599327430783291 0.00061808020044281135 0.00039580061892405006 0.49495672329465562 -0.4963012673446302 0.49024185942268622 0.21288613896694866 0.47165829525587732
-0.0033247452910774937 0.0087143432781779748 -0.0022471456522891969 0.0075996287860375751 -0.0086594170885784371 0.00085172442768922387 0.51392830683183122 -0.50595790094516302 -0.46373740685294779 -0.20856046106688503 -0.47022222491381699
0.0032599272902346997 0.0026563846455216812 0.0053397607063556569 0.020583223334153446 0.00072024051027572914 0.0054598655715576453 0.4922432754887287 -0.49592105684007004 0.46893269012669087 -0.47330286626124513 -0.2595095326326009
-0.015370649437508391 -0.012950091447824443 -0.0021618525776687758 0.0055673963329466378 0.0085164398369515643 -0.00041756129342778407 0.5131963368106407 -0.50405509115333214 -0.44560718745953792 0.46448679584020308 0.26025353137850732
-0.0067904717569007142 -0.0027090996955362254 -0.01721659229107474 0.0073452936882701676 -0.0045777966872971778 -0.0054548641492325042 0.50548827838302945 -0.49519898661960959 0.25501201794944611 0.47546075654346714 -0.45575319842433987
-0.010676447682801753 -0.0030014360173046799 -0.0068405095654619115 -0.004773915454687758 -0.0022335729411942797 -0.0044601971672499994 0.50418638994373532 -0.49895687215203011 -0.21153546908050833 -0.48821695550114935 0.46207966132455641
0.011607224802277074 -0.00013038880190614706 0.0021050068407702112 0.013568993516117685 0.0078023805819596613 -0.0035159515940094465 -0.49964349278338771 0.49698001485186311 0.48511941545707449 0.20519358298976217 0.47489520826959403
0.0024899375369306976 0.025459048198594951 0.0013021692491963623 0.00074935110123882016 0.022196177995614661 0.0042361084727652503 -0.49696827286505035 0.50311091018686216 -0.47315322729409182 -0.23479051164184672 -0.46875809532430729
-0.0076554016569727792 0.010120745427602358 -0.011491472684971311 -0.0070658485390564449 0.0013609429928328099 0.011083450447615904 -0.50202295619041926 0.49633328244925085 0.46489129652472289 -0.47189518665366553 -0.24969887776561658
0.0031408774250899561 0.023768693861349069 -0.0040396527824207466 0.0010853595422740114 0.024279924678317088 0.0065412578568674416 -0.49816955875174795 0.4967308425511564 -0.45411343538743248 0.46635963790376089 0.28310885046366374
-0.00023451238821904901 0.019649830638283152 -0.002224764673213829 -0.0064901676367972692 0.025667026990389707 -0.005819716022403611 -0.50844647146542943 0.49389587060751938 0.25607891510395603 0.47671077280301799 -0.4512134471852981
0.021571181428552671 -0.0087909602409549665 -0.010179760663580213 -0.011635811800520684 -0.011119026780745155 0.024042513012698753 -0.50408356572138069 0.49780695111749984 -0.22843981954693782 -0.48308530624853502 0.45940019834422802
0.0050070974871482161 0.0015535791555699812 0.0039492254003884956 0.0038807060930347507 -0.00087516399234483443 0.0038208213788157156 -0.50525418450247228 -0.49544087539428644 0.4804608635922018 0.20427329018937201 0.47603867912200704
-0.010107414281427635 0.022954018728756482 0.0051924628634974612 -0.0021801646749700834 0.021758805815125071 -0.010793461267738259 -0.48771606717631699 -0.51868428616407869 -0.47345553361973108 -0.22586264172553214 -0.46548347751306096
0.0030255395809894829 -0.00073627915036361897 -0.0023205380645228272 0.0136233002660724 0.0038529235495813898 0.0043244364937725151 -0.50463992174615346 -0.49584140243081914 0.46156104833288297 -0.47377621774352646 -0.24848164158203695
-0.0091100227015338195 0.017632717155975169 0.0075171822930112393 -0.0080776743125294294 0.019730538399806864 -0.010681172483787433 -0.48750332635574528 -0.51909118369168261 -0.45438717523022881 0.46162524032020247 0.26888703691370996
-0.010699058208718316 0.02437909860705963 0.014290551034701771 -0.0095826858913906805 0.023070790661731323 -0.0076531159623897437 -0.48556584979726264 -0.51546476098903005 0.2594911131883943 0.47502138132457356 -0.45160297338593824
0.0043122998718249086 0.0036293073319629571 -0.0057746593959258205 0.027677143047463947 0.00044115460605508039 0.0061873726917944889 -0.50412618803794629 -0.49351800919608241 -0.2330672068621471 -0.48504128179517747 0.46026272522866374
-0.001368674080948248 0.0043130265284153941 0.039065225569780815 0.014118909027145356 -0.0040743967813882571 0.0055570054858632336 -0.0056246866841612973 -0.0029345655960056373 0.93844988688965258 -0.26280822383917229 0.22002274104545227
0.0054092599239711613 0.0068862236760203355 -0.03002659134852078 0.020422036793822047 0.02384325932866898 -0.015987523094676916 -0.002045811580281364 -0.011259017583874506 0.024521302445233033 0.67101653539368689 0.73944920466404518
-0.0082799929758787041 0.021201053889650542 0.012848164926679574 -0.032269433256298802 0.0013242476077156122 0.012433576437281942 -0.0074688024516499016 -0.0084270140419049743 -0.016131243505432324 -0.69411760791455246 -0.71828472745917205
0.041062722400501378 0.0071040947125072832 -0.00081301885221450143 -0.0024525444162635597 0.0044180782387671595 0.043424922950319217 -0.042630440775365888 0.00014727342743834507 -0.94888130478742305 0.23591529706249306 -0.1962201090910701
0.006369805111681801 0.0052331282566116027 -0.046345453265912918 -0.010995245388664204 0.017944578498440694 -0.0072516948607349602 -0.0074724557876156448 0.00045008512297231969 0.72903388228870747 0.68214172557949049 0.020612448725073777
0.0087855435198716993 0.0002852040931360573 0.024278080091517398 -0.029539546441837965 -0.00066525206932960376 0.0014224681870538571 -0.0070546136641560569 0.00049375072738639682 0.24542615537490539 -0.27447194361307031 0.92889148989218984
0.041088525448525877 0.00094493687942858969 -0.0005492616935220035 0.00041265734460954601 0.010033430681104962 0.040666807581460206 -0.043179595033342497 -0.0023155675235157522 -0.21959493905625674 0.24825826156488501 -0.94065507400514692
-0.0042399420849267514 0.017581382861789757 0.017788262604912685 0.011796313985615212 0.0042514926334419533 0.0051638194088410201 0.013322387270451154 -0.022429080846629635 -0.7084909249848208 -0.70459301917045913 -0.0090188257183085405
-0.015439840476616663 0.021933767336027712 -0.020924923018192414 -0.042408341505959964 0.012196633938426477 0.0041203591518606426 -0.0063155515959063564 0.0016021313591079989 0.70849612770874981 0.0053956022841606388 -0.70344874552861325
0.0035589379774242894 0.0002246442817234077 -0.027107381541590855 0.018975470368717755 0.00070500223754854424 0.0067511869366334836 -0.0074932073578567919 0.0014559046646975898 0.22665405987303497 -0.95119510232683357 0.20650393693600735
0.040675004366635625 0.006680481297213387 0.00082850327194621876 -0.0027358669606291448 0.0012863288699086098 0.042158994645107514 -0.041961375489710087 -0.0036187826032930805 -0.19850376133704362 0.96092378292029568 -0.17877806315357195
0.0089149148230823084 0.0026628237939154567 0.018866314110587028 0.016148697198837762 0.015905268059036533 -0.0049344446258430055 0.01390664327283947 -0.025180054019182715 -0.68890671495939593 -0.016666905944751849 0.72340978125856203
-0.36495298689479327 -0.18707888001613618 -0.015311490224027915 -0.045429749578814585 -0.18263539147593946 -0.36869838165662394 0.37248855656994395 0.18036871480193345 -0.40123082050723524 0.42341952908168545 -0.38557419037779556
