0.99985893164141182 -0.0039614758744994753 0.0061646077931581823 0.011392178606496519 -0.00092659557007207722 0.00046514385291030597 0.00075180722960490037 0.0029909786512807694 0.00040697711360487918 -0.0077486876639629347 0.0052768841850917916
-0.99963760798906642 0.012295773233274472 0.0042033640127449486 0.0089362598660077588 -0.018578317851917683 0.001028629464125837 -0.0016152266065415249 0.0063886698356231146 0.00021875865243400032 -0.0081334160924298703 0.00448389343719426
0.01488861006438673 0.99904226238881477 -0.017823373906371485 0.017105194540048937 -0.0051640292083134694 -0.000755765739466572 0.022464793615342305 -0.0090886728088275196 0.020762780746094285 -0.0037474768642348382 0.0047938462061830811
0.0028433848721690978 -0.9997654575556929 -0.0059935907233195146 0.0050644921767700468 -0.0084356861449584822 -0.003273572081455321 -0.00169405995213119 0.0033328191889820348 0.0012436779787866829 -0.01022418268337299 -0.014051248553877916
0.00086737672484668744 -0.012470404352569589 0.9996982240911515 -0.0042332801794812856 -0.01124923627258737 0.0046176752342148913 -0.015899615980935235 0.0012488550519785416 0.0031768489026641525 -0.0033953320237032716 -0.0023303312536238473
0.0071377696586715092 -0.006031822163709075 -0.99969886757329873 0.013479710659505328 -0.0036774072283483846 -0.004691596284104144 -0.0035777335648094931 -0.00036759269268781512 -0.015370740893925599 -0.006211320843148945 -0.0031354513512912756
-0.0053290124207105568 -0.0080329218052845926 -0.0052294821405452999 0.9998316962099888 -0.0021936346373612543 -0.0036824486027497638 -0.004558420950106612 0.0021721769720132659 0.0053965168449862082 -0.011853360885770681 0.001676601011461565
-0.0026832344995700577 -0.0038958748669403022 -0.015429045574593313 -0.9995260747285738 -0.0092788568677872815 -0.013527302202619704 -0.0037155373357252355 0.0098249988067136539 0.0036525795596076883 -0.0060413236992491563 -0.016060294630255989
0.0010563847817764084 -0.0047581050678107487 0.008819394046707188 -0.0098675038616467814 0.99944686741780553 -0.012395692150413504 -0.0099543203686178524 0.024241284554078243 -0.0052010389542879202 -0.0048309615396836371 0.0040353193130762766
0.0075456704394342988 -0.00065648406432558537 0.0042756440808704209 0.00079305489511265149 -0.99991594591862976 0.0035072041679628393 0.0026305069088575182 0.0066258208439857243 0.0048407657395511871 -0.0019083613805581439 0.0012753469871914938
-0.0075659895131799963 -0.0058542438524753484 -0.0007474596604826084 -0.017244121276260356 -0.0073523284024577511 0.9996306654192636 -0.0011088091115781936 -0.0055575137863260781 -0.0037663079149818446 0.015428620137038343 0.003270844813785236
-0.010433569955154669 0.0099694584366414856 -0.0061676814369825174 -0.0075232233147869637 0.0012782791838367646 -0.99977442576061615 0.0083219802245961729 0.0023593491296104619 -0.0012826006135425218 0.0054765482117161025 0.0063336721302934959
-0.0067957926966054948 -0.0048419643015045824 -0.014408938384434676 -0.0055975003681132075 -0.02029771153067168 -0.00065845743511394519 0.99918176937815883 -0.014056922591303948 0.016804619741980803 0.014340316958912601 -0.015137606893201774
-0.0095767183752191332 -0.0015606347856698508 -0.003494131349926682 0.0043499339823649874 -0.01073428842226715 0.0016334248839999215 -0.99981400291554168 0.010074197189264226 -0.00084542009940166674 0.0024586872000886151 -0.0045318017391356149
-3.3045132103464194e-05 0.0065704722978349355 0.00021455187180004912 0.002198370932414154 -0.0042879030128054503 0.0021099870251701102 0.00057060519844274202 0.99990307839872472 0.0051456800416679466 -0.0077709809143861218 -0.0059793668598769924
0.0060269322998805514 -0.0036797901918444284 0.012851090847834401 -0.0047040765946787686 -0.0090262270510445743 -0.0063118518164675275 -0.019049606118676905 -0.99962815191899945 0.0040182638862951633 0.0020833462233512162 -0.0013144322201220559
0.50649323382985867 0.50577256578359231 0.48936269939672022 0.4974685396924457 -0.0054072480100845902 -0.01051186755582195 0.019258929427438447 -0.00044699813788907287 -0.0013141184228361383 0.012984583606097442 0.0051716594475745958
0.51013235747056773 0.48642236403586614 0.49627767315243471 -0.50570339114646112 0.0056011993771173845 0.018116081842387922 -0.019304800766692984 0.018131085631533251 -0.0064378244933786946 0.0046119084449611812 -0.0026683707277004873
0.49716836910740159 0.48838995896194354 -0.4969507760649956 0.51694844515900151 0.0058921912153087671 -0.00069111936016574978 -0.0013434801554550139 0.0004039628897264298 0.004789522023201028 -0.0020601357487673162 -0.0062245153691516536
0.49848120189487288 0.50478779362855297 -0.50219589059938907 -0.49342606558267343 -0.010501613443288546 -0.0099515300829295852 0.013711826898712944 -0.010003199323418192 0.012806395900703408 -0.019318050087720928 0.0010927786072112962
0.50225563227082337 -0.4983326045813759 0.49419791296143623 0.50468383204224565 -0.010816437388516563 -0.0060705764321603494 -0.010809422020425775 -0.0053528772228253639 0.0072258752313701232 -0.0096752767094958041 0.0046237642512470421
0.50612392679919083 -0.51697944080421854 0.48834673086328284 -0.48737470066948135 0.0021197693226902227 -0.010092534096493081 -0.0075582615287024153 0.011464993020850618 0.015517465960530547 0.0013379545902562943 -0.0040856074831166237
0.5037560564015745 -0.50531412779404816 -0.49476023007173664 0.49559344584815535 0.0044615739805869735 0.01362799264346296 0.00096766502873920702 -0.0010916717285583532 -0.01634765408926793 -0.0034425537024742542 -0.00025718344746939066
0.49754620017478862 -0.50668721018569318 -0.49746791832461318 -0.49745492286936932 -0.0037179362487322776 0.00087232219780060318 -0.0031954178293504823 0.0046849986367551262 -0.020251618807384436 -0.015329794221395906 -0.0093938872777578567
-0.49711819563105736 0.51196476752115738 0.50049509447687002 0.48922762861935698 -0.0017096578170469109 0.022479000029527976 -0.016195283479768671 -0.0012463132523605586 -8.7266978440160721e-05 0.0050234278192413237 -0.011368943272181813
-0.4960983860769167 0.48111247521036959 0.50109480289839847 -0.51863331958053416 0.01826217240595043 0.013449475549390248 -0.014975603487576384 0.015239489169977761 -0.018801632335682422 -0.021925555055206089 -0.02314127160374755
-0.49493055138040121 0.4811692741637198 -0.51201124131484854 0.51049372999334142 -0.0041259845235870887 0.0067769999869593221 0.004240372046792 0.0053040230566210791 0.013450627972623837 0.014939720658401046 -0.015727039669397747
-0.50268023897430258 0.4927020832847917 -0.50913526210009852 -0.49503875141178866 0.0079716529829539085 -0.0047865392384142738 0.010380815070410655 -0.00037755696449166695 0.0058671107019387103 0.0025098300590707407 0.006330058737665515
-0.49766042061855198 -0.5045536618457076 0.49697177537412313 0.5000946318205004 -0.00078099188831298532 -0.0087299422179362256 0.0018249553496691674 -0.001070018826339921 0.0010526280461966018 -0.024037894128451882 -0.0048883690484759334
-0.49985345939936876 -0.51212533876530353 0.49052621604055102 -0.49668672244784051 -0.010465429533289453 -0.013706436525210424 -0.0042956617456295079 -0.0011842077913767242 -0.010210919627677163 -0.0054484219927735719 0.010454318947263798
-0.4952712865051907 -0.50477036760023974 -0.50423244327900518 0.49503801665144886 -0.0080087617592141079 0.011219398399384984 -0.0051401145277875909 -0.015846802276280176 -0.0094226221819997177 -0.0033096087923847523 -0.0057391259483611816
-0.49229780166853132 -0.51129956826644962 -0.50374693016837646 -0.49172857073739495 0.002063139309510153 0.017151196987356346 -0.0043921884094294348 -0.015022947694268205 -0.0073269150824474922 -0.0054294340148912136 -0.005577294385602706
0.50040610188009182 0.48644978854676613 0.00028692864995374587 -0.0094820277532975845 0.49510160355964894 0.51617109501727687 -0.0078537782485440886 -0.013474288285460724 0.027892324221187564 0.0096710105479301672 0.014049896579263504
0.5119807099414837 0.49178940691356116 0.0036397207303573314 -0.00066365344954668021 0.48789436590476265 -0.50652706662311109 0.013846759521220196 0.00063260141297008033 -0.026053704024175332 -0.01291438571829121 0.018893189340492257
0.50334170070029938 0.50227559007936584 0.0095211346519936957 -0.002329369501104159 -0.50451816535285887 0.48907599069460017 0.010113890271123869 0.0093659351762348207 0.0076007237284598638 0.015570044168473494 -0.0067950967289206934
0.50568141058065308 0.48734404414899218 -0.00341141898141633 0.002825939605082262 -0.50944594885970695 -0.49699594598792146 0.0058031093352132876 3.3216316852118865e-05 -0.0092577360298144121 -0.0098990432982772707 0.0022250522808315016
0.50166988422658287 -0.4987073420434367 -0.010905880323070377 -0.012627396588748199 0.47997871042783014 0.51784459425460583 -0.0013364813622362918 0.019484153033412326 0.0034625051159337924 -0.018059844041141665 -0.0088189176670136898
0.50128387785748429 -0.50699200272178302 -0.015050639275536312 0.0017579413656841035 0.5017326029482454 -0.488510729150201 -0.0014526580468138461 -0.017120882395784676 -0.026206810702133664 0.0055318484193734195 -0.0072801384783949315
0.50499574534378044 -0.49450714957028236 0.0068846490293059939 -0.008882797029647926 -0.50715397449902355 0.49288669542324537 -0.0038420944223117575 0.010424475354321731 -0.00063614613612731729 0.0021085477443658907 -0.0067039783982614188
0.49847187760674722 -0.49936790223611044 0.002970697526287789 0.005054208608266845 -0.50661320658861708 -0.49505677008654947 -0.000406798045761999 -0.0066426302962693607 -0.011826960337634685 -0.0070317408326364605 0.012302694528682734
-0.49312876929565913 0.50034759459422173 0.010353819786191978 -0.007000405869169289 0.50186949999616715 0.50196866714113098 0.0083202563862917692 -0.00075097018462296015 0.040165905376290993 -0.02313464037705646 0.016007942708419723
-0.51586731888844684 0.51308043949462756 0.00012370450956157992 0.011230712716234463 0.48333759093625794 -0.48481378945712644 -0.0091526900156036588 0.017678699992576073 -0.037855379989936488 -0.0034484651527863586 0.0015364133685774766
-0.49755356732667938 0.49834317695513236 0.0094305429918702787 -0.013039376791566663 -0.49969326908990502 0.50333265827550855 -0.0010843339202382591 -0.0011167854252762377 -0.011262706067182146 0.024777680197870654 0.007431830218768103
-0.48946201491806501 0.49903430587440739 -0.0010126670328988127 0.0092366177041728944 -0.51259977191354145 -0.49830402822835407 -0.0030662580116387617 -0.0034633381287331785 -0.0069164469819261746 0.005578865500581163 -0.01181391420865867
-0.4902761301638337 -0.51980052747114114 0.013508366973608906 -0.0053306191550254543 0.4803057890635295 0.50705621839954007 0.0050421118910069845 0.015928707853080263 0.00062459712640654252 -0.030242444209195106 -0.015232680274356997
-0.49107895896498233 -0.50991047906457476 0.0075558891253608628 -0.0020309560828775676 0.5032984223509015 -0.49392763273082146 0.015446982547126545 0.0056402987296971146 -0.0022086318233666157 -0.033833440558677562 0.0088166234352974829
-0.50340323657920028 -0.49717997692800708 -0.0010157075313827839 -0.0032049571009516542 -0.50560332528489449 0.49330304955896526 0.0058674064985983496 -0.0050546660329845935 0.00092735595372961854 -0.018506327104672003 8.3956124731050596e-05
-0.49538907951014372 -0.50139373641266505 -0.0022500872276437997 0.0051975264889872978 -0.50949205665832598 -0.49316037310622296 0.0033228790651001739 -0.0085947749279443059 -0.0088696753658903428 -0.00080379613289973794 0.014434871085016301
0.50340056766266505 0.49231511644552212 -0.01518229737267692 0.003928719534379759 -0.0015677066620968802 0.003127531755417487 0.50681115097889873 0.49620884880675298 0.017922113350912785 0.021227459162126119 0.010146274501757424
0.50270151487934189 0.48973153535882757 -0.0028260203386946759 0.0041630759617915028 -0.0065100872865423726 -0.0031299803878448783 0.49148649008783302 -0.51449841347275971 0.023640512289408548 0.023454915837975265 0.00034684846645403867
0.48324655877732337 0.49284970357567359 -0.0037028913134675517 0.012641613856294889 0.0054127035016085 0.0053691586362560632 -0.51238888798998061 0.50988740852168501 0.024543863025981241 -0.0091970946987067256 -0.011214116947533033
0.49816236189536833 0.48514853149939019 -0.0092357629349722054 0.0076050648317834042 -0.0045133295248113567 0.01318141742352931 -0.51409900219316862 -0.50120636809807184 -0.01150347965041542 -0.0043113783646231262 -0.021711329588299119
0.5015378010758561 -0.4955597014755671 0.00085777007336056924 -0.0015023204936639135 0.0017277695934166935 0.0087953691155468645 0.49743606646157873 0.50513972364185622 -0.0060257992230555784 0.011885092660198616 0.0032762206692381699
0.5002361854782954 -0.50868615479128354 0.01596815983526496 0.0040123059612130344 -0.022647404312050822 0.0084595772594178043 0.49364878940004558 -0.49464916168814366 0.028903586558740573 0.012062539267179222 -0.028262377115269677
0.50303537612063776 -0.49775734528477789 -0.015398087444492909 0.0026111102420854821 -0.0043465763448749259 0.0075082327166616641 -0.49694641818883306 0.50176622764275747 -0.0075075073017216902 -0.0080883552649778385 0.0051938808027282941
0.5088043951226856 -0.50285349209049091 -0.0031725582689012717 0.0012822669384239458 -0.00168554437047563 0.020051185602992346 -0.49185710088768603 -0.49586491746187744 -0.0058571434563589502 0.00011020180094120848 -0.00033199523443045386
-0.50404448252179446 0.50552086861377055 -0.0076915832583498156 -0.0037736433828899716 -0.012009069261405913 0.0077946331125980919 0.48964311873947614 0.49923785091531475 0.027030284478386419 0.0027628889143656858 -0.019553792430888908
-0.50174163007127326 0.50509159329756781 -0.010630581141488925 -0.0020184634824091914 0.01333834984643509 0.0026939864225204763 0.50624524692353745 -0.48595587346912866 -0.0043302727787546177 -0.014486697044406404 0.013022664797489626
-0.50302509682935082 0.48577945525017424 0.0085910217594488188 0.004022712972461694 -0.01140371331041266 0.010599096070243709 -0.50238260206837537 0.50774997233626762 0.0053893938991780672 0.003503616596235627 -0.020299390706070512
-0.49411497034489088 0.49387302370774694 -0.0041767552585354421 0.014900493639890329 0.0021374771553207498 0.018251555904428368 -0.51249502705314653 -0.49869788111802149 -0.0021937769415501804 0.0023319084009123777 -0.0013017673531516495
-0.49760904488468805 -0.50475164213110224 0.0028623774580593298 -0.0071818091145634663 -0.0040489016184533048 -0.0050714423691913058 0.48647801158360138 0.51044618963816613 -0.0004392384583245214 -0.014320830424540142 -0.0093640862386453645
-0.49727515310401116 -0.515259674484421 -0.0010184267103691136 0.0017760070074504205 -0.0025252291058418573 -0.0019960435899116797 0.50094479469941688 -0.48539684572247899 -0.022995359980160442 0.011078062348807123 0.0017442390580713308
-0.507655278670882 -0.5004300263207867 -0.0092264973046273582 -0.012106617105598398 -0.0038700229839678168 0.0011715087503771596 -0.50250898759126339 0.48890352607893761 -0.0010262924016889068 0.00047083066699852097 -0.008040116494021381
-0.50084758996149981 -0.50485048783873354 0.010965695285003324 0.0081718449095995131 -0.019393621230265973 0.0013042123259610749 -0.49622612690665785 -0.49735169475370589 -0.0034605923711771101 0.0055151965902701019 -0.0084479068455413607
0.002530439048142632 0.0072348695526337119 0.48953594810407297 0.49548696455494112 0.48737256646528171 0.52608595317345963 -0.0065658944503754549 0.0011456081790674377 0.0088823162311906026 -0.013661637658782382 -0.013418981637569192
0.020142713403909877 -0.018354832819684194 0.47970781794320677 0.50800785969724738 0.49213856342275636 -0.51718325148586464 0.0030187892486468141 -0.015112086330893511 0.0043956747455040687 0.0027722270593986318 -0.033502513822635825
0.0072359318813040134 0.01324129394794327 0.49884318370300679 0.49493485388023517 -0.49896282360308314 0.50636379710459356 -0.0040884111533113819 -0.011264210031916586 0.017199442106341192 -0.012187642191283992 0.0033356545826456734
0.0063924686390552507 0.0025572914566258319 0.49419431806199704 0.49453364340723327 -0.51217542681554806 -0.49850916989126315 0.0047811720137944276 0.014291327409205608 -0.0034214363781305806 -0.0091141064238598989 0.002028061046181329
0.0007156694494984653 -0.0091152141949500751 0.49246899405624101 -0.49351696552513941 0.50195422678422741 0.50896692066989324 0.010180353270709191 0.022280696785380364 0.046231750123726184 0.0029162357496427299 0.0089652107815823088
0.019940176967537804 -0.010597092595592848 0.5135568533614584 -0.49446377798862168 0.48809827356011165 -0.49860133157628828 -0.014346229855234573 0.031867449182961347 -0.052652047086253179 -0.020446857212489528 0.00038526741652790972
-0.00016658725422185876 0.0055707343233280197 0.49820468900793119 -0.50761060084194776 -0.49678514553198411 0.49634019368635707 -0.0075823918778909795 -0.0053301056363583756 -0.015247084607533061 0.025000736170033754 0.0001521531155586986
-0.015413796993656541 -0.0030421116978053102 0.49154366187913789 -0.4941850393135348 -0.512946182437511 -0.49982481488946018 0.0056316418975432955 0.010199311822262521 -0.0045833108247262033 -0.021820463938783105 -0.018644661717367093
-0.0031971252642350786 -0.011068983815192937 -0.49607694937489427 0.51301509402395462 0.48610410333325316 0.50338356883902102 -0.0052883857502077931 0.014585938717401072 -0.019844735260635817 -0.015996250300910383 0.0027933424307075147
-0.004747867285379891 0.0086943851328861333 -0.50564797132630479 0.49620956410701611 0.4976781631755291 -0.49894405961079502 0.0026700967106090896 -0.015138298636727769 -0.015948223643137024 -0.020837486580393243 -0.021082933776669144
0.013898017335392653 0.005780880885951572 -0.50688836018325523 0.49267890289979022 -0.49938847544395726 0.50028306566939651 -0.01216635394946922 -0.0087246318757404091 -0.0056476505571842932 0.0096255507293358765 -0.0091887824687096106
0.00032091554854102631 0.0057379568317599732 -0.499485981259911 0.50139160372232328 -0.50866741678806926 -0.48974808416592686 0.0092858330611187145 0.0090970587068907212 -0.016305401726911608 0.0075179932167016381 0.00030123065467991785
0.0092182598968906758 -0.0089266696303960669 -0.50963138549549325 -0.5027548989063978 0.49283742334070646 0.492460112051268 -0.014738736359120661 0.020875490091293355 0.0084246323437259431 -0.017196857700379441 0.030385690872214682
0.0086883065576817634 0.01458581865266094 -0.48584050324057598 -0.5014550567872752 0.50418988815339849 -0.50545285271958618 -0.0019345665125679876 0.028779850966685658 -0.025955017897582904 -0.011547163352872536 -0.029741330055732363
-0.0025833236494788303 0.01385544643847164 -0.51934287847763261 -0.4989647779401708 -0.49256017416959136 0.48787451303798157 -0.0095986397549798798 0.0052946023128438227 -0.0067796364092108123 -0.014985713883214047 -0.0095242088039854591
0.0036834807974685329 0.005750638701489323 -0.49710666179857299 -0.49369389776641526 -0.50940020398813324 -0.49951100113646019 0.004297574954862788 -0.0015041045386365909 0.0028064424382198776 0.0016121254178844298 0.0085819344815109104
0.0092066341994440637 0.0095765908727105456 0.49609365468080563 0.50547838318994898 0.0081004106678310255 0.014161182864670632 0.50262114059407803 0.49433649154210307 0.027394484130064858 0.0096495032954367153 -0.0099956208975710385
0.015361567001672873 0.0012675395035214288 0.50251618850584379 0.49486814846777272 -0.024845920938382723 -0.00078659889564348224 0.50680274242688761 -0.49452396831112444 0.016835349738354283 -0.0015330509596764141 -0.0062224422652837992
-0.0058524512652840619 -0.0022635835781754337 0.49627307753661332 0.50545639629736183 -0.0031449733335657351 -0.0061874888749588637 -0.49418560640558068 0.50378330191275567 -0.0025035328950463488 -0.0077254442673820329 0.007505601341222746
0.0012436780561671059 -0.0082212772101687027 0.48592996933159388 0.5066803660827065 -0.010729749531872671 0.007316702072812967 -0.5174569168459936 -0.48882518992936558 -0.0056000058573176352 -0.012889189606926284 0.00023530365652902214
0.0013172732323346883 -0.032558364379634427 0.49367411042607551 -0.51750331362936752 -0.011352514191195743 -0.00063431599674567372 0.48394206500225467 0.50295532732862114 0.0089891299991808702 0.0061186469949848126 -0.0017038123365439055
-0.0043772465567953637 -0.026711221118213849 0.48446158324315985 -0.51015888076847637 -0.0010994706860814301 -0.024929128381798171 0.50186554830517249 -0.5009957939292552 0.012008124298764125 -0.019794306750003814 -0.016665746203875332
0.0045214739561957196 -0.0013671358870193414 0.50237666869095976 -0.48058003170272812 -0.00987962543981241 0.0041673444720967375 -0.50150357541617419 0.51425793114425478 0.012947201611600382 0.014681763122009323 -0.013152537382989037
0.00055982136618574552 -0.0073857645634489814 0.50337463195749155 -0.48692696442427408 -0.00020238263864640017 -0.0013290367887369109 -0.51550411761893411 -0.49286998990565589 -0.0081675210395801556 -0.017019813658578836 -0.020922148885158209
0.010031403684583022 -0.0010326571130744361 -0.50832447049680296 0.49606852411517999 -0.011983740515657509 0.0099104616611630728 0.48807670786248175 0.50683785561116301 -0.0020097820327868391 0.0014134553276085066 -0.0083191123606556443
0.0051072608525139992 -0.0062038537654831478 -0.50789213465256255 0.50664302468794919 -0.0032416279429360669 0.0051780880044960979 0.48998441350738497 -0.4948013891307339 0.0020388054492425454 0.0047660602935109316 -0.01779101477674545
-0.00024178917456163919 -0.0046334908862363453 -0.5044973006135024 0.50230282357287359 -0.0090336348712480273 -0.0014146249373752679 -0.5003783387947488 0.49233414835279565 -0.012405334921861126 -0.0057445230147589533 -0.010532057417926252
-0.001057489435591233 0.0036269840203346187 -0.5004176558681046 0.50815788115309823 -0.0025384812062645289 -0.0053487244095289212 -0.49673897728660438 -0.49439935102959015 -0.010770133112107448 -0.00038253618843345617 -0.0034553618365827086
-0.0045562706633336435 0.0032908266341222813 -0.50293705908949926 -0.50173816860807763 -0.016669699319329458 -0.011235365276567691 0.48552574219062805 0.50878592799965694 0.0044684280099091863 -0.010655315189437459 -0.012064570225714581
0.030580269199721469 -0.016445746583726453 -0.50115401551052352 -0.49058478496423452 -0.0066720028299241353 -0.001197810834394175 0.49603204260972944 -0.51021510009847604 0.012000606852000561 -0.011988066953878789 -0.016269348588909768
-0.0024065218259146995 0.0032281177930608852 -0.50022947234207693 -0.48715986121216892 -0.012433716619552863 -0.0075276782282148588 -0.50102995480488455 0.51090259190185328 -0.011287734694399516 -0.0028060369707366552 -0.0055234465700064513
0.0058902332443013933 -0.0117637524457542 -0.49572529171419288 -0.50889518081591134 0.010715365926121809 0.005468185218785419 -0.48969420781888123 -0.50496707481404823 -0.012270024071224846 0.00054538500314823244 -0.0046167638336761926
0.012587480265216246 0.0075156747700045688 -0.0069339610315028973 0.01706222631674054 0.49406189497681618 0.50974961356729342 0.4920689181503376 0.50214618018835566 0.031090546377617614 -0.0088052768103092042 -0.013314823678947004
-0.0049374506030024504 0.001441957271944102 0.0070670916691184743 0.028085896943600416 0.47323136783490061 0.5100792360605263 0.51556186299841011 -0.49682366065831379 0.047146334530768136 -0.0097195214012979949 -0.0071411526888507408
-0.0068895869854807426 -0.015980678936210871 -0.0031556161047451682 0.025125392176853067 0.4865558261165257 0.49684422988258553 -0.5004914849644333 0.51455665462675082 -0.00639658291759108 0.011135550748399519 -0.0063208737721211434
0.0041915827231479505 -0.0092290699507476068 -0.00060843505378800123 0.015393456376222863 0.4901983057966785 0.50173853353980891 -0.52098011664256239 -0.48564976830125278 0.0095819665635120035 -0.0097049616417570154 0.012728370415541054
-0.0054094993013346629 0.023390127899824864 0.019051284884361957 -0.0059540652816532534 0.47969372782406017 -0.5069261744819028 0.5012187238863367 0.50940292626053818 0.010640879598344914 0.011447957050872965 -0.031451287733619743
0.016121456808801744 -0.029289759661020955 0.00035435971396716951 0.024816836156383651 0.48529458938683445 -0.4854894677390878 0.50908133961991131 -0.51522741882287904 -0.048004131478817151 -0.0011124982003565278 -0.011252029179292472
-0.0013888055283608248 -0.013595199479936764 0.0033878500939351834 -0.0013957275655293708 0.48123747297444441 -0.49708087690107683 -0.50817729345457319 0.51177583394627724 -0.028823963398505514 -0.001474658549732441 0.011368875625001501
-0.0021087953502800629 0.019754685097043981 0.0068062721519173844 0.0076805064391279061 0.50184504810698538 -0.48803937302931594 -0.50342801961530015 -0.50513139825337805 -0.014616854138616426 0.0062153911406368787 -0.02488622099944135
-0.0059733078883975731 0.00025990191049693321 -0.020397087845034773 -0.0099055425996065517 -0.5067870454272162 0.51260598175375016 0.48461846053310453 0.49452773746478979 0.020805921500022664 0.0021077701858377 0.0014229049167242948
-0.0037196451807267978 0.0024021210748688083 0.0024136521895831084 -0.0035782845236873931 -0.51059948436881142 0.50504381010985056 0.49219757916368478 -0.4914064467446036 -0.012725760741777952 0.016624784954795978 0.0018971955821179616
0.001217204218964887 -0.0085794192433279702 -0.0042779007784317664 0.0036043397534335588 -0.49978758381728777 0.4965376737004738 -0.50182209698631053 0.5014017826521493 0.0092125790113569313 0.01483582024171716 -0.004710848398251098
-0.0067334322830374374 -0.0054632025995675895 0.011258772558010601 -0.0071530307411214848 -0.50621957053332101 0.49541328733465562 -0.49952673643714585 -0.49849375754477343 0.0025254374813142972 0.0025155782603165744 -0.004314735793797095
-0.0038108078991745489 0.016031199052663488 -0.0051479352953142325 -0.00065198274840936026 -0.50594269457139751 -0.49589012180314263 0.49629377765068344 0.50147975216800234 -0.0041218583065475494 5.3620055742262041e-05 0.0031750320316508655
-0.00015468916689927864 0.0015664946318833381 0.0087832044652866401 0.0030908309762062314 -0.51666125229668902 -0.49627257781028544 0.49543905420139916 -0.49040637724171332 0.020111450580966431 0.016132408819143594 0.0079061249472568342
0.0027671149488448527 0.015404740015246252 0.0043036614502184253 -0.0013491687709790434 -0.51169926738133886 -0.49082234845503575 -0.50155896507781905 0.49526440032883251 -0.0045249527863900916 -0.0097336497022446032 -0.0053419568418527916
0.0029361832488600261 0.0054865306520431902 0.01570831032875359 -0.0078696176696412892 -0.51483047389155645 -0.49118135710252436 -0.5019212659423542 -0.49122669879215863 0.0068288998986153933 0.003608228398309168 0.007400844802000435
0.488184925686799 0.00088741446621399319 0.51641526083003952 0.0050302386879827214 0.49016972339586062 -0.016133585868844589 -0.010620722234322094 0.0088743376822129315 0.49700157813116708 -0.08188838030143536 0.023025778554089209
0.51063969117341723 -0.0026644601861650656 0.49062667668847038 0.024444603154933565 0.4874320462207874 0.001262601522337655 -0.011093591303141687 -0.02379232557111632 -0.50864927228189116 0.024954764467246475 0.017331275667828886
0.50564452390255388 0.0089706817641447903 0.491568283766256 0.021297063136803043 -0.49579497777892029 -0.006597467440416345 -0.0076499737925265531 0.010634321416321103 0.4999405230841833 -0.068764208497030702 0.038122950601195534
0.4988041533057001 -0.00066947483616956846 0.49025651941909953 0.0052788478457143724 -0.50680326832011191 -0.000905866080532948 -0.0029023599733060822 0.001089791603557293 -0.50165357967202751 0.044323223519418704 -0.018270208744036186
0.51589203327298327 -0.0084876365578721667 -0.51466134788056428 -0.00041175585860356756 0.49363688674442968 -0.016041747812010423 -0.014574700021205238 0.035729865554957205 0.46900296125961488 -0.053922689983712385 0.024732660992189202
0.50783741652790126 0.0081242759695052003 -0.4948381692218467 0.012078133086296468 0.48341284358349235 0.0030277516149082267 -0.0034052884401424384 -0.014315080812452514 -0.51076714471308005 0.019622539412654405 -0.042926415828228655
0.51146555828995843 -0.012684751712879567 -0.51322057970657398 0.010680466318130306 -0.49191079276715416 -0.018520475757706094 -0.00058476873362472721 -4.7864441772858063e-05 0.48050712311412103 -0.025572305198690047 0.029530077833228519
0.49303321154731489 -0.0022334312192313814 -0.49937838591077865 -0.012122764306320619 -0.50306864420401376 -0.0050289276529775027 0.0059984009688994408 -0.0028812335928149885 -0.50123512589365626 0.020092942007577327 -0.050985482277758357
-0.49469126767146759 0.0018843763051992774 0.49957225348169743 0.035247166043726456 0.50927362979809654 -0.024178263110829486 -0.015404893334494976 0.018068568537100146 0.49342828093862995 -0.014521784026944502 -0.016487773920472723
-0.50722537620854735 -0.0068454690522983851 0.49292557019795197 0.0015225330700982796 0.49638311237447391 0.0088170275162482992 -0.014153661209906574 -0.0066452004217041659 -0.50121406625730236 0.035102995010238232 -0.023053023872723181
-0.49806973982703245 0.01299791639995276 0.50037955132895884 0.017077228186706265 -0.50476074269292603 -0.0060954208961763031 -0.0066243594705848825 0.00028889124786466076 0.49091283716151801 -0.057795466803995374 0.043428153745628278
-0.48761007045724303 0.0051027315305346641 0.50123178645806366 0.010653131210952375 -0.51288954942113085 0.001239228667880822 -0.0057585773118499113 -0.0047077296573352053 -0.4938570874359498 0.0457501947083193 -0.041989709551469599
-0.49743856485513743 0.0024679451598345241 -0.49286681342049898 -0.0018014925437595947 0.50155812218887552 -0.0095399227117478509 0.006453483413947682 0.016015157728405029 0.50614367634321111 -0.035956674700274423 0.014277463113148764
-0.49471436270318397 -0.0019162870478384611 -0.50516480607317849 -0.00073736893911354037 0.50434780590364092 0.0073745073605019596 -0.011614466649547186 0.0027796964502442385 -0.49391647722965787 0.037342645172930761 -0.012260804101934298
-0.48388571843848127 -0.007536014175063571 -0.4990388537819348 0.019866958863675586 -0.51629630936085502 0.0057597822665810643 -0.0062180766502724812 -0.000462565999692812 0.49495940884205875 -0.051968762220460804 0.04520890508751494
-0.50668614097009734 0.0017789968084179514 -0.50763250971422647 -0.012256397011598455 -0.49564800009184512 -0.01145457114705749 -0.011421327299929875 0.0052908247343678187 -0.48722448918102107 0.025458908619327283 -0.037849173148842515
0.50273774867471099 -0.017043816129124131 -0.010943375315969537 0.51138890500950551 -0.0063661306729946238 -0.017185174318544105 0.48296469586168811 -0.000152035250952985 0.49581634452176876 -0.068563823414623262 0.034644927238439316
0.48517886411080796 -0.0070250152752773035 -0.0073450601540111697 0.50839305343383734 -0.011174986928056645 0.00049205541500575744 0.50124466200668472 -0.0072179941576460179 -0.49876928801121018 0.064817346816953267 -0.04048639400161317
0.49947445980856808 -0.018314763890149528 -0.020598908654222405 0.50289181896095236 9.5868956439232946e-05 0.0032051835161320628 -0.51052134226761814 0.0011114183062480027 0.48420394095235908 -0.040030455523854008 0.012879613741611638
0.49539110011906001 -0.013520645233474881 -0.00090166903368184596 0.50156809786763545 -0.02049074943824726 0.016310292355917314 -0.50116067524499652 0.0067398681443040778 -0.49678113548243841 0.039701476345794309 -0.050719146192904054
0.50989579430901444 0.0014788283040618752 -0.013501410358184843 -0.48024406582171664 -0.0067307392696048804 0.0051545765052844177 0.49467637243213136 -0.0074299906215776782 0.50972397141059522 -0.047258140702712871 0.047997828780191036
0.51142827705317551 0.028697693277548845 0.0089087318508747522 -0.47444463372173157 0.0033719123297155573 -0.017456188048455272 0.49567951237143182 -0.0036934122203701046 -0.51580465988137392 0.015286095820817802 0.011156316914370606
0.51833133596052405 0.0026253770346389579 -0.0075452008591064502 -0.48276112611650202 -0.020324677522008679 0.021577948349044043 -0.50018971793781764 -0.01145094270830479 0.4938282551278666 -0.048015015345860605 0.028967791757056681
0.49548595623292552 -0.021419798596536897 0.01010427594764967 -0.49759466507684097 -0.0078124708975687738 -0.0091316546655136072 -0.49261764204352171 0.012936877098830327 -0.51006819014137739 0.031776683806725804 -0.046573277861552541
-0.50877966330264723 0.0018860878109817805 0.0023797775492773224 0.49653409939631893 0.0019027429019051684 -0.016100940307404252 0.49526388699586033 0.0059474841618586622 0.49319071605035603 -0.058058693209591158 0.048943604107290553
-0.50643921176954365 -0.0022389498892917623 -0.017136594900897056 0.50530318453503298 -0.022996868723059852 0.0052050136928772917 0.4890198212659983 0.010155354320118654 -0.49526256745635755 0.038933137127895902 -0.035903702573774746
-0.49810705963318391 -0.0069502511534215499 -0.015493099464628129 0.49711731654153796 -0.0044309815726212712 -0.017869727882956366 -0.50466832665106776 -0.01157943974934088 0.49788598673304568 -0.034950748009591359 0.014149696902532899
-0.50808579584780966 -0.01056900052342015 0.0041338872981304285 0.50675597343121892 -0.02091030778980571 0.01051552163722462 -0.49748617358218733 0.010530085914014527 -0.48427752373134747 0.035690729370697408 -0.031123523529153155
-0.49431928040915518 -0.0026131200219448349 -0.023557090469605382 -0.4962091162590434 -0.025511465507862659 -0.0036748238494697964 0.49716150490908229 0.012631361362919235 0.50940208069819748 0.014298693223624108 0.034275532759801566
-0.51622868533681288 0.010946040490038984 -0.0080949273366453852 -0.48804359875740277 0.0094341230692871324 -0.015134621662880085 0.48057807145172948 -0.0014469176087782906 -0.51158601267236159 0.027534918005422546 -0.037177824613437951
-0.51561355647321538 0.021946309161049379 -0.007026464516863006 -0.48815487366244925 -0.027019248941578745 0.0055138484318520342 -0.48759858446546761 -0.011656447503117567 0.50433594943957405 -0.030877254083516777 0.036873006595197218
-0.49063432157580511 -0.0082068136372629701 -0.010715021658347548 -0.50194942108982121 0.0056415163584645931 -0.0039596443226733655 -0.50531456628160942 -0.0024137940242571392 -0.4975867295964358 0.032747658785935496 -0.055511010311859489
0.5051323098965792 -0.0061540917602963879 -0.020311693866298896 0.011416882239082831 -0.016928233019681549 0.48021581317328338 0.0014316247601310174 0.50529311193954762 0.50410635805555803 -0.047101778498605355 0.041252853934609597
0.49613317864155893 -0.0042800511335618343 -0.015748464331633013 -0.0040093756592797071 -0.015815096903945728 0.50017820134841517 -0.0082934361501108451 0.49671680666964324 -0.50079292159558231 0.064769986845975056 -0.036824475143412541
0.49051536175194288 -0.0012731636437458456 -0.012467032491377929 0.014914124687029712 -0.034284430845335022 0.51357630178823699 0.0067309445034804223 -0.48652714609746156 0.50457031483151715 -0.051298579100560793 0.010121493859219656
0.51461090671974807 0.0034956803222378563 -0.0031605391920101799 0.019523181407807001 -0.022235645942117636 0.50413212088953663 0.0049230644184009298 -0.48838012670953074 -0.49062662770292492 0.026451469673061168 -0.013231750970934186
0.51054943973397804 -0.011576026605367244 0.012691896576501792 0.023811990080995438 0.010817760083110532 -0.50964276380341766 -0.011096094677939651 0.50166542300797801 0.4692253987754707 -0.054184227243063876 0.061030108617157283
0.50226647555730319 -0.018178639346631886 0.0042674306317001696 0.026882695946702978 0.0051612945522046694 -0.48562259623667431 0.00080601614128024206 0.49981187161711105 -0.50775085925422292 0.049590528702114049 -0.026802557309175624
0.50282475838169138 -0.0029542204655369272 0.015199697551843692 0.029719334347320527 -0.0096619233044841629 -0.52047801558552009 -0.019178476269303735 -0.48416738178596419 0.487492873634089 -0.033878842509544607 0.038348435157649442
0.50179842039712064 -0.0075635578139308249 0.0013142067540905845 0.004644519404694787 -0.019042393232639062 -0.48682490133551853 -0.017441425435308213 -0.50847330249970146 -0.49852266623497515 0.034790086592776159 -0.046607299091057923
-0.50316104396451644 -0.010704682561315754 -0.0071241262633182107 -0.0033567102938212032 0.00054464882496437828 0.49583511880154463 -0.00011991990644169223 0.4967577293836577 0.50156573652269931 -0.043635184279046259 0.023645672028662735
-0.50303819795315352 -0.0059664638974137743 -0.001957051431869881 0.0074314114306471219 -0.014479464216906773 0.50134775730875514 -0.0020817739525875577 0.49785266183589033 -0.49347632598831997 0.058040206283071327 -0.023442090430163931
-0.49520609829038825 0.01082030724942951 0.0014612493793447765 0.019285916228322566 -0.033781233435370539 0.49684266573188995 0.0038334399079358963 -0.49620457055624351 0.50971637114419233 -0.012931892713470793 0.0086179559379145777
-0.51642451751096474 -0.012259263631946748 -0.019821012804637966 0.0078137624899092192 -0.0075419685791201655 0.48886876316587158 -0.0027542302298619167 -0.49072952393487629 -0.50073657813948591 0.038972626106624102 -0.02393562467420611
-0.5011215567269045 -0.00053968263889119644 0.00073492107427042394 -0.002955465254774713 0.0028530922571154372 -0.49929657623517626 -0.012423291554622932 0.50678969508646732 0.49037948142051563 -0.035868633983788117 0.028525079242594006
-0.51021329011979255 -0.00066927484540488919 0.01555969395589471 0.014628200073158192 -0.02574634042451994 -0.48443726551833732 -0.0086769789065457154 0.51006098534020594 -0.4922355797027364 0.021257462952146134 -0.029971314438635141
-0.51305002474806138 0.021433418593720246 0.0099516203427646253 0.0025765270001599045 -0.014202102486444058 -0.49091108814479489 0.0045648266235034781 -0.50515396764877829 0.48799863591412562 -0.018733425969909259 0.036390007969300399
-0.5073213097465632 -0.016478265367371767 -0.010826256289310575 0.01430982118399245 0.0070335429383458397 -0.50452559221774573 -0.0098923969436512296 -0.49129146451437805 -0.49327702590122868 0.043637054329302156 -0.027284671457592551
-0.0097594750821988294 0.49390273350702696 0.49277005594158618 0.020189588614041281 0.0017381095567527937 -0.0050166078087132389 -0.014398346343098428 0.50178371517075593 0.50590667712622883 -0.063631679860880988 0.026868973739024759
-0.0023545803750128357 0.50877818980688749 0.49574922569560181 0.0044587619343610481 -0.033205290217868416 0.011108587893724563 -0.0035671721198153607 0.49941505718878099 -0.49036364040000602 0.058260630781276669 -0.029105277522790931
0.017548942315189029 0.49108259515765074 0.50221176297646497 0.0102110855990685 -0.013671101005637742 -0.016873904358014113 -0.044399614660316854 -0.50553389500391033 0.49648152526648781 -0.040982734821436807 -0.0052949315975794635
-0.00905305496566494 0.48650291447488514 0.48572222970286077 -0.0070933997493265238 0.0007354201598950864 -0.0075843092492550741 0.00050770122759234411 -0.49938861985242688 -0.52681509262934778 0.016344035262113542 0.0028235362125074103
-0.0061059233326313913 0.48866263649674296 -0.50716946082901415 -0.0038522206634050041 -0.01670193863069792 -0.012430948476090359 -0.014469887759453149 0.49667705127627215 0.50552753377391002 -0.02970782821414731 0.012815895584764328
-0.022040427024088555 0.51593892744468461 -0.49076108472861579 0.0094260378260644234 -0.021336965132476616 0.0097473811540498296 -0.0032936673720771982 0.50295214885616379 -0.48527637459491102 0.050929407253557976 -0.027874651268159217
0.0049166647202175222 0.48681898876708285 -0.50124047340378552 0.012360764070208519 -0.018651854528294043 0.0035756444880807622 -0.0076793221657617018 -0.49093610076391125 0.5182968182153076 -0.038575329653241577 0.0055449214924172627
-0.011891888268032974 0.49523014246187907 -0.50828953920684794 -0.0053051367869220156 -0.006176444314540952 0.0044212182363453012 -0.00454113102582365 -0.4899426474174351 -0.50473700217312123 0.016220016854302716 -0.032781752138100341
-0.0034637298296489559 -0.49224931599835775 0.50069633511992984 0.014525135738918296 0.001406424857219027 0.012978812919786472 -0.0032985845469464107 0.50679269065622456 0.49603184062712957 -0.06084917945315587 0.00068174021287283775
-0.0067342170277450326 -0.49872016899828903 0.50212638939256682 0.0080669550249934368 -0.0054317571622629285 -0.00042545353283077365 -0.0038515090879555538 0.49510502383288663 -0.50158114741436199 0.042949634718616361 -0.020857477320701541
0.00011097826417046679 -0.49449599624990165 0.50550805366168994 0.019371892412484552 -0.01808550352033645 0.015749080613418183 -0.018958818457263507 -0.50266672399479573 0.4944787758564485 -0.035394074194266163 0.013771107323036838
0.0026629487771138438 -0.5171179852078337 0.49076559281117421 0.0012408062214151769 0.0061008873010715715 -0.011060375819817635 -0.0036496929703933412 -0.49116430446997233 -0.49919020872667219 0.03296599285224678 -0.0060517133375587043
-0.0091753293889681852 -0.50775473413472427 -0.50732488330331527 0.017484546140892163 0.0081084121941604054 0.012865194130883335 -0.016470333274355931 0.49527130466299818 0.48703602633843301 -0.034041123674605274 0.016050264803139539
-0.014814239834170736 -0.50879209060016073 -0.49565369840834589 0.00084012148073771872 -0.0011721584638159541 0.013315909875417663 -0.0056197590099387905 0.49620217747679563 -0.49301684124460032 0.059480188335219772 -0.046983866383740219
0.0098911824914183454 -0.50912503350807348 -0.5006064322651792 0.0072637742095231703 -0.009225611738195829 0.017986743200385104 0.0007722052146058719 -0.49096083873269436 0.49706594723404751 -0.035356746926023169 0.016058348529962563
0.0084360237148723791 -0.50291367151501154 -0.49559970652998414 0.0017074271241269987 0.012552726414270219 -0.00082165306816299021 -0.0018004764065619782 -0.50510640259138595 -0.49506157230893771 0.022083487455859654 -0.02273942795397358
-0.00032691204837320188 0.49453382558184333 -0.0092110453663802119 0.50327498032419604 -0.0072227871946045118 0.49149845412556353 -0.010332253353921485 0.010061274966402654 0.50482434499445328 -0.068619867972958368 0.026047071834217065
0.00082869916962960617 0.48998183522015576 0.0025484332100896567 0.51105422090269215 -0.010673684774916304 0.49730987128826687 0.0088475288729571912 0.014494486829606832 -0.50012956962645783 0.028971696528962934 -0.0067714872915725062
-0.0074346736645710919 0.49362040878822122 -0.020440346844627717 0.50837846230253414 0.008385411713361152 -0.49946920732537237 -0.00071557435442190552 0.00029061903559615665 0.49344363716518075 -0.059269566036772754 0.029618300493512693
0.0075540641859310744 0.49617866263689969 -0.0017807002166828271 0.50632074461315324 -0.0068288240145253252 -0.49720273396205023 -0.0012390348403502492 0.016106521092609766 -0.49698678655688988 0.032845693103516267 -0.042343255021998469
0.0080194426082747725 0.47903824403884604 0.0013775395831456055 -0.4944296339641327 -0.028497951847808373 0.51014520553588905 -0.0059030275206684735 0.013802672365925349 0.51212030156762434 -0.045935914234493239 -0.018236056257410354
-0.014370333317505488 0.48945779237396231 -0.0020463327361958704 -0.47959468448052112 0.012594325166448081 0.50565337622122031 -0.0043167602599642751 -0.00033712655126109996 -0.52364519643812746 0.011818193980963784 -0.0016280969398499011
-0.0049312315923199903 0.51045956714266116 0.010189616056303695 -0.50665135772057823 -0.020995855418694365 -0.47460594185214416 0.0088255384290099083 0.01079380140617817 0.49986178881092946 -0.081499427522936777 0.014741093877981214
0.0053472936531972302 0.47404204177815129 -0.0022546335477916109 -0.47279810052996729 -0.051544164012675614 -0.50464433151531274 -0.0046511477516662496 0.03333803885633204 -0.51651847558021136 0.0865403463229827 -0.13775374585942951
-0.012599362959898337 -0.49195394272210385 0.0029743430490497564 0.50236783238143445 -0.00015709582674890778 0.49586896030288979 -0.018341303675725111 0.0026494477997952215 0.50287917390357295 -0.078387720282545842 0.013368502639267065
0.0024524037023430836 -0.49613638665480647 0.011462862053516609 0.49679358570860865 -0.030946339434394069 0.51642682922602068 -0.0055520289278004967 0.01088652987470917 -0.48771954497393577 0.034195791454485584 -0.0080008384547159399
-0.013885460169274253 -0.50799652331220835 -0.027962459010627369 0.49668761288303637 -0.0042637671467976391 -0.50704779174868753 0.0051813964664723308 -0.0037682694310797148 0.48567506577326197 -0.027759723460631595 0.021416841069654895
-0.00035532463724353622 -0.50783528949826262 -0.0049558748658743062 0.51015528180973391 -0.026692515963099808 -0.48163782535197208 -0.006778086283472126 0.003682161347229383 -0.49619237086509016 0.026953570159724532 -0.046258733201616629
0.00055966085291820895 -0.506906377442083 -0.0069592687483095517 -0.48776514399463067 -0.019916743777909918 0.50350367895668258 0.0031789870930496334 0.0081394667223979589 0.49871152106398553 -0.045828361966951378 0.016731284620156963
-0.0021983143719475264 -0.51779183964969344 0.011034394626279479 -0.48861741694774463 -0.020191390175842646 0.49315449593433869 -0.012078406782683506 0.0062227352722389502 -0.49918741838071429 -0.0022715709159875203 0.00558050629100512
-0.019938967434783454 -0.49394796138340424 -0.027393524504853082 -0.5029001237925077 0.00052275608699481812 -0.50548421626494455 -0.0040341172257132522 6.1731264784206424e-05 0.49176885389806313 -0.038300489155080462 0.055897514384017924
-0.0085125838932946993 -0.51005086271078393 -0.016426386443155829 -0.48493139160650095 0.0023695886475691443 -0.5006267674539534 -0.0045929870107294657 0.0016740317259219197 -0.50108843407269299 0.03869201783236683 -0.033226622871273308
0.037895352683213243 0.47871140290843445 -0.017156669451773337 0.029178857155446186 0.514252973085773 -0.0073248258639665555 0.48630464176328853 0.0054778307140832235 0.51676374708983241 0.013276258017945439 0.00075099550469598462
-0.0029409825999260311 0.49314636372215753 -0.019919728979898625 0.020315314695910656 0.49454429317989079 -0.010544530234702717 0.49457762377544146 -0.010299269400721798 -0.50735665548649167 0.080993186359303165 -0.051180943014401188
0.0072301567657627221 0.47899447953374907 -0.0070076944794511455 0.023576679712808142 0.50266624307016938 -0.0033025655939246134 -0.49754467844912853 -0.01515287646409348 0.5162414946096987 -0.046111188548739995 0.028477144430945938
-0.0073818219563939044 0.49768311920232094 -0.0088940616407804079 0.050899660448490813 0.48497919942256124 0.0099833737126100164 -0.51784712434562563 0.02852107528283546 -0.49299873100644526 0.026479104219320405 -0.039429208889231876
0.014646187735426404 0.48509357098587502 -0.022060816236702328 0.01605235998446666 -0.50392975847994959 0.00050243298455432362 0.49795237280290955 0.010750443939072801 0.50665748734034632 -0.065477454259978224 0.026807846966702614
0.0012424694619243052 0.49235735184315016 0.0003646722836766589 0.021599993134762692 -0.51467572392834549 -0.00305150324158447 0.48991104687035852 -0.00490496458118269 -0.49953961679398518 0.049385147175214507 -0.01414125743306288
0.0075270509595339579 0.49207776812043619 -0.0066140436035483042 0.0051798914051445913 -0.51199938879523499 0.011600157697464333 -0.49867732437850548 0.0024717046258967805 0.49548368401441989 -0.023947720952551883 0.026297173916946491
-0.0072145568570206311 0.4942288918322475 -0.01434335457231071 0.019725541936010109 -0.50054965444465271 0.005709032675481996 -0.50775490173680704 -0.0091518741322565399 -0.49407924442985635 0.03523860409878786 -0.035405058547081064
-0.001346623033494662 -0.50428250192317281 -0.0093363454884849758 0.025388658510829793 0.48851589522423444 0.0067697901655014445 0.4985078479616456 0.0053052665859982945 0.50438352135891273 -0.05240578909793988 0.024179741614345877
-0.0020695691504184766 -0.50178184436483975 0.0033254608101996614 0.011194131652917456 0.4889360008553178 0.017782668446830008 0.49377553703577531 0.012864435124702532 -0.51197620902275842 0.047861437499614926 -0.017594418885443788
0.00064424502081766324 -0.50956364901433171 0.014633909445602607 0.016959736611191125 0.49911488227493728 -0.017118518523457089 -0.49101762484531913 -0.013419212016280076 0.492857902386791 -0.06288641350468778 0.047874660173624538
-0.0038463073080179789 -0.5007127057773354 -0.0034674660106508732 -0.0051876535884518484 0.50278537814612889 0.010626836221052316 -0.49355910482498128 0.008828064917812314 -0.50147372847707472 0.02979642055426774 -0.016874219417569902
0.0056921144425699692 -0.50890798555610584 -0.019315417564492076 0.0025282685297268498 -0.50243321693471366 -0.014731718431781244 0.49357385027990275 0.033122326388254485 0.49158722715652708 -0.029545013461953481 0.02648546122354253
-5.9501158608352294e-05 -0.49422730834702394 0.0026786080737791775 0.011627773580269641 -0.51393451721205352 0.0079522942769629599 0.49060920325701041 0.0010770815142587098 -0.49895038351306725 0.035077949579900576 -0.02290325169344036
0.007066245331705137 -0.50735162793245958 0.0072540530645295916 -0.0016145039823917007 -0.48456238709187011 -0.028367269667449426 -0.50762612567682253 0.013059273202317612 0.4988415438556793 -0.013638445789236162 0.0001891125810105817
-0.00071359522141376463 -0.49452448606504329 0.01144419328503255 -0.00084905365720884128 -0.51365032341432648 -0.0024106193212976054 -0.50274063279268177 -0.0022983298700019789 -0.48398275506033817 0.044718731095333183 -0.049783219012060329
0.00078229999522839088 -0.019922578432662472 0.50657658474482381 -0.025164114147950434 -0.047397182760239367 0.47586345553190651 0.51066271231400218 -0.0051674809599982019 0.49913068123815918 -0.010293980174307231 -0.060136321719021675
0.012822184925158599 0.00080368169680508053 0.51336790613684846 0.018283071615728931 0.0005646455268525681 0.48807748248044164 0.48623575825875853 0.0016277683104184198 -0.50513544203685201 0.077893907459872069 -0.0087739569833298892
-0.030153169344044981 0.0096188222876396352 0.49122141015349485 0.011119513707389613 -0.0036475897072650249 0.49240826733571597 -0.51031895947602035 0.0067293393394345022 0.50032170716944802 -0.065220519184739256 0.0071196496041274308
0.016521620044971114 -0.011010693975942084 0.49753661351716927 -0.0042311707118658356 -0.0010386507868949478 0.5035614472446549 -0.50547657971818105 0.016436334975592017 -0.49149376154845964 0.033507719403502632 -0.0020965436424526113
-0.010338706142032573 -0.039520725884485679 0.49285447645087965 0.00037307949866994514 -0.0059790681348874559 -0.49806314305250593 0.4816355908447979 -0.009564930722836297 0.50864693793946469 -0.12102831661682338 0.043462792654644228
-0.00069670579746382592 -0.023145361470571377 0.48832165481623996 0.00713498795999991 -0.018375732170272014 -0.51179110275306183 0.4843476049301681 -0.0018980139895510969 -0.51198332590491624 0.028165689272738686 -0.034214367190061087
-0.007912740164673554 -0.015736009556902263 0.49925322825456381 -0.006485739155566184 0.010185918306084901 -0.52087305473408951 -0.50096099317426712 0.0098883081262676996 0.47416345707580609 -0.050307509697335745 0.023662181931898067
0.0061861194851319584 0.0099122063588031276 0.49590002307157643 0.021206486066111859 -0.017859383896146507 -0.48973063542147866 -0.50522970737793871 0.0054730018817334934 -0.50575062696869366 0.031767298271716697 -0.035524785828671225
-0.003456478793108396 0.00054746713178133427 -0.51279682592088616 -0.0095025325762484267 -0.00025879789606581281 0.49261624077961375 0.48108386386844199 0.012741023993753495 0.50291480589780035 -0.08010437364019965 0.057636899148849938
-0.0082069125634392556 -0.012764148786237694 -0.50921082078736213 0.013198760346130503 -0.0045951676899411856 0.4933402280311513 0.48531534441896029 -0.0047085042707583373 -0.5111691976233087 0.0061355053924526436 -0.0030680749923030388
-0.0077142577110494584 0.00061677488273672318 -0.4951087640479499 0.0041829229753825485 -0.0065781788563439069 0.49930069431534435 -0.50330495917273521 0.0042797614148113363 0.50093003548196446 -0.030339152956453203 0.016121600988746699
0.0023243923900821703 -0.0086712353984357698 -0.50616518442275626 -0.0067259645757260953 0.0071441870755422554 0.49647646104684623 -0.50037942653608047 -0.0088938549474122126 -0.4944673167539046 0.018054156872675697 -0.042994272854912467
0.01337898345231092 -0.011396427522610206 -0.51332935654845158 -0.0019085695167090993 0.012100958284367842 -0.49163295260444667 0.49658563458426425 0.010275489118811933 0.49642055519918932 -0.031183402590640147 0.014913405312087322
-0.0089774044933067145 -0.013740598150429717 -0.49816709286506355 0.0090436802864679901 -0.010572486966900206 -0.49267895716815857 0.49643815610999042 -0.0021727427898868791 -0.51023363001565503 0.026742315869872767 -0.033540378309661376
0.023212673107607759 -0.0097703874821548613 -0.50150249165324223 0.0067553431447224107 0.0041017702008881345 -0.51509861025594739 -0.5055533727990178 0.018254271534053457 0.47432691920591874 -0.02554072762388955 0.030267779984792829
-0.0030080270628476636 -0.0018122731660494397 -0.5013000954214103 0.0089874007765791165 0.0070627986628679657 -0.48976568436510409 -0.49856208554817799 -0.0023191598940038227 -0.50907560075453073 0.024625103368084305 -0.018732459585381108
0.022078617113005312 -0.018464172747870312 -5.4191246764667236e-05 0.50965870305052619 0.50314920190198131 -0.0048904329945380302 -0.01267584429171016 0.49597875758146143 0.48672554619534597 -0.051915580456346574 0.021999703088186724
-0.013441156586760039 -0.0070199927696178097 0.0098988203141559591 0.50943651066783735 0.48170390462947754 0.011037063699232822 0.013520667783970187 0.51193960343780909 -0.49469585655477138 0.023849386261429299 -0.020695209900207755
-0.014615228273101594 -0.015541162676815316 -0.0086191352074667816 0.5102566540586283 0.48285529294340929 -0.012520707879351412 0.0064532886826002009 -0.5015470254413561 0.49945191018121055 -0.067363367613021197 0.014887083977751129
-0.015761376309228962 -0.0066271561831033566 -0.0063518704725568148 0.50038225215106624 0.49849783240854934 0.017029694981471784 -0.019254129655496114 -0.48896995330025206 -0.50555227691598137 0.040982145301728667 -0.061399008107623228
0.0019607558331893814 -0.0071021427791180961 -0.0084337442640353092 0.50727360722084791 -0.48295259951800895 -0.026203305342338914 -0.0090241589625873232 0.50715730986571983 0.49904668380116757 -0.046531464059892641 0.010747354630977845
0.0036117506669466415 -0.0041899565106154751 0.0013210549604579127 0.49844050596416406 -0.50409486687091853 0.011102715241975777 -0.0011621428432440884 0.51188677652983572 -0.48051234359098682 0.050043872027083124 -0.043172760223610322
0.0052399634080456002 0.0038545051976949778 0.0067608877600144005 0.51004164608229918 -0.50227959074092188 -0.015604173356038458 -0.0079960831712520362 -0.48600396589128986 0.50030693666542791 -0.023335636571265087 0.011217963837112023
0.0057575313881247266 -0.0088708289142865361 0.0064850243443686758 0.50493550026189171 -0.5081810515662637 0.011770219222094851 -0.007673518954830187 -0.49538090597677509 -0.48886593541428236 0.034457604045057433 -0.029349120006515211
0.020480092236398458 0.00039157568826274163 0.003547111019702523 -0.47933178384859348 0.4890982824528371 -0.012605803709643921 0.0089635863915108055 0.51124226490387659 0.51735568452259095 -0.016731266381739163 0.032357323951587524
-0.0078304008358747283 -0.020690017350070453 0.0038095600246390443 -0.50389187923553913 0.47750446375088967 0.027093525419986692 -0.0037524636340766832 0.51562570190988577 -0.49946385089205525 0.022035520477008717 -0.031793856513315018
0.0028312754428088541 -0.0036948172444868309 -0.015927768173359887 -0.48883241579721148 0.47568144546203578 0.042216350726732521 0.010597609167147399 -0.50232355031781117 0.5284972501824402 -0.030744244210350782 -0.0040791322391120427
0.020286655898798675 -0.030832260636415091 0.01006732990227785 -0.47666130000753743 0.51131935489121849 0.096367415742136919 0.022509778414436108 -0.49499964259195861 -0.4635767052825715 0.13654997768898505 -0.14668238257924843
-0.0019707644989375561 -0.013248905465906419 -0.0045592788142364308 -0.49225607271533256 -0.49667498025299622 -0.0040436782938488517 -0.012406418742112586 0.50946901828073243 0.49934550988983217 -0.033807048201841626 0.024081373095446425
-0.0096956171753000801 -0.025995027313397426 -0.0011299760379458975 -0.4878212331688464 -0.50887396920790839 0.011751215029437717 -0.00042463000993993956 0.51462783836465509 -0.48514542381236553 0.035204202168223279 -0.026855226071703684
0.0064225044136538897 -0.013853950350361752 0.0073172185821454606 -0.47551499600710634 -0.51392730051526792 -0.0022366259980553249 0.0064181254544037041 -0.47546288308204715 0.53173151901263283 -0.020952945067663039 -0.013744596357562698
-0.026655718144814922 -0.025177949408325868 0.0011662440891944293 -0.49492990742988285 -0.48811373745088349 -0.013667821658284779 0.0030143279803890137 -0.50844729967726998 -0.50518493200173831 0.027143059215313979 -0.027936288503438857
0.50875665439028184 -0.020251679636126833 0.51066682907049965 0.0032540334655145743 0.007594464853740112 0.49791260603079301 -0.038966859935705485 0.010257554958859872 0.086377194324965989 0.47168140835352529 0.02055951373981665
0.49413979402658464 -0.0042181581996308688 0.48770800074940834 -0.0072780265904083758 -0.011050063480138225 0.51040176057799536 0.0036169565330406396 -0.0050272569530219451 -0.027052278896716006 -0.50499560121877374 -0.038382386583553946
0.49871731496094057 -0.0031369182927519878 0.49100165043781407 0.0073344176114011998 0.0031767926396295055 -0.50279058077967453 -0.019604273717362609 -0.0085636452413270642 0.012204708343578646 0.50656555718774388 -0.010537682510648726
0.50623600798481649 -0.0025635482023489294 0.4954020862492523 0.010190448470545076 -0.015168197262034458 -0.49653647439061643 -0.0028563274631430032 -0.0037424649428444276 -0.062388686507351909 -0.49736091958296513 -0.011424462730245213
0.50063019087727678 0.015423181197002898 -0.50842147603978227 -0.0029681879440003837 -0.003490953827443207 0.48635334852385881 0.0013899301628723705 -0.0041041821756495596 0.034411936435212051 0.50285768356316529 -0.0031234823332651381
0.50454757966799746 0.0063059555708487331 -0.50154704819032403 0.0099306672124690205 -0.011671855937331979 0.49061007668166606 -0.0068862510846299544 0.0047566893543802852 -0.039530992830142581 -0.50098282657584237 -0.017114235230014797
0.49439612150854872 0.025927779504907562 -0.51056889568810693 -0.002794169873461812 -0.0041140483807590653 -0.50489586268892372 0.0026507165156366172 -0.0059251323969916076 -0.0022067775948868117 0.48854426392100553 0.023506635954219406
0.49391580009950858 -0.019256571833345674 -0.49133139011517818 -0.0051486503896274443 -0.00098325289673638718 -0.51195658259768095 0.0043513212479226702 -0.0039579911774784661 -0.06413945112438732 -0.4963385750422355 0.040526091994269979
-0.50767490539836768 -0.038962227122491956 0.51210916012251606 0.0040915436325303974 -0.0036386587485059828 0.4980936818693199 -0.01036966989559324 0.015269820451838783 0.053701144348192537 0.47654835633451992 0.0064962004504042449
-0.49653234599179252 -0.00085374790315972178 0.48509136747163717 -0.0055292529864566075 -0.014508177338911443 0.49979155107997691 -0.0089568690221674425 0.0019774882951962506 -0.082474158259921188 -0.50822195947324766 -0.054156518439972733
-0.49902015449286125 -0.016833840470565083 0.50473459262581433 0.017599610113617329 -0.031602234824649113 -0.49333301658776713 -0.0086244526544635054 0.0049914457495175858 0.044665243347170702 0.49912890390964848 -0.0053519210165679136
-0.49856254808741518 0.0075811585456853061 0.50209830130416677 -0.0083165471143212665 0.002083970073356688 -0.48864511752414858 -0.020427410783821768 -0.015551617950431989 -0.065889994211959443 -0.50522951989802123 -0.013044450695770395
-0.50267773154517148 -0.01105386200838562 -0.50469247727789535 -0.00024658511160157923 -0.018289306307900589 0.50145666528884203 0.00454538112651128 -0.00020933603922568099 0.041944134176145918 0.48875950258592654 0.0043818899304282968
-0.50546423960853926 -0.0049956429753515025 -0.49876887561167133 0.0023064873703532835 0.01069986066002254 0.49150090468285168 -0.012364970576501908 -0.0010991231961487262 -0.041804186885853925 -0.50209790155164213 0.0036898767174710057
-0.50556083716642797 -0.023628203081112829 -0.51190852713819301 -0.011898692412177097 -0.019389374783080802 -0.488141118035614 0.0019140733351134399 0.0059460977640510447 0.06280095768540471 0.48888078170714677 0.0035959934843511139
-0.49009327977366929 -0.035309767913898712 -0.510727348407917 -0.0031446966716103188 -0.0099193106129166885 -0.49886929029441568 -0.010202312016655481 0.016019578094233645 -0.014969021706281027 -0.49815159278147464 -0.00085282199837239086
0.50154201885725092 -0.0042695163568796666 -0.015700217042492762 0.49153521643159875 -0.018125598803393522 0.0014084721496455449 0.0035982317081665076 0.49790008119145657 0.050013835140478038 0.50577118172888924 -0.0054934071824873712
0.49950540629305135 0.013090185909391299 0.019125664864088777 0.49692242355994909 0.00082809401126399649 0.012632838651121796 -0.0032615973467168238 0.49622332569305927 -0.047446735430832991 -0.50369314718744862 -0.025667673557132016
0.50429482992081087 0.0036844504382286883 -0.002488611007161939 0.50367497208135148 -0.02342624070209787 0.00012480181873785032 -0.016906468281603162 -0.48831265250847533 0.032327452632570253 0.50140171439705605 -0.015679785127633097
0.50088261736971085 -0.00036434923040880361 -0.0041638936126685532 0.5060379393581711 -0.012211359278469929 -0.0076981389527467281 -0.020709791539440692 -0.49217045679451732 -0.044843330642280736 -0.49810631738678296 0.0059056258952097582
0.48922019322717142 -0.0093150389678450293 -0.012027189352915336 -0.50784186586623059 -0.012246090466180035 -0.0054451144191909008 -0.0060252678036123225 0.50610976934723129 0.030227366632063688 0.49500610011614093 -0.014868330380841255
0.50911542619184758 0.011773437577997011 -0.016741763251646891 -0.48888708472566467 -0.0095158392456037681 0.0067380441076540379 -0.0068885877718582568 0.51040071798305586 -0.044528535919534803 -0.48831232454497825 -0.015747568861409669
0.49885073669041535 -0.015981987821669416 0.0021198573839294114 -0.48113015663298797 -0.011320894458682231 -0.003730982200062532 0.002017890695355655 -0.49945820220821135 0.085756961715786437 0.51214918037188595 -0.012087481041552269
0.49934986379768076 0.015048519858783216 0.010542570319020318 -0.50306167307141048 -0.011945255623312799 0.0079621227527024666 -0.012465686001824001 -0.50085600465469005 -0.05961513914522551 -0.49188171881585735 -0.022831064268280313
-0.49809561904133326 -0.0050136218460970243 -0.002617576986713107 0.5026135216273443 -0.0032080021338258468 -0.0070489917446500119 0.006963734476721461 0.49842859243559806 0.055041329373417498 0.49759889055483869 -0.008641488170061799
-0.50223443216826824 -0.018410983351219948 -0.0099296081422910413 0.49391524683549382 0.01213095652030941 0.00019604453996723657 -0.023474666435111036 0.4967061400980391 -0.011757033546747984 -0.50333502170622613 -0.04971038758160775
-0.48948172131357054 -0.0075325031745349085 -0.01007900619570489 0.51677149973273662 -0.015944192207127762 -0.0068735906397391112 0.0019821655076375853 -0.48769298533349131 0.025135935803265941 0.504327537617281 -0.0082834587634383998
-0.50726964387801643 0.020674618131923939 0.0066587884626693704 0.50455402134873795 -0.018093401831423942 -0.006128252014836931 0.0024042365540631445 -0.49551666300282216 -0.048853991893726134 -0.48913640931179775 0.009075179015007831
-0.50296579362540927 -0.0032169163069327225 0.017175478349710092 -0.4913726954330056 -0.0086407693048390546 -0.014146917902228795 -0.0097692885027116372 0.50133222247136533 0.024227839303453111 0.50290397460610947 -0.0083251835068025078
-0.49893189402993626 -0.0033984128374794139 -0.01465159992450046 -0.49171173099542892 -0.014064200213279527 0.0015987760134435424 -0.012049124641950345 0.50305229824808595 -0.024210827042492965 -0.50481123616437618 -0.015251814234104233
-0.51953316625070745 -0.023789355022983585 0.0072957775044035127 -0.48320607440466862 -0.011097050134173472 0.00061855433265288408 -0.00081909763800791686 -0.48520765244156694 0.026484683385128945 0.5096165483674987 -0.0041095228662247308
-0.51757222509210854 -0.0054521015930500578 -0.0030314189474475468 -0.4951612254329012 0.026677183795846604 -0.0053119615667118533 -0.0093727049300338025 -0.50995989164173183 -0.04161477268808067 -0.47332053093956028 0.015636357046046094
0.50039213158481266 -0.0095160666949615121 -0.0061529286979738586 -0.0039668760147170438 0.4776978092497654 -0.0083031051088975783 0.49452108207026646 0.0089282628218603673 0.010529029044795418 0.52531400367582137 -0.022426514883080135
0.5020660915137144 -0.014403037788690096 0.0028089309596278011 -0.0025427762778927675 0.49556237158994526 -0.01124356214818956 0.50291519552847375 0.016732161313041911 -0.023618886510984292 -0.49790406096199746 -0.018149098779764204
0.49266923403575236 0.0019154437507504379 -0.012283581899711928 -0.0022585965735733428 0.48347526473859137 0.0028217134768758396 -0.50175300428648195 -0.015714471468793983 -0.017438167142378107 0.52045740132567087 0.013343814825126966
0.5049421476100342 -0.00018427823438391144 -0.0037127270217994371 0.00051017950376560349 0.48662179136721978 -0.033186726631769331 -0.51079274364377447 0.002889533681802693 -0.050957251926877709 -0.49334511140333726 -0.014615248609475639
0.49711149428229046 -0.011636073060008668 -0.011412082905011323 -0.010427534198779724 -0.50860745612691272 -0.0020292144159983873 0.49641576113440805 0.010171371429889751 0.030275979139012553 0.496246121084641 -0.010546113390290027
0.50857216681972095 -0.0085852035466829936 -0.0023287591763067072 -0.00033674883504581949 -0.49469645884396507 0.0010181267425957352 0.49395593404362093 0.012766791340060354 -0.034885999529337582 -0.49979612833144244 -0.03715948500943507
0.50652880167571579 0.0087967449879301513 -0.013097324428249957 -0.010032536850717012 -0.50430346451064201 -0.0073264137102698346 -0.49452819444019364 0.011512983660068154 0.023766494844388766 0.49336798809727456 0.0059863300171898405
0.49427354200306212 0.0049663228606243882 0.0024746033247296049 -0.0064819226426244183 -0.50756257084821366 0.00084667080809322851 -0.49317530289045169 -0.00062670631875646002 -0.054184226074178068 -0.50140332857387848 -0.020901716451170105
-0.50727934665150209 -0.0071926759551817019 -0.010746847855263355 0.0075350134643371947 0.48043950870463653 0.019880764627324455 0.51192055056643482 0.007792057026877677 0.032513672716518872 0.49799426064746088 -0.0068922843743822139
-0.49111803669287107 -0.0081758177899506016 -0.016004023555291489 0.022844870245503253 0.50154771187287328 0.017818195371470762 0.50809679527428864 0.017809690254908125 -0.065737834209404433 -0.49062516682824325 -0.050759848245827244
-0.49756179624773522 0.0049843071739185049 4.2711096585100857e-05 0.0052868884687217923 0.48231272972761335 0.0023303024516343482 -0.51133637476521421 0.013708199013771022 0.041313107889132755 0.50634343360439704 0.0022835279732210025
-0.50492377349558493 -0.0026887821488543197 -0.0071480703064807126 -0.0015008458790351626 0.49444990728404531 -0.012742547173888823 -0.51388074337645751 -0.0035142126298388881 -0.03702883381661988 -0.48452786623965832 0.011143017556897311
-0.48896800832650117 -0.0065981022846875528 0.0079783822644876341 0.0055459698619456663 -0.5056762681731517 0.016717973518499608 0.4914339021376144 0.011313674206717049 0.018893476153165088 0.51263235683492026 0.00042961909159185341
-0.5006339128067806 0.0083481213433948195 -0.00062096386088663952 -0.0064413894269398225 -0.51171369619453155 -0.010991754691191229 0.50256823126231387 -0.005878134985682665 -0.047766546160841528 -0.48206982760361622 0.00022453669051889912
-0.49930636351640623 -0.0055706220953021732 -0.014889952851533248 0.011064416469769234 -0.50605073894960317 0.0048191366144866628 -0.49458358180989265 0.0038337559326382985 0.042885513070476652 0.49773391423375368 -0.0012583141031431615
-0.49706206423013799 -0.0067007141085648342 0.0020094444972198907 -0.0065244222642571528 -0.50166908787791187 -0.0039290289740120431 -0.50424507292799348 -0.0066724760451719409 -0.04115562755694805 -0.49507009966279947 -0.0073947962266368928
-0.0099877275669491405 0.51194683032873034 0.52900119460021244 -0.033050787068449203 -0.026268684870123394 -0.079957830073545663 0.51475501752721098 -0.0022821186458276323 0.068442828039853076 0.42375534178553614 0.023702845154548947
0.0013013669094752908 0.4695703335112642 0.47670990736557917 -0.0086577492978095541 0.00020653924140342876 0.0056324696044475504 0.49659613297740912 0.010313382741827158 -0.1269275117395775 -0.52821428778845658 -0.10152800767580343
-0.0048470438130411584 0.4885539318535051 0.4929417108346838 -0.0021344235560106953 -0.031085726482478614 -0.0073257006091945395 -0.5139523071628862 -0.0027059260313168553 0.033614759750239129 0.50099408248236865 -0.031562140020878766
0.011936833555474268 0.50426633094080553 0.50784964060542437 -0.0034380944007679679 -0.0013408365238171125 0.017614178160785011 -0.48433827803302487 0.0053213706813154378 -0.058210390333588671 -0.49882622920799496 -0.022581040068088792
-0.010561609983064404 0.48940820584206146 -0.50465685654374703 -0.0061767892636647682 -0.022654117423655917 -0.0021713285088966017 0.49960384157188281 -0.020667856232366617 0.053691987662564104 0.50221284240101161 0.0013091053330710409
-0.0030230791644053202 0.48543235776436616 -0.50369405455086824 0.0089171055627083745 -0.0037999288725870163 0.0025754154186410335 0.49093139825649956 -0.0077520186893851716 -0.044259974610557168 -0.51618511640618325 -0.032530725515040888
-0.0025340503584610112 0.49022145904096498 -0.50124490936797661 0.023121731612284643 -0.011654319134874041 -0.0036646490490779902 -0.50310060464437412 0.0048938697832087543 0.047859025642815842 0.50229962688792296 -0.0040747239292935871
0.010418439987412601 0.49296040095347055 -0.51085008512978258 0.002488965399384696 -0.022354726456152215 0.00032083549847004953 -0.50766844921329568 -0.0016118037509880597 -0.021790087112891248 -0.48684805135386933 0.013489729515408019
0.005841030886314845 -0.50275458058160605 0.49275603574233251 0.0021911792272975902 -0.0085938240552888862 -0.0033861155580571286 0.48245618597131917 0.0022309482350708386 0.026104259079149039 0.52033130446712972 -0.010489765606145219
-0.00042285611518768187 -0.51133240905160082 0.48976085524221807 -0.020540584633157867 -0.0073187090269419804 0.031053376760058933 0.49429334696354887 0.010591021712739146 -0.059239643087063545 -0.49843361380313689 -0.029155046153691123
0.0041591907986312108 -0.49864961868624513 0.50066703083051378 0.010204336671478804 0.017152718179120823 -0.012211206940239415 -0.5124487327301509 -0.0022954531392913092 0.021889700809040423 0.48664173542153216 -0.014422722180768307
0.0039243206573549832 -0.48900964130502372 0.4974754994901685 0.019033625968807418 -0.0031907043189034322 0.006180218223142772 -0.49651427890488375 0.012584746232727581 -0.032917946589553715 -0.51367164435822099 -0.036533392899245884
0.0063243234419768637 -0.49666334923666994 -0.5127522978584812 -0.011950290611395954 -0.0046188423006872396 0.0097971798577905674 0.49115307778031791 0.00017611355636319275 0.041113885783782694 0.49709132343447404 0.0094319323925961297
0.011742223526951302 -0.50013978840358475 -0.49546616501055885 -0.00014162981904519473 -0.0030404630679443682 -0.005663237466936164 0.50040192199205147 0.033099728543987524 -0.034280804131138695 -0.50041386194773285 -0.033277207129853992
-0.0079116979754371083 -0.498824037794664 -0.50490888109450349 0.00035905942876278624 0.01013443710983265 0.01007688440496371 -0.50947705162699963 -0.014830611072841495 0.034200571707021267 0.48395926342147316 -0.028311939016533269
0.010451704152898422 -0.4949371663448392 -0.49119353382945918 -0.0060283585518328409 -0.01359450334427382 0.010265338369994418 -0.51190614839384696 -0.010536951041049738 -0.015174538788547652 -0.50086469057170591 -0.0087011370240557915
0.003507468525347902 0.47487460830293804 -0.013702852562999933 0.52309376543805597 0.49243579686640804 -0.0077415771585908075 -0.021714907004520275 0.0010449983623682818 0.039930257529786815 0.50591720182695465 -0.0097330680768061128
0.016688471803802389 0.50134053482496577 -0.0033274241643748872 0.48685697449559312 0.51832589499121307 0.0060757821581042398 0.022540344020310969 -0.0035229305316738782 -0.025458438305861659 -0.49131246921117677 0.0091201154039969069
-0.0060212440855662861 0.50001246870319638 0.0018580653298099056 0.50966412099957936 -0.49466106149755262 0.01718272384301562 -0.0030580889064662853 0.014428713215214849 0.043095762667004427 0.49305334984992394 -0.0053949169144227047
0.011470105547302016 0.50146977421767014 0.0047874621804727263 0.49970714398299315 -0.50039461399893548 -0.0025520430083406129 -0.00011110140462430569 0.0008396658180324615 -0.044207449511207496 -0.49597070826202788 -0.017975277799011372
0.0080506099187317853 0.52772151662328282 -0.012005961225101959 -0.49728223366790253 0.48187021154150322 -0.0033945417245020773 -0.041926463142541531 0.051668740426311074 -0.011601585363820633 0.48703888166745951 -0.0056608986725712202
0.024219062867149543 0.49036796863452026 0.0042702474406339725 -0.51110510570912349 0.49840555803987108 0.016817920190261654 -0.014472870847562557 0.010035766615138081 -0.036761759329123421 -0.49656134875849006 -0.027933937771899901
0.00045585028481990285 0.49334092259694079 0.0043293496956041382 -0.48979683439010196 -0.50668506814665337 -0.0076043521267991493 0.0055668206526017002 0.020203764835622237 0.05857799224113578 0.50534446034086955 -0.025761855763892484
-0.013230640079499591 0.49831307551530679 0.0072694473064842825 -0.49318807755560262 -0.50292870349669838 0.0044999736252344978 -0.0047416993324834568 0.009808681365042541 -0.080918884352394221 -0.49859551340042124 -0.00035762044950681774
0.0086396312719222226 -0.52018029270402655 0.014838838546889574 0.49943190449837527 0.49888473358086999 0.048209485815918676 -0.0018991630223421469 4.0490141407613253e-05 0.038748203662400588 0.47593419663750597 0.02137471158086018
0.013894789308840728 -0.5024465752545616 0.0056200413762400002 0.50359442025565071 0.47804070661797615 0.020482868847856005 0.016593021902438072 -0.0034511441551996276 -0.071470763101758067 -0.5074906557317147 -0.042789126680607949
0.0093166972096063085 -0.49695545876955827 -0.011035357505292567 0.49381395681713885 -0.51047192830607246 0.014373949391368166 -0.0041326336548081202 0.0019120890339491786 0.038970834161696152 0.49660837434428085 -0.0051894075212568025
-0.012133257397963013 -0.48416979398762638 0.008265097974886268 0.49105364056008183 -0.50611873580883515 -0.0073649052841884529 0.010787912502322814 -0.013841609894429513 -0.016361414291842298 -0.51619312321922084 -0.031448096594242914
-0.0053625858586110291 -0.48382527470959052 -0.0060038775779464896 -0.48394848733265761 0.48575659606683669 -0.0076318267297421603 -0.0073129611137180486 0.0092255933881976344 0.090013837707040523 0.53424569697905566 0.044327183453110548
0.0067844700946366361 -0.49555135867603062 0.0067335756835319241 -0.51226560779437036 0.47962501505249533 -0.0083838155708049478 -0.013875271233964637 0.022211103724472509 -0.024598151470031707 -0.51009294968450092 -0.018034462225666747
0.0018816813009066376 -0.51407738780951728 -0.0087063014427331362 -0.50908897442435352 -0.49580731757425051 0.0021487193875189678 0.01169881454815525 -0.011255505838039338 0.025486712801166912 0.47915300918879494 -0.011969731843461871
-0.0022378886632325587 -0.48569621635695459 -0.024008403694361264 -0.49467422287577661 -0.51236144297531716 0.00081139212871076901 0.0054038431362324569 -7.4702772152752549e-05 -0.016675859111721026 -0.50592288596219337 -0.0059179829042717413
0.0026211382234510978 0.50260369524637194 0.0068640243249841436 0.015219821954325339 -0.00059009638642427043 0.50341891043789766 -0.005202762059149873 0.51197504226608559 0.073380161692009352 0.47550589515386482 -0.006077224382663721
-0.0064672667668118572 0.50278949661535144 -0.013652019172501017 0.00097948062652563239 -0.0027365819888246355 0.49896833720701961 0.0038708303118139145 0.49173597256867052 -0.040366826257164805 -0.50401127065772522 -0.022816166866816708
-0.0075615020174002534 0.4873618741912511 -0.023133116918912268 0.034955790428783627 0.00046214442644012865 0.50595476330354294 -0.0044027721715879306 -0.50833598045836115 0.0045031864089744396 0.4957397125026427 -0.021696730876722213
-0.0090285654470736477 0.49774996839940555 0.0055368448010215659 0.020978965985428567 -0.0073819990324421663 0.50642719365842515 0.0092997332723039946 -0.50262599881964265 -0.055353297522373612 -0.48857448734643366 -0.02610147415218142
-0.0018097086836648588 0.49829603693315316 0.00049005690770338544 0.019126581755557686 -0.018693088273538026 -0.49676470161896336 -0.012035401128004471 0.50674003361915687 0.052085467665453883 0.49443066627453741 -0.010110671328902216
0.019499115425667443 0.49924294897874455 0.011190044928589842 0.0013691912778733865 -0.013429831296785934 -0.49847714008197674 -0.00065188516430363065 0.50118034663085986 -0.047197867723142245 -0.49761349012833245 -0.023671965925746937
-0.0014381863714310484 0.50092481168197556 -0.0054345189396676104 0.015817512845926748 -0.035730175743822 -0.47936146800207807 -0.015370227303239347 -0.50359530622577497 -0.016477315134597079 0.51292576089934172 -0.02279605318056116
0.011792311697789645 0.50746693059770975 -0.0080549981628236702 -0.0023540209006506605 -0.011227892460223165 -0.50101316899186799 -0.020137344437952561 -0.50920814428930405 -0.037661162553594252 -0.47878933403568436 0.027776498152096485
0.010789711063039444 -0.49507867683994394 -0.0083900480179629807 -0.0095418803693860087 -0.016200764218674096 0.50403067631280729 0.0053473290798779233 0.48893073655928765 0.045251895479363112 0.50909225551683124 0.0023109108286517906
0.0091525556190050778 -0.48335631171954963 -0.012129096691339162 -0.0025871404141314018 -0.020044728280161891 0.49758638657694171 -0.01437019011116077 0.50317163605762905 -0.023087607062151773 -0.51362473045988577 -0.020087212084620571
-0.0067345882757362278 -0.50536944333923839 0.0023567827104238751 -0.0045971006063717148 -0.014309245954599334 0.49983707421978696 -0.00012879057486334623 -0.50027376527425738 0.035375620314698472 0.49270030182725422 -0.014455077814297812
-0.0083250285331125679 -0.48883952676026321 0.010218315742910641 0.018033978227635847 -0.013294364874835405 0.50174494067708419 0.0015009256033352153 -0.51570428035486782 -0.046213676299100184 -0.49023551421017364 -0.013875380100084747
0.0023006072713804538 -0.50973355608273252 0.013994069726947075 -0.002228872245625881 -0.051480369668305159 -0.48221751210286184 -0.0096648416970582067 0.52070922387794139 0.054045594431216412 0.48023868424983945 -0.00015680091733825106
0.010464826325073654 -0.49515742465750445 0.006703247330631293 -0.0019740119325568984 -0.036144053892040819 -0.48797834546644281 -0.0081463238211657921 0.51129950886811892 -0.0598733797822033 -0.4991729836519026 -0.031296710972000728
0.008816303123858055 -0.49898764880270591 -0.0061511628749126414 0.018162609124800368 -0.016853266423224052 -0.49901804025623292 -0.030654558551748926 -0.4984523916158079 0.019620557947698226 0.50147296065974611 0.002873959252855753
0.0083563827557380961 -0.50851332717871556 0.0093222407788462313 -0.0036467610185989493 -0.0028465637346580613 -0.49715445886574411 -0.032095175926624905 -0.49856490438910606 -0.022916312134736303 -0.49324728837217491 0.025659227579581261
0.010229463722550668 -0.021861763943165607 0.48735161288904638 0.016911313243289872 0.48502657840482355 0.0032312145170117937 -0.007896402722679793 0.51874030951005645 0.050068347069881065 0.50438847456288449 -0.017034588489236186
-0.015427718641449571 0.0060553434828516427 0.49226434159443466 -0.0073162924696046853 0.49231533844574088 0.024041644563883514 -0.0074154811852071168 0.50842691466392864 -0.03972890305711177 -0.50356431129684365 -0.026208715416172684
0.0016767859469189897 0.0014728419613243284 0.48741231529626716 0.025976828711639754 0.47470002796435418 0.013054554291137568 0.00016061388149389531 -0.4960520017632965 0.090499793750702023 0.53100966178235232 -0.0031357025758615566
0.0038061795758310055 -0.0087295199954891978 0.50063858211463652 0.029038508110008014 0.49205182785698648 -0.0050635067457654717 -0.0077406059265902414 -0.5107550121487725 -0.049899789803334121 -0.49217936709052407 -0.025006507102370887
0.0084557900494687706 0.010855180143057967 0.50857136663448121 0.016676195039450271 -0.49972391029610103 0.023245234980912723 0.0065358604283497395 0.49724551313955595 0.077543641450855225 0.48711591398721227 0.0057148025586972713
-0.0014410961582392049 0.012462382864163625 0.49713519382402532 0.0095120508764588337 -0.50576001210211896 0.016286642194538202 -0.00494572428062232 0.50220972254106166 -0.039492660914275036 -0.49197877815214008 -0.026616416509008891
0.0035530106475665612 -0.0040478361845822436 0.49684639408753606 0.0118148098006059 -0.51039256076751971 0.0070448100648392263 -0.00017706180542098572 -0.48848976422392393 0.043399916088686999 0.5019152611624329 -0.00032163144680078188
0.0025953568125354916 0.0080900488761010067 0.50410700062791647 -0.01254065985842937 -0.50362971741236728 0.010935873104354265 0.011053959814397038 -0.49360394469420049 -0.040593442909923873 -0.49632982889358307 -0.011225975100413047
-0.027180729418123606 0.0086043491690743958 -0.50479405258176113 -0.0098306396015761053 0.48145786005489183 0.022092298194599857 0.0095130013387828786 0.51701849301284009 0.036234751590553185 0.4929069032570001 0.017747215715486795
0.009180188258563482 0.0087605552889795206 -0.51061240790322782 0.0042268111082798075 0.47609049501398537 -0.0060065753003301732 -0.0036958100346934164 0.51165544215539382 -0.073797831484191445 -0.49494666893275779 -0.013212337784898158
-0.0086912188195330722 0.0037704186402157474 -0.503613168082645 0.018265707868645099 0.4810788808298313 -0.02799397867740034 -0.0067320197793090857 -0.50660654279819506 0.0737332278308932 0.50154059803974993 0.0074003662863854304
-0.00088794481570258035 0.0099346223051442507 -0.48475705030135352 -0.015219991653544724 0.52285250828699803 0.0051247612703199229 -0.0043452675007775781 -0.50930639846799031 -0.047776795403985592 -0.47805000574390144 0.03243672655902842
0.0010010082321101348 -0.0067288342654974057 -0.50935840902854301 -0.002633185783897101 -0.50406389802798901 0.0082045917335233122 -0.0025677745052933116 0.49037348009552389 0.03340898910166578 0.49472054298380852 -0.0039686251909115643
0.0080921946877907502 0.018258154908947499 -0.49298286783436318 0.0065601325324451468 -0.50966899733594329 -0.0029528558529137239 0.00019382048655766356 0.50006704556980386 -0.034078039758839343 -0.49519683415806981 -0.017507188781538226
-0.00029112504127989616 -0.015808121171284311 -0.50705346056741174 -0.014100442364412578 -0.50204217291828124 0.0061043276417553707 -0.014115251304886736 -0.49599119135109254 0.0090200173866290517 0.49394504875926076 -0.0097367280848082976
0.011173204965248828 0.017551697284704904 -0.48211048360382236 0.0072934950605269017 -0.51725999370957509 0.013469122497960314 0.0031441030811934765 -0.50775710589532908 -0.031162176592890892 -0.49036105550733744 0.0095841332088128315
0.0034829230344490722 -0.0080512467164363111 -0.031904837103161873 0.50036670109862735 -0.0097463665649967016 0.49468770339179768 0.49204274096012679 0.0059049930458686239 0.1202414659809419 0.49708600667093999 0.0058258804090437332
3.4177261488165032e-05 0.0025999291169099626 -0.0058217739203894224 0.50153451661961523 -0.021337644658605305 0.50140594592463683 0.50155399795035416 0.017623808728234328 -0.030638175105229527 -0.49307877971299047 -0.025037268796538743
0.002980392920480965 -0.01064484735662552 0.00048469742658105685 0.49614079551827212 -0.0077999723506592122 0.49359290788428128 -0.50884889663185018 -0.0020592277600067817 0.042735816607597711 0.49902620602333936 -0.015560782428180708
0.00013071647492988599 0.010977587584183783 -0.0064025639903055988 0.49344259463772333 -0.013162969651190716 0.49950790498010311 -0.49686159932238022 0.0037546277802127967 -0.051899735380561599 -0.50701472767247713 -0.0053305560306898337
0.0036564819253342229 0.016254625170644903 0.0047203463218398051 0.49435343673368476 -0.025218123888372846 -0.49006892566101018 0.50724514796287856 0.011798505120510687 0.079560879958096006 0.50074069059075543 0.0018143488438668277
-0.0067191274226112273 -4.2556764520875403e-05 -0.003956661275711394 0.5077626149635458 0.004978350441904286 -0.48870409991031566 0.502116282679129 0.03816570003215862 -0.05594680748342902 -0.49521103539774208 -0.036310399509149383
0.0074674025916837018 0.00038327974728927803 0.004436716821872114 0.51112658218657159 -0.038156815467363936 -0.49226682912495778 -0.50873507223877967 0.0035413665031358101 0.028209168141082996 0.48504813769531174 -0.00028608831962830412
-0.014102877500843517 0.0077261149111142761 -0.0054862416818055844 0.49603542765422631 -0.0029101035779172742 -0.50052555176333491 -0.49942303219976319 -0.006000598039198256 -0.047537497328069368 -0.50132480390968148 0.008951539092154525
0.0075670119220105966 -0.012547350456350611 -0.028368372371678656 -0.52395200903554928 -0.013146303694725725 0.49639122521415757 0.50316788782016986 0.0039253781208311968 -0.026119788335969014 0.47301308375448076 -0.016149475558141842
0.0011847608040327215 -0.0050261105064340174 -0.026549719247054071 -0.49393070681544138 -0.0048535565069199168 0.50570269668655154 0.4818587121290957 -0.016465538583875092 -0.049983170664900357 -0.5119579124368917 -0.04983949747815157
-0.001314075136435239 0.0050686587142640517 -0.012523602484734209 -0.48797538309683314 -0.02009841398021868 0.49230914102160866 -0.48574969172447513 -0.010746188456396308 -0.012568082952402216 0.53166715090333483 -0.0052316884647295404
0.0040094496402700748 0.0086884192048664825 0.002968564700501121 -0.49755385662302537 -0.017464861681038377 0.50235282228806544 -0.50303504176822822 -0.0037434590064842604 -0.038406185776774723 -0.49509871469845962 -0.0045127020807805319
-0.0011533606075286916 -0.010809691324489881 -0.018520443746146087 -0.49335363229675422 -0.012198425589410023 -0.50041937425800176 0.49332236315122829 0.017662896813570608 0.025174178926177845 0.51088210685499746 -0.016107668298829272
-0.0095366791891669921 -0.014297178349495267 -0.004425798621075369 -0.49629337100018256 -0.0058317207674244038 -0.5044228765029608 0.49406048529070307 0.016975821475018225 -0.066041757497334846 -0.49943954987682138 -0.026761501967578497
-0.010874529723639857 0.0025598715243573635 -0.017597306192776271 -0.49036453255311357 -0.015906115140453848 -0.49318479262226589 -0.5014408257889299 -0.007262948210948768 0.027738465020298225 0.51300800636248745 0.013476583349219862
0.0055276431886935578 0.015281063759041048 -0.019721311537978604 -0.50154362425463306 -0.017333559184644399 -0.4995531299173287 -0.50849787211883579 -0.0036705865814513606 -0.042646760365584679 -0.48737582463420848 0.0031169608472176339
0.50158525596167369 -0.023270115635626816 0.50021908142450799 0.010786145179586147 -0.011245378603212685 0.012689756163148408 0.49428587962379744 0.0035752345678500426 -0.01447474374891944 0.0025687579340377548 0.50269309135707863
0.50250033497998059 -0.0013050621851145559 0.49329741917482384 -0.00060746560444761659 -0.0067126547772125324 -0.01644150605964078 0.48382325930443076 0.010148864912716566 -0.015247667118529295 0.032130084610616109 -0.51805485725973932
0.50273476666940253 -0.0037933223388098196 0.48477992662231084 0.019454180498231447 -0.015509638822092331 -0.023712854769157545 -0.52159068793895014 0.0074980559975722852 -0.022759346583063923 -0.014747444926069874 0.48805935370393611
0.50203850761145297 0.0048066683759508937 0.48977448845803218 -0.0012557795958949582 -0.0080881600797427528 -0.001411701642509929 -0.50135111842131252 0.0067184397882757135 0.022944642783239121 -0.0059258912676627669 -0.50599065293482326
0.50152553425884727 -0.010135445731687339 -0.50536855489935961 0.0084443523089594782 0.0041253401690914075 0.013024472081363054 0.49153828587577597 0.005284711805273931 -0.031652656229788897 0.0017444900918087271 0.5000713189156738
0.50562276263345962 -0.0048624178886814513 -0.50009852010211808 -0.0030501314044164281 0.0011363335963093836 -0.0015154077895083615 0.4867989436608689 0.022361810576245148 0.02842575101813663 0.0066009666880852084 -0.50585146018442295
0.50430074655989943 -0.01262892178648602 -0.50056671376218975 0.0095825367448950545 -0.0052127655183879023 0.0068900442669661078 -0.49622512433558763 -0.008430830885258301 -0.045264455523167699 0.0029828481264117714 0.49640662821330672
0.49674211024903209 0.0022811015484392487 -0.49998040188866399 -0.0064383816843229039 -0.010356246722369036 -0.0067808232855222483 -0.49974726089875399 0.015348354607644176 0.018556815251204607 -0.0070446188208175683 -0.50268290922551728
-0.51006922522405362 -0.036965759037822891 0.4839942335306523 0.0046955806671661379 -0.012015887627557212 -0.0071424825953317027 0.48787912775773684 0.013612494118634289 -0.078233408402956187 0.029059077730531548 0.50874238615392586
-0.49321367603004013 -0.0073070082754057297 0.48519047025403816 0.0057571509514624461 -0.0041759761005626212 -0.019874738485706457 0.49457411672656987 0.006979022988452723 -0.013768407275456416 0.027828203729763999 -0.52460962107918785
-0.49917202811867234 -0.011606289838502709 0.50353312255578919 -0.0036194643759635985 -0.013287237984256956 -0.014430122901083701 -0.50960121007540238 0.01263863322798262 -0.037372629297054205 0.0038863236563730949 0.48526709131612289
-0.50681085275004356 -0.0091043769809698583 0.48754533420442558 -0.00660883172202312 -0.016452028199000587 -0.003424804176246121 -0.49311383740745873 -7.2186114165587455e-05 0.02311597235517401 0.0075951698569019493 -0.51115559777938047
-0.50464094090507627 -0.022865695530947382 -0.50107465341741197 0.0075131549309553148 0.0020528328446528122 0.0030439799778758918 0.49144571453816166 0.020986226066345728 -0.029047615030296847 0.0025621711552275823 0.50085856717912547
-0.4930718820185373 -0.0046829140450427072 -0.51521782885330158 -0.0062354135200896003 -0.016951294641620141 0.0053708248740290841 0.48947729701797904 0.0088075041452349741 0.0413086907142899 0.00070147244398941877 -0.49968110766908097
-0.4905928467220646 -0.0047830102017190589 -0.50881938740817279 0.001033413987679886 -0.0086152830444348096 0.0059172185522669224 -0.5053506686524476 0.014090483209937605 -0.015173613081041214 0.014803957575289572 0.49422775348611503
-0.48980177320234752 0.0048072738077532149 -0.50011195982838275 -0.0031187728241043019 -0.0036710154252713786 0.00053451692441530989 -0.50293577847824933 0.011013992594272279 0.031069377025168494 -0.025493715153100123 -0.50522738535142309
0.49589526163081654 0.0025698789822379518 -0.0052276310660043998 0.51377701630829842 -0.0079463572618086557 0.49840563851292613 -0.0062114567141757209 0.0025083079458272203 -0.0079377814013456872 0.0085353393655072055 0.49136043319621081
0.50204195374645977 0.010133088142676936 0.00029262158829456206 0.49499159835259215 -0.011431532625360308 0.50425474704227369 0.014024995499691802 0.011350767191707439 0.02236925195571652 0.014864567555134149 -0.49737714067595062
0.4975172337916805 -0.0016399031485871515 -0.0036622003546976909 0.5135489105797777 -0.027445469801717533 -0.48688294452103897 0.0017862768603585828 -0.0070746356512532077 -0.057115359469423713 0.018204110911515272 0.49726548930595305
0.50486696813031418 -0.0088974916281307475 -0.012427685323684861 0.49683291862856466 -0.032207629554732962 -0.49363944288165018 -0.0048916524977736858 0.00041183657317232867 0.012694260779043424 -0.016032376911505435 -0.50286506393706398
0.49724506186808792 0.0073925292375504343 -0.015524645616588827 -0.50160835492383105 -0.029490454756093926 0.5040030847185788 -0.018564637221145923 0.014107268028662905 -0.041862180537682175 0.024750798080651604 0.49299415954898779
0.49778545292675941 -0.0023736088487680347 -0.0052772128690705255 -0.49947685777903844 -0.0015450838023508466 0.48657218596099189 -0.0077557948737289936 0.00096323240355869542 0.01109673012099824 0.0036225819266326358 -0.5155063610453825
0.50299264109572395 0.0012082593498985311 0.016027646406700211 -0.5100072301814359 -0.037845484842243322 -0.48197567213406911 -0.011276672445187772 -0.0066188871866312664 -0.0057366964266518097 0.03232159839464549 0.50164856738206609
0.50395213045739706 -0.015759422549499982 -0.0062378266983341918 -0.49913684265771596 -0.029880766045045415 -0.50152728250510836 0.0056854859068753974 0.011390331208593896 0.076240831488113295 -0.011419595996440044 -0.48793419781561509
-0.49086777504954565 0.0012482992326342851 0.0011659728528270121 0.51132276053395809 -0.010073582120862566 0.50244891632422861 -0.014550788309354213 0.023959146963954729 -0.0084119215948372447 0.016003676211694781 0.49388855971885548
-0.49271774193082885 0.0044904935473873801 -0.0014545006528926352 0.49801141333634569 -0.026309577324051269 0.51192858400413277 0.0059955814201632504 0.0093754184544046233 0.026069630454276516 0.017729468323404492 -0.49528850657229201
-0.50171792361402412 -0.011748458605035457 -0.0098401081982525361 0.49033899920412727 0.0053819632504182842 -0.50833054854388304 -0.010832410458530195 0.0089460922058714181 -0.023364938678998658 0.023587309386469132 0.49787887046746754
-0.48990172716889463 -0.000270835919486504 -0.0026811819243059008 0.50188020033011305 -0.020691394328446792 -0.50633862563966481 -0.0061969235052903989 0.0021969244968379855 0.022743622282027729 0.012738060544667593 -0.50057527271319624
-0.51553765437859023 -0.0068374436327143743 0.00079067318085401361 -0.50955639516635531 0.0141915361164091 0.48883906765578872 0.013099109088458965 0.014089439216753903 -0.032080543170881277 0.016389522312414421 0.48341795669103443
-0.50109753745040864 -0.0071733747725142034 -0.014787298675575003 -0.49654382359079541 -0.00269497839206654 0.49751482885073584 -0.006707528057643351 0.0041332980691275957 0.024077322352494459 0.010615988764627132 -0.50377833232248304
-0.51243813418953565 0.01518349651779409 0.005484725283059164 -0.49671258723154782 -0.034589668416111552 -0.4959437220324896 -0.010255113372922729 0.02086965762117976 -0.035841239346327346 -0.0034477243230020172 0.49135458861312348
-0.52013514133686534 -0.021217472007653775 -0.015643715279769002 -0.49662791610395524 -0.027465717886437754 -0.48819642210015163 0.00080278319805841814 -0.0026539585483763319 0.045471092161332272 -0.0086953488607010108 -0.49079956322838342
0.50873278515498466 -0.0088195860779030372 -0.0053060308834765547 -0.0038813157352916103 0.48606990031104386 0.03043873584293107 -0.0038045995345765251 0.4985584993638929 -0.041050660215938395 0.049529230429563448 0.5011647746694543
0.48872732390234191 -0.0056777551389369015 -0.0022541293357497233 0.0028060052843158394 0.50200044783816899 0.01550495657232194 -0.011711114541798654 0.49609641616606903 -0.012478647119147902 -0.014078686242807776 -0.51210626584549002
0.50671057820094079 -0.045167359615286735 0.0035772836010218179 0.016365616252341064 0.49147397183501557 0.030009306064223674 0.027440828896264965 -0.49737335078613115 0.04173512987038016 0.049839027800426018 0.49610225442896483
0.51165072356889496 0.011594385985945452 -0.0019764281429557337 0.016827981966427135 0.4742597712683887 0.00010737177166067348 -0.00029126173138433278 -0.48509889871827999 0.089087265609153796 -0.044862505554263216 -0.51730017030552
0.50194650920158101 -0.0063348506793576096 -0.010548521220885105 0.0062544576225942936 -0.50406442664410811 -0.0020148209029834472 -0.0028883548091350113 0.49903517745234849 -0.042279784370365281 -0.0092494970031128283 0.49280482143154491
0.48891977816065807 0.0022728393804439372 0.00097446190248819445 -0.0010641193922878308 -0.50175598982671121 0.0084400555746991738 -0.0060461580015130694 0.50176069284813485 0.042299794385637572 0.0090476204875850896 -0.5054190478976256
0.49422276052246839 -0.0065319142962487727 -0.0023163152805316155 0.0079506838425099924 -0.50463671039214519 0.02122436530574786 0.0085588384132025425 -0.48993353654053745 -0.0066339053214055817 0.031349005227007239 0.50930250584349146
0.49314614990768346 0.0014965790769584794 0.0068793418153977872 0.004401010163400723 -0.50833666032130032 0.017582209730674796 -0.0057492138711206118 -0.49185604135878347 0.018865446573333812 0.0028352746778549228 -0.50567112215769017
-0.51665644242738162 0.0020489529184080412 0.016996848523328171 0.014170572615797173 0.48718440210501956 0.0083518883361694777 -0.01933343788728846 0.50755905111785671 -0.028877616418228239 0.0064022097565181839 0.48609561960283565
-0.50170102360210633 -0.028199170955196303 -0.0033777897376457023 0.0029791996197503045 0.49707496906771936 -0.0016990936910363781 -0.0057941693856472659 0.48912881733559815 -0.0072428896898384717 0.030797069915762885 -0.51001245227313952
-0.52378255876389579 -0.035330374150891554 -0.0059123360371107362 0.023448825185823682 0.49156324711968896 0.036144759123917437 -0.0057281374300186096 -0.48936804740056933 0.011148359028237674 0.034598100841899619 0.48994153863513429
-0.52738375392343806 -0.019769548029535528 -0.017153914731907725 0.031313710042100359 0.46840987066490708 0.0072686360026547967 0.0052608900981557715 -0.4944457485179673 0.044538836407542345 -0.0010247795763979855 -0.50423314302176736
-0.49168121501314282 -0.022820214233504214 -0.0016374532154882705 0.0090870651022479723 -0.50034028093549077 0.008597486899680205 -0.005388308232317755 0.51421643496200531 -0.01082637516341591 0.021105063437102833 0.49215753693327818
-0.49899590869288957 -0.0067503566746451096 -0.0083065529583918433 0.002360552913882698 -0.51176044538692345 0.004673505470885176 0.0029599368787819997 0.49383980057778049 0.038837336666522233 0.0040146661265286696 -0.49350925373281457
-0.49968135036905093 0.0029502938224359033 0.0040709635068574427 0.021748946050512724 -0.50852813402303709 0.0078057335334272187 0.0050096030823021274 -0.49541652709386547 -0.030073418582254152 0.024721242927390929 0.49414601090639854
-0.49301965581354462 -0.0092112715292843039 -0.0077507038168657862 0.012743582742429534 -0.51720795598680713 -0.0075041990637370586 -0.0022603789320285081 -0.49512910148673328 0.026606850645988001 -0.0025635040721245384 -0.49314448582691922
0.013142350686524957 0.48917142561108401 0.49984306277009971 0.029821464525649606 0.49112043200960726 0.034363139531526372 -0.049776830047670965 0.029644504408388145 -0.0019451631387371715 0.06779968101163579 0.50938097126444382
0.022546382511367626 0.49116030274164624 0.52393444513544496 0.0033506711256076614 0.50853967545253853 -0.0046709797981176028 -0.0041615174036531751 -0.00025549783996030393 -0.010412697063185386 0.027908966568768713 -0.47349292508658003
0.0031420119791582555 0.49115836206958297 0.49592027006142758 -0.0057444757647260236 -0.50966058704080242 0.012575214958579325 -0.039595796493303879 -0.0085324309801067567 -0.039207544943391424 -0.004873786077374145 0.49966990404328043
-0.014496279057618274 0.49542137385270396 0.48491796434912982 0.0018015595843756476 -0.49858355103686325 0.0045407847489929215 0.00097114267637610338 0.0010239024755701355 0.035206276204563597 -0.0012289459679720896 -0.51898909688019113
-0.0047365326652582364 0.50328647303743401 -0.50566840841000871 0.036080272702673603 0.47324287108242108 0.033387924687216276 0.0017124101462546296 -0.007477484707388877 0.03440883280207796 0.037805274992947162 0.51179326461984243
0.0040058893437277792 0.50870837577571903 -0.51718004923303762 -0.00086041072214743943 0.49674949610697927 0.045331303181450615 -0.023029606519716098 -0.00044079902293256255 0.033074883907681034 -0.0092961242175779116 -0.47243823485512298
0.015764322860846083 0.49988503330925982 -0.49558787475756427 0.0047269151384885071 -0.51048979071391964 0.0090998838987565497 0.00043554995233528472 0.0042400254371654242 -0.020673100623393278 0.014460782921777941 0.49284831449748989
-0.00058483009758630909 0.49479498908383551 -0.5014929300614176 0.006760691782843168 -0.50092107792483453 -0.0042958371214395774 -0.0073110559424340079 -0.0008349531598213115 0.027359646223638043 0.01210308469963599 -0.50174410488202226
0.0042409656806191619 -0.49306599827912634 0.50297999352665201 -0.024100604644767504 0.4856251788040834 0.0037945594690985073 -0.012434480472586829 0.012877097263729969 -0.034275559026595737 0.018777559040710417 0.5153679878883165
0.0072693012635590155 -0.49461710968836525 0.50447965799466077 0.0055139679257237969 0.50145089487339289 0.0086761989348446943 0.0093515749365585057 0.00095372959996952182 -0.0079693409793202986 0.00619349777522439 -0.49905153554358278
0.00085396865347338216 -0.50042250075451877 0.49980866591522027 0.017389808836701545 -0.51011856551583934 0.0072398622641844396 -0.0085758258342024836 0.0045673529822062705 -0.034077949999504475 0.0092347142439254716 0.48769983072164658
0.00096008849763447215 -0.49074801704226279 0.50010971379423175 0.0042567683451741724 -0.51096655323508189 0.0066025908935227308 0.010303034251758004 0.0086976851359629251 0.036528895317922402 0.0083671885366999495 -0.49630739575483879
-0.0027657366526317182 -0.49797283494213823 -0.51326520430031219 -0.00083959171030839619 0.4918359855027738 -0.021275678307401322 -0.014359107513613431 -0.0058459489324931774 -0.01791829768890911 0.016414525053762292 0.49536590442372475
0.0035286178011818188 -0.48376887778369781 -0.5079592311296498 -0.014586149700536517 0.50991117796736785 0.011302880961853744 -0.020982573864874302 -0.012104695388716107 0.010355164774298601 -0.031490206187859852 -0.49588009274177514
0.01019929751391683 -0.50430697298825788 -0.50710271285588593 0.0072865516837166992 -0.50257282183244678 0.016880612417365017 -0.0062428981370784902 0.0026377733756030898 -0.042265694668338336 -0.0083789966828950544 0.48331901641405633
0.0017676740255644409 -0.49863162484850848 -0.50027968006459789 0.007276569803964494 -0.49939576947890391 -0.018615710327145759 -0.011622069059012172 0.0060397505197459624 0.030400864354213269 -0.0083454312330983865 -0.50012256715720571
0.020373346390226695 0.48892605819634016 -0.0087948163260977881 0.50821489646231299 -0.0044927421111364907 -0.0032655876519199658 -0.0004296695977262469 0.51182752290431988 -0.016351681714280634 0.0070691676309470554 0.48975576500378126
-0.0030439231595179072 0.48769685498112259 -0.0059815029061284488 0.51043272932421979 0.011123962746210981 -0.0015175536112357986 0.0052494548544169458 0.49478363733361375 0.035298029218500969 0.004263122380911615 -0.50530840828774692
0.0024748595687496171 0.4993610083811495 0.013545623245309986 0.50211109133654541 -0.015012507333018482 -0.0037286784900192912 -0.022939244604807531 -0.49948102156432284 -0.030174540119264938 0.02271053127331172 0.49664914885519151
-0.0032058875775618557 0.49090871541519365 0.001497828255924173 0.51783525302374234 0.0026677860862526505 -0.005958871464697933 0.0046239314950796973 -0.49188844649341945 0.029479118289172768 -0.0044990280216581592 -0.49793097233897265
-0.0034491382381817595 0.49732496350098432 0.003300342510963956 -0.48915337072214526 -0.03733559108433173 -0.0050574333271760866 0.027715366994255256 0.51052179840154088 -0.038181543456705998 0.0052748073107156228 0.49906737592982953
-0.016647665977955611 0.48436563221691326 -0.0021387484986612536 -0.47526115258389967 0.0072822565007557667 0.0022773230791676294 -0.0098951559157910655 0.50298835727202418 0.053679505818593126 -0.022752413776009502 -0.53167891752876484
-0.010334614190715961 0.47549418903008928 -0.0025926594088708228 -0.4919602358408956 -0.030511304360353604 0.035741901282906344 -0.027035687908432582 -0.49360000020254746 0.083784472741492436 0.081112958665745763 0.5211404941653468
-0.028545162327523296 0.50662800795182572 -0.010846482733941086 -0.49806302913144057 -0.036985708862243213 -0.00098691500334783708 -0.00064313647137112376 -0.51198306317905684 0.025861385310255849 -0.0060252038063724669 -0.47971627707646652
-0.0009226753346853237 -0.51546546803296744 0.0085357362699852481 0.50088173692321225 -0.0049312469887630942 -0.0065200117588911713 0.0079696083889110557 0.50184713547348314 -0.020476460271175088 -0.025333103868566943 0.47989288949830217
0.0075989903969938743 -0.49864197133786542 -0.0038283351163766141 0.5016541626763007 0.0042985861516936039 0.017599565179053214 -0.0044370085310920142 0.49403483657150027 0.02668954150683478 0.020683552113823209 -0.50405199573336712
-0.002202509302387046 -0.50636884935303561 -0.00011325425443732171 0.50651285519239597 -0.028414005493949804 0.0068768946570670984 -0.016775512274799575 -0.49734789872874774 -0.0095693661788489402 0.0010037288073260697 0.4883102233673543
0.0077458464099944471 -0.49523995224182277 -0.0096739210053687526 0.50775584129350704 -0.015123952175775061 0.010035665433997868 -0.01033836123231238 -0.49248494498527001 0.030022643059043889 0.01063833456047523 -0.50276786684603325
0.0056199493476081887 -0.50061275139310046 -0.028572972361800723 -0.48992315670757025 -0.0024170990887201482 0.017193725797919765 0.017264330345314268 0.49653908536462404 -0.0011200424303384161 0.014783929183194735 0.51102227843323378
-0.0026996441962866221 -0.5013973943132628 -0.0070493041885859309 -0.48738048142297502 -0.010053964660105209 0.014188099074824675 -0.011197498673477678 0.50125726506837254 0.036477264611230797 -0.00072546931685239129 -0.50792342658622436
-0.0074789479648283098 -0.49981929999007374 -0.0085501552808792559 -0.49775755103134872 0.011140384590746325 -0.0062115031306558743 0.014075890054476427 -0.50240167100247746 -0.02995624212245902 0.018964107503177126 0.49826074847247259
0.007126289347731591 -0.4992042674616724 0.0063664809067275497 -0.47497366356902199 -0.0090072207331603916 -0.0074892077379167133 0.003112191619957125 -0.48248156395452235 0.070711702791824482 -0.057665555789452219 -0.53276915957860105
-0.005704376681967863 0.4854203228943535 0.010590968559704308 -0.0010556915009862816 -0.023257310773008598 0.49255640026013281 0.49082080730514505 -0.0071139426807031569 -0.053904204724897556 0.072313457870638212 0.52151510488791231
-0.0036748964575985562 0.49600647790300961 -0.03163746418422908 0.00058807850088560829 -0.018350158681233505 0.50760552908941037 0.4987193672548918 0.0042837695752050301 -0.017811152471377469 0.014967273586512928 -0.49566327094542056
0.014575112763874092 0.49511009935928058 -0.01960538999951834 0.014030719261422131 -0.020785989326088987 0.51375722752681574 -0.50483320309764168 -0.0021502485473541394 -0.029654372019502013 0.018997882026073127 0.48331386199036858
0.0040995850484438117 0.48930683529568475 0.0048718686008182785 0.0040664449179546166 -0.011208357770693424 0.51686354634534981 -0.4910399601750885 0.00047073990378630303 0.008975468142422496 0.00045280155212506384 -0.502042789302246
-0.00024727465761007145 0.48741914615920495 -0.043958273793584329 0.023589231707533968 0.0025786464386222036 -0.49477427466093754 0.50097454663312735 0.021293152656200694 -0.010780690810690063 -0.049872960590389565 0.51097267111342237
0.0078533253446664078 0.47903183604962196 -0.011028707803974563 0.0011451644628595135 -0.009819728396217902 -0.5001185843253344 0.48507107515804737 -0.013680032294861214 0.067551376013917308 -0.019552167419315009 -0.52886887712399488
-0.015854370574551167 0.51052897339328795 0.0060649857442383248 0.017176900345959679 -0.00051510446982979969 -0.48168363837444622 -0.51553352068669211 0.025589802205782993 -0.0051579568350804137 0.01022537800734173 0.4900987366737396
0.0022071200189210083 0.50463545187388559 -0.0015943297859247715 0.0083238513531737578 -0.0013549170054656902 -0.48069291496337546 -0.50079332663583198 -0.010944761631859055 0.06527894902901335 -0.035494614378228102 -0.50770453415546091
-0.0020164422173247903 -0.49789894949755237 -0.0041283530520248692 0.0082515596411221054 -0.0020518103418445161 0.50266242331947675 0.50972093104105676 0.00048508001179870083 -0.01792972067775752 0.0092355808295206 0.48899006440895754
0.0016763778885282368 -0.49041984581120551 -0.019276189379443066 0.0054921219927721301 -0.0077135188442671891 0.49869921983184756 0.49463366097044559 -0.00053730883167889775 -0.015977032060632435 0.0083535193589391685 -0.51510739207655043
-0.0088912967686450416 -0.51069015991031752 0.0027698309123840407 0.0089040022428748481 -0.021142082719976397 0.49174788968819222 -0.51023021362804155 -0.00011030111016401757 -0.0023123066833382745 0.016750673394348849 0.48594831271667116
0.005226631382316594 -0.49736975194562039 0.0015562917080168479 0.0028494176631355503 -0.014639184488842731 0.5103279131813131 -0.49088686579048901 -0.0054940677847756265 0.021756986458783517 -0.0088815723857868269 -0.50038409015506158
0.018795297814264991 -0.50060288367695593 0.0032239110819770513 0.0044044376195530553 0.018684485384194937 -0.4996548860109884 0.49031202720487754 -0.0031738718714708195 -0.017052919329068196 0.052519685669351432 0.50551409963263139
0.013289969211265625 -0.50511174945331483 -0.0010842009813537994 0.0063753938399653525 -0.0083500685713134657 -0.50056799125490992 0.48868766153630072 0.023699433499365877 0.016900839385476731 0.0093098460167477179 -0.50423807208428173
-0.0070844457169346306 -0.49997289775555975 -0.0091866919827921553 -0.0084437413210544845 -0.018783511626386206 -0.4938019940658479 -0.50166703852884698 0.015752374088091846 -0.040363547409110849 0.017584231539637864 0.50176848686947306
-0.0014283110876952383 -0.47969080149226673 -0.0058274081228686242 0.0030262864524873969 0.0092831381189026913 -0.50440077235601233 -0.50990212531794654 -0.0052255215123088866 0.0018351512607744939 -0.025302148894479612 -0.50465256562478811
-0.0019614418090377096 -0.01845247432240462 0.4810589291998848 -0.0055041023692317748 -0.0046905859868699327 0.51276246943845782 0.011002824410178198 0.50981747916095999 -0.027480190159829523 0.00034104043138016437 0.49443919485334181
0.00106014561032139 -0.0090541852673505195 0.49499504833648628 0.0019543896819101923 -0.0024497634792271929 0.50159224889069098 -0.00060870963204620284 0.4944037647401715 -0.0084505419317661527 0.012750871281660026 -0.50854964882632869
-0.0073304260463303832 -0.0012143327925051824 0.49386555108563368 0.018042030744134008 0.00700356754878743 0.50338907951194467 -0.0064891181654043503 -0.51087860359812376 -0.039306646934001661 0.025721725700218894 0.488897536874488
-0.0086855484688524148 0.00040125408022125621 0.50384464720142241 0.016389914569254278 -0.0073932048686893735 0.48709749949315678 -0.013000177130435822 -0.50909763260937124 -0.035647102931538256 0.016012961426697156 -0.49759539178350021
0.0094495020014144244 0.010685057197590515 0.50453619839395192 0.012776328562781845 -0.0074760928073349664 -0.49278639652532541 -0.00017956740430730871 0.48965606888526836 -0.061641631861137261 0.045546088967482586 0.50650268192754899
-0.00071298516276921918 -0.0028630349070519097 0.4950262725067564 0.010154806937378255 -0.018870354255885503 -0.49722603743131832 -0.017191296986340549 0.49684345182916934 0.012384299290667072 0.0087871173678238153 -0.50977230301367216
-0.0079602876923652709 -0.0077865152081930192 0.51682349837151609 0.018985062256874758 -0.02800783927656781 -0.48176145946452853 -0.0058625432858094156 -0.50398379058022902 -0.011399198336694619 -0.00079475726181514725 0.49534421982429949
-0.005673316731024323 -0.0084502273679734619 0.49915520443063205 0.011395634746182572 -0.033286630579024729 -0.50236912663554412 -0.0047117157589905961 -0.4941955016341405 0.0096928057706727154 -0.0012590599905324801 -0.50277326852647952
0.012532825300325618 0.0032979618546032942 -0.50686004424314668 0.01598576712352168 -0.015993713426613182 0.49725906141186355 -0.015606406351709927 0.50090929398240303 -0.0412428774108341 -0.023683129643056418 0.4916619603218717
0.0030973238918049727 -0.0033997409057266097 -0.50073788788882612 0.0067531795294004 -0.0069355583583900378 0.50387778489262669 -0.011764315564351379 0.4957169564930719 0.027458167594733997 0.0087903717536749887 -0.49854685315288222
0.007466215561067727 -0.017306903364073478 -0.50264693962272911 -0.0030314070547109748 -3.2861133228701145e-05 0.50805470230290128 -0.013302245318342596 -0.5044444522859427 -0.023102416848207637 0.01426093898015781 0.483201571345721
-0.0088316914683012077 -0.0039354786355875722 -0.50195199647229505 -0.0063242441770615413 -0.017616887017937451 0.48825650993631042 -0.0084536378102459033 -0.4986870440056414 0.027585912738090298 -0.016587005254348388 -0.50932268065263064
-0.0087827276150574968 -0.019354014063856142 -0.50765199211773582 0.012781299481435946 -0.015006179095591991 -0.48841881448138635 -0.0042759479641067688 0.51180484818709904 -0.053632068645355559 0.0072400718120587291 0.48785751155581147
0.00096047284010105315 0.0062880792581214541 -0.49551653371109106 0.012442545468164768 -0.014521661570143504 -0.50510400354404528 -0.0075822156726109927 0.50136567307804714 -0.010471289323964152 0.00020537712731035011 -0.49738559907382157
-0.0023849116545737532 -0.0026903904179399205 -0.50770357105983011 0.029744714691235734 -0.032170555887027968 -0.47557707889223427 0.0089846116576860931 -0.49950798440553651 0.024331190000863322 -0.0001797442637595844 0.51376056524095115
-0.0017252467242938718 -0.01408169431054529 -0.49420979150424099 0.0081520302734915413 -0.030081461055081013 -0.51448693681803037 -0.0058990138761413893 -0.51520995929601321 0.042796304887104439 -0.021694827398202849 -0.47128437653596444
-0.012716902437755397 0.01696141191164403 0.021926212857617713 0.51577811853591526 0.48441834807981915 0.016560546176514764 0.49307251700796334 -0.027085921145985431 -0.067292814940606141 0.030426672978753379 0.49879767176431289
0.0074064608475794833 -0.01410395137267877 -0.0067279516218814736 0.49990159785336208 0.49346773303157265 -0.00034460392372482072 0.49434007574485911 -0.0063828477885346704 0.020451591804285522 0.036809576715569031 -0.51000270974790196
-0.0033260388055567315 -0.021136513503227854 -0.0098571728389246667 0.50589663622206216 0.4723518943619669 -0.0055162849135650472 -0.51805462982704842 0.0075718774320479125 -0.0399468918394109 0.0085433869630834446 0.50026012925028795
-0.0085571247837206797 -0.0041973248273333369 0.017925500521559584 0.49012876675057887 0.48836401397498225 0.022652422963884145 -0.49636825835770176 -0.0040066866787789694 0.047019609415344665 -0.038540033898757937 -0.51986094753958723
-0.0015735780966831283 -0.0045798299080430545 0.0033609996014601676 0.51035039283933314 -0.50944212263736188 0.011355029087592686 0.49244456461730524 0.030592783548525099 -0.015068386000737004 0.0074113382681830278 0.48592999948510757
0.004250572647864507 0.00083549064914014532 -0.0092692675878356355 0.49428296721363779 -0.50837256526577035 0.0043005976929892152 0.49246082984130901 0.0041638426735484246 0.028347073640560692 0.013614342818405479 -0.50358176089372952
-0.0010834095624314491 -0.0097249125046006135 -0.011422675250706919 0.50263329998148254 -0.51343497316206976 0.0038705058356665362 -0.49341180063111556 0.01585446248262409 -0.035760170745715678 -0.023489030991342946 0.48781758341377263
-0.0040576576374055165 0.0013014294886511868 -0.0017138242603373592 0.49216905503091035 -0.49774144144732901 0.0076594485775731734 -0.50080549521472828 0.0099277634874181502 0.036414558256366872 -0.019941005011395035 -0.50726220815924128
0.0097691490412623837 -0.017897363165654784 -0.017283242405033615 -0.48948970070438075 0.50926778382196702 4.3810491289354395e-05 0.52848426651760327 0.032564898496104777 -0.013932364445057669 0.0076965030410554571 0.468745403697927
0.007095291236255288 -0.016969155047719314 0.0046341126745932703 -0.49845404793754716 0.47074461297733178 -0.0055483231415373877 0.5097408998306161 0.018485197277458797 0.088928144568919926 -0.010987360263189923 -0.51122019983196509
-0.0023752253329721346 0.006722275034944691 0.0039332908996365656 -0.48906293905624593 0.4685815125687684 0.029282694979973625 -0.52203366823412145 0.047900957198306011 0.027155344294002428 0.036455884456620513 0.51326887041304736
-0.010214657082308967 -0.013396315802365154 -0.0041447731622829952 -0.5082493110801598 0.49463274423747933 0.028385828573026489 -0.51782426660041392 0.016851502541996799 0.07639119014934953 0.0098554507684642627 -0.47069699717488134
0.0035009989591857959 -0.016360957117436351 0.023028962673069996 -0.48926528409850617 -0.51099322819855852 0.0031953632823274467 0.50188334970887649 0.00054105941041926627 -0.022383718320114585 0.0063438976383739781 0.49624233574740545
-0.0030803988901482978 0.00097031230887926893 -0.01344171062669188 -0.49170550967734994 -0.51074436710778193 -0.0045317259386566718 0.48624473097575743 -0.0040533497500465287 -0.0042726897756573123 -0.0050480218639478054 -0.51054885200557865
-0.013228764594140538 -0.017424945110362484 -0.010775021174076863 -0.50163930267620316 -0.51437151271083126 0.0077277330577631793 -0.49905806912357509 0.011281478836522512 -0.025597267668069485 0.012529923822269973 0.48283233304393675
-0.0017532687642139555 0.0043422115360248698 -0.0056855673823107749 -0.49843284321233072 -0.49909176121730064 0.00027210098510603326 -0.49954639663355893 0.0080112659933410154 0.035950615530621538 -0.0049148716456521189 -0.50148818603411238
0.51372115351546754 0.47976346832140959 -0.018073454519841017 0.030001308318461293 -0.016562505032310371 -0.021636810235863377 -0.040943033102860821 0.0053382353665338209 0.47761288402227131 0.21169695294495899 0.47886730825874813
0.49079392016636625 0.49562117277529549 0.00032806770982717526 0.033273853796704653 -0.028032581560707079 0.0080841593437674907 -0.015127718300137873 0.054596548073612125 -0.48214766269865844 -0.27552884124929239 -0.4471357767613009
0.50462361506514564 0.45559799659941358 -0.048431412604658323 0.020744719088634261 -0.00456855351996338 -0.066812924970478596 -0.044090532440378 0.0067042037256364612 0.44918137912235384 -0.51181598970835074 -0.25459035492726434
0.51730302140149742 0.48842066736084272 -0.045700648980730833 -0.00082301360404687636 -0.01963906156655186 -0.0059136513106585404 -0.060043087582070935 0.020042227343775802 -0.46486196692459703 0.43111248695992943 0.29218394397179187
0.52136585906854593 0.50066148647350051 -0.014875652447960607 -0.0015572397709171532 0.00061491294712838344 -0.026018395207131558 -0.013519011280752464 0.0056979868963419941 0.15000844698061516 0.47725066901613095 -0.47552992120239673
0.49557445594841604 0.49998968449560172 0.018967731955429949 -0.020364739160050504 0.00042189585041611913 0.049577334277638753 0.062220607448502142 -0.0092908375679682069 -0.20035184383773172 -0.49057610291928377 0.46520983302593594
0.51217323952704508 -0.4790498113494549 0.015146333116212263 0.017414327519581149 0.051978327661373842 0.0011814150435354713 0.0016369871912842488 -0.0046801702323440051 0.51269003515142353 0.38678780653524114 0.30409468149285301
0.51006286897658859 -0.49686800568268408 0.016959522648222841 0.0056912939505147824 -0.0062534745523903064 0.010063151877858141 0.028212419044232544 -0.0017646216285974493 -0.51225690407323077 -0.35872245226407817 -0.31719028580402325
0.49346819775423739 -0.4941111526615567 -0.0047870540780522936 -0.0010289801716404541 0.010006760741431775 -0.040277215768832669 -0.0076932269418651909 0.0060716695751290494 0.51029456739152346 -0.30404155021503071 -0.39706307041126093
0.50387334467411959 -0.50714268685830499 -7.1944258819839192e-05 -0.0084078900597593671 0.0070757274324459024 0.02815006132337286 0.027480765674236431 -0.024258958483333294 -0.46527369053192286 0.25575741286574327 0.45251475903543942
0.50810297021608342 -0.50058733935826949 -0.013496045084468238 -0.0032099620933149511 -0.020556425038815045 -0.012145633067276238 -0.016766868209743969 0.01174387754813494 -0.056488437179602308 0.49713968396789671 -0.48961546318425858
0.49026190347636978 -0.47660532015008361 -0.010123599768825271 -0.046017568036897973 -0.017350452962476035 0.052268659240314007 0.033597606381336451 -0.048057434238144146 0.15760557610256917 -0.50572451697122089 0.49315551216909642
-0.49936822936275288 0.49207768625111026 -0.012805664729761843 0.040627679726842655 -0.039114152543793461 -0.0051076008311907936 -0.020525153117535867 0.036930468388485405 0.47598394931625149 0.19348906117127471 0.48922024290365052
-0.49398259800700361 0.47231403399967403 0.0194328173702141 0.012773664320775931 -0.019473223989981001 0.0085534763865862725 -0.030178127657151829 0.00714725412890857 -0.49274926689653958 -0.28019797068498953 -0.45785688966934179
-0.49074819557014893 0.51052756181955228 -0.03720398394465544 0.0064679056806727572 -0.054156108917361834 0.01353076264114501 -0.028730380098519887 -0.0037909354384573824 0.43805200511476899 -0.49969083459908831 -0.22708057154180072
-0.48467751600569137 0.49389011832156993 0.016249825208511658 -0.069697898268846578 -0.033218698387703444 -0.021551313841756261 -0.048779721821442475 -0.009115742898691841 -0.44550366171204647 0.46791502142133107 0.30755474912515812
-0.51347974686365205 0.48675613015112601 -0.023171456646382305 -0.0072898051359609863 -0.0054539307401274091 -0.016652372662739143 -0.012644424333193037 -0.00021356528948365708 0.12139608359216778 0.48878999916251781 -0.49466889462915087
-0.49880316016702791 0.47988720889241854 -0.059407888153680706 0.044047815545100469 -0.039466814324632137 -0.0308876658711386 -0.017695587445519918 0.06488689834862886 -0.25019648450292803 -0.47170464392254524 0.47254152646691983
-0.52166824896126107 -0.47283316980866752 0.0064024904024104854 0.045269889082150079 0.056983293985465033 0.0012713668609708375 0.0004228856369566142 -0.032274969499529176 0.47420032659873851 0.40995735642613251 0.32400482762402855
-0.50622455432078195 -0.49909723930480199 -0.0022686497745404298 -0.00045070613144361396 -0.013319180182616129 -0.0076875142712869559 -0.008517515586941372 -0.0031578874476240366 -0.5151449532827922 -0.41416351341780772 -0.23960079071782675
-0.51761165473036785 -0.4970135639169645 0.0026260050899528532 -0.011700534783948129 -0.015111665126455434 -0.016203861422002877 0.008037851953295861 -0.013315177673992722 0.51573198149658372 -0.27779694928841414 -0.37553753928489236
-0.47953574780131741 -0.48453491778878321 -0.039235277120838005 -0.019353184242243054 0.014378726987939412 0.0048418362357382115 -0.025005696604162606 -0.013329133461719911 -0.49180566579091661 0.27519570958235828 0.46337759333719819
-0.49155989643816822 -0.51239146373369959 -0.0087676725013684041 0.0079883333372045093 -0.032460052439915447 0.0075103295511597789 -0.0029958575954414229 0.0023880609935790428 -0.11158611444644875 0.49141807762581285 -0.49052547798133872
-0.48860141389141909 -0.4981918697698573 -0.023389963263400627 0.01750712295592588 -0.024566539076401425 -0.0041417302372056906 -0.037768318516649378 -0.010301790574848958 0.12756626814777219 -0.4896523373623024 0.50401797954554561
0.0052657637887958695 -0.010102484808944887 0.47712194392878199 0.50338135773817483 0.030831974535860545 -0.048842597151602656 -0.0094624183229101329 -0.0072707579475688039 0.50159453003758658 0.23955126669345123 0.45428138599956919
0.009532282601670607 0.0076782105502700556 0.51525271008787055 0.51619221328006204 -0.0068767839512942699 0.007315799851864817 0.0083210550171650497 0.0010570918572302328 -0.48963724077207244 -0.25080509385434435 -0.40631445116846365
0.0034888427587136321 -0.025616263331404123 0.45387241730939881 0.50689202351397888 0.00050529641775007576 -0.052115542351563807 -0.044920306962931679 0.009557115697041714 0.46887475067788692 -0.47881844841098647 -0.28715125709920714
-0.070914624712390267 -0.0037054806357458836 0.47724205451996388 0.499886729819709 0.0089386637323794673 -0.075020538922192875 0.0060479248089109388 -0.070099953388247691 -0.46071783871475469 0.40605003454813188 0.35988129274431685
-0.01304484507777961 -0.012236335388561611 0.50028944166836875 0.52036064543512783 -0.023721554565102779 -0.0050160166699576058 -0.022210503884024211 -0.0036437677611761473 0.22735380226408927 0.45803848835860583 -0.46479233322890667
-0.014185879202595593 0.040857469138150526 0.51606161463122402 0.47939654179786528 0.01010401380220299 0.035439964589698988 0.034324749150914144 0.020161365769582554 -0.13607012034077759 -0.50306383660504739 0.47692529923981819
0.0065139690084807418 -0.056780466858408492 0.49772195503735472 -0.47410982323976647 -0.040464310864370613 0.014729545157953449 -0.051295914135067455 0.012011965128597561 0.4982061633891246 0.18138938817326075 0.4883491664006156
0.030199155600742964 0.001692414624447364 0.51098038634021714 -0.46893700613142081 -0.012762743133086916 0.027487135244175776 0.02777407617253335 0.0076001106284889503 -0.49308988662545533 -0.26979548118257091 -0.44766890290256739
-0.0055828600554970603 -0.031679616876445618 0.49687278216213776 -0.512417531777001 -0.026772638745316903 0.022715806822267991 -0.015431488044755807 0.014690128969441187 0.44072630648376676 -0.49105613533434067 -0.22901621551426385
0.018654717000952909 -0.055444278959650865 0.45958819324302574 -0.53055789982249557 0.0092796121110370524 0.0023031428651114415 0.0032448246309538316 -0.07267231998035717 -0.42108265114331045 0.46857939773934132 0.31875457534907431
-0.0074413153485738308 -0.037623241991097872 0.49562926513989214 -0.51322400969636717 0.0041926591512839546 -0.039801288951307391 -0.014713707786900287 -0.0097747084557212437 0.13866940137835873 0.4792033127083497 -0.48857250126421409
0.035149196472247519 -0.047461491655133178 0.48655457094664645 -0.48909250851968733 -0.034546986926673046 -0.023853755097117922 -0.042083877022430292 0.055288731229677847 -0.24340986174367918 -0.4766406436203221 0.47701158477444361
0.012217283863107137 0.0032534122392233987 -0.50028318758959756 0.49629061404623953 0.038521151668552085 -0.01291102760403446 -0.0015910113894200854 0.0020515926025305047 0.52014010716392611 0.38639212638216297 0.28592060329550578
-0.0035261527858890321 0.014676621945588891 -0.49151993243790931 0.50889780631906367 -0.017956231941838225 0.004025419149005176 0.00090404398188537064 -0.004481915593163889 -0.49888369000034649 -0.38023171836433173 -0.32462703342180366
0.0073700670468544718 -0.0091896175344717886 -0.50986004170077814 0.49307632486342701 0.011081076240301453 0.0043709335695471105 -0.011007771213838396 0.005174752672454052 0.48031652620909415 -0.30683066409002163 -0.41429559809226368
-1.4004962603930507e-05 0.022014822251093295 -0.4993062033385679 0.50222946560147175 0.019107600686346912 -0.015651121501503548 0.0085807198450732688 -0.016762456464653672 -0.50015913408898638 0.26654840861672041 0.41928790387705583
0.0086232257106728313 -0.0084121036272773193 -0.49854046495874438 0.49278470167403382 -0.014352665277896116 0.0011015152491279979 0.0013723515999889216 0.0034747185157682331 -0.068484972117756171 0.50883832071207313 -0.4946187639996138
-0.007733162027515692 0.046272723326799561 -0.48049052545280546 0.49714592570524141 -0.023155031314143842 0.045828076645110058 0.016843699195319899 -0.037975400281547847 0.15415755436247491 -0.50008030879621779 0.49149439534925315
0.011343568987554703 -0.062811597763060292 -0.52887932911883051 -0.46255349291930403 -0.036456788458983022 0.0037374710852852264 -0.054349953457541955 0.008142457969769968 0.45019759645766444 0.2991336544166362 0.45358003241947381
-0.0062548404572859593 -0.0075184163088697388 -0.47645402517980978 -0.48885708321993143 -0.0099947985513568274 0.0090664825199272964 0.0067959879025778248 0.027321929794635668 -0.50577646463220827 -0.33789913194460025 -0.40367590777170193
0.0010594635861278523 -0.014681323648278264 -0.52340716417222199 -0.4928002885107638 0.0051155522670586762 -0.016292630274126408 -0.021512825335194555 0.0059932387702160079 0.47465601147896763 -0.43338410028299762 -0.2628035493622829
0.012590005074674691 0.0097253980042120332 -0.51293600990665955 -0.51260378284442665 0.0029168572306076676 -0.0068039517448241519 0.003843362669351228 0.010724469329490683 -0.4973985024724864 0.41630877852389964 0.23016963989220712
0.0048947565798239806 0.0051953542235150356 -0.50071047407344149 -0.49975869845223481 0.0060575565436697563 -0.0034276962123608928 -0.0027350729383719186 0.0081043858546387335 0.16650276399883907 0.47348382581271675 -0.49744105742774286
-0.0033076667841891519 0.016714974909215936 -0.4881465223640768 -0.51141959601678455 -0.015516294092025155 -0.013240171222911795 0.034675343346353318 -0.0093217917846140363 -0.14296844356115387 -0.47558154570104455 0.501547129637681
-0.012615943970095226 -0.04269837714200822 -0.022977810599148663 0.02503099948701789 0.49388363829067672 0.51416320196386123 -0.018944245919990936 0.019793557472700542 0.46337695793207423 0.19630195398624684 0.48432941037568888
0.013320610006685404 -0.010792234851540416 -0.0021220651889970895 0.033946957453245545 0.46774578716784321 0.50155835301292206 0.00031422415526721677 0.031861032425158468 -0.49799724006355306 -0.28625876536101119 -0.44411905055257073
0.0093608138714257102 -0.015175018761885459 -0.053298670695502245 0.0063136784925028845 0.50648513278384222 0.47052186508276 -0.059704780656915195 0.019025141430840269 0.4235308430570362 -0.53742997167687079 -0.21621170543298932
-0.0026568060915667991 0.021477349554157723 0.0058129292316024522 0.028427063666057514 0.51577247076433497 0.43003385085831641 -0.012462496810249999 0.017612600008601154 -0.46778432295350025 0.46466052767344029 0.33547328653051056
-0.0094830791327771818 -0.013246224578480742 -0.038692224710203442 -0.011910745089703311 0.52236745849140898 0.51093212785999453 -0.0077968675709560878 -0.012972308814984778 0.10307516993836462 0.49038569139080201 -0.4613508044363609
0.017636428033765049 -0.065005314958019714 -0.021811690664105432 -0.011425080813155518 0.48557077645217112 0.45185399409524885 -0.074090443035338918 0.041243913011888511 -0.27460816274381394 -0.48235194618193017 0.48953291518270542
-0.024659178426233719 0.10432009518513881 0.015625513668352718 -0.12901892371335946 0.46211788288473954 -0.50012197195112695 0.024715407144825854 -0.12412640590854535 0.38380418729919902 0.37840948412279907 0.44880582765780397
0.01704012997140876 0.040712384257824037 0.029105132743801613 0.0024335079288944242 0.45862316044997303 -0.42973490747505749 0.017601716024609342 0.011992528324858373 -0.55762354320583685 -0.49570912992607247 -0.21228898334553176
-0.078660274459637997 0.042281067630259218 0.033266983237870001 -0.073938861406883896 0.47338794472730894 -0.49259257074486218 0.027947966414724617 -0.094305089516197732 0.39787105611935936 -0.45328900722964477 -0.38113094609039427
-0.047980700225985703 -0.042022768957639615 -0.011026638508687979 0.057705803776664163 0.47285697341293753 -0.50105747429751135 0.0096998321509593304 0.055505052669079111 -0.44372684180401178 0.56210506096513957 0.042397825161911463
0.078353387201794786 -0.079694723680982696 -0.076783046587518597 0.086082850728310012 0.44381321323091538 -0.43948077086224308 -0.05969173370613709 0.071899135160703592 0.38440732836107927 0.46974203101056511 -0.45489661418534205
0.026818138983075078 -0.047951550941385646 0.0073746231472064157 0.082945742062337208 0.48814619875877346 -0.47419053312959747 0.022884228798743973 0.097087524618828955 0.093684066780681613 -0.49598461008383038 0.51203180442790053
-0.0032370065493736756 -0.082014821768656793 -0.01134242386392686 0.07174213669948297 -0.50765446447593343 0.44565137661868814 -0.020554930580979847 0.039891885263404404 0.4641758503652984 0.31288880151373205 0.46507721015005116
0.0059778271646118326 0.011808481740614666 0.0057635700085368604 -0.0012499158724594947 -0.51338760459415123 0.51390284220918625 -0.0080990714921425049 0.0098986787829425799 -0.48997003389052768 -0.32175451118818138 -0.35828327082006828
0.039408837507754715 -0.027333251969410763 -0.034148708548376497 0.007289312750302787 -0.50838868827527839 0.44825188250871772 -0.039863267168679634 0.034154302605144689 0.4781281129732512 -0.46988856014284619 -0.29143509075610352
-0.0067667618074592432 -0.0050566058406195068 -0.047663395668221795 -0.019614553623159125 -0.50263912715116899 0.48435506804700762 -0.02224040822991865 -0.019451296384068662 -0.5030603342064468 0.37014470373059283 0.34507448086533088
-0.012892727383629052 -0.026162500055460499 -0.02757485674565378 -0.021052733618158685 -0.51185923671458 0.49278638888191995 -0.0070076024302499667 -0.0049126814488782266 0.23191778038987768 0.46390568245797087 -0.47332845632626191
-0.030303460845488392 0.0071913086303737796 0.0068785881362791275 -0.020328564829842733 -0.46649689040813852 0.51324997102651737 0.018534216068425799 -0.02578426577619827 -0.071238750047558988 -0.49650838517905221 0.51470443626479245
0.0054391871339273187 0.040871170609247241 0.04491954593533274 -0.011249298221511583 -0.48156584065723179 -0.50924901503214892 0.008717755847736694 0.024813412579099862 0.52087172600660492 0.37866937527891159 0.29920875104457878
-0.0015726800615463014 0.0052702348698571346 -0.0062930219237450034 0.013200176954620427 -0.51692117540591287 -0.48221839914771158 0.0084959924347598574 -0.043568599183364802 -0.48057104082059626 -0.43738872437704812 -0.27529255753804499
-0.014850185842601874 -0.0025773191563111275 -0.034039928013913728 0.013306015135920288 -0.48392764381613507 -0.51808414563111005 -0.0044958904901084926 0.0065085924251206285 0.49068030660418516 -0.31698213752052695 -0.39310622312773047
-0.011915992852329207 0.0038439095836587359 0.0089364135602799325 -0.026324988163304735 -0.50523208417884102 -0.48968757818164338 -0.020134876396133285 0.0097719720399804689 -0.50799351543745674 0.25109857401421454 0.42709270140301347
0.00042670085348673378 -0.019927423174083952 0.00095932961365124557 0.0023791671013950869 -0.51669959056160697 -0.50051053418713676 -0.0087315143716658484 0.0017535200375460448 -0.06141804014163476 0.49387459346133272 -0.484090145909429
0.021606678524283798 0.0063830356141157396 0.014996077157807456 -0.016279510412180738 -0.51079489453465821 -0.47083227054603949 0.0013814064929868728 -0.033132831443258882 0.12642587636697972 -0.4985757008781736 0.50074657034795067
-0.0080219592844107193 -0.047656688610971165 -0.02493425295821447 0.033893563972586291 0.013021265908289141 -0.037135302606624815 0.4770926692021773 0.50449810911718751 0.48313275036716852 0.25819257558328029 0.46057463652706676
0.0046066654658905182 0.016870626728230059 0.014352748537926294 0.00020741473833620555 -0.011394762652848341 0.022120104281189035 0.52601980834118767 0.51104081383962852 -0.49755385787079609 -0.21452069804253157 -0.40918266458679931
-0.018150013014791525 0.022233438304703753 -0.020508567235005996 0.013060883640712354 0.030694698116267915 -0.0065131271444028634 0.48030027286338273 0.48038671725910842 0.49640197033977884 -0.44962139364650672 -0.29591622785189209
-0.019923036186612533 0.032719303061304383 0.015791497420290346 -0.050795389976376691 0.0068682639991663984 -0.051914697331951351 0.48890471637601068 0.48752128615212326 -0.47783343409080414 0.40678200956062316 0.34994206344752832
-0.0077794295050788416 -0.022225451932324392 -0.021063445795161916 -0.0030473416742454011 -0.02386951621825343 0.008799149885903388 0.50031068698056902 0.50331954515435973 0.20528532372611932 0.47173721733962404 -0.47961021827906897
-0.0088756142575890217 9.8048034547953562e-05 0.0074957211581697363 -0.026662640081157589 -0.0041705520921717426 0.033509155069054289 0.51677832442407445 0.49805309460369968 -0.13108866951328244 -0.50515983254057584 0.45883162199449468
0.0041800685743090321 -0.03585697450535251 -0.024480093765024125 0.038121256429933394 -0.035681517298453265 0.020176359487283163 0.50198752676621117 -0.48816086189177677 0.4840593381489719 0.19441134339753408 0.4822471624198334
0.026523227241824647 0.038275216007965455 5.1721300636357329e-05 0.033829707220388264 -0.028113139976386311 0.036954094243122917 0.47464911783719432 -0.50029699711862929 -0.47610888045552024 -0.26917956420581512 -0.46883360219342707
-0.031793936235064137 -0.04242828851995676 -0.015530694904215247 0.022709858753584371 -0.058242397924441011 0.015229181400513108 0.50070215210194857 -0.49573766401408975 0.45399226006035781 -0.48784565224006443 -0.22857627097994804
-0.034747715213583372 0.013102507497953031 -0.061850769037379946 -0.0035812187029210848 -0.0053080405130294227 0.013508135077462013 0.46335315353444012 -0.52432729225415131 -0.43983623559075946 0.47061724989037579 0.30003361227288949
-0.022835175629578423 -0.027993121617917883 -0.026041892423448582 -0.0014685377196830298 -0.011102694614640024 -0.030909238446371959 0.48634845404674915 -0.49859133955983975 0.13532555172051042 0.4959382224192696 -0.49753400309968543
0.02951205410007629 -0.063292178775903679 -0.013318029876549597 0.05381399779270149 -0.038362437748113425 -0.024249635944609171 0.52149302975745537 -0.47271055021223962 -0.24692068707024833 -0.47111830110564973 0.46006257977524978
0.00049978340446200714 -0.0091097970599208853 0.017955335866874728 0.024465693702040048 0.023012678538831117 -0.018606766169641489 -0.50937758378268749 0.48037464863354429 0.51979260429437013 0.38416046954558675 0.30021835168446731
-0.0058271262638453971 -0.012433604629208631 0.014044065098720495 -6.7745532514940912e-05 -0.01616831802749373 0.012924986743013667 -0.5012305258729044 0.50958164134521133 -0.50696545351036293 -0.36034664905957081 -0.31845968681607573
-0.016857542200643654 -0.01560798364567844 -0.017428166319046461 -0.0064192667399424587 0.032624723955851483 -0.015006426108410281 -0.50766577265536728 0.48870648518226317 0.49609340950434838 -0.31016280323573919 -0.3987097940398886
-0.011336699748039849 0.027057426291986111 0.0086967560273429403 -0.019433933290108667 -0.011526961798749879 0.018507329286073286 -0.48908052929787105 0.50997210840387874 -0.48102919589264109 0.26005834164946434 0.44712406293596707
0.0057904693375885963 -0.0063821725219152872 -0.012934610682925106 0.008680060376923043 -0.011994518928238692 -0.013283256663763138 -0.50445293541077718 0.50088718756812001 -0.056739612830124665 0.50029647864603366 -0.490393809525554
-0.018887865437195731 0.054347715708466263 0.033659319557084864 -0.025884191680351831 -0.04530428784207341 0.031580930616223794 -0.48463558879213686 0.47992624371910519 0.15706667025610521 -0.50356119881147077 0.49838953269608899
0.013362912069238109 -0.025147811428959728 -0.016048928455130718 0.027563023534868232 -0.011842444602308882 0.011266294745629464 -0.50565341613179471 -0.4991720783311398 0.49908381770931221 0.31210196315596883 0.38282388295751929
0.016348977338368476 -0.034625328948790141 -0.0011467172255604735 0.00048694941300061356 0.010066283173397292 -0.0034914180140344082 -0.50439955434877581 -0.46968378117754078 -0.49504384262280587 -0.3166562175978232 -0.42196847560900402
0.0040220028010097214 -0.019649249107720618 -0.021922912481207441 0.00090323294877498166 -0.0096604888748635914 -0.0042780889872651969 -0.51823929544584812 -0.50206076278062406 0.47345104904116569 -0.42356521843326755 -0.27350375960522982
0.0023670427574495911 -0.01043027758955181 -0.0040983809188277522 0.0028290491858386931 0.0002433004250369873 0.011202633704377029 -0.5148996536009236 -0.50462500411539157 -0.49500417678143432 0.4328752415470638 0.21807588161743574
0.0082257033589138839 0.0018739330906412761 -0.0080072052573626779 -0.0012462012186115902 -0.0019851760294168595 0.0050572672838154076 -0.49770936583771386 -0.4782056628381825 0.15170604377004507 0.47371029355443328 -0.52537815542749144
-0.016549115684138031 -0.012347998033253257 -0.0059111765617158923 -0.014398309855758237 -0.01768816504212592 0.0033158527351868942 -0.50917906093103849 -0.50462801609449315 -0.11309375776954382 -0.45059214255014729 0.51891358300321255
-0.20991616560239382 0.21401612161888281 0.23146691696496152 -0.17375788920765628 0.20924836887374532 0.21246376115279661 0.23419684517387121 -0.17695638549692674 0.41593522138983491 -0.50200627172692458 0.4756718467725527
0.029868676704779239 -0.082302146375839019 -0.090234595511046331 0.032717174641181034 -0.070653219833972852 -0.064553697270906998 -0.074948662633749399 0.034600585642318098 -0.033237587237474088 0.83893037118743474 0.51209282199871287
-0.032129875835522848 -0.10745794812974947 0.0048122874686907903 0.045993759741390965 -0.05741247878442661 -0.0061507057435151924 0.010483662430627653 0.076266672124680149 -0.033583844184353957 -0.55458274203817071 -0.81690357307560146
-0.014735521170028274 -0.013017209945128961 -0.010235444947918696 0.026103810391426559 -0.024880967400661314 0.012322909420473096 -0.011847184609279497 0.0057916671157909119 -0.98978367967330227 0.086657667385140927 -0.1034463325598276
-0.010568301769131204 0.17135706234942 0.046681433616121808 -0.13645383760275648 0.059861799304593004 0.13195489580850106 0.12982576033838314 -0.035503046075665068 0.64661342454677773 0.70164464496011159 -0.014191887207115603
0.011471316818850623 -0.01597357556717138 0.0053987250856222628 0.033748688056583591 -0.016133790456615442 0.0024300699808859918 0.0081666813725571347 0.022872536027319777 0.076358327758588806 0.0026109227198685306 0.99586729559557352
0.01389582575973135 0.036413469714451557 -0.040052888561790373 -0.081711073271664603 0.25101553042815233 -0.24127093443424238 -0.022599530124502054 -0.050917732500731214 -0.42722956952228269 0.22618678905103051 -0.79510417474270978
-0.016714813060862737 0.013355887370866598 -0.010848154658769874 -0.014427890451553713 0.0094851671568735238 -0.0066752649749158132 -0.029025556052411274 -0.044809540146650943 -0.037535216835941861 -0.9964881392839795 0.042824983679396092
-0.0060158074704499357 0.16493714286714173 0.11897520070532845 -0.044910518811169239 0.084317881677987941 0.14460198161452342 0.050116757183545635 -0.11008650023246676 0.64451775084330676 0.016745224210264028 -0.70587109095998313
0.030993386746238128 -0.018429650103578367 -0.029148544889977666 0.012063335439628703 -0.0070831479463924676 -0.031110184030977629 -0.019295538862139108 0.012080368632269592 0.97712835399833575 -0.14651718813392126 0.14114255905365503
0.024254221425276914 0.10965605024255685 0.17671663821883099 0.0489045558928623 -0.071961896595878885 0.15866025736025591 0.13471853996709318 0.042806213492951724 -0.4187048314895907 0.8072291964191779 -0.27658831747159207
0.013445893601134143 0.18403155301839463 -0.015781654235936832 -0.18271424718289023 0.32125499506678257 -0.27050755980367885 -0.020139830617544915 -0.21754438061127909 -0.60458297903431901 -0.064564364983552003 0.58182353068777026
0.15919046116567959 -0.19747145700175234 -0.16740484659875082 0.18205086984965932 -0.17539078345155032 -0.10681669067798015 -0.16670526427334414 0.17903888899139389 -0.59298207672829717 -0.48425616200363825 0.43167979321637734
