0.99988366064262224 0.0018714306914381542 0.0026477359347134447 -0.0017453185102144007 -0.00062633891529173286 -0.00082903901155877006 -0.0017192082317409756 -0.00035065194601676693 0.0028235560615533406 -0.0016693751049642242 0.014289463351365815
-0.99932878731433294 0.014286951212484642 0.00657308914468105 0.0099966470615066982 0.01496749960825643 0.014837934047310982 -1.6215080331097077e-05 0.022058300068831027 -0.0045505878869009121 0.00092388834700885111 -0.0065114361376999528
0.005455801103318259 0.99960020456197407 0.0010424320798934899 -0.0035193978797801958 0.0040587967797882209 -0.0089974411875245967 -0.0068102121550644911 0.0010824134990090658 0.01169758059082123 -0.011750204382511351 0.018338848529584128
0.01276549147373765 -0.99929064039815907 -0.020502084571692232 0.014756009053277334 0.014879049593212221 -0.0045085403411086822 0.0099031681242289574 -0.015706555235479983 0.0038410633888867193 -0.0026555104740316033 -0.0029825814664834888
-0.0045722578008144943 -0.0017471463905565558 0.99987096363637573 -0.0023557693868930564 -0.0055460193360688881 -0.004768789696931763 0.00096663819049628739 -0.0069283923399598192 0.0011822089276806759 -0.00057317451822138082 0.011152825790800036
0.004289470886159598 0.010652732949265706 -0.99968912494800499 -0.0015871109255798615 0.00020227001804951821 -0.0012937121592349575 -0.0022185735032377611 0.00048220875801489567 0.015870438757846883 -0.011209499959284591 0.010142058279263547
0.0080847394071503747 0.01158130199694778 -0.0029080255430998961 0.99966736748748997 0.0048874282653692952 -0.0071117939080961728 0.0077432748087912038 -0.012761863890362797 0.001284159587075693 0.012121497948148202 -0.0033675480892575156
0.0092822868293042961 -0.0023473128350533206 0.0040877287640236045 -0.99964167572164941 0.00350056522491276 -0.0074151014462967776 -0.0017667357377166551 0.0022348856757787704 0.0047920362444312647 -0.0068661195923802373 0.021509973094109444
0.0069755105973726469 0.0084831807804483968 -0.011108752919601231 0.0017694367939252223 0.99975255552003839 0.0028084031205607364 -0.0047642497010915892 -0.0045022204324236944 -0.0082987408058006699 -0.0098560489080369556 -0.0055501655601161411
0.0021566258941770004 0.012110966469986037 0.004917445295890395 0.0017020684240344132 -0.99969453644594741 -0.014258205071713862 -0.0013180725981911047 -0.0013596954903834725 -0.0095145253238690681 -0.011608284186452513 -0.00051768515502255603
0.01221831586155663 0.013118527650373543 0.00031685294694469313 0.0015575817582398766 0.013782524508997295 0.99935225391572235 -0.012040297328552172 0.0055008669585059336 0.021878459476483189 0.011255517515941109 0.00078942011852507852
0.0079507274684672818 0.003573342500159163 -0.0034914858777424372 0.0091894603880329009 -0.0050555758659642531 -0.9997664784569964 -0.00039903292134049485 -0.0048580891895278 -0.0044824624180118114 0.012320714001320777 0.0085532149466597401
0.012174629528589859 -0.00033057674160629998 -0.0041604570702708362 0.0017923149727314836 -0.00027227557388328328 -0.008582937333029202 0.99963370413365815 -0.0064757950343398187 0.012786237761792834 0.013769626679550789 -0.0097384554891110035
0.003265347302322827 0.0040928097096235337 -0.004662249457704032 -0.0069237689268662646 0.0037284672120047129 -0.0072744201644606788 -0.9998441704112937 0.0095188056858076554 -0.00091168506746010637 -0.004561760055205805 0.0059564269022292071
0.0024996880769432785 0.0019735043375263797 -0.010092273006841341 -0.0021930611554315991 0.0007009183096615061 -0.0031183954132149188 -0.014692834141408919 0.99964408503740676 -0.016878351534658161 0.0035060645890428784 0.0084634689832595051
0.013761550096352201 0.0018717403559375637 -0.0090855486452810167 0.00088500304272394004 -0.0082054314657524705 0.0041086150431050633 -0.0034253919846236693 -0.9995908421385914 0.015967766693919246 -0.0041936164386234716 0.013169475680156369
0.50451584145006989 0.49474980689225945 0.50142021657960534 0.4989271824365682 0.0026528617471857324 -0.0062133594591738551 -0.010841447889909924 0.010896390061845182 0.0045511177103521932 -0.0054243553236680807 0.0019440200951750097
0.50643452382962784 0.50103640795869453 0.50073390678182317 -0.49092486893959009 0.00076547402457752549 -0.014748194940593153 -0.0029863130344546188 0.0056027823150079188 0.0055094911720017948 -0.0076351535887336829 0.019946531677715734
0.49800781611773276 0.50813886150609933 -0.50200100296258165 0.49060884864579296 -0.00021075389345380846 -0.0029554645736504796 -0.0030902558820576978 -0.0013079537227266812 0.02001468896025245 -0.012321002354042493 0.022552797661313607
0.50551638492398887 0.50417517087219277 -0.48960104000421606 -0.49935631505477918 -0.0033055575751811295 0.0012804332736921656 -0.0053150291471610904 0.0019684747873407607 0.022843958028814386 -0.014947088565347877 0.020117687938766525
0.50684649866482334 -0.49444420299629055 0.4842308325185139 0.51236634571376904 0.030117687917431531 -0.0059735443019788325 -0.00070250820285570437 -0.018807602764306913 -0.0015248710674386713 -0.0071139916867979432 -0.016818847371052909
0.4967289162534595 -0.52097494071912009 0.50433835140574634 -0.47605026742602891 0.0029159767904103854 0.015311767336886292 0.0037318252921913998 -0.017559242824757699 -0.0077770288465270716 -0.0072907187294776092 0.013624304012674492
0.50687078351096282 -0.48550240156745328 -0.51105207048924961 0.49559302972627628 0.0052891341029556033 -0.0012610456993122508 0.0058282419677778818 -0.012498754745360012 0.01568414271412746 -0.0069057412973643657 0.008326042554628172
0.49928860044280576 -0.5004661577467725 -0.50177786141780634 -0.49794675137446764 -0.0048191416275912792 -0.00042684099653623276 0.0018698985217125061 0.014752452094502589 0.011157130807666124 -0.010124047929736698 0.0064041711208869386
-0.49471261665536653 0.5138719969076857 0.4931308957198261 0.49754399878441258 0.0093353481188869387 -0.0045970102929977748 0.016334295467667667 -0.006952267115254763 -0.00053290903965611371 -0.0050570517829788084 0.0041957665454957346
-0.50460247764641808 0.49492170066104779 0.48555250432534786 -0.51375928156472705 0.0071841884793806057 -0.0052927426289258086 -0.017168574064269165 0.01768421649114138 -0.0046258762270736985 0.0029580678517911333 0.0013228318554462742
-0.50052997968269275 0.49839380921115672 -0.50261808709258948 0.49800392223433465 -0.00081439518847501954 0.0093692780377563969 -0.00075706057198397293 -0.0055242921256759264 0.0052037506342158691 -0.015220568949063519 0.0078879687482641993
-0.49183510065176206 0.50011691998050711 -0.50378783317242259 -0.5035968157149191 -0.0042125445577116576 -0.0025390811230202007 -0.007606927963146143 -0.001713958596837538 0.011951591302199799 -0.010590474729041687 0.015145042223841257
-0.50842298130874075 -0.49822376769672405 0.48919698156872227 0.50171871231859888 0.027991384263781203 0.0096095609826901927 -0.016499638399050255 0.012595533188520526 0.012350331900531329 -0.017555805874380222 0.021824585123055545
-0.49773544968907646 -0.50472353859317665 0.49568629907212824 -0.49870710997129647 -0.0012683442261056793 -0.013715146445007662 0.022183637317947449 -0.035114290620254757 0.01499547561437394 -0.021159225938964642 0.022637686461072545
-0.48237307324077461 -0.49819218097876639 -0.50003452898548595 0.51811703640406048 0.01564144844614002 0.015538170438592076 -0.0063764867197162204 -0.0084705843445275087 0.0019448712251934177 0.0050378730764165389 -0.0036486590268661411
-0.49116453862736892 -0.48946276045475662 -0.50302413734037354 -0.51539966311285934 0.012841385925481794 0.01294740265459034 0.0014459142699297194 0.0081420711748242513 0.010087751814053685 -0.0024007229386296216 0.0022494472049909117
0.50144865369080049 0.50684947853756579 0.0024504933212746811 -0.0042021328810920022 0.50061943721914226 0.49015262407488464 -0.00521449862387791 0.0032850740177775093 0.018511542129634732 -0.014977666317045729 0.012441253272272189
0.49645375981743212 0.49574291000981591 -0.0015167252883531751 -0.0045307318392674373 0.50372677363602225 -0.50386209028132845 -0.0040617551205104924 -0.0027219527407228456 0.0054523841567264341 -0.0026679691703381989 0.0084487642434375055
0.49289157909280307 0.49099396765835646 0.0077270657434430623 -0.012974116921432657 -0.51020998009912522 0.50356855316158255 -0.0039978056393474969 -0.0016007684863196547 0.027936970232096139 -0.016837595183787416 0.027870134097547395
0.50104640231254083 0.50110254605952276 -0.00095044566036956715 0.0040411967940013182 -0.49576694933068544 -0.50157364742903043 -0.0021053597863924449 0.0022422357194144208 0.012174190664432481 -0.0027183482360044493 0.017477245309502266
0.50655682878046393 -0.48296463808346468 -0.004277075505779669 0.00071600858711848509 0.50922076047308096 0.50017843634383718 -0.014237344708838105 0.003618456997926082 0.015787291989185496 0.00081052341749192401 0.013288705787010675
0.50936810347001205 -0.49395825545934996 -0.0079396623955202712 -0.013572139398846168 0.50649218649918759 -0.48942791757120196 -0.0065564481826031655 -0.0063616670633116794 0.0013698142488089309 0.011939885583878668 -0.00046825405851598923
0.50535060352693495 -0.49732164216326158 -0.012608130573961311 -0.00021896089028608336 -0.51145538224897602 0.48482025274172941 -0.01436151731236297 0.0044104342576349086 -0.0098477939129851429 0.0079197340512108302 0.010499857537535403
0.5070245291855825 -0.49199240237848152 0.0078169885860176896 0.012446592596181937 -0.49538871279881846 -0.50482074008491551 -0.0074046556276950344 0.0044658950560810548 -0.0074168037809305551 0.013255238871164459 0.0097025749342218442
-0.48815072220873446 0.50752078399483491 -0.0016628036264901684 -0.0055978542717924542 0.50130551292403946 0.50257216891595102 -0.0036479903716312686 -0.0038166685438991432 -0.0040718468086885541 0.0028485633131294518 0.012603730923229889
-0.49434681953250798 0.49423100839583023 -0.0091491960553209649 0.0053753509327631281 0.50925585023329112 -0.50178404606578897 0.0030219978963103205 -0.002749110513003548 -0.0086921662289148067 -0.0032824101693595259 -0.0035443248821970886
-0.50264760216692927 0.51929604177448896 0.0064652294452126778 -0.0043334065248922856 -0.49070864702581141 0.48651197059253465 0.0074232256802063733 -0.0002783145073547011 -0.0045387663151079099 0.0071231345634240181 0.0010180616019609349
-0.48884176729250206 0.50971925247521788 -0.0068802651175338229 0.0015920068034506601 -0.49644131385071494 -0.504635619583231 0.00038227649727170165 -0.0031596204894717888 0.0012453115918998009 -0.0058817660173507615 0.0035743129859148229
-0.49854166888755969 -0.49427448077364744 -0.017256142811984201 -0.0024252729731916388 0.50561356925086876 0.5006564046779558 -0.016072601776960627 0.0024148601473339367 0.0084884372568032537 -0.0060149852243132889 0.0130757400411055
-0.48455570115928615 -0.5034171526212412 0.014103673443355821 -0.0063798435846979798 0.51916959869552359 -0.49042983744238533 0.0051716673030982128 0.018671187180872295 -0.016965928916148485 0.0175949413191967 -0.022495447786298795
-0.50453812913050311 -0.52582918429404701 -0.0017573688453998014 0.0052907447939976584 -0.48114225228003082 0.4843745477293932 -0.00079535148645975954 -0.0058495245000784613 -0.025396235222709573 0.024285885645141097 -0.039085456749787653
-0.48458435075685524 -0.50576464995453518 -0.021931064447291499 -0.0028461339648752008 -0.49693843388234765 -0.51156424451957161 0.0016079914679019722 0.0095186818363518864 -0.0038677424190528141 0.0070484265162278235 0.0093509231110273684
0.50344984493978495 0.51011348166707893 0.0012034377216066728 0.0054679088703195053 0.0052750416403944964 -0.0056208329142384116 0.48888909270544395 0.49715298876276276 -0.0020758968676931125 0.0072547577522309604 0.0010692403503824437
0.50930725180421932 0.50718719433824933 0.002231376625811095 -0.00082595561915256241 -0.0030290234669645383 0.00054525156117156144 0.49010955333383605 -0.49236507469604424 0.018890843495235871 -0.011994597621609013 0.01485477171045743
0.50060973154970867 0.4982351106041446 0.00052185145709191352 -0.0029191867418587739 0.0025657075609840005 -0.010996939030219564 -0.50124640767035533 0.4992726244447514 0.012189952396280831 -0.012806207521653177 0.013477875300184367
0.50399725046051191 0.50389596844636586 0.0044327456475452449 -0.0014713500041501333 -0.006350578102618052 -0.002603451944382535 -0.49996105026207055 -0.49152292453026891 0.012697938300748281 -0.011269468925665913 0.012752525936894094
0.5119124726150488 -0.50626897420452432 0.0071985686730612073 0.011273389911913196 0.0096722616409436243 -0.0011308219217428155 0.4967804497313843 0.48361625427458121 -0.024082754259899909 0.010044883034756188 0.0026889891617973148
0.50634301263597037 -0.48677801224277639 -0.01396157799873313 -0.0019060029418252328 0.01227431509321957 -0.0039184562330163682 0.50046057554007861 -0.50574662510775914 -0.0067888709736650607 -0.0019221095866574977 0.0030214205035717745
0.49987603388886109 -0.50770600393381582 0.0077395293863262507 -0.0069039531141855473 0.0069286535960359618 -0.0021026683430968671 -0.49539315603926287 0.4961215301010008 -0.0054294850173020395 -0.018709523436052197 0.016373598245410299
0.50895042068363749 -0.49493833807981968 -0.015552811224702348 0.00023038498856848899 0.0046734134413921741 0.0081153111574499733 -0.49590155630995147 -0.49962904333081049 0.0097190396583259654 -0.0027088710716822793 -0.0051513587982350856
-0.49131436617368829 0.50227648287122373 -0.016300263795118626 0.016897962957367375 0.020275371846101183 0.015815465624333683 0.50098206531601186 0.50405405328835007 0.0051452354122896058 0.0045083648414736988 0.0039688451526203308
-0.49688886347738603 0.50370475565682993 -0.018258956238663693 -0.0035246497989722572 -0.0028987618510588997 -0.013283288759888424 0.49466230993924154 -0.50365301665101114 0.013959871219352701 -0.015562614435739143 0.0076210388097694304
-0.49212465532926358 0.50018898564292402 -0.00750417352923785 -0.00013546048831043723 -0.0042858255091543038 -0.0051827240674621119 -0.50460035720169394 0.50284186704370393 0.0049998572324774868 -0.0051228446337026369 -0.00019107600509644471
-0.51069325792675424 0.50695864565677329 0.0025735163994217184 5.5002681310287687e-05 0.0064193132847820212 -0.0072865798773390804 -0.49433821101798248 -0.48740815616663719 -0.0093135086578094266 0.0070958792565280265 -0.0032139608795018234
-0.50527540637813095 -0.49667750823521017 0.0020960143164318631 -0.025281595427351599 0.019656178439259226 0.01432407991195867 0.50645736678822617 0.48997703643177415 -0.0046770358395217789 0.0020063894646513065 0.013063640216044455
-0.51146251661932596 -0.48592875971563998 -0.041863362665366895 -0.0018136017269197418 -0.0011623533419750525 -0.011687153431141144 0.48630640548340259 -0.51302515480311739 0.015278623692566598 -0.016558189090248747 0.013755879699869638
-0.49769473310492418 -0.5005923837523969 -0.029314254828896005 0.013637995435413715 -0.0015969870214345267 -0.015394385486436658 -0.50092960264288788 0.49917793807940797 0.0099396887874836325 -0.0075309951156000239 0.012560496454987784
-0.49821128255297914 -0.48218653204997858 -0.011378122362520737 -0.0048220672166638156 0.01260605237910929 0.014971929583026134 -0.50228784290320372 -0.51613564540318912 -0.00085765781098923112 1.6173075146823276e-05 -0.0074875624310570647
0.013505762628151095 0.011372499026396249 0.49274689167784036 0.50228480630674777 0.50266918799732285 0.50165709707926853 -0.00053115175796388686 -0.0012080495887599571 0.015477224413067439 -0.0042865358522613025 -0.0017084361022315327
0.00035979216312076912 0.011924296342044451 0.49654715114471215 0.5020108698942658 0.49957075654665634 -0.50109217709996445 0.01570412022133167 0.011723210675615834 -0.010096480961715724 0.0092094583793357072 -0.0069697951990516918
0.0044742573669563721 -0.044652468227213804 0.49163438334845266 0.51731413652449199 -0.50146389167410721 0.48363109355699962 0.0052600243398730631 -0.0058968830669830462 -0.042924051976070354 0.029155740562506513 -0.023405416550514702
0.0078115325879174261 0.010499595210924145 0.49566729329275666 0.50245717269830126 -0.49748034793395068 -0.50348712871953638 0.0066852591365365302 -0.01877730601219571 -0.014014425325843766 0.0047136273238398219 0.0088076526730241494
0.0019895892935136899 0.0010453411319224601 0.49780932955073914 -0.48853647466609995 0.50934556484456428 0.50333859762566369 7.8106918605962009e-05 0.0052613471458280506 0.018687765196368104 -0.015290761914796265 0.010934212380250944
0.0017761007797808391 0.00080822972554979889 0.50883816437891927 -0.50061619362400711 0.49521542005728714 -0.49489388993953232 -0.0020118481802176989 -0.0085820281441129527 0.0024015666534294715 -0.0020093612932104293 0.014750017839717057
-0.0183655579193252 0.0060423043871660458 0.50016864390939952 -0.50648997795898676 -0.48559288205887047 0.5061761633382551 -0.0071195348223263349 0.028661276551313754 -0.0022624310320946608 0.0057784155458290645 -7.7774247851933128e-05
-0.010227775013937648 0.00089869497812019379 0.48785800362005799 -0.49776499114099793 -0.50059200417611849 -0.51302427337983447 0.001621999664215001 -0.0026006734995236373 -0.0044004188254702968 -0.0015090536402128645 0.017374459059024471
0.014570454883402454 0.017219512514154701 -0.5058382352249845 0.4906916009475849 0.50035446926253246 0.50188807624926202 -0.009550077761008453 -0.0043565231502256706 0.015573783056807056 -0.0074087913730669095 0.013666403972860732
0.002723098390122559 0.0092716345988992522 -0.50998691903632076 0.50249240758669189 0.49901761551196222 -0.48801759744964973 -0.0040833631219998898 -0.0058057735668768868 -0.0033374784707364438 -0.0062885323103387568 -0.0063657664553271485
0.010287780365751687 0.0053084852971342113 -0.51099997642543293 0.50282118726081781 -0.49675354580676961 0.48884105753732643 -0.010663305495660301 -0.0078375634343350389 0.0017294351633697319 -0.0022253651037014875 0.0017657314362597321
0.0082070576399740965 0.00084380361635019458 -0.49994367003014212 0.49910207162630665 -0.4995983712745134 -0.50101141487068734 -0.0024124681228539159 0.0042663097305543005 0.0089141860721474366 -0.0039746712691163437 0.012455061557895983
0.0088992055348446307 0.015826800043211041 -0.50004799961586466 -0.49928718434481817 0.500337319348652 0.49917235835324669 -0.014123914896390923 0.0017596925509265552 0.011067333171372753 -0.018822048111977491 0.012033654680491664
-0.0031545283555858123 0.0065818237420654131 -0.5029266927017999 -0.50168745892834943 0.49915521264647705 -0.49598315308327845 -0.0055946812868806926 0.0063629187974922671 -0.0060283647854046003 0.0043643174935806264 -0.0062268588430020328
0.0025958683819807581 0.003088019709808119 -0.5030318465248077 -0.50327443700936358 -0.50030921390869609 0.49254058494689229 -0.0047376099747174095 -0.0033571252756174385 0.023218446081720013 -0.0082078799553584811 0.010574021202996211
0.0042072771009186065 0.0098760487523104571 -0.50253662964797396 -0.49638205890176773 -0.5027098039142508 -0.49780951033321036 -0.0097712267654689808 0.0016078154075646512 0.010932217676979033 -0.012650907583536897 0.0061215704136045514
-0.020142770814930586 -0.0030809869263343451 0.51233466082168666 0.49045073945076223 -0.0078281887851963158 0.00097581919977589554 0.50202679624574864 0.49387435751141995 -0.01084630825303364 0.0025797682481915091 0.020657402319624041
0.017828772750267636 0.020251029962390081 0.50089763162771905 0.5013377953996645 0.00061666291658825291 0.0055553921057776793 0.49373200568360726 -0.5004894914204514 0.029756522077361885 -0.031220352338351753 0.029691413938965447
0.0055814399735541987 -0.0029425578701018462 0.48066228455003285 0.49963620850634877 -0.0014540813956670877 -0.0024265999756141756 -0.51073487983850119 0.508263115517679 -0.0096012993926412847 -0.00026109857110649817 0.0024183257685675042
-0.0047713801632522082 0.020521148274037327 0.48931567252331298 0.49953486211812731 -0.0085913510210881335 0.013470541866923922 -0.49756370215405327 -0.51248108935731851 -0.0079029573740756962 0.0010582139771748767 -0.0081155741502625146
0.0082279357849572229 0.0012414429828911464 0.49920906228574952 -0.49914252874054105 0.016256353133325595 -0.0055826385006396114 0.4981290045235357 0.50286824174595623 -0.0088613236967591755 0.012468264883947559 0.0062784365364677167
-0.0012149614722903829 0.0077789526841016204 0.48554198250796565 -0.48684982546216055 0.01577484236221317 -0.0011351721933530329 0.50975223326427788 -0.51669766877224943 -0.003315952797924568 -0.0054452442576274577 0.0070456870081921546
0.0073673835566515598 -0.00097916881312845702 0.50478394945644733 -0.48945559955899087 0.006318200990433967 -0.010341987292500942 -0.49653869645871379 0.50679052046913475 0.01923478085327843 -0.022993401813459699 0.033738478252971479
-0.0023254332874802107 0.010132691685934994 0.49567644664280108 -0.50804946600366452 -0.0093530315537557352 -0.001644411259564775 -0.51321683217268488 -0.48217436743054493 0.0024484467238239877 -0.0090051875728961606 0.0046488968100426298
0.0019460807132447033 0.0027654914286174121 -0.51224254980609751 0.50775122074451895 0.0013412586601109951 0.0052187575013714219 0.49142651125339959 0.48719652781582745 -0.018562528927448647 0.0098546592301459249 -0.021298919121693696
0.0068529171449558416 0.013415086842145131 -0.5026893226226683 0.49732018060564265 0.0099905435169761435 0.0048383240904787987 0.49769083582132151 -0.50169213320037542 0.011635620381767998 -0.0025212719720920226 0.0096450228455989793
0.0063171156383358251 0.012550807389164692 -0.5089241581166104 0.49605287209301585 -3.2440925403265933e-05 -0.0028287251837947991 -0.50332348630306667 0.49102212194771516 0.0082462374277829931 -0.0068572062002568365 0.013039942637278484
0.0069121986788867138 0.0070041358174387312 -0.50007594608753325 0.49150048321982132 0.0065910663564586573 0.0011366554122326635 -0.50667567505426581 -0.50133715410761637 0.0090019034324085503 -0.0081762774173263046 0.0016386063415255035
-0.0043667621928343186 0.0076895334154896177 -0.49079381394616706 -0.50416869237691342 0.0083482047614830742 -0.0012283136854475778 0.49237738333653325 0.5110868442982881 -0.014658218799698116 0.016903909825843676 -0.025300344341293753
0.011469871214907394 0.011724039320456143 -0.50358535076257027 -0.49764813926356899 -0.007367744898281881 -0.004972185857869035 0.49176431504582596 -0.50568680026044899 0.018899326036589403 -0.016695149128745437 0.014591525104345998
0.0064028820706871596 0.0057341184779704573 -0.49639722170900158 -0.50960351994401132 -0.0025898363936825192 -9.5713894583698226e-05 -0.49921674734557092 0.49416723023023662 0.011171687278245919 -0.0073341755081600289 0.014705384125858735
0.0092103000585206894 0.0065445690684614154 -0.49402283484321607 -0.50374787142629918 -0.00089174833723061565 -0.012941006736525811 -0.50554045090981781 -0.49581570798210156 0.015446061794362321 -0.0099313190853812291 0.011917176402507309
0.011438287266985295 -0.0028241378335646873 -0.010744676187655434 -0.005755302074132336 0.50496468016357798 0.50202778840365403 0.50188878959581107 0.49054961570459221 -0.0086900045533712372 -0.0042176056610651975 -0.0081732951043621983
0.014232070134961567 0.0073148695847185009 -0.0038400540913437367 0.0093006725907736256 0.50016738571758002 0.50744551318551212 0.48720160643482097 -0.50394135073538804 0.014254598942752951 -0.01883595583459486 0.0096980736232362991
0.00011425698667031755 0.01744432862911776 -0.0020257884190924237 0.0047881743336761285 0.50555469736518843 0.49262471237967959 -0.49726432415498362 0.50382949759461948 0.0057807666520510838 -0.0065359205886579563 0.014556317937451687
0.0089116863700963705 0.013671944864366061 0.0084415214202887053 0.00037799860674505393 0.50386234380323291 0.49942297377504302 -0.5025988677749329 -0.49348642321128477 0.01192266862184977 -0.0090840274629851708 0.0015962459427466807
0.013701007609158738 -0.0017495459432745213 -0.011856149276515748 0.007376660181059108 0.50096260601072928 -0.49506908323334586 0.50896978499079693 0.49439347540305739 0.0013604537097935811 -0.0065163958925250186 0.0061517062193689994
0.0054001708447899248 0.0034198366982061382 -0.0076764230890783791 0.012205414472875396 0.49884167365962234 -0.50580359613858406 0.49797449553325707 -0.49704746886372431 0.0057928737965261103 -0.0013840986540878477 -0.00083209993810932838
-0.0031729105357326593 0.0075736314066027471 -0.0046280247049998941 -0.0059403896635828275 0.50219315667743891 -0.49825921496951658 -0.49876255641599254 0.50048611525118814 -0.011509234974072429 0.0056990000815741477 0.00052312032469691385
-0.0032165671385155723 -0.0087978406313021854 0.02447993877081767 0.015267976590603987 0.50252255173503313 -0.50358651210081329 -0.49116950399295228 -0.50124852996433766 -0.011884647838349758 0.010693397917892582 -0.014086126336202768
0.0033125742966931219 0.010564991496062468 -0.012681335572673973 -0.01582790372789503 -0.50338973521964248 0.49918009126307544 0.49538820629510366 0.49787562407383146 -0.032427393752202667 0.032889507654449562 -0.038225808002932224
0.0090083886316839282 0.0077816803011427835 -0.0053487596829156622 0.002925610730644416 -0.48902075878062645 0.49276869980489035 0.511217523285729 -0.50569065555892234 -0.015727174571427152 -0.023296660595354492 0.0015356702034308874
0.016741103382430064 -9.9496891862922501e-05 -0.0032241339841422175 -0.007813952565715725 -0.50118206226754058 0.48534669222096549 -0.51047240593990995 0.50176358684120492 0.012489588055697184 0.019014352387541171 0.0060903006767102259
0.0099361308420499797 -0.0060810260894657237 -0.013659344481706033 -0.0015874900391121061 -0.50668459451069148 0.48970074558111987 -0.50124582428342312 -0.50180178678256571 0.0045767903498650361 0.0075392508979396792 0.0029834842674236061
0.00051586340900014959 0.010516899218814161 0.0070653072927486602 0.011222632411396134 -0.50168495373506306 -0.50972465822717483 0.49656760499435915 0.49053159937535873 -0.022675671649119648 0.014806834939979819 -0.016497815011686259
0.014241706909571394 -0.0071321362823975349 -0.016525965732114432 0.0096449156636061999 -0.50258680035671999 -0.49648928379275825 0.50209265645438617 -0.49808269109981829 0.0086825180603755953 -0.004019479539393492 0.0031825283450006257
0.0012428842165755033 0.0095188807614121889 0.0035399011374639563 0.00062108588566160651 -0.50267703275011233 -0.50412614011439205 -0.49267946839880139 0.50013178865731722 -0.0019870341525537851 0.0033898982340434501 0.013684325960288091
0.0072445921032332893 -0.002600709431694838 -0.0030401679372472007 -0.0014987147620928094 -0.50155344905411825 -0.5046422698447206 -0.50359663660850496 -0.48981232276120623 0.0021635814525723294 0.0032992848912537279 0.01297421901113636
0.50223884689451426 0.0020830550478309097 0.49830624390698974 -0.0015052042038054829 0.49912179785425126 -0.0070233696389719819 -0.0049830123730809422 -0.0089333556126416479 0.50014550802527824 -0.0033731518303737867 -0.0026426833061415746
0.50249490658875373 0.027411278107882374 0.48818538463241284 -0.0012914297628888072 0.50145753250987757 0.003961640439771659 0.001758279330973036 -0.017373669172893839 -0.50470451276903339 0.02346070950064166 -0.036925812015686517
0.50108261685648514 -0.0019892155310566534 0.49963467428643077 0.0028322034165206679 -0.49076338560309563 -0.0085689085312672733 -0.0055475866810697372 -0.0024567632913155648 0.50777407917254891 -0.012627757624794674 -0.01779075580978598
0.50132440149693092 0.023870173687219828 0.49099712971046622 -0.0041246374360350115 -0.50145879324022558 -0.010690881731104848 -0.0043891509963108659 -0.012140451441758893 -0.50361543047951174 0.022244942762836738 -0.033817960917164998
0.50035399644378487 0.0088106643250729505 -0.49091542908469782 -0.002563466956761904 0.49660965778005978 -0.0060239395199130239 -0.0073098785773303872 0.0031403298916416276 0.51045667896151548 -0.0039246715455704224 0.03551845116359905
0.50911213185949189 0.02001016382850063 -0.51491006107599346 -0.0055046090066684086 0.49620519141411434 0.0020079980535968865 -0.0090034331643628895 -0.003481233098274548 -0.47821838977784265 -0.013254483260896474 -0.0075129445681287859
0.50468332056969112 -0.0012319280363760005 -0.48944823225652678 -0.004225279586681752 -0.49836997319442788 -0.0070119221292282846 -0.00064730848400309604 0.0062573457184969651 0.50673692406753634 0.0047553429803366886 0.021201630307005823
0.50733877926242277 0.0183607501561866 -0.5153708780236792 -0.0024670918604630661 -0.49383149043987307 -0.0043487679771364992 -0.0068136748467220549 0.0029363488904948372 -0.48225266259408228 -0.0069345140818404391 -0.0098893046130162331
-0.5018702415871702 0.0074874242886385405 0.48902104840982719 -0.0015369307792104346 0.51506287096028447 -0.00909545832444149 0.00059329173667989235 -0.014732362480778447 0.49259305536779874 0.025121087697273149 0.007575024467347675
-0.49517473741518153 0.0018739191783371536 0.50474004398769234 -0.01659862919614994 0.49702217900870471 0.015776212432867903 0.012658978734695694 -0.034611018675874947 -0.4996709257421002 -0.014929395495527614 -0.035048720566178901
-0.51629710814075136 0.015848555895290613 0.496161933109108 0.0058216502129054323 -0.48227981605596087 -0.010691641267139005 0.0021766870001512046 0.011475127570664052 0.50249060905176035 0.0028219721288127169 0.040326660224247392
-0.4965356338084479 0.015889214470761734 0.50104660624839292 -0.011953039232705621 -0.5027685276925129 -0.0012897499253461495 -0.0023993968136779807 -0.018875811961904694 -0.49794438480684727 -0.025716816868242853 -0.016107331754585476
-0.50053360420825665 0.0062461586539308139 -0.5022991149557815 -0.0059589980866610222 0.49233098629679201 -0.0065763468961985167 -0.013547944491159715 -0.0074157298710667259 0.50367811478511937 0.00076670449970298179 0.026895475671475436
-0.48027847846705429 0.015711402132401967 -0.51976277644364621 8.6807814644403243e-05 0.50274417922586001 0.014595571932765006 -0.017488328794248994 -0.0098483575613026886 -0.49393361298074162 -0.018764992775999783 -0.035245885009590999
-0.4975577677196823 0.01514549519911222 -0.4948421675700842 0.00057297093263034091 -0.4973983272329125 0.0031224985966373988 -0.0090877974655568898 -0.0010540775816426735 0.5082454296426353 0.019775595535056242 0.03368600080938379
-0.48676288689339159 0.019415379721977329 -0.51966115187421358 -0.0052105755960424344 -0.50562101526343062 0.0026672787293120686 -0.017815258339172232 0.00087275421218251971 -0.48613256477104855 -0.0079576251043034577 -0.015620729770382549
0.50660057450375995 0.0014173814178678875 0.0020797716355219812 0.48648604293416237 0.0028522144401401826 -0.0076800306548430288 0.49680258886950246 0.011034957921292627 0.50857058904009023 -0.00098121999243348194 0.032158141915956694
0.50237928479785465 0.016957726379235885 -0.01595834823747274 0.49152654559800446 -0.00076517133609951674 -0.0028458806786160105 0.50607714770599943 -0.015523210218734153 -0.49805619779082971 -0.00012796822529894484 -0.032415262957396662
0.50370470738708173 -0.00074202850573301042 0.0034888343919979182 0.49398068624212088 0.0032117505927174994 -0.0079168816968534349 -0.50274866360928583 0.0019373319985402659 0.49894249922603567 -0.0033985531516545521 0.021535894056790454
0.50520056801248614 0.00036121639095159394 -0.015809613834526344 0.49529433578463272 -0.0013062815405499085 -0.0023827170685700489 -0.5023038602517943 0.0088430388995874003 -0.49664771702265398 0.0078420043290512685 -0.0095199644960504148
0.50507906272381842 -0.0064139424619967973 0.0052589957519133985 -0.50329892995986958 0.003633747547627522 -0.0074777413612505334 0.49746318243108723 -0.0040844475958761953 0.49341449055351216 0.0040383461270274241 0.022066779413794035
0.50526315108433073 0.014147795833460397 -0.0083693506768414382 -0.49795903167081973 0.0011420635614574461 -0.0088836397720977803 0.48725480944007399 0.0041992359370521424 -0.50814826652996903 0.014765685017140123 -0.022977212079368137
0.49818867777684755 -0.0032410766917537089 0.0066176766629944166 -0.49798219835918384 0.0010322706518412015 -0.013075536779701047 -0.49779018877979514 0.0038956189764867725 0.50510551872165066 0.019904300266323303 0.016044434555429622
0.49726783085391768 3.5327132653633015e-05 0.00028223009759532571 -0.49745892068748493 0.0064212306958691687 -0.016938153172042371 -0.50375899437133054 0.00244948802782696 -0.50105259001359914 0.0057349489570947499 -0.0080870567841201235
-0.49819525411172683 0.0064210620807865224 -0.01404749413392598 0.49716412253871162 0.0065386852177141018 -0.0018118417434052311 0.48661931009194881 -0.01335933046548568 0.5162907989395582 0.02269049802322581 -0.017229402231584191
-0.45630301310191607 0.026037841016733621 -0.017550162536783515 0.45380570108139251 -0.0034852248510604139 0.011653469812415536 0.44411921920038927 -0.012459493333828361 -0.59113593932699304 -0.14867799254904507 0.12557887684482394
-0.48610280120767929 0.00051919765900692509 -0.0058863013234507766 0.49905565440466965 0.0022089150894833353 -0.0039304842311179344 -0.50147264241174316 0.0044182147648083774 0.51151598730395342 0.0033527029598820909 0.037922246100829692
-0.49469791895956611 -0.00018811125744780808 -0.01517997764345291 0.50157464306944677 0.00035086074944323109 -0.010186983382250126 -0.51453026012915459 0.0036286072071215424 -0.48781748133485159 0.0019759269345631133 -0.02526117186646237
-0.49197329285457458 0.003837847810478225 -0.0035580493776058149 -0.4970344954948025 0.0066363818768706622 -0.0087466395972633244 0.4896749195002269 -0.014150587944662908 0.51745219858256963 -0.01825120811112221 0.051955798560123528
-0.49085233902866254 0.012260990995506045 -0.010027020890663855 -0.50791679044422311 0.0055749052430575938 0.00030760462187249805 0.49570673406039883 -0.01584961873779784 -0.5039830288593572 -0.00561954605999205 -0.028206714352989742
-0.49361230248018856 -0.00016365252440034709 0.0042386237262530243 -0.49079514801721691 -0.0020400089273019048 -0.008987296087715313 -0.50784743776810148 0.010326192215395512 0.50540576782598212 -0.011675483586767682 0.042156070977756609
-0.49069578046132439 0.0095815891859585799 -0.0075882498843243759 -0.48495321471100572 0.0018106311066245116 -0.0091084234147612124 -0.49256868863245384 -0.012983916546940998 -0.52770540031556101 -0.043807686609212693 0.024855630970057548
0.50851001645607408 0.0062538582059704119 0.0028728234550572294 -0.01640051262119822 0.001086606943134985 0.48161087174275835 0.0036306333519671701 0.50562761798134592 0.50240270394615572 0.010285728756469638 0.031052653422620376
0.50499722822854753 0.026075483515968261 -0.027988516590542988 -0.00070126764476547202 0.0034718323790218519 0.49610552071676206 -0.010873240049073528 0.50170906707471341 -0.49449381902951445 -0.0010926950390020428 -0.032027052985561383
0.50041430682026589 0.0010817795492593066 0.00045324546208319518 -0.0098927861239979323 -0.0008359801741357045 0.48999359091414602 -0.0010809791293481686 -0.49280957764249395 0.51542065421918071 0.028846283133040756 -0.006233254021253693
0.51176191776057744 0.025783728896572638 -0.020716947553986381 -0.0055090992010427648 -0.0052690844511383388 0.49036188088388621 5.4300295177872859e-05 -0.49872873528901152 -0.49745075032351355 0.0059278508631857791 -0.01643522207105582
0.49747847560982472 0.00091884205485110262 -0.0025398252041795178 -0.0089607577415161833 0.0044140971874748348 -0.50822910969508917 0.0019459748593558652 0.49973721038171881 0.494009818178754 0.006059540346189011 0.01696405620487251
0.50289480085602112 0.018617116043962625 -0.023110533182380742 0.0024951027452247095 0.00017918035119190894 -0.50616953422057964 -0.0052479700373390826 0.49461159840773766 -0.49480269043527858 -0.0011989562529912698 -0.022426682206072052
0.50749313288165177 -0.00074916175221689081 -0.0012932980378886295 0.001013250236290855 0.00027755527511215693 -0.49974396919759229 -0.0047040810888228429 -0.49681719485330605 0.49501131276430427 0.0046494385564737175 0.028214840565844179
0.50529163363650076 0.0080495006560120288 -0.020060283486283324 -0.00046664499560901054 0.0075254247777940446 -0.50129718233122667 -0.0023034374636358317 -0.49589688448813707 -0.49678749154391144 0.0032277114879039363 -0.011409864530277633
-0.49396351585614345 0.0064280671303456648 -0.0049959505173640681 0.011400864554983422 0.012969762080699091 0.49105866440108131 0.00045729774618979871 0.49933452477601503 0.51455284229250164 -0.0050383026575768052 0.019281347218223135
-0.4809010368203952 0.0056080887264673175 -0.010035351960080019 -0.0041439819445363334 -0.017237770630248225 0.5246652732006527 -0.032600086714615242 0.48833250174586873 -0.50012406099407181 -0.053734938767856254 0.021706074421743254
-0.496300081571171 0.012664322037296298 0.002741733162987274 -0.007233923859325999 0.001117507012905685 0.49224151730678428 -0.0091421562759821679 -0.49774905593045082 0.51228755821424976 -0.0079166093722779825 -0.028707496166245686
-0.47749917790707885 0.016803552037551257 -0.01629059854660387 -0.008143599555681811 0.0020933495614900849 0.51825360858144642 -0.01799939242276603 -0.50836073487706079 -0.49333492359708825 -0.011891832974772221 -0.022669617945579829
-0.50288764102393912 0.005527175351431355 -0.0095291319071556663 0.02042433471541813 -0.0012676362345089905 -0.51803926543256706 -0.0040505568956985937 0.49479316670485612 0.48280798832254962 0.014980617637231179 0.005879479667362097
-0.48701145282673231 0.0095700913626187364 -0.023166262082989785 0.0013899810431611428 -0.0030510580490590135 -0.50607608296319684 -0.0054693904837270499 0.49202944189196279 -0.5132539932696728 -0.0013505042415276228 -0.022648804126611469
-0.5005488698072672 0.010430463198936975 0.00088590273735782718 -0.0035640588039575808 0.00079784469501381378 -0.5056213953239499 -0.01744265146630505 -0.49448810641830165 0.49824015944069905 0.0078032958764994121 0.023410119231812982
-0.48403245695067248 0.013183965429155587 -0.0063610660043030894 -0.01052971114905364 -0.017047401873508422 -0.50921437418084825 0.0063779776445144574 -0.51493202025343066 -0.49037668757932845 -0.0076126386293647701 -0.0086383357161847786
0.0011565708834606742 0.50238039624051489 0.49993715048371351 0.0043110326818672964 0.011617671348857541 -0.016589892228775344 0.004257893247607487 0.49573373517636082 0.50066951412317906 -0.006347203465137609 0.027683033752475258
-0.014753660374698489 0.5083110903389999 0.49411077929050823 0.0005117919538251553 -0.0020350670207831467 -0.002290663111844414 0.0039582884604396377 0.50595536108165817 -0.49051081831908311 0.010972794201679069 -0.022787970754775063
-0.013384257105392447 0.50372740705590568 0.50430533660560628 -0.015072739950292196 0.0004503778276101027 -0.0095420909941941572 -0.015099029402500125 -0.49369231440245809 0.4969450345971459 0.0060916017209800199 0.022038368179149583
0.0011589261540707585 0.51557557061998516 0.49013964894394207 -0.0012293789531586958 -0.0035795104068897451 -0.0051262970541113839 0.002626175884207623 -0.50151290865914477 -0.49200643552605428 -0.0014571942142108541 -0.017562996576410823
0.0017497797314804104 0.50194320858662478 -0.48996844130264017 -0.0051581366011009709 0.0030125348223092119 -0.013077445565855479 -0.0057906806610857012 0.49795814549687423 0.50838170485670653 -0.0063453271176272356 0.035862392166326924
-0.001666852535147016 0.51555897827069197 -0.51155204065238835 3.8607753739919158e-05 0.0030805935548412645 -0.003006570077466708 -0.0059181364548284319 0.4904747971877475 -0.48128880342403507 -0.013891672367273707 -0.0077264702603847425
0.005026471825991862 0.49906611716903682 -0.48500490953431752 -0.0105563096474707 -8.0744562200537072e-05 -0.0069623355519728373 -0.014034427367355265 -0.49573614624745249 0.51722433561582559 -0.011756762582112681 0.043675393822691061
0.0053333343203350765 0.51294600193533835 -0.51198154822992692 -0.0049284782991889679 -0.00015570523262944884 -0.0030496784685981235 -0.0098270392797109151 -0.50205244795964898 -0.47128318129111613 -0.020862905809763875 -0.001704471899528971
-0.0029620796498467127 -0.48693142102329168 0.48893343527977401 0.0258335996753392 0.006450101680063533 -0.010211233911802767 -0.014487709430689652 0.50758251696278855 0.51462303115295671 -0.012444912582684058 0.013349902432569871
0.041396416840576336 -0.44276936978849213 0.45466010615626462 0.011165266490011677 0.0051472462688759504 0.0039301095152022309 -0.003882783147677597 0.45458253868955628 -0.58263909174968609 -0.15326678373810099 0.16043636720006893
-0.0039696576405244127 -0.48484646682617855 0.48810573399456686 0.010891807271519232 0.0030268181601244438 -0.0067821817871649244 -0.0058958133695251463 -0.49637100268849321 0.52716234168944509 -0.017408425886870325 0.043185947596161879
0.011286415907610684 -0.46704786161489881 0.46829219208797124 -0.011342033451692032 -0.0025162425394623352 0.0072207879816089315 -0.049275996981131186 -0.52228602271493108 -0.52862988990509674 -0.070659722903415392 0.051000502783926947
0.0041039393942620631 -0.48739324085773289 -0.50678861687415067 0.02068526979084391 0.0059348250802184503 -0.0075465950737930035 0.0031982111805255323 0.4988907878817222 0.50585237130595817 0.0029573714046654681 0.016691801361202335
0.0059458420966980625 -0.47629262231463276 -0.52279442262485309 -0.007370877020959973 0.0082857456971293479 0.0044802713791896502 -0.017481597033642049 0.49706526520987898 -0.50163227253954268 -0.011896143315708261 -0.022293073572835415
0.0097288473912959424 -0.49033343991439554 -0.50709067049363632 -0.013232239457935143 0.00047993100818515048 0.0011380374964721906 -0.0089170069852682193 -0.49045725932557838 0.5108659980705279 0.0053765696050358611 0.02280547697882384
-0.0041842595846374019 -0.48344346110945241 -0.51547773402504127 -0.023168493850529725 -0.003150657486177961 0.0035788540893841691 -0.0054998378050889621 -0.50723794786593523 -0.49221291016414742 -0.0094230056782970278 -0.017469336586157992
0.0029980839510256115 0.50926880494171201 0.0046146024074460402 0.48921327303189954 0.0042242715214864451 0.49007391576022874 -0.0090569353233718921 -0.0025444828454608357 0.51019130812135982 -0.0078457535356467427 0.025492315703372799
0.023160680840542364 0.51994665918671534 -0.0028527644744500372 0.49600378815866897 -0.0011114091674299549 0.50216907267229016 -0.01801395027779841 -0.0041680061927385319 -0.48011249750879509 -0.0053001481808858152 -0.0061781094753082556
-0.0012280461948340224 0.50030438053784809 0.002411065240272629 0.50002698559684577 -0.00097960919904136324 -0.49976681888865554 -0.0023436559819387253 -0.0075709253231075876 0.49898091596091299 0.0013206585860188998 0.029101133901467811
0.017090328770487665 0.51308576353638624 -0.0045001741963348989 0.49853654699708716 0.0025498250561510629 -0.49750046650823171 -0.01065263384013485 -0.0085718858802463493 -0.4899132821461919 -0.0028468065509478129 -0.012987675289672939
-0.0075201164404755747 0.50338006592400519 0.007251735040444289 -0.50218336085983295 0.0036160090607292271 0.48630602243463966 -0.0094812360626809894 0.0060311864371460052 0.50740312311455782 -0.0060342093270592699 0.013564971066633234
0.0014982771490773537 0.51355907000870105 -0.0039683220443326459 -0.50317722415229493 -0.002321681894293159 0.49032765104185977 -0.01289202111034502 -0.00037509738701394576 -0.49204261226887164 -0.010084629416083589 -0.01584921965543009
-0.0034695385971658709 0.49718944814204774 0.0043380078770312849 -0.50452041055253949 0.0014194232826897231 -0.50391583459146483 -0.011097304806402057 0.0028476706359497291 0.49329252950648006 0.0084101073701255934 0.027536519248465015
0.0083298702557679846 0.5096224979839713 -0.014472831227054018 -0.49154506539449327 0.0013725813721694802 -0.50181269638614567 -0.0079445795608387854 -0.0056667423372416493 -0.49616917974034169 -0.011108549921168085 -0.013006125482594964
0.010828353497684967 -0.48554280545455186 -0.0044894675994855181 0.49648060588530024 0.014709766984787133 0.49812117322805116 -0.0067066701029080645 0.0014869970013989319 0.51772800985200795 -0.0040894128091726071 0.034212526405658319
0.03106422363770852 -0.49177586747417951 -0.053313800854316612 0.47551313788578831 0.011237824064396855 0.51534674841875427 -0.0014430596403061224 -0.0099728270873096353 -0.50585182495159442 -0.067822298436377632 0.04404965434037772
0.00066718754324017829 -0.48947603313724836 -0.0079475653069817978 0.50208068384067539 0.020658023301578576 -0.50485670651123971 0.0015711204119797321 -0.0030766880101596315 0.50193973317817997 0.0025021553977916809 0.031557122422585349
0.015027605404140734 -0.50124847357476465 -0.045988144343928575 0.48858188932483398 0.0065709002821589552 -0.49234071215450043 0.0013671460102158077 -0.0090603105674066306 -0.51248403667767783 -0.046663722550404539 0.018789999349259699
-0.0031011488022413079 -0.48561610617998074 0.0056695946446745108 -0.50426224264320352 -0.011916776680808821 0.4920982838149342 -0.0074472808853734904 0.001156213132462273 0.51518593267017221 0.033190253793300595 0.031259544880820056
0.0012010203535633597 -0.48893594771032622 -0.0015406536843648583 -0.50967403813671619 -0.0097936947844944975 0.49206003669843973 -0.0069794999136900326 -0.005427791992134676 -0.50827420217893315 -0.020596686618061071 -0.010302388263072714
0.0020314854606473132 -0.49248700254984223 -0.00040624585786268487 -0.4959043414112877 0.018199695278850417 -0.50804607014193748 0.0011870293142565767 -0.0079182550192211654 0.50158613595784551 0.017282910237279757 0.033729032784695183
0.00035940513375800644 -0.48379282893522518 0.00097826595688928924 -0.50540185638942359 0.012145338112670661 -0.50537793927098029 0.0057936949782588214 -0.012867114750745732 -0.50353511744906954 -0.0033010509030578271 -0.034646274373552478
-0.0018725922661804327 0.50476426031790012 0.0010317649715269113 0.0030760180282117296 0.4987430891095746 -0.012231003010404079 0.49351794284635914 -0.0089500032699634906 0.50164011293437483 -0.0058875604655678751 0.031419951718249239
0.012828354890240047 0.51358597837551467 -0.023355068037663497 -0.0080037935276233915 0.50332436832991601 -2.3552291122607672e-06 0.49407899022402452 -0.0073447467021500751 -0.48737249651295828 -0.011880243004517423 -0.01669886333593739
0.00062080793511731878 0.49793683333044608 0.0078556896721881098 0.00065618139645433034 0.49920926444963359 -0.012277284265988175 -0.50295617155656702 0.0026390295339250788 0.49862791169398735 -0.0073965526288197053 0.031295086834756576
0.0067223200007393491 0.51029885401305564 -0.0073087190971314218 -0.00065560836769850772 0.4955732909091799 -0.00052610920725684751 -0.50143570963069728 0.0021476105282303881 -0.4923765366165978 -0.004845524167015329 -0.0015373084641061496
-0.0072333461848236658 0.50869082891725892 0.0041165349738302949 -0.0052160784437878882 -0.4927051267815919 -0.0023860632539669064 0.48785104321340006 0.00018401747767118529 0.50864517800005371 0.0023910025608386678 0.040605694999795737
0.020705126281107142 0.52017842537971359 -0.018268607063817374 -0.0086050216364322082 -0.49737651193083654 0.000804923240163599 0.48740079922941454 -0.0092252882902032606 -0.49287522149230173 -0.014700322277773131 -0.020177812621195588
0.0018031330407067478 0.4983221608424096 0.0086255330997599949 0.0027766018263800968 -0.49548593011844616 -0.011413407964304014 -0.50197377282878675 0.0069178660118300933 0.50257619165110357 -0.0088514431010875156 0.035586354425647886
0.0035907533771474768 0.51073862223158917 -0.0063518928366062301 0.00068414702815415454 -0.49452990196194241 -0.0042388211963551928 -0.50208528696997101 0.0048795748282795103 -0.49226872362276275 -0.0084968999287794705 -0.00064877112240672953
-0.0072516221450667807 -0.48699764510771193 -0.011932133581932245 4.7760750621840411e-05 0.51119604361743975 -0.0056707992311798208 0.48792594423804891 -0.015284990204674194 0.51232507407945915 -0.022413108958220119 0.00029933094259366761
0.014370773512538626 -0.4827899991761625 -0.034661977516469572 -0.013619751557026627 0.50111473738843038 0.0032112986323552255 0.48856216712923289 -0.011317288294815406 -0.52174385557322522 -0.049449386645192737 0.026666269839676644
-0.0012821927112299763 -0.4916469715599337 -0.0097254242618144363 -0.0017470396544610716 0.50374347351082627 -0.0024909578326554704 -0.5029885399558085 0.012932516548523761 0.50110512861481959 -0.0084917497912791341 0.008780790838372932
0.0031745740381610137 -0.48504700099243875 -0.014136810784189362 0.0068152289173031818 0.50188017101522198 -0.00080786921742017628 -0.5064964656931491 0.0031178537248396478 -0.50545938431799398 -0.019325125817598775 -0.013327902240824408
-0.012039815789555057 -0.49837501292168229 -0.0090277780420605098 0.014146044157412522 -0.49723962589108678 -0.008942133219453044 0.48281616316459081 -0.00041113946080028159 0.51915255733727472 -0.028240934267597679 0.020976798606840288
0.0022754810478441303 -0.47719317584699517 -0.035209349258564844 -0.031638379819139195 -0.51072791546908802 -0.012126270924325477 0.48431377772413409 0.0046757902208408569 -0.51847867783597945 -0.069794042489202832 0.027887517408268475
0.0054343461354966153 -0.4906121699411462 -0.0025064527994488038 0.0026940685886234915 -0.49635100287250761 -0.004426505963169132 -0.50633569651815657 -0.0028518805329479598 0.50621889083303717 -0.01204790483829183 -0.0092750218659359892
2.9878526524174603e-05 -0.49146158397261386 -0.019017468816741864 0.003487421434572363 -0.49464434391984052 -6.0329461150639293e-05 -0.50423751337339329 0.011321809777297055 -0.50888264501734271 -0.0054192571009121625 -0.0066397085344550785
0.005803809373891698 0.0098493841370815172 0.49555015720349044 -0.0086910323997497711 0.007340452080225616 0.48548148889030424 0.49323473407680685 -0.0032292576442195658 0.52185700516833733 -0.036695115083872638 0.038800238006611018
0.014150117077968214 0.012051526712062581 0.4792262228110159 0.0015925247519844869 0.0099312164512385479 0.52133182674375034 0.48927963266503838 -0.0042432718944006888 -0.50818661996868275 0.013821456617462272 -0.015858304265725383
0.0077515899603639235 0.0052186169322523176 0.49826572325042318 -0.0022710362340675034 0.0025497513278808946 0.48781452812844006 -0.49979876764833631 0.0044848685224424516 0.51235875512981433 -0.011365996299847523 0.0347803567409821
0.019680279405047036 0.024132922345468318 0.48732589320965991 -0.0017678538958771878 -0.0012289419119024996 0.5009271326039777 -0.51375398726067378 -0.0058638285010628602 -0.49593716960320844 0.0026158890396319446 -0.025943625500523367
0.020460363661202612 0.021393495728790325 0.49556865913289538 -0.0058909343927717461 -0.005645374500978028 -0.51384434788195799 0.50124461494441386 -0.0080407400995204745 0.48777529064727154 -0.0097417367244110181 0.010117095458033109
-0.0061948139621103796 0.022439006536153869 0.48994330309157724 -0.011330537337871488 0.011032293703915367 -0.49792185231701985 0.50109020714035668 -0.0061292593438012528 -0.50924395727376237 0.015474183576127714 -0.02322906663116641
0.011962670592563038 0.0018686803257499042 0.49667077761231304 0.0044865861158586481 0.0053967698263831243 -0.51344910599908733 -0.49374938733200369 0.00045789075067813724 0.49503713381219888 -0.005887886448267393 0.024641509020860736
-0.0072431835339212625 0.018499502604315498 0.50262515303520972 -0.0015819791515078706 -0.0052031712594090293 -0.50675535986181264 -0.4885851928574611 0.0021641045575919167 -0.50119303777727908 0.0050570828262263626 -0.01422956791072697
0.0069369854482618978 0.012991853742113497 -0.49753854803385283 -0.0066436093997293902 -0.00086275413674611538 0.48771287022336329 0.48764916099542799 0.0016280252093066236 0.52313528112571428 -0.015698447267777658 0.051072881520486481
0.0089278400827916566 0.025933032191977456 -0.51924492069036243 -0.022472326003867574 -0.00104951879814018 0.4959804342447246 0.48727843787497788 -0.0066081943007096494 -0.49446840381599794 -0.02084192886319302 -0.026691818032008399
0.0056754941791485811 0.0056820066025854163 -0.4921508427525404 -0.009084197545744346 -0.00069657781093548834 0.49288545502865239 -0.50172379736350148 0.0088555843883408487 0.51235711472212442 -0.001767824723994437 0.019642898816387477
0.019224120034459273 0.022225555224526336 -0.5085953704745485 -0.017277306173386943 -0.0042030088331154458 0.4937041087381655 -0.51051755516652797 -0.010693812170614514 -0.4850834654004274 -0.01623768345583743 -0.0097533039562748593
-0.0016790653223727684 0.010615430891029232 -0.499266147966276 0.0033083018092897711 0.0029070874437467568 -0.50203029119639031 0.49101797290009352 -0.0048668684046963666 0.50590668892210799 -0.0093867835717649055 0.037576213801002831
0.01156917785830482 0.018823463420576541 -0.51602676220562493 -0.0057184420722603191 0.0044643734309380151 -0.49378481042298755 0.49377858129390445 -0.0020769601161715607 -0.49507747661533319 -0.017464889720227552 -0.011127016181153634
0.0053029234584484157 8.4234046189714739e-05 -0.49327630346673951 -0.0020857362410278964 0.0010935423214752131 -0.50390624521614502 -0.49889304044434546 0.0036926586889384867 0.50290914306296208 -0.0019004735261721546 0.029903022244510177
0.0090964212645329758 0.014269695683188212 -0.5134808704519368 0.000102454173438371 -0.00038055056258901932 -0.49611191370972207 -0.50341309044774407 -0.0052088324162466752 -0.48604833462195424 -0.013326150460821199 -0.0071693026668530179
0.010047840637961535 0.01746056322891618 -0.0095890793529171819 0.51306188492281546 0.49870696266014453 -0.0052831956586343737 -0.0055295637488414614 0.49486736922733349 0.49200603470971432 -0.0039896112747907627 0.022869855151379646
0.016229872417193366 0.017976579124520119 -0.00050917983443606984 0.49562183808827281 0.49488028550313951 -0.0039327542510728085 0.015327016521727199 0.48995200781242454 -0.51466653993378553 0.033333850900557245 -0.050690475598209252
0.010024589859136297 0.012415354941149452 -0.004722352889762328 0.50049828612286018 0.50210300066344959 -0.0004190173875846936 -0.0083653258994276 -0.49708494452236979 0.49892320214275321 -0.0026950326904313301 0.031966968803783039
0.013571895560725715 -0.0012931586221681074 -0.015809157492840096 0.49915281364779351 0.5022799128806843 0.022483114830489499 -0.0069414777601529533 -0.50231975085325509 -0.49439966697136362 0.008415608156218609 -0.027292853456725493
0.011277419610797581 0.012344666122122872 -0.0093352628083768225 0.50948954922139467 -0.49119749652863676 0.0034226481973785331 -0.0061042168333926587 0.49769700374304759 0.49965212249815805 -0.013952040007371845 0.034358609922590391
0.0092036327494294558 0.014403676903973133 -0.019607911194381922 0.48845814208165567 -0.49410178274982663 -0.00069097503367752217 -0.0053168519981135268 0.50257253822659387 -0.51313438275668621 0.013030689468463516 -0.02260160604328117
0.014589308889535144 0.012069630873002083 -0.0024891561531719783 0.49809204654992673 -0.50114715471563931 0.0056334527971035556 -0.0060545843691459777 -0.4950755573628442 0.50375523242713427 -0.0081380595973613527 0.03724727064266229
0.013094988747427446 0.0071327233519453614 -0.027786388095841549 0.48858665207485025 -0.497701351714392 -0.0086270156160394868 -0.02314445418022204 -0.50253333640086884 -0.50861696036172843 0.012091596195055673 -0.024387407852328145
-0.0044329943834300447 0.0089842118245427888 0.0055267938740021271 -0.4919391151011957 0.50756521119169717 -0.0083793353699641183 0.0055819951650563854 0.49226101577313358 0.50661807416046756 0.000419597056008231 0.03403265726519792
-0.002790876880914069 0.014332624398655158 0.0037670301538404341 -0.49258847880974782 0.49857290071334454 0.01267809228703032 -0.010033928926663847 0.50038619645211224 -0.5055131189690848 -0.017570579594756636 -0.045323851506454786
0.0074044192382259101 0.0056578436532853079 0.0074605991731095597 -0.50320754252779065 0.49972661883976699 -0.001864122120719787 -0.0080663863499900526 -0.50125799827512407 0.49528347910273979 0.0085407893267280943 0.014359187922152829
0.012295722358661002 0.020775279153319691 -0.020816393479405393 -0.4965103135122092 0.50375124847722563 0.010326802325885086 -0.010586436931501679 -0.5011814177715167 -0.49707469958446415 -0.0050027939753775775 -0.013647529327303572
0.0016401760247817211 0.010745727164045312 0.00078295043420919229 -0.4999457153069603 -0.50019247897494634 -0.0063394531477563429 -0.0025710063393760973 0.49704241404921545 0.5014250027141679 0.002304505268999394 0.034823665615947193
0.0021189614006691345 0.021708468320348357 -0.0022144188927991962 -0.50670003339937786 -0.4908557589586674 -0.0091273322879209633 -0.01539613157130355 0.50072151174848578 -0.49989755402651581 -0.00058258040821848503 -0.029912597572675819
0.0043372660673552119 -0.0028477932619355916 0.0056284669460327889 -0.49509955275493644 -0.50023162184641468 -0.02228544131483691 -0.0029215127688764948 -0.49132547311647484 0.5112906836746578 0.034629766662859281 -0.0079293951217300658
0.017147825244222155 0.023754944776914123 -0.02018745015583135 -0.50101840881521675 -0.50194107226595708 -0.0027088660814634583 -0.014671673034855783 -0.4983138988509061 -0.49689547976617654 -0.0065821004773791063 -0.016794521522851501
0.50704499131112923 0.019059886923202492 0.48946661339868508 0.009897949550353875 -0.0041832992403119688 0.49628586594226143 -0.014673775447252358 -0.00090267943548611351 -0.0048304817967830972 0.50475330454826028 -0.039166761547011111
0.50207913402977389 0.0045340550251900605 0.49362192538425187 -0.0030944448013800379 0.0044653033041823775 0.49387772116605938 0.0013516784327332425 -0.010253297415460006 -0.030481622101703205 -0.50681291892592983 0.048920763401958278
0.5016901092743008 0.013770410833461416 0.49025635433505327 0.0010365379814001464 0.0073118715789740971 -0.50129517794632783 -0.0091637133218982689 -0.013788475177291492 -0.0059546235578138073 0.5049375821288753 -0.033811369230999144
0.50706723261874953 -0.010602448008044949 0.49518220445134714 0.0024611619022009584 0.012714152232220183 -0.50633528608192313 -0.0003522385041232728 -0.0013609379713330971 -0.021873360005825071 -0.48978382159816258 0.025558817996483969
0.50267030907420474 0.0049325242458682847 -0.51401758341437265 -0.017216791581466207 -0.00084479250230197608 0.49142065860079448 -0.0074138840233679369 0.005528127498269593 0.011521218258506268 0.4899006700718444 -0.032738789796418102
0.50279807051519299 -0.00014781006654660209 -0.49518571970424796 -0.002752214601369657 -0.0050303170720043229 0.49642874813431659 -0.002925285837221988 0.004961630446906143 0.012753883228364722 -0.50438882604608837 0.030114385908274106
0.49900372725749242 0.0030084996614177534 -0.51270572769736134 -0.0018932763408149663 0.0063886621286104242 -0.49841170278700958 0.00034661374529904292 -0.00083447637487488126 0.009551965000398354 0.48906150521296127 -0.019678122792811868
0.50064276188704704 0.001401229128772153 -0.49690929126918332 -0.0036840030803431023 -0.00081339279864979118 -0.500171422754488 -0.0031582011262757865 -0.00030885802026210494 0.012289850000464016 -0.5001435817016161 0.044109180366685846
-0.48391217800061931 0.02679352858475675 0.4972870186916124 0.02086659315308808 0.0046606503745812338 0.50903156352448564 -0.020600115565762727 -0.01443914510494596 0.02655302259688189 0.50646506623352372 -0.02004202626799266
-0.49785911928061555 0.01078833533553189 0.50651832774038275 -0.0013580502304068205 0.0026984217687660923 0.47717372280597381 0.0036095739957477503 0.0073411465195292293 0.014139718167028685 -0.51489329932116756 0.048715937264808648
-0.50579250164017986 0.0076328663164014791 0.49030992084077679 0.010195728759278598 0.007843601355195795 -0.49467880148897209 0.0037717051326937017 -0.017870550847135448 -0.011180696075004945 0.50548382632194755 -0.053542371695428803
-0.49279240375822764 0.004836135733842473 0.49589267965692851 0.00084250693109999444 0.0071568708220368085 -0.51312329259660305 0.014310566371303899 -0.005708210505928432 -0.013463147648206275 -0.49699387485920071 0.021300724394806042
-0.48659443253029594 0.0089133073512929969 -0.51864221827998291 0.0042856699031887137 0.0012520362082473068 0.50984280063809695 -0.010519900721365306 -0.0071584497021713739 -0.011420178311510961 0.48179065315185809 -0.042219415273405392
-0.49341204503916714 0.00066730731054330018 -0.50633595059740788 -0.0093967943508991431 -0.0068697767672687687 0.49352029486509902 -0.0078132768544065447 -0.010253554405589484 0.029051155675589677 -0.50481957358718343 0.024845209341333926
-0.49036984608614848 0.024109318684333886 -0.51433436061056104 0.012572392467477501 -0.0011402889852172181 -0.50352997552897205 0.0028628154964746924 -0.0082906117011273435 -0.016053044930857133 0.48971990771252843 -0.023543587520841031
-0.49933870257887353 0.0024021926561156068 -0.5055724021378627 0.0028545967376112516 0.0084464703464857127 -0.49562154979614192 -0.0010708818625831914 0.0044017002224766115 -0.0040314523454993163 -0.49802008051534452 0.035646158423125775
0.5117255441159233 0.0059255216904367178 -0.016435832919517359 0.49369778312909074 0.0051766357823994488 -0.0063451334096847039 -0.0066506628070943166 0.49508636644249226 0.01241104502369357 0.49788384980236522 -0.02881069697184108
0.50967048720431385 -0.0049740701461072996 -0.0057649025973939526 0.50090082713224204 0.0066186903187279867 -0.0015582465799236398 0.00092251340916336489 0.49738072636050884 -0.0087132299706435198 -0.49094592369157458 0.027164072405402129
0.50472102531816321 0.011857054233565293 -0.017598470885035411 0.49304418648671106 0.0083631468363711495 -0.004957324086522572 0.0049660551552841974 -0.49715251696536561 0.0043034614518792976 0.50370745537294637 -0.026349504097512612
0.50010118920059343 0.0090395955768775033 -0.010614961742293002 0.49579067635244145 -0.0015429282638913426 -0.00026724502837709304 -0.011563754606098922 -0.49266550495212841 -0.029206923542842364 -0.50693794879182463 0.056581035296277477
0.49900422493934449 0.012447214888533443 0.0063306561844806196 -0.49736826427980629 0.0011470384391956108 -0.012909312292363181 -0.0021244687083006929 0.49523023576527458 -0.00076875955644442183 0.50651482818526572 -0.037963862112538556
0.50519372925244055 -0.00011213953558380748 0.0051300854917687077 -0.49676580481150773 0.0041858061489077301 -0.005517759921390428 0.00014479543861308747 0.48829172297504553 -0.027108826136831483 -0.50587809298705322 0.053407611662571325
0.50248483849141223 0.0069985799981728634 -0.01465371224596005 -0.49968453377689553 0.0040200191316550676 -0.011420329792538552 0.00035279863851188657 -0.49789648027418254 -0.0016692375873137942 0.49904286410981574 -0.021597726503240201
0.50562371424019403 0.00066339706705693241 0.0098468369962737747 -0.49915018854117088 0.0041331865058025453 -0.013763054281439613 -0.0031865288046041725 -0.50124623104427979 -0.0014685001856742964 -0.49269835925785743 0.02963234514547803
-0.49311027073852176 0.0015172530995808907 0.002658960889245734 0.5142748234458564 -0.0023854740048172033 -0.0016399810477755476 -0.0035277388800989515 0.49709776025156732 -0.0057068121840642147 0.49464595501734937 -0.022805657166829352
-0.49022430320801252 0.0093396508952414466 -0.0073659368623159686 0.50414451948973682 0.0075603107838174101 0.0013737427060840821 -0.020561321331685357 0.49907807192013914 0.0058399680518561254 -0.50572516658457145 0.0049158203321901022
-0.48307731856383784 0.0035296315851273338 -0.025055029726685541 0.48511781593018805 0.0022274659975328949 0.010099999687963834 -0.024021960529380437 -0.50527492715968214 0.040534504668778899 0.52235373240974226 0.01317384184924061
-0.49403498486519842 0.0011668867499050601 -0.0037353960131581727 0.48871270130982419 -0.0017734597360063514 -0.0026014633939967615 -0.0071197584786634269 -0.4903567834822673 0.045471884005023402 -0.51855933243070562 0.07478076072489992
-0.45941505829072571 0.00074818516341078822 -0.010704782057088982 -0.44563254169713629 0.0033861275229339709 0.0041708976669696364 0.0097297181603354047 0.43806096914970194 0.13143487693851902 0.60342861838879802 0.12966157154333777
-0.50359796010247204 0.0096156634037402669 -0.012523771502120027 -0.48575237795413978 0.0050973352904277042 0.00035007902163424983 0.00052331347444455924 0.505996635371603 0.019539893364603485 -0.50102169801006402 0.05216217500112879
-0.48686868249144299 0.0080569394816318689 -0.0010171050086314705 -0.50131012499077277 -0.0023813786527992296 0.0092489466774769314 -0.00029692454091719684 -0.51976659720105067 -0.019053735711602321 0.49034983932930432 -0.022944897699882654
-0.48907585850206736 0.012020382344125545 -0.010628455511865384 -0.49888004647503409 0.0018331088019773042 -0.0080570922464116672 -0.0056113165510928769 -0.50293564576354821 0.0083189372505153049 -0.50812193475452561 0.019102806841548938
0.5071166431285733 0.017194123670997347 -0.023605370839303055 -0.0081003260597099346 0.5044059399967562 0.0094339620509162284 0.49500770492988999 -0.004658368971306219 0.0009602872646781057 0.4914250679598694 -0.029086830388461039
0.5005448667214667 0.0080471134725973534 -0.0011650597475176276 -0.0033196394519428413 0.50008093478812787 -0.0031261998956979287 0.49152870091102552 -0.008735489722255187 0.020300250320579069 -0.50503631006320748 0.046221653838651872
0.50505718306125769 0.019706279186781674 -0.013000013138579472 7.0746181067375415e-06 0.4984278024662549 0.0045365924974908704 -0.49944894527538258 -0.0048180644310582962 -0.00035597356994701958 0.49588066542160758 -0.023212611370665808
0.50199177502133363 0.00096448688017201879 -0.00067344750757196697 -0.0063243323378059024 0.49709524362569962 -0.0088730519354843496 -0.50142423427514793 -0.0053128436943767829 0.0076101758985961587 -0.49795678084633194 0.036153909669523684
0.50880326094810113 0.022820182446759114 -0.019571879542658412 -0.0018369648563334997 -0.49135558101753368 -0.0043509531798946099 0.49437380047059992 -0.0013798169078847388 -0.0051981457559906324 0.50271560546607674 -0.0400680800318578
0.49770805819421471 0.0053480700743448869 0.0015696468325833734 -0.0041188426533805599 -0.49292657052347388 -0.0044905249243496117 0.48965242282814669 -0.00900414800739467 0.029797358954727082 -0.51385770605286529 0.066810890006864548
0.50820382509156958 0.012883630382208565 -0.01521088362117826 -0.0040765769076756093 -0.49142668157129971 -0.01033266792283105 -0.49565164062808514 -0.005016450083295005 -0.0019828055908227863 0.50270674462701803 -0.035975424164451146
0.50213753928735294 -0.0022414837309435338 0.0099778264891329741 0.00069458806255281384 -0.49676574504604082 -0.020640727986146353 -0.4994841691553546 0.0073361293055323783 -0.017136240868381985 -0.49984322397745057 0.029587657475419013
-0.48194491094527264 -0.0082356336623438126 -0.0294159492608678 0.0037273309315151671 0.51359514298015063 0.012778944748250753 0.509224539346392 -0.013355184998632844 -0.029313274431052923 0.49152773882992562 -0.029866958794616389
-0.49820762905320237 0.012139181957320992 -0.024218562873517976 -0.022495167211405074 0.50935096545461545 0.01627195983455228 0.49373647254075764 -0.0080726235319814651 -0.0011861218501265727 -0.49698413347904347 -0.0032461069023861219
-0.48863143708581913 0.0092559228893537796 -0.018218428612517799 0.0059487077674725405 0.51524388465545623 0.0064052947472282105 -0.50164139701173616 -0.0015039282485909352 -0.0075438874611158807 0.49229779019172359 -0.034766109651699115
-0.49593154979003046 0.0029183290691207121 -0.0052512990426904467 -0.0022048563654509671 0.50628917817400787 -0.0072536312199033576 -0.4945417186698749 0.00011916225403199846 0.0042608517576540736 -0.50121946284844299 0.042649339299798486
-0.48828456522020125 0.0051908339741816318 -0.024935042670378535 0.015000948615464374 -0.49981556473696431 -0.0053293547582867942 0.50865180621999384 -0.015777802184273455 -0.021892010687426706 0.50062493082764536 -0.027933358405550068
-0.49753105012469151 0.013623128835702679 -0.004103079417800558 -0.010470617219131242 -0.49671892577437221 -0.015764254148538746 0.49099348608025051 -0.0051068705895799902 0.021915845666198579 -0.51229040645669899 0.03391377546503542
-0.50497234687475723 0.013389885352358879 0.012322467922563807 0.0021245745958692695 -0.51506047485157114 -0.0073721209124380108 -0.49176677405456248 -0.0033320581509392153 -0.0088047101561239925 0.48570955094805152 -0.038583525362742579
-0.49426057632497061 0.0044927153133430178 -0.0012120545890401398 -0.003406941922523333 -0.50473557158249116 0.0087665413871500317 -0.49818572669419753 0.0010581565134749201 0.003938189422434615 -0.49938301828662962 0.057002860768650361
0.0016798842630667719 0.51380503847021353 0.47794632109282625 -0.0061496821444922151 -0.00045057766211812131 0.0015939772703669614 0.49632269207848484 9.9659595204219979e-05 -0.0076523478113815655 0.50846112992389791 -0.050998122872208451
0.007339081631291002 0.50330130612616963 0.49278899563689765 -0.0077714960517406978 0.0039541599530134447 -0.012757022584995861 0.49433235560721733 0.0077095603591510933 -0.023042544034238974 -0.50661492704421263 0.044052326770939516
0.0030053277471164298 0.51181645494703754 0.48798813572459765 -0.020964424834213839 -0.00080076771426080347 -0.0074039726595181571 -0.5088180372858907 0.0092656402917504332 0.00056604347931292162 0.48900802279524008 -0.036009481710986994
0.0088188554015501044 0.49719435244227272 0.49728925373642652 0.0035965150800894245 0.0029498058661363204 -0.0085418055126064551 -0.49645656752666373 0.0032502590521936298 -0.013965035677411072 -0.50701674331466351 0.039851163637430707
0.0078209971712400704 0.51604186011825737 -0.51079565750570333 -0.010692943225613439 0.0016313846384314126 0.0022439297112649792 0.49241075542392732 -0.0051998284586254684 0.018888413863077613 0.47897664813295004 -0.018292055732968219
0.005527704359347187 0.50191219981414337 -0.49644582871593135 -0.0069937935823163313 -2.4011387273697138e-05 -0.0030183109803880179 0.49001755854696305 0.00057041991550682537 0.015434969181360081 -0.5083358342330706 0.052687870370081623
0.0081403578345664775 0.51268463945352194 -0.50311006590182161 -0.0075958870602935808 -0.00080204358350870924 -0.0041553390045747712 -0.5076520515150259 -0.0023076401876338413 0.015030784297635803 0.47511615625845049 -0.014684413150011007
0.001689118199987313 0.4918653463057826 -0.49196931761443397 -0.012822629194062182 0.0003655275617822875 -0.0067195282278536116 -0.49995656882159778 0.0037238939983562274 0.023118208595308554 -0.5121093412726897 0.055328527343091419
0.027655288849100627 -0.45788580565871656 0.44468300436620972 -0.051840356745909776 0.0031207103973479229 0.0060855327172777305 0.45838333147200266 0.0054849588391557309 0.15681438664503369 0.58626734050958962 0.10321383008840333
0.0041165565103396962 -0.48561450970897735 0.49432492503559672 0.0026698755513989065 0.0067701196616556129 -0.016181611860749758 0.50941013328783391 -0.0047462031179137708 0.012293929152215841 -0.50934911091127821 0.019513976339503459
0.00099440830955463107 -0.47116617935746352 0.46744517270968322 0.0096543628033095817 0.0034938555916221381 -0.00020068055195887323 -0.51695310403798556 -0.056232883452589422 0.051951230922060145 0.5345330298412504 0.023745730774540202
-0.0046053484811675845 -0.49145796683709797 0.48719683713730899 0.0053197597608337002 0.0056769535085836259 -0.0047281387702528578 -0.49790606053222936 -0.00695789335392232 0.029519144514981555 -0.5180549360185146 0.061587843923462726
0.0028510575897219589 -0.4952139659561155 -0.52068007761877155 -0.0053452494239767025 -0.002954983080643988 0.012619730678706753 0.50044002326168813 -0.0093592215657607343 -0.00076146257461714171 0.48129136583861792 -0.035790003886559958
0.0031865660554860576 -0.48794047139750629 -0.50971690920954627 0.0073565220666413625 0.0057211499122447121 -0.0014999985812966087 0.49100408878135254 0.00043714025552228663 0.023916764596544609 -0.5080304019464531 0.047448998343385534
0.0040746920078177876 -0.48202689134453325 -0.51968930303372729 -0.0046038343997171719 0.00043307342980982832 -0.0029901580351505315 -0.50712470062478276 -0.0052613495088414015 0.0013134297729369381 0.48961897526168319 -0.024383755099166165
0.0074875669594959499 -0.49725249009816108 -0.50152496952334702 -0.0027435173294094576 -0.0004983652907856349 0.0013769686266958642 -0.49835573683382356 -0.0074893087844224064 -6.0933819571712892e-05 -0.50209886861301878 0.025082330877667612
-0.002649872727969519 0.51607445951931896 -0.025130252199301702 0.49532908142001025 0.49422374776103811 0.0009655377318452626 -0.0047092839809536559 -0.015192635717276056 0.003877051971860437 0.49224950768505921 -0.029018165560079117
-0.0012499314065066301 0.50311241048406385 -0.0073075548691941515 0.49643517092407569 0.49680410665324337 -0.0022399056635932458 -0.0081395432898082355 -0.0074791988952554291 -0.0014997426021817082 -0.50186387342979788 0.039546630349343956
-0.0020414310084148385 0.51183051701264493 -0.024618276842539113 0.49904963908283673 -0.49679475744648921 -0.0043119611501962743 0.0064659256579486825 -0.019140116505616291 0.0031668306657077275 0.49040526498671128 -0.025092300765563891
-0.00062233013405866807 0.50388377109880733 -0.0062360007530848256 0.4955930394383038 -0.4932431126073174 -0.0045917171646336855 -0.008552381694372526 -0.00075355781066911557 0.0007937492225070866 -0.50464227306153064 0.04900400597633308
0.011888848783401296 0.51223780056856727 -0.010698819473948773 -0.49883407158166787 0.49679808403077053 0.0021594743927134349 -0.0038305921999133743 -0.0066940726094006486 0.00073746286639416023 0.49114259155021406 -0.020666941652371491
0.0055089833540227194 0.49945669881062749 0.0074998901211946155 -0.50504328346497596 0.49690874955700309 -0.010332775282642884 -0.0089795847531411316 -0.00071267110465412608 0.007827403822268519 -0.49692720490306014 0.035826845989120677
0.0090041130419600147 0.50945064093314008 -0.013865458911372974 -0.49677378830336222 -0.49795335619401404 -0.00027882321699976655 -0.0041565464426295195 -3.0864237962869727e-05 -0.0022037990574060372 0.49434107037228409 -0.03239863576977673
-0.0019818621558390951 0.50351646601068567 0.010404421151725188 -0.50478042172710336 -0.49316125878135775 -0.0093584774798309515 -0.0086497054322238719 0.0025840046564749078 0.0077276720485180174 -0.49675530828870418 0.036783944378392761
0.014435529728671398 -0.48563342710239737 -0.021416780109531297 0.48700363356467685 0.50126237366363657 0.010241815408247004 -0.0056453127061089963 -0.0006225547287154982 0.041594552013817045 0.52267032150351456 0.0022542149981604762
0.0047471529444673205 -0.4864365304635993 -0.012797169963548473 0.49861226794834085 0.50035446469208211 -0.0037273495335138052 -0.0060627609965850362 1.4008810948910629e-05 0.016605034220683313 -0.50973413876187479 0.063789849835377777
0.012217403450712356 -0.48094941241547257 -0.029433827049576106 0.4824327453962261 -0.48775292517423402 -0.0088965886334326522 -0.0027257734125336803 0.0028266720839106732 0.070477474742220061 0.53969534347051373 0.026364186198573458
-2.3427323512342486e-05 -0.48607149168686709 -0.011831916942427396 0.5002359326729775 -0.50012599442914163 0.0012015441057246004 -0.0069855296457583815 0.013243449150846657 -0.0008448933530964582 -0.50994241490973358 0.054450903336494251
0.016784607654024182 -0.48843595540491103 -0.030921845692928607 -0.50141315333672876 0.50503061129241555 0.018079720511146258 -0.020531415929914417 0.0068360487631165621 -0.041528143236547591 0.49898945825542196 -0.047022889785803081
0.0034372562347107448 -0.49020394133423412 0.00080817439713310249 -0.50227050249993455 0.5008256299911471 -0.0019649349645013223 -0.0075883587293394238 -0.011560187761009385 0.014397249512224514 -0.50266170791046061 0.059283245481917456
-0.0013862985701239045 -0.49302167755788451 -0.029565916456546566 -0.50674921897305114 -0.5004792066886361 -0.0071866775057831114 -0.011889654754672513 -0.0017292266445204595 -0.034351983008905108 0.49388866307483381 -0.058968468369527724
0.0030916518173961616 -0.48536398465158365 0.0014196876383285118 -0.50537570940425558 -0.48884714142126368 -0.003293948131871483 -0.0092952124183771252 -0.0064838611396364366 0.039725386760616425 -0.51372124544875086 0.066386575039074858
0.010067293574021623 0.51979462045862512 -0.012372340518529288 -0.0057027332230673335 -0.002551153227460488 0.49463987923240438 -0.017800939387946177 0.49819189272168823 0.009867833518333799 0.48550402338583748 -0.022976539720284246
0.015961404760438124 0.49704016077748642 0.0028625452774233323 0.0047963525238706589 0.0046142189950926175 0.48350028348339641 -0.003007444065965099 0.50125138721111795 0.025288040639251368 -0.51257190054519819 0.06511422037571446
0.0061188262874413866 0.51740006060297061 -0.0095059816408942406 -0.0064955762126860869 -0.0039297645152900403 0.49093887462666191 -0.0096179520682430041 -0.50484146672583607 0.005195268036325573 0.48557015085243904 -0.018110374100659719
0.0032454397539251078 0.50793398639605958 0.0019056043935306614 -0.0056767781268707036 -0.002215638251829178 0.48966263994344539 -0.0083299334905974597 -0.49408849250231568 0.014641164249615075 -0.50560098736955983 0.046289492355511941
0.0035909674913432066 0.51152566258256316 -0.014778964120313251 -0.00057255019817042832 0.0068790731330203433 -0.50110937451492954 -0.0067514575993106599 0.49009079276422429 -0.0035392477188523827 0.49501625699315566 -0.040788977799442558
-0.0075586588404187461 0.49686483349014848 -0.0039141806467093004 0.0013896912816613787 0.010400618806902327 -0.50832597185158923 -0.0037382308690044157 0.49647831317765073 8.49421331078921e-05 -0.4966059099778608 0.037753919916456373
0.010754171699444429 0.50893684378210513 -0.011539386409422781 -0.001295886089743647 0.0014052167281310064 -0.49909888721401746 -0.0080040173503901618 -0.50529013960809532 0.0050551977911329959 0.48567802422461875 -0.018445555075143998
0.010993364678912432 0.49907670042211921 0.0024704506811422705 -0.0011914798337360132 0.0014422295020112164 -0.50229219370783773 -0.0028786879670136098 -0.49410323355787084 0.010566409353934594 -0.50203703161092306 0.046855309412906401
0.02188173080676379 -0.49551370138339795 -0.02148374069548617 0.0075968313741882924 0.00063812667223448925 0.49576230411066435 -0.0069689385896780417 0.51058440060799504 0.00092289632044996646 0.49667088992881125 -0.016112366824082042
-0.0025014476311760853 -0.49269821097210759 -0.010814385232337484 0.0035346215156947503 0.0078129453329869921 0.48717497923052394 -0.0061639040523100057 0.50112879310538672 0.035835052343692872 -0.51392379911191421 0.056056983702806998
0.0045291751070257198 -0.49135333120909097 -0.020351717217093203 -0.0097344907361931795 0.016449046412052741 0.50585763849770271 0.0045139182231003815 -0.50800547212391256 -0.0089973805525518334 0.49218979606002911 -0.038186815220420237
0.0065697864998091795 -0.48151486570015478 -0.0050072612172506487 -0.015540123719648755 0.001582185695465733 0.49812878457744481 -0.011601694609328765 -0.50481989814276751 0.038018843782878002 -0.50885589642893159 0.065889527825377645
0.0085014494268657037 -0.49490135425949783 -0.030834847546225369 0.0016625056438992498 0.0070293641489419592 -0.493501284880766 0.0072221443065009433 0.50730819580995679 -0.026364384180299124 0.50106334925419882 -0.035785016401535266
-0.0020895398880440056 -0.49275123007032384 -0.0099700823728739781 0.010566216394575471 0.0032077501266187932 -0.50263901183033022 0.0069740143762053956 0.49552904944236215 0.021296772445088687 -0.50589562904247187 0.048403822396044821
-0.0037127992774577691 -0.49424451276384956 -0.020778134128888626 -0.0055786978800799279 -0.0001600091988039456 -0.49652941590422084 0.015623291888009939 -0.50877473934208595 -0.0014611710948967877 0.4989517071769427 -0.025563133171134296
0.0016703718704139728 -0.49075850407418653 -0.0016303037666910393 -0.0065628495574436667 0.0024213694035422244 -0.50397781590966373 0.0054403825862696696 -0.49519991557688253 0.023089827741300289 -0.50571542902365318 0.059785284522159469
0.01536805756811848 0.028935909035863953 0.47997537100403126 0.012488700689864728 0.51589057674439343 0.019096657873791664 0.0041916476525910885 0.48721716788271907 0.023231663790430145 0.51362571693822023 -0.011713929801215536
0.0067220498794393997 0.007168290306777415 0.48808107453841149 0.0084091479803736491 0.51260880300494571 -0.01238295008084892 -0.0034266530777847218 0.49027034757253923 0.019857331739509113 -0.50781759278144867 -0.0062194351777254981
0.0052624231875993211 0.017490865544525787 0.48206434926591313 0.0018786603665570357 0.49766452136278777 0.0057207091851052584 0.01883571880330303 -0.50729249621975936 0.00055176003969800019 0.51062405352476514 -0.033710806709539201
-0.00057581220856631719 0.0073659836536742887 0.48893073561161804 0.00089388486610439909 0.49873047143804289 9.0097769864139589e-05 -0.0055977561797232733 -0.49954152914994088 0.022673748892881092 -0.51191072653764991 0.0044148791547645163
0.01943007884140021 0.03233493704802564 0.48018719498775753 0.017181404575644873 -0.5061542763961947 0.0016858830257224374 8.2397818786433176e-05 0.49076678592784057 0.038583377918408643 0.51881151278940285 0.00093779497532393201
-0.0045847902589039105 0.0058751488607749038 0.4949662228715711 0.0012126024042038224 -0.49692088262032164 -0.026956010706547465 0.0014613391408841649 0.49309425178134503 0.031903763130758961 -0.51146048797963872 0.039251528890876256
-0.0041976141398921678 0.01184863488120093 0.49645868360683532 0.0075480974578411289 -0.49213265861426192 -0.0062326187169288944 0.020346073168632472 -0.50868731579217585 -0.0057556752707017336 0.50110214895536342 -0.027697525982842384
-0.0043109016185434437 0.010945165511944145 0.49492156795802722 -0.0021523558665820252 -0.49710447567828064 -0.0036526930579138966 -0.004883894866952591 -0.4960759315149374 0.025853609211096463 -0.51086391401778231 0.0042304249309834492
0.0070661996948977604 0.02298371545966494 -0.51278452719294654 0.007457035070367565 0.49998139685794341 -0.00094402125875189672 -0.0097802923704302953 0.4959118246849869 0.0053982234193682846 0.48934368861708916 -0.030419930607104004
0.0041375078015090314 0.0088497391460444722 -0.50125834266686553 0.00040501776316353392 0.50188241288504576 -0.0053221649353884307 0.0010377699019669692 0.49708232750028286 0.0087959049854942351 -0.49841518326789575 0.033811404508705942
0.011336590734237567 0.0077480725843151214 -0.5154189878169817 -0.008600870728034931 0.50050613854524273 0.0052324242442221506 -0.0064669530032046276 -0.49536236128525335 0.012864631014209217 0.48747939815780061 -0.017877787854717414
0.0092658449080108025 0.0031947672929938942 -0.50166797097844262 -0.0046148256405123874 0.49749004433229077 -0.0035505098368778664 -0.0076832603823975944 -0.4978214293130086 0.019170783790901504 -0.50053680993515848 0.043739141559302738
0.0075761751872890923 0.023540286847835722 -0.51529395319589655 -9.0593735319367263e-05 -0.49422092265820122 -0.010870054830212382 -0.012102870932010804 0.49882767403469203 0.0054638245383060195 0.48902379007682117 -0.036585011475957781
0.0098750973187838823 0.0055319034634622732 -0.5025686321035383 -0.0031903390555168666 -0.48815476072820652 -0.005500548909583053 0.0011659745746072881 0.50680438318461107 0.0079828129530187253 -0.50062404943634797 0.037695348663363416
0.0088325863340248736 0.010425541570446293 -0.5160017418551831 -0.01183877520998272 -0.49308057902668273 -0.0021596699375648078 -0.0025965403731926509 -0.4947457499968661 -0.00055089363726731563 0.49461136422742746 -0.029349845816355774
0.0027646657387219646 -0.00081423800501600086 -0.49448805847654992 5.5831554209389103e-05 -0.50280407276325689 -0.0052520454638422002 -0.0084986615264222784 -0.49859220537836252 0.0081276411978439579 -0.50222237165740036 0.040913901322856251
0.012029602413514919 0.017962101458519245 -0.018773482370704801 0.47770265839233783 0.0015467975628188167 0.49636463781242213 0.48346408088099685 0.012616189469355991 0.062129800887454123 0.53488706271587927 0.027187572348597359
0.0073634638691436787 0.0078495778650511574 -0.010636770513314044 0.50306814533882938 0.0015891030161185526 0.4875874556364222 0.48925914818281507 0.0012997367108132092 0.038391867945326494 -0.5140080289474831 0.06241008652686638
0.016871654737278502 0.02430690761806879 -0.020811799295422682 0.4998653473159913 -0.00092646026574104944 0.49685250831126876 -0.50337166237993725 0.005089899068304593 0.015085953117883504 0.49781014467459089 -0.022611679400713576
0.0031075568175080149 0.0095460713550941847 -0.0050076018940312036 0.49342621937122699 -0.0079157974951224366 0.49582596301966697 -0.50729100337496336 -0.005647992522466342 0.02279679920518593 -0.50227821031468045 0.017874663146569748
0.010123477295310802 0.006773372006505721 -0.0058310174743998813 0.48385278474508198 0.01886508314507384 -0.49248758682769894 0.49641046566042846 0.0069320316270957 0.038226988619829726 0.52426422432986308 -0.0043036004111382522
0.019937608095453425 0.013803420065235538 -0.0017729334288394398 0.5037987544345055 0.0069159687452084806 -0.50146518565565767 0.49292254892560439 -0.00054053828418713413 0.0026220310273599033 -0.50004866609225029 0.032434412875618997
0.0094167356890968775 0.015667710494533374 -0.025479620289053696 0.50375477610117014 0.0042207883913108193 -0.49662426878331234 -0.49679197071444808 -0.0019295019946269081 0.0019450012706604622 0.50097758915095236 -0.02838961142860336
0.0021178534093282434 0.0031964864212528921 -0.0073192255858554401 0.49985544193171588 0.0040696912763434441 -0.49949250681753365 -0.5035537430148419 -0.003378189303429507 0.0044569267718094011 -0.4954415083003495 0.038820096795565834
-0.00074284118459008372 0.027632312584341911 -0.025486694136038764 -0.50959755969296272 0.0084500352638154572 0.51006004661252835 0.49379520652169584 -0.022814677535947184 0.00089743518583559423 0.48197487324846222 -0.044824161913159112
0.0097537024691685074 0.014259483401096697 0.0030876788954232307 -0.50975185450218086 0.00042477689631778537 0.48590538530240523 0.49146117722504046 -0.013183642218657175 -0.02017813807681465 -0.50791281474611061 0.06041804208575511
-0.0020581815618480773 0.0218812095019012 -0.011993727985012834 -0.50390750328274292 0.0039687970087752059 0.49904349210405841 -0.50433827810319121 -0.012686990730018197 0.0035595549838935165 0.49079100589922775 -0.031363297427433198
-0.011197343228273746 0.00480859941579697 0.012034176129597387 -0.49687500776328142 0.0074883040795610534 0.49571123080112889 -0.49655403980968699 0.014892148199079183 -0.0023426305888515062 -0.5101369035504697 -0.001834199991593516
-0.0069286077726288227 0.020335570891890246 -0.025759033241494554 -0.50202655148037945 -0.012844892498093639 -0.50738933036826128 0.49504203767788896 -0.019674045640796393 -0.013017414061212564 0.49128998341273633 -0.047395790113624998
0.0080877111039102511 0.0088968439742318668 -0.0064963431315437862 -0.50283732870332298 0.0045278257367532245 -0.503662374642872 0.49450605344368281 -0.0012850209132257134 -0.0044741674438719707 -0.49703520116191724 0.040861560279128871
-0.00070753688414937474 0.0065165474401566318 -0.016835027184667194 -0.49168373540467408 -0.0022202603781412414 -0.50511981811223139 -0.49453383960055985 -0.005778834549279202 -0.0094316041498350746 0.50665731192063113 -0.037176063199803613
0.0043178056708002687 -0.0029726365626066313 0.0018964031761040045 -0.49580324487038613 0.0087939591940232459 -0.51315763010343352 -0.49529173950455652 0.0051667920514914881 -0.0011807205241772924 -0.49464471209505911 0.026918222438602452
0.49801616383392472 0.0062354945795394653 0.49333807057828449 0.0041747648097670183 0.0087677230598680808 -0.0047815165689961718 0.49502637103626485 0.010887688976101892 -0.06321156108260946 0.017372325493912221 0.50889513046979873
0.50753357673982391 0.012052116819577685 0.49093592438502531 -0.0093277200079200963 -0.0021027250049991141 -0.0082593517849075711 0.50126790519577036 0.0065022900875138442 0.0054586360879412795 -0.024982523943725236 -0.49912019858836837
0.49806353310928303 -0.0018528873890752023 0.49953663820435068 0.0059004955306961541 0.001488376861342086 -0.0077756294138543623 -0.49451581308551684 -0.0092040222609685706 -0.03934395824538283 0.016421967252464559 0.50581291787011606
0.50828250967776112 -0.003445358894284288 0.48650807857580164 0.00083783810749646186 0.0036207724173631523 -0.016564456957374397 -0.505883980934281 -0.0031272443312432168 0.0033114402350791152 -0.026665064072603273 -0.49800436045973806
0.50195523684083598 0.006811395216697943 -0.49713313986940627 -0.0049040193572146718 -0.00059204833307508462 0.00089852799191983673 0.4937083947960581 0.0006099107634218151 -0.014725358712034878 0.028548885579840023 0.50601161343087986
0.50693408680003138 0.012637606890406867 -0.51271440155544479 -0.014579305824559389 0.0032299126088387322 -0.007228103287740535 0.49374210622313414 -0.0028274357213472238 0.029087992533310555 -0.040177200651884161 -0.48317414085065019
0.50315265672033183 0.0013524539612184273 -0.48979625118896364 -0.005314498822502651 -0.0027590700626161347 -0.0050692998541483156 -0.50203486110499096 -0.0012285865904715168 -0.0049652699966499124 0.023535377012325116 0.50423662500007549
0.50424260712113755 0.015752282294332572 -0.50629662966188094 -0.0050295838162479397 2.5495892997397873e-05 -0.0064510604945910129 -0.50313084360949467 -0.0014736241042012002 0.034796720243262511 -0.04245396741120621 -0.48263039643858507
-0.50574121652080595 0.029266745915635398 0.49268443250617838 -0.016677621504216408 0.0048762874633813801 0.0047675198276197839 0.49694340167417678 -0.009769650423440867 -0.038230445910830295 0.075545387665266139 0.49607440555719573
-0.49350997644052885 0.046024267710534097 0.47863999316449818 -0.029850712262529853 -0.0088230175963120647 -0.0055342701561912301 0.5025481004036102 0.0060083106512754348 0.064493257878836127 -0.058847296529940654 -0.513829553873414
-0.49598720763187687 0.0095131679770786258 0.4992469941271116 -0.00074783360395720862 0.0038336635759150953 -0.0035166995871441058 -0.4989707200108891 -0.0054065194268648493 -0.02344802367338928 0.023221714678389353 0.50452050227996492
-0.46426999514708178 -0.0023631846963729224 0.46130301875675034 0.010159366933947582 -0.0054588706004625853 -0.0026973318982050354 -0.47766313212792455 -0.040283967544312911 0.12491881259243626 -0.14286750137702106 -0.55290715831994885
-0.49288171928133662 0.0064122022269802719 -0.50650636340202382 -0.011185440426222751 -0.0017659092880176824 0.0047609433161978579 0.48948707742655645 0.0087618352582887766 -0.010071061454712699 0.041845981930947886 0.50872391136298456
-0.48265873681771782 0.021141844546284809 -0.51744600891698744 -0.0057236922161317746 -0.0050778060512656625 -0.0018995158587059031 0.4924381961372018 -0.0073581212585699957 0.016914890540814506 -0.028688782002962647 -0.50509638922988886
-0.49637121426839076 0.0065763436130869138 -0.49763199897676874 0.0081693156263478919 -0.0014600381644376808 0.001438688646004179 -0.50010337771196645 -0.010133606752011026 -0.016467249285908925 0.02939479761787887 0.5045022506191269
-0.48802390666556411 0.014041540365061838 -0.51479168168603295 0.00047342422171693768 -0.0078908516874775861 -0.0061086034908701507 -0.50695014226884672 0.0023271392917821355 0.033766797153724791 -0.036667284596924726 -0.48686412144770636
0.50353774391508854 0.016275704506770433 -0.0017533484954863668 0.48888560892952826 0.0056221868879566175 0.49373960767127872 -0.0035915358427200074 0.003771062217091828 0.011687927601181376 0.022170578936454695 0.51254946845707972
0.51804163104438761 0.016749759943786025 -0.018992834023249795 0.50047067582963045 0.011540665108306536 0.49144170845799856 -0.012625876893328737 -0.0048117089421210353 0.019411354638940177 -0.023497571488655743 -0.48760747257274778
0.49831160573384847 0.0058637198445057144 0.00075007136404225809 0.50357883262206493 0.0045620247217389677 -0.49639327424755686 -0.00068616048470812173 -0.0020670979781316746 -0.014023002180733173 0.03736422545866204 0.50003438749366569
0.513031179017987 0.013210540575611803 -0.022659074214190868 0.49933359254198673 -0.002231721076657674 -0.49847936096201428 -0.0037194004499209437 -0.008734149112991061 0.018898967699280646 -0.030842558774592028 -0.48671533065193667
0.50226513963362474 0.0066946023682712052 0.010475510561841145 -0.49852476194956019 0.014685228182505171 0.49082903467491534 -0.0015809063367798609 0.011299180089139773 -0.04624988614913058 0.060890227583589404 0.50193883838904751
0.51574480274888812 0.015394392467628007 0.0121660026131517 -0.51212803027484921 -0.018146175224394274 0.48414245234647463 -0.015566424420120349 -0.0045296854855652359 0.0093720627164787327 -0.024585794235130898 -0.4854573655928921
0.5002758062280519 -0.0024703797968690876 -0.00063332253658429823 -0.49080390997320722 -0.00093173516858197417 -0.50539870375273865 0.0025756751670865424 0.0017566581533305392 -0.02006174242216811 0.035009670389861629 0.50175945174802772
0.50605012209436762 0.018831363896588394 -0.010648106081985603 -0.49565905826949319 -0.0073512999978419952 -0.50541256481715013 -0.009055374563775944 -0.0056904243988571811 0.016399540394657297 -0.023188265815383947 -0.49127430813407846
-0.48847371469243894 0.008451063867281082 -0.0071092329288190261 0.50048676414286286 0.0071775596027873513 0.51273765359412349 -0.014776017487861479 -0.0069473257605139728 -0.0034046901465012583 0.029461845071473227 0.49667581002698169
-0.49412302742143033 0.010108488467829378 0.00057260679417741732 0.51570648866480606 0.013611119587344598 0.49720939730593738 0.014111257705724713 -0.0047276918758011035 -0.013676781326630614 -0.01438298505382 -0.49170000130818847
-0.49466260789531291 0.0035851490411520975 -0.0019669077704574543 0.50312650264419112 -0.012753101804293425 -0.49770596553996233 -0.0099986760251046802 -0.0067407429020927521 -0.015290997788949094 0.04240871969349938 0.5020999000907691
-0.49478468053839664 0.020528164694432416 -0.019810743369474512 0.50204347766824464 -0.0063208960786237762 -0.50517348745714019 0.0079115454499542152 -0.016902255392828108 0.0010888042491275902 -0.032665732873184514 -0.49565096064898984
-0.50532584937135083 0.0038337454102872377 -0.0016945456535522468 -0.49436808059885923 -0.0010396158258995248 0.49602367017208698 -0.014042413540646824 -0.025381075924232156 -0.011475149981520192 0.0046654872646683726 0.50318289055729415
-0.49796568718479789 0.022703641099139114 -0.020817102066935166 -0.49929719816937967 -0.0072610867212009635 0.48270849632954604 -0.012322103352888041 -0.0050896958236295396 -0.0047176511981861149 -0.019754618777382257 -0.5178158157004934
-0.49625945041157149 -0.0015803076776979997 -0.0032398423757777424 -0.49202219014968113 0.0036969508616424237 -0.49557225042238456 -0.0041868901575166911 -0.006433627085090301 -0.015963665355154082 0.0045326942635310384 0.51544922151133454
-0.50082345609074719 0.01975158138411898 -0.017338507063407536 -0.4913064652590568 -0.0028334088096284619 -0.506847449764525 -0.013767359959560662 -0.00047437766415048575 0.018055917992653277 -0.03041248636031324 -0.49875846655041978
0.49707873197431618 0.0017791088591527057 -0.0049467394034834319 0.0043148723499476307 0.50339647523133479 -0.011580926940701588 -0.0093190086539267879 0.49462183839859669 -0.021184615038681121 0.020320845915061964 0.50371124650544863
0.51211609843691885 0.015463688551477924 -0.014815694464623323 -0.004814286328859347 0.4997358437635987 -0.0028006204184556666 -0.0082973535803277428 0.49329773673529442 0.026981489711468024 -0.023355000852360714 -0.49277436711896544
0.50294266005145583 0.0091245154133630935 -0.0045713961445260085 -0.0032063228625242501 0.49592351043826494 0.0017730270796855359 -0.0057793294568361285 -0.50090277415458495 -0.015656843161245788 0.029571880741368822 0.49893321321225303
0.50868535495483169 0.01389863014363385 -0.01923982849724843 -0.0031912867247100457 0.49312006871566255 -0.0091013693031429116 -0.0038471111085542071 -0.50148991989572644 0.020600156324007714 -0.025103344843219993 -0.49482720311833917
0.49794351975588969 -0.0027629374190176344 -0.0017886562664924761 0.0082440462558278291 -0.4907698249295856 -0.010153593209236504 -0.00055501567274152282 0.4999709423864282 -0.036554274574083709 0.015706326906149676 0.50937332305084604
0.50717199713224592 0.016743272096397459 -0.0098729494457497693 -0.0092663319534777178 -0.49806716100270987 -0.0079520851863623294 -0.010690535001347088 0.49974672542579862 0.016180237298730134 -0.027181682182986014 -0.49327176541931794
0.50205926020733538 -0.0005645030218549116 0.0014717213085211533 0.0045058402693987096 -0.49820670061739908 -0.0087990909921997797 0.0035607233823964322 -0.49193214216403425 -0.03453390848574027 0.054013639679197901 0.50349418678083768
0.50942906268780985 0.017456859511826794 -0.018609976692302278 -0.00067943965440019581 -0.49854292341898032 -0.0073765649133390801 -0.0006578945300169482 -0.50142856538880964 0.017340758481411797 -0.034892826858496234 -0.48814115252581164
-0.49443434559600502 0.0026685458064637105 0.00705060866070113 0.016540228864144434 0.51690013044499006 -0.0066859470660594377 -0.0017297902261093768 0.48357626565813611 -0.079276177855876512 0.037531792062301984 0.49641864901492921
-0.48533026737558321 0.02469454006852121 -0.022313540024801438 0.0085685977294806589 0.50418596753466471 -0.00033743669752853335 -0.0089321261211465428 0.49629664138923579 0.048937683895049405 -0.035047949589712586 -0.5089758322310951
-0.48907341814368227 0.0094429465701780305 -0.00057065894084871159 -0.0079300725065798577 0.50590493141868798 -0.0057134215177060401 -0.0053426384645581431 -0.50920382118825047 -0.017128410489569007 0.025019340504910548 0.4944147477178209
-0.48079824884079309 0.019300620858929703 -0.016759124266407886 -0.0055723115801337621 0.4946159405859033 -0.0040293759950210638 0.013639838450866838 -0.51460574602020037 0.0033167793106092611 -0.010336225472675405 -0.50829567072618931
-0.49169470620780675 4.7366099558999052e-05 -0.0047767597932686185 0.020167933135166571 -0.50366144402653623 -0.0070047980080567285 0.013766971855119801 0.50711030262245693 -0.022842340210645389 0.018301353510357488 0.49585858135366095
-0.48951629711789002 0.027589188445905723 -0.0061194252193653032 -0.0035496417626592622 -0.51086768257975423 0.00047696107290501864 -0.0083607153673187825 0.48702295459342027 0.054046363843944484 -0.067506754094637453 -0.50382252476784917
-0.48948777631917434 0.014131847493689349 0.00051846191373558254 -0.007015542069618937 -0.50476282108986648 -0.010479026126387904 -0.00077374282124667039 -0.50630071512602248 -0.0051596292164884519 0.03021158263345209 0.4979727213714979
-0.48616813340411424 0.010562014938071103 -0.018651235191390714 -0.0050549461662009318 -0.50910341468557574 -0.00087541042750384924 0.016934559256203671 -0.5083398527772145 0.0041861053725778139 -0.025616904510573604 -0.49456908634316554
0.003382948271039491 0.49862573253744219 0.49693558679279787 0.0015153280049597215 0.50055034411670996 -0.004090551539557433 -0.0040377101193471493 -0.0084508097555648625 -0.019868576317696389 0.017839617198379152 0.50303633040762152
-0.0022174882915052918 0.51600792684063768 0.48441543604233267 -0.0043457979186475558 0.50509790567242041 0.0014997001980854429 0.0030237150522675399 -0.011631596593880489 0.021356634703300015 -0.025741348228565809 -0.49260978307967762
0.0033116982574337059 0.49787908522102503 0.49912432933859968 0.0017822720852978501 -0.49224637695417861 -0.0087765611177628971 -0.0027352202921075812 -0.0026828490277551742 -0.029078620069016486 0.013102453430934266 0.50947201427859112
0.0088643422080796584 0.51996680782394167 0.48118198244712551 0.0031301363799828819 -0.50076039595219168 -0.010683957570607952 -0.0040077792468621067 -0.011806951172813248 0.021584052736407369 -0.024911329434084854 -0.49587600370691309
-0.0019722801093649796 0.49788892854565137 -0.49515719487172899 -0.0036138892787900556 0.49899253162279317 -0.0076592885836148259 -0.006642366623592781 0.00017944393285040336 -0.0049008963537085174 0.020975830804791557 0.5072954250724474
0.012593672968504267 0.51614766240968846 -0.50660008770684117 -0.0073619312201596739 0.49314591569896088 0.0013194950156840653 -0.0072152874351442521 -0.0085258534724891224 0.043443641205706415 -0.047823598562848332 -0.47879151074943599
0.0033595381839120067 0.49802709410993662 -0.49061114717929077 -0.0050409342201736453 -0.49676857187269552 -0.0059907521152285093 -0.007078601429067616 0.0052258219046831065 -0.0073273317237491867 0.023671303862775005 0.51354325907399778
0.0049473625199351187 0.51723838823198554 -0.50807630919363322 -0.0030542272103155107 -0.49689346997949013 0.00049494755637968216 -0.009777418336613301 -0.0054183850572065212 0.043277414391254258 -0.050473286780219145 -0.47205963554778485
0.0046605094014481041 -0.49095384671934761 0.48923788816276564 0.0068094319409226362 0.51189752269692235 -0.0073303071527169167 -0.0084569178478238558 -0.013915539425363365 0.005749184281894369 0.028911762505927648 0.50627621758481256
-0.0049136812194388313 -0.49214208635328555 0.51246604989556654 -0.004435515082784041 0.48379351230943207 0.019722163916937471 0.027389390973602615 -0.0082889966066814758 0.030649592593925291 0.0011477266038807151 -0.50884788412613979
-0.0074701414717456005 -0.49537428424011043 0.4943730881636223 0.0067595383764572532 -0.5100497411308027 -0.016349680497941964 0.0024917826964707757 -0.012286792172141472 0.0045486569672552888 0.020677752869197399 0.49907373140017502
0.0013666373698376236 -0.49954932860271811 0.49514120695646702 -0.012315444344681958 -0.50544001997953547 -0.028994237601264287 0.020393567986290665 -0.01124582442469573 0.005994931270184585 -0.025833340926985388 -0.49757026549180022
0.00084340476290803142 -0.49201213846798147 -0.50950391400005068 -0.0069202073082805472 0.49647351303999759 -0.00042176163037072669 -0.014513021928758611 0.0021759299038822013 -0.0014691597480134813 0.02551625034122584 0.5009256328503936
0.021763907338782074 -0.48021273307246848 -0.51905938261172235 0.0023287845526556677 0.50518278509704106 0.014434287793991571 -0.0075875765628731643 -0.0013853149191289072 0.028915697930634886 -0.034937804552211821 -0.49189403757910499
0.00072867459302980464 -0.49171113509142977 -0.50718866464863566 -0.0064315639221857838 -0.49346059011564558 0.0012893087159092211 -0.008796678140505932 0.0078745614277463856 0.007509433713440955 0.012787041185679884 0.50702427506251635
0.010431617334193647 -0.47813117415758066 -0.51942520636749678 0.0020354385984624459 -0.50368329114509613 -0.0072716801309799135 0.0037509776349374298 0.0054534986285888695 0.017257044272606159 -0.04234037358208282 -0.49557140276149081
0.0026897257590980236 0.50265768726330751 7.360242192697016e-05 0.49603463976006884 0.0022194021569895894 -0.0075020077891605743 -0.004013092859811016 0.49663468710225395 -0.023865619767064042 0.039839820111016007 0.50239182244899627
0.0047578112215995033 0.51965926856052524 -0.018467181789103119 0.49945083959944786 0.0011816444532175749 0.0024679611044469947 -0.0042878989366835528 0.48781895531784919 0.022871960433096517 -0.027882631971469323 -0.49076028338861027
-0.00045376409044282109 0.50113516855181428 -0.0050918283913667815 0.49156296674203775 0.00013156175517446266 0.002695715581192908 -0.012972695285299223 -0.4956910726302971 -0.010562747624086504 0.023278172785505865 0.51055322982541418
0.0086910851496566927 0.5157783214792756 -0.01564252908047295 0.49088699964490479 -0.00019886757329944904 0.00072405550167899742 0.0023488932873372247 -0.50594268915443141 0.034141911011525646 -0.043900588437224317 -0.48332746190207793
0.0060157749204254925 0.49771198537281497 0.0030904698421081525 -0.49513568192871238 0.0066359023329105975 -0.01380272899718823 0.0038808607168236424 0.49732204948486669 -0.031319507379882774 0.019885211657083374 0.50805760485309404
0.010877969195853519 0.51596976744980294 -0.0022356722408192219 -0.49234881294497446 0.0030258308409789052 -0.0085464987620590144 -0.012150821865535217 0.49091977649495866 0.020767505752887303 -0.039742942397296678 -0.49799764913144878
0.0058337189224899246 0.49834055912714742 0.0067415205512910241 -0.50152176103621093 0.0007178008201710784 -0.0071269498832619762 -0.01113312526956178 -0.49534536752384617 -0.01629011119450292 0.022624954747263427 0.50371974887020954
0.012508447726013899 0.51291078425450742 -0.0056998456795979476 -0.50202581067852037 -0.00029263179248024067 -0.0064915770793117934 -0.0016995223192409798 -0.49896668201072797 0.022920110381379956 -0.034082062165735956 -0.48373947589802913
-0.00030289711543490875 -0.48656377406251911 -0.019029833704475037 0.50848614713702622 0.0077491163814826331 0.0032274826154514804 0.0058513639004588352 0.48641575452456887 0.002178319806302528 0.034534738489364891 0.51617140779460324
0.0045873223785852218 -0.50299089380387774 -0.0090355486335216978 0.49827813172548668 -0.0078249159524773643 0.003719650480894645 -0.016383603758439648 0.50181073826738198 -0.0095036404415831579 -0.032151392195930106 -0.49531287456022144
0.0078911125034993087 -0.48877363891246328 -0.0042496565640425515 0.49659551351466458 0.0050502404953317714 0.010225476586582875 -0.0012746148365436461 -0.50335224044078597 -0.0034890425687286652 0.025461078372001459 0.51015418139400259
0.0036930392253060234 -0.44538112773075722 -0.0067125645035311802 0.45039931153095414 -0.0029707409157895865 0.0035403650011150197 -0.031490448549143166 -0.45190853740751658 0.16858510592912762 -0.20272613067927667 -0.56917858195289184
0.005285787974720943 -0.49105557170295666 0.0011959147961773261 -0.49132873522796389 0.0057010436858204389 -0.0040815502863316812 0.0082000200910270007 0.49463765644675534 0.016463185489573783 0.01179875527550598 0.5217643817980141
0.0058429049229111957 -0.45063457319795786 -0.0077023265271615503 -0.46449726635103067 0.0036417809487406267 -0.0055726574523601814 -0.01778276326585981 0.45051855140552327 0.1603050236332314 -0.17921435290479948 -0.56562736127299151
0.01602524753689433 -0.49106284406628065 -0.013839019426701502 -0.49913766502155282 -0.00041988997387274076 0.0043725603956499704 -0.0072312626748861786 -0.49451244902893099 0.0014803529663464949 0.041118050062018408 0.51279968119606012
0.0079835347104118531 -0.48643728708104617 0.0068440032004132368 -0.50447204433482762 0.0078205210307746107 -0.00097023837923440874 -0.00056513260243181546 -0.51164439021100971 0.0098001548023615576 -0.025237236081466594 -0.49618623577790871
0.0058738102319214388 0.50899370215322981 -0.0048172087082217286 -0.0082380278585171655 0.004007782198079372 0.49237505238729518 0.48733786165781801 -0.0057805914633667684 -0.02893672038671025 0.023333187978601799 0.50934978776531281
0.012334246144765242 0.52571320938235944 -0.0106932864167773 -0.0014856609694615676 0.0030121653882010714 0.4958068723017473 0.49205046600608704 -0.0031501354346153572 0.028432368860524564 -0.048342199658425261 -0.48192785166575075
0.0049320874893668621 0.4978688802438011 0.0035046843461446937 -0.010563325430392035 0.0001959002736548906 0.49115947819568379 -0.50474633404633551 0.0019001267199056813 -0.0074901375870266044 0.020158158486446559 0.50547580437988215
0.014393362771278435 0.50792393873686614 -0.005757476066827345 0.00090410109264488019 -0.0020040192369289015 0.4942003503084591 -0.49755573792433705 -0.0097306438198154974 0.032219936247135532 -0.030098260346381064 -0.49792942066158702
0.003784087574642667 0.50040551168199288 -0.0043651089717200598 0.0022075560066569162 -0.00062758475180093155 -0.49750949257242705 0.49869822351997722 -0.0065166382583523403 -0.024883659801201961 0.030340393579233748 0.50175478801257289
0.011598926212307195 0.51702380537936987 -0.023213829319256276 0.0052084109226963595 0.0011057071507892481 -0.50223715759251997 0.49294807167618354 -0.0054601871473581717 0.019223291919406103 -0.041197475388616574 -0.48440486492940005
0.0049524334914644447 0.49251695583087712 0.0028112541548332742 -0.00065822766955745836 0.0027872913430021873 -0.50305623764238105 -0.49700423675569855 0.0020276651909395607 -0.017313529230120462 0.025277619183015312 0.50632479583649392
0.0072441746400169916 0.50724280579753356 -0.011008954625069296 0.0050241268817004586 -0.0026533353786681825 -0.5026979577432823 -0.50125613624778675 -0.0081947061051444899 0.030653287681868511 -0.041975390412104234 -0.48555856215240023
0.0009264692390219617 -0.48340872678580632 -0.0026653160235560591 -0.0033554469274459076 0.0063107197121362096 0.49507758112417305 0.49811376865001111 -0.0081942245892749378 0.0073025861160492533 0.0052836579062995794 0.52238819706541029
0.058439816266762777 -0.48205921024270887 -0.013162234055095076 -0.006677423371577485 -0.0022805781176152198 0.5216307074743024 0.49111312308053379 -0.0068142640434041722 0.073651217206855024 -0.095899762824207618 -0.48582123988955817
-0.00031881859623900756 -0.49189890057252372 -0.0043717683668012368 -0.003689288284141082 0.00091109026117587447 0.49227278903189664 -0.50066575673882618 0.0077698841672236866 0.012634320823922586 0.01683304690515941 0.51429541049402328
0.0078773992210761663 -0.48985660982896634 -0.012193381283168056 0.0064475443538947715 0.016617701173200775 0.50683607865742819 -0.51815279198279551 0.01880952331181875 0.010106543641033519 -0.01141663100828854 -0.48328112387845185
-0.0021844402089841869 -0.48945508021293255 -0.013639963520249808 0.0035610818688139312 -0.0016807635996207353 -0.49480062846010259 0.50977924727594714 0.0036064090164417625 -0.018308144131490688 0.020696062715347595 0.50472599852032818
0.034639097864361437 -0.4908284069956258 -0.019499848086152377 -0.00063803480736263367 0.00061391831759585399 -0.51669405854624517 0.49174339628503072 -0.0066725173453307312 0.044357420405046442 -0.061155211071394523 -0.49292007336377797
0.004225698325931713 -0.49746416903827978 -0.0027318700641435151 0.0046776246609076541 -0.00034338464355391547 -0.50004255531543862 -0.49066631364293323 0.0061984693319342074 -0.007714536029766495 0.021597070407035863 0.51100071016434423
0.0059366794257462805 -0.49634095245920368 0.0010835236905957122 0.011882221795416833 -0.0071867714237839955 -0.51493788229117199 -0.5092031459017472 0.014124470348163491 -0.0040701012949291068 -0.021167831434823502 -0.47781104419826043
-0.0103212120072409 0.01017047525959654 0.49020990141713705 0.00039375187048043911 -0.0024161921136628549 0.49196687211154838 0.005413191011010109 0.49487129726926127 0.016950514092690456 0.054443823518405383 0.51891091426469049
0.011238331093504018 0.020689055188379251 0.48909568946649584 0.029866380027120609 -0.02488075096637719 0.49501534343184911 0.005180782417883386 0.47604119128832084 0.081934772369016542 -0.10102003486725979 -0.51973013778306265
0.013755311282085667 0.0095279773371144353 0.49006142305656653 -0.0037768648710190685 -0.0081313178245992299 0.50176426640862226 -0.0038457579483738781 -0.50140498088855046 0.0077298482097123821 0.039143241800749275 0.50467649040024221
0.01707993826474126 0.025849153360542661 0.4937366660013367 0.00023954721144770841 -0.0028962077420262764 0.49436633281549797 0.022477415487832674 -0.50672062988713795 0.012295565021418131 -0.013301828249716211 -0.5032479852791204
-0.0057767194314403345 -6.2688289670070286e-05 0.48701974801909059 0.0025656044972781665 0.017105572181157169 -0.50879501870467669 0.012503176882861622 0.49130464729801748 0.0013800184772979494 0.084661214879188568 0.50487703947874807
0.0049230143331998651 0.016041349931794478 0.4854443117280634 0.031738573737639143 -0.011282010816286787 -0.49858315557380489 -0.0032160234561463162 0.4833397545667445 0.047079404049055265 -0.060895422330319242 -0.52420424595981974
0.00051046403005753044 0.0026691463315597691 0.49149634626056332 0.0032956247532835146 0.0036640247072660405 -0.50094686070870598 0.0041060882102955942 -0.4978155383821759 -0.0039706436302421712 0.045280751516985907 0.50749249308680999
0.014511916411888591 0.014679798261526248 0.48079433167291435 -0.0012276072330003325 -0.0092892260326475733 -0.50256077763453677 0.022813919236032269 -0.50699569711384984 0.0042976846081192212 -0.018148608397203447 -0.50778207195331693
0.012523750886784596 0.0096388861231002446 -0.49893712891880609 -0.0072905844779916065 0.0044408576696762904 0.49020757163747497 -0.0086421530535181462 0.49934668919590652 9.4049593261371066e-05 0.027877253753357752 0.51013400087843419
0.0073111565654863713 0.021814609669895027 -0.51071973813387228 -0.00032186604262089029 -0.0016382061799066418 0.49234999366491405 -0.0097391973307700743 0.491145180849139 0.031598939092359002 -0.041795089288749608 -0.50215630257880639
0.010668623594428097 0.0069427638619655669 -0.50326088517510847 -0.00043461296214279113 -0.0091647251885563427 0.49808078984827747 -0.0055923790452116606 -0.49159992829020122 -0.010258828136638753 0.03663420710651983 0.50522146903892984
-0.160328215185808 -0.36548998177704856 0.20169797426611005 0.35401395019338727 -0.021122174947934867 0.0347095422121576 0.36079989252453437 -0.20031345376984488 -0.40238541624056234 0.37588269632478921 -0.44670932549013903
0.00036085985581214451 0.0043543713548013551 -0.50096873548452114 0.0021276625341851443 0.0026719705226913334 -0.49949717675638894 -0.0030383920711244939 0.49826011859973524 -0.020090097421741032 0.029183723659902495 0.49997445932857343
0.0079156355964059497 0.017544528698620651 -0.51174584136102041 0.0056322559655180874 0.0049246028286386032 -0.49765913261376321 -0.0029828394004096071 0.49053015770022584 0.024344320925733073 -0.041645299708259406 -0.49706079093805272
0.0056265797450988685 -0.00059810700083767071 -0.49830935666508741 0.0051427987413655502 -0.0022335427406914507 -0.4957283153784694 -0.0010151461192426177 -0.49172099357748578 -0.017204537517246019 0.029314680156666221 0.51276881392887685
0.0030426437870874519 0.0026356662477475283 -0.50890160961503728 -0.0063023701235140226 -0.001402366381664738 -0.5081796242347415 -0.0049547697656723011 -0.50591248785611975 0.032058524269869049 -0.043059803359970041 -0.47313934477009412
0.01803822190092123 0.014511811038466554 -0.0030996205328396721 0.50152991195413366 0.51263809496261681 0.0029941250956682769 0.49097326058648438 -0.0078393135090947166 -0.028824551336584441 0.034753106928841891 0.49189486459882664
0.020711224367127298 0.019931896348167669 -0.019022444955983792 0.48978067408987702 0.49668612688453184 0.00036401614121751689 0.49009419073214555 0.0005460307615148904 0.048882347808976143 -0.068187074073246784 -0.51477955134684283
0.0070147413931808201 0.0032930102066752913 -0.0050943016146118439 0.49698470887770646 0.49371436369860139 -0.0011012107607098927 -0.50863922302702369 -0.0030426822287057645 -0.019536434998549453 0.035464786756425011 0.49880113334223847
0.018129460992159122 0.02167505679318521 -0.0095890020310741651 0.49690478924292575 0.50007373302539626 -0.00034651479114642064 -0.51197017696641944 0.013125560674428712 0.013339964428478384 -0.032465752238298812 -0.48847069034363289
0.011547633907998107 0.0079262157433842018 -0.0053991587572069623 0.50236842353774969 -0.49597954926371113 -0.0057220220416151907 0.50130552893182967 0.00083771243402080389 -0.0080924040750997451 0.032966616132555429 0.49891078226999513
0.022080506839062972 0.02251469802827049 -0.01733707348715061 0.4810240417708454 -0.49565650972785491 0.0049102966858401743 0.49622430664889294 0.0095616736279975981 0.070494602069534937 -0.088880592094332286 -0.51227152309971424
0.0057136877620264995 0.0041579879395523467 -0.0028286210557999501 0.49637027743260392 -0.49633779521093252 0.0070094995045486474 -0.50360907291951218 0.00016058610500903345 -0.019590525109256261 0.031424884792299275 0.50216016895178783
0.01424952211051791 0.022083141220496021 -0.011497202078205598 0.50049623092949946 -0.50767909688445234 -0.0094927326820893419 -0.5043493133161282 0.015228114137624092 0.01390855868686605 -0.02534880373810762 -0.48519718735548278
0.0054655450972651174 0.0073620995708337028 0.0026070389849721727 -0.49656552774088891 0.50061513510344147 -0.011121009560882883 0.49155083140706674 -0.0095067585376187973 -0.0080560584820656873 0.044747794239699164 0.50873642830359245
0.017249900373284555 0.011872832832879723 -0.0027966687047444446 -0.50588041733832734 0.49703666066606994 -0.012600863363180436 0.48887866758856652 -0.0089626698257152838 0.0022889264040187813 -0.021693853763437056 -0.50682925273019219
0.00071774928512849758 0.0012548734611291391 -0.00058988932979741357 -0.49669070260198134 0.49889661856469747 -0.0067092196121895488 -0.50176048653643146 -0.0016232221457233829 -0.020154077454253419 0.043946799334850996 0.50024926762122734
0.012059033319561034 0.025967371780629946 -0.0047655577769444638 -0.49425669913253578 0.50073771690528002 -0.0075436928580517549 -0.50738318249676972 -0.013080307230510638 0.014782578546618625 -0.022911676090686069 -0.49570198089060896
0.0055297381490258318 0.0073381533882145439 0.0026000030744203206 -0.49861635199296267 -0.4890793920463774 0.00039435741517372436 0.4935954723458526 -0.0033673162867175342 0.0014657629787096383 0.067845441044687857 0.51365237106131822
0.017602852565907618 -0.0013168769244481008 -0.016802282757578023 -0.50542600998932696 -0.49959892786925375 -0.012576715926791722 0.49584367536154117 -0.012636979479185351 0.0050309290926398385 -0.053147245570566798 -0.49530070767143952
0.0046289344828703968 -0.0025259237521155333 0.0098749327441552178 -0.49237921921246536 -0.4938597533127389 -0.0090348248394832385 -0.49539728360312346 0.011844831579405406 -0.039386196736636042 0.071007030477943989 0.51118123924553716
0.0080814265351230596 0.022775142438115813 -0.01366348945408781 -0.49153393674768436 -0.50407042445824002 -0.0055631645480472766 -0.5109888494864645 -0.003426490710141158 0.016245349064681107 -0.03079063155475804 -0.49109308731052409
0.48749104547281924 0.49009168449028739 0.0048790294426942745 0.005896771454214223 0.0183028302006909 -0.019331420703862328 0.012930345492119117 0.013012217953344115 0.46592722290087785 0.24966597953960187 0.49156643201648303
0.50128948915957394 0.51704350978434277 -0.0049997998323188225 -0.014332571299194682 -0.022881600805178318 0.031979659647345983 -0.010830698728253754 0.0025373761830255978 -0.42723758629636177 -0.31372175880408742 -0.44555710156918898
0.48478026070951113 0.49312624676946687 0.0036674018996984059 0.0078011785140021193 0.0031901323129060739 -0.033321856428253326 0.016310537360451446 0.021724185451417369 0.49822027001915359 -0.49677837372326439 -0.15770100941646839
0.50178638668430231 0.51061581606109407 -0.0097509133161798687 -0.013097710166291287 -0.030943653209483377 0.01994315119940877 -0.01419223719166833 -0.0010867500868107873 -0.46281581308518155 0.46461986193681315 0.2357696920314965
0.51548253221985019 0.49847013133817719 -0.0070198437952292544 -0.0062568021274096546 -0.016908234603915048 0.027759446530042607 -0.01163434403804336 0.00021617129365857692 0.30103194917970671 0.41921588886199551 -0.46707899278232889
0.48322971543823434 0.49484215862049064 -0.0056066014647686612 0.0048172065569226348 0.021156533248620064 -0.018687534683895932 0.003314723975668911 0.0094426736116287428 -0.22977256644168925 -0.45435637247929428 0.51130570197967007
0.50347896409855986 -0.50121294047223264 -0.0037053458819792948 -0.0001310447005291517 0.0011745940457947364 -0.0034271808891563676 -0.0054191548911472678 0.0020377453401750826 0.47981609068198644 0.25301165745180354 0.44832549524081566
0.51815535943688118 -0.48384388238335485 -0.035302176631402699 0.0065486856186579515 0.0024592563359416035 -0.01854436560976 -0.0037597252539062443 -0.011669528388363035 -0.46663272452905441 -0.27469378155347834 -0.449908839565136
0.50369811258610198 -0.49495136060396228 0.007268250546346367 0.00028726616999232224 -0.006063829890455839 -0.022452063912340389 -0.0036752410958068179 -0.00040134526390303002 0.45883691981247748 -0.50475309420337466 -0.18814067410517063
0.49104291014811879 -0.50715149620164446 0.013546898378509234 0.016826754558921117 0.0012214529518117792 6.7093014229336325e-06 -0.0042932992210984906 -0.027520889888987526 -0.4722417718844425 0.50137663315458125 0.16136734177721074
0.51800973331497369 -0.48914112204737414 -0.011700816555580909 0.01103632574990758 0.0016454257059119336 0.0039261066300028003 0.013500259293761908 -0.013079480912322078 0.26170164947243157 0.41174357540664419 -0.50374218855766217
0.50345423941837208 -0.4938740880663019 -0.01607672867233792 0.00302600788600367 -0.0047846467581755718 -0.016443844441321562 0.0025940410364807083 -0.017780866453608567 -0.23689337458976467 -0.42633719429393191 0.5136696805647748
-0.50074853927004925 0.49983124716114335 -0.0089393648482305448 0.0075269624243297821 -0.0075438607710622821 -0.011421445494607605 -0.00091931035293405167 -0.0078766907709323288 0.42889459800225826 0.27582778840145433 0.48887755694193968
-0.48623951804127502 0.52158161420158389 -0.024882841454974984 -0.013559101466453411 0.0054246837061048166 -0.0046885331924429036 0.0089881092487791095 0.0043709341897198934 -0.43954514659666077 -0.27623672075517758 -0.47017314182095427
-0.50443225120643165 0.49804119514551803 0.0018605381945276524 0.0039181224964959724 0.011558219863378006 -0.019088635194729808 0.0010949183876189103 0.015431230496425119 0.50485030902954953 -0.4634999046728856 -0.16444139465062266
-0.48516045200626284 0.52065050903977406 -0.016349493411655768 -0.021719012394185187 0.013371987790861567 -0.0075338719919948952 0.0070084221769448904 0.012042723730822666 -0.48666888514797058 0.47503175422424088 0.1728348230480195
-0.48445792703635321 0.52379710969421645 -0.01699554352694297 -0.020320877353432302 0.020592962145532072 0.0059978102807568493 0.0063553862256338373 0.0074952390705475174 0.24888914160312184 0.43481308115675449 -0.48853913306670999
-0.5057623445618552 0.4980035820782775 0.0048674767752131141 -0.010412266857664216 -0.002776619405864596 -0.0057978392803218594 -0.0012407366591743443 -0.0018779979051682895 -0.24319436928458826 -0.45078452575914246 0.48339238166769727
-0.48545355221979714 -0.51649372614765277 -0.016418553973033937 -0.0072177858358093826 -0.0080273962373460881 -0.0091512578326150909 -0.018934340965384645 -0.017464258121459866 0.45426613815236633 0.2674038149632621 0.46751812309448421
-0.51422877443186465 -0.46441886050749098 -0.067237172884529642 -0.003833307706534379 -0.012344587697813372 -0.045685487746886758 -0.01190563457889055 -0.038559901412137346 -0.44236596995899247 -0.31056947798304857 -0.46833657030557163
-0.48800868205069553 -0.51248182919604257 -0.018528753798549968 -0.0083301318115672571 0.0036759256847342684 0.011987302878365667 -0.021863359719148004 -0.014019839987305783 0.48266031945163312 -0.48350924114658711 -0.17670103184469277
-0.5163564508593963 -0.46445872227368645 -0.061658278392485166 -0.0061295315278369128 0.034914681777964154 0.0044566369141635998 -0.019533886022613949 -0.036530326442568331 -0.47734516389921255 0.48165158581543871 0.22586103431718163
-0.51671572175517311 -0.46064522710692551 -0.057454535647054696 -0.0036254153069550251 -0.007028604958500221 -0.039348219476832876 -0.0018710821850172852 -0.050226786909377111 0.29360904666468168 0.43079630675530023 -0.49150892707994676
-0.48554119114140054 -0.51716152510822921 -0.020103336621393981 -0.00042955296642221909 -0.0026619873381092019 -0.0031943310834043268 -0.020720116512639816 -0.017839550803048936 -0.24830394357003266 -0.44086809586113207 0.48949462808512545
0.018819117750864159 -0.019300855645122756 0.4971177608266964 0.50961466877585015 -0.021443192311055091 0.0042774326612401202 -0.027195743647931744 8.3175289458375877e-05 0.44927327650744014 0.26782512947505915 0.46652506871352734
-0.0043144533949897737 0.046804895017721122 0.5115942455419682 0.46659811613191543 0.022595410395474271 0.0027179267280798463 -0.045910719584278337 0.0083745249080300517 -0.45183548069041862 -0.30416975493744458 -0.46795064406249864
0.0015015568533486689 -0.00079990967247547951 0.49259862033979285 0.51631169781403474 -0.020145817706605805 -0.01408803749594887 -0.033372268829810439 0.0056510047942909545 0.47661536653712067 -0.47760954460064203 -0.18369235625011163
-0.0043113120037250987 0.047139157504807287 0.50258923340432338 0.47704903284464134 0.038038552390450946 0.012561418975616497 -0.047020124988820904 0.0021646059311738815 -0.48171283254335279 0.48063337226024899 0.22519237374286794
-0.0075498665348106503 0.046511902173789907 0.48970629887990424 0.49380125968566119 0.03053179389026954 0.0020474431638315346 -0.047997911509052103 0.0080836939519385673 0.27918107287289251 0.44009897298497203 -0.48907360763998453
-0.0052223146954560587 0.012543537974028405 0.48338293845276747 0.51908004368075256 -0.005001525619216996 0.032081242718447839 -0.029687440310377452 -0.0018375475165943783 -0.2483442912066052 -0.44189760278977519 0.48767295366595165
-0.019471216907139242 0.0033772188498520411 0.48889955912459726 -0.49509937231530737 0.0062029935370219143 -0.0046326636119354133 -0.0072136567748647155 -0.0044348754408035295 0.46113669412115127 0.25511664247298077 0.48744241006388123
0.038593246778502281 0.0019019196631242139 0.48744462120760185 -0.51700112786515529 -0.010175063296608781 -0.029734566241833914 0.014601592093058641 -0.027314227305891184 -0.43108423775079041 -0.32637811689374657 -0.44644291233559241
-0.011264946588198854 -0.0039177837127706491 0.49120927837667017 -0.49034316418597967 0.016405847702353253 -0.01304170471319384 -0.0061554579080051585 0.0058472873647702371 0.49700407207449004 -0.49625663518794999 -0.15601206415839791
0.03275026431669413 0.00078809971248199355 0.49011553576635958 -0.50827347854077998 0.02599291725111361 0.035202548189305322 0.0086215371841955393 -0.036706855547581289 -0.47059286659210087 0.46684819621573331 0.24006285011936265
0.051629090417937382 -0.0066574291132518752 0.49694862166855458 -0.50744494339248958 -0.030406791168251429 -0.019810198877506371 0.016165352627708102 -0.039564686813093809 0.3045554616532023 0.41711197655477711 -0.47217759614597882
3.0948288138616837e-05 -0.01027278070283621 0.49929901422201711 -0.48007008089201425 -0.0094382117030395851 0.0018637254576518412 -0.0045742209697288401 -0.0052476617834582356 -0.23101846987104269 -0.45158271052641841 0.51253310938488694
-0.0030997220317649913 -0.0039098721081025946 -0.49944341967807865 0.49388766318159449 -0.0028159217079323021 0.0074100605287533861 -0.010662494947121881 -0.018398570511576097 0.4581367479722756 0.26186784423927201 0.47710299624306135
0.015242656601310233 0.036354642534465707 -0.48942495662731278 0.51060613400413979 0.018018277363910172 0.024988716373984466 -0.0095224165304300772 -0.021955023412854276 -0.43750933431391359 -0.30343407912154952 -0.46171651195799612
-0.0070932997198739009 -0.0011011567777272793 -0.49936479447338111 0.49663064446556621 -0.011604361381431524 -0.0048157772187026483 0.00023005950586194124 0.0023772548425386635 0.48940629614405678 -0.48432862752975236 -0.17229329133648111
0.026843466955879726 0.011384282679577192 -0.5181178595288547 0.49140332345538834 -0.0077277550121930003 -0.010083530913892238 -0.0051050337591094135 -0.023884738867859325 -0.46804204346580669 0.4770756312676912 0.20446034678904215
0.026401242004145942 0.014740694491138 -0.50450992975478803 0.50084335456966211 0.01449313185228533 0.012549368386274202 -0.010889254404322401 -0.014601051179626016 0.27453817804711356 0.4329024097581296 -0.47982949018807225
-0.0027956771556086795 -0.0053409837305499778 -0.50470930945836123 0.49828982972144559 -0.0011864686674483899 -0.0048663212255449792 0.010514134278505199 0.0074439979537982435 -0.23940949585960936 -0.43959586866259842 0.49617228182956791
0.0083612960158101889 -0.0045154900359443296 -0.50016191818338596 -0.49491779340042275 0.010830026369303304 -0.018526468900064999 0.013979336192216559 0.012561549909460156 0.455286747405378 0.26637190272571548 0.47513196654317996
0.026129660534447086 0.014950202491299485 -0.49985587859945851 -0.51942331324775515 -0.0044648465729095841 0.014720935282721795 -0.0077923334886709347 -0.013316367124498832 -0.43662913818839921 -0.27798239689437937 -0.45939454762405751
0.0025250126162303377 0.0033132332828674821 -0.49778445393832105 -0.49754552312834566 0.011344792178333446 -0.016355281873335514 0.022413907049162435 0.028236364749763859 0.48588238922369226 -0.48608819547636811 -0.1748783337390831
0.01565984570723928 0.019743425208539698 -0.50944213582019371 -0.51344233756058533 -0.016222964863846716 -0.00081508460766299077 -0.0050851092144233835 -0.012680946547330482 -0.46950722763213476 0.46816403892669156 0.19011976438241646
0.02655331507757255 0.010333212525116382 -0.48928040734287642 -0.52388566938612902 0.011539384422517384 0.016307945621149445 -0.012020387361556027 -0.0078930859014332503 0.26623952884735408 0.42667548639142633 -0.48145122304415694
0.0005811499170702871 -0.0040230758960563395 -0.50308050882386246 -0.49540939436477593 0.0080666945223203512 -0.015808634453584432 0.012847744579200107 0.012677230107469403 -0.24169605669746203 -0.4442552774490876 0.49501769078439617
-0.0071567770452893986 0.0026023547989152047 -0.010536955234865523 -0.0074868734192652282 0.50109506147447369 0.4904906484253721 -0.0051838678100935131 -0.013568690473556909 0.42029317923112758 0.28727358864076247 0.4987124799725467
0.0038941272991379703 -0.039358309973261195 0.0081688207337139041 -0.023319482389091577 0.49970046180664102 0.49666770283853662 0.0086314655979465981 -0.021186606870667792 -0.45046917935589864 -0.24470073924200433 -0.48797701267647003
0.002493886730950043 0.010434270735398848 -0.013372868930274237 0.0052333689450789929 0.49339892456030282 0.4837684894873589 -0.012014785507491259 0.0017624973781464822 0.50716307943682459 -0.50763921770402054 -0.08452696970976746
0.016158912001829569 0.025214296204891243 -0.046611548192389295 -0.0060263314905885995 0.49988056053126495 0.48953627473164002 -0.017955030340304174 0.012332123699756285 -0.49273391935496258 0.48335088857348196 0.17458114302912356
-0.015880449357941518 -0.0051527118069651465 -0.011634298350100375 -0.0040050207124612148 0.51244443177621712 0.49333703286019809 0.0053967528112416792 -0.020564878888401021 0.25061698847446212 0.45254583143569027 -0.47490051221706897
0.0020855316070390131 -0.017547742550264662 -0.0087580511633348363 -0.0045974585201269654 0.50491575146360135 0.47938531724307348 0.0011213818171390557 -0.0093685862200868254 -0.2820220606583313 -0.42302040000451607 0.5062291569211429
-0.0099721316775278988 -0.0077571782739387155 -0.016316422974735956 0.0099109250249273112 0.52015548714017878 -0.49823925741439362 -0.010098100648236167 -0.0029086940963950706 0.43709636868991569 0.27742275449533382 0.46102580174961122
0.01392754462194944 0.0070777066729888569 0.0016578143747762637 -0.014315532921025676 0.50177910470166054 -0.50087208669024019 -0.0012175947437302731 0.0081969104927543009 -0.45249269268348663 -0.26106015264529003 -0.47320441406160269
-0.0024894250947622358 -0.011357432724735309 -0.008990942360072111 -0.0020403632059477583 0.49900558372392029 -0.52204045835277946 -0.011782175563137747 0.0029240158481649691 0.47126798975272127 -0.47010099129385402 -0.18711271710527796
0.018814928679449731 0.0019651910071626301 0.0058323381336573138 -0.026610340504205007 0.49305310113765993 -0.50287331009794534 -0.00036283862884677254 -0.0010303995710475309 -0.48633605362922794 0.48498517307514977 0.17658571574557946
0.015957784342337279 0.0044358258677622683 0.013550500458555324 -0.031290022018623916 0.49788466721542568 -0.50175680345523388 -0.0026825498094887254 0.0057823157647726919 0.24396108494649876 0.44208546470465737 -0.4938792960277158
-0.0017485137135760183 -0.019215759046219954 -0.014017101700600184 0.00022965036560334735 0.50756526190960038 -0.51007945406476629 -0.0065186305957360587 -0.0063360026358334817 -0.25762692980655327 -0.42729262547016011 0.48228037556109021
-0.037800630518483952 -0.02645154659462497 0.018548178322103381 0.022436796533349641 -0.52525936196956891 0.50550639449590407 0.032173107699747676 -0.0019667571891839142 0.427630990945571 0.29773837690489796 0.43935690338553662
0.00030980556765312282 -0.026546397455249372 0.020362457163001418 -0.012332355090958147 -0.48998337685038601 0.48546193377098718 0.012400498878462009 -0.025037608074035711 -0.46559382954022321 -0.24820722666799649 -0.49376753818150876
-0.039085321113514197 -0.014232844376092171 0.027965621219753326 0.032032580637477111 -0.5162986151748451 0.51321819253888956 0.009316276800244782 0.024076613880882516 0.45645346489726191 -0.4597048325694984 -0.21484797737869102
-0.028569221460191852 0.0037733013422908755 -0.0040321567868878668 -0.011103453698156272 -0.48770218266721327 0.49423375294595673 -0.017564866802139222 -0.00061528420111080673 -0.49643945633291892 0.49590725675854713 0.15564238192090288
-0.0085786379949689111 -0.015194125808054876 0.011624495178345294 0.0032390653610833999 -0.47540599229404668 0.4994546651974377 -0.021821163622095088 0.010602382621624886 0.23006591661625497 0.45362997572431196 -0.5145726872063352
-0.039726331066887006 -0.024709707075939561 0.010793296551234831 0.013364488604766011 -0.50313617846842251 0.5282702367280675 0.0052622740564848298 0.026701922696046029 -0.27915651768336125 -0.41848977534614518 0.45988906211744129
0.0031019399697957833 -0.0054633657303955847 0.0045288592226453844 0.0072529456883729309 -0.49605137417733064 -0.50213050126193348 -0.0012248295421795653 0.001457229446221062 0.48895061591793165 0.24076410645396845 0.45237343446245315
0.027948778925251678 0.023592529076851519 0.0029267942455462647 0.015153601187135582 -0.49159165592583348 -0.50492893489330637 0.0034699198267852172 -0.021231055382471529 -0.4607479650691747 -0.27238946959715304 -0.463530976944796
-0.023441986607113149 -0.010360931643581149 -0.0018791762772046449 -0.0058335503497632946 -0.48960594842270383 -0.5026821765118914 0.00023379928325738115 0.0060193992150171238 0.47734092970749148 -0.47514698926252036 -0.23075288735860422
-0.015652951955535059 0.0097614664424811818 0.0045807948036143149 -0.00013876651843599706 -0.49727221125726484 -0.49535838965746853 -0.002310777507348497 -0.013766568893145474 -0.48842964603559047 0.49120017515574055 0.16414359666706368
0.035407235328892131 0.0079742265073834383 0.0055476440560590879 0.031354282699903813 -0.4947254542072968 -0.49712300041851593 0.00177559266828319 -0.014112920191498003 0.25564148461746627 0.4526263533263632 -0.48513792655847066
-0.007751748943983572 0.006166543208800882 -0.010101564487824224 0.00056731786220507493 -0.49166196286945157 -0.5042800849699921 0.00036915963498578128 0.0061796986338726548 -0.1979608890213185 -0.47075721027383366 0.49287974323111106
0.017806757057259353 -0.01095451624733324 -0.032365039768999633 0.013537065360756551 -0.039876471533473859 0.0049809437079572656 0.50446026597802796 0.51964232081664696 0.43261628008918795 0.29252455497499685 0.44663347910900969
-0.028757072331894902 -0.021253607469010716 0.0070126992267236371 0.031405933808607865 0.00063419042248296482 -0.0052964862151011378 0.51798998424214382 0.46482152276247646 -0.47182017104166052 -0.24346859665606146 -0.48103372668664285
0.017569541193967912 -0.01435612363552752 -0.0064501091945055357 0.011831811524593687 -0.02506741931975006 0.004858772904360667 0.51163398602590904 0.52854270665520864 0.45263586058041805 -0.45614667971303768 -0.2111300309443295
-0.0050454214221464276 -0.032135258622052576 0.00017385047804565151 0.02718720808295132 -0.00032583488020871684 0.00096724231459931556 0.51130541133776852 0.46414642394220995 -0.49417602495923685 0.49600806600035729 0.17635923831490796
-0.017882095488311042 -0.036576363147174884 0.0027602571799327106 0.037791114225810329 0.018868668270293962 0.010246635046398668 0.48760303788612047 0.4955344044307074 0.22389288666306448 0.45867754270252648 -0.50261457540093268
0.011126903433519946 0.0029740534023305824 -0.028620216229873267 0.0054125734781196345 -0.022964485532653872 0.024188735222224686 0.52705940200760348 0.4974285669281327 -0.27423609940553806 -0.42102472470201285 0.46926796430382084
0.0081881460100372717 -0.01752747530193903 -0.0029089786361220752 -0.0033911340729441677 0.0061325394329088826 -0.02084988535302261 0.49939010363536468 -0.49273366590491013 0.46432977053375074 0.2514323064523224 0.47763602513988562
0.015112030425759969 0.042795528546015676 -0.025199754423404254 -0.013362708403056946 0.014457924743659463 -0.012056031407768451 0.47799936265580745 -0.5229923265918478 -0.43628564962632249 -0.31249831566822384 -0.45471691243471851
-0.0011497266146572164 -0.0088588221216336239 -0.0045526503447888816 -0.0028537024268645715 -0.0086367489310955614 0.0046142267381121121 0.48550206104260185 -0.49785415997924271 0.4936961797102028 -0.49184709477902755 -0.17485693079734102
0.0073224721620300283 0.048273094259710776 -0.031702321262843322 -0.012756118371597701 0.039297692475485695 0.011018574721680274 0.48524449101239037 -0.51786977385833521 -0.46439753614774898 0.47157669470095404 0.23039454663845155
0.0089073921433480089 0.041168199605409544 -0.030982445518379115 -0.0073007288786952913 0.009506801082930158 -0.011783182118942121 0.49213405619604528 -0.50741692852042841 0.29284145177433735 0.42644150226635258 -0.47927764723253335
-0.0099916579423930639 0.0037370492236731665 -0.0091235495988685206 0.00098104548039783918 0.008996777684627812 -0.021036212263857414 0.50123599236117045 -0.48824571039220316 -0.22836268551757299 -0.45504603457595438 0.50044053784366305
-0.01517763051131105 0.0027576668751036035 -0.0090862058090355052 0.0021788815238277396 0.015760225691417242 -0.0061335916243318214 -0.49607833123708245 0.49300161355451155 0.45132886966572699 0.25814730219067544 0.48980265676323514
0.029554206199530905 -0.00046985907984315969 -0.042852946583840673 -0.0044442934646752282 -0.012775420979320376 -0.029560278099435407 -0.50565528721899711 0.49179636848268354 -0.43859485427631051 -0.30942508826602561 -0.45888224081909124
-0.003126145540367292 -0.0032136595607270297 -0.012000934357045847 0.0012336457172974461 -0.0039060473526928955 -0.0077776654485196203 -0.50178552698421364 0.49742101893430168 0.48644751489219029 -0.48848295537340125 -0.15904539732339176
0.029231209019298026 -0.013401076222610551 -0.043617997349190821 -0.0022428127980285619 -0.0060298406725153037 -0.018481173859885156 -0.50087939242450852 0.49052849219930295 -0.47385137653732473 0.48031078371583735 0.22349168103682046
0.045333135823308744 -0.016219075762173629 -0.037053872527157208 -0.00098304319709133789 -0.007486715548235978 -0.029008295607575542 -0.49738210766702623 0.50423442796242701 0.29661824782122914 0.4302461267668754 -0.46976049908711959
-0.015414071513310815 0.0019807729082826717 -0.015580654420700292 0.0031074401122821891 -0.0089238377527235384 0.018797910975176274 -0.50016871067827207 0.49130071023282645 -0.24907671300403189 -0.44065640476137452 0.50130895722060875
-0.011363846866563816 0.012513240680573721 0.0087090713496645999 0.0049358341305243405 0.020366565360563804 -0.014550005439041539 -0.51337191553752681 -0.49657203897693331 0.44559798729325018 0.26911528417417135 0.46676809633322702
0.027105845281399428 0.010441777726748386 -0.013160638635798347 -0.013237597511569809 0.010111944663986492 0.0068404028100635846 -0.51077194009629756 -0.49685589463792701 -0.44453162931235396 -0.27141229290860375 -0.46864912938105596
-0.020657869636359572 0.025631562358987229 0.0082446969762272008 -0.00089101268470575406 0.0057340427965101842 -0.033143795331236632 -0.51369283257591214 -0.49099303078105266 0.47928556559838503 -0.4777215967585034 -0.18662544352165225
0.018334491529266219 0.015857779209726697 -0.0084203727645608788 -0.017044389413561262 -0.0041124641730300622 -0.00414273030629384 -0.50153278808089796 -0.51058421033333667 -0.47804460523921388 0.47512364321736544 0.18032302817605989
0.018987121513242187 0.016841076598765371 -0.0023541783737279455 -0.019848879622696963 0.010505426815315565 0.0075996248250563151 -0.49596712020060701 -0.5123433016648028 0.25081076961318116 0.43471832287673323 -0.48828590334751637
-0.014633089599636726 0.017140802812073315 0.0037589238377853033 0.00081197317323248523 0.022008920646976609 -0.012424928361388164 -0.50938628844788303 -0.50054696404087806 -0.24834047285832395 -0.43677008219986041 0.48618489907896661
0.17659222560768667 0.10893097817774056 -0.12115486799169141 -0.19506478827823653 -0.21238854235767626 0.20784699910472984 -0.16645980485146883 -0.16663112314808382 0.48888403289560101 -0.46336117330363069 0.55382778356093854
0.026835987587118068 -0.02692772150441956 0.0011249396464368207 0.0025798469865248737 -0.032464663123376647 -0.033927791576171172 0.0015113579427522563 -0.0076869272238910416 -0.014528755153913006 0.73025308121057331 0.68029386054508623
0.038261263874015225 0.05807616193501608 -0.055527936582605179 0.00067492608455365667 -0.0071519134517875269 -0.028605083552119163 -0.0020138349008589343 -0.030446385273327447 -0.15271073305920418 0.12345199419787184 -0.97556036532556145
0.040951697889195747 0.05408865637630382 -0.059101128988788734 0.0025344567562488492 0.0053431215092471706 -0.010940768792920497 -0.021604871355066137 -0.012010224136452538 -0.95152245155735293 0.16690466324955239 -0.24059634457139703
-0.0092914316089272794 0.012518921436037229 0.0030527487366516374 0.00077786966631800017 0.012506001760087999 0.0058529159269583618 -0.00068572901226182583 -0.0045499954352400274 0.72930559643289261 0.68383152713977891 -0.004793919314965059
-0.20841371345414925 -0.12922410750723057 0.17779822716542007 0.16285742814825471 0.17868572852452649 -0.16244230092861248 0.20960268417845843 0.18869835669126125 0.47904981163609289 -0.45791290562163062 0.55199701601679085
-0.29820924125474696 -0.24767710345609487 0.33376977443692679 -0.2257610201458721 -0.011531177515563821 0.036979085569233509 -0.16617907395120052 0.36133562170465205 -0.3992070886789984 0.38527248331929193 -0.46890988185141841
0.009771584713710816 -0.0074260622297220415 -0.007028619924196209 0.0050312550233635621 -0.0081853323599997939 -0.014311365125607555 -0.00095072615419809704 -0.0046935215728689085 -0.6738195263180593 -0.7376364437882218 0.036600950700613012
0.011006843546828727 -0.0093600976924083108 0.0030692410731924993 -7.4974040327554465e-05 0.044198200340010423 0.037506485622270082 -0.0064734507119803024 0.011136296245814546 0.75406320842693197 -0.063944968554820847 -0.65081133269376346
-0.021450736882757317 0.0219079470066641 0.0030788665087517595 -0.00026801953599346303 0.04353668767293542 0.03344287456952625 -0.0050963459199548471 0.0094852844448154901 0.052645563493289277 -0.77226286310934222 -0.62988813213346573
0.032560613700337013 0.062156381883751374 -0.053240184585188866 -0.0050853464255909125 0.013054501336149136 -0.0040753299204510166 -0.0045885725151071097 -0.027413192469741776 -0.18642630005785829 0.94170744836442055 -0.26398629230918369
-0.0096298116540731692 0.0085757579720127392 -0.0046520331741533444 0.00066301276548145485 -0.036039173790161062 -0.034718397214429139 0.0040227536537144849 -0.011188743217827531 -0.70843505456111211 0.026261566388923269 0.70327532732888987
0.015311175048663309 0.014661386419286175 -0.5111107537562638 -0.022417750007553142 -0.0028729185826735907 0.48981492393849174 -0.0091141422308527106 -0.50188622590716503 0.025294826254134078 -0.045204799329049507 -0.49318433339938395
