0.99961559573090919 0.0013083818470353485 0.0075909424565015812 -0.018399628776158618 -0.014970165524788581 0.0025520542920425934 -0.003802905544687739 -0.0055514160669950961 0.0065236277356977897 0.0068078116072193724 0.0024447896454015705
-0.99983113350143704 -0.00367929023211106 0.011258592271810685 0.0017252059085948986 0.0003860535701234262 -0.0031180472807434312 -0.0089422572935492443 0.001178389253631092 0.00066619581349513591 0.0033670738836663956 -0.0095619162780529281
-0.0097059027436358861 0.99971496397111259 0.0051411585711962889 -0.0096663667302007948 0.0044403296604990945 -0.0020979393822166937 -0.0097093865107727179 0.011725713297380024 0.0063641299270328746 -0.0055985723195395472 -0.0053091929059338756
-0.0093900627793663607 -0.99961383480995059 -0.0082967437487700049 -0.0033858529082248746 0.0007433788144327973 0.015522739211590945 0.0055984300619097774 -0.0015764616283312825 0.0059752489506696349 0.004736846098836448 0.01643870477538828
0.0032889111196576825 -0.0055899288167711959 0.99955096301455604 0.0048516098951478358 0.0084656932540233959 0.005938397866030086 -0.018986395766851218 0.0084435015335275719 0.015361693866646009 0.0075880797173913843 -3.0190565981545634e-05
-0.007230412410586951 0.0066059972388507072 -0.9997295045685417 -0.0015829263030069359 -0.011874185760587585 0.009757551115946771 0.0004332852189789521 -0.010023738511354751 -0.00037305962699278025 0.0044287539253949054 0.0092667027799167873
0.0013966189039597383 0.0029303769971410409 -0.0020106226099063451 0.99945869002112575 -0.0046148768117002135 0.01946922629940008 -0.0030055143561228629 0.025309237322497916 -0.003758707465556213 -0.0009837210032495828 0.0016470046654027742
-0.0078751373215516073 -0.0055608717162588259 -0.0094313575616985883 -0.99973228789269808 0.0078087629982574822 -0.00035119559998182583 -0.00086185829015535771 -0.0014887975518293581 0.015883076613104161 0.0021612310772334601 0.0056972343338276069
-0.0031603966643852458 0.0061715196311219076 -0.0030755621989535251 -0.0052270150116176372 0.99983497284796341 0.012471009164412626 0.0056326838795401866 0.0013411634089045201 -0.0019447072101541145 0.002327226170289398 -0.0068498726536547665
0.0050398583339884111 0.00044930464281556259 0.0038953433493383277 -0.0051041252859075998 -0.99969388591798303 0.00292189436295559 0.004445206620493994 0.0025749051982751673 -0.016033986423604516 -0.0098227770106192516 -0.012522119732320857
-0.0064255015440413382 0.0051508845168770538 0.00038152795567643468 0.0024895571026140851 -0.01232675009547473 0.99981083972894902 0.0068882810619710529 0.00092151552555880007 0.0071648428438114741 -0.0026131529838562067 -0.0067611171180934756
-0.010910831679388727 -0.015855841065416435 -0.00062023461651753418 -0.0040307955073167921 -0.010733888667602708 -0.99918028489024047 -0.018883238791653278 0.016549636853306172 -0.0060529190350758835 -0.00078248916647500125 0.021650373394488106
0.012605306769273255 -0.0091798580904266167 0.0034498636504229794 -0.00057053976193962316 0.0026567582576376499 -0.0043696791308408004 0.99974793907063986 0.0056809247774200645 0.0098138527618693953 0.0012511959663832799 0.0096106780209942854
-0.0083675872006220616 -0.0048187753859562244 -0.010257571147305593 0.0029488557408714551 -0.0015409519414096252 0.014765305288974784 -0.99974613783126909 -0.0044064442354642009 -0.00097002746725207247 0.001057935885868537 0.0076579082046026991
-0.0058666928767436496 0.0031293741646732237 -0.012893104082578944 -0.0096435744765029502 0.0020712661511252139 -0.00097260561114594221 -0.0070209678099500926 0.9996805766462199 0.0081178368387800903 -0.0014089247417221566 0.0145906993917245
-0.0075068514114612342 -0.0023673176771654442 0.00036765808420879384 -0.0079782426740738349 0.0014021309006893902 0.0070900518656441145 -0.0094773566617263709 -0.99972853651516935 0.010957293836808307 0.0054585988262019743 -0.011189059492228585
0.50106035369501956 0.49460748364554336 0.49459698224550491 0.50739924650792489 -0.0089419193600957323 0.0054960002172657176 0.0083847076283232441 0.030993305263419663 -0.017587818998744235 0.017140766715907099 0.021854047211875092
0.49389578361518349 0.4748350739169358 0.50629414063901401 -0.52344436883893375 0.011767081049419197 0.0018409804405864144 -0.0049570212154148065 -0.0014464517030987349 -0.0071830242511208139 -0.0053622612582342509 -0.0046878588283941819
0.51537046451867929 0.49965449765006298 -0.49392300437856579 0.49012059380343337 -0.0058492045815350269 0.016769211596037548 -0.0017338055376124157 0.014065500452939864 0.0047283969078706712 0.0044916746157382687 -0.0013189543926290766
0.49886762274039281 0.49161265812807131 -0.51166401164694153 -0.49650902885821452 0.020378399173948767 0.0031758427537266097 -0.018769356245775002 -0.013242198656601327 0.0081215026592156101 -0.0028841825398529088 0.0099762615059310264
0.4872586055251738 -0.50920786069953883 0.50036171079834713 0.50060322178750294 0.013016600131869106 0.027213208827751512 -0.029943585932717433 0.0020903912138997348 -0.0039201100973925559 -0.0092070999172832423 0.020245048942642577
0.49353134143205235 -0.51246815734099205 0.49306122246510303 -0.49963802381814498 0.0079380762228458256 0.01660017143638293 -0.019133180934058119 0.0077971390345952379 -0.015780717487090486 -0.0030396137540405202 -0.0056529426253995726
0.49934070915713924 -0.49992666511151967 -0.49477419686282526 0.50455672160732479 0.0064584828459656558 0.025083900813772583 -0.016177331003561182 -0.011513385321327625 -0.0064034550125341505 -0.011141243374174678 0.011085341124723598
0.4911785362989054 -0.50785066956709335 -0.50280970116325263 -0.49753717754068733 -0.0055370321378416625 0.0050039406564976957 0.0070380178891528145 -0.0024734778324669087 0.0089661829279994113 0.013621048484570011 0.009655513812551305
-0.50737989188016575 0.49795285739444167 0.49815566968923847 0.49491888835720765 -0.024034360236212221 -0.012519447794561038 0.0096183018673579885 0.011036441459353931 0.011399763003131384 0.020546060542855647 0.0020056958428600769
-0.50166531918945367 0.48597289500391522 0.50793581226050211 -0.50400938801939255 0.00021170334895884599 0.0001832836429450764 -0.00052754109003454652 -0.004113040407289591 -0.0027466363574200291 0.0057686782162568329 -0.0089389475779207937
-0.51056661279959148 0.50779859821017881 -0.48890761529278137 0.4913442725450326 -0.01924534159355324 0.0034371644466934018 -0.0099944468814434344 0.014994524303660642 -0.005772650528752689 0.00045557985731118191 -0.0164928484158792
-0.49707950457122707 0.50186945504680036 -0.49580012295492648 -0.5045251034972178 0.010943306289254896 -0.0098309814743988803 -0.012090096658316516 0.0065910942823312535 0.0041257345226307267 0.012251738655149599 0.010125727109228315
-0.50397191559187704 -0.4971395690757312 0.49302455319861382 0.50482229871951323 -0.0082316859855663272 0.0017571472755197248 0.011444297149187635 0.01423711151826133 0.015334752614227325 0.0091320031820251672 0.014924147899044225
-0.50518920594821015 -0.50966662667254137 0.49830799649260321 -0.48601529749326805 0.0054861718839317496 0.0055796475434632458 -0.0060065909185392143 0.014712307844126131 -0.0044210779997472683 -0.0015045045083104879 0.012903330345273838
-0.5152532804959532 -0.4940317514031824 -0.50247647578999299 0.4869389292207047 -0.01554090634050747 0.016646847953225352 0.008793557385032345 -0.014098520443270323 -0.0044721993735287388 -0.002847585152818521 0.0056315606584751493
-0.50387389532235138 -0.49414528242365813 -0.50126316774997837 -0.50010544824754322 0.001610924193895953 -0.0024060431894039149 0.0023368472505193422 0.0033574034715336187 0.018600929386941613 0.010043879356437043 0.0094511132248558463
0.49335651565269789 0.4825761563985565 -0.010043255413845525 -0.010747756787136921 0.50406783048079817 0.51900199183175877 -0.0012328290106578624 -0.0066462955237051799 0.00086907612968882217 0.0023718429760285283 0.0019238472990761894
0.49725989272302401 0.48480308337134448 -0.017697484400701867 0.0013830117947314122 0.51150543882781563 -0.50347458078310314 -0.024780985484073401 -0.0052017479335895985 0.011325511355688473 -0.0020869273636179423 0.038538427905317175
0.50205326586233223 0.49088186863746758 -0.0093480223693492136 -0.023850279736893 -0.50766866891316997 0.49742941076704145 0.024743871013595521 0.002162812592490146 0.011315625379061381 -0.020295997209394723 -0.00094022901557742021
0.50326918792140496 0.49360609024065588 0.015443429675024385 -0.013169126531103624 -0.50276606222316567 -0.49901009315650741 0.010852438819475552 0.023169463414496931 0.0054752452513645621 0.013808335683729678 -0.0010919930980020454
0.48729163615366927 -0.50513358137852138 -0.0030981134049996393 -0.003586758063604238 0.48670001844241095 0.5198201087459815 -0.0041244056235894026 -0.012555391613719658 0.0076599183897086264 0.0031904707956507128 0.0055774291414365388
0.49967667045245934 -0.50199103291025804 0.001336430589202547 -0.023078877767541504 0.51929196319351634 -0.47653200259398382 -0.0073580955389281428 -0.0095721440217372711 0.013500244252295046 0.007737264027393523 0.025671488917957268
0.49527354497224857 -0.50091088451215682 -0.011727897699661351 -0.0068032668262089932 -0.50038277934624742 0.50240131089712403 0.011620324097804785 -0.00045378915023440431 0.0025626206622604776 -0.025558709644148636 -0.0048495181638078871
0.5023216004239498 -0.50558575312171572 -0.0062886793837503814 -0.0070286552257758034 -0.50041237064059363 -0.49040017123533841 -0.0093037737253557837 0.030651459486306001 0.0014987847917664566 4.8518811510783321e-05 0.0058238289214403065
-0.50030562331757211 0.50083978496475978 -0.0027603858403694973 -0.010562626783346747 0.50103481383867987 0.49747188966125144 -0.0031220778876224864 0.0044813749771375018 0.0075939488197982663 0.0064950746899385368 -0.0095265120213165102
-0.51152919770783822 0.50396889344321383 0.00082404716419008672 0.012829534580479123 0.48994515827568663 -0.49384512500401767 0.0076167260023632345 0.013711128072108612 0.00058402689342165325 0.0024584468862135344 0.0025096051853904567
-0.50424476458075451 0.49340238369158718 0.023184961405392224 -0.014677479099339927 -0.50585082220771149 0.49522398133275142 -0.0088192736219482419 0.014040330282247883 0.0044999309491119462 0.0033861752036080123 -0.0099931123424814323
-0.48455630875829547 0.50757582574435567 0.014913742917168802 -0.024241800304254553 -0.49598365007017148 -0.50977421497926811 -0.01664138338392632 0.002361904847644117 -0.0080841061918764737 -0.0061916930501077277 -0.022497659585664312
-0.50766237395140623 -0.49424904783993551 -0.014090538992999764 -0.0030927298032519396 0.49570034623872405 0.50197467943046481 -0.0045928414832117192 -0.0027515454307274223 0.0075192793904459345 -0.0024216741722331127 0.00045077997541612233
-0.50237617612672736 -0.5145053976633428 -0.0093435867614357695 0.0047326734747475535 0.49659183508254195 -0.48552037383625818 0.0011667940345498179 0.016603089667831247 0.013306461719781598 -0.00059963417028730784 -0.0021778575629083164
-0.49934714516726997 -0.49409226690963692 0.00344316343072477 -0.007867756491980812 -0.50105676406175215 0.50524673758726479 -0.0010971219017420159 0.0028394460761175973 0.0020526042604914483 0.010129125534522171 0.0018106002667982917
-0.50877275480280815 -0.50803892822317753 -0.0024957182716983215 -0.0051834531614575957 -0.49079087959425505 -0.49162537733277428 -0.00027886308492672273 0.011195276398246247 -0.014869647551153314 0.0081926617688945404 -0.0053663162350559568
0.50014366764155715 0.48973789248577337 -0.0093500896910743651 -0.013348104372285376 0.0072383923836362198 -0.0065475744142837458 0.49338363169544081 0.51585140932728346 0.0065435687573390383 0.0062091766423327168 -0.0063867489762284334
0.50787121194015827 0.48922871114040734 -0.0024023984865449216 0.006038314894958592 -0.0070627786962666325 0.0014884181380649395 0.50659270508233456 -0.49548624665359664 0.020606588255020788 0.0069292862588259075 0.0035118839005586289
0.48731353917152137 0.49604491824200636 -0.0088357734130222448 0.0016048836614055394 0.013534511800604672 -0.0046046500258021244 -0.51232881470744429 0.50279748715657746 0.017221634736405731 -0.021930832585968205 0.010781821742282477
0.4814161722478606 0.49739461000545193 0.0018821146942023896 -0.0037821177952471171 0.0063783928387314715 0.0094850946217013999 -0.51616128922138604 -0.50417589117968797 -0.0081959994897421364 -0.00083225565491495685 0.0022137197629399164
0.50421380006022243 -0.50801335075844389 -0.000780116119622689 -0.0067795535217127969 0.023243545378078802 0.0083974757674198878 0.48045308155318328 0.50521654594513909 -0.0039323763540644527 0.029989845088893737 -0.0063049257691729053
0.50514409701099738 -0.49803517814512432 0.0072842575238643882 -0.019510922701684856 -0.0026433126500281512 0.0094165631656930072 0.49441185717619451 -0.50154737604102939 0.00925955975754293 -0.008650654867348926 0.010372034628796543
0.48297207881703907 -0.50778795616742567 -0.01244350958273838 -0.0027244450855317898 0.0032604084504861417 0.018576553610614891 -0.50760160742622362 0.50027764246392226 0.012632255318654051 0.0086175848053321492 0.014157417212384945
0.48940325674456531 -0.50914128291967997 0.0011786147230762722 -0.0014984823985002126 -0.01762598783679795 0.021399141690520363 -0.49288659185955697 -0.50744021411075069 -0.0036362745943785664 -0.0052715937591060746 0.0036874781160534248
-0.49747727790889196 0.50585296995087736 0.0157839679217095 -0.021302504262548184 -0.011606528650630402 0.0042884622714899276 0.49155526895833546 0.50387164155772235 -0.0073720891288292 -0.00348550944930509 -0.013906398816174149
-0.51891249411165863 0.51207309590153827 -0.0050101996612056379 -0.0070905660830774733 -0.0092577383466787046 0.0080869751245718439 0.48300112118259519 -0.48461884413730699 0.0070342664169243015 0.0087789422926992586 0.0035251817287591559
-0.50329505413450015 0.49636486925374146 0.011149005893780354 -0.0083366952753372563 -0.0051549208884256476 -0.007720765580865388 -0.49587876214458348 0.50405975068738773 0.0043410908567061285 0.0025114126147764027 0.0062361471429703101
-0.5059813473828092 0.4894104974711958 -0.0026688068202915471 -0.0022945076063268532 0.001353356505360354 -0.0088899262205358962 -0.50423043161407355 -0.49988909025030043 0.013363588577458714 0.0052635249857956598 -0.0048239503216023927
-0.51428721288274937 -0.49456309627316303 -0.010554107033896632 -0.001050964050930912 9.0410742045952133e-05 0.019806414364521498 0.49800997547275744 0.49220907829084054 -0.010924426786364677 0.00036340716336352014 0.0028324825723583824
-0.50708597905568176 -0.50369743840219761 0.01642121887335218 -0.0027186904762173513 -0.012738930666439149 0.0043722568390684403 0.49340508725205429 -0.49423163857424912 0.029522989232037094 0.010291534396732409 -0.0018001203274191531
-0.50541470669905442 -0.50053310382002081 -0.0030655975746908012 0.015829821554335929 -0.0026373786119928671 0.012359003725968754 -0.49922659192594893 0.49360332297549314 0.011716977962472123 0.0014557772372573317 0.024332426024691944
-0.50648645348679167 -0.50076725835094904 -0.0043353132162354735 -0.0033222125192594264 -0.0079094399106258706 0.012526869551089722 -0.49407448000425241 -0.49831714137983446 0.0031961100759702829 -0.0030769930107186279 0.0022502157323488524
-0.0096876991512383267 -0.012939418649456481 0.48154704531217057 0.49686204845086446 0.50982790796497301 0.51010474420857177 -0.0010601604659092542 0.0096252284567003993 0.027145924301227156 0.0038704051651157383 -0.0015072760522814657
-0.032177771290411543 -0.0075960123535036977 0.49669695009608245 0.49929542561660933 0.51036958160599477 -0.49060266675298964 -0.012769325109043278 0.019978911403316386 -0.0087831563782686996 -0.026121412478414381 0.02033072331296281
-0.0095892286147443856 -0.010579673884611351 0.49879216063968435 0.49779454600624756 -0.50061012906385283 0.50160809455649147 -0.024304769562456724 0.0048400403408888383 0.004332787658606934 -0.018147450976660172 -0.004433391494822761
0.02065938993868946 -0.0071517436341922451 0.49212941129702736 0.50388879950969379 -0.50566666430260443 -0.49591411811523539 -0.014430433546075053 0.032122100979810726 -0.0063429636514875792 0.017243040822891305 0.014817289703226292
-0.0012478583854463362 -0.0094011656799722031 0.50042324647745651 -0.49056195860827972 0.50482121542880865 0.50381361674040959 -0.0046428598662940825 0.0023376780418421128 0.007710079116731443 -0.0084677665730323298 -0.0021933644293479371
-0.015625709520456131 -0.014095142680330129 0.49841880331983862 -0.51122263413967761 0.5042506297525724 -0.48507927322495525 -0.00055340115425563541 0.0056148783266987299 -0.008589304403339295 0.0011146628814570783 -0.010479901815492543
0.0098452353357219319 -0.011044481563176337 0.5015528116987783 -0.49249536314361669 -0.50614890464267792 0.49906111261154407 0.00030616296408367998 0.0079217372756990728 0.01301251022451984 0.0012531145153965985 -0.013846803228867059
-0.0028786212009512696 -0.018748402858007888 0.5198760445667685 -0.50726433233079116 -0.48330412874970197 -0.48782643299992012 -0.0080858107356810809 0.013288191150950531 -0.013513359009485807 0.0047452859519170072 -0.0068856220581012401
-0.0029705435290381305 -0.0044099271418962501 -0.50480853207160492 0.48606421457055077 0.49053248097227786 0.51729901507908016 -0.0054898292087106728 0.0071052430145629383 -0.022844739484060628 0.0076647107506424483 0.00012316145386130948
-0.019610895552481002 0.016148981210967597 -0.50863484143675874 0.49955752659229613 0.4883524976335209 -0.50175701445832566 0.0059057734961596269 -0.0055912302391553041 0.024564017144746358 0.0016959001691414586 0.012916204867968049
-0.0009453447098764213 0.0032660756048785203 -0.50189246663197873 0.4777715227293523 -0.51481799470406531 0.5045478964372363 0.0029456224678668149 -0.002084235729769152 0.0015482686042326585 -0.0087884133186633736 -0.011312008463611805
-9.2490580816497603e-05 0.031091300666328595 -0.49382555438549591 0.48565451546491345 -0.51786112452250954 -0.49891020990194546 -3.718525153939812e-06 0.00035189015202411492 0.024078395202977197 0.0040296339758705418 -0.040269879197836082
-0.012230210718107573 -0.0016162581810215066 -0.5050277317874291 -0.50092177665886373 0.49319720107058129 0.50020958970919271 0.010357395045343432 -0.0095398944659760877 0.0077718619998992456 0.0074592496595790973 0.01023392427097871
-0.0052431121468305385 -0.001877987349774557 -0.49659939060952601 -0.50293812034316798 0.51206023315690019 -0.48746945043059353 0.010786488376467899 -0.015917035820410257 0.01183539219532802 0.0080424480530883261 0.0021610105845531712
-0.0084320507824548457 -0.0044099320328199786 -0.49498102014518153 -0.51101558436334593 -0.50076365538020118 0.49247784336173811 0.0046349058418507895 -0.0024950702551123356 0.016545271026182945 -0.010003721147207696 0.0081315646132912988
0.017665367751624184 0.01249608053589446 -0.49725386308536135 -0.51124680966908409 -0.49600012815365824 -0.49435904497974847 -0.016617967549655166 -0.0093152601106001615 0.0010083233423264051 0.011037966670163931 -0.0020739288778302864
-0.010856695432778563 -0.00098628339620550191 0.49468742851447911 0.48911444580066754 0.011665610298117999 -0.00028401943484924683 0.49387537981124746 0.52123248783559473 -0.012060440586936769 -0.0019431121261931524 0.0071394808382725192
0.00064109031404785822 -0.012126468311835651 0.51230947909913593 0.48689853510957887 0.01657183064123479 0.0020803464269625212 0.49856023145743178 -0.50090340468592731 0.015272051284849691 0.011725596074102517 0.014322992709968974
-0.0043210255323505031 -0.0019529519814281159 0.4931192973360195 0.49873774815846855 0.0078899595404189581 0.006694921588760127 -0.49794949609430572 0.50933079209618637 0.013225609953933012 -0.013399251476985612 0.015441674139465308
0.00095170627262661884 -0.0091009462339054249 0.48922784728947155 0.49555195931503393 0.003026578947678351 0.011204040928901152 -0.50309495097852663 -0.51055478385759279 0.02629567939627251 0.0197055834220719 -0.0039313588261701022
0.014686959533101274 -0.013876375548088809 0.49108962736707362 -0.50527941392805142 0.0072623057584124068 -0.0015674323012286238 0.5005794020795209 0.5020897119264518 -0.017913321282448279 -0.0071149103710254373 -0.0038610371318420753
-0.0014245258599724076 -0.030778797409541953 0.5111549012771891 -0.51622696400785506 0.001571143719506826 0.01010610991761403 0.48590656601084747 -0.48466809425054713 0.012650912385991695 -0.0022818991400911392 -0.0016786341433339877
0.0068424740815272939 -0.0017191715815503452 0.49451151276809568 -0.49161924642217963 0.0042309357703354871 0.0061605402374359684 -0.51052002115374762 0.50262552406323691 0.018492535482039055 0.0031345535553800432 0.0069529474248225132
-0.0098039307758044699 -0.0026771811282762749 0.50118028055891939 -0.49872532143755888 0.002859340715235208 -0.004549337945233216 -0.50110828747606995 -0.49879771794482236 -0.00079579769208742686 0.0028500599676702732 -0.0064643741709728107
-0.0020006291674638582 -0.0089074802751327488 -0.49865411237286045 0.49691459768001661 -0.0067191922573708023 0.008876109741702368 0.50517651383545659 0.49880758469393399 -0.010117417395250109 0.0092132334874362922 0.0036218434948709715
-0.014218827839349496 -5.5186490003128937e-05 -0.47911256699152011 0.49108388134195363 -0.012044342000661174 -0.019691963183216241 0.5119232778533076 -0.51541866496611299 0.0039786492177299225 0.028254849695334486 0.0040918398768134499
-0.011589520167371633 0.008199010001381216 -0.50111212901445124 0.49710301212194169 -0.0065174255934619674 -0.0039015931847635045 -0.50253900181156919 0.49895204080495109 0.0023053673561647318 0.0022894057762751045 0.0026164905482782136
-0.0059153848350918135 0.0044536475077159351 -0.49716415809996095 0.49139272592220201 -0.0095386940549247942 0.017232055205000766 -0.4983764455313045 -0.51143333427102022 -0.025361932741106197 0.016873918174788869 -0.0068657145184142492
0.00080291528004591513 -0.020332858493321431 -0.49636696017581111 -0.50070243423023664 0.005506656121369179 0.014157314984815997 0.50897679102273119 0.4930816906406949 -0.0051175331264229542 0.003280152832654168 0.0069436713831344489
0.00013917004567454491 0.0045725237905448321 -0.49657914118271912 -0.50608851943822131 -0.0066907856254664871 0.0010699258256544578 0.4963568589693787 -0.50065730185816437 0.010515770777812676 0.0085793448038260656 0.0021624979139396733
0.0053380006921571925 0.00087264702065347529 -0.50023536858236761 -0.50345373949480943 -0.0051109495000309646 0.0013215907935401733 -0.49839237964254218 0.496984519260462 0.021390438027225813 0.01588059832570226 0.011977617636185533
-0.016010739851079019 -0.0010056557005163589 -0.50455689990289687 -0.49524810076020892 0.0072162991543965735 0.0025906503318024444 -0.50005937144554902 -0.49938850138955126 0.0090922636523101067 0.0068632477522835699 0.016046437565327289
-0.004529070342927737 0.013523659213640167 0.0025897584278575178 -0.0059509267975425221 0.49492138674910974 0.5050137163945454 0.49400584509469342 0.50514364246344146 -0.019544555083424842 0.012992699799484303 -0.0024022044254666418
-0.01870623992070173 0.0025118144552336874 -0.0083435680504412579 0.0095481206381335983 0.49994443537659322 0.51115753885123061 0.49648984583993305 -0.49074990508729111 0.022850365232944654 0.01731209079240565 -0.0098505638387919488
-6.2878496717773321e-05 0.0025959533758219667 -0.0059970789415024388 -0.0054090210497705809 0.50052437940866856 0.50289547660381639 -0.49543869853280986 0.50070199935032533 0.0179808948995085 0.0037696030069506578 -3.4515073936222315e-05
-0.011778735973825819 -0.0011304252240092886 -0.011199069079487672 0.0019882132769952357 0.49911773961729466 0.50609670895933356 -0.4911055261536218 -0.502845502590896 0.020933813801788284 -0.0012564711241319418 0.00041711239980708628
-0.0063404340177987319 -0.022727221134061604 -0.008889718039732139 -0.015837139776200125 0.4986166306988335 -0.4953701454287372 0.49506178151320684 0.50957669715025489 -0.0055681287286646636 0.0038014693841962217 0.017414701281298857
0.025810829800360969 -0.0060402650251919349 0.0063368343195906694 -0.0114015144865108 0.49972489522604419 -0.49210366310668918 0.50521896258824739 -0.50139006689132593 0.019296990673912492 0.0022274420947817476 0.01485413836516844
-0.022928208335839046 -0.011856708694001341 -0.0072060919309009141 0.0072286728297523539 0.49296322663233633 -0.49560052694621703 -0.50334384742682514 0.50674348773772948 0.02105926979490776 0.0020947161017659459 0.002244402291580825
-0.0026830631424633274 -0.015391359807157553 -0.0018559972667925274 -0.0008328573788278983 0.50063214324453875 -0.48088564455731231 -0.50969665258913432 -0.50770709720310603 -0.010105110712687581 0.0067749529902046413 -0.01276853107300408
-0.013444727092551782 0.0017076868699191822 -0.0020331572629139548 -0.010984725607146936 -0.50065930116689028 0.50200035347480387 0.49945570046511617 0.49695655699401559 -0.010031744325200206 -0.019138268232663385 0.011777478019359616
-0.015764352124111414 0.0034793239638647132 -0.0023903547388263624 -0.012266709595923386 -0.50774936118682301 0.5007732395349721 0.49768073892992054 -0.49272413412488736 0.011067275189889848 0.020115977803710848 -0.0031007954972839778
-0.0077959484785141151 -0.0052145141369593865 0.00043533520825882454 -0.0057765889657118898 -0.49445128599519333 0.50292840411610473 -0.50175239972484009 0.50016616435306449 0.014042803237493143 -0.003965140584348918 0.018023162536799822
-0.012286556218942273 0.0068430903673873571 -0.0011269754044433619 -0.0050058831289940594 -0.51316458298885581 0.49515084499472994 -0.49452051737519603 -0.49652775999286558 0.006280509585906262 0.00012793826773008194 -0.011567863263990579
-0.0050657958950311183 -0.0053185100866671668 0.0060495731787639636 -0.0059088526893431945 -0.49413033180041499 -0.49567600490419761 0.49403942969850528 0.5150658995327686 -0.023841733866941432 0.008807687578079218 0.0011000232291246061
-0.013310098443052481 -0.018226885655444839 0.026907362076450544 -0.005465116769700404 -0.50798964893099174 -0.49466233951518046 0.51366204747450628 -0.48108686174242482 -0.0036193980533567754 0.016238030405420229 0.020552213926070942
0.0026467343332129928 -0.0048151275122438036 -0.0020104261359750195 -0.006102561121100452 -0.4943209537707009 -0.48890013709252961 -0.51695993527177375 0.49922808619745945 0.0079366754278114224 -1.0244572345032857e-05 0.0035678069852117427
-0.0072707997558976358 -0.0059336571165149125 -0.0036092312813022719 -0.015101094484229393 -0.49180741679431927 -0.49665192320542939 -0.49926699485539694 -0.51147187871223643 -0.0051712408060507154 0.012143988446839048 0.0093785121038451776
0.50011591125714316 -0.0012937122734967053 0.4883906804062586 0.0011380191689510655 0.50544951446133068 0.019095676984201341 -0.017549384751616232 -0.011125793553687332 0.50485125989824153 -0.0022637563032344129 0.014146019623620115
0.51294788316941153 0.011720671705090757 0.48821850413507778 0.0065848891598652886 0.49742848408366941 -0.018335661269484847 -0.018579590472400709 -0.015161208708447185 -0.49879013451252185 0.034209389341907995 0.0061797388217608388
0.49764937291230371 0.012631300521396998 0.50611883747352426 0.0182310085382896 -0.49482191273345566 0.010389769549531511 -0.029338421299078241 0.013318351253014244 0.49865697842048828 0.023754480171098408 0.021887280248919779
0.49932703055088001 -0.0058668929957730372 0.50975548192817122 -0.013169172964162909 -0.49017827925853263 0.0054970024021632211 -0.019614482550073899 0.013656883449123382 -0.4984018357400784 0.029249198448638165 -0.021861182331963987
0.48643908908562311 0.0022527609265971913 -0.51087921776174006 0.016691073001657834 0.50988906502343334 0.0161820796885116 -0.016537190884406614 0.00041223307884987809 0.49038161919661311 -8.4978239009837921e-05 0.033155150426363841
0.49342419242727564 -0.0045160450948368083 -0.50151214695877189 0.017243605598688819 0.5040560575793952 -0.013655555007832021 -0.028863497484668866 -0.016917779290903975 -0.49842485821029503 0.029858945814854543 0.0017900132926455558
0.4963185458281415 -0.01065164560982731 -0.49387911958494296 -0.012719443523388408 -0.5069734724030871 0.0027268090803937977 -0.021064317871286875 0.0040867095934013584 0.4982702076573417 0.036542655371493669 0.048760282155875086
0.49737630221131918 -0.009780819900555458 -0.50187690708135835 0.024831770830145056 -0.47900186376757647 -0.026642827187005762 -0.0072525359329282729 -0.0015195955900777335 -0.5071186483990523 0.086116528694416189 -0.072326956292616693
-0.4844414316345263 0.005975410047434653 0.48998227651923232 -0.0021815905125712404 0.49577506130736942 -0.0065430088652605996 0.015722813434372193 0.016826341377221232 0.52324424783540535 -0.054339917045443623 0.045716284488193384
-0.50386769105195361 0.0026617231939971646 0.49649179477197714 -0.008643944732256598 0.50164316212747617 0.018002171277683388 -0.010289567952212419 0.0030675567603058217 -0.49719150609608781 -0.015092043621794119 0.0043653383963589499
-0.50423272446916811 -0.0073628627012048004 0.50291197758570194 -0.016669343837756971 -0.48933355372594561 -0.0012828588200549237 0.0068327495487283405 0.0046423338242841203 0.50208996598115696 -0.007491507726087112 -0.028795081499866249
-0.50478117708735759 -0.014001224736184825 0.50856076420181962 0.0064818866693479573 -0.49524677833992259 0.0082388326506521881 0.0032480477595761615 0.012252761538372726 -0.49059834539753855 -0.0048694802867671654 -0.01074639845286111
-0.49964590878954418 0.0039270424820946606 -0.4974999827375563 -0.0053197771135494844 0.49681558305230666 0.006249781214600755 -0.0020701850064831231 -0.00032427957820478062 0.50564535557405799 0.0031422088072420775 -0.015739697359357534
-0.49691061635908279 0.0055611264959615075 -0.51403836987855478 -0.0078050595686658961 0.48737569022898208 0.0080032452553940453 0.0031396178891639971 0.012103267435717579 -0.50089048799422653 0.01028575365440982 -9.6042809792309746e-05
-0.50117020707691173 0.0088259956618766192 -0.4876283560641419 -0.0065490871268187797 -0.50369613732575214 -0.0010088869265263308 0.0032015472267357343 0.013188074852964167 0.5068324759980678 0.0066290821408016461 -0.010398359005277941
-0.5045348100982836 -0.0045836881692362837 -0.49405453307302133 -0.017945879613178495 -0.50235947242445378 0.01711997452733165 0.0092197994776074665 0.01043699761574372 -0.49805565355693077 -0.0032906607358400767 -0.0094523957087237157
0.51291033828626276 -0.026929531479612981 0.013156176960320712 0.5127720638237947 0.035538275109976508 0.03278053076577319 0.49748414283491693 0.0027974707398471534 0.47191840446465722 0.0044827470135493288 0.022947873103385457
0.50586785641717535 -1.4935011543978576e-05 0.018145808458864605 0.45973429596432425 -0.04197460333448412 -0.00092250411840367748 0.51026274596930488 0.035065457370280238 -0.50131762474886621 -0.12211461343401381 0.053114066957418118
0.49504217643050691 0.0012380158368078186 -0.014847093135663854 0.49993891862927708 0.0015862389554685778 0.022926201013707907 -0.50408284839816808 -0.0067063475609490412 0.49931028578247078 0.012013513565407264 0.025389886703613376
0.49893819947595835 -0.00037237643589485445 0.0035912393762848236 0.49751562813337175 -0.0028812898612389664 0.023724759196092529 -0.51408299649927225 0.027401675478415613 -0.48745721143603177 0.017496168299578042 -0.0013576366398726676
0.50071214795006191 -0.003594629499028632 -0.020908521682153354 -0.49228937891727337 0.013239850699300707 -0.0026386982524196773 0.49848370799597069 0.0063671544452785448 0.50551931816416995 0.041580251611563278 0.022381289750918087
0.48691983954741597 -0.0036638012750114914 0.003288823817918765 -0.49508337522837459 0.014390947747835914 0.0029105212805475996 0.47551425581127049 0.0059619903264401895 -0.52820769563013514 0.079568428424650089 -0.07796059120633074
0.49760672496810321 0.013923428098831521 0.0042168257784414914 -0.49392657704544463 -0.00081900950703707985 0.015986499621253179 -0.50725274692765621 -0.011344835387167752 0.50044342991349688 0.0080608464388602519 0.0036800806779792813
0.49943791474720689 -0.017658781875521341 -0.030532633461820172 -0.50347312794717869 0.0021457812590717361 -0.0075179027917879259 -0.50936802660828451 -0.010132636619492244 -0.48581343866029814 -0.012721705016764211 -0.0060320318176008501
-0.50447775865881972 0.013637642967737468 -0.012645109902993555 0.48685249483259002 0.0034673287524501092 0.006521640073302506 0.50142675222402922 -0.0012713637982473235 0.50583854547480511 0.011542963953342386 0.025300646415044939
-0.51587260054901107 0.013232994755341527 0.0055885258308630559 0.48873638446296513 0.014519025198426875 0.02007145960909049 0.48702385169486617 -0.010922484645386105 -0.50553715993094162 0.035695242617606954 0.0062204455673058314
-0.4920473768591937 0.014068763021230449 -0.011881130445915605 0.4984996742474016 -0.0070479646393482743 0.012995098972716295 -0.4977322401414141 0.0021018978348281382 0.51060888610919064 0.017293310539126132 -0.0082171729300992181
-0.49625993758579823 0.011793561014803102 0.0079910732998752249 0.50475099009116664 -0.010678364189576448 0.0082277162534259932 -0.49888998291313708 0.0038365111552227066 -0.49918566580236606 -0.0083732082254073473 -0.020136305804907221
-0.48973444214151218 0.0041055029926859729 -0.0062218427279057704 -0.49958353359409019 0.0043524048042251802 -0.00028037981122184071 0.49524777028311345 -0.0094985109002657612 0.51402695571969992 0.018696463334263266 -0.023833505667917351
-0.49582030019064161 0.011291013771426908 0.0098176727035610856 -0.49868115087517501 -0.00083871031081052467 0.0031471789108298326 0.50674715453404584 -0.008328456097463072 -0.49781044585352818 0.014786877872244282 -0.018679514283656929
-0.49779093505767186 -0.0030058221603813926 0.0018900097574973834 -0.49021555756666302 0.013994994102306252 -0.0028958943140836835 -0.51010141772736994 0.0075404544933882428 0.50008003659458511 0.027755099271641649 -0.023776786347395776
-0.50939512300730461 -0.0081271808974469426 -0.0040695828453442967 -0.50831350741811443 -0.019560970556018922 -0.034467342021717425 -0.4944900136978112 -0.010953036188582781 -0.48126809318803743 -0.024904610139152693 0.060009876253950149
0.49044847521374157 0.0012844634426046205 0.00030635997601864256 -0.022057821439226917 -0.0062816513787986713 0.5111472571044462 -0.0012304821559470777 0.49438006753186836 0.50241163844422876 -0.0046652861844486519 0.02843659232589698
0.48944555928577721 0.01115816658300741 0.00052359427425680721 -0.019068271758208414 -0.00099126238804901081 0.51840711733744338 -0.020741411346357923 0.49810675378024277 -0.49184255935225857 0.027202584736743814 -0.0042563664339270654
0.49397556645012691 -0.0044583610849331066 -0.011244462743682659 0.001242141019181648 -0.013683671746551392 0.50846993154588882 0.0078782370359283191 -0.49253334814923005 0.5043074712080341 0.011180955840892019 -0.0030270123249898123
0.50904957453560018 0.0098186402352256029 -0.018924442661577803 0.018091141207929103 -0.01855789591819082 0.48997828835880419 0.0080374355334119456 -0.51129274470136832 -0.4866851694607171 0.03531857256825488 -0.0082979268125940048
0.51297007150863538 -0.017563657497853481 -0.0070075526207840928 -0.0055721463602463684 0.028461144208252444 -0.48070476059503453 -0.022576495790124999 0.49150556986821964 0.51170330316805868 -0.012995808527374444 0.022121948117895123
0.51305852520882289 -0.014614950474882964 -0.013227785062160479 -0.030999161688450058 0.033730004997887857 -0.50720329083294258 -0.022277859432039304 0.50057785261133658 -0.47247356926312173 0.036944361703727564 -0.036849560125222204
0.50283188127163647 0.010515886069609836 -0.013059351732288929 0.0098934403902232512 0.0013417333063242985 -0.47887642864870866 -0.010065015361047589 -0.49535792107012211 0.52112476245433736 -0.012577880027197123 0.015705372099025835
0.51301954553245288 -0.0062067332877166976 0.0037740200223665512 -0.023740485374263563 -0.01771566011844624 -0.52337818775991285 0.019396009982058256 -0.49624718172596799 -0.46391500293210408 0.010057083782816899 -0.00050099945506619178
-0.50258653230042127 0.00076432107702230129 0.00088485051597639558 -0.0072027128278421351 0.0014818453325506202 0.5036850031348582 -0.0068965297270076348 0.48998502481230349 0.50333487727039905 0.010008669237032669 -0.008584537446349896
-0.50760923794298052 0.0024356876017419954 -0.0017145431099316985 -7.9289267244817319e-05 0.0071407151259972367 0.5115274168268904 -0.02391658314144084 0.49524270009507543 -0.48419423548069201 -0.0081334551871240692 -0.016283407052961749
-0.49779240414860626 0.0064681814770523836 -0.00027257921460867443 0.0011632429145351083 -0.011659944181029527 0.49468755233584844 -0.0013166581659660706 -0.49768174430796991 0.50898446017884058 0.0080666956443511389 -0.022104848883737507
-0.50540046509991821 0.015263022141975769 -0.00750505664140579 -0.0039579561888103019 -0.0013628583873638138 0.50512705976644989 -0.010942520392423809 -0.5084044928185415 -0.48010054511384614 -0.0019424828862908364 0.0038782881818473797
-0.49564755835132029 -0.0069882870952077099 0.002323167699512027 -0.0024466699985804126 -0.0062261359371061174 -0.5019448133686838 0.018178610870573444 0.50006596932408287 0.50176713370518444 0.010414872122343995 -0.0032796963149067048
-0.46882693305881251 0.0092131354271826529 0.01036833080410951 0.0056317529938452919 0.008155653818146898 -0.48071592151248582 -0.0018003752031727504 0.47517094327576975 -0.55399946867330541 0.090942974342461791 -0.088578731120996526
-0.49261369621544615 -0.00835991773262665 -0.011328856968304567 0.0037977155069877397 -0.012241476915220375 -0.49303136738839198 -0.0065667753230858727 -0.50203362242860083 0.51130330628649245 0.013248775201792518 -0.014206611012936457
-0.48717065081186728 0.0069645860676369959 0.0053650495180155864 -0.0036733802284213543 0.0024365713309586552 -0.50680939027850247 0.010377551104792901 -0.50453594518831757 -0.50072855088848467 0.017502084318310445 -0.0035582174087776123
0.0042436664100534332 0.49833521757242744 0.49127795245230882 -0.0011235161429807173 0.0038673650926522095 0.0073337002229038545 -0.0012572435647476817 0.51291125043040786 0.49711203311558783 0.0021991450434838355 -0.0039028848003292067
0.0026718160966840428 0.49035009894222265 0.51778368133561403 -0.024209239394841525 0.014607566393229559 0.018580854092794166 -0.0099190134209724053 0.49475699184987365 -0.49453200949433962 0.028578222116742765 -0.0065949826660314046
-0.021078089201481253 0.49464462899405032 0.5046958523749564 -0.0075005351148206001 0.0064296706823945881 -0.0098431998315172374 0.0019525137101590101 -0.50733460544508402 0.49236033760829356 0.010019405939739882 -0.007662228553597052
0.00067196207825078228 0.5102740934605603 0.49105980011448946 -0.0054580877190454971 0.01082722470352993 -0.0082828254027958008 0.00077010781693433454 -0.50232897054281334 -0.49494865968823704 0.029295686243160309 -0.0098562333683495755
-0.013339020766504832 0.5003509091630306 -0.49807295527978146 -0.0031352710266945804 0.0049169308856265659 0.018970743718923933 -0.0085538559239955025 0.49379734412042059 0.50263992988305994 -0.020959230245419638 0.063287441374359113
0.0127581964324776 0.49821162869395313 -0.50757927446460593 -0.010654311688010914 0.010566040655763833 0.011390888739638462 -0.013524145671487652 0.50774818898795904 -0.48520903077065453 0.013363986687139869 0.0057661126126944771
-0.011906325657337432 0.50931775522203993 -0.50394534507412347 0.023167651849294448 0.0068408245130943991 -0.010723055597750835 0.0024993282701405465 -0.4908338564409892 0.49438959675501482 0.019649532206383182 0.0079330412461694234
-0.0082457352725204529 0.50045359783426902 -0.50343561718739238 -0.01608213105449597 0.0031799633959508204 0.0094201180395246716 0.013832268853907493 -0.49876699645945771 -0.49613981433050597 0.021471415230504602 -0.0098849596166639703
-0.0020855522155498957 -0.50581426882546765 0.4882329551354882 -0.00823873923843217 -0.0028058297084858097 0.023937946562998986 6.8093276718287214e-05 0.50969003545123026 0.49474664638023857 0.014466972259568915 0.0189712516222483
-0.0030022278143566473 -0.49603613277061392 0.48498628643711716 -0.012177237893831161 -0.011330462025357211 0.027788750742158318 -0.02156087657975414 0.52376674023179726 -0.49255372213102444 0.016039894137290907 -0.0039556871496563076
0.0034314208161515432 -0.49414559281398018 0.47551691793593898 0.017572577459903805 -0.0057202882913787384 -0.0084593132097408614 0.020407207495615344 -0.46906162215188185 0.54281224143581375 -0.07423587110513695 0.093207234423472687
-0.015113138935618112 -0.50595473149394732 0.48545090077005149 -0.0011257347383064581 -0.0072759865230080769 0.0023999231057547188 -0.00081343970819737011 -0.51001463410224002 -0.49769314329095016 0.013326209740141847 0.0081986178702945361
0.0066220158043185252 -0.49022093301631459 -0.50426458993101386 -0.0014007218003871135 0.003071616117375543 0.016220418322903551 0.010094738797282864 0.50273679015673656 0.50122814742242983 0.0087150633805475712 0.030504397003897912
-0.0028623259589018457 -0.50004418810047457 -0.50193039374092774 0.0083693317997985475 -0.0040167923203826309 0.030784378022305152 -0.0029144745315429392 0.49931690956676272 -0.49752628551528599 -0.0099105903245443414 -0.0048107889438612191
0.0073836176537874706 -0.49641520247889404 -0.50222096330119348 0.0093644440877121201 0.012019421160490557 0.0035885585111210139 -0.011050938618612083 -0.49816208425288411 0.50225670789408683 0.020501901128367198 0.0087625283278582895
-0.015170682838469758 -0.48701290806066644 -0.50774197705266977 -0.01046921208354371 -0.0035273827640155573 0.010974130222059312 0.0030123560489651161 -0.49810055852929191 -0.50513758187018065 0.032974533045464424 0.013392049687429788
0.0073043156252649063 0.50933992111921422 0.0070508920186871382 0.50274684345834486 -0.00191436507171166 0.48980775689811873 0.005682359803263367 0.0083476226212276083 0.49738614848101259 0.011434892052222478 -0.013205114817892863
-0.016979384915106321 0.51319739903608375 0.0094405677390588839 0.48744413363423589 -0.017803226103270071 0.50549020394382582 -0.0032195057851579496 -0.010509283497670071 -0.4914301344913245 0.034414119620515028 0.0017894863593994905
-0.015020101820325879 0.48946807545947646 0.02413906411376486 0.48010817229662789 0.0097777604266495888 -0.49102734330248277 0.0011138030200512038 0.00096650855720907959 0.52376407432444094 -0.055988778875283196 0.10217469376762887
0.016463716187398239 0.5191870228013904 -0.031832740538585716 0.48815510178535643 0.0010440173335119656 -0.50899600414828261 -0.016516957901818053 -0.021023111402824896 -0.47945332043557337 0.022117319854435064 -0.026600545068169421
-0.010457899480448335 0.50302306491862969 0.0031300537314314014 -0.49716284739872318 -0.004180001532291068 0.49783300220262283 -0.011020054976026759 -0.0014214348629409126 0.5015432685597776 0.0070624514296988858 -0.010177101105130525
-0.0054498604982335126 0.49489839424165938 0.020127451450598764 -0.50581096327631947 0.0088757076355381447 0.5112736174832857 0.014561161994380451 -0.016843059129177568 -0.48574676649694232 -0.013944806545665789 -0.026008624211958587
0.013529049098551633 0.5009971264630404 -0.012800805414896156 -0.5021707412389953 0.0030603649002212876 -0.48939729409302452 -0.0085988994652834577 -0.012627819725823542 0.5064760596013872 0.010396996859452645 0.010047558683144881
0.016861778517182999 0.50850550293652463 -0.012152456929909882 -0.50720842150086054 0.0064363324125669263 -0.48200457765469734 -0.020081402113956277 0.01688404193126079 -0.50057959786065431 0.0094156235299313034 -0.0017344333606311583
-0.011916808043210941 -0.49463350754096308 -0.017877227208523503 0.49859847029830046 -0.013965518771454816 0.50962739083386754 -0.0024587230043201986 -0.003431718842685511 0.49623898973285807 0.0079869974850910307 0.0050784635158395378
-0.026217699287782264 -0.49933466640537805 0.0074294843840909909 0.50252702822023487 -0.0051785062943742527 0.50335091821658551 -0.0016818733420661096 -0.017686666797698043 -0.49305172936052077 0.021874779504508602 -0.010285298185659385
0.012794983933397511 -0.49961089225987898 -0.034965164596728611 0.50293845827704331 -0.019692240165284581 -0.49393857524393986 0.00021336464993412674 0.01370442437668699 0.49685673810996128 0.013167266398038165 0.066817938113112971
-0.0087379947731768409 -0.52442918549109807 -0.024705301622172514 0.49747276389821488 0.0087696247285878031 -0.48924108182403475 -0.023859419992977835 -0.018171817283575437 -0.48487399314278923 0.0271277217986764 -0.025223843075047069
-0.014757446948751999 -0.49966270766415705 -0.00034957159223565062 -0.49854761457555946 0.0048092564963181303 0.4975104267068618 -0.00289638441100914 -0.011607538443819412 0.50383905363821035 0.0013231290210726175 -0.0055794145815812263
-0.017917895967240881 -0.49205021403773835 -0.00027763833313775856 -0.50611065994108506 0.012432527972593501 0.50921294712717036 0.021542041954588583 -0.0047913192398191624 -0.49057213922378268 -0.027906744254518803 0.0061837640344846456
0.003128701298834836 -0.49694563642581296 -0.013054377929843805 -0.50041164501300783 0.01620594733667937 -0.48922717577876013 -0.015132235936442348 0.0016557217477078967 0.51132446046032665 0.021545890582123181 0.026429092365464927
-0.0026206954829230259 -0.52010624281190754 -0.023955034411067947 -0.4902437682745231 0.018526527381404104 -0.4990237450101831 -0.011956127614944561 0.0091652801299776186 -0.4884916463286022 0.018470379375451672 -0.0031156126713634885
0.0075062811947296127 0.50274076303097548 -0.0057686994297498637 0.002663896001682777 0.49320622899589389 0.0050860734249533537 0.51018708378302646 0.0064439718284251719 0.49284777390096257 0.018807883286762788 0.017079352639605722
-0.0076866717718443263 0.49955119695493089 -0.0022986312018905873 -0.0044943616870707368 0.50046612757466802 -0.0074296312578572563 0.48046253626388774 0.0087845640289432435 -0.51517312976284457 0.059303940126419451 0.00087245223986013589
-0.0047877909265665415 0.50181851958141521 -0.0039735592699799444 0.00043804842233276719 0.49989258540827969 0.0045677620887354916 -0.4916119049079386 -0.0036219835898134776 0.50638682448961714 0.0042854340272076696 -0.0091892999177046273
-0.0028896775285508214 0.50564091369868946 -0.00082889802853859901 0.0037846077492044105 0.49123955236536343 0.026701617965091563 -0.50455850823437887 0.011966830503827561 -0.49749353078062902 -0.0046499826884356622 -0.0055410150977466786
-0.018935232513837122 0.50872877126920035 0.016818011137995133 -0.007560440458402597 -0.49391620245775397 0.0045455336350541872 0.48612783346888555 0.0027660955583712113 0.50610839005019681 -0.02107645554841624 0.060039739774754297
0.19528270233371342 -0.10437717275278346 -0.1953676190310473 -0.17072750379993734 -0.2780829212347174 0.11873477225740023 0.2795717522172243 -0.14732179634787126 -0.52128984373641873 -0.53511483518671854 0.36642947929402137
0.0043226032253829514 0.50627075324080206 -0.010548830720346521 0.00046902090886793334 -0.49567607056666629 -0.0015970488399262772 -0.49780368576225431 0.0013736663774244434 0.4997400890063346 0.0017290180623562668 -0.017575028461953881
0.005486647719573438 0.49596786361588829 0.019924232762850987 -0.0050368785269324316 -0.49598912446998772 0.011267761991851569 -0.51026115604474676 0.029759710611626647 -0.49585405103913849 0.0081582327249484221 -0.015536127924019285
-0.0012782756791211301 -0.49333448607744429 -0.012247535192914891 -0.0048458475690223999 0.50880264201814163 0.0071061589577996118 0.50019954873615979 0.0091832009527568724 0.49556462054364164 0.01715863521593048 0.036779190429100994
-0.010874677180250463 -0.48764536166139244 -0.020425392503455694 0.0036815910015196452 0.49761002104483215 -0.0029476844289164439 0.50435217913877262 -0.012618568772101631 -0.50791898924062007 0.037481253678835452 0.010567738592826344
-0.010605769111588158 -0.49794291720665901 -0.0054556604838655849 0.027814273464350399 0.49410831207066491 0.0032084906663355263 -0.48496707444931803 0.016823261729862409 0.51502530167352145 -0.031778263113871601 0.072433745936088506
-0.027260550025658657 -0.49524101986124891 -0.023463004591244934 -0.002032418811583653 0.48045711058006574 0.02419061827783018 -0.50907728465846203 -0.0063827601072014208 -0.5122806023457448 -0.019231298987597966 0.0035567466196598906
-0.0091458880411014708 -0.50632942880915643 -0.00010154659476134424 -0.0077217127485126906 -0.51086702120384286 0.00060238094426761583 0.49640527460363365 0.027833744483357535 0.48384987401798052 0.03022569071118815 0.016868429841103511
-0.0054855713381346538 -0.49609787568446612 0.0079232736895705723 -0.0010681374828580721 -0.48394531059981261 -0.021736250170638856 0.48172137797672626 0.015687415618799719 -0.5229764741057773 0.087363383580363968 -0.075359303171332756
-0.0051812372697831333 -0.49903803077794084 0.00075191192180387636 0.012155518471839108 -0.49500545197430651 0.0086852417413683485 -0.50906390685008929 -0.0046767977345723221 0.49633394859267937 0.0041515616213803237 0.012144464761993209
-0.010472503985259245 -0.5028051660154268 -0.0086401601441176579 0.0026369730853422406 -0.50645379148477276 0.010134489139372746 -0.49899215644288764 0.015918612361477083 -0.49080630943167125 -0.011786103889149959 -0.011009762977923969
-0.0031213436721662926 0.0061060439658869037 0.49990022012607865 0.0094667446551563693 -0.007743978063560141 0.50436661139665628 0.4910528541775277 0.005537716355296908 0.50406376550376109 0.011274335720963983 0.012104295857115468
0.0074177506934523813 -0.0046849390531800168 0.50632786030452437 -0.0029014508372591486 -0.017540083688569585 0.49798128251661206 0.49735816357016865 0.002704708818623443 -0.49713233897464731 0.026819257386275358 0.004626247903878479
-0.0046870189175552673 -0.012169562861024852 0.49192189053721086 -0.0018709605467596114 0.0044491204670196122 0.50875380009711124 -0.50193770848814367 -0.0015552357297670062 0.49701046357166206 -0.00046091927511266541 -0.0050564431555314192
0.0027938986492469773 -0.0028517056924647196 0.50201699173687264 0.0022972065557303693 0.0076877106872385026 0.50625717879339294 -0.49648367565947266 -0.01004492455459405 -0.49441982675550578 -0.02088334463316548 -0.010875334540432446
0.009393300831710593 0.014831161771966386 0.50052301741025806 -0.032905277831065345 -0.0049193266416188465 -0.49960049990499394 0.49912383101621755 0.010998619927845284 0.49882601668770665 -0.019374967703889599 0.0035415204036310976
-0.0029105537020795488 -0.023785126945420034 0.53148182190601445 0.0064122126163344067 0.010003854721797578 -0.4927495015691451 0.48725838382705555 -0.0026130811371815939 -0.48604065284996817 0.017856656553818073 0.0052599725607889222
0.010850100849748913 -0.01497968855279248 0.48602041738805674 -0.00027584641422995459 0.0043725566087395081 -0.49717106001327355 -0.50828109737872795 -0.011466718807167698 0.50735460416902167 0.018273804159040185 -0.0044714633414310251
-0.0013495938738503858 0.0011885929008155728 0.5030494375710205 0.01724017437759558 -0.0012641702545107927 -0.49475130144646101 -0.50277443741777994 -0.027228698188395854 -0.4967350572784322 0.032177723447512192 -0.023573231414697676
0.00042054689339101155 0.010622473842015416 -0.49574630073005149 -0.0014981792897684632 -0.013156679304495451 0.50514990389931413 0.50254408090421165 0.0098280107914800064 0.49554361197296887 0.018292313674759041 0.015019992892645018
-0.0030448573126929681 0.013172841838787808 -0.4813894453103314 0.00082645329435897653 -0.0042792128257758827 0.50453238051909099 0.49161820527418687 0.012805256190725978 -0.51627643670369217 0.064844881339453112 -0.030180080705964878
-0.0016190096180100672 -0.0021564552943618216 -0.49927247354252846 -0.011158119274686774 -0.0082049158818925348 0.50562487705093262 -0.49419531224292484 -0.0027280996614140007 0.50049984778096979 0.0087525678158675967 0.0076309150963518729
-0.00084030264036313439 0.014327264067028691 -0.50559172076161452 -0.017271910341612476 -0.022581960250056484 0.50753558344701777 -0.49095986090270921 -0.0064428917312060524 -0.493684462048329 -0.0301500291369813 -0.0073440326981296343
-0.01124948440316772 0.0054102405814887532 -0.49410487746244902 -0.018928557507330558 -0.015215298950893234 -0.52022155390190628 0.50200979198357054 -0.0063517470572528028 0.47952399895777009 -0.010196316071445083 0.048814765530489704
0.0026292753062352914 0.013979393088146561 -0.49739528424141294 -0.0047475074492834444 0.0063697203673903835 -0.50459473890682482 0.48993502558248936 -0.0029319569584715082 -0.50702632769063694 -0.02122468826173764 0.012063248745123939
-0.0076959102349738661 0.0061170843641238327 -0.50497432581147461 0.0014585515945594299 -0.001678022967987838 -0.48792252332533115 -0.49268045459175802 0.0080932155215207649 0.51374588642745378 0.0087098787724235668 0.0045523982922440779
-0.013679962993552884 -0.008118195995259132 -0.50520999942421374 0.0045401373875813104 0.00036277910713580715 -0.49926734144151896 -0.50806473936435281 -0.0024790369262493893 -0.48660986599777872 0.017193173352519131 0.00070384376611067089
-0.0057304181761851456 0.0096552670863752285 -0.013997369379037877 0.49358235575628379 0.50452540976402294 -0.0038514731795170703 0.020087313837377434 0.50774883956086225 0.49266894234030112 0.012330388746984441 0.020165253095038631
0.0050148777078504276 -0.013916009314695395 0.0062041924790092176 0.49060095491696459 0.51110271352287984 0.019970067384889819 -0.0088709942864263376 0.48651690622102761 -0.50741871575343611 0.056204794487887753 0.0043003204490265146
-0.0075207265202636934 0.0031671999695589265 -0.000646122906072409 0.49984450305160505 0.49423357628902553 0.003096166719749752 0.00059138595550611373 -0.48882430367450114 0.51600779036313382 0.0070985510851860759 -0.023410892513653515
0.0097576062241644113 0.0087725852007743479 0.0021087805069637255 0.51425824869495207 0.49059342802540662 -0.021547949624874427 0.012578052114611764 -0.50594932606807574 -0.4870824078104935 0.027599611384423246 -0.0078532361552653314
0.0063800832967621339 0.0043121823091859975 -0.012213727132246438 0.48158220589555267 -0.50150703886599524 -0.004297652955399035 -0.0091181303981848743 0.51274053074264092 0.5000540636964651 0.014013709937500283 0.055730429285475079
-0.00026514521199912198 -0.0019713801366627679 -0.0054630995364728305 0.49317675788006937 -0.49463561270996453 0.041408234606747106 -0.010220541008933565 0.50428987110512125 -0.50087348394975573 0.060076265530568621 -0.0383107553138958
-0.0026005192983235047 0.013593206209955069 0.015583418937666823 0.50923146891192272 -0.50288156865381572 -0.00023929154097968142 0.0094630124570846789 -0.47899427005903983 0.50652214790182171 0.02972239934404727 0.019642660822051315
0.0055646571457564076 0.0058965510633609396 0.011987303724186946 0.49462311101902473 -0.49537848607367846 -0.023896398580559034 0.021171367798874848 -0.49226249554475326 -0.51045998134639925 0.075326700950412925 0.012392327273751421
-0.003680279810342997 0.0040498457310631326 -0.015376332082836357 -0.50081992347844773 0.49997680022148605 0.0083433041619743169 0.011234613222604222 0.50189703870898861 0.49666186135645879 0.0050084519184748861 0.011902619415139299
-0.0022501316779474012 0.0027648051152351317 -0.0073668857653283806 -0.49533221962076346 0.50499292927837691 0.012323432590564214 -0.017325021620397479 0.4979365206601184 -0.50099483121228539 0.0023130407931701009 -0.012929899745776043
0.0098375444749105433 0.014088824343460562 -0.017891666819783027 -0.48420266816055918 0.49409121874097417 0.01529901911787223 0.0095070390709832021 -0.50177735725647932 0.51516363442897328 -0.029655532794676181 0.049277569120442823
0.0012295792266341431 -0.001734614508725368 -0.0095851830947588038 -0.49608930201495727 0.50782411905364733 0.014539589787488216 -0.014065714387058059 -0.49626695465238652 -0.498873845676439 0.018379574197227619 0.0032580862695054265
-0.0051327082224177428 0.010028107441834069 0.0009898567048453519 -0.50596581184974321 -0.48772797661365291 -0.0025966333366873018 0.012193343705315218 0.50401117482487179 0.50164342549983432 -0.0033677063935444126 0.012327949603038476
-0.0039219065669450198 0.0032432718705440221 -0.013342023467052558 -0.51507975976774933 -0.4845496049193303 0.017942455661448923 -0.0048323511122614184 0.50694635130653798 -0.49196343398215042 -0.014472850214782744 -0.011101418471558678
0.0040412500180663181 0.0021547411313430974 0.0093949242044347268 -0.50481951634296129 -0.49090843767268716 0.0068492449894549112 -0.0015059133371559078 -0.49865006747200513 0.50519279477362466 0.011620565520742459 -0.0010273135910145029
0.0076643633420329319 0.01019666646956428 0.013074689527947731 -0.49247992892671194 -0.49677136897566426 0.0091493141853673191 -0.016476864763283923 -0.49270169181756485 -0.51239494525894369 0.053790124990435562 -0.042378685395128395
0.49195678469238541 0.006353498304806123 0.49781389296853351 -0.0098530512237096704 0.010961242204421247 0.50912809209181376 -0.017895005506021314 -0.011411316229013127 0.0032051517080546985 0.50022866557979628 0.0011820281081799386
0.50327895910441689 0.0098532936766776089 0.49137755842203046 -0.0037917480040613916 0.0019947144899142284 0.50234340093278318 -0.012904828145369453 -0.0030620344215081885 0.015195010225211737 -0.50220201689841681 -0.013430694297776281
0.48797806281633227 -0.010819391764578638 0.50042173030167647 -0.011004477304474122 -0.0025834189326198994 -0.49211027802721002 -0.0016833597276812503 -0.0076452358643899088 0.016061008795833696 0.51824821260249676 -0.011734364021057771
0.49964137213534232 -0.0048329801919809083 0.51036916884888039 -0.011514674589837424 0.032647103859911909 -0.50214735283051137 -0.025826204401750995 -0.001037178980801927 0.0085673668381724809 -0.48555726553057815 0.0008611083136845193
0.48530088318199116 0.013548934565792573 -0.49650964753456606 -0.0044761749806455607 0.0043087328921775671 0.49613236176343212 -0.0040384234925932112 -0.0025947683972695982 0.014765364920054449 0.52087099149325777 0.0066392681618455095
0.48141261191274809 0.008490232016557641 -0.50748277543308395 -0.002417891245785011 -0.00043929506696635746 0.50326994602666231 0.0083475199810120193 -0.013662752294026522 0.022614597484277795 -0.50640705245085049 -0.011335486626390051
0.48873983020413708 -0.015779716146913966 -0.48649260233446895 -0.0131303732678339 0.029759339417147354 -0.50531230122003101 0.0030017494068157367 -0.0078516523514672292 0.040569440509496194 0.51517742813275902 -0.026200365461611381
0.49770011209343662 -0.01836418914113741 -0.5230710123614809 -0.0088980410468482794 0.02097800539473782 -0.50000417820725718 -0.024893716090372442 0.0050336142684183531 -0.00062180144906469879 -0.47663641993382855 0.0017155521579683866
-0.50623178462061968 -0.0040597269158250161 0.50199123495455178 -0.0040165938276719342 0.012294245419617121 0.50804377472066886 -0.0075490536815923008 -0.0090450382896497122 0.00088040080435107082 0.48299942979302701 -0.0037303005296081097
-0.49579253226585485 -0.0053447564887390778 0.50308595339165119 -0.0091827196354493847 -0.0050922534007374612 0.49627412102393853 -0.0047685155540783926 0.0022471532511831836 0.0065572027314943788 -0.50454795561839794 0.0052953356953736042
-0.5027685051702927 -0.010155431952886644 0.50419107756722492 -0.011123813947501884 0.006303887398506995 -0.49539798442867783 -0.012363498119413232 -0.006064740886952795 0.020396125653571406 0.49620232340783571 -0.022517296428001755
-0.50317392584201392 -0.013301995173844519 0.49535354340870119 -0.011460480428841943 -0.0079218982955850236 -0.50326641707515596 -0.014278470901114839 -0.019894592281399087 0.00071381050090190844 -0.49698164631643488 -0.01420573248733871
-0.51059574759398552 0.012162189911132694 -0.49209820129210902 -0.013563405585578763 -0.0032155451421733688 0.49662000688821639 -0.012296950536434941 -0.0072180601891644715 0.0076398361261536566 0.49965124877529188 -0.015640784288206862
-0.50624343809120786 0.017533178240837423 -0.50183876641181402 -0.0045809366462438847 -0.0085717657680868271 0.50043029575176889 -3.7548837880440343e-05 -0.0069114187831668637 0.023463654240862698 -0.49034120717245772 -0.003204509370399507
-0.50596749386401785 0.00021246068948302231 -0.49236664925893997 -0.0009946399452080226 0.0026654545751893903 -0.49775723700104901 0.0042205374204129179 -0.0066273273654823862 0.0035165184000598803 0.5037102997041456 0.0018453816647560264
-0.51136864247795144 0.0046550290422238761 -0.50063052489487281 0.010679850956816252 -0.019653481868010796 -0.5030725368107275 -0.013200911556159116 -0.010880061947533593 -0.0024226575404948233 -0.48368201267846445 -0.0045194476472272547
0.49264672681863259 -0.0024448533763635149 -0.016944116642680165 0.49326562270726065 0.0083337067597581433 -0.0073407434572918002 -0.0053467216350976511 0.49154414129418139 0.010110013642906457 0.52068528675011916 0.026687074467218793
0.48515055120702033 -0.0083468166083940573 -0.022078111020647054 0.48919672201207554 0.0065740233655478385 0.023800866234143209 -0.027942202044237401 0.50234705331629226 0.045253261352429838 -0.51778244249729177 -0.029476336841416539
0.48670680777929032 -0.0040357753136799996 -0.00026149573626319878 0.48980664790114492 0.0062560744983721295 -0.0069079139305462736 -0.0057974131583219549 -0.49595156765125226 0.027022961547140831 0.52563326941009958 0.0089763863075111843
0.48312503360211811 0.0065926732438774263 0.012633722532143898 0.50362000413614483 0.0097957952823228851 0.028119134026532613 0.0036229851873483517 -0.52206302012941574 0.013848065700579268 -0.48898909733449414 -0.0015318315055242232
0.48173175981364291 -0.010080390714783199 0.0089333390297737011 -0.5019424266149477 0.013931246134173942 0.022239801371266597 -0.014049301464505242 0.49327553879455083 0.0095746786826669851 0.51864164679785929 0.050191955868583826
0.49870726486151379 -0.014205167712730168 -0.0078701928823782189 -0.513988956680137 0.0042080727350750601 0.0064499406661743513 -0.017005945476157809 0.49348497875077652 0.012952254076271775 -0.49274544470432474 -0.00095888060102243739
0.48900805382039469 -0.010627760617692113 -0.0098025158076854441 -0.50129274903085974 0.016633719662297465 0.0045318468572638744 -0.0091925340562970231 -0.50645112669647385 0.013362942999581092 0.50230714324225856 0.0014715223110206097
0.50345206798082465 0.010329898372470359 -0.0063419962613672221 -0.4913334832826331 -0.009807264791003429 -0.00034429175745503423 -0.012843481172173477 -0.50723372550194401 0.010194645617952186 -0.49711868322848779 -0.01422221661426586
-0.50890475871177199 -0.0014713787500715994 -0.0091531278311398068 0.48986742392605181 0.0015375799138656995 0.0022983142434923496 0.0045053056729844696 0.49449248381830457 0.018751965252215331 0.50583445266647653 -0.013748396069239787
-0.50200554057359126 -0.017973876306404901 -0.02029173632198801 0.49277504384777476 -0.0035364544621678175 0.0036896455578165266 -0.00053883966114692372 0.49000805967738659 0.051955075075413547 -0.51067675858637152 -0.02835468433862225
-0.5003942394380263 0.0058917539818708897 0.007318958978453788 0.48704506394947694 -0.0051917574743806675 0.0013889450719653388 -0.010326237927645013 -0.49259140087273523 0.018552655974626044 0.51685986500317294 -0.04510329125218334
-0.50431020668246873 0.0031804183332996374 0.0081653982860659738 0.51089804449846232 -0.027651674403696581 0.0099269333230166835 -0.0092951481354692587 -0.50852567903662449 0.011485122815705413 -0.47422822301334144 0.0023182113917218443
-0.50379668978349867 -0.0016577979214306396 0.0061223194807666454 -0.50795634142324775 0.010686684336283956 0.017804776660742427 5.6347620916669664e-05 0.49588673038692871 -0.010952727361325252 0.4915489073988043 -0.0073390078880126407
-0.51398356620488994 -0.0071168002792567206 -0.0016980798044994748 -0.49584439236743616 0.008796867315287369 -0.0043797099715370859 -0.0059244576455372878 0.48446021699384184 0.033688817303459136 -0.50387817314594574 0.0066469798796970877
-0.50847121629700676 -0.0045667089831708148 0.0017075444388853877 -0.50239944165470662 0.010971898250841368 -0.0017456073168796184 -0.0045713729678094955 -0.50134487853981102 -5.0891615282393067e-05 0.48716862207562506 -0.014274781030683333
-0.50251900970215324 0.0028419231972644848 -0.017926617355182986 -0.48858407885714211 -0.0081048258228326835 -0.0068155177921967996 -0.0059648634906338902 -0.50686968529249321 0.028865255261571569 -0.50053004940414503 0.0016347387644888264
0.4843434606410163 -0.0027269236357184813 0.0047851052245614298 0.0018435651184523754 0.50954775744412728 0.014927865957125128 0.48329794073473775 -0.0016629319599137614 0.0018712356449342644 0.52139883869116943 0.0087181641736999247
0.49590356893672372 0.0068299884714939614 -0.0034181685729291712 -0.022079897407148757 0.51021883163458681 0.00035481958558603548 0.4810350963386047 -0.0034407651508959183 0.029735253246473504 -0.5108006231962311 -0.0015326637891971127
0.48602618590399393 -0.00086569840137448761 -0.0031427458043742002 -0.00017689082634759476 0.49875951498429422 0.0088948857626403172 -0.50406299924576314 -0.0011332437966302894 0.021063642427222657 0.5101106857037937 -0.013796235305568621
0.49347012351119479 -0.023747585825163439 -0.0014514964517488233 0.021722725907365042 0.49978552384708391 0.011912119002891217 -0.50403152463996759 -0.028447645622539236 -0.013310791275460658 -0.5004440607937729 0.0065845090771638132
0.50305999973017601 0.00016473947088986051 0.018363574415261 0.0097434207756648111 -0.49317476022035955 0.014833555399308135 0.49284650752882131 0.0012049970078988246 0.009193914352154069 0.50984171023558822 0.011612337243733988
0.48815372400427326 -0.0062868901976513396 -0.0011406579511247295 -0.0080673955270397727 -0.47035394323842988 -0.066204775156298121 0.45590590255553221 0.014771541236241345 0.13407253729595425 -0.53832437679779599 -0.14194068578330943
0.47942429597577652 -0.0030578427235852662 0.013235037353764134 -0.010907993910377623 -0.48683681984444971 0.015033908378450216 -0.51442960452071429 0.010088330508984918 -0.0051621088198064921 0.51570425618860727 0.043538675742450621
0.50195652947794278 -0.0005030635820218812 0.0054659826538444884 0.0028971886187697591 -0.50370010964663214 0.0096185137004056592 -0.51520224072842813 -7.9023706063369655e-05 0.0093377381253954717 -0.47815226487225709 -0.0066832370364958453
-0.50214054562749533 0.0060164997408405111 0.0036037812693142392 -0.0072320024321827214 0.50098178765827539 0.00024194958528509021 0.48585236857363573 -0.0025288951598860902 0.0179054402518674 0.50895110156766521 -0.036875832565460238
-0.50013189600752461 0.015691003623007724 -0.027748678243218326 -0.0013330641781013513 0.50848251235047548 0.007800642041526115 0.51290491385960346 0.013147686285287471 -0.0074586081052448313 -0.47598810024566884 0.019240132224831012
-0.50565393794576474 0.0025359114896381955 -0.004235661104114356 0.0015362754285237607 0.48696357886727737 -0.0057528614663280766 -0.50521921312762974 0.0055915678102287734 -0.035109951506200138 0.50059501498163095 -0.003865747572412002
-0.50935079478885537 0.010775512472669068 -0.0093487728640720413 0.012134000508296968 0.49835810422217758 0.0078040312407801331 -0.50499041985992132 0.0073438756661940363 0.0056298344137144718 -0.48580147762865011 0.026178089066578605
-0.51475838479715175 0.0047953173347231176 0.0077014074264493242 -0.016658434536462936 -0.4940306034909151 0.0043958201918872456 0.48042047931338883 -0.0023251457478322521 0.0069720433571820659 0.50962237566526092 -0.0023698651104916636
-0.51545606589951021 0.0091564699400297784 0.00049440733202360109 -0.0031491730193937291 -0.4949219846220172 0.0064660078716296896 0.49251844995933819 -0.0031846021326851002 0.0054504287997505412 -0.49655859770187633 0.0060620103498020316
-0.50580304627651917 -0.0018148160066213212 -0.013155757591941928 -0.00026518552478637433 -0.50051898726826161 -0.0074506175668550409 -0.50658787698334906 0.00084559024846158379 -0.010239443763465271 0.48638532599947626 -0.010224897815347586
-0.50409613890135341 0.0086111174565985903 0.0031822259607042201 0.00015153595793047494 -0.48827682865366884 0.0060519976913655576 -0.50585580763119986 -0.00092482490323468039 0.033353109224034019 -0.50025819226368451 -0.0095000822306557688
-0.014149523748040628 0.49648081939989452 0.49780450788091563 -0.015390777490435671 -0.0012479043053196589 -0.0017739453036130814 0.47749089483343171 0.0015016577032849732 0.0023440069055610259 0.52613709552962507 -0.020739609805503233
0.0032962623041110951 0.51156087266138883 0.52767617274172196 0.00012291063709245561 0.0085095357613323864 0.030279235836733694 0.48568906287030883 0.00010769963332801655 -0.0066500460408764808 -0.47214727725001626 0.0014330354620181336
-0.013465154737741221 0.49886602970445609 0.4970504876203537 0.00010083256828442413 0.0043968025660014523 0.0079123441793250027 -0.51035029822873446 -0.0042477298399445874 0.015880742255889022 0.49248413675117186 -0.023279744492802307
-0.011997177653500082 0.50134032889720659 0.50130160941584789 -0.020698700551595752 0.0030373233056751872 -0.022017477743023681 -0.50101331775399516 3.7369204020184076e-05 0.033164561129698136 -0.49404316940787113 0.0097632251995000193
0.013388629649708746 0.50110357643439052 -0.48883623680630095 -0.018219068176243428 -0.017392068634359575 -0.014599724962658937 0.49974919560351211 0.0031089278811632991 0.0023557228855133434 0.50903946310433312 0.0046760061433960831
-0.00026094459406622675 0.5165982629420367 -0.49170707431593791 -0.02980563631823693 -0.0005944221332487825 0.0065396253871728071 0.51143611385039001 0.0091827381798641246 -0.0049302748349051512 -0.47816488461996576 0.01008156645546595
-0.002231040233203912 0.49912567497024118 -0.49357130203310717 -0.0067311376696607347 0.0022728487905743855 -9.4670380562399803e-05 -0.50903627911978377 -0.00033841968462430821 0.0011863248786326403 0.49773891804961351 -0.01849280779042237
-0.0091044749791613193 0.50092517848457885 -0.50079126076118274 0.007658352496900043 0.0059557728862516543 -0.019365227963376891 -0.50585526409199832 -0.013457863777288434 0.0031403790193886838 -0.49153814105189531 0.0063075507835530144
-0.0099826060384524892 -0.49597520807885892 0.49981017933715838 -0.0049453476091968415 0.016918061839803461 0.0075002722996624846 0.49080387910555623 -0.0019489070194689637 0.021108598144235092 0.5122416231649829 -0.0015793710354593273
-0.0044714463230937649 -0.50104694063970345 0.49520342808407308 0.0045333375807484009 -0.038321455328036262 0.020276672925193594 0.50517970453711947 0.01529683854158068 -0.020424164961278381 -0.49593020248147707 -0.00093075823788971678
-0.0055209892268566103 -0.5097819636670925 0.48865122175048253 -0.0067824302319913002 0.017910896718511777 0.027352853922248985 -0.51367503730362107 -0.0070225800188085889 -0.012681859013199775 0.48592612422419396 -0.00069508996646534978
-0.0034062605155134474 -0.48886917318197448 0.50005556926653505 -0.011093179887374745 -0.0090369071223050882 0.00022692087881967662 -0.50971731857112546 -0.00094323311956676906 0.0078318910682584671 -0.50066758009390955 0.013891792861481294
-0.01123807788923444 -0.48882112531985389 -0.48888911593311773 -0.0056624660891792704 0.0050550550550437908 0.0054148546447051679 0.49228216270683894 -0.013392026645264557 0.014262324014543814 0.52829660299493564 -0.0025137411567825278
-0.025665684969758143 -0.49386486544905905 -0.4888035884840804 0.0068053329847210095 -0.0079526270044339518 0.013753093817244001 0.49224121947280985 -0.013564882343868583 0.062066766549041433 -0.5174410663640252 -0.046131875112297452
-0.0057442331036729206 -0.49088029592818549 -0.49906471870126107 -0.0056102133082255052 0.0012971520597591629 0.015339788540922271 -0.50300449236196632 -0.0016439192740940933 0.0017117205141716036 0.50659405812553449 0.0035759854184855911
-0.01528352245546122 -0.49617035438018448 -0.51725844931303999 0.0037562224831366926 -0.010204763539201529 0.0055081868186208794 -0.50141513465233989 0.0075108403233363529 0.012013382849952462 -0.48322465241741219 0.027432962096480024
-0.0084987821621881638 0.49497654895540005 -0.0011044462292283963 0.49279217955763882 0.49704492789542104 0.00097361427936328558 -0.0117500629158757 -0.00047951223966524541 0.013040444265559208 0.51385954449230598 -0.025807902219918976
0.0047877717465317736 0.51275599601487609 -0.027154650978947471 0.49985909893667962 0.51240617585553605 0.01909338363363108 0.012237313073472903 -0.019061234520088333 -0.0058423633414068123 -0.47144714127895948 0.026974114577453245
0.0045333819928582127 0.50829193435292408 0.00082458187124202743 0.48068353514481693 -0.49158590421522208 -0.014547757487347922 -0.011846204128505755 0.014869103066285479 0.0086769259494074158 0.51727022687240376 0.026227449801133954
0.013221597813934338 0.51067526100369476 -0.0038313734276315603 0.50381799511285197 -0.49344272335629347 0.013462410270284263 -0.020807214306480529 0.014376581879935518 -0.0072167524829686641 -0.49064105333161778 -0.010070094344733252
-0.0036561761788546678 0.48858799016603038 0.0022473209822112942 -0.50421572967252859 0.50010932607459335 0.0097378608631686122 -0.011585394484419118 -0.0068620015300545891 0.017429795677194906 0.50576191080779209 -0.023355409391407955
-0.024554716971610796 0.50196559058806856 0.010106724455844721 -0.5024434077519786 0.49921332303895821 -0.0079801158594635414 0.0037779287086879723 -0.0023959303170661382 -0.00020433173891003329 -0.49550859323539326 -0.0070457625313506802
-0.004907115928250729 0.50130143750691081 0.0047616054373437276 -0.50637574425358267 -0.48998939676138981 -0.00095710466876231101 -0.024177771434884594 0.022167165275291011 0.0051174285932915516 0.50101003255754861 -0.0054779628969384587
-0.0044778172059351381 0.49070988014609473 0.023914554583430041 -0.51991470877147639 -0.48809775753707163 0.0057832428607651918 0.012706602633432445 -0.0013216347160068345 0.00058818570393039539 -0.49985124965012456 -0.0035865503618582677
-0.016049943115515702 -0.50635204321701055 -0.0070870564714521564 0.49141498002166001 0.49620634555307874 0.017919233288953722 -0.012155749248188444 -0.017089442993470781 0.019920960288120331 0.50425673661946424 -0.012559857542962157
-0.023806183918654421 -0.48928173422748578 -0.016782940774215677 0.51556222930017104 0.49442152717414173 0.015826196992161347 -0.003867554879888237 -0.024020653697810371 -0.022838727509233082 -0.49531550512627004 0.052881460405183073
-0.0044797660199425169 -0.49114167006275072 -0.0007157204691132272 0.49060811263398335 -0.49106134849257638 0.0078380193773340753 -0.015025613281578381 0.0033098318967264293 0.016289257661689566 0.52548530116320713 -0.014946938140472973
-0.00021531093818609394 -0.49585394676736305 -0.010091212664554679 0.51097392103921302 -0.50991093785957453 -0.012949578889071998 0.0098721760445010642 0.0055996775596437705 -0.0041259507970268722 -0.48193179126848279 -0.018753380098296232
-0.016230922543840523 -0.49879635352672919 -0.004597721257083306 -0.49802101767636897 0.50261326384634319 0.014986106379493425 -0.0081074324722507623 -0.0043800816822906988 0.0059278865710463875 0.49991581988155431 0.0034818114648870438
-0.019695121594394124 -0.49567045603260984 -0.0044351738479110631 -0.48653474552537207 0.50701989762444177 0.0053381364444778385 -0.0085998050652248935 -0.028875884709431778 0.0038240201892004362 -0.50826620881284224 0.028854185609854362
-0.01114150401102699 -0.50477639890388004 0.0066566471577888331 -0.51188116828462804 -0.49233053940058957 0.0023889062192298249 -0.034424148538693036 0.0065001904770816054 0.0057610848232165484 0.48917916270366379 0.0076307209445955568
-0.028650835355836103 -0.49562012485568507 0.0092532745764604407 -0.49908134881802113 -0.50545861178085272 0.0010364766302919913 -0.0089746441088931293 -0.0022961441212421894 0.034786018665904875 -0.49745173231556172 -0.011331969940319861
-0.013288536172481963 0.49705208574785209 -0.0030591789532439708 -0.0006560015842382277 0.0073214913048674371 0.49619976777510805 -0.013092121901042343 0.49689447029753514 0.01223554289192243 0.5089272589667776 -0.015901398483156012
-0.0017736513507140899 0.50405768316530564 -0.0099331412820864527 0.001355584539185201 0.013947366798892255 0.50803461270432515 -0.0036122610806159131 0.48376672669124909 -0.010330468567210201 -0.50320670647004939 0.012708353573480288
-0.0083303427594926243 0.49612296651001586 -0.0019242352579065254 -0.016246227502467826 -0.0072778715108466159 0.49006802348013112 -0.018650237274156191 -0.50639537849538963 0.011171426570676128 0.50619727759625899 -0.012678111870905905
-0.013217155219051828 0.51618870905987102 -0.013913024326560476 0.0040883875957372397 -0.019492637473617711 0.49548084289570915 -0.0063166305729659101 -0.5028693562489458 0.020120475107617799 -0.48368741815813371 -0.002677016360138468
0.011867168188679333 0.50442905806100313 0.00040383375537625041 -0.014451683068678377 0.023396113144096072 -0.49525708407526275 -0.0098809485431937613 0.49701386120688706 0.01557100749243776 0.50172991913132914 -0.016695647304496804
0.014318312058652482 0.47736329009165251 -0.018940234103214583 -0.030355224843111327 -0.014733858425592947 -0.50288480203648833 -0.0070356572617656836 0.49324390648942062 0.045943477888446188 -0.51742351374136641 -0.065969272173660165
-0.0040239091111378827 0.48287698710798432 0.0033510405926924429 -0.015877664581224294 -0.0046777220011006765 -0.49749187745382373 -0.0055718080529656988 -0.50045100459604819 0.014307930362912202 0.51721734820788912 -0.028800856776824747
-0.00034129311338336102 0.50000094942417694 -0.0033014053783209751 -0.010582494242818586 0.024444483956841723 -0.50211673697794634 -0.014081081325287528 -0.51623439507073321 -0.0033374689961982351 -0.4799580751094929 0.009496063148425913
-0.012461240522237833 -0.49372155086296016 -0.017031079955477792 -9.842740351884415e-05 0.010264481462831739 0.515535918237505 0.0010416874134096391 0.48748170419460479 0.0045726207344922443 0.50212592134396117 0.010963164232170846
-0.015154107715101037 -0.49870221894065253 -0.0087664176447063927 -0.0091048978037741521 0.006112662499701358 0.50720896000971971 0.00064417551367903917 0.4914416630464789 0.017051520829299515 -0.50177462021986741 0.0049557889733183504
-0.014004102584879736 -0.49133819841244986 -0.0031347282050859337 -0.011158197594482415 -0.0008952346526292877 0.50581332398323353 -0.0052127807005395085 -0.50438017118443201 0.0050394121990932983 0.49790059724477498 0.0071747651102406938
-0.013936952508422307 -0.4821748978396348 -0.0039659250486479662 8.0087964845832008e-05 -0.012763704456134848 0.51332075781942466 -0.00147569825560582 -0.50643286258210896 0.011443975597323139 -0.49695731482392019 -0.0078944531075050839
-0.0066785213116604385 -0.49988144097264797 0.0083413478775785366 -0.0064790522933793962 0.015063154031091163 -0.48461457734513563 -0.0099637377666530174 0.49330762461181943 0.015472133818977395 0.52068594408035151 -0.0089034306981789092
-0.0036245445669940354 -0.50905517609673079 -0.0043109980112505143 -0.010528847940629461 0.012863040360026001 -0.4780924065589659 -0.008875968371406865 0.4832694774958104 0.060738214722906664 -0.52215062094752851 -0.044987438570471189
-0.010782260298128924 -0.50761131914654045 0.0076898269921993031 -0.0093712607876242828 -0.00083196536817704597 -0.48165391049687367 -0.01777459365505183 -0.49445094148589241 0.017111966561401789 0.51470132262875434 0.0082713526507733927
-0.012973459223553386 -0.50736424230337929 -0.033762254445440926 -0.008235977138749663 0.0033114217934690961 -0.51159019409573114 -0.0050647871246099598 -0.50663306891181936 -0.0024253828720342966 -0.47151097745733106 0.020947522654292377
-0.010671857198793339 -0.0022729490244264355 0.49773108583080605 -0.0035203108306227186 0.50446516757674131 0.018174025142008027 -0.013601378667261313 0.48761124956563673 0.026429727018126788 0.50813453027416067 -0.021632354381919978
0.021455451269049672 0.01647323892878938 0.48805190685665106 -0.010981959152573492 0.50179357925848356 0.0075515134746291053 -0.0077200633986660855 0.51506999514354534 -0.0024364959673400599 -0.49366190694945056 0.005873082187301969
-0.007311205087155318 -0.0070173097055178397 0.49132349644568096 -0.0058328567387871798 0.49868097483233514 0.009249747225614717 -0.015341525055899155 -0.49971864356117318 -0.0057202601946693158 0.50941584059176492 -0.014315224332558666
0.0049984582577913376 0.00786012249035699 0.50540120958978407 -0.0064573083157410359 0.50692768794501786 -0.0053901732407354184 -0.0034997818221869899 -0.50886304664819859 -0.0069549545191973624 -0.47703695609127278 0.029494779962785538
-0.029248872864712314 0.0036905628586356145 0.50367740431263541 -0.0033802247321529609 -0.48600742765002958 0.015100937871320956 -0.023287034321792324 0.49653565352925289 0.01065858719919042 0.51135972374811911 0.017463042287135948
0.0077394296796473028 0.0079070844194787313 0.49962574786697428 -0.0039761637207944636 -0.50396299616937945 0.00055596792053539627 -0.025161927776524647 0.495934047215844 0.022168534155389139 -0.49802019037663942 -0.034023743174460823
-0.014249471042092938 -0.01860426678922213 0.51303994830353172 -0.0088283042319591276 -0.49038010247024394 0.0098952687576734314 -0.010978204982897434 -0.49062258493249772 0.022660122307535162 0.50422647470718396 -0.0018666305794861895
0.019446470631646052 0.0096021870021687442 0.4963232181808781 -0.0030454824670114195 -0.5054852982495176 0.011502734294218095 0.027877607497871659 -0.50223010760788889 -0.046149307978713958 -0.49224409686521109 -0.0094694118097130766
-0.010266580910139593 0.00010194429607106718 -0.49707830375124368 -0.0081466224837636915 0.498253143233788 0.0025377182028699249 -0.0039850224149115326 0.48976684216034178 0.0055855518237618446 0.51432163539023401 -0.0057759455175089239
-0.0093327480753040964 -0.0060740444536357026 -0.5063796685211116 -0.0037729547419221698 0.50386977081605899 0.010580296161660287 -0.0019716588278974323 0.50345063368349119 -0.00052653399769416885 -0.48525010397715829 0.022590809336327514
-0.018233404199845316 0.0056194774844837295 -0.49610355190878208 -0.001257430734010689 0.49620659277612367 0.0037619526814610428 -0.011614141274964837 -0.49752423101511706 0.0034393967572874623 0.5078541438113916 -0.041080464114521036
0.0051803461601140806 -0.0024950925696460417 -0.51421427754649807 0.0077508934970470364 0.49625619698497597 -0.0046784133560846932 0.0077016481939096004 -0.50491503857978515 -0.014487805338387109 -0.48324824272883682 0.021474779942497722
-0.016479846363755605 -0.0091404946936651712 -0.49436252221317933 -0.015696779799588556 -0.49003338074744229 -0.0070752594776832788 0.0012289837604850203 0.49569442837783334 0.011625334976076901 0.51851502989759712 0.010674213936496844
-0.00055684568055870557 -0.012823279186684971 -0.50420993695265393 -0.010130207469910234 -0.50807555651954495 -0.0022533119360832209 -0.00030582029288663969 0.49921250005320073 0.012848749051993659 -0.48780065527757088 -0.0055982036790696932
-0.024152099804411985 0.00045254408917705673 -0.49728460696689558 -0.010573441076169287 -0.49984334263331037 -0.001435486304858362 -0.00025430522509302134 -0.501353816120088 0.017338839825744107 0.50050781640389874 -0.0016858954526732031
0.0068692652614179162 0.0004814357572994966 -0.48258247135202731 0.017014521099682607 -0.49752685582432249 -0.010160273094621534 -0.02751819931943808 -0.49686187851351316 0.077170389432049083 -0.51305954102833906 -0.04823591146686268
-0.010022920872114684 0.0096908280068989851 0.019277149522339939 0.49539063510082465 0.0027932383151641651 0.49521560096966377 0.48718850309214867 -0.0038771003428217268 0.0031626931760618767 0.52037291599824786 0.02470226025111949
-0.025721441592452734 0.014104821490743805 0.00085441767994601909 0.49049751119613338 0.0023726361890999536 0.50559850787693084 0.49671548222314027 -0.016246714844040888 0.027332569475862163 -0.50491794643425514 -0.01536275870909647
-0.0092863732838474565 -0.00053315227407991247 -0.00065443377829464081 0.48426219202620008 0.0041569176923984211 0.51230942723528827 -0.49955900435318989 -0.0094149802266811581 0.0038088491124593604 0.50315783405704062 -0.0097363711870267888
-0.014795205354224624 0.00032779749973896674 -0.019882943318782383 0.49755241563520614 0.00067266595951024537 0.50484670243926366 -0.50325033005216491 -0.013190216418336323 0.015620685859483709 -0.49317444810541922 0.007529453300604348
-0.015813847920012249 0.027414868063658997 0.029349842338863109 0.49389027178107031 0.02410013690670923 -0.52506241164464862 0.49306151964762546 0.0058283005547896108 0.028699901000349706 0.48337129947241664 -0.017968082286029242
-0.032336658701615451 -0.025105842688167474 0.013867276893378589 0.49473901784539287 0.012906527882331629 -0.4988747306554891 0.5003897685610329 -0.028591090115577273 0.027469598901334265 -0.501889948720323 -0.021610050126202526
-0.0071098888501749608 -0.00012680758849838538 -0.011080592957991959 0.49583726203579664 0.0030752840893176208 -0.50264241665911602 -0.49430407999401788 0.0010902973409767881 0.013988265838934748 0.50668112451250102 -0.00735263723530477
-0.0012516489902962065 -0.021262589739953892 -0.0082482341067397456 0.49831588719873215 -0.0078767766675175328 -0.48494375287915931 -0.5181014542661424 -0.043629425296344407 0.039031487733407547 -0.49356530825555001 -0.021547101247344883
-0.0069495123057048327 0.0014873597740724803 0.018344910203284139 -0.50522175981293604 0.0074655666294292855 0.51110214433060608 0.48351178878675793 -0.0053627178722476026 0.013866695424180585 0.49879182852907972 -0.016876344634103833
-0.0099548791504793337 0.0075024096964994812 0.0076622781874107707 -0.49670919045081763 0.018344235385454249 0.50210552582686008 0.49953524583948972 0.010233682158881235 0.039994885622498554 -0.49896658298391755 -0.020297337503254808
-0.0014566524322676576 -0.010656137527558616 0.0033818505110878795 -0.51096596705536734 0.00024185975524703646 0.51828143905037827 -0.50526953510834061 -0.0066185018439294287 -0.016009414136415386 0.46301677413310854 0.013748374079466101
-0.0033814496913935972 0.013218397536190293 -0.0052665006790296575 -0.48916829850847132 0.013073841570911827 0.48811652997879063 -0.49706913658590973 -0.014510808073881979 0.031705327592078683 -0.52252534778381265 0.027304767459069238
-0.014475169991096536 0.00041645694713704311 0.0091256703091838042 -0.50714179229083178 0.0091498300953145647 -0.50056867905625713 0.48322638472365215 0.012205527537675035 0.0042109460860224835 0.50789707846582843 -0.0150867707367773
-0.01761124818672799 -0.029759108886462025 0.004863304799662637 -0.51335461726979059 0.0025530463522818918 -0.50146584984997045 0.48690157248920796 -0.0083615778803741801 -0.019834305144227134 -0.4960247413897072 0.014003819121167596
0.0025063787600813096 0.00020683620788045871 0.0038217826700248569 -0.50043292808023887 0.010808075685112467 -0.49404503656900445 -0.50427448531985242 0.0070687509317418386 -0.0097048968864068118 0.50090831441034855 0.0016102306487773958
0.0093766218175950142 -0.0091190188133869528 -0.0082796180601201527 -0.49538481194332284 0.0072270267493249893 -0.50097709538107726 -0.50807552881431961 -0.022840070294355572 0.033519631784340038 -0.49349523047008959 0.00067710046947693718
0.49878408661347751 0.0024231213459407499 0.51488014850083863 -0.016470588329491199 0.0057810841520350457 0.013894079556460376 0.47683339363626004 -0.020386288085221752 0.017600880165236303 0.02114886588641093 0.50701725602172931
0.49881219853484554 0.0017476321047316689 0.51535362905363924 0.0026105995220782308 0.034138450169743109 0.013860533830981927 0.50043488981547124 0.0015122710101686486 0.017737664709296549 0.024138554913272409 -0.48259190782409173
0.48208807688236743 0.0105738653358367 0.50070211497346107 0.011002170962515734 0.017380754886762443 0.023925236458909017 -0.50989331460845488 -0.010499416321217397 0.0016735645057230557 -0.0033890519603776751 0.50563366155553613
0.49427261608943357 -0.0062959250478298451 0.50033509598406256 0.0064171056135312989 0.013202391422360108 0.0076450405174330058 -0.51258946586714338 0.01145578009060334 0.0087954564669373431 -0.00043023777596254355 -0.49202547132829183
0.49187796855712851 0.014355168192262872 -0.51049260947356156 0.00084073898499711322 0.0018871826221845732 0.0096053423886629397 0.48520594282933527 0.0011589777992778289 0.0036341293722271235 0.0071585642195824894 0.51152727770866813
0.49967801662800682 -0.016000184411229246 -0.5162667471962491 0.0091952521256601343 0.049397617163275863 0.011976892397059229 0.50523069820199895 -0.021171107463235649 0.0076105930975072797 0.012843591131681683 -0.47427549292052285
0.47660911879278051 0.0022685109909937151 -0.50132838415487502 0.0018271241719266494 0.0054336790703219786 0.01858161324235437 -0.50536619598052579 0.00079107511221603347 -0.011438337694225089 0.013305481411401645 0.51519590850082542
0.49626092212889311 0.011150492879167737 -0.49105125532978688 0.0045283391769475982 0.016994858950992554 0.015045380999085882 -0.51023990165719046 -0.012114667812878259 0.023749176049344782 -0.0078573505368156205 -0.50081578449531938
-0.49625123413337147 -0.00096854565389592061 0.50034346943032126 0.0032319433425353691 0.00058250841178273294 0.013137447418910453 0.49981641560345474 0.0053374530850213127 -0.010419421605820824 -0.012918354851586133 0.503076956229915
-0.50112074266581497 -0.015482537762273416 0.50406466779975012 0.0036276392895828262 0.017226475843454755 -0.0064253229839264401 0.48837793898177828 0.0093370646010320791 -0.0077442107028559406 -0.011329159431711375 -0.50538835784561598
-0.50411212496873503 0.00083807399555919882 0.50391390864221075 0.015591362139218624 -0.015664313897394318 -0.0066472350124543991 -0.50463570441172823 -0.010497430067684889 0.028867363711703259 0.010994061684634279 0.48547585361862716
-0.49560220331889548 -0.01738636161817628 0.50294309371295398 0.0015144143023783367 0.00063335454918643118 0.011201697179413921 -0.49964090700342623 0.031360146513774743 -0.0036886466441044888 -0.0052340296447867243 -0.50033063713134562
-0.4950099111224226 0.0056212602060561855 -0.50282043327299686 -0.0018305818274159586 -0.0082240110746046226 0.02047065917617516 0.50523622371363497 -0.0072707177689309748 -0.019054084462870793 0.030143811421192587 0.49500197508831134
-0.50828866822147412 0.021195391087798009 -0.49072123916347921 -0.003764025993941645 -0.0063757211704320799 0.0095199425878291048 0.49770616968582887 0.0084643340267459826 -0.00057874522251990547 -0.0025775414066939823 -0.50244457267398379
-0.50966103414512387 0.0022540999631612954 -0.49566251929812605 -0.00097669447977369859 -0.0039053395658308638 0.0040976569488809364 -0.48181902819896211 -0.004096280021013734 0.038762047606072866 0.014912776849939776 0.51052421801146453
-0.50257366871373754 0.0075519911600819088 -0.49092832546533904 -0.0043616895260762947 0.0070540114117154697 0.0099420087924496151 -0.50243746920104826 0.022388591482829675 -0.015233680797236379 -0.010158100482703937 -0.50289612816942142
0.48022407209609619 0.017520252016311959 -0.004521226710665462 0.49302403886432117 -0.014049749713509639 0.51189969753813047 -0.010172005921707472 -0.0015592722534660179 -0.020581222520081623 0.021318025922420457 0.5126032531782726
0.49165217266247707 -0.010307395727687133 8.9574084634041291e-05 0.50260425988791302 0.010416446187467981 0.5108265460798187 -0.016396839154010735 -0.0061522374506246362 0.0088953117810088855 -0.0056265908956508424 -0.4940557606595552
0.49626341818982284 0.0049145579408054682 -0.00058651179998608937 0.4962113743027935 -0.011006411700546732 -0.47943968965634948 -0.029407340153009262 -0.015846778891737377 -0.025006258398983981 -0.058972855947276533 0.52179480165399217
0.52493085035386267 -0.018288745934839784 0.013700241799680409 0.52226525637531873 0.063634338268444765 -0.48503523501712092 -0.0072221948388241485 -0.0084234125219646225 0.0044053603817939867 -0.0064360347295069169 -0.46007822980645346
0.50051050473938463 -0.0029276339591624463 -0.011471717987715025 -0.50612813589873751 -0.0024252803403413022 0.50007141319843884 0.0074729696259944285 -0.018924165365851332 -0.0099966961331406558 -0.0181020087675129 0.49220370487753462
0.49010133995577471 -0.0074168496168117966 -0.011993202821845048 -0.50155380786168247 -0.0063361696304909294 0.50974723588445892 -0.0098855539110717493 -0.0013755008849897481 0.017951416377250673 -0.01233942054631789 -0.49758324474928028
0.49568361312550052 -0.0037117390147788092 -0.021048337305629099 -0.49981508714362749 0.0047003351194202176 -0.48674863993230971 -0.0036736033517260334 0.0056048272624516903 0.012269738309094214 -0.0016620738335403568 0.5166055311246619
0.49533829206581736 -0.014293119940428244 0.0093685705392230964 -0.51242968175869785 -0.0018952231774837288 -0.49039919993242892 -0.00065935936064477662 -0.013742440035861432 0.039437331581430091 0.007375463213261082 -0.49946949568154858
-0.50998463426299401 0.00096663886364063191 0.0018664327437445138 0.48456448915746003 -0.0052961280464023505 0.51076674917249176 0.002070015671572994 0.0037371992949164845 0.0039559868559582382 -0.0056750687603776941 0.49409683444434371
-0.49660684032881747 -0.0031880242117896464 0.0064823856931409138 0.4949856792944749 -0.011887314845936475 0.49692196602867295 -0.00083720019509996122 0.0085895963517277369 0.013904192935934602 0.0048698292734130327 -0.51083692715514784
-0.49271610649088632 -0.008845273656979187 -0.00091716827216356816 0.49841009942614434 -0.014833201582897162 -0.49712488077609768 -0.0086605904316312612 0.0035145809382639481 -0.051495313357792206 -0.012326252781354909 0.50842393557314436
-0.50245023208613182 -0.014365181339572434 0.010451913151870001 0.49389566599894663 -0.0083748417764911553 -0.49852819914915925 -0.020377618409936141 0.0032437722134962856 0.021573586891570948 -0.0021339864518318814 -0.50378466451365156
-0.5140753060946931 0.0052768850226941836 0.0016254426084981771 -0.5051939714048691 -0.0016530995263712299 0.4975351310951911 0.01809100105621023 -0.013369730478258575 0.020268113409042176 -0.0042841849882922934 0.48165965084715356
-0.50363870514423759 -0.011219267940636693 0.0068787440127503329 -0.49481628391785165 -0.0017643239094053539 0.49548868516692435 -0.0021342055972493651 -0.0064603054525225658 0.0046978603486062427 -0.0049796784018325043 -0.50569398189204351
-0.50104171548501797 0.013176864056224234 -0.0053516331455281162 -0.48216107040851791 0.023130175146066374 -0.49106468684344501 0.025821603750011746 -0.016219407156669072 0.047638113642481925 0.018827053574768757 0.52061735269703213
-0.49575614697636994 -0.0086630264455834442 -0.012603350013413088 -0.51089249039810791 -0.0030445554234566209 -0.49186362070153888 -0.01421081049320029 -0.0055605582397664777 -0.010660980939180307 -0.015683794023130509 -0.50044901637578898
0.50594232492284219 -0.0083750246993409411 -0.0084952681988155407 0.0061554722832543951 0.50050392531229193 0.027030740358638058 -0.003697462628375827 0.48550910228685579 -0.022988648262885176 -0.0019493659113477926 0.50630256330095613
0.4979581369401333 0.010784036495859147 -0.015760138800861318 -0.00020835823673748214 0.50933665071693157 0.014926604517961116 -0.0058258127804405721 0.49106066895554945 0.036632426345626863 -0.0063410984191698515 -0.4994693993219797
0.49482603705458139 -0.0042740566917427525 -0.0090608113095788194 0.011557744780053636 0.48992206305033631 0.020093912466327211 -0.009565587925315918 -0.50203399648267444 -0.012278356090320791 0.017480269727530594 0.5117615661514765
0.48820140483336782 -0.0015507381956408805 0.0026212122811116408 -0.0018794547554433509 0.51076062382879994 0.01408036013862503 0.00088720566917451958 -0.50940827012914547 0.0070822306324022756 -0.0097643238164047096 -0.49084502259874863
0.5028943992411482 0.014234954458221784 0.01302745824332561 -0.0048602933957210877 -0.48616818949387075 0.008019440235612716 0.0087620458358160722 0.49664384442776666 -0.031272858024413215 -0.030502429625143903 0.51150480031820755
0.50776331973626454 0.0018278161076780203 0.010961315974658331 -0.017817798487347335 -0.49210942481195413 0.012178282963811873 -0.026714898737584026 0.52271293668866803 0.016756382896841629 0.058178230357275755 -0.47096440036547638
0.48244566382257825 -0.0012350343794515551 0.011950549487652362 -0.0041384440837116772 -0.50570461920587195 -0.0022872582385073917 0.0070267429408817396 -0.5100050630226588 -0.0020189771829733473 0.021656557261023491 0.50071418812892465
0.49712191228300751 0.021287256956469634 0.005166093614013316 0.003520457351363783 -0.49719116834048099 -0.01089663448338248 -0.017923838184280585 -0.51050698397560357 0.023830209078869204 0.041613708383255218 -0.4917535522027815
-0.50191774215430263 0.0024103284161062673 -0.0096473355996004699 -0.00030077592452787226 0.50293483380370418 0.020269801760497211 -0.00044483779532834502 0.49443466551750631 -0.012186835372989521 0.023621349628969671 0.49945267393415899
-0.49665821408567162 -0.011445040093399811 0.0031757290965462007 -0.0083733590134622161 0.50640266622673868 0.0091757374714673979 -0.0024225180985872319 0.50335779062782426 0.012217490530127511 -0.013927632486305999 -0.49282187098498781
-0.51683831860812579 -0.005170505045185938 -0.010648851468794778 0.030855672569353131 0.5082973052857771 -0.013103584109890808 0.0057928432667020578 -0.50911527238003229 0.0063420077593416644 0.021417270895734766 0.46207927360198325
-0.49566316010376421 -0.013220602529127623 -0.013755798032823213 0.0095656019453094522 0.49626195743316437 -0.0053632190897885236 -0.0013390740295362979 -0.48097162200249854 -0.046511973687359751 -0.059373426508132675 -0.52012860754590207
-0.51356979893939914 0.0030048335389233666 0.00057202723471197286 -0.02198606310049844 -0.4952858687632713 -0.0026023719388357219 0.0056038476719142208 0.49382924670326578 -0.0069566776821765449 0.0043181706549012934 0.4964601537890147
-0.49975269066993816 -0.011834651396622719 0.00046363646317779496 -0.015742478326851973 -0.49488803373417445 0.0061977398377715074 0.001568897115493587 0.50714084282033511 0.0010930045131211854 0.0044613691779014537 -0.49768582090609748
-0.50513545313356234 -0.0069200189443925511 0.0061887173746415589 -0.012395356313252366 -0.50626836705537936 0.0008160356071440965 -0.0028118817046765424 -0.49391089889985668 -0.005410213136286114 0.0058714132085517061 0.49423718012652651
-0.50233739845389336 0.0081267788037863685 0.0038250483043903581 0.00036867094810793611 -0.50931538059927717 -0.0027244669941341856 0.0020147677979872351 -0.48021931048190802 -0.0096551628798199254 -0.0029922069647842415 -0.50739523658673247
0.0098171522066435937 0.51031918097118434 0.49856342714161161 0.0010758401920927642 0.50665513986408495 0.018135066274283712 0.0013775731869744366 -0.0071002717877850828 -0.0028630970508982576 0.039113900618349982 0.48196741720475689
-0.01064625852641652 0.47747404516048164 0.51013380842435485 0.0052449742642268725 0.50743691189549933 -0.012066604515891324 -0.013188672771226493 -0.012249264948682248 0.00041496022698350949 -0.0036448064136954143 -0.50365257493562943
0.0027829589296718437 0.48712345884229236 0.51769759890262823 -0.0038990674483378304 -0.4989661477134652 -0.0055371323595866323 -0.0098662896314791679 -0.0076584444775814548 -0.031101919732068061 0.0045272653262856668 0.49450509296119266
0.008717586159218655 0.50328224076266492 0.49813751929001865 -0.0023529716307099406 -0.48735918758316082 -5.4936110558411285e-06 -0.0009407521209091322 -0.0012877667576046037 -0.0044228630747201849 0.0065572652831963922 -0.51078408811269171
-0.010346314572325079 0.49960668605913938 -0.49088448439499899 -0.0034842623900504634 0.50053861879527561 0.018091891738000618 -0.00068113847596234579 -0.018129354319422145 -0.01450173909818391 0.056470611694397016 0.50468980830190413
-0.0076234204153184625 0.49654850632737008 -0.51019546128459958 -0.0098639720597526633 0.49510452128555898 0.010553456911942597 0.00039465288334458531 0.0032152208541660686 -0.003522056313843201 -0.017003111581851929 -0.49742626703326709
0.0035650778859727247 0.50309584747179159 -0.49821063414288874 -0.0030349273901933071 -0.51274871549824252 -0.0022390744322875003 -0.0084333680336939019 -0.0047899051488008064 -0.027759376975563809 -0.012606221546238028 0.48447805760436891
-0.017024300490556352 0.51351201769657628 -0.48809204629966535 -0.029101821213304187 -0.49298566401611871 0.013098656953803425 -0.0061756847076690994 0.010908611855045176 -0.022644907680847072 -0.028086239539173156 -0.50226448598933182
-0.0084305475295830198 -0.50228309095526735 0.48633109760578325 -2.6811747024377342e-05 0.50326651237849174 0.022325366295793712 0.015065087841565496 -0.0059877359067630476 -0.025801864917235715 0.0096044323766088582 0.5062867660942354
0.014127598643144994 -0.50334458581583164 0.4769389444450513 0.026898880605230255 0.49675960156645016 -0.018768689840527021 0.0014418421002326876 0.002197404432759262 -0.072401023069285822 -0.081096000091814141 -0.50921762542772497
0.011038189727014737 -0.50027261919237698 0.49614013287473824 -3.4051847122243382e-05 -0.50671698202375126 0.00060383235248235526 -0.0020643367696175472 0.012923884896745109 -0.025372711815138036 0.0060413898133843211 0.49581892519127935
0.016780862274442372 -0.51077162779479079 0.50604020092044899 0.012974359642882127 -0.48987114104269802 -0.0099146544142498828 -0.022755866478538746 0.00056038788029662496 0.01726777277884365 0.0035137944082311036 -0.49161471349539065
-0.012065902068923847 -0.49408590953579978 -0.51190938092216332 0.019233303734896911 0.48455815699525306 -0.013807779292078558 0.0069807814496866648 0.0075366878811959732 -0.018264419493016611 0.030212974810657909 0.50692522686976749
0.007003538565519548 -0.50696493625742345 -0.50317653251003447 -0.011434771233382568 0.51037156892773783 0.0095895565394251391 -0.022006108541782546 0.00036513312622308023 0.011700426562771041 -0.015244188685984303 -0.47769796066228459
-0.013599159601506598 -0.49984325624465675 -0.49428695959015512 -0.0082322685676553212 -0.50242417246015469 0.01125629668797465 0.0062171363890630993 0.0052088878694383223 -0.021161210560840249 0.015615140427633454 0.50226511460595291
-0.012819217943079896 -0.51170536157519653 -0.49984006581460866 -0.0072011600951706022 -0.49526274386883867 0.0024952230115746986 -0.0083860829256293731 -0.010480678011628513 0.023141109943857131 0.018325581561211196 -0.49168935515880247
-0.020363201810469335 0.49359963138931634 -0.0019972265898438044 0.49688535773847459 -0.000895224037270391 0.01367143930939114 -0.0073768506102469596 0.49982071631564029 -0.028433063299525458 -0.013723811441195414 0.5079232600543836
-0.011399729286987903 0.50441463983168233 0.01615662307453956 0.49363620927900181 0.036901390307910238 0.011627803866186226 -0.015692762175783349 0.50690512587677328 -0.028168388526895446 -0.022708989954209349 -0.49141940287695163
-0.0095084921480144465 0.49554199747078492 0.0068515115797730987 0.4855666050986539 -0.0063721452361011422 0.017424645016393202 0.011635987485713803 -0.51375529443997159 -0.0096456569632876119 0.023470312015820005 0.50344595600588116
-0.0040328612248695201 0.49431593827323156 -0.010948153397007403 0.49275344210744471 0.010684489671886243 0.0078191821313071848 0.0035267314733924923 -0.49176387875314814 0.011920611622655458 0.0024318025487198185 -0.52013672199988381
-0.018035375032043537 0.49166743146104741 0.018302697702788525 -0.51001281662361608 0.0069978416028713512 0.016471194039873106 -0.00042576690164382119 0.49645829404048264 -0.0086368032379972818 -0.019415101475658468 0.50024690970527252
-0.0036056615659155514 0.48499186161562102 0.015387779815676558 -0.50849562508176482 0.012942101544903602 0.017760007280185772 -0.0049158714992210001 0.49450961377695135 0.0034235699969491981 0.006434702189565795 -0.51074978501329416
0.0018558836719620973 0.5014136627280249 -0.0013130610949254867 -0.50923987473603893 -0.019234543751096497 0.00042223257799403212 -0.0025990921051888666 -0.50097650380816605 -0.01393598008329233 0.014170395392375428 0.48734438554999404
-0.0099459882030027355 0.49416735599812955 -0.0038619911901247397 -0.50200201728890015 0.0082332762875435127 -0.0033024784638500102 -0.011254150545162234 -0.50316170497906532 0.012936311646678647 -0.0053192978554262816 -0.50010605644537731
-0.00086436970832462262 -0.49381904293799578 -0.00020172796915327352 0.49736288894346659 -0.0055471427027420596 0.031323759716663353 0.0055308943806486981 0.49990375221166083 -0.025306137474846922 0.0012718067027585854 0.50713292403014065
-0.00035822483073899499 -0.51099919900309643 -0.0056298315400937059 0.50008628900858609 0.0035470108539915873 0.0075976744069912051 -0.011509817800016066 0.50838397580321659 0.020049759463396592 0.015145646531619962 -0.47903368010041475
-0.0070162759206886484 -0.49165732633522435 -0.015719149421704916 0.49695401312875931 -0.012506654945259767 0.005991067088121668 0.0023335284834826871 -0.49652904461169833 -0.018736194064353538 0.037567548999791971 0.51235949293728356
-0.0013173301800812095 -0.50135810898219479 0.0029542983327838315 0.49350081640646981 -0.0094976485939560484 0.015467659885374876 0.0022343560130556848 -0.50896124838610113 0.021541096362826483 -0.00038603557194537969 -0.49522354662702811
-0.01271165946827328 -0.5030069081717371 -0.0087808559112647813 -0.49287114930658593 0.01248893670980201 -0.0071349203614971346 -0.01275447957629176 0.49222700074612874 -0.0044211972895120454 -0.030768472104279319 0.51009819377561083
-0.0014307808985274022 -0.50588785832818095 -0.016828188627403616 -0.50900143776192741 0.013400991057212219 0.019299097362279888 -0.015856804612884256 0.4943664494938706 -0.0026167733936063356 0.0054761670966698072 -0.48935802212579793
-0.0072521589391255767 -0.49338385322619382 -0.012712776488773607 -0.50128892870250652 -0.0022453178903227124 0.0011321309213393534 -0.0015816966787801621 -0.49578284392541483 0.0068634009760549274 0.009073740414849131 0.50904683726996414
-0.0054948375933454681 -0.50254751139793308 -0.023620304359598759 -0.50547886346133475 0.011529143050648409 0.003359535698507621 -0.0059444129510903103 -0.50152845469676699 -0.014393207518151362 -0.020593804563379239 -0.48888383243758127
-0.0029992454637718059 0.49418639579559293 0.0055462669302396217 -0.011392216586715813 0.011963756323476918 0.5062176937477274 0.49955764788581752 -0.0049364608326838144 -0.017145649762036592 0.010141901590604524 0.49923114731810886
0.014744571653566917 0.50085293648563256 -0.00023210758492725676 -0.0018730864290812347 -0.002411485885872582 0.4904572361760528 0.50828900076533434 0.013068071653747276 0.015530457034877728 0.010761246854981352 -0.49948550848526579
-0.024186676194070771 0.51063738119186119 0.0058777387471585577 0.011177062140335686 -0.0022172248326959494 0.49890278128422755 -0.50326968533280236 -0.0050329548188834759 0.02257322904581625 0.0083141122343464019 0.48550150555199012
-0.0070089759468577543 0.48940026891888783 0.0077541316614005039 0.00086040419221866009 -0.0047070960385029292 0.50885769005492187 -0.49968414778204423 0.0083631957584475933 0.0037445717188453061 -0.013952386692808941 -0.50145408284728188
0.025742255633681689 0.50515209598896338 0.015073166592498933 -0.0049906231041818745 -0.0057508293226642294 -0.48041641766287624 0.49313111356408246 -0.0035948175701738744 -0.043161443448112458 -0.00791446547018043 0.51764545422741459
-0.0038099571510246252 0.49111739357217765 0.023865650207958021 -0.032481169443266684 -0.00040691846807534089 -0.49985887897320019 0.51873243952939496 -0.028934421117227459 -0.030902423774355398 -0.025056116076195043 -0.48559470401218674
-0.0030921460507033829 0.49251382506629465 0.0055812594350243706 -0.0052111355494144761 -0.0095800515182444378 -0.48674553011783556 -0.51245671968358375 -0.014366520367166577 -0.030138361368309715 0.018815715402201394 0.50622982671470984
-0.0033078641802419552 0.48289619954986351 0.0046339465709906288 -0.008939605229859978 0.0124763710359399 -0.49283212000262011 -0.51523954730044419 -0.014232462208527785 0.015118703215124504 -0.0055294293058488564 -0.50766747610382945
-0.00022119867184497113 -0.49322696010701722 -0.0047737785124146248 0.004923609308288516 -0.0086489820262614699 0.50393570890239214 0.50503576428690944 -0.014074561409198889 -0.003198885642132904 0.012437261293417951 0.49722223158486067
-0.010987230873162022 -0.50941311292580871 0.0098214061569294863 0.0016741460920258967 0.0011510984691011339 0.50788118371471147 0.49153973655226402 -0.0073636838470956863 0.0079261868411804205 0.014031006499858965 -0.49031464033097016
-0.007586835102248583 -0.49875744108057868 0.0086400969560342881 -0.0012273974882222941 -0.0091330546528477427 0.50649145430395393 -0.48482029504214352 -0.010521765645479009 -0.011470174738180029 -0.018882312587624954 0.50876395162729837
-0.0087754144026345529 -0.49814911869935863 -0.016920357714528059 -0.00022499995039365587 -0.0018108166269721552 0.51194593888107076 -0.50037635723888474 0.0021458929097599496 0.0001775260216646119 -0.010506278883863643 -0.48877464947126847
0.036981231775141128 -0.49844454625226325 0.00050554240681380811 0.015002043948702339 -0.012145718853388318 -0.48189924500162545 0.49844116475667871 0.015556717451857403 -0.035878410894033701 -0.026891205190118946 0.51661368702897603
0.027532386067086946 -0.51918382235312144 -0.013305441283884282 -0.0052451513814968593 0.018908967362757319 -0.50915022652538777 0.49236199325799668 -0.011122345531888506 0.041577910272941151 0.0194309772690941 -0.47459851796069391
-0.000938726391560425 -0.49730942229035879 0.0062005991533608737 0.0053514889632626864 -0.010388628234525805 -0.48050157762437923 -0.50919095328766417 -0.011776288156199558 -0.024190124156920925 0.014318800404792983 0.51129383304455867
-0.012294610632626763 -0.51033642048690564 -0.011571288964991329 -0.014904084265700284 0.0077835548474883224 -0.47546894637681991 -0.52025523989138123 -0.00024866166216779261 0.0130521488127299 0.0056022591221058194 -0.49198671827620011
-0.0041783174447224264 0.0036421591606487658 0.5022379026177306 0.00035706093392301528 0.0084412315686804712 0.50908960845410733 -0.0050369510408465427 0.48860576617109408 -0.0042313284136483754 -0.0017074965021484842 0.49970087942626346
0.010726042010873077 -0.0012257489203357566 0.49798258215533403 0.0069014000476124611 -0.0019070192480136281 0.50795744267727794 0.005009883028139238 0.49778527307296666 0.013879267336738117 0.0043393640647737177 -0.49578022011515011
-0.0023173255324867694 0.015913218129979912 0.49006030419624408 -0.026926087192994618 -0.012739515924341614 0.51535654769430073 -0.0066285437251461295 -0.50901282926639935 0.014493623474671438 -5.6620223047892293e-05 0.48348169642328082
0.0087320407604310861 0.018697868996343289 0.48650404175312689 -0.0068644275510093564 -0.0048687400089289269 0.50880506480058196 0.016657290062041741 -0.4999716827369925 -0.015738762156910897 -0.0096589053265271826 -0.5033332768832337
0.0062393262415024282 0.0014344601230924074 0.4752060555853676 0.0035891453270948683 0.029622515618645522 -0.47247529910744929 -0.0098134982199403076 0.47643126733940738 0.075597482576446356 0.09196375020137304 0.55566137731160625
0.0098709972537222006 -0.014556064679376155 0.50991299951110614 0.0067291470520795954 0.012013263986303513 -0.49902356117832414 -0.014672309992582429 0.50437469850108962 0.022980313964063772 0.0079023011690814264 -0.48504190377622686
-0.0034854144016087663 0.0034658180508287026 0.49747899922586281 -0.0010955760311850068 0.011682389105679794 -0.48770795423654972 -0.0089174546625713173 -0.50442658603621648 -0.014009664568682505 0.041583880072486069 0.50797890380629285
0.0099388437707024803 -0.03279302482859462 0.49649710520098267 -0.0037358267991877822 0.004699383085738318 -0.50408266755159625 0.0013266995745034227 -0.50718215549707402 0.023764182507801525 0.00034873792782784619 -0.49028637359212651
-0.010314414480866403 -0.0021913015721609537 -0.48714863197552799 -0.021622273405350331 -0.0064421417346494534 0.51527281506323808 0.0031336124927667398 0.48434309576530293 -0.022326896803352786 -0.0094572407413858802 0.51124743511247961
0.0078840535082045742 0.00014981244951145964 -0.50701311874011346 -0.0029931720355305938 -0.0059173607324890191 0.49677518270559412 0.0064578478017268837 0.497577382472914 0.017111702330963242 0.013111034201836347 -0.4979521014832175
-0.0023442968176926675 0.0011764106357184873 -0.49728097246887659 -0.0039766789886791316 -0.020483208886874698 0.50358512959837387 0.0027703380932598749 -0.50267144329025726 0.010117722048360081 -0.0019702109175178998 0.49586176649646313
-0.01005299515114504 0.0027920752852435668 -0.50086271369300173 -0.0096460554210624685 -0.013154414101185841 0.49875620958635286 0.0065323814326943416 -0.49509719051132961 -0.0028956665116862792 0.0018445857675632661 -0.50480506594041075
-0.0020298782416356183 0.0042298123271844274 -0.50103385762640584 0.0067115836610107411 -0.024531733376924367 -0.49223910855648029 -0.013670084986344141 0.49513208829987349 -0.014438524841504728 -0.0035446269098346607 0.51032654157564006
-0.01503711831815701 -0.035560450345753683 -0.52643008865830765 -0.026162531467051154 0.0039739966260708215 -0.49170860490625662 0.0072851464216623718 0.49370150809667279 0.0070203681715774397 0.0088828299320653312 -0.48474801254477901
0.0029093415856206706 0.01361801411321977 -0.50162932372219837 0.0020723573842140611 -0.0047763629726416557 -0.48307599616963587 -0.0066544578421919879 -0.500089156742755 -0.024976186991153452 0.020126695294287844 0.51344156467952673
0.0042249573900001213 0.0089724717657917504 -0.49279003437371299 -0.0035242724548199826 0.0069953486036491222 -0.5055842420847213 0.009898416606782829 -0.49172114332021738 0.010554289709001366 -0.0060197267220126359 -0.50926177324052369
-0.010483079135745501 0.0081241661137611727 -0.0024281759107350636 0.49933897118556148 0.49135065919007148 -0.0068454095866901246 0.49024745003048958 0.0017381852943128796 -0.024569289422235151 0.028693743809883755 0.51694671331666153
-0.0069018029533651042 0.015197641943173015 0.0031434538911590828 0.49574340363644165 0.50774780867829661 0.0093682212267148322 0.50024363728448318 0.010079346713947428 0.011960997948361512 -0.0076959941509596366 -0.49548643653051072
-0.016963344203140211 0.022283409131367723 -0.012239315295175798 0.51245627676463246 0.48595495182497533 0.0037067025350837777 -0.50221530292872452 -0.019568461545734068 -0.019250919205444729 0.026927718195404255 0.49657795789699011
-0.010065972603252276 -0.00058075399244275931 0.0042223694751627365 0.49379230479728986 0.50095354243218981 0.014805920763598436 -0.51489400118840511 0.0024010828278366778 0.0076700992861480355 0.00097689605578100817 -0.48958617307560287
-0.012423688651728207 0.0093629741126674722 0.0018903869159061994 0.48639587607544577 -0.50654302426843034 0.012487074928913331 0.48059868778571957 0.0049796357654569951 -0.0080318312401421559 0.032026651194939783 0.52377627876921407
-0.032942218529626664 0.03469048860418112 0.032152810439999353 0.51235911722555327 -0.50173423728422162 0.0010352867662300265 0.51876897996066551 -0.0052950031413057461 -0.0019744397491446718 0.0096553447668004805 -0.46171525815263897
-0.014633756114654223 0.00443328164461676 -0.0084717001943369827 0.49344563350118809 -0.50871754090996357 0.0072741410638834268 -0.50572394799076514 -0.010515581829137591 -0.014542755364404294 -0.0093292271931868787 0.49111462151557295
0.0077645901020393865 -0.0078986813605998792 -0.0061185155608650555 0.49640493106654449 -0.49193746707049069 0.014387263069426559 -0.50881574394937856 0.005003442641061096 0.0092978717996703621 0.014378431741807227 -0.50199689227994604
0.016594469823658947 0.0071542035564025842 0.0090551272049318125 -0.50634026688853395 0.50553847855008349 0.0064699746976765986 0.49591952289797803 0.0023304739930389354 -0.020906818056120109 0.0061541794292000081 0.49110425838909744
0.00071389262896664053 -0.015991484852292692 -0.00097158985417515674 -0.49296025472052935 0.50337729234973838 -0.0029637903725758838 0.48719120471679556 -2.3120265804916481e-05 0.020459074705302987 -0.0096960921204983352 -0.51523554333302446
0.015710035662841688 0.019469141093684205 0.00054722364151406171 -0.49724164401508303 0.51557528976255862 -0.0056888859451749377 -0.50461892259364749 0.0079736340071098616 0.0022726966390813827 -0.0011988267757487966 0.48121088337283285
-0.0011335634578300098 -0.0049736978899223069 0.0064962728227090562 -0.49311375733581131 0.49798307158943206 0.023266586044223141 -0.50197429868077681 -0.0070810336786752094 -0.0087183061773803156 -0.033300709639406845 -0.50500380277167534
0.00010317211809368816 -0.0059244112671841022 0.015954434066504906 -0.50494710528513709 -0.48090433713929898 0.0014376206269988382 0.49798465383140345 0.010994410593490244 0.0032386585526451819 0.054711104340230569 0.51220536214368628
-0.007161545867424895 0.0015505731724737059 -0.0023251539530803546 -0.51400455551003665 -0.50001901884086841 -0.00051503824800521651 0.48216649771750819 0.0038487417573708198 0.0049456390002001168 0.029257368449976898 -0.50233568139506801
0.0062099481994220126 -0.00080987181127810284 0.0010938972902746833 -0.49214326565125954 -0.49899266436473727 0.012011185241471852 -0.48583209630219915 0.0038716864777281037 0.034122027774522536 -0.024348864671346209 0.52039566361502076
-0.0058661190631576201 -0.0067116899363185547 -0.003531643605837576 -0.49947646820601682 -0.48909316947915865 0.014346759442368009 -0.51066746352753156 0.015748362653571279 -0.0027112745428390906 -0.003741997004384605 -0.49996274495847781
0.50391712651794518 0.51758789788610271 0.021842189911170051 -0.024716946808193987 -0.0032195644905591001 0.016882369656969209 -0.02481956632152393 -0.0046503879274403838 0.44201332136021348 0.47754946920642899 0.22960836235614518
0.49211762609315818 0.4748791665073846 -0.042344852886143376 -0.034027017791392056 -0.039584801363846539 0.0083835867717613772 -0.027509958325414828 0.039870944322201417 -0.48388195131542072 -0.49004442000589227 -0.22603116461639969
0.48400413302690753 0.48899772684586862 0.06883393384012064 -0.0089465425871208381 0.019307187186169503 0.055765647014264272 -0.010818728578446979 -0.05525070194098225 0.44158080803008731 -0.31335546741261711 -0.4711322027683999
0.48260824778324285 0.52262609244409941 0.01145067910194723 -0.036962103074766467 -0.0035126777912541612 0.042848152426120063 -0.032880785323699639 0.017302800416405525 -0.47554091746146393 0.20489149156637101 0.47021846841533232
0.51104039664478429 0.51775186716867183 0.0026998011491899828 -0.019545072875403798 0.034728960369622426 -0.023015596275102395 -0.0051475262299487731 -0.010581715412545935 -0.21676040893514853 0.41276348594141199 -0.50114704423421785
0.48647793947143603 0.49628415316731184 -0.0082482338619870518 -0.023595632442363956 0.037266412225236113 0.023704063234419495 -0.028232429603425986 -0.011666809833233207 0.21315821952976671 -0.50050152923827695 0.46647015610917608
0.48917397375191435 -0.5088121753846917 0.023135323263149796 -0.015430074826593735 -0.013835848461687384 0.028028103304265261 -0.01950863744984397 -0.010896202497792279 0.48308298429644619 0.49283619047299781 0.15268484991709305
0.44229600272699982 -0.49990445148875978 0.034972126652879056 0.045727531598077888 0.025662232906457447 -0.0044245918784279947 -0.020132068515402488 -0.00014077598143090458 -0.4638878966693904 -0.49888114112857301 -0.29325399861390067
0.48629024617987976 -0.48928233310515612 -0.0021123241998570884 -0.023001332182071087 0.047400434038347733 -0.011114656831709108 -0.059316344296361248 0.0027044611104529805 0.4786173100096614 -0.2763713696157527 -0.46069439854153604
0.49306516544510198 -0.51135573615278884 0.00038576180751743197 -0.00053082813594651631 -0.0051561874516269837 0.032433887394342081 -0.019176222994907746 0.0054956877346501636 -0.51758629610763329 0.13723900235780689 0.45518681002242894
0.49212374949527743 -0.4918712220547522 -0.0089349644571492977 -0.0053207226383550294 0.011541006266368578 0.010564545762023619 -0.013912859354251468 -0.012217513944850236 -0.21746436404802208 0.42170385668929122 -0.53856869597591206
0.48229495979661946 -0.48665937325809777 -0.0048292301272174088 0.0052065189058832107 -0.02532257862786632 0.0082192446257944758 0.0082247741779908571 -0.016307760585878912 0.19151633249244135 -0.54829390280331891 0.43835682779356194
-0.49737185056194821 0.49836705002237985 -0.0025363413175495822 -0.0075266729492788004 -0.0051783754623755812 -0.014251079431206324 -0.004974366428216013 0.014807957987869975 0.49763247230571611 0.49092280272599964 0.12276496804725152
-0.48763721883430566 0.50787595474571479 0.0084748752349059799 -0.0020766589277856811 -0.010463751931095914 -0.0086535773648703622 0.0049959910263062271 -0.0092168676602462276 -0.52115350584107045 -0.47983589720326708 -0.045365971821761907
-0.50965337383695108 0.50010908478441174 0.019958003668508122 -0.0029043557495652427 0.0012854028383739587 -0.001004907393270313 -0.0070604708289176716 0.0055795866720723258 0.340397377141758 -0.34123828980748833 -0.50728689686325268
-0.48815932381510285 0.48914881335552629 0.010908487916737514 -0.020130577846938266 0.0072201416265264421 -0.021581446928295396 0.0061749480148441845 -0.0071650937155385676 -0.41550663661959186 0.35422955376962745 0.47241716523202426
-0.47822809828600132 0.50879759627608889 0.0014779287765134654 0.00043688561947614657 0.0087563764379747118 -0.0072357435920728831 0.0055185254311878734 0.01216692219340355 -0.26684955192904136 0.43694447752890048 -0.49998383858974177
-0.49786793473548679 0.50541223948204206 -0.020725026892135439 0.0011512781308347245 -0.00018863762019405314 -0.00086302969237592815 0.0091320859310061835 0.023734027725930858 0.31368191726380668 -0.41249544586917453 0.47650689188289669
-0.49634579356045472 -0.48890198773870325 -0.017335286245657319 0.0085373294641441586 0.0013026405605561142 0.00045353797969774779 -0.0060845693888231522 0.0057862640813056403 0.50917915818639281 0.48229811608549666 0.14931513031026517
-0.49905976149816389 -0.47755584654700806 -0.015618561389892115 -0.0056921838189747361 0.014360541352005164 -0.0037356844908377502 0.036403299403931763 -0.042797724969803913 -0.51344560882501822 -0.5052995730796227 -0.016503021931865213
-0.50104554149174851 -0.51520736053095406 0.011788943225742967 0.005308979606213576 -0.011450766741864881 0.010395592634892124 -0.0045390011148297047 0.013916787792908688 0.33648596453345925 -0.35964291927188635 -0.49023287826288381
-0.48807013254022946 -0.49775425338607326 -0.00025197910213083265 0.0061340584607729662 -0.0027758679340728208 -0.005938204212798919 -0.00042984431432567337 0.017272122277302068 -0.41037377405061165 0.33900192335378926 0.47991680699815004
-0.49283625890846489 -0.51486739303602813 0.013526463582483677 0.0040188549482723795 0.0032481398800790523 0.017884204034240098 -0.016801274834334329 0.021502533648339966 -0.24317780275893394 0.44005121636811523 -0.48782099108541094
-0.4849774045024457 -0.4832186218327863 0.00022858720099584615 0.035310144088776842 -0.038370069349659232 -0.024181800780842925 0.042113449143613681 0.010977467728463404 0.32435903312887393 -0.42239815069673842 0.49241219818023341
0.002587817683750038 0.025567780271448851 0.49078140118725033 0.48437042888605103 -0.0034693038886985952 -0.013044694852964781 0.010718850809032242 0.0049855780239367589 0.47064084840373061 0.48940597107628042 0.25003106424116672
-0.009958001018465815 0.10351443067498223 0.47570297615755713 0.47769515839245374 0.033929527473662388 0.08291812932294923 -0.037144344653214659 -0.082216529458994353 -0.39846341282259973 -0.46827330642937609 -0.3748076107117706
0.0028724795330979979 -0.028981799444374769 0.46883031335477249 0.51534911211138534 -0.016862777161284825 -0.049910641626638497 0.009438950006052332 0.050296200735421161 0.52451129046804512 -0.21934085175560233 -0.4302888611431106
-0.028147096698024364 0.0045417871109631556 0.51456993469680568 0.48466493570537517 0.012890433148709784 0.056854734754217005 -0.018731972585884313 -0.037199043152450151 -0.45378661916573115 0.24489411664640995 0.47799172762726899
0.0042360985964734806 -0.035947552232305439 0.50613489098783948 0.50099195107388617 0.027428443588762154 -0.035077964548114578 0.0055759704331793713 -0.014468399471952694 -0.17880378692763213 0.46610189149504405 -0.48997896834668658
-0.0083653732957691719 0.033965093048903799 0.48969334949179233 0.51141483554899736 0.011805372620226646 0.023749965003892287 -0.020090401938791157 -0.022790790844295861 0.25454324872890272 -0.4435609375383826 0.48401099118362023
-0.0023676098134864064 0.0098868005552660478 0.50308470805858185 -0.49702348634960164 0.0029937660159003749 0.0014175298447073725 -0.0033025038554746924 0.010366763374335066 0.51003177819638468 0.4657499900682634 0.15028393052453459
0.020839851986347708 -0.010771467378911685 0.48621863399672677 -0.48501535794093992 0.0099033789166227109 -0.025619014912462518 -0.012889537384021897 0.0085285360647810431 -0.53283628384398474 -0.49186599109891105 -0.031004403794563738
-0.012138542530555629 -0.030769216384745134 0.50928350341686746 -0.49896771432665438 0.0044456841895780278 0.0039214006647087804 -0.0024601722234090071 0.023949100768923474 0.32932887436434904 -0.37049079724666045 -0.49419809046042212
0.021052667774544037 -0.02221393872821896 0.46710465489984632 -0.51340711586583354 0.0154851081462789 -0.019443948336064429 -0.012446288409257716 0.050672890354413538 -0.41788706531476277 0.35461327309988222 0.46213528368405798
0.0029745642803515053 -0.009693098429681293 0.51311763590599535 -0.48371895012259869 0.0076055409379502184 0.011806037098851009 -0.0067233553300581417 0.0035431821809575165 -0.25753068306659649 0.42329376685426123 -0.50682227124948898
-0.010259652792319374 -0.0082111378792835525 0.50087807196580214 -0.47370648847628222 0.037241759069721964 0.0097456468730928014 -0.041769921334368076 -0.016420747173714969 0.30276310766603698 -0.436610532893072 0.48863082815580289
-0.025155488771805644 0.0091420607265204849 -0.50815184185441042 0.51262844162537635 -0.0057382823308540247 0.029851387924170931 -0.010595726963070151 -0.011682424292408908 0.44195258406593702 0.48220105868279839 0.22195648514366498
-0.038068755183500065 0.01473140240775936 -0.48755376419962226 0.48246535155215942 -0.023756638362618147 0.035645354845358412 0.058383669203184718 -0.053419662519464103 -0.49023851955931275 -0.46576477177767006 -0.24996871039758947
-0.021785027874767403 -0.034502984798867591 -0.50141235578018917 0.48335166389369949 0.027514743134099254 0.043794722797393479 -0.053214091286357186 -0.022259483802977025 0.44912685857466 -0.29795811371401876 -0.46561307917219763
-0.044215147928926321 0.017975130250232053 -0.50055413910700453 0.48749238068354017 -0.023333234297410847 0.040164779158261901 -0.027522581713220813 0.0074842829034724107 -0.49010664456576364 0.19284003757894103 0.47870208746269444
-0.019875344411085759 -0.024510215447949475 -0.49903158051514462 0.49828013774048963 0.030748182477517573 -0.010341989035104903 0.00031078037161568335 -0.0068089622197678367 -0.20679336946945137 0.43462229303347127 -0.51858432750429972
0.00021613764025767073 0.022839318069776092 -0.5041702775110688 0.48601178197337286 -0.017833923982548211 -0.018142162129063992 0.035236404791442855 0.0076674421818484825 0.1942835089219265 -0.51264645766618155 0.4545141853802091
-0.018174805717481625 0.0053186471139947244 -0.48174379751068142 -0.49599156814595413 -0.00020245979454140405 -0.027847458733546642 0.0046398065156788952 0.0015755265088889109 0.42620181801914353 0.4945656586293089 0.30743121816705615
-0.016148334460071575 -0.0032703370348545822 -0.51634313613362193 -0.51515777547290276 0.0081564711878068952 -0.0025335831773452269 -0.020887227396676422 0.0059801209251167499 -0.33428509271321516 -0.5110603958322022 -0.30701226644606083
0.025522543690315969 0.020092913783578751 -0.50368581136265078 -0.46802009233942415 -0.0091651194340877217 0.0053632534572924349 0.013028373353257763 -0.0087472570112193792 0.52616700422093587 -0.070236185583626917 -0.49402309274192241
0.015631053942268706 -0.0021771408789570271 -0.50062351344007971 -0.50073406010576826 0.020360955858440825 -0.0100266248902071 -0.0051108242485483546 0.018096633597481013 -0.49248345503285257 0.17546131170935506 0.47349455462662687
0.025659245094326263 0.02103009199757459 -0.51113916378024304 -0.47675438722903279 -0.03700716934032431 0.020972968695901806 0.019605766060622323 0.0064332405388385092 -0.30416775833775367 0.46194927719649631 -0.44965655707431818
-0.014510093709822187 -0.010362176977335527 -0.48996613284439838 -0.49737721626232489 -0.022465964615509353 -0.018504135957384083 0.025862863909866557 -0.0084092950515234459 0.2583487154020872 -0.46303211034478631 0.47906331035750921
0.0018997928771706224 0.016616065160694804 -0.0026976584856490118 0.0032847798008061803 0.47746911159277883 0.49556689843202872 -0.000884087979611011 -0.0010969934889565678 0.51578533510869651 0.48553635980761722 0.15606688650871256
0.044737727781224375 0.011573261317481773 0.0060916610787670345 0.040967741064676363 0.46829922493433113 0.47037385929664904 0.037247694049167328 -0.025101902499740984 -0.55741084628893889 -0.48970862173459817 0.055267690618054394
-0.0091789964068108871 -0.016428694795613912 0.0052150872952913116 -0.00053805852618673297 0.47938374578703125 0.50700405677282956 0.0086119071180842961 0.0060880689335234004 0.25283798437249516 -0.44515759989554399 -0.50055259808239172
0.032405848486448847 -0.020337999203587781 -0.031592219138863724 -0.0062554283727377898 0.50067429122391482 0.45663308683535492 0.035461903239539884 0.007724815009300323 -0.42575313610752741 0.40937889076504369 0.43374702043352287
-0.005687657646733256 0.0085418713698923541 -0.0028328501493038523 -0.00088529962592269452 0.49859884254035697 0.49989148347394363 0.00069356285252753836 0.0029577265253270296 -0.19833559389259897 0.43279817271182924 -0.52414986585248391
-0.0036065726906685802 -0.037982277722436945 -0.052320910758129953 0.0090409438557548984 0.51086591978206641 0.46624323354295166 0.060018747990115189 0.015191231219437568 0.32464624170230866 -0.42180317236325626 0.47980439758438176
-0.027539767599577124 0.0026436042203531068 0.020553395887034344 -0.017054607337001915 0.51937488625049999 -0.48748104397182984 -0.02401206835581271 -0.018572636588872336 0.46803025108702906 0.47719786692502991 0.2084264564704337
-0.0054199671592963941 0.049182188297254244 -0.064441023078825668 0.008417738815712332 0.5023721742656565 -0.48716874603452853 -0.055090389404770901 0.011972387667909706 -0.44529182843926501 -0.47532830146489269 -0.27607417159033321
-0.0024248724592643386 0.055292323808868969 -0.032840467280155453 0.0041764723394103753 0.48495555782645156 -0.49766545027720455 0.0355595918227532 0.030861878525933154 0.48970815829633135 -0.23716726089678386 -0.46336682680420149
-0.031177407342451766 -0.0093881906991855578 0.00121145143769258 -0.015986637272162242 0.520028993412473 -0.49613317096037002 -0.030027087834036913 0.0056019518541974974 -0.49066894114519383 0.17787947735865822 0.45691835978197959
-0.019850059709879162 -0.023414141905014649 -0.0036010099862317986 -0.027656988778221901 0.50645411734691514 -0.48634345708294996 -0.027173751244740561 0.0028108459381313584 -0.20958079801478302 0.44938814079548201 -0.50856073380314781
-0.034407417569395915 0.0069485009527291228 -0.013905463366433635 -0.0013444486590090336 0.48711453344628247 -0.50803125810335059 0.0057260090372799471 0.019078396581780257 0.22093830777328899 -0.50488517937904875 0.4461802303984963
0.0077179696837864128 0.008297877012962902 -0.0042845129665035194 -0.0018858766355381359 -0.48753833626931381 0.48485835073874584 0.0056950777124860829 -0.00034647587917349833 0.4359691343620441 0.46295607195254629 0.35019773036934243
-0.010803474537997258 -0.0033186996326515406 -0.011741049558459416 -0.024622976119482633 -0.49586008992612191 0.50481005839778725 -0.027094529780126671 0.016147483492380502 -0.33555913059880665 -0.5108723646413611 -0.35189820443161607
0.016688555689031364 -0.010139828423983577 0.010750433396956013 0.016722607902240293 -0.50612372661760441 0.47978988768543629 0.022802155652990604 0.0058870815720830534 0.50422094150335739 -0.020708159424754829 -0.50758419383942976
-0.041792840033800072 0.0097721411283384178 0.015842503101300559 -0.049509658053762451 -0.48235264984063481 0.49851546132624519 -0.03349061071832353 0.0092543419933812463 -0.50200196952909637 0.19091719195832901 0.47393176006319593
0.049952565463377528 0.047253903550655715 0.017051756628999166 0.073903364244762362 -0.47961451855010506 0.47092223730966554 0.031726808670114938 -0.0029621796003615249 -0.35124483898406833 0.46101273053609415 -0.44810764402046216
-0.018795824003453546 0.021852117731115676 -0.00023750915785536572 0.012753199093017902 -0.49147813970390142 0.50209225799763912 -0.0069544545649072396 -0.0016576555161372268 0.20947199541478204 -0.49036357825440507 0.47007769156108148
-0.02922940241455808 -0.0049973093649447126 0.019676587769420845 -0.027743161421825046 -0.52810280243261665 -0.48693298719641115 -0.01289865178707165 0.0033608174683117963 0.47177030634985512 0.47223240786680937 0.19031335885683376
-0.047170363515108421 -0.01154002796096284 -0.010768889704657008 -0.041247730273961433 -0.49123342465927994 -0.46653308901146845 0.045956400074829935 -0.039792171231016464 -0.47963321250593255 -0.4615451762702889 -0.30015606574076059
-0.015678318887084736 -0.047829475261039166 0.011108410319040368 -0.056701408492737762 -0.48972406542269897 -0.50011408288653858 -0.046855291376632621 -0.002986134555650311 0.47025103319272715 -0.27232322005131127 -0.45462514583462788
-0.033977905444028476 0.0016854370771272815 0.0047364160784479905 -0.042209194172619126 -0.50656020731469398 -0.48830674541739183 -0.032264142320646366 0.01684266608237333 -0.51257456183514694 0.1586037267742742 0.4612801929533325
-0.0032334862001488561 -0.00909579288590469 0.011540497563098457 -0.0079593813838910749 -0.48045477026970385 -0.49248275807535835 -0.027211456324834862 0.014964586714556074 -0.1967779683691134 0.44876114601629635 -0.5340989475613438
0.0089775476292636453 0.045616822907218142 0.041580270747431307 0.0092952961605478838 -0.4955027064136886 -0.48345890720589491 -0.035315829358550106 -0.016360081952381034 0.20588829236622752 -0.51283113721762319 0.45811255857277361
-0.029295771211895152 0.00057225458225332218 0.013933340863519078 -0.021142905694022825 -0.0099463506378290531 0.027805633751463232 0.50240909393285726 0.50976844912289743 0.46377812945281616 0.4873906636516851 0.18085796898250095
-0.049860177549287739 0.00053796944048783708 -0.0071084073799774642 -0.045042039212106831 0.018488747740815353 0.039621522017501798 0.4690410865193867 0.48914219728941055 -0.46816156624241395 -0.48625468559305274 -0.28043565813144178
0.0012631131776772292 -0.057183855343730911 0.00051015613098408317 -0.039098020334666118 0.005860914850961553 0.053137589949061828 0.48272662769168145 0.50670876911668128 0.4756287821937753 -0.26597375700770415 -0.45342914588833222
-0.037434497100364388 0.0079067647151150212 0.0028107571734363695 -0.0092494482063004493 -0.0043199740523106782 0.017246237180367472 0.47630847316535213 0.51209175258291428 -0.51792722445264128 0.15843827180374245 0.46440022987069723
0.00052782396523496885 -0.016305241228947321 0.0089093964020257772 -0.0030389933475608965 0.016747660625529202 -0.011754893403750161 0.48507447440320206 0.49930714335969845 -0.21504058692747538 0.43079669246313435 -0.5317832948102984
0.014030056033687 0.026046215344081979 0.025584945068218481 -0.016392794694472818 -0.028868206022610927 -0.013266781710516342 0.48882428008882312 0.49414639632277169 0.18933918802230293 -0.52712677590428003 0.44760502057803175
-0.021022997125524176 0.019538660680621319 0.020562864646466793 -0.026389872618462772 -0.00024899514421405927 0.0061496949806508537 0.48622909460134089 -0.51122551383760551 0.45805381780360299 0.48712156250456073 0.23053885075565619
-0.0093290528586631276 0.094935965456900764 0.0089422060565175453 -0.087441216064531355 0.089813701199445942 0.0096879822948799914 0.48136629684214605 -0.48365073008378678 -0.40017655611713138 -0.46967854675084297 -0.35866849625466607
0.00889680463255158 -0.045428470223899668 -0.0075328044849806812 0.030608445519422392 -0.029719176730909548 -0.017975063696542722 0.49790087492058538 -0.47301570951495353 0.52558678322763386 -0.22120673968489304 -0.44590819393598641
-0.033886886694241641 -0.002457787318019928 0.017800081352152476 -0.024858766285469885 0.010985994999261459 0.024675237181681468 0.4981786787359021 -0.5253178014418094 -0.45697586696115067 0.2053306441442016 0.47122486431630795
-0.031652541313559879 -0.023846126254930013 0.0051580610677488987 -0.013533121679578687 0.014067223946078827 -0.011576701325518707 0.48427883433543378 -0.49185304316535716 -0.17671948985159147 0.46437381311953335 -0.52399389237913263
-0.014156913164869759 0.03865920085223077 0.029626197895228343 -0.0055948374190449958 -0.010685466597124235 -0.0083762883005278534 0.50088769801420818 -0.49155611936627019 0.23381639693270165 -0.49692494486108668 0.45065649887842574
-0.01916870641026695 0.0050598148732704205 -0.0088002429248781183 0.011192615379112191 0.0099072572208226337 0.0084911559210668359 -0.49582134069217876 0.49463246117727455 0.41965719304967236 0.49510293156312829 0.29579526791704608
-0.014790484150498247 -0.010796168667899137 -0.018058590897460692 -0.019717790511948882 0.0034341115286985846 0.01157917409868835 -0.51618761043930894 0.51311714526320207 -0.36272726200450217 -0.50987230636059899 -0.27843171627735402
-0.011218439572164181 0.017064160487876071 -0.021823416932910365 0.0085399875379908053 -0.0047949384162976633 -0.0072769863662222418 -0.48195250551041557 0.51022820337254049 0.50340507540896251 -0.090449324081508201 -0.49472116884443113
-0.00059108734438285374 0.0024489812440804406 -0.0089368383504483413 -0.0094630558566701321 0.013855461864548502 -0.0028668221963276085 -0.51007842931636238 0.50504825377720086 -0.49027407867837336 0.15349243115051614 0.46951219661060239
0.040783925174913735 0.024508914770188687 0.013187330945182339 0.053410735476700853 0.015489517449914603 0.015464504103668463 -0.50161689461328474 0.48344394436383742 -0.31381388682172229 0.45564678062767411 -0.45033276094731406
0.00053942457522272377 -0.017456601628021741 -0.019775949185551665 0.018955060558506296 0.0065511993030519331 0.0092982498586855616 -0.48940762972500595 0.49320272475152049 0.27775645301427371 -0.46628450135819616 0.47061298196895734
-0.0038518349214230695 0.01454759280023556 -0.016766986201305255 -0.0014541038713252381 -0.019129046549029725 0.00013806262911136553 -0.49768499898784624 -0.48718013577660285 0.50053139174594818 0.48187782750916142 0.17706379500909311
0.024645355560491342 0.0089386329306556742 -0.0090059940528774366 0.030790288843305456 -0.034184623642094999 -0.022293702677807656 -0.4654974789499563 -0.49793449857445254 -0.54885322394381164 -0.48033833721742231 -0.0051490181961807166
-0.023694774972684983 -0.017531708243792139 0.027500897372689254 -0.0062780146603457201 -0.020271594385650783 0.010308593650328907 -0.49497917237734823 -0.4910900738182683 0.29540235664795339 -0.4106842779045265 -0.50568795640924868
0.0291297920469187 -0.014604735846943358 -0.021485057065636193 -0.020644590946895875 -0.00026174353065335415 -0.02399775757755437 -0.46608057210502774 -0.48375568305491529 -0.44552739760470439 0.39311919200364126 0.43952971173237604
-0.027947198917695735 -0.0063291472069461324 0.0078357634589975456 -0.0066112110447409458 0.0051023517428288945 0.017822430899819497 -0.50146118446895649 -0.49315504624129958 -0.22899432153087806 0.4257515108069892 -0.51996360278508891
-0.018740656919167275 -0.022491635675779872 -0.045811371204276974 0.022959388243375553 0.038556018595390193 -0.0083942932164754319 -0.47551378592487348 -0.50801051721398882 0.30680697283071773 -0.43548362717590172 0.47644046198213325
-0.1115764374856462 -0.183170044419114 0.19681946453074445 -0.099800593714669192 0.21344851068123355 0.083804895227347687 -0.14681089681016551 -0.20204450189720499 0.58716364919178321 0.3295797041984655 -0.58048126033885417
0.16231544070251619 -0.044400532178659351 -0.034855184678513576 0.087849227864597632 -0.013650750903882593 -0.169642969913607 0.14080948113140795 0.033740117397041393 -0.035661061039688531 0.6787782242548327 0.67142203194383576
0.043397501407475857 -0.013516905681972124 -0.0072278910217403909 0.037680664439145542 -0.035517495189394739 -0.033094274103046342 0.040920720896427946 0.028410131851801548 0.0053359297885981691 -0.10939166532481123 -0.98976184116608301
-0.0035012101676365954 -3.8663887850008783e-05 0.22914407514450208 0.28129971204084608 -0.023722405981506104 -0.30433262258827581 -0.022537092191849753 0.30633476429871043 -0.53035751657796026 -0.51881647363487182 0.36107003489529449
-0.021484086533465764 -0.012751615532493541 0.020036545055841709 -0.04521231721084383 -0.010181420332777994 0.038537128450820718 -0.043823569041441447 -0.0025863247563112646 0.10562804788758681 0.97350139676308389 -0.18588166583357538
0.14443336037311799 -0.026182013633809398 -0.048912071362406592 0.079043363824403023 -0.0083166444543805954 -0.12690054780854862 0.12739277201198698 0.030058084005955037 0.68347562738282841 0.0036904407332355787 0.68509516676190052
-0.11539956623631874 -0.019698666224227578 -0.0025336678281484525 -0.096299576383198845 0.063355551621603293 0.10944953442288456 -0.098041051725105119 -0.016957787026194548 -0.81367289400605436 -0.039770006946810786 -0.53616872532218607
-0.016433124883493223 0.026121569298468254 0.006076889756512935 0.026280813504406121 0.031293038886694921 -0.0027486795735954138 -0.008964721116972758 -0.036210845685351184 -0.020189139606531823 -0.99700513825445358 -0.038919893633369299
0.18013241042539946 0.23800193638788011 -0.18786179648521617 0.20795021768244309 -0.15952152607837597 -0.19802901214238283 0.18067716285574018 0.16008306926726953 0.5370286627341081 0.40639923734977779 -0.50584433127650097
-0.075053694445358754 0.0067884926749683123 -0.0020979718843653458 -0.071796974122340929 -0.0476861077445132 0.11960363179720751 -0.081259699872243116 0.0039589643747201652 0.82664782734651143 -0.53143836677109446 -0.013801390218622136
0.16174277436801329 -0.00017970823075591947 -0.0076362125386314691 0.14696860441668813 -0.0024409880817177531 -0.15949117237695146 0.15890201719327807 -0.013897784022098106 -0.71724506529125764 0.62098541668288976 -0.035091264486703633
-0.052054294915276973 0.032487889061386013 0.022230840411953466 -0.015101400665649637 0.052168150482345348 0.034290223797382578 -0.030664069739054348 -0.039887731084080211 -0.18435524701247735 -0.17149929622526888 0.96212530760504766
0.0037463903531931883 0.50434366398329211 0.013218821046563533 -0.018605055800833943 -0.50160880466916746 0.0042612209008757009 0.47947812064133921 0.016748279869530258 -0.51188625816381139 0.035310346428760631 -0.0043430390987673718
