0.99974783409020374 -0.0014596473564639505 -0.0013812449663161428 0.0021265084772862956 -0.0033545120216586922 0.00063546801025468028 -0.0059309844968465242 0.01309459637232311 -0.004003696402282049 0.01607258044007584 -0.0017460689975748814
-0.99988290146957282 0.003690801403248413 -0.00048278352190964135 -0.0049244974395376458 -0.0061769122020463047 0.0029896808661345783 -0.0022024141246157198 0.004330584423123212 0.0077158885799366696 0.0067525136750790299 -0.0044999084283851758
-0.0031573950602618618 0.99986886397066466 0.0018470971620917055 -0.0038925325916142214 -0.0089284945967581641 -0.00013527885265557152 0.0010105661336107404 0.0013078020494151298 0.007277231696389018 0.003999609196561703 -0.0090718939263739473
0.010778505264618559 -0.99984296327295519 -0.0075103481555448773 -0.0044136610309748843 -0.0031035505533564111 -0.0027206331102874229 0.0028010021948183536 -0.0014499352052692017 0.0087039216949669363 -0.0040406065058522693 -0.0017088987513730646
0.0020607784831675495 0.0088352568003005408 0.99979620315361106 0.01507576880436127 -0.00011598902658443953 -0.0046468811809646376 0.004464489605996924 -0.0024542936055900037 0.0039499336507790913 -0.0021502220594337381 -0.0054933751408135787
-0.00020972336592277538 -0.0087805996905004329 -0.99984819614909903 -0.0039907887415183375 0.0038015140286954156 0.0028189688413170957 -0.0028495771215958044 -0.0010693897109641482 -0.0040908469340868881 0.0059607990660992746 -0.01125110729168201
-0.0020891019115786835 -0.0058805348219294696 0.0022698007856577032 0.99983735027015608 0.0052776601417710714 0.0013680289438303033 -0.0022286569095555709 0.011264538140514613 0.0083335622104798134 0.004090124586168256 0.0057807147835416952
-0.0084757741756409048 -0.0027329387766597819 -0.001684172493841278 -0.99983504704300741 -0.0064635838794871569 3.8114359447338012e-05 0.00040478965941211483 0.0054564532978410461 0.0091064300830673937 0.0076858628967255245 -0.0058325724537490655
-0.0013831903878463556 -0.00032419834253980776 -0.0078544860891074479 -0.0020635130977004939 0.99980700128484634 -0.0082806788957984559 0.0010351319964969567 0.0057039593256600057 0.0011414395309865789 0.00075694209089025803 -0.014626642978305364
-0.0057410793751884398 0.00053909013095931402 0.0029952612183607569 -0.0074346354153891547 -0.99985786608298455 0.0040122097907251755 0.00034462196511921326 0.0036373840551746799 0.0066309753170187054 0.0080344671224816654 -0.0069844096262852082
-0.002897740057669487 0.0039430169208618327 -0.0049182596164682405 -0.0015384932405365797 0.011673408145036743 0.99989425840344204 0.00065705273054087409 -0.0017184268082802003 0.0019924834884447974 0.0036505781390828605 0.0020053964537276544
0.0028339366558003095 0.0037071093614579535 0.0052099794546929534 -0.0034399350006724871 -0.0047146418607864225 -0.99980528345811226 -0.0032846327618633792 0.00053779003193522813 -0.00019072313439846321 0.011669159920151944 0.012614782074998727
0.0070393159215812115 -0.0038846640935870846 0.0017808713500603924 0.010906579574468302 0.0010836043058098698 0.0007144247655280257 0.99979166191071622 0.010003538600765511 -0.0032139755018621842 -0.01084776616552296 0.00032581341611903619
0.0032547690353860802 -0.0064355062520709107 0.0061547764941860348 0.00033566914114085229 -0.0030289934562517233 0.0056484763175023555 -0.99991695667096159 0.0021175449894335306 -0.0024799012890051996 -0.00010706619381894681 -0.0049346829482471797
0.0027522612188481711 -0.0046223488189626148 0.0030990295600459923 -0.0015456533622777383 -0.0010946197501024481 0.0044571636043261404 -0.0013184946243056449 0.99991951077867502 0.0038599216232933415 0.0075985765460965431 -0.0049595964403909738
0.014955131353759908 0.0022107968770300503 0.0012095751313267028 0.01554298059423039 0.013147437351975667 0.0054371347401235151 -0.0019689734429503554 -0.99947785697006108 -0.012398165423087521 -0.0062158219678488027 0.013182457434927601
0.49603908163639776 0.50331804927195611 0.49435101198321291 0.50609157293453122 0.0044473505945985051 -0.00026963477492034549 0.0020803301542656146 0.0026639277009654892 0.0064667542828190649 0.0029128833114796396 0.0047945601995139052
0.49221779160631257 0.49325216285589979 0.50518838161117763 -0.50894794192225423 -0.0053826531454487818 0.0044138354104758318 0.0010333470721362544 0.0071218173217346787 0.0063139444049225861 0.0062254592577301133 -0.0013325687200849627
0.49695197550920212 0.50227436920632895 -0.50178379557193464 0.49588524294336223 -0.016994115556119998 0.017877791926747467 -0.014920864905838277 0.015911948978202972 0.025447185558530764 0.028176792566813581 -0.023330490320051113
0.49510461306219411 0.49627444053392245 -0.50895278052243231 -0.49862886355055103 -0.0077981455365256323 0.0068780344267555136 0.00013657095491723613 -0.0040267258396452068 0.017954017233263973 0.019233557905336492 -0.010138902383386869
0.49777380334496402 -0.50388573327450092 0.49745937047668659 0.50011959537241824 -0.00013098851334451909 -0.011575454888730895 0.0013359730925715627 0.0085875262004507513 0.002632850248436389 0.015633840180222753 0.016555541427091959
0.50643566199476464 -0.50346420067494357 0.49455123849620081 -0.49500558100179753 0.008922146089026084 0.003263661040933639 0.0039348472504732107 0.00075669814903666429 0.013170928171855133 0.008797338178614944 -0.0088367347180482361
0.49964071269125587 -0.49622920266605891 -0.49852010981109884 0.50506669553985073 0.00048520030633727686 -0.0078422639022109886 4.1133834806941938e-05 0.0046616253579374782 0.0090215057943115618 0.012306740309996842 0.013592550308654267
0.50522649099545525 -0.49600127477017658 -0.49789842555208486 -0.50062764374768831 -0.0013982153284185885 -0.004039466056193812 0.00016521253537789927 0.0020395450865381931 0.0069954168011198987 0.0084934728265432819 -0.0073833666324591134
-0.49930638974426628 0.49820658350917002 0.49638725673461664 0.50585687637551946 0.00057649385338030888 -0.0042730606044931686 0.0033123586244369636 0.0010589850517763388 0.010387845815063993 0.0048395036726762777 -0.0054615552900610384
-0.50029738662236123 0.49569725115859686 0.50143090650756394 -0.50235731857324561 -0.0014553199916343764 -0.00045375445922161723 -0.0030061248255370075 0.0037636814230212162 0.0074862469763985248 0.0084435244335358019 -0.0061699007438212206
-0.49654866724402991 0.5084764954277724 -0.49588532624714043 0.49816674502371844 0.0062886177890988529 0.0054216534756500283 -0.007542541462283091 0.0029025736732730969 0.015496762412614537 0.016185252736597492 -0.013503483392878685
-0.50057773896656621 0.50493188008510592 -0.50011519641484514 -0.49400860716453016 0.0055018274092046137 0.0078273635205596305 -0.0017210626325345206 0.0041016596048445075 0.0052239369527978764 0.007796720383358097 0.010325130919089921
-0.49754177827801321 -0.49464795175270104 0.50526010156271817 0.50227125644568127 -0.00050848483004273823 0.0032294128419525481 -0.0027351682479706805 -0.0025465689986704683 0.011076098430149282 0.0055777510944192985 -0.00574041159471767
-0.50099581697495665 -0.49971064615857674 0.49945570457771982 -0.49972775456383306 -0.008022538621695342 0.0015336916084548171 -0.00085325417546077646 0.0026990919927287827 0.0035644334291566283 0.0041929364243196744 -0.0019025233369219924
-0.50984976106054192 -0.50378537021781733 -0.49222952808794807 0.4938542470986918 -0.0005129074966213847 0.0059869039255216767 -0.0029900686713078008 -3.0844150549601002e-05 0.0023023794136500979 0.0040583577387351619 -0.0021857329825594345
-0.5057362995901542 -0.50019048798384991 -0.49512310037221491 -0.49864357488174205 0.00065824569634107542 0.002657004697834699 -0.0007716163257165254 0.0090979680108775537 0.0077591775429253227 0.0078560837525639242 -0.0059319011443057243
0.50202723068008681 0.50160643107139746 -0.0096843539755523921 -0.0045281031603099159 0.50083757690552566 0.49503032185739815 -0.0023360635117466973 0.0148931114947078 -0.00095704239237601023 -0.0080338116340211742 -0.0077032144115431241
0.49587366384188902 0.50197455044586992 0.019280254847177717 -0.02051172282473291 0.49751092637185629 -0.50148977036441367 -0.016153493765413904 0.013598643918408733 0.023751302893732021 0.026870896525957876 -0.02443893668788983
0.49242301981913394 0.49561558642167286 0.005491868928787314 -0.0034454606497278653 -0.50360101205540353 0.5080104989939509 -0.0038588720883791436 -3.3713948547108176e-05 0.0066768978523646765 0.008755091686911947 -0.0042375898308480197
0.49777902100461852 0.49727478261574959 0.0037901336803314555 0.015029344181589596 -0.50227588145656021 -0.50193148045900327 -0.011610878776297623 -0.0022890141692787341 0.0091229644495271454 0.0073851468770203092 -0.014124354392333976
0.49669525802074976 -0.5013137093117751 -0.013148277805575282 -0.0078979685327584814 0.4962531601077142 0.50505280550150289 -0.00086988364220700037 0.014048623316036568 -0.0068197492013872306 -0.0065722795206596667 -0.010477155427267942
0.49818346798746527 -0.49824752026789954 0.0012971267486372516 0.00016933747490681321 0.5005364033228128 -0.50268821227215987 -0.0022953183100969847 0.00084034934584310871 0.0092565118429845574 0.012291088360626467 0.0092774571632410381
0.50458168027384787 -0.50183673468815637 0.0060090196452534704 0.0026816003912971493 -0.49658208881014892 0.49643461479274087 -0.0025161662127408183 -0.00249641874978088 0.0096649614009723574 0.01360920206474733 -0.013477299492861356
0.50534701918048741 -0.49901350035232039 -0.0050244497730103791 0.0014791782646325496 -0.4981313024836585 -0.49715558996372089 0.0032489144627984223 -0.00056360095392817564 0.010861766805592648 0.0080150033250910076 0.0095350466048595948
-0.49005979072523992 0.51054616297680677 0.0039935604221319866 0.0016673177317964459 0.50080600750131576 0.49815201929795838 0.0043090367884810197 -0.0037633057832771833 0.0013437847542935282 -0.0068620596301938201 0.01102602114959276
-0.49630362579937631 0.51004138952011913 0.0022870668494437206 0.0033599027341128357 0.49916045256889691 -0.49385573857525927 -0.0083785717603405245 0.00059809349241370373 0.010315900842894925 0.012442688296147003 -0.011727231485611479
-0.50004998861446115 0.4971190318472346 -0.0018176866189518897 0.0025099341136733126 -0.50213691655111137 0.5004555474037099 0.00049630616277221516 0.0086389636384886677 0.0056325162555299043 0.009127857390616145 -0.0050906173470962515
-0.49449096606774767 0.50140396073896643 0.005710896183859903 0.010835998566327814 -0.49909175122667182 -0.50465469917724615 -0.0021850615613981527 0.0030361202669624355 -0.010380851289928057 0.0042317594664219157 -0.003757060864491069
-0.49524446165562253 -0.49491915106949008 0.0038726946791034457 0.0093787860288323584 0.50738187907891552 0.50203340038135569 -0.00032154467841699619 0.0040404109779498681 0.0039512941937247257 0.011251775756984385 -0.007242092320329109
-0.50803438765379627 -0.50283891183512963 0.0067950116658723756 -0.0057399759348057394 0.49507555350438281 -0.49368345809183839 0.0023222604230899828 0.0042897849072285592 0.0046323367077585097 0.0050382511547245349 -0.009009553881385501
-0.5006595820550872 -0.49878955480105647 -0.00053656764640273998 -0.0054805456019583355 -0.50116578826995128 0.49925464477167647 0.00053627471728549922 0.00093361291909465401 0.0060140525693504017 0.0067933866574424488 -0.0035795000043343816
-0.50590379077596448 -0.5009938737673687 -0.0021634820709613679 -0.0027453228929401174 -0.49744220888166241 -0.49546185565548972 -0.0041789530901666155 0.0012556732779545083 0.0062252760738784087 0.0023413162490234108 -0.0077328971727047254
0.50465840235775627 0.49675081702409435 0.0059398079211128857 0.0017573162926020937 -0.0063266235815245438 0.0038196558513889562 0.49977006842327232 0.49841582230003295 0.015724754909054769 0.0022533948221340511 0.0049737696126323401
0.51798730381822211 0.49286089125063298 -0.0082457879430093799 0.0080967582430445904 0.011625634733555547 -0.0045664508264378146 0.49270499377282706 -0.49475756498755169 -0.010249734596070252 -0.023714704431252932 0.016644318044302907
0.49804466177233508 0.48813140882141143 0.0051022323505961233 0.003413544498010171 0.00058983769188270441 0.0020594329213134352 -0.5069745610391877 0.50643503500230191 -0.0048752445811795506 0.0076281951921886365 0.0074404824016181927
0.51165960490798168 0.5028308815416257 0.0018445824615415925 0.0038721748541490028 0.004299432460868959 0.0043071934272804801 -0.49922866991655052 -0.48575068474066979 -0.0080778881178700818 -0.0050166334461195844 -0.006058756964963807
0.49861818510378486 -0.50135202055166517 -0.0054885336822055718 -0.0057513541117048877 -0.0076849220754985313 0.0058036899411342494 0.49548067669397255 0.50433073562754138 -0.0014451093919531531 -5.9846087751247176e-05 -0.0041749555434105502
0.5108595109347519 -0.4999318979450621 -0.0080289238027382859 0.0033379058505692938 0.012307933334763802 0.0081073271012083222 0.49795326795641187 -0.49068382862784415 -0.0082819613048099733 0.00053119797690989615 0.00094260079718982254
0.49713848594891852 -0.50406082234564931 -0.0028490977967640017 -0.0060381286427271157 -0.010222491159289105 -0.0029464779728345224 -0.49744638758088322 0.50109052276720134 0.0032376644200405695 -0.0069505436838274244 -0.0038526222449193378
0.50672674667728279 -0.50273712694971351 -0.0066667376306924547 0.0030612983161675349 0.0034759636311808583 -0.0039319295895193056 -0.49904942983563266 -0.49117568812023704 -0.0081765994444707221 0.0055119106499312729 -0.00094768115885885166
-0.50219166736786347 0.49474305272967301 0.0068110956226444166 0.006861284474040533 0.001719903007866703 0.0021878070979483451 0.49880304694748767 0.50408274724963242 -0.0019340725774552058 -0.0040585119333434051 -0.0027423188833408849
-0.50266806707589018 0.4894488764897828 -0.0060312533098787306 0.014080878132316352 0.0089631897834454508 -0.0033880739277104477 0.50553400655098346 -0.50173655746807311 -0.0044114957615709683 -0.010695878000350193 -0.00028054076912813799
-0.49977401385652459 0.49811723691414267 -0.00047830125500799528 0.0011809127886036246 -0.0021857457237297964 0.0017048364246075598 -0.49840470799585707 0.50365230573078679 -0.0015549923840687415 -0.0041747149900082962 0.0017611976362741722
-0.50235582107938781 0.49886341349631436 -0.0019413353493766075 0.0014027036218455565 2.4012172808689779e-05 0.00090299338753501118 -0.50065150514433843 -0.49785101574641383 0.010124213028178449 -0.0072054542774405367 -0.010265944896412367
-0.49397581832738324 -0.50017454610769196 -0.0021726695833207996 -0.0039729879411779488 -0.0010184460167995018 -0.0039884280150287053 0.50318252266497909 0.50241367823839012 0.0049400402129968187 0.011158748301511629 -0.0038454596154699019
-0.50796591718674089 -0.50263967672012699 0.0032417026660067775 -0.0036314485224736011 -0.0037739210588105905 0.0012547874507426577 0.49301868875948712 -0.4961854342922884 0.0012841383979506685 0.0029310620098267856 0.0026108487484127561
-0.49526080955486479 -0.50119746828188116 0.0017343104024028762 -0.0040282431897301222 -0.0016106046234630454 0.00053890981565364246 -0.50213663905567585 0.50123940233647257 0.0033921124588624117 0.0099978748829015751 -0.0014500324894675079
-0.50240932070137678 -0.49735111587056829 0.0025544046465989069 -0.0040691801444160498 -0.0063908375199718086 0.0074504723679657695 -0.50003102214739359 -0.49992029104365426 0.0017468744809114865 0.011888828250026122 0.0034044305358107872
-0.0044537741888065509 0.0088737034223093005 0.5017000584653144 0.50117710271875415 0.49671384648736866 0.49984274625950947 -0.0032338409128734391 0.016433138874791208 0.0073966517257682282 -0.0088393891582507298 0.0062623486877224667
-0.0013041725272957684 -0.001608307428128452 0.49185181527383182 0.50291425680026081 0.50186089242439458 -0.50292703346266587 0.00029671239126974807 0.0071361420118407513 0.0061844300146833469 0.0097253548173143623 0.013075014553000662
0.012763522896949445 -0.0062294300838535112 0.50199954446708972 0.50755946866328949 -0.4951450277194937 0.49462878027593399 0.0018236419869892384 0.0024953692965906061 0.011240415347659309 0.0075743670085319107 -0.012594861879980893
-0.0015399402324505766 0.00030178294625987206 0.49746272216049847 0.5092542745653903 -0.49526325236680924 -0.49752621553375787 -0.0016431495516711465 -0.00067238572172024884 0.012739592301988447 0.0029757536533642614 0.014004740467102214
-0.0025176750751527048 -0.0036037579871388277 0.49689067295436889 -0.49838862374443005 0.50115376968497938 0.50323591623612152 -0.002393616105505026 -0.0016053869582100186 0.011514034526105825 0.0069038722819704246 -0.0099539803746568102
-0.0027113705738560875 -0.0066764279928553686 0.51141383522255013 -0.50417221447195837 0.49482690520492384 -0.48914569955320553 -0.0074067217539491789 0.0013250636173966078 0.0031371474223999326 0.0028700404046889567 -0.0047397704151983105
-0.0095917792955348049 0.0019200959874040901 0.49882545054474819 -0.49941418041622276 -0.50006120522447384 0.50150576013901416 -0.00010077015226363193 0.0014717727970750293 0.0074418229104544036 0.0039753198623146517 -0.0045122832551588252
-0.00069272036719361814 -0.0038902369934899041 0.49979573177519609 -0.50398407606822726 -0.49794272825852964 -0.49800030415153157 0.0019031731029949925 0.010527543565665496 0.0044407832518799806 0.0074626467066035542 -0.0068947305870834729
0.0082999805007665413 0.0027283603501419831 -0.50083821858286037 0.49656239806319902 0.50239454097911196 0.49991283697363043 -0.0091276353914496698 0.00065408588986038774 -0.0054228325924969047 -0.0087674281143621108 -0.0027192219594819834
-0.018774696202106447 -0.018416807470973906 -0.50173894549409026 0.49521843957125244 0.49904016818785102 -0.50091252484620685 -0.017564993239235095 0.013742555062551702 0.02372452244188129 0.024048955930164598 -0.027055879247576856
-0.00033851014018295372 -0.0091611286979107354 -0.49596272064871705 0.49414615711763676 -0.5072920139601943 0.50218418062090853 0.0020706972805525636 0.0037195523559890612 0.0095368697989386218 0.0085589551064026333 -0.0063281210279390841
-0.0036421719018760179 -0.005320229820501691 -0.49573454145611934 0.49618037106685814 -0.49786209213536342 -0.50950695693778358 -0.0071894634450707165 0.0064791637234378422 0.0054307722023418693 0.010728857742435439 -0.017563084523645765
-0.0061687332689078474 0.0061565797234962418 -0.4971687748503234 -0.49782579505139785 0.50637249052868216 0.4982673844406299 -0.0012030741767755087 0.00068118520439074863 -0.0084957530604819198 0.0079990281463494569 -0.0097555685432547373
0.01121340921569579 0.0038060597306858856 -0.50479782095165249 -0.50060847075457349 0.49543632370018792 -0.49827724518478445 -0.0083233031442230057 -0.0041247032833833918 0.014810877520694831 0.013242574438308615 -0.014550257754754633
-0.0023755124028861504 -0.0015537155367511251 -0.49720546017478656 -0.49839431573059007 -0.50278297734783695 0.50136349674992664 -0.0027666201333400578 0.0040955539183236507 0.010038977790262299 0.0069502662065064145 -0.00722399614662389
0.0090855608645841572 -0.0032640221973217441 -0.50009283885785394 -0.49597201524617957 -0.49748803176885142 -0.5061739969715684 0.00015535314302482799 0.0026373031289811796 0.0019048686905775685 -0.0098320251285652204 -0.0034608741580465997
-0.0053215976012424967 -0.0068640133226138319 0.49869402024154919 0.5014456731196224 -0.001914665059745213 -0.001459211742504746 0.49568539657884386 0.50396150812721929 0.0077202644835842119 0.0055522066956614534 -0.0019074133092552876
0.00699816932193233 0.0054748977829434898 0.49632606076602459 0.50378400534953827 -0.0062136104185134544 -0.00025567022984080172 0.5037499394024525 -0.49570238705886899 -0.0079015244034701271 -0.014035946945173199 -0.00044077066975798979
-0.0095909991331643643 0.0011062102711956239 0.50151570690856684 0.49690969897357501 -0.0061893407388788346 -6.9197248286081983e-05 -0.49927822915033471 0.50205753837186129 0.0006815362476026728 0.0046264309174561926 -0.0082965536951302866
0.0010204578512443727 -0.0057214664126071834 0.50007853034167082 0.49748373693144271 7.4116457772239853e-05 -0.0075142430229701183 -0.50405123795292162 -0.498168819806032 -0.0039945441569833534 -0.0073905720026825779 0.0055451492397535019
-0.00071257903082894267 0.002318880270352749 0.49966632881372702 -0.49111980067037908 -0.0057674025677991372 -0.0019238813986061855 0.50697339165679944 0.50188040242306509 0.013556636545659051 -0.00070363936682316781 -0.001347711235906075
-0.0056352953598777311 -0.00077359359761915917 0.50694698127469884 -0.50566847424258754 0.0011043812915871164 0.0063563405197272762 0.49301030490698855 -0.49405726142576611 0.0079823790452605275 0.00244245451234033 0.0029584351741989709
-0.0026004410776674035 -0.00031582696419030264 0.50160230278654216 -0.49559079890979013 -0.0058898669932680586 0.0015913881582859566 -0.50227747299721548 0.50031416329085276 0.010992141718529788 0.0031016019916339016 -0.0036654878101452155
-0.0088921431746130635 0.00067998398408907271 0.50110103419636454 -0.49885137908331939 -0.0061681547667310497 0.00104034308211986 -0.49951460009484522 -0.50008443761880317 0.013840181659032435 0.0095303833700394417 -0.0066884068828253901
0.014041596814627941 0.0048885228642820385 -0.49359075362279026 0.5039800999048083 0.012586681185377842 0.01514514448918397 0.49758124428561956 0.50399543071243569 0.0030117207949859484 -0.012304685386097344 0.0020971904607478124
0.010810618437900571 0.0086844336670039938 -0.49535699335533606 0.51396638773001302 0.024274703487334879 -0.0069631750548548865 0.50068332618357014 -0.48786297856018224 -0.010114569496900936 -0.013197237927391576 0.025679076102509784
0.0029762063152126783 -0.0087526427853971047 -0.49065500100369308 0.5007638583888433 0.0045570121284453221 0.011722590666888622 -0.50210365458301054 0.50592527793465858 0.00015245261555671527 0.010293862505897384 0.0086673193304288767
0.0019401126976707067 0.0018089675025974546 -0.50256036082922384 0.51319395530397294 -0.0035668123081722962 -0.0033758807391313251 -0.49118809005907998 -0.49244536119719579 -0.013592939988933203 -0.0077142187961463859 0.0046305584383736879
0.00073891466060626535 -0.0082019720566451348 -0.50151594522145337 -0.5036896170968993 0.0019628367996728422 0.0081260715140152248 0.49719580014138492 0.49742102127355925 0.00027795485685041117 0.0017621998838082979 0.0025106811762980134
0.0070955506420340222 -0.0027163689054173108 -0.49177534904120274 -0.50037004512966177 0.010824767986194798 0.0024194772845196819 0.50186757949397587 -0.50549465543751992 -0.014365094609392143 0.001932512396208938 -0.00025391096210447588
-0.00083675271698119801 -0.0080060545995911947 -0.49578957624989994 -0.50400447985143815 0.0010802047027024698 -0.0018794032737077576 -0.49916860838709365 0.50090030381712458 0.0011529739483007865 0.0040740146182851947 -0.0037872681670656667
0.010277499999669409 -0.0063508711695272994 -0.49425018080190819 -0.50123265519651972 0.0012301463777588293 -0.00022155889676851023 -0.500568749885833 -0.50364178225347278 -0.0066741066085653812 -0.0073683120758422857 -0.0034795555790547101
-0.0050793908521680432 0.0034244510806528982 0.0018230255843330184 -0.012263379730336992 0.49807300130037141 0.50211567508112631 0.49793207317895405 0.50164047773132636 0.0045755835818266912 -0.0026064962664427782 -0.0021552367467566349
0.0088395133699132981 0.0053820449011286161 0.011177388222212434 -0.0029555470539329117 0.49683289669077096 0.50010088805191322 0.50353622566242107 -0.49880468709461151 0.004497529985140635 -0.020824755491670881 -0.0025801601864675673
-0.0014111541006139 -0.0033276187567126965 0.00056171269734000097 -0.01248794132035737 0.49730798930221631 0.49911207804236041 -0.49935048754888739 0.50400143322150048 0.0047245141360204423 0.0032735433411094032 0.0010851275949168976
-0.0067089893461786823 0.0053029697096282054 -0.00078995578882312721 -0.0051143330642693264 0.50097142366210767 0.50101585988821529 -0.50067919214834111 -0.49716254071439436 0.0035816277779009082 -0.006671709906864799 -0.0018009012399250372
0.020296001977227102 -0.00099746573940963932 0.00069090772981969821 0.0080075305444067824 0.49989090292308469 -0.49219353598007282 0.50184554087957256 0.50530389870886327 0.0014366926439667576 -0.013906369861722416 -0.00081217087636408533
0.0019141895655618057 0.0072593508609877381 0.0018241992893667065 0.0050106060709522327 0.50580244299010446 -0.50406954609467636 0.4954585441162605 -0.49364767402427256 -0.017648057108083051 -0.015208948017377859 0.016823322068586791
0.0050511528142871765 -0.010678826052403377 0.0099105828716287894 0.0017991778672631989 0.4985295275031717 -0.49312618689817073 -0.50276862182093829 0.50508437958317343 -0.012668220013489242 0.00041476261065481908 -0.0025869722249050185
-0.0017462978953860821 0.00099150420269773255 0.0043461697566359557 -0.0017954989788476789 0.50644298189439407 -0.50457318755628211 -0.49828165874286179 -0.49035010390048633 0.0044123600569565321 -0.0051045782959636514 -0.011040714131801332
-0.007719262697251799 -0.0027501635508892053 -0.0012813970767513564 -0.001738543830035952 -0.49433840016085434 0.5036529569800634 0.50271177815721624 0.49898705249572051 -0.0015146223176990172 -0.00069195135727042169 -0.013470218579494818
-0.0038427359728431588 -0.00015479565900356545 -0.0013191151463604273 -0.0052812328451040435 -0.50151693340038761 0.50906152677692329 0.49553935220291057 -0.49365296610347786 0.0047180206691493911 0.0014458824987362956 -0.0039817812541628334
-0.0067427359001035036 -0.00065069568419251424 0.0025021369016946546 -0.00022976473997284762 -0.49507009674448482 0.50279988644911544 -0.50194913837686206 0.4999637093895089 -0.0012452569092197654 -0.0012104947488098794 -0.011225325690698125
-0.0042974369076068091 -8.7823196295601141e-05 0.0013273661832071502 -0.009680577856412402 -0.50069381419383552 0.50253123102842545 -0.49696229849148316 -0.49946990911634648 0.0084740525326645211 0.0019983284593632794 -0.011687428544801459
0.0044568694293313019 -0.008644137942529025 0.001596322571183162 0.0062438125015487093 -0.50387015111290057 -0.49596839821059624 0.50019162729367672 0.49977787840590449 0.0039485133056078028 -0.0011062833921213918 0.002773836480594032
0.00063145268082636112 0.00073506130983915896 0.0043389966346015834 0.0028153413339313941 -0.51109666739648929 -0.50464691385365323 0.49124175011155669 -0.49255680396545348 -0.0051528495885576056 0.0095499230004286919 0.0059650443773189531
0.0011881340658816549 -0.00021108244779884832 0.0061739481882552407 -0.0003548566057377466 -0.50766314205164675 -0.49100024854550661 -0.49852114925887731 0.50258996727830296 0.0014861113908884579 0.0038390461994037622 -0.0044980087500498525
-0.0078031351834273385 -0.0033331484521552817 0.010785682610663006 -0.0065925739049799972 -0.50638398702993248 -0.50096346268402259 -0.50101714912182382 -0.49111291578029925 0.0019597334569882228 0.0030399356970341042 -0.012486530073888068
0.48528558440321168 0.0036663887754304157 0.50248711620173514 -0.0024448682284186432 0.48680112538365133 0.0008205683333906207 -0.0026630267717815694 -0.0012787695750674545 0.52436009299729625 -0.0017602830463425924 0.0066210376423545374
0.50802723545385242 -0.0038173000743660329 0.49404553699499548 -0.011773032502941915 0.51219666092317351 0.0036473276536522835 0.00087499161921421147 0.010523398363690263 -0.48465925102243973 -0.012766865373441872 0.012097392357756529
0.49415352988834899 -0.0020748383683999033 0.49815467597961521 -0.0060412726862063846 -0.50543848291948257 -0.0036211083637904921 -0.0026905963463450832 -0.00063757860516203287 0.50204697248090513 0.0044727455581182437 0.0073088632240370108
0.48670841454933939 0.0052521543830536853 0.50754212841240431 -0.0079140303184705614 -0.51205601043978144 0.005170808496308155 -0.00094720309297331956 -0.0024354378229661886 -0.49290683516300449 -0.015267573868564487 0.00072075695534896749
0.49855080560433007 0.0025666540155094976 -0.49259118190349754 -0.0023576276844478332 0.49446028471624681 0.0038309574357718178 -0.0084307791206212433 0.016523854271695955 0.51361260663784891 0.01156451980619809 0.0027317782233363484
0.44284027943472953 -7.7420249027489508e-05 -0.46738708468443485 -0.038876973428343183 0.44243626788281115 -0.0062561165323911042 -0.0001240637770519427 -0.0055522668825837987 -0.58516459033327484 0.14061295917530037 -0.16099981262124208
0.49367753933106234 -0.0095324263073689013 -0.49434058945655507 -0.0057599944379251025 -0.49763261149656657 0.0091346310521024411 -0.0028007728251989699 0.0037473011511053944 0.51286472602386879 0.017597210192229207 0.026502659843287594
0.49776664547954197 0.0057463937631594339 -0.49935798385605107 0.011366283784647612 -0.51529377164833057 -0.004577681797383955 0.0027493683793912722 0.0015205336134977926 -0.48650692717954303 -0.021376715457219093 -0.0018181535507138819
-0.50687397298891079 0.0040437650878655295 0.49668071355678223 0.00056122167081147959 0.49642606792683747 0.00056448950710183258 -0.0015081930158503262 0.0073279047815572144 0.49977256315678603 0.0023754850262537011 0.0098482012334468443
-0.51449701359164468 -0.0018974251121698037 0.50371594393485375 -0.0055500654639164164 0.48838648995473122 0.0004077812650089677 -0.0031847142267062236 0.016561608115318233 -0.49251555739528841 -0.012101874916542913 0.0021630084527819254
-0.49976999011956402 0.00042143015507567499 0.5020573131821976 -0.0012171492302006394 -0.495987958167454 -0.00057353150820276455 0.00052754905685899211 0.0054671957895733843 0.50197554147409995 0.012217330443937685 -0.0018688702008192661
-0.50530716178033264 -0.004490177169406433 0.50018660267588155 0.012177024516731435 -0.50368545494323202 -0.00047324157592951676 -0.00098424029588849962 0.0025160653232411028 -0.49033733655872341 0.00081938700967994736 -0.013101806316905718
-0.4976376728808195 -0.0042074061326867534 -0.49561531499924394 -0.0079640884290330307 0.49721455311651319 0.013287856786390852 -0.00093434928882266252 0.0023693633623366925 0.50905807789252422 -0.0063989640674201702 0.0073917405364638481
-0.51420008740064693 0.0086789897157106485 -0.49948269202555418 0.0092840505346382975 0.50090957830220473 0.0050140514062702174 0.0015346424357667488 -0.0091948465267578643 -0.48447479635453433 -0.01053254180066532 0.010226564000355081
-0.4985217552201604 -0.0047276564522699066 -0.49917998288890242 -0.0040511929808443549 -0.49518443016893898 0.003666301168280837 -0.00097384243027564556 0.0062373026180658217 0.50686628639298592 0.0086257059619357559 0.0028093257139393244
-0.50741460721758391 0.0011198277569775762 -0.49901536928870049 -0.016589018724195242 -0.50747762110616301 -0.00111612287088062 -0.0012614646951915646 0.0033363708306434047 -0.48528679321979484 -0.0039477580745374882 -0.013086911581910032
0.48929740640248126 -0.0016932916794335185 0.00084481589226865984 0.49166668522888618 -0.0027840664324350456 0.0060428762313614682 0.49623453589392852 0.0083259910115234502 0.52153829759328707 0.021174171925459704 -0.0059575364685161428
0.48137341747324297 -0.025690452401191687 0.031341179477759641 0.48022881686348889 -0.0042296143928742501 0.0040099511805034294 0.49728866718192916 0.019571312092242735 -0.52831544274683584 0.058605331189866348 -0.075847422690270103
0.49054740410359532 0.0018741644855523271 0.005151853543121864 0.49099475971816919 -0.0046952646234939286 0.0066192763773833506 -0.50438235234544038 0.013951992780981054 0.51290534774265262 0.022607435221270122 -0.0035026431522622858
0.48649294584794184 -0.025303718089457951 0.026506613286993518 0.48273508528787296 -0.0044643054708838085 0.0038157052938187575 -0.49516796169569438 0.022388007716603951 -0.52588447361736435 0.051056605185542586 -0.063720428754880529
0.49177632597403603 -0.0017860946335533452 -0.00081291538884536551 -0.50332674659092036 -0.0038196885301923942 -0.0040330115586194063 0.49691359346542835 0.0042873057903057184 0.50722856995478727 0.020953896701808979 0.011051555658634346
0.49547820126845549 -0.0024470408211005631 0.018950489092622133 -0.50631994852705664 -0.019915297587386818 0.0042761357834480013 0.50468681013686845 0.0005774194873723401 -0.49210642446526359 -0.021016934793042223 -0.0064725607760004692
0.49256731855340813 0.0060641508333636697 0.0041424817984435014 -0.50500153906940992 -0.0038105863058511061 0.00038005116246486389 -0.49558220192405544 0.0033539816755780885 0.50636272260283344 0.015376832779409761 0.0054462150083106889
0.49319329843261361 -0.0027870690528291561 0.021597678149993475 -0.50837810941460326 -0.017201791852908422 0.0034952616771302767 -0.50449693100763993 -0.0043413789253229414 -0.49257983971157154 -0.017653950180087082 -0.0068673781267061538
-0.50700667541399225 -0.0053783674121107754 -0.0013688186583983861 0.49550216564079647 -0.0012233885940133612 0.0012602433764612546 0.49257189415273384 0.0052694463715088615 0.50464643897739614 5.8116265874611136e-05 -0.0080672060238591026
-0.50652400693491828 -0.018276879633013266 0.005129843580625024 0.49616074399080723 0.0043491229582340489 0.0013381120069372152 0.49653483260896664 0.0048807399964399777 -0.50009736481225142 -6.3643436443572797e-05 -0.014451350213065102
-0.50177329029916184 -0.0020623609892810404 0.0019912376074236017 0.49507374214307703 -0.0073482787643055136 0.0031176753592822223 -0.49988632235425284 -0.00059997328125731904 0.50303068924983707 0.010110967296239384 -0.0049817959281853088
-0.50234948087794662 -0.012129938668159397 0.0046425833868349092 0.49310486496833883 0.0020242076890020122 0.0024547780134395315 -0.50340266430956837 0.0061968182656139638 -0.50060907376800312 -0.0060848515038935246 -0.014651474822758309
-0.50064094215391819 -0.0029675680891109871 0.0024959013767231301 -0.49687152945656932 -0.0024481486375613521 0.0062854260750381538 0.49684110320679942 0.0060376827018612496 0.5052562475307838 0.015652414888452832 -0.0006205232451368237
-0.5077166467657418 0.0088766379014176763 -0.0047224663029778484 -0.50590142285638884 -0.0061793716641723633 0.00019355275464847296 0.4988083356766842 0.0034479814465845069 -0.48697054368065934 0.0033149852672662108 -0.013239886971768236
-0.49986426163500242 -0.0080967243852192224 0.004006784816307972 -0.49741325010104021 -0.002398029625050271 0.0039201878615530671 -0.4966630806548038 0.0049285589095917669 0.50562475706114129 0.016060640589350621 0.00045096230799928505
-0.50674711485773261 0.0068285407118777947 -0.0031516405961541688 -0.5057218447633004 -0.0066345100992056625 0.0014096630104832317 -0.500404216521255 0.0023307764107071186 -0.48658316531276519 0.0046106533172576266 -0.012488567214777327
0.49270184452554605 0.00050886321291658987 0.0043664203920989108 -0.0020414954949060839 -0.0049868734377343229 0.50877954081818155 -0.00056693359578076623 0.49949470736505014 0.49844279315172718 0.013912092204781044 -0.0143478783381498
0.48680756214662135 -0.0053875969519988206 -0.007300032744272821 -0.01368856342903103 -0.0076515583366329179 0.50650665519587212 0.0025993883739999324 0.50100937527126477 -0.50483869777368451 -0.013799239178921832 -0.0084548911921186916
0.48660237411448148 0.001646667149498517 0.0083861368912838009 -0.0023025288223821904 -0.0085740392606822105 0.5012633024781028 -5.4810053761182116e-05 -0.49206900236004769 0.51584086309719357 0.044971552683243696 -0.039436452967528783
0.49654670740340473 -0.0025731446780752404 0.0029666630214790993 -0.016497953868604458 -0.0067011178823174668 0.508973147076349 0.00044866888112048348 -0.49143702701461256 -0.50229938107463201 -0.01545838472085102 0.0010052787833740048
0.48967505757059721 -0.0060649672681049819 0.013051577311009777 -0.0048328542700829891 -0.0066911644032193133 -0.50003082244479857 -0.0081962900279034176 0.50301628235459717 0.50611749927539518 0.0092756448409598118 -0.024056990556154664
0.4960602103720686 -0.012967137217514879 -0.0027256281019002707 -0.013084646923541518 -0.015271824380495111 -0.4952308806989244 0.0030125219125224584 0.50364544369989461 -0.50424112221525275 -0.0068374208382413282 0.010814910172661769
0.48684052850481485 0.00084827452272045816 0.014681094705107698 -0.019325598515833587 -0.0049844271971136271 -0.50634988460044683 0.001364194224911799 -0.49720114354064959 0.50751928834693827 0.022951562475829058 -0.025847173116312013
0.49933205109636436 -0.0033101967432164316 0.0065396829569373599 -0.0055966204296297624 -0.024073768787413474 -0.4962842712282115 -0.0057666297964337233 -0.49660746062827121 -0.50680434156367682 -0.01325609842209648 0.0051227703270823391
-0.49967846956629086 -0.0070374237256697683 0.0038394509353533112 0.0027054794021627933 -0.00051453136531404457 0.50062625475688405 -0.0030689951737334084 0.5022865994845378 0.49719360241669708 0.010956878387424906 0.00038833140181137514
-0.50563016323248455 -0.0017403200071396811 -0.0059446667995028055 -0.011730142219771851 -0.0083327474103971864 0.49901142533064291 -0.00062192207537969339 0.49587137142213189 -0.49910840201192064 -0.0011922330788184865 -0.0089952523168756928
-0.50414077962034287 0.00057064817429865536 0.0031415640781567475 -0.00057241060813729321 -0.0078221594023397487 0.49822861094152815 0.00053674082969841518 -0.49445780445101439 0.502958536219406 0.0072634626901251741 0.0054553778785873365
-0.50951256018254498 0.0034795354406027598 -0.0015737255425541873 -0.016593261653554056 -0.018263510363679503 0.49721430212202139 0.00045810781217656902 -0.49661283479209872 -0.49586609866046494 -0.0035864738970111439 -0.0055538023633275859
-0.50253542566200571 -0.0015373279539886268 0.004962040961184337 -0.0012560772801169021 -0.002513969498409133 -0.49927358832897328 0.0013995039783009577 0.50163603300624215 0.49634218517280171 0.01197284156165125 -0.0030927354412485552
-0.5048240194400947 -0.0074119368943077382 -0.0012896667190022864 -0.010323352311450224 -0.011589451172733453 -0.49352164872239856 -0.0012588043693428572 0.50213742816126117 -0.49907400118559569 0.00073768280735109931 -0.0085217618072386328
-0.50472053064347422 -0.0053063057432248401 -0.0020014697004808141 -0.0061469877604049825 -0.0038092848980305124 -0.49443802519949781 0.001562480515606797 -0.4921875042964261 0.50821173615794257 0.0097174071840911702 0.008898809486078383
-0.51065976473031938 -0.0057553382010401034 -0.0064205299351569496 -0.01188701073973792 -0.008718871875722102 -0.49521482314081539 -0.0042878302189502974 -0.50067172756436251 -0.49284541795953934 0.0013430528938501278 -0.010403974651956919
-0.0043242398213062874 0.50221134085405228 0.49972420835353981 0.0024897384064973866 -0.0053540176767308111 -0.0029077550602935121 -0.0023976866754025143 0.50253087755969417 0.49542217358493285 0.0027839227694200952 0.0018852593851907966
0.0028770073832235289 0.50209978142759459 0.49640911274475397 -0.011432728087532245 -0.014664860934634564 0.012119672066393489 -0.001392187583199618 0.50406006376305368 -0.49683833497334218 -0.0037371798088748896 -0.0056647643379787536
-0.012834051605668301 0.49856713628772564 0.4972279284361224 -0.0032279388188448123 -0.0039557248510021471 -0.0033286634361298184 0.0036424872113521669 -0.50204949801791821 0.50188358727757409 -0.0030480274851635947 0.0054722705242603552
-0.0049624068298353306 0.50261397631793958 0.49943866609278037 -0.021191166742334074 -0.0141013797114248 0.0070211917614420869 -0.0056125533276085819 -0.50029255461762667 -0.49676879227638243 -0.0098428184754044915 -0.0042564694771142931
-0.010190861962900885 0.4923933631725676 -0.49252054714602855 -0.0050787975580651708 0.00094533360669463954 0.0014599416890022185 0.012593703054765726 0.50935027648690534 0.50509958449064973 -0.00025222726202834943 0.010846852995299232
0.00042682361536048479 0.51013478532728762 -0.49597767999358888 -0.0052284078321786949 -0.016185055396009337 -0.0011972405174534271 0.0050311269886050124 0.50622826705037127 -0.48700615430237876 -0.0016884310010669703 -0.0027419318258291143
-0.004712394261316288 0.49357554573855134 -0.49894063666205263 0.00067879931759401739 -0.0034824029008151416 0.0077742247473759837 0.0013231968597636659 -0.50497984082938085 0.50218260627230671 0.0065536381122876875 0.01046316867076361
-0.013610738743979368 0.50343761612711369 -0.50010520199869379 -0.0020016065950652293 -0.024073308854830385 0.0068498183744388754 -0.0048876570620471843 -0.50141840625059653 -0.49408103871138653 -0.0077287066681396279 0.0030883189058757005
-0.001978292210230602 -0.50290287958474278 0.50171475325272741 -0.00027741641847972874 -0.0044728363347300302 0.0070116651699371696 -0.0017392529841067344 0.49774988994151143 0.49753187548840733 0.0012974455185463317 -0.00045970756198609184
0.001913768153015689 -0.50351080781475355 0.50017242550166729 -0.011641537137376831 -0.017092293143163455 0.0019318122569086059 -0.0016853729227788794 0.49371884770673513 -0.50197390262732589 -0.010285929704919978 -0.0049602994872856559
-0.0060357980878322634 -0.49846921424071411 0.49604144833254155 -0.0021951379776769917 -0.0078497816387724396 0.0037112558854187397 4.3615985310176407e-05 -0.49760128828126493 0.50708158498374489 -0.011415534792161669 0.022036100910354187
0.0075876435910162887 -0.50914769824718864 0.49712338346481938 -0.015145151470844926 -0.021260300119909339 0.0001519100720294976 -0.00053998764372166302 -0.50239237217869703 -0.49032652340889255 -0.0083994104663165179 0.0029924457314095061
-0.0019527848860082812 -0.50010315591701415 -0.49272360016305533 -0.0013458660057088273 0.00029525369523683331 0.0032805455601185229 -0.00039348417800978708 0.50363956593112558 0.50330027636852293 -0.0081861512897010921 0.0085243732618158537
-0.0081799929219230384 -0.50441908149205406 -0.49689079677566128 -0.008452935760777559 -0.017133968695601329 0.0032703342851780805 -0.0012138574996608099 0.50371463039877429 -0.49427957292969799 -0.011221712070383838 -0.0070829770877413011
-0.0045236012009346122 -0.49855102926678763 -0.49645010750594898 -0.0053774886328775686 -0.0014395361610623938 0.0024056263051596329 0.0031536530208239053 -0.49624502740719389 0.50790021232567151 -0.020782826173725191 0.016226460559394904
-0.012278951192450734 -0.50514157507197255 -0.50058623896884724 0.0027764517878578121 -0.020091468638942393 -0.0027359606409667146 -0.00087183870261556674 -0.50367985247166303 -0.4895412407496782 -0.017202568294695037 -0.0059214803848416445
-0.0072228892587537855 0.49566936902102166 0.0087944478378278092 0.49299118579507861 -0.0053064834166516479 0.50063718657239376 -0.0036106496889554422 0.0040518154120636205 0.5087772132885211 0.022323840437875879 0.033079343137919749
-0.0048529804304199564 0.50173930503750719 -0.0039326470524500652 0.487477137303784 -0.0071656078568374821 0.50638632671960315 -0.0020002051265715893 0.012631868456455517 -0.50379023608416995 -0.011743845699756634 -0.00038810223715729405
-0.0074419838766599956 0.49373248610729636 -0.0060875267785124127 0.4876126890527217 -0.0057196303899296743 -0.48904750442585132 3.1170701272079145e-05 -0.00083386859509108685 0.52504356991822521 0.04819983259208007 -0.034275505700235687
-0.010249291308377827 0.48315362898602099 0.0077908307119517921 0.4717179627756064 -0.01298102772959122 -0.47976344736742921 -0.0014925453766551084 -0.0023535410120303444 -0.54929624963822177 0.065666455175649882 -0.086552277943560976
-0.0038762404245196586 0.49820685913405127 -0.0009809793473720468 -0.49907377444714651 -0.0034555448060033856 0.50275854261921638 -0.00095045472943167326 0.0060615000938950255 0.49961372898157042 0.015756849229953782 0.0046272034688784654
-0.0059027104350065484 0.49657486067946088 -0.005607826750810934 -0.50558587604886485 -0.010754753610603136 0.49943506810979649 -0.00050703385213689051 0.0026441573027150105 -0.49805849999843277 -0.0059397410120467561 -0.0086133263910901838
-0.01305006233225728 0.49633304959630253 -0.0050288824617074103 -0.50382357773099451 -0.011895686097432115 -0.49386674026929578 -0.00094710680199094931 0.0068260401260029791 0.50512334463154629 0.01871243930117495 -0.0051582566513052736
-0.0024259811190430534 0.49419408761278733 -0.0094872051709587041 -0.51330481225527469 -0.0019865926195854573 -0.49306240744114804 -0.00193658394120234 0.0061225575127833581 -0.49901165926844471 -0.0032680323587577346 -0.0039299703175002384
-0.0057482610781318822 -0.50497253485596971 -0.0020170619537822959 0.4952965368607673 -0.00453794043306189 0.49811868827001615 0.0032311563367099748 0.00091634749375720458 0.5009153256183041 -0.01412409529383459 0.019422010507181574
-0.002027701213600758 -0.5094924866989119 -0.012616093905158261 0.48922923299685445 -0.0077746269494914592 0.50891433937667552 -3.4672863883550832e-05 0.0066612035551926801 -0.49151734094783173 -0.014331243924773961 0.0039474920850680858
-0.011223487948127739 -0.50386118065849128 0.0043503945619579659 0.49036506282088033 -0.0045594420272559262 -0.49491260871924997 -0.0024597997340927318 0.0036365927200032416 0.50965787143249874 -0.027918192006376699 -0.0034637573951202621
-0.0092814410007350072 -0.50768666283695918 -0.0039205232071424642 0.4886660759874627 -0.0050398157508189257 -0.50248338372149637 -0.0018534370203634805 0.00060504350797631714 -0.50067924740506897 -0.0091114299380801352 -0.0087592239470623019
-0.00080541452207926584 -0.50025626706721504 -0.0027307315403923525 -0.50145090731170894 2.4445104339404322e-05 0.49916511637035349 0.0018457115937884621 0.0011383409419783938 0.4990150836057537 0.0097660614291295005 0.00077661899733657744
-0.010280346060735445 -0.49593558848039776 0.0005055144254982113 -0.51045777129947278 -0.0067643837756548439 0.49526349187812607 -0.00068566976496994923 -0.00096399296991487335 -0.49797375485957329 -0.00044860930388996282 -0.0079793645556847093
-0.0093959438013431588 -0.49969012730095169 0.0021452662210525871 -0.5013306646124962 -0.0019074397932981927 -0.49813769155729859 0.0042126192262539868 0.0078789285951314809 0.50051818776825363 0.011778598728933635 -0.0016254359686518156
-0.012735678395329266 -0.49851358079994207 -0.0013986902996856734 -0.50780114876680338 -0.0051095685008084772 -0.49730083383934048 -0.0035744274735270047 -0.0021773286036557904 -0.49606806087948735 0.0015223739152332046 -0.0045239655324355805
-0.0012091462088699601 0.50588821427080832 0.0100881652498565 -0.013318755755585021 0.49004915162898044 -0.0021712522283867416 0.49925547910668155 0.0044602669982521936 0.50318427528803433 0.034248874176977626 -0.00052845676992475119
-0.0089613660431676866 0.49298125073198634 0.0087568813633015323 -0.0045678978553600124 0.49928275801710287 -0.00069117333571897541 0.49736342703344061 0.017647876730489676 -0.50912989344365145 -0.024747737361286666 -0.00059707922708883009
-0.0062338411595913431 0.49729909506505565 0.0064461957937408032 -0.0056891231745988232 0.49133835160857675 0.0099422762450285807 -0.504527238530872 0.010308830201223985 0.50505595575865758 0.036217535558525304 0.0046228088725090277
-0.0059143763765675973 0.49723188589991946 0.00030211258990343659 -0.00083193185809349432 0.49708459800211729 0.0051188244373429302 -0.50193622088182044 0.013353131289313589 -0.50259480619206354 -0.029696340269559338 -0.0019237188746005331
-0.0022539155217303568 0.49636440186649433 0.0050980274371156828 -0.0040845824271089591 -0.50204921102187405 0.0084204178576921147 0.49616260500001491 0.0055512852156002421 0.50514429069974831 0.0082228986327905294 0.0019481134919884248
-0.006658996349976797 0.49457293004927388 -0.0072359063952364966 -0.011704222017169669 -0.51003744316243227 0.0091364958366871168 0.50101606699847911 -0.0018199497932429216 -0.49361799366064935 -0.0014620928474374912 -0.016155045741827828
-0.0050060347063428656 0.49813991734326352 0.0086049805018170045 -0.0056955837708987603 -0.50082214527243318 0.0061948570878911915 -0.49854710737947006 -0.002711272709909581 0.50211526394368045 0.012999817031984089 -0.0043100751704032263
-0.0058221950393862899 0.49501218540461495 0.0035798449100498332 -0.013086490788605123 -0.50969260257151894 0.0083112723724863939 -0.50285570376552613 -0.0040390234158923181 -0.49177324249686794 -0.0041768035100699626 -0.012280073592228654
-0.0067488455423517476 -0.5034286056045203 0.0078673928041908831 -0.00075447794500206535 0.49156951852009162 0.00091947580394590399 0.49537131639167215 0.0010891140861479097 0.5079118652861877 0.035893663430774089 -0.012387284468897815
-0.013484413948102349 -0.5119423324684097 -0.0074054324729489543 -0.015171160989197395 0.49125040100177236 -0.00024890910393884577 0.4952152429419901 -0.0031015173899531373 -0.5008314279873205 -0.0062593167731406002 0.0014633020075320959
-0.0041591385580962538 -0.50620160468972697 0.004363129284884389 0.00035696046663606895 0.49086558573705952 0.006333177628415042 -0.49711444427290408 -0.0001909230065588439 0.50453697726236235 0.032423620859433067 -0.0016372193434687535
-0.011896081010137524 -0.51114098770250682 -0.0059037254636282706 -0.012885409432737775 0.49117220590085986 0.0026269892396184927 -0.4973590918486947 -0.0050174465436604483 -0.49970924070329831 -0.0055514721574070327 -0.0020159793567268288
-0.0032239621172134888 -0.50023733001669946 0.0027453357931482062 -0.0040123386554606708 -0.50046053290491255 0.0041790038220471514 0.49913723769366741 0.0027100264081687327 0.50001771708080811 0.008860604918407896 0.0029700029786143265
-0.018387789727339093 -0.4997926080203014 -0.0029719624087418835 -0.018088093421796233 -0.5050117321545371 -0.0031408284000159249 0.49764532943161316 -0.00039182289017713367 -0.49673176701339911 -0.0064542156976364713 -0.007167940111925751
-0.0031587791932146231 -0.50064835618578507 0.0055077510417631641 -0.00061610508648210971 -0.50140461109693646 0.0040215549160465816 -0.49919498519993133 0.0032478583421647312 0.49858393782299254 0.0095327170659850122 0.0021854381572708977
-0.014809622569253927 -0.49781558836692169 -0.0027047050161876896 -0.016968421147541241 -0.50691764593544419 0.0015492617706148104 -0.49841527629753252 -0.0015409511601486825 -0.49616744910426008 -0.0047151397839840879 -0.0085229143481657457
-0.0092474227359367455 -0.0073481802433784851 0.49911613978778391 0.0024165758654451953 -0.0011128812864315359 0.50317665926273525 0.4966037463985043 0.0032463982366462561 0.50043227761928399 -0.0038852479542445103 0.021825672481876706
-0.019885187153382014 0.0020542875604811716 0.50057491963436296 -0.019577877565312901 0.0034229399669972868 0.50490836100500991 0.49722315150054625 0.0015142351845280075 -0.49625526379160501 -0.013946761001487047 -0.00083184563601062427
-0.010562050482286632 -0.0090151195723203164 0.50152259649107289 0.001185536486293172 -0.0032878519229719775 0.50321769429138763 -0.49843017891167135 -0.00044122823795911801 0.49646050161462962 0.0035861037019987298 0.011102471215950271
-0.018544206211587741 0.00044143484549983328 0.49727347325277588 -0.014349221297561929 0.0024661514816307086 0.50598139474488646 -0.50032112142426943 0.0011225079449525949 -0.49572376335893931 -0.0083778517993693281 -0.0033367559958474139
-0.012538737977197156 -0.00069632773960893774 0.50019160206891855 0.0092327365771664224 0.0021865993599796871 -0.5009060032863466 0.5007440783247904 0.00085987996005819833 0.4977536112437404 0.0048264774494446213 0.011246504609738705
-0.015540984717287735 -0.0026210305212048578 0.50094593443781943 -0.02046241009644429 0.002520204177947045 -0.50056017673784292 0.49556990127435863 0.0032419878796820924 -0.50209286846122081 -0.010732682645310999 0.0025980763072244659
-0.014036249939556175 0.0026319922130261389 0.49999542128711505 0.0024582449065826454 0.0016015319444661385 -0.50325852133708493 -0.49830025313977455 -9.1995611958975779e-06 0.49816943308082384 0.0038921686146485119 0.0056402508079218556
-0.016712704855873707 -0.0074087318709415775 0.50211270679400799 -0.014605652183752687 -0.0039739478740856938 -0.49663857615452467 -0.50070195198499068 0.002792467433046938 -0.49981745662607974 -0.0085383946703352174 -0.0083064116556530662
-0.0030497401286639207 3.1203748535858581e-05 -0.49559517287728372 -0.0055110582128696014 -0.0043065444079125456 0.50365111259056194 0.49732522243284105 0.0039430720782032032 0.50278648415384264 0.0018208676178952058 0.022743626341947938
-0.020738489994052187 0.0038837328339665534 -0.49830688774662185 0.0041429581446758906 0.0013044342035925481 0.50409401066165538 0.50652532951226248 -0.0040896136266614135 -0.49040916403316603 -0.0052737340345755303 -0.0013583906234130945
-0.0048650438601408157 -0.0012274806364142112 -0.49127779569578145 -0.0035295304481277913 -0.0042392346549731562 0.50432575001940616 -0.50045283759222214 0.0042098224680049007 0.50335662705279394 0.0037342322049149423 0.0198357636630004
-0.014974072380056597 -0.0025366499216467908 -0.49512898152490964 -0.00514107042637728 -0.009805684830021557 0.50161846409633537 -0.50637720511552975 -0.0068387726934108165 -0.49624430586153861 -0.010842319791841646 -0.0056884940116003228
-0.0080302257442706106 -0.0085488295451704565 -0.49469431290046445 -0.0016894405496742859 -0.00054175047129415173 -0.49368424963789403 0.50149917926644327 0.0095503936630882899 0.50936306367482476 0.016614484361504239 0.0096579075129326758
-0.023315153942891343 -0.00014442709005972013 -0.49647931023777175 0.00023632334202809232 -0.012226016906899067 -0.50183691043394196 0.50711883395569002 0.0028976853272517254 -0.49346194864630066 -0.014890559689224233 -0.0083981765133954497
-0.0043194599647761551 0.0012670316743058447 -0.49205678499062888 -0.0016400205188105193 -0.013418287024094713 -0.49305534832782499 -0.51257909463599605 0.010449324971172798 0.5011293810124724 0.017138672376091464 0.017396361039887089
-0.018777508411297508 -0.0011637528488469666 -0.49030971782327648 -0.0041027923432149669 -0.0098782381579551864 -0.50617659795706449 -0.51201288969053704 0.0037063120399505271 -0.49021626587053935 -0.013363745911095692 -0.015866873186032776
-0.0019316230567335126 -0.0022967559860984383 0.0076481385819791347 0.49166171924927971 0.49346889943488331 -0.0034205515434736298 -0.0028214328738048731 0.50656960476880331 0.50767698567954356 0.0140640672436214 -0.011115481449764425
-0.0049163750903360596 -0.029697335699852639 0.0028314642532380366 0.47928715500424723 0.50297291967613089 0.019209110881622585 0.00082224848103635054 0.50851215787268711 -0.50647733481435464 0.022653764420409627 -0.02002950269118069
-0.0081760115385333693 -0.0050965147710508255 0.00039446249192943452 0.49486671447700398 0.49221626655186435 0.0051090854445523717 -0.0010118214270164096 -0.49328780317339049 0.51852154964680786 0.022378702070399464 -0.0034230929785863591
-0.0059827647924350089 -0.0038367131532402606 0.040003120148066847 0.48541727475825536 0.48318769496584474 0.034085359111372081 -0.0033317888453794856 -0.48824122661513203 -0.52759582823982409 0.060151466487714099 -0.087869178611735016
-0.0091887829647807479 -0.0061192388302012844 0.00097808562695288572 0.49641257723796267 -0.49897577697431639 -0.0017018460854359484 -0.00090451324125372513 0.50119480342714806 0.50293167929527105 0.018141256036855978 -0.0023594637265227361
-0.0068928617468479638 0.0013461080244121539 -0.0021845060980857037 0.48887385033309266 -0.50417548396471723 0.0061782731153504728 0.0014537217220958118 0.50951001457574518 -0.4970341557714566 -0.00087953546477108162 -0.008418984979533424
-0.0054077955308349255 -0.0019774688897750549 0.00029749846179626208 0.49037820457563708 -0.50850321343899463 0.0041875359883561947 0.0011644361501758113 -0.49101262626023812 0.50851436306892517 0.031037414296867447 0.016061949088911152
0.0037910220719244068 0.00099299301667861396 0.0057108892725814212 0.49373738568310588 -0.50375394094159132 0.022512020823031057 0.0020837988470938638 -0.49978767801882651 -0.50194064641277458 0.0098408403424497474 -0.0082023025012002964
-0.0026763910067413295 -0.001136475620276882 0.0074013010710752064 -0.50283922131570258 0.49420062835169437 0.00058982298292165145 -5.8559598656369919e-05 0.49953497630239141 0.50318468976655184 0.010113160727740178 -0.0047508562420697457
-0.0076281723995339076 -0.0026675867315573585 0.021066524898535888 -0.51183420345230457 0.48915981534019887 0.0063596446113617731 0.0027343138188129735 0.50534009435234595 -0.49273661666308866 -0.0048712577952042865 0.0031120191972272009
-0.0044417977344026723 0.0091092253920758686 -0.00028652334917228376 -0.50863449975894459 0.49117282279745367 0.00081312400153648776 0.0009786524913666609 -0.49290881489386756 0.50687101584505256 0.0032362633569893635 -0.0069278650704042988
-0.02573266480156669 -0.0059881756056342451 0.018494480412906137 -0.50666571998770604 0.49714631961829908 0.0028760237755880418 -0.0071806152885620818 -0.50300886750673723 -0.49172996129122792 -0.0028774120659433825 0.01452319241567223
-0.0039514216866730839 -0.0054218396138887882 0.0038672592730702223 -0.49607983748650814 -0.49831735639862346 0.0078594229825622967 -0.00011205475629791845 0.50164668209906893 0.50365095361960976 0.01166871998718751 -0.0036086734188644953
-0.0062346587228955513 -0.0013957158891948988 -0.00025353290573927497 -0.50576730174958417 -0.50493001761538991 0.0040869783354399265 -0.00043907584474974252 0.50011103431424209 -0.48872203137808451 0.0022526927376176394 -0.014899299293389562
-0.0071119904665047657 -0.0029906460129019443 0.00061925229778611807 -0.50185110055783344 -0.50124052733552871 0.0047164532587900812 0.00098396447935198295 -0.49089894086949171 0.50562889671093658 0.013246091940230702 -0.0015733324119125167
-0.0124319782146821 0.0016107244877478053 -0.00056195935581565732 -0.51111728463205874 -0.507626558980948 -0.0066879697649299703 0.00064993320598398876 -0.49381164582790943 -0.48665692160326507 0.0020495527072539122 -0.013515943726066106
0.49368506903131582 0.0025428159776063951 0.49925925396564502 -0.0042845835261886324 -0.0033140862998474376 0.50038557607299572 0.0035921994269703644 0.002449375330961648 -0.029776102240027184 0.5056043033781803 0.0072448099242246105
0.49161075695536266 0.012369968794497189 0.5066118307973535 -0.0080025327079478702 -0.001788499720548049 0.51133712748148907 -0.0035961449607769791 0.012322455761041578 0.00031976438797358755 -0.48962713248905726 0.0088202561559630067
0.49027715462862276 -0.0076208780012376057 0.50102607664596432 -0.010145973575683361 -0.0051570929204105753 -0.49356653677346141 -0.00066692100463161227 0.003612876439807529 -0.045015809769632396 0.51215590841550074 -0.021495266103234947
0.49612328067043487 -0.0083472640766380831 0.50344723847410933 -0.018159306907983064 -0.0027629284287929404 -0.50016865545672684 -0.012736697128433144 0.011563609062826309 -0.0066955816727359502 -0.49933836210143223 -0.012134345527703616
0.48967808998302709 -0.0086888590072970798 -0.49612204613368144 -0.0072317204083326763 -0.0068730246416409402 0.50137687390985541 0.00029893503021722923 0.0051652190817566097 0.004891302839823925 0.51156524910280488 0.027834933753233589
0.49159198472412852 0.0021470829669625272 -0.49853524187911907 -0.0075130113711393458 -0.0086848297838756656 0.50636308132414232 -0.0018927120958537411 -0.0001342345056190204 0.011605113122187927 -0.50309313941779132 0.0043468954585564332
0.48615094602898867 0.0063715748580087835 -0.4921933939947028 -0.0077657532636464131 -0.0056699494024440647 -0.49013940359560376 -2.2274138651260853e-05 0.002323486024157077 0.034419936310237695 0.52708625769744943 -0.044979764976558277
0.47359958970137228 -0.0080254151215112361 -0.48209525953852023 -0.017853338534259029 -0.0089336776481408909 -0.4798112913532257 -0.001329156277735246 -0.0015838451268079025 0.090620691398630993 -0.54744536711017822 -0.068505033189951187
-0.50282529294398037 0.0039379387209674292 0.50031455406851122 0.0024521667337305568 -0.0019320223242062418 0.49821573033679767 0.001008882337353791 0.0024600338461846448 -0.0037819734011266684 0.4985773168037998 -0.0026815761221340435
-0.50757151212170071 0.013980820146103865 0.49328254530269949 -0.0066306801858216332 -0.0049250376216676377 0.49574958072917075 -0.0019041796715497839 -0.00064487479887303059 0.012414957123847348 -0.50283543688763199 -0.0032417630515286493
-0.50121277204463366 -0.0037934331066526873 0.50330351646700455 -0.0033330248313006108 0.00051190895293466059 -0.49535189788338135 0.0016834006071661761 0.0032389094171160759 -0.0039219336624984058 0.50000700477565363 -0.006029321221088204
-0.50432700728286473 0.011209530633052547 0.4920989093921877 -0.0066188191477730184 0.0025987949307251269 -0.49671328540816173 0.0023479166078927182 0.0045359833323772398 0.014748928494454626 -0.50625487672345182 0.0074168837756289265
-0.50227711727609758 -0.0021497857452025481 -0.49823623654275589 -0.00015714988951135602 -0.0032100012563299526 0.49982575429765003 -0.00025069895180563246 0.0041749994297179613 0.0010103918019323307 0.49960613048723079 -0.0035798089594417954
-0.50363792669965846 0.0053252452508121689 -0.49921523522021066 -0.006038758116972646 -0.0092487795775183096 0.49786628949537365 -0.0028023703600090232 0.0027368626852314506 0.0081461844260716371 -0.49897166454040076 -0.007573288958184838
-0.50501791326458922 0.0035838847713610157 -0.49475475560899429 -0.011054927527026569 -0.011364300934949625 -0.49578109681375576 -0.00094677403825584798 0.0038837265137521941 0.0009246670012733729 0.50392435970235649 -0.012447695155533846
-0.51177655231600883 0.013948805300086008 -0.5002409997758327 -0.0033790686697689576 -0.003763432218176072 -0.49460486185216579 -0.003865757290418746 0.0014473263826308535 0.013383066730973253 -0.49271416221511866 -0.0051177752022805896
0.49157703137745851 -0.0065493406595589082 0.00085653294573287094 0.49086725058321151 -0.0025518702876589547 0.0041494504131637114 0.0010674149091463678 0.50008284131007541 0.013668798810425615 0.51643048544138392 -0.019045659165689278
0.48099676364654625 -0.0036128939736083422 0.019675869899890123 0.49984741943711064 -0.0066182009365211231 0.018181956665012596 -0.0047178238856609381 0.50457261435119982 0.033069042801545476 -0.51025454749736465 -0.044170666778434051
0.48970941710040011 -0.0048715922317102405 -0.00075631032677220787 0.48848749155009658 -0.0081937405234648909 0.0064346188886840296 -9.0037135379926093e-05 -0.4962486613415979 -0.0029626221719415168 0.52425558680697226 -0.017786845240786411
0.48717460539707208 -0.043290901993027125 0.035158719552825186 0.47793204213748042 -0.0090328562562589677 0.0044948463712203906 -0.0042114255907536825 -0.48681210605419667 0.097350452885115873 -0.52841208454530364 -0.073004305253966922
0.49383379408408518 -0.0014550089899143651 0.0037707276565317896 -0.50144455748944539 -0.0079053155806405161 0.0031510832780047965 -0.00049149846415540556 0.50136074192402691 -0.0016572347379084887 0.50309946122571048 -0.010868826078695878
0.48995891492625715 0.001751836389088785 0.0069937478536411047 -0.50688243538655831 -0.0037515157523558816 0.002826269801959365 -0.0013200012129386993 0.5089275027580622 0.012608952611988055 -0.49369628823227535 -0.0056972890580783021
0.48905921807013064 -8.6901935348135045e-05 0.001858067653882807 -0.51039806322507564 -0.0025634734768850975 0.0013968351772113978 -0.00088419361008791814 -0.49099541681175674 -0.015483801549519826 0.50851988732155839 -0.019834584042675487
0.49369414284448992 -0.0051994165868739489 0.016505440638149682 -0.50718778506253748 0.005307996505106191 0.0078003793783075481 0.00072128606289069929 -0.49807139077561086 0.010046138233872079 -0.50038920361129524 -0.0084999534503649096
-0.5041747657795761 -0.0058912499065204606 -0.0009599546408793078 0.49587398568584107 -0.0018867713207573428 -0.0036709656026680739 -0.0011224341095218049 0.49836008611080901 -0.0064807243328262234 0.50145362064129617 -0.0015371758048622712
-0.50929845068222956 -0.018058666732501095 0.0057877545429818201 0.49022763271346259 -0.0064881192618576012 0.0026747315116673574 0.00067136625028251364 0.50546200976871369 -0.0060259884396558772 -0.49432191064442327 0.00057870365207910986
-0.50859628482654273 0.00056717874287162912 -0.00017927018965608162 0.49207346342839287 -0.0056622850504762286 -0.0069337089527807712 0.00052036159970780349 -0.49403030678746307 0.0040837445554281673 0.50489059893263721 0.010752923695531049
-0.50477415871073605 -0.015444100867253997 0.0018313623862412616 0.49627192282994098 -0.02460102814072665 0.002414418245624684 -0.0056317188908438821 -0.50213266706430359 -0.011500824662075705 -0.49573997947956749 0.0022327907699728152
-0.49869808750373185 -0.003682203976937035 0.0080748065268937755 -0.4965787375598853 -0.0028125610229758091 0.00328451368788998 -0.00046127968422355969 0.50126027723689692 0.00048271573258676809 0.50329117011412039 -0.0069283492568960594
-0.50590184101153945 0.0011649579932219564 0.00019018436030755843 -0.50399335572795334 -0.0024702738507760337 0.0026348311259596865 -0.00089932749609974083 0.50051750139894235 0.017305273742534159 -0.489046471063593 -0.0074219540817567504
-0.50316331169081985 -0.0023998016076222273 0.0060727100738167533 -0.50027045556726268 -0.006469627401825025 0.0039631158352659603 0.00064553922501775431 -0.49129084059695882 0.0031484681278130177 0.50502096221504555 -0.005723803813202452
-0.51014569466462334 0.0031871926466894938 -0.010182909253165741 -0.50835772137570634 -0.0081055534519254256 0.0004253258073608192 -0.0016772562965197077 -0.49337329725670337 0.017485748357552604 -0.48723554074503966 -0.004451898566728168
0.49099824489402516 -0.0030243220251283264 0.0062341776000981175 -0.009385180339685318 0.49530072537669312 0.0013539704177935501 0.49663859347231731 0.008865567280854374 0.0018348530293837131 0.51631456469446357 -0.012140897895160275
0.48563590099099507 -0.025297434413200922 0.0090582005659060796 -0.005239993357725195 0.48264431646850486 0.02099058477717158 0.49780346442077056 0.018474917880686375 0.063096170815928013 -0.52388462193334595 -0.058620187942024241
0.488002735338323 -0.004781597540003059 0.0059136879017472888 -0.0043794232359265477 0.49173956260535173 -0.00032592013977943103 -0.49822505261438632 0.0040305128049114474 0.0019646308672162491 0.52061169090245107 -0.026145197546188589
0.48478552203397146 -0.021533964188546795 0.0072552498740302909 -0.0077537846402383455 0.4883143471064762 0.018445746248040195 -0.4983173329048281 0.016866809026857544 0.055074140408285975 -0.52159262365774572 -0.043802962512950572
0.49245256410277016 0.00043689769504447868 0.00015406419634706185 -0.0034853992664431849 -0.50503598396599259 0.0053270516054201595 0.49434443163981262 0.0046076999725589334 0.010233872486873203 0.50779594106597137 0.0054119316702569689
0.49277409762920077 -0.00030748201613728517 0.0018732515902697322 -0.0015699805033432765 -0.50678690134509052 0.015726767349871225 0.49914795235757875 0.0028297473685264655 0.020798986855890128 -0.50047731395646267 -0.0045277159539252668
0.49324966046517404 -0.00033660895078651122 0.0041973423206715064 -0.0076712665162024943 -0.50119950500669042 0.0021993311545422797 -0.49813634336028539 0.0010608371552981418 0.0078885040577078378 0.50713971438106775 -0.0053433983382001693
0.49193471457142474 -0.001555259217222907 0.0029290730298051904 -0.00054513700642476936 -0.5077442993087572 0.0061505642554376024 -0.50319349491544008 0.0060566338316821889 0.014136523572764062 -0.49668867322422555 -0.0026424718307274365
-0.50334726650460193 -0.0053060468534165814 -0.0046849203394140129 -0.0019933816531036335 0.49218335820129666 0.0002450555745727456 0.49599389161761981 0.0025817196496860134 -0.0093481911908335491 0.50785728009594433 -0.017886406969006678
-0.50497813072272979 -0.016432056107207337 0.0052043752093226892 -0.018105563070829056 0.49627320211904946 0.0061317923279199738 0.50339899561364532 0.0048420395289755025 0.0085093720297281569 -0.49413384263101168 0.019308808677171461
-0.50433266060532511 -0.0068990489881842832 -0.00062310845571112339 -0.0026659253211196794 0.49189863699564262 -0.0038947389554337196 -0.49654249012404578 0.0010668949177113866 -0.0058019275003796649 0.50683850347631065 -0.011812000083213953
-0.50718691320686371 -0.019931411432176433 0.0021003561835114346 -0.018049836924659477 0.49411207236235749 0.0025743635908996908 -0.50231330356572801 -0.00071176361769296982 0.0086139867852921843 -0.4951478837390994 0.017771024522523556
-0.49989227242812007 -0.0030388261082918678 0.0057315735572361567 -0.0019485399166586672 -0.50024251752070825 0.0019681139745319908 0.49685976087806144 0.0055046237693105972 0.0002175479946015655 0.50279858802075073 -0.01044000219230886
-0.50746257350532054 0.0024527824052379883 -0.00058943912295593925 -0.008255261764733941 -0.50487411860450215 -0.0075925159591174645 0.49750251086159142 0.0042366753344973409 0.016832176037599608 -0.48949191522209617 -0.0062726931894496662
-0.49926344512287291 -0.0025865647267325704 0.0055640359208215615 -0.0020527732660105282 -0.50057216083052702 0.0041060359129329038 -0.49645645349142165 0.0044017329834469933 0.0017107318611090429 0.50349715866820466 -0.010202994006163792
-0.50629987481030914 0.0012686131988616303 -0.00013509719309885923 -0.0080339154038105917 -0.50451125090267457 0.00044582090426904114 -0.49970811609022908 0.0030763063566245502 0.017336745889869991 -0.488868006161985 -0.0072325059211669398
-0.0013322239281391209 0.49494903936203227 0.50213449656570419 -0.0041037578675121996 -0.0020757841077506706 -0.0011505118357907108 0.50015153054172978 -0.0033264818029781185 -0.027809184984381372 0.50188505795299809 0.0061291464766420542
-0.0010527249505738617 0.50489287337684141 0.49669023385216254 -0.011454353606261238 -0.016458444635715268 0.00074431453964115624 0.50340603022196784 -0.006484806882271257 0.00046073184087825004 -0.494487973886997 2.4124753795682359e-05
-0.0063310984489072346 0.49338948890222095 0.50320209823592443 -0.0015147004528272543 -0.0024903325586923038 0.0002676837317192625 -0.5003578086324888 0.00087348698697953698 -0.021118745841594701 0.50240661982865187 -0.0094179256371680273
-0.00092461448246027131 0.49442889051399336 0.50403313738967637 -0.0068348642585415462 -0.012834145388826341 0.0029164791220462234 -0.50744036874802456 -0.0042955360796738144 0.0061516463221601677 -0.49365561018011167 0.0046897269005604543
-0.0057045257440072449 0.49518963164965368 -0.49325775665737798 -0.0023342511581314874 -0.0066748721964008948 0.0068130985146466101 0.50358231621857596 0.00091847881985117341 -0.0075444575409541687 0.50762798099174011 -0.0039966103917486026
-0.0028237008664845401 0.49550177535095324 -0.50418637884442541 -0.016774029891287932 -0.020006172193738601 0.0023584721412183984 0.50519249774662056 -0.00036270887749793521 0.011093429761282853 -0.49413233589190431 0.0083375316897762886
-0.0055038961879150753 0.48995675895652346 -0.49448920671260677 -0.010768805572416051 -0.0028982871869223459 0.00016703485489937158 -0.51364846479511317 -0.011730741671541501 -0.017675903313591014 0.50097760206399156 -0.0021816890960844127
-0.0026796749512575189 0.49556124673728469 -0.50445646900005658 -0.012950975652515195 -0.022306674627719927 0.0023639506780882506 -0.50815812070393107 0.0061971124726274175 0.010473520629356302 -0.4907153282772852 0.0095041733582813624
0.00078624881525965896 -0.49751533776405882 0.50214084420750882 -0.0044770530439932621 -0.0076680948599599707 0.0069811682947179899 0.50235954226050172 0.0017088644944297212 -0.019334007518027978 0.49730810988191493 0.012152068478863905
-0.01658006610849275 -0.49861768346266372 0.50647698381986128 0.0014171905472212401 -0.019220787287798892 -0.0027037744193521367 0.49939525338789881 0.00099137692276679503 0.0039824511812086337 -0.49470624106971189 0.0078158628748944397
-0.00078909371661479012 -0.49970982361084726 0.50442080002300915 -0.0039812887499012769 -0.010375929616063533 0.0088722841759937172 -0.49822027994354301 0.0010422961494860271 -0.012935471673194449 0.497236494136862 0.0033025388493623303
-0.014680231546213566 -0.50193294551811152 0.50155066999956877 -0.00045153166543437131 -0.016470193479943447 -0.0028713065261468393 -0.4956584730475404 -0.00014538918903894162 0.004711758742550789 -0.50031309810586999 0.0015096437954576112
0.003825870011716664 -0.50430230981151158 -0.4978266439131116 0.00076393223278403992 -0.011808128974628348 -0.0024818781528177492 0.49899849238749727 -0.0013426197719381802 -0.0058186983742431466 0.49863328926489725 0.0040850923348216429
-0.016665835122521417 -0.49745573956761646 -0.50179767063583014 0.0082791804939181604 -0.010932914270760447 0.0067933803782698025 0.5010025565681534 0.005496743107555619 0.0018612545684607536 -0.49918531330562765 0.0013016270857785861
0.0026159600976297368 -0.50395135954236503 -0.49870659058385919 0.0023903305550595512 -0.013798336590770382 -0.0020619442913307568 -0.49796237714644032 0.0038664814952085588 -0.0049089930693586295 0.49910198599128569 0.0030317855152224059
-0.014421100102258099 -0.50320783486416665 -0.49779595307525482 0.0039424625996851443 -0.013986087415713935 0.0079885625544346729 -0.49988805490448873 0.0056551931854094493 0.0064376129380854623 -0.49852723311170927 0.0026891374651287709
-0.0012473634005064436 0.49161219432704073 0.0049807129924012471 0.49516761655852676 0.4962696689212549 -0.0001564254754375213 0.001376529900253577 0.0043512027998403677 0.0014950794661197015 0.51645035068639511 -0.0085136323687786935
-0.033241586434206778 0.46723980171838059 -0.008036048456763192 0.44215468493612825 0.44410025326241231 -0.0058942208364980431 -0.0015808982544274152 -0.0045041079371104329 0.15901828860358203 -0.58345151727929945 -0.14843035065377405
-0.0062514434506042906 0.49327910554509008 0.011363246973563982 0.49580236503774 -0.49578140936577658 0.008261227589216465 0.00070659166877247589 0.0052442659468553655 -0.0013512431863570318 0.51409430813956736 0.022300135826213728
-0.0026863625338036184 0.49215695464425596 0.0093507393933973046 0.49554651266068223 -0.51492824932241243 0.0065976711355359447 0.0004615276991119691 -0.0030691716024581241 -0.011996755643363419 -0.49672525076392449 0.0060309190851813585
-0.010512773655379028 0.49407521291906398 0.0082868997756707606 -0.49689361271200821 0.49566919308771079 0.011297767525563022 -0.0012591797986234048 0.0015138985069103139 -0.027053761382199542 0.51207347566347439 -0.0060509564892660232
-0.0085718811675058147 0.4906790812928169 0.011495168045778851 -0.51595032810060593 0.49372912131606944 0.0050264114041278186 4.6571808548803586e-05 -0.00094035481435409264 -0.001484192305422589 -0.49839383520238201 0.025109117897157588
-0.0060226412697204634 0.49898371524234691 0.0052918543129598893 -0.49633330827289274 -0.49662069940375725 0.0070329609331594737 -0.00050416908397644239 0.0053749557154712203 -0.0047392486377139734 0.50778180771528625 -0.0053546630585084931
-0.017837842948034057 0.49868080937109138 -0.0024058220757411319 -0.50892896506791419 -0.50703956480572598 0.0029880207995003367 -0.0014393346710387467 0.0056897731438600345 0.015181806132691525 -0.4843592282278979 -0.0042354813916391839
-0.005052719428985066 -0.50573778101554745 0.0045194408458095114 0.4871703760481777 0.48474487680447609 -0.0034294347982357924 -0.00012077291996111445 -0.00049604775553136686 -0.0073512229790229262 0.52126187086560183 0.0095273541484359701
-0.015458245683406814 -0.49384132003256181 0.00042973918252317978 0.50243540603122527 0.50781464665410725 -0.003630701238164859 -0.00038982426097674514 0.0047229531557083969 -0.010276418301812631 -0.49528991981334713 0.010545440728263288
-0.0023598132751697924 -0.49875781087675319 0.0015636165936034792 0.49438710323826934 -0.50746468659666777 -0.0045597617573336444 0.0018642926567915788 0.0076258153743309779 -0.014314335187187194 0.49897302617304706 0.0056758583708102512
-0.0051333484914014059 -0.5037255147577312 0.0007693962106042904 0.48676206881190315 -0.51524643613988186 0.0027307197914075878 0.0020417834308828924 0.01943706147702122 2.9342690529229789e-05 -0.49334304585903344 0.0063776271779745165
-0.0049237112589703711 -0.49816997886265002 0.00070824010780493898 -0.50503527666829107 0.49578778652371186 0.0024819965656784734 -0.0012589198746620861 0.0032475706047721303 -0.0096679024277927759 0.50082278991307205 -0.00073521641291214882
-0.00542516835781383 -0.50458121150079382 0.0043001265982986698 -0.51298707507868402 0.48990810229062887 -0.003298905866473272 0.001147379081020423 0.0031043613094060827 0.0061549042092503723 -0.49195502206559411 0.010233605080095456
-0.0038035367474710834 -0.49964964248317578 0.0016132433241546505 -0.4979219222855249 -0.49974019007064779 -0.00075787411953117192 0.00027848757161161222 0.0039312379773096375 0.0014874679017723466 0.50257265315393285 -0.0083112115108396091
0.013584727809851397 -0.50137905602116273 -0.00024204612474965312 -0.50515502862455686 -0.50222768299368026 -0.00042290881295522202 -0.0013898206583609133 0.0023842009379667784 0.016602276797543728 -0.49058706174104949 -0.0078163065087394987
-0.0043168502342519769 0.49044614821819144 -0.0008441280081646921 -0.0011126203751532753 -0.00018742657132066613 0.50448984262273466 0.0030948001164461474 0.50113088930710248 -0.0092995051656721509 0.50363990475517717 0.0071114783239323524
-0.0069748049453939118 0.49727927707313757 -0.0026535731961856786 -0.015394263603520534 -0.0048267290743125198 0.50380017665263688 0.0013246424927107919 0.50417987935101782 0.0066382656714037277 -0.4942965860447634 0.0032319671148668067
-0.0089214357508954172 0.49295227412361892 -0.0026102095584906843 -0.0016813992643016236 -0.0041621910579154667 0.50277397983535832 -0.0020116387365777966 -0.4958605961488684 -0.013569571298866337 0.50741159592731511 0.024028858460705977
-0.0054414784957471174 0.50280426615546792 -0.00030132530951564355 -0.02256397380689389 -0.012772886544787672 0.49983027062351504 -0.00056157051202870465 -0.50128704236210775 0.010079838888801594 -0.49508494248779605 0.012484904593996562
-0.0041304848074803667 0.49340319427790963 0.0047815605386207771 2.6927161231405503e-05 -0.011047916354972475 -0.49295070390697282 0.016570537780827489 0.5079357961680534 -0.0019141192570780114 0.50501778089611871 0.008422075884067376
0.0074575105292230626 0.49693953392914464 0.0068387148375279828 -0.012274333767537967 -0.010977754454340504 -0.50934613739809997 0.00083074487350961578 0.50541733138354283 0.00058164714705877707 -0.48763329074972012 -0.003182063636931058
-0.0055028784966359842 0.49786774358794578 0.0040121010087694527 -0.0080898870085212796 0.004305325132018166 -0.49075544192370446 -0.0073679978278713325 -0.50047161158638043 0.00040221536979924405 0.51045776218728567 -0.0079394737889161918
-0.0054846006091564398 0.49452450699854872 -0.0017148187314532553 -0.025272658420968094 -0.011903827239253401 -0.50450456973436653 -0.0050995446260667905 -0.50681848892120385 -0.0053515750846130977 -0.4931310833882121 -0.0030545791807861464
-0.00091926356176494774 -0.50371514576629739 0.0086966796610129914 -0.0067879542146826932 -0.0023259767558189023 0.50054137572990731 0.0016660897498921366 0.49886519147067954 -0.0065233415284745647 0.49665625496237203 0.004708995759169588
-0.0064029865791979347 -0.49614213357451958 0.0036113804959687066 -0.016712887304045056 -0.005448706364973791 0.50328637091057737 -0.001789733189517889 0.49840298044706222 0.007862655615494419 -0.50170904136437067 -0.00049521206253498086
-0.0048782661019419662 -0.49955289240533113 0.0044575683819504273 -0.0096975480072997791 -0.0042975738939748731 0.50218922337885263 0.0002614165658696769 -0.49354380565468758 -0.011638422517631244 0.50396675020097825 0.019829725446322079
-0.023786660550376554 -0.500937972740646 0.0016267095108614524 -0.018677117639071941 0.0046998620868318628 0.50424344050735093 -0.0025159442987789295 -0.49431512418561246 0.0022971731697440435 -0.49937798416669887 0.011086265898465428
-0.00074320369051163117 -0.49882445199698372 -0.0025044169769533218 -0.0017557563558596274 -0.0099778585436515986 -0.5031692147792145 -0.0029074662243805905 0.50045103708535521 -0.0064150939098980755 0.49737228828637919 0.002324247405990674
-0.011598594017831712 -0.49925893641020036 0.0077711472011779926 -0.014387116222849659 -0.0020973590268576385 -0.49854138362469175 -0.0026145533956168109 0.5020395476875229 0.00031392062091793982 -0.49971824309643476 -0.0046618372696297806
-0.007045786698889815 -0.49887411561742301 0.0078286431837149371 -0.0083647356855081414 -0.0080753125127048034 -0.50336032662327468 -0.00092686350709219809 -0.4968719001903803 -0.0044086491993355252 0.50050568829561104 0.0099480465563757097
-0.020779628156951824 -0.49910035506788875 0.0047115167946538295 -0.018258120522554256 0.00043624475787971208 -0.50211507896747354 -0.0056255198013322478 -0.49861205493804384 0.0078204645954838177 -0.49921829264545431 0.0081271921557836222
-0.0020310478487197648 -0.00040620097545823757 0.50992459726171524 -0.0052864534777351162 0.4923428756017254 0.0037452034119922761 -0.0020090956323797504 0.49804757055631421 0.0075228515694954999 0.49941621338121761 0.00075377188746599802
-0.011524080220073283 -0.00017163448837276857 0.50309636045043793 -0.0090235903552836668 0.48995738545158207 0.0064237152977240008 -5.5201036969431384e-05 0.50594332780301832 0.011695610879836974 -0.50040513770872497 0.0077166186793691163
-0.0013438053698585854 -0.010070948186358401 0.50408344418456397 -0.011231123378494105 0.48799557835783369 0.003321565224936427 0.00064543549026636177 -0.49348642938275872 0.033703993424816774 0.5117071746759807 -0.031785715416342682
-0.014268136589757665 -0.00077471482442465173 0.50547965344342172 -0.010079942667946682 0.49855622473892208 0.00191628442419055 -0.0087745900338060522 -0.49546223836798353 0.012584180624282659 -0.49980365124911319 0.010033890123039095
-0.00040976972095890541 -0.0053383392295855018 0.50281120900994281 -0.0018153270323377905 -0.50008606447444393 0.0057772615636476855 0.0021787381081555864 0.50148088485918152 -0.0041845071875707407 0.49546950588732341 -0.0058405589232332971
-0.013749944720676872 0.0055845648018553089 0.50007034962356622 -0.011136442509380038 -0.50243989491991703 -0.00018744635551307224 -0.0015804847514319536 0.49706739306854786 0.0071916668362414244 -0.49997346189999403 -0.0059849585059601361
-0.0024025954509706332 -0.0022199944977424778 0.50116044161613726 -0.0067671612401883621 -0.50326131993152234 0.0021755027842747473 0.0030013251412134389 -0.49295704715220184 -0.0058925401358766918 0.50244472737408608 -0.0019857267989461013
-0.018945292843718816 0.0027445440412006 0.49873219896126081 -0.022390201579928496 -0.50663475325724583 -0.0069323542979199395 0.00023060710883591613 -0.49538358397165722 0.0099720539548827994 -0.49816382295880945 -1.9802704613364706e-05
-0.0050076274841757288 -0.010512415803266513 -0.49576487982311312 -0.0051305036502546442 0.49292901310694326 0.0090213609493688812 0.0034699154311993337 0.50474745634520679 0.015055083637106012 0.50595017525048902 -0.00077932784313987716
-0.0059902173046961042 -0.0029815588978226713 -0.49293004851495587 -0.014333324868964896 0.4985184641781496 0.0097167608676712383 0.0013148584350490869 0.50349077662941333 -0.015825144563139694 -0.5043802319558458 0.00036264618304377154
-0.015631074701678054 -0.020268161610072992 -0.5014873605527268 -0.004591288159302878 0.48655171980375972 -0.0032105057297640714 -0.0028541130379715011 -0.50000141766783623 0.023174630988604252 0.50996441511317048 -0.021931784747793819
0.0043443602837188317 -0.012472552429903203 -0.49160485775318513 -0.018006666366998166 0.50687701014193998 0.0039342894107211243 6.1408527134174709e-05 -0.49839902099720307 -0.00071336806889928301 -0.50211923193233488 0.018983778694714074
-0.007077152900879435 -0.004600012300843925 -0.49586733166411229 -0.0037070328695153381 -0.49944421253880183 0.0045018272148358851 0.0030893327905564213 0.5025067554511724 -0.0011180634292556457 0.50193849560577986 -0.0099863163634496023
-0.011442636298844611 0.0038938523634864867 -0.49372455554137884 -0.0097744486697671704 -0.5048543727008552 0.0032722991492389886 0.0028214180406451964 0.50535692897846141 0.010061329685398555 -0.49557358687099351 -0.0042172733555331122
-0.0082218971840175622 0.00099411957809148626 -0.49640830972379313 -0.0055967455355865918 -0.50496932124090621 0.0048179478394134514 0.0012541131525043059 -0.48995007142025421 -0.0057951765058396523 0.5083032238989269 0.0018038326872375976
-0.012411944268897327 0.0051043685113846583 -0.49358829230182771 -0.010406209575087245 -0.51380320233040799 0.0073626441137894186 0.00037118178001257802 -0.49591052249752854 0.015233177960662184 -0.49580088841600539 -0.0075035690518162343
-0.0026900312634986342 -0.0054558010227683026 -0.00042072459838443649 0.48849630882858175 -0.0079525407703304723 0.50614401784454766 0.49745588308321553 -0.0016832854049779484 0.014699949243397726 0.50613689680135521 -0.035118821717398628
-0.014208089717048079 0.0032471468253594247 -0.001110509959787517 0.49294680837123361 -0.011700877689415618 0.50555116791542576 0.49563506916711897 -0.0035987740454298902 0.008341999123050288 -0.50530403165108084 -0.0014411363039462748
-0.0023625463609569354 -0.0070249745779954595 0.00079651919765828566 0.49050271149325642 -0.0080198071827408748 0.50681956700465269 -0.49504714553784168 0.00099357443229180511 0.0059929651447473958 0.50653903832299996 -0.027032506432752811
-0.0069838413346471513 0.005836653114167715 -0.00021304826930022055 0.48905431135156263 -0.010401748243547155 0.51039562406400441 -0.49689106870668792 -0.0087432358898713591 0.0072090968206856365 -0.50308825894194464 -0.0020394785625092978
-0.014371777160937141 -0.010948727741542054 -0.0026645920089810233 0.49216555947932228 -0.003390008306066864 -0.50549576232242155 0.49709622112192525 -0.00083245151279054777 -0.00029345879484671971 0.50329355904807338 -0.038629558437912902
-0.0012443781739960066 -0.007567776357657866 0.0029664488116210872 0.49480854259895746 -0.013476183604692127 -0.49924005059000276 0.49277369282916039 0.0053623523440391443 0.00018118456447862444 -0.51223365101368723 0.020895879331598397
-0.0038958489935718259 -0.0034909605861889099 0.007755772414036668 0.48834926271802204 -0.0076125243740896176 -0.5010583438433911 -0.49733003546341747 -0.0030558667703419976 -0.00029238808126641155 0.51107409345975652 -0.042032721743168695
-0.006740438535090946 -0.00048125414541870244 0.0040715835955285311 0.49336150529031703 -0.016645266798251988 -0.49462782787978332 -0.50597082294267015 0.0053650715358711486 0.009703623651337475 -0.50497706852426205 0.021614149496333879
-0.0021199397983730022 -0.0034873421183499176 0.002883940108919787 -0.50333126280989005 -0.0043141544607071597 0.49943077089793481 0.49729360206040601 0.0062198651706999574 -0.003719377160913221 0.49981606468802475 -0.003662589219394414
-0.013809778153741337 0.0013200653415951428 -0.0034378001029049376 -0.50949674472721118 -0.011898550717887986 0.49948272831975782 0.49452689190001309 3.6346663347528604e-06 0.012301578409737175 -0.49585869827763218 -0.00044764302090736754
-0.0023258379840577514 -0.0050504378086805475 0.0035144081018649276 -0.50173756265645231 -0.0040539156062545153 0.50040794323115922 -0.49743360687788446 0.006601966298727429 -0.00098708001322884553 0.50028341157599721 -0.0048333626663655781
-0.01456321209593135 0.0032985788297629124 -0.00078733582806581547 -0.50828994243379522 -0.010358823388732338 0.49934266537693184 -0.49805902616021641 0.00074323791276339319 0.011626689727171079 -0.49372728247278513 -0.0014794431814126362
-0.0077653004701731731 0.00092002044988970472 0.0047838292909063848 -0.49962277943550371 0.00046148522914263562 -0.49946875678221192 0.49848892149932883 -0.0024666973463743605 -0.0009347714185526314 0.50231425340180424 -0.0024540834688975984
-0.01305110554956988 0.0063000197401534763 0.0044922442115397001 -0.51081196885223057 -0.0031428691538590244 -0.49373526954444663 0.50373698673634759 -0.0052957673419224711 0.014997241982654091 -0.49095557665031025 -0.0039043727708520572
-0.0070251807114608171 -0.0052401159828431351 0.0045394257959901103 -0.50349275850378017 -0.0017932969108146193 -0.49708522175505182 -0.49615893361126723 0.0039086288286091153 0.0015404776334783377 0.50306327208479185 -0.0060577713301768095
-0.013113372353935561 -0.0015303746315145515 0.0081978762637841263 -0.51053556792784793 -0.0079311794419818348 -0.49317916813082457 -0.50290051692828741 -0.00052482789042055669 0.013625367459107939 -0.49267248810455894 -0.0015146267556039486
0.49431683766876283 -0.00058176455491848857 0.50704341192806013 -0.0080438141254155215 -0.015883394582744417 -0.0023920652053187417 0.49863984735340033 -0.0036125506121699237 0.0003372531618231273 -0.0099811147465820836 0.49948004218444841
0.48477207329479971 -0.0010632519125423987 0.50148233831331923 -0.0088188069287391552 0.0008941011085908156 0.0064621285555335924 0.49600037418762755 0.0001505702878576866 0.046646542692250298 0.025244678997560662 -0.51435440437719859
0.49679763641500924 0.0026052594366714047 0.51039204547977579 -0.0081028963909213561 -0.0081819362243330043 0.0028261843074121004 -0.49372711071552905 -0.0082499367083730697 -0.0030825920600476156 0.0076568585503709033 0.49864019241412189
0.48798656411464486 -0.0052021046894699862 0.50595190458107175 -0.0087509433622763189 0.0011795938202312376 0.00023801770153328986 -0.4963076680052681 -0.0034286389583085162 0.03398163779287907 0.0095960090325748811 -0.5081306943248548
0.50219416821919982 -0.0088014982301930864 -0.49438502040297855 -0.013996887951398591 -0.0021826676321196571 0.0046292269593179811 0.49431449138497113 0.0097848697559180364 -0.01828074266722577 -0.012441908837176493 0.50808793458103141
0.48997612094693072 0.00063555174168129455 -0.50341203639921883 -0.0041493516180166525 -0.010479286696832488 0.0079678202903376728 0.49822621095543274 -0.005146189909674641 0.037913330889147091 0.0021708796740403848 -0.50656769135447965
0.5027788437066546 -0.0078210281483435465 -0.49417863108774535 -0.011382231791724562 -0.0020727915624283392 0.0081947231698401585 -0.4985118681655667 0.011713602500777428 -0.018140663288099483 -0.007631451666470339 0.50368653680454156
0.48886424215665941 -0.0067913386880887831 -0.50048908056405228 -0.0078441483513992851 -0.0091578260810203857 0.0080285637015557621 -0.50334525544325048 0.0048720662777278307 0.035467813285157614 0.00066537505488787686 -0.50559654341018712
-0.50693854214556822 0.0026147219993684777 0.49870501932280342 -0.013770546789161519 -0.013246294340320677 -0.0010551541586725529 0.49504015666857298 0.0015133552388463527 -0.0046982066777290386 0.007356299311766696 0.49878887372458264
-0.50647038520705445 -0.0024288594099503499 0.49938547506951908 -0.0037983795622475482 0.0020757458055287036 0.0043046644076873974 0.4959465496503408 0.0041612615012696329 0.0067361740172886212 -0.00218511293752373 -0.49802438025649254
-0.50500384628377715 0.00047686452421988714 0.49798230431579227 -0.01258055997425808 -0.015419972031029959 -0.0026349581377184874 -0.49920975875842494 0.0021250058352786615 -0.0030996378258755469 0.0039457767776812655 0.49733434186428682
-0.50410407315942674 -0.0038955129423871968 0.49923226079618699 -0.0042321147628908602 2.5358144271202214e-05 0.005991590077897257 -0.49788516056997351 0.0030805111555711972 0.0082184279025264255 0.00072140651130636493 -0.49860812462689008
-0.50856396434211737 -0.0063894380530183726 -0.49376520404279062 -0.0075674503673742949 -0.010403129628687982 -0.0026249202993052444 0.50155531407335818 0.0025007250113631497 0.0023313766950432704 0.0081394855420611149 0.4956911716682828
-0.50224338732129903 -0.0015965323597982907 -0.50025271295078522 -0.0044294566407104578 -0.0056072529599054469 0.0042220010380692088 0.49535921700262747 -0.0021649383229999457 0.012268473706330288 0.00082859749096253368 -0.50188716326370997
-0.50816313364587351 -0.0047457105666865954 -0.49449593759707605 -0.004149469621760468 -0.012688494658543426 0.0052397897162731275 -0.5010532091014569 0.006342866434039713 -0.0027889048706809805 0.0090675494152374133 0.49581373054308997
-0.50338002665611359 -0.0029280775978230895 -0.49718657368171865 -0.0032935356923748322 -0.0052616426556719642 0.0045510028294290534 -0.49721027454302702 0.0020380638240530568 0.012453283155539422 0.0051841136196711449 -0.50193831501259334
0.50212423441047627 0.0054255704900369305 -0.0037095091026061095 0.50437388270608163 -0.0097808695319948919 0.50101386855348351 -0.0035575973482185157 0.016587920747160478 -0.014392135428977937 -0.01038314875301349 0.49165203298999166
0.4858837414316397 -0.0040326085779479491 -0.0044217040835334287 0.48346563377359114 -0.0035310810762094139 0.50337535663473165 -0.0027836431236634295 0.00067731507267102691 -0.0013711273894215716 0.0012335968901433412 -0.52605259242425839
0.43797512023631435 0.0047081265969054244 -0.001244394912022041 0.43696942426524837 -0.040515181881875799 -0.46154815503217689 0.00042206697675662683 -0.0031457545137124785 0.15447794794508074 0.17454554073044465 0.59008810008150991
0.49390006190197283 -0.0044428181594152192 -0.0072371435075341186 0.49099295633554957 -0.0023784934857565632 -0.49360055118556323 0.0028113650206724196 0.0057459844913818831 0.01001486613600603 0.0034378334433785062 -0.52068832624444694
0.48674568754035363 -0.0015099061258562003 0.0016341428195921516 -0.51438286674633904 -0.0072076327874844243 0.5044728234114062 -0.0017167204390534409 0.017596843165762408 -0.0062579025711763814 -0.0012917229607344388 0.49354406731018852
0.49270563848381388 -0.0021383565573449255 -0.002113942679343631 -0.50869037168979103 -9.6299949422225701e-05 0.49925947399970166 -0.00031489385516832651 0.0058527463438867245 -0.00096026751557255416 -0.0018790911494009684 -0.49916668527321362
0.49517656102434482 -0.0056662723006661517 0.0055239157000139608 -0.51480022348152876 -0.0050016051787490747 -0.4926542549635044 7.4505562209616947e-05 -0.0016319824570164444 -0.012308498859334016 -0.018150642307420372 0.49648911182709199
0.49314487270195023 -0.0078748453593633309 0.0058759431994043782 -0.50112872556791999 -0.0063058914607649315 -0.493010080310337 0.0004908584427150243 0.0035223476128739277 -0.015624907513826346 0.0047561209490548269 -0.51205808771056338
-0.51066836211009392 -0.0034942931817467235 -0.0027361700379814006 0.4900153419062247 -0.0040474675657588329 0.50574784995233479 -0.0027764966566336102 0.003069132661276436 -0.010810720104048314 -0.0075612491923093715 0.49304629552649992
-0.50616491308184264 -0.0018902142231921643 0.0015182560963847421 0.49619520336550188 -0.0046630810162232566 0.49787250191569693 -0.0029260451691583015 -0.0016676202043660162 0.0032949069385016937 -0.0089883697357234366 -0.49957958377265421
-0.51380561204734609 -0.0079197744071983402 -0.0019148717050951653 0.49223274784341009 -0.0089130489501293431 -0.49328093301409898 -0.0042609436310714361 0.0019305464675355322 -0.02556027043836585 -0.0083217225373951511 0.49949408701290993
-0.49801633015297331 -0.007848272111053177 0.010457587744168438 0.49587645691005905 -0.0076640293678106207 -0.49466147820957679 -0.0032691822268299219 6.7906234297906404e-05 0.014386716702011968 -0.024378082851731105 -0.51024958774253015
-0.50529589067121616 -0.0040911381764043644 0.0014497472954327819 -0.50208424601754809 0.014889348989184571 0.501632039104012 -0.00076142771293990835 0.0050481934735489026 0.0045506444550322137 0.010544979064104714 0.4904633209997214
-0.4996180126211473 0.0012061264977722397 0.00020171884963646926 -0.49615651544311917 -0.00099302750219757547 0.50206082485628201 0.00013799393436958048 0.0017810817042891167 0.013994243929447175 0.0073731232618510691 -0.5018860499685851
-0.50845175655566976 0.0033861079568924973 -0.00026279967330075199 -0.50584069610666871 -0.014399015301453748 -0.49859398064783916 -0.0013123688038762815 0.007056269981588128 0.00027178544045142753 0.0070424356433355807 0.48650384831166049
-0.49911590031669073 -0.0027412184366789414 0.0072365112167658155 -0.49682562564128824 -0.0028743958680926243 -0.49804318617546206 -0.0015113012713288132 0.0041388897737031846 0.0065542666301065507 0.00029827727383031151 -0.50583593695604423
0.50316463419548174 -0.018385024809364155 0.018955283597949894 -0.008950666428621289 0.47951304274567741 -0.0006623822614884214 -0.0033424677242149272 0.50530415395464301 0.033576361284789621 0.020611818227898433 0.50913558946151194
0.49128032486310669 0.00056399132275533376 0.0040636981246460011 -0.0051394403699749425 0.49310408733727973 0.0044701923706068165 -0.00072708394974746471 0.50078817311102797 0.015494070977795456 0.017801835039732494 -0.51388955886713994
0.48022621304318924 -0.036217034616593376 7.9700773328620527e-05 -0.0038879770578783977 0.48650368737129385 0.044819766655576743 -0.0079329655642655008 -0.48659307351635961 0.063999029465879223 0.08714491126735531 0.52993912500769846
0.48743165813368017 -0.0011136407594352694 0.0047065659425554063 -0.0099183191611013962 0.49843624237630607 -0.0026591824569310606 -4.9473954080050606e-05 -0.49351009622824421 0.023842009289937179 0.0028691376841020076 -0.51933993085925068
0.49398943568723053 -0.003659825761735186 0.0075200484334334615 -0.00734902045726333 -0.5112008821654398 0.020906682388414928 0.0024272579949148145 0.50756985801164767 -0.0040258201739964581 -0.0083207462926051818 0.48617749658863457
0.49261304113684207 -0.0016134726049962683 -0.00092511775786410994 -0.0040011289468891674 -0.5048121452150286 0.0032274275783336871 -0.00015696764533160162 0.49629176423681842 0.0045866273211198618 0.0075622748310113976 -0.50604687554419203
0.49390031620215169 -0.0027832557506662255 0.0032749441269043795 -0.024830054437240047 -0.50989896549471514 0.018759337791550618 -0.0015934323243906394 -0.49971603056966135 -0.0042809396422444036 -0.017587794236960896 0.49500737300395714
0.48860493193685595 -0.0032561033598903465 -0.0053329809894489362 -0.0070839464082123752 -0.50830111238263576 -0.0043176274159049738 0.00092017869819614826 -0.49614780221191856 0.00020043543848933561 0.019456035832047743 -0.5062067430070426
-0.50313654424252297 -0.0047204702293498924 -0.0033100709215313079 -0.0048062311528835151 0.49224640910684048 -0.001608700873514285 -0.0015291812317994086 0.51173712123463266 -0.00052399202874538274 0.004724068737071793 0.49253259013612277
-0.50112530321712057 0.00020973105147814166 0.0021078886234305524 -0.0060808678374367027 0.49654642163562102 0.0018783440895584712 -0.002433355286631308 0.49908619797220938 0.011617114686363185 0.0035072405330396753 -0.50302075206751873
-0.50503082073211147 -0.0049281018285350121 0.0038766629841640141 0.0044182480289612115 0.48912588506850041 0.0029106586313958488 0.0020411546538704767 -0.49954014285806542 0.010706983348353192 -0.0022332699959057641 0.50593308202517562
-0.50485392958671127 0.0038703798601709182 -0.00067669185987026135 -0.0019243156432521892 0.49161413612699784 -0.00048394399736025479 -0.0013801281720630654 -0.49307550568180653 0.031864768493246952 -0.013814023973248003 -0.5090060178521828
-0.50424120963391195 0.00030073848936003572 0.001608690155766404 -0.0034565024424747263 -0.50601747231701943 -0.001881922374260567 -0.00058330607332057738 0.50142844860840552 0.0032645636338245378 0.0095521173369541076 0.48799203190939922
-0.49986552692746672 -0.0085971151345848526 0.0033805972360480899 -0.0020851821971774095 -0.49597731667889611 0.0038198154522341202 -0.00081029314108182256 0.49948921794915419 0.009349341596361067 0.0034363173802954439 -0.50442771993664082
-0.50845777251580981 0.009036733238172211 -0.0010745411124323742 -0.011772863880492397 -0.50957999974145718 -0.0011324015606234453 -0.00094403215315294381 -0.49133929851729302 0.0038627091544369777 0.0072553315190790812 0.48999332624706143
-0.5036677475721536 -0.00015176109332368045 0.0043865497150768502 -0.0061201830568731038 -0.50056744113254314 0.0014074975897141167 0.00030783251956602629 -0.49302008806906639 0.013697169165562731 0.0049302095824622803 -0.50240572546846751
-0.0029294486232220667 0.50122069544154602 0.50553490212404839 -0.0072130055801625827 0.49061106742760141 -0.0064060536723400969 -0.0034717352252791062 -0.0002167617415350259 -0.00010882661299073638 0.0061380132719796284 0.50235607300937191
-0.007566361919058507 0.49606852321802281 0.49983572049244362 -0.0094244109193202426 0.49199023699901939 0.0092979640575287844 -0.0027857463366684283 0.0013766591535882707 -0.027465549694542721 0.010872112589159844 -0.5107946193677112
-0.0042056543223455735 0.49973234504182223 0.4993235508083762 -0.011437519775692847 -0.50211924199729652 -0.0066388059535747897 -0.0010706629418986671 -0.0018306663024174861 0.0083854833197793861 0.0016749593860637037 0.49854753447799915
-0.0057805368897522365 0.49466978432925407 0.50036725019907802 -0.0062510219775688027 -0.5019918057934124 -0.0016754802764190257 0.0023176026118376428 0.0034537049936861812 0.0060774078835130318 0.005487332434516011 -0.5027713238994419
-0.007643780132642294 0.48096226413344595 -0.48818972036593122 -0.015109486121057933 0.47683984117948996 0.009926282687238162 -7.8658012340994147e-06 0.0021248379951656015 0.044609507629866228 0.066871082548756094 0.5441675692178265
-0.0039990623642969202 0.4925069210990316 -0.49543054471225217 -0.0068227248373577062 0.48658555666862335 -0.0042083632901096357 -0.0017880505545854906 0.0041463547848361393 0.047332243130272636 0.042390886331368699 -0.52065538873144124
-0.0039040649324852354 0.50065367768441127 -0.49313398920936613 -0.0073951475553795144 -0.51163460068823796 -0.0075307023653241869 0.0019274320053314434 0.0054212021231282454 0.0047586119604242135 0.0097717087288709242 0.49408189864816227
-0.010918743005119025 0.49505060875369494 -0.49445173731029779 -0.010086868050288115 -0.50482159008357586 -0.0058807988216438853 -0.0022783825148710132 0.0052017585718937163 0.017304085722833311 0.0090443389829559726 -0.50490445433645326
-0.012340995494583947 -0.50717125265763496 0.50394257236492535 -0.0019580010517710332 0.49242660363729196 -0.0067590463989797723 -0.0020679687797445175 0.012826995067959302 -0.0089134829420562389 -0.0038843823239438535 0.49585288011512529
-0.0034825875607533323 -0.5007336358160106 0.50305231925534233 0.0028873627226001955 0.49736829323224974 0.00033347180450850875 0.0019063986837022635 0.0021671099540514064 -0.016162959006764503 -0.021896161188796177 -0.49805559992668474
-0.0064318121027885809 -0.49277594082818604 0.49551506080499164 -0.0074635269218306308 -0.50921652442102594 -0.0038226185964465326 0.00021652078345217685 0.0013126225055483827 0.0031035254195025167 0.0065346556648628977 0.5021647534476511
-0.00055278079536872509 -0.49958339028240289 0.4980563235772788 -0.00042057942366224214 -0.50269636171951648 -0.0050166176018639061 0.00098829618646958397 -0.00048786233584095892 0.0081646937706092854 0.00056322113013349429 -0.4995586647485396
-0.015526696486060971 -0.5063061325208621 -0.50098720406326935 -0.0017551149161673628 0.48752274547246804 0.0078756545327169757 -0.003151473006684048 0.014052469571433922 -0.0086421293496686744 -0.010112804656357074 0.50427864382331578
-0.0085131914534827095 -0.4989315637246548 -0.49506066463674742 -0.010193253428078123 0.49263229877658821 0.0096892368774571039 -0.0026931219612381643 -0.0020483867427290958 0.027684235165294471 -0.033017483238164717 -0.51103558900054247
-0.007081214837337182 -0.49173511789570001 -0.4969395187434868 -0.002516301695724932 -0.50746069302469299 -0.010739342599777225 0.00075634439154425616 0.0042201811251605329 -0.010509815634569002 0.0070512462244735298 0.50336961214713971
-0.0056304649441119795 -0.50123464636666837 -0.49842795903495957 -0.0041237685123263939 -0.50025256211391811 0.00099090240082777125 0.0011307786471176889 0.0031024492609415038 0.013847368555210569 0.0029318970442663858 -0.49981980158317113
-0.0059642254543630369 0.49789626627341893 0.0041853126250372347 0.49753230715824082 -0.012000883799496313 -0.0011354086877809742 0.00033077282566653027 0.50575990391163694 -0.0062164553103725853 -0.014183663572696913 0.49832670180168959
-0.0077814760529009985 0.49659437089275121 0.0065247677752827016 0.49204534722995524 -0.0030889888188157929 0.0097923449069419466 0.0025703633176407934 0.49680306914110245 0.0095064773790467186 0.028141474598199261 -0.51320038898258813
-0.012916838140844957 0.50201741212780049 0.0028715668372565383 0.49704941072052766 -0.0059798138846664161 0.0097034358520479858 -0.0093713780687123289 -0.49194111514752176 -0.01452288673391478 -0.011748227018240005 0.50810685608555062
-0.0016654819316046265 0.50500738929564692 -0.0012014304075077412 0.48794530151784932 -0.017873054530359592 0.018103698274699744 0.0011595179907924746 -0.500407261896331 0.018627871684051171 0.028211436473440522 -0.50465221416037431
-0.0099005536383895264 0.49350001908979141 0.0073577396217763043 -0.50551747357820032 -0.010620499512922515 -0.00072109127065075657 -0.0034218682086192887 0.50549178562640729 0.0041140171862660843 0.0049365694888394915 0.49504483980215186
-0.0050708940438123143 0.49691144441473556 0.0042539813286920506 -0.50017147312274313 -0.0050119884645457554 0.0069109267996902458 -0.0031404261292452213 0.50147780792129748 0.011765217493899903 0.0057216370710706857 -0.50112853743871311
-0.0069733738305276039 0.49497585183684373 0.0029723335794540149 -0.51091245186743894 -0.011282547976269618 -0.0077993171614766654 -0.0013952319191949988 -0.50010798156160274 0.0037215437087709095 0.012906168282905476 0.49338770324931219
-0.0059684629589864839 0.50034131935771131 0.002520721165109078 -0.50406336199873836 -0.0071842805882284758 0.0028069597517219151 0.00022214515779251265 -0.49119718741387042 0.0085181668756861856 0.0039153875778728253 -0.50409781396018283
-0.0061781799271641491 -0.50046855982440708 0.0019151561693092132 0.48904752136024893 -0.012820867878527578 -0.00056206847313453121 0.0049228874153346251 0.50836021995038261 -0.014754118066182209 0.0050515396413489348 0.50145753965118933
-0.0080810391585052852 -0.50952459753279666 -0.0036529576166958741 0.49253422370970829 0.0015168234975734868 0.0020130307768409408 -0.00099998864948923306 0.49474361118941895 0.013212164518024283 0.017595034206535194 -0.50244734583240447
-0.012627380881515916 -0.5099816929164408 0.0012819715774113278 0.49764657038189042 -0.013803097541983004 -0.00075296875291802254 0.005541837844365005 -0.48838198433333241 -0.011441688023072581 0.0012858962932599909 0.50322374434472339
-0.017205526299259494 -0.50804755618980402 -0.002200677824127494 0.48544624308621354 -0.0033226156167835237 0.0070856219141568295 -0.0011369064148162922 -0.49727167324450167 0.034946388203831044 0.039022933831427978 -0.50580930973203153
-0.0093827593455204084 -0.49903291768268632 -0.00088110118898849588 -0.50338226114764817 -0.015218997707163113 -0.0081135007108608676 -0.0012728126257963031 0.50002681370450319 -0.0033350810064575651 0.0038287923538192865 0.49712369692269021
-0.0033199723903951121 -0.50251065603156442 0.0050113951276402223 -0.49983443213566059 0.00093140270245491011 0.0043023769240953845 -0.0010464524882801305 0.49954547943932359 0.0060167052916992722 0.0035093854842626793 -0.49799374408745412
-0.018895547349022181 -0.49739793403066074 -0.0055645040303101316 -0.50880618522516208 -0.01775300400539415 -0.0042048973802393079 -0.00019727055194257055 -0.49307513704654216 0.00041460795875466425 0.0053138199603441896 0.49983914122371897
-0.0080359507276342255 -0.49618095905392862 0.0060406669475831735 -0.50577960347760487 0.00024970746456226008 0.0017896406048001081 -0.0011200646855008118 -0.49651002302597763 0.0077543336427337035 -0.00097854792859698031 -0.5013008802040263
-0.001402394017255591 0.5019751003829015 0.0044448830720518169 -0.016092586055947301 -0.017860215531036026 0.50059791872104176 0.49709988385333975 0.0046889152879704341 -0.0086655543261120148 -0.0013011922413809741 0.49961582707300273
0.0026201396329575436 0.50249644891283307 -0.0031453339320519367 -0.010630822976445096 0.0053866855794860282 0.50187431530368731 0.49834214484411193 0.0028738511154248209 0.0044507527669149938 -0.0080512071012284955 -0.49701400176300448
-0.0057457349140183278 0.49969880653973819 0.0049217838431715021 -0.013345711824380584 -0.015859892278460682 0.50144507619139056 -0.498065192300362 0.0065206875489015109 -0.0064212007308177659 -0.0021183374374588804 0.50020983832133459
-0.0017702822059362518 0.5009392256274694 -0.0039914865147127913 -0.009911481215697451 0.0026155985577408429 0.50177283420707919 -0.50084835673843664 -0.00052171163060750762 0.0030673614399508442 0.00018394983188092678 -0.49628719429962598
-0.013512619959526646 0.50381984388807521 0.00025528241543674665 -0.019204444900162296 -0.0016352799753724973 -0.49268583466731675 0.50437001704597995 0.0045575379314517625 -0.017004282574041303 0.0018258061741826298 0.49816636565504874
-0.0041128884558241166 0.49468454667476314 0.002986476616756834 -0.0071417100927308229 -0.004220111175550636 -0.49356452375466425 0.50130994452704591 -0.0006216935743274377 0.015076162109865687 -0.0042658855364142859 -0.5099304624050397
-0.010919538260265633 0.50282868365902267 0.0036035680175919012 -0.018357856226303131 -0.00017280495939843936 -0.49648082705208035 -0.5086648966653331 -0.0041081899967620374 -0.011321951357618118 0.004288952482823149 0.49122032172317004
-0.0099954696384066764 0.4930607761668177 0.0025414430019507139 -0.002479222163673302 -0.0039736974751599938 -0.49081225822835994 -0.50678960735493239 0.0048315680322779967 0.016183384986376066 -0.017816644411294515 -0.50835785434893654
-0.001998583218900949 -0.50291189971150396 -0.0025131169455792756 -0.02012827046860409 -0.015636374616749538 0.49910191671190363 0.49865188328752763 0.0057328184143143699 -0.0094532548719555246 -0.0040585324342191391 0.49852235923961247
-0.0064037874652812703 -0.50579105050540019 0.0081187159320520088 -0.010292820787316879 0.0013476194917772329 0.49795937831440823 0.49815509944624964 -0.0026875028745561931 -0.0019348675504511903 -0.015109661199699727 -0.49759362852333644
-0.0028659875820766329 -0.50179795775569347 0.0028785881046371844 -0.018216148213235472 -0.012901286894724431 0.49885070712902319 -0.50055789791282923 0.0066557671647792353 -0.0094386637561799033 -0.0012684792889211133 0.49813532735879562
-0.0064321148537874939 -0.50543591213669381 0.007522795241333125 -0.010621146871314378 -0.0018819916200400384 0.49996172795404292 -0.49887428262667105 -0.0026098918064806844 0.0014283064493906628 -0.0093670058172075493 -0.49536486738755559
-0.011606618404249237 -0.49984563096461843 -0.00044708993814683221 -0.01679203472703656 -0.0040166912213246272 -0.50366862381664868 0.50298234969318811 -0.0031162151951096523 -0.0061464974291296779 -0.0035450846718003436 0.49293807005889734
-0.004288740271307487 -0.50296619554514754 -0.0011725006968826383 -0.0055261906629043957 -0.0025716392480923974 -0.49449991252211839 0.49644280687388109 -0.0062454231779652388 -0.0042436234364241461 -0.023377070612734658 -0.50535033483119529
-0.0072097192028328485 -0.50062381246853382 0.0034782157426799911 -0.014110615389023955 -0.0087766920264718933 -0.49561245596355741 -0.50939718012500046 -0.0039027019618677041 -0.0089678296257450722 0.001041829216629954 0.49378299735784986
-0.0016316192985107714 -0.50488150246684593 0.00064167797342516123 -0.0056887965269512555 5.9272535306165517e-06 -0.49267652907096876 -0.49668013067692474 -0.0016812550254175461 0.010703468057332617 -0.013378978902052512 -0.5053132985223775
-0.016469710183746444 0.00036742382058251727 0.49901374924230446 -0.00049047883438397709 -0.0051362810681553524 0.49677959053591875 -0.0016275354320836176 0.50139262515764726 -0.0071538529730331493 0.0040331690081093887 0.50242676151747445
-0.0085273465105732468 -0.0086764681074583579 0.50123862506835459 -0.0015556314684974917 0.0025448643032379612 0.50098313810890849 -4.9630408958787547e-05 0.49965402407320553 -0.0044221120463726815 0.00037783072545583956 -0.49794075846679225
-0.020067309759343867 -9.2126144822086132e-05 0.50484434068701411 0.0048695608314575142 -0.02048706977617968 0.49968429364276196 -0.0021872043663996887 -0.4981211071037524 -0.0087648875313489014 -0.0035284816348221401 0.49636978721798308
-0.010359775161797922 -0.0061279750104542233 0.50046331818180978 -0.0011630305340019273 -0.0022516915563752628 0.49787223902124195 0.00024738010560770678 -0.49769579435433803 -0.010675865547026523 -0.013279321722650346 -0.50350463909174059
-0.015822243572520361 -0.005434517218706721 0.50492478358220738 -0.0025619885748670488 -0.0067936336090580482 -0.49569098775147141 -0.0025867374039499564 0.50795574589984738 -0.0087680655435733185 0.0020481284479605798 0.4908176934134591
-0.0048855583534451125 0.00047677898537542098 0.50369653462766395 5.9753106095401225e-05 0.00090241459579676114 -0.49148782397119123 0.0039068862382047329 0.50123220123568224 -0.013405125686616608 0.0031291594361799627 -0.5032555351130148
-0.018775725082650244 0.0064518501426392011 0.50652812259576352 -0.0095529786622829474 -0.0042054080833902425 -0.49885281413382654 -0.0020382032063728361 -0.50292114452929138 -0.0096203114652591345 0.00093565770744287197 0.49096310862860543
-0.0036451611192996787 -0.00051866064269804973 0.50129279577603936 -0.0043345848646724671 -0.004818734003872332 -0.49462193622449713 0.0043508665405141787 -0.4981886594346065 -0.018341282024434646 -0.0094234817892743638 -0.50533457531870718
-0.010948890051326959 -0.0082908755013664896 -0.49477034962318839 -0.0036592568956212387 -0.01566609987423977 0.50273795851546255 -0.0031071182571792018 0.50293868701570521 -0.0058602977626478264 -0.002848651993626659 0.499008995466241
-0.0068161730408223074 -0.0009751300464588918 -0.50095832176545618 -0.0078822488014635653 0.00038837910441222648 0.49637514656257636 -0.0029476416546495663 0.50428666821576507 0.002757697747542177 -0.0030262575422273655 -0.49820907909012613
-0.019619873763015057 -0.0069133151878062607 -0.50566962046453834 -0.00075904648660683283 -0.020364008203249823 0.50057063471164309 -0.0033829697972104587 -0.4968674388141297 -0.0062257562674676303 -0.0016896313511311257 0.49593241587441383
-0.0055164951723791012 0.0010105676717633899 -0.49989077295562839 -0.010455864716218266 8.3693206835086079e-06 0.49963857798295613 -6.4754967978606077e-06 -0.5026763299052065 -0.0055251027875115747 -0.0077515775241869134 -0.4975496175841686
-0.0079827556296871369 -0.0048668358149556836 -0.50712329737301787 -0.0069199505770859661 0.002847544782892696 -0.49799824691396544 0.00075423525968249037 0.50658225704848436 -0.0053811156005526307 -0.010529231200765658 0.48776462508530954
-0.0016801878517914383 -0.0016215813754946486 -0.49036056925730803 -0.011762961953080242 -0.0031678988119021286 -0.49590970548377883 0.015712984664833136 0.50864186364251829 -0.0026158418450077589 -0.00017451841658411575 -0.50447587086839596
-0.021525751130379106 1.8601505190181348e-05 -0.50541695557870059 -0.010173554590337298 -0.0064484370803224176 -0.49302364381620767 5.5852789095373767e-05 -0.50488931270437143 -0.0024194740528198501 -0.0059163506712217517 0.49590207453451834
-0.011085438878372472 -0.00016899697990223298 -0.49432140157815246 -0.0022359350119475862 -0.0067814816170907151 -0.49889224137361693 -0.0020009386559769037 -0.49676430110504827 0.0053986430496173856 0.002508695522553105 -0.5096712337553686
-0.0028361660526262916 -0.0010461236620614642 0.019311344665347764 0.48187584409658557 0.48374544089724836 0.028055307319417959 0.49718200713741589 0.021523339009986018 0.05351054060441203 0.063388970149938731 0.52733491344437888
-0.005532312122091698 -0.0049246261189148854 -0.0033317601359581514 0.48835247295709744 0.49259914289189399 0.0053979943083008125 0.49664541778719368 0.0035347820536012551 0.020314303677399538 0.0085164401762316596 -0.52116070727801422
-0.0038739007965426057 -0.0048418303663967637 0.018092679536600573 0.4889562417473895 0.48094229696783869 0.018597700775809307 -0.50061169364666203 0.024692668002477654 0.037021702123909615 0.055256677094310071 0.522741741424398
-0.0037005699492828801 -0.0062276090786210709 -0.00069310355331523199 0.48785495015092301 0.49223634232450703 0.0077830863623780345 -0.50616433095034741 0.009361592149748358 0.019207881731003087 0.0068727867166801047 -0.51271946471511065
-0.019478150990926559 -0.0028895322333272648 0.0032351657776183971 0.49380694356978816 -0.50674164524608534 0.020262247822258148 0.50243863182637938 0.002881413244136044 -0.024559405386306753 0.0011312874712064032 0.49548108865068052
-0.0045088310639671237 0.000672369310144516 0.00058293224887393284 0.49154774016792113 -0.50093575952532354 0.0042300964419462149 0.4957723477806435 0.00056614158139348277 0.024981229252612917 -0.012263424807380081 -0.51072514531539415
-0.015713824624199822 -0.0037119121825485136 0.0028820740916861124 0.4956670255921472 -0.50749158690013585 0.021335655652520959 -0.50463500474314205 -0.0047986206458749446 -0.018342657999986554 0.0018613335926457029 0.4909407677094963
-0.004752592290892566 -0.00036986870704270881 -0.00080150976094795498 0.49118752909401037 -0.50538488037469831 0.0054378529455898755 -0.49669325410094323 -0.0011225110707326676 0.014571683346580119 -0.0037646036510368217 -0.50629639782995062
0.0033506685434855849 -0.0070538259455383383 0.008788588441316603 -0.50666820016618097 0.49073576994639051 0.0032770512937628235 0.50068175923511093 0.0043573248920287678 -0.0055008440262030393 0.011191286778022202 0.50145793716684395
-0.0050905021862447551 0.0021482239736161719 0.0004078981909395056 -0.50730895378913621 0.4943562604477531 0.00047427868288803791 0.4935116781613258 0.0073375659629871708 0.0035401428451440754 0.013260194418520117 -0.50440322365968593
0.00070543500624513627 -0.004735862541288864 0.0091211203158412593 -0.50572166009058495 0.49058725452367891 0.0021899609669861868 -0.50408647688675778 0.0072609014563576125 0.0011467410233638702 0.01215751147948004 0.49915309720197071
-0.0091226391338297113 0.0021235848423344535 0.001467516827119346 -0.5045009735631153 0.49442123283862599 0.0020734296626171659 -0.4989952275842362 0.00097133696155791462 0.0105067200747599 0.0091272023344501439 -0.50173832789824802
-0.0098747274953689245 0.0011515267463370381 -0.0028132148932843706 -0.50658749181760343 -0.50675042314357943 -0.0036164391232754787 0.49794897530178189 0.0060678206589953919 0.004375257806916757 0.011229583626608725 0.48817829307526694
-0.0064550268493142847 -0.0055735395896369536 0.00024246149152854123 -0.50078473542577462 -0.49805736265354966 0.0036932675701985152 0.4966078407686651 0.0039134220718839013 0.013712222753909088 0.0039094338796927548 -0.50421137475436206
-0.0065058369179360302 0.001189093776315325 -0.0067269875990629818 -0.50537085254179981 -0.50685526931618696 -0.001441535470239459 -0.49918197686658733 0.0049646620684549647 0.0063329374549761014 0.013024632743612591 0.48804705313125873
-0.0057921954966570618 -0.0036391467234488592 0.0068936434467414386 -0.50127846815044375 -0.49808982117037359 0.0040067540640511051 -0.49595127998951205 0.0028136982127320229 0.014019528506971879 0.005303074363560336 -0.50429733223707629
0.49089227989933704 0.50545175259290132 0.014869137638303484 -0.0065143881459114013 -0.015496658638972656 0.001608082020930245 0.0095242585950292159 -0.024959916681287719 0.467149928502262 0.48642136864707874 0.21791861314152713
0.48796003915004593 0.51115622549436157 -0.0066445587008558933 -0.045931681503829952 -0.034155544874948131 0.0047024529749707025 -0.001516965830155935 0.034848035953314122 -0.45226118627870987 -0.46655485580269679 -0.27173779386169961
0.49143953050485578 0.49561036476292697 0.0010595857895932914 -0.0034038339889931111 -6.9912202378145997e-05 0.003062219053659511 0.020723333553365704 -0.011628316634787243 0.48798547385543212 -0.2302920042059215 -0.47021969239834377
0.47976557553091786 0.51488884596117657 -0.0035723871404586692 -0.040456680791066811 -0.040331735135801523 -0.0034550758955863093 0.0044420524474525587 0.023293138483628951 -0.46900359887329596 0.26917391378188082 0.45655788648769641
0.49593795458635342 0.48888726046964565 0.0041822162944904857 -0.0016666425256436942 -0.007418698448218527 -0.002148778595808718 0.010673173923386885 -0.018521100742421005 -0.235218492236028 0.47530650048946932 -0.48296367614240021
0.48180291682677284 0.51255898097968378 -0.0037385063750654526 -0.040771906030294992 -0.036673320231570675 -0.0041373681798588151 -0.024556646491795692 0.012335784540548674 0.27545967749411687 -0.45161372188303139 0.47066195638207081
0.48978351800451753 -0.50053403946544983 -0.0022090382597394261 -0.0002781218375700657 0.0044633025413688167 0.0068115470838141217 0.0012933435667956939 -0.019336009117410558 0.46105873171372624 0.48840257399484954 0.24087075999805971
0.50817413993956617 -0.49429108030206081 -0.020567699718398603 0.021524957133534226 0.018592676024163039 -0.021700594820386068 0.0011230795112077147 0.0072761706847525517 -0.46438233072121843 -0.4775560870784063 -0.22796369141327638
0.51138794517906261 -0.49608389916368989 -0.0080832624097288835 0.012116280791287846 0.0095437163797589351 -0.0057469296001073072 -0.00089661797178433491 -0.0059837366179152883 0.48451015670780057 -0.21301749022914848 -0.46030829807671231
0.50073838557405259 -0.49939799605442414 -0.01211254939838936 -0.0046860051977386649 0.0074157498910149989 -0.00036305846117953855 -0.0032206473075358636 0.020143520915745901 -0.47118637116640516 0.23597057002004979 0.47066343898954749
0.49733559003714134 -0.50523611599566443 -0.0096032957221624943 0.010239537008151098 0.011234335000539527 -0.0039823902841032389 0.0022513489153231287 0.0056080002749787647 -0.23269020413411745 0.47280260992333506 -0.46832796154464118
0.50441377219717642 -0.49884450122276874 -0.0032828892558945688 0.0049758806091064409 0.0039756325867766982 -0.0042021055190292053 0.010078354803182548 0.0061759245504989036 0.23685777052678847 -0.46488362687947032 0.47359666874201922
-0.49965821023686124 0.49387990591655834 0.0076894719827777444 -0.0049318827594949984 0.0099060992947559365 0.011351251569159363 0.0015276094429437946 0.029328154721239626 0.46617135786520481 0.48510924409738287 0.22935712428396579
-0.50211527803427303 0.50863676955913484 0.018778027493622743 -0.00082049659202479191 -0.0072496442017165631 0.010751502498898571 -0.00087025229755179783 0.00078263029802059885 -0.45342813513445446 -0.46850808642110947 -0.25208961485163267
-0.5011453367444052 0.49779948281456859 -0.0042477246202364122 -0.014768070609480866 -0.020634828714287554 -0.0081108763412727561 0.01566429078861652 -0.0077668470256428554 0.48265227425611495 -0.21849488053904961 -0.4683186738096331
-0.50964437329296763 0.49994614288765132 0.019019787000201949 0.0012745801642782665 -0.0074219245694115482 0.0064325640529184023 -0.0058711033190278648 -0.020590676602248784 -0.46721717718651939 0.24465856289264071 0.45961775250080217
-0.49771073132246502 0.49907426366636914 0.011452716285992688 0.0038711935264263485 -0.0087200284286686174 0.0012696389102072137 0.027392586622887856 -0.006105587375663842 -0.22999974658163841 0.47166632828517968 -0.47626512036804414
-0.50874803597525775 0.5016789610245963 0.013858156237445282 -0.0025425791190503209 -0.015286272296630328 0.001662850254715237 0.0020689060825643262 -0.0033759530585434736 0.24840093161959187 -0.45121961094481122 0.47301254740220683
-0.50345545510036294 -0.49826095855349206 0.006438203039735327 0.00056561753621444668 0.004171830256910097 0.0072773823264977175 -0.00073049947304127045 0.0021160447164661816 0.46658977333178292 0.47926487368644499 0.22527902713309558
-0.49133420080571055 -0.51463706995105951 0.020068884066026249 0.0087977354163862598 0.0088283161204864569 0.019867550634058838 0.004621653521462564 0.0091798141019876697 -0.45350291041453744 -0.47326992518499394 -0.25106100823043787
-0.50047014266354806 -0.4935143449263254 0.0044894373745609211 -0.00089853254445799221 -0.0038713481886743827 0.0023729583034360836 -0.025981073756636896 -0.0018384147984845287 0.48202209228843473 -0.22870176603864209 -0.46968442147026068
-0.49071552933617346 -0.51887044564781959 0.016205267535968914 0.0095160935191652453 0.0039389666189999211 0.015409222984894022 -0.0030669598798764236 0.0050515493833862678 -0.4709924820772915 0.24860791146485484 0.45353155055456518
-0.5056422483839309 -0.49275431632240235 0.0018136661608282925 -0.0024453276615843643 0.0016431161583503888 0.0087768014908822748 -0.00015808064857574953 0.010641513383592821 -0.22787580527448847 0.4642109907240935 -0.48362961651694114
-0.49636186331935278 -0.50977708333289962 0.014933063948268193 0.0062780732953636531 0.0086077905942666781 0.02444585891434338 0.011779498211183221 0.014166553376966729 0.25288811492970653 -0.45899320683627715 0.46674565971559145
-0.0010000192046514518 -0.0013589135409961442 0.50074823813942815 0.49099154064782402 0.0069665970628404747 0.0090015973326186289 -0.027023673825115987 -0.0064365134049346037 0.46850705056019915 0.4791772167993042 0.24117365304480473
0.0017350249386699952 0.017366623514876355 0.49906978715428552 0.50663091159507156 0.017473173040896395 -0.01775095259556483 -0.0076221052110970787 0.0043774396999731058 -0.45161529983701321 -0.48240271438369686 -0.23787272351049546
0.0040969052832326843 0.0029806213126096089 0.49493444007194504 0.50584989760510246 0.010079710920711003 -0.0045238618535816278 -0.015772348123491112 -0.0059599092972981802 0.48736249482627714 -0.23481085186999973 -0.45394429337263903
-0.011425761976333937 0.002436095677192896 0.5047688058582106 0.50663897598550645 0.00026080427248311583 0.0051955632439340807 -0.0053735978660648569 0.0054197579267179271 -0.47931206009162197 0.22690090120690046 0.45505992671500567
0.0062230966239690787 0.00040392899423826969 0.49896040731138119 0.50896100347547124 0.015634875325249497 -0.0018132099090437967 0.0085648826104461322 -0.0053730364577688041 -0.21442107336293573 0.46625777762252618 -0.47774014181304675
0.0038392669632297304 0.0079103636256212858 0.48885665404312678 0.50336697863538327 0.0089064191766531492 -0.0071409726791167973 0.016767854343295602 0.0032609544502004493 0.24273531283743185 -0.45726344359781662 0.4890103693051529
-0.001345530238681811 -0.0080624314913244552 0.496839301265176 -0.50161511618139853 0.0026003806945917888 0.0055324364777939051 0.0033150150647614797 0.010923807807037124 0.46521444552147467 0.48250117203781712 0.22818111361095508
0.012438257988747911 -0.020532305329089267 0.51457857210431046 -0.49314960383059464 0.0052911295516678957 0.018184369828331055 -0.010537000232092147 -0.01494882356564441 -0.4547153389475958 -0.46995696700085099 -0.25123161063877963
-0.0029013492882134879 4.6235556818689132e-05 0.49594722974111805 -0.50283828846800505 -0.0062129549911214572 0.0014336052103782046 -0.003357119395017307 0.0027397330351339624 0.48148944922278691 -0.22496423110677308 -0.46763356764199221
0.011510240224260984 -0.020930941960087421 0.52001440916061803 -0.48844654243615471 0.007773912749331406 0.019578049917676223 -0.0042383057124890863 -0.0011812700219119563 -0.47113108466564108 0.24685689588538912 0.45504777893047532
-0.0048885079943682486 -0.0017327419940453379 0.4946191717476292 -0.50263530193211559 -0.0014670502912336617 0.0065398487430697429 0.0066225475119070761 0.025552069342879024 -0.22922488102488645 0.46731111837097794 -0.4806426038239579
0.0075134332555035419 -0.024030035452809077 0.51575746760462593 -0.48715016535497929 0.0042335980716257972 0.021773886518232113 -0.012859718969288812 -0.0070340122439452217 0.25703672700712449 -0.4564496846310363 0.47002551835433998
-0.0096173142280696344 4.2747988344174435e-05 -0.49096699220368151 0.49568745504404665 -0.00042112976010265254 0.0013111934573756523 0.0099984073560194387 -0.010999131145562016 0.47186829071841258 0.4861001985780371 0.23232936202895049
-0.040983964157551594 0.0051420576125822551 -0.50698685051506465 0.48957757984685984 -0.034548038869772577 0.0060295839348106115 -0.013536830132840813 0.028083341335373043 -0.45052517779818857 -0.47042373350726535 -0.27404148054950717
-0.0063604177664729391 -0.0068883868192897409 -0.49643665834285128 0.50017616696207934 -0.0047536817474442498 0.011353721800918978 0.01066815718947591 -0.027579683187565263 0.48578225746885761 -0.21631090237702019 -0.46849309527380917
-0.038967644746579738 0.0048034318779875112 -0.51122526719731254 0.48452184816987159 -0.039714906457668772 -0.0015219044446598119 0.0081110516825587241 0.023097215325681451 -0.46848240165027355 0.26975813850349734 0.45598429806521606
-0.0097420704869512764 0.00038078144825749982 -0.49980107522611705 0.49010196903360187 -0.0089916054869578245 0.0002036017538406319 0.015512590942894417 -0.026838270375732942 -0.22965741007597978 0.47131731941829769 -0.48371430305132934
-0.039046367224155977 0.0039244456602273671 -0.51863505512067487 0.47866394788452865 -0.041686466819087713 -0.0065135356270016442 -0.011144118038004929 0.017032842345213624 0.27057790533360476 -0.45438309982400321 0.46742655414579498
-0.010104547694769759 -0.0059115777801220463 -0.49554787178852217 -0.49660486897951511 0.01157484016388562 0.013892290640185264 0.010701327792786829 0.0033374559895856409 0.47073356794723287 0.48338018491358081 0.22799065196462995
-0.0025959793369014867 -0.028423494498331696 -0.50075162217936076 -0.50047067686500835 -0.0076783158078106801 0.021384554576454239 0.0027146772837461624 -0.0055976906964611385 -0.45192801577646724 -0.47182139202639223 -0.26561807844245389
0.0025023507195792018 -0.0075141985284472284 -0.49642047370032477 -0.49740742297787693 -0.01343966798036178 -0.0017745316111006998 -0.0007086318280324391 0.017450538447757478 0.48714551131961992 -0.2242237388218519 -0.46691970678035716
-0.0021365182639409338 -0.014657930978629446 -0.50699679322380065 -0.50596347932776786 -0.0072564130233596187 0.011332011615017842 -0.0055775288231126223 -0.0012431869530156005 -0.46715401903579817 0.24847303333012191 0.45447809567030162
-0.020215737117191136 0.0072435450658749952 -0.49646801722290679 -0.50207823886930891 -0.019505269208536454 -0.0079165287740672295 -0.0027664738437219298 -0.018918147126794613 -0.22205898094864143 0.4685425849914559 -0.48096235129471843
-0.00042816735390272209 -0.015222827834337696 -0.50246263983829476 -0.51046540785722405 0.0068254309120900705 0.02086841033624199 0.0062003156272014146 -0.01214838590632192 0.24840432447825919 -0.45339977877622012 0.4677395354985554
0.013074994977652519 0.0054468787319340824 -0.0047860402293835036 0.0096824691832215447 0.51397232781212154 0.49832882271184936 0.0030946278229341093 -0.0011113387569938137 0.45660283351481673 0.47669881562034433 0.22681452806879501
-0.0047439825656800895 0.012368539070926847 0.010468519572103456 0.0097018434896312226 0.4997262149872837 0.49874221917292527 -0.0056467788379711351 0.022354134822396874 -0.46266466425863212 -0.47408269582535562 -0.24860836587089163
-0.0086005611741844686 0.011122905553513517 0.00084207859796478967 0.0097567657094786552 0.49972034454341296 0.50239424070119787 -0.0052290152985674633 0.0028764117479034607 0.47167144003476225 -0.22631077662934249 -0.47313833135475586
0.0048317751290093526 -0.00013286076140264403 0.0082321232282683461 -0.00023540832247971166 0.51864037859072465 0.49625647329083089 -0.0016158911492558773 -0.00035672058256891595 -0.47612939683526229 0.22587065558076533 0.45489668003013395
-0.0011747754776563536 0.007918363895239755 -0.0017382285562563516 0.0091909328745685935 0.49541409096468914 0.50129425577681508 0.0088543888956466709 -0.031274895270228024 -0.24060706096688886 0.46391855284372957 -0.47848581127590106
0.011057192701376291 -0.0008600712514742401 -0.004819949056422591 -0.0041799040522734416 0.5178362997829391 0.49061845696175121 -0.003860273391235423 0.0056954937216896553 0.24022914277949967 -0.46083451473513787 0.46994633757979876
-0.0064120399746877338 -0.00372698632769376 0.003449829629270651 -0.0036850876240240456 0.4879992472881477 -0.50129067663967064 0.003839045212668589 -0.024756865502059629 0.46945466784852596 0.4854586882422493 0.23194491257422309
-0.038905506136526546 0.0041412715517158893 -0.0031873631923541004 -0.04253868246163979 0.47556364124739803 -0.51852569084595213 0.00071881386354158785 0.017946447291019477 -0.4527539024519639 -0.47169042662294325 -0.27169706901582741
-0.0045306527981128462 -0.012041172321251138 0.011731361511573123 -0.0091869892293252996 0.49413902368457852 -0.5040377652672654 0.025173699782884737 -0.0084599059708178378 0.48279067880368537 -0.21507634765901479 -0.47046259592544876
-0.039680567311074909 0.00083918607378305943 -0.0036057597074152558 -0.043025619002427976 0.49473061136234647 -0.50084284022752013 0.010260412345147697 0.028399092165390282 -0.47050767157332879 0.26928127988421602 0.45404510053750968
-0.0087643940918207906 0.00043006865991419239 0.0014209449578851572 -0.0076525126479843409 0.48885035418141848 -0.49770565726968119 0.0075352673168912034 -0.021266097922541565 -0.23453168627726456 0.47020045364802249 -0.48638896439779072
-0.040938299562259355 0.0017835614199703954 -0.0020536407426222868 -0.041409971286489523 0.49707027282267441 -0.49891152710893677 -0.010526472905992184 0.026589529628999974 0.27281662951543129 -0.45577782339813105 0.46650847367411735
-0.0044142477150952326 -0.0036667244909126388 0.0025549219867079856 -0.001992230833898647 -0.49232505697847745 0.50138297083039329 0.00034824278058275167 0.030884127233305622 0.46776034213325685 0.48312221116854537 0.23027585324125655
0.0098179748227127991 -0.01800219903566139 0.020288167564473169 0.0068601885472836868 -0.49170790436118067 0.51651209222842398 -0.0037734754759022053 -0.0032768074380458787 -0.45317747589974572 -0.46969847951281202 -0.2540629621513521
-0.0013644505495664626 -0.00045488012615087133 0.0044237690013622247 -0.00011503319951784618 -0.50074897551379782 0.49768559433698073 -0.00083127024976722183 0.0078277545006435433 0.48430187388490492 -0.22409453136143767 -0.46552038872642232
0.0085450231582938005 -0.017492808761279791 0.021317961649992785 0.011512258183756735 -0.49732960090062805 0.5125787513140514 -0.010116914964582389 -0.00098352273429811897 -0.46823407137625167 0.24711947274594354 0.4566681395933288
-0.0037165010974295736 -0.0016623406016131948 0.00059680455887743612 -0.0031117998752279215 -0.49618051017188108 0.50294602602601102 -0.0014479699572287792 0.0060171371199838246 -0.22579634001345714 0.46922963076086283 -0.47919186647502765
0.013413903848907123 -0.02140327879638753 0.018879228774300962 0.011718331276233708 -0.49304318582067341 0.51363989370391538 -0.0028323802586856695 0.0037604508618588766 0.25231963255723405 -0.45435839906285042 0.4709796000290537
-0.024355309190679748 0.0014011832123871947 -0.0055479662556696119 -0.022119440323640254 -0.5035401226589924 -0.48990356862582213 -0.0020889887569198349 -0.00090514710172791898 0.47358879550015381 0.48746196645419854 0.20836493280371129
0.016976731153683065 -0.012512306298581801 0.014555478333327531 0.016523127679928078 -0.51263245211399744 -0.49934912392222586 -0.00016246633840201854 0.0062773974460889059 -0.45652557150219009 -0.46978515736819909 -0.24036566921549002
0.0095125870600592435 -0.010637353508041821 0.0076037653166051008 0.0053896464922065365 -0.49814147357250582 -0.49465885871807735 -0.002757699440059659 0.00040134380090877525 0.47913821888215485 -0.23382115881835724 -0.47183010138442738
-0.0056207921613476977 -0.021718262445410762 0.018329508727672968 -0.0056802269509830354 -0.50511254318215959 -0.49619834382631123 -0.017450622670684191 0.00053487119982312194 -0.47510516803028752 0.25542019013119194 0.45443129917838881
-0.0068437116128444199 -0.0092487096017881618 0.014142599201364115 0.005010417981015907 -0.50255270969463661 -0.48925296273724128 0.0051921295136093818 0.021710650984285634 -0.23485002876301422 0.46566006901332796 -0.48499760159656818
-0.0068899389677629626 -0.021562145547140036 0.019566593950294999 -0.012376053760177787 -0.49328061406546408 -0.50455039420413927 -0.0098407680212780676 -0.0096945249498188463 0.26350513382790358 -0.45887762566588997 0.46995772617428377
0.011465773092090436 -0.010787013912205727 0.0026093408876700073 0.004455801108066486 0.004494447309118502 -0.018399010652202605 0.49809476427271654 0.49854268290833592 0.46015323341140396 0.4698197045861503 0.26505100639605089
0.0010051013118248808 -0.010609172960617022 0.010831152637649825 0.015598782813478757 -0.0055484977811774564 -0.00028275023421126899 0.48817204528390412 0.51189107468442696 -0.46922515741762971 -0.48181640279941979 -0.2164052241836591
-0.0064140825955824442 0.00025938241489502887 -0.00019079134744947145 0.0082023410513443785 -0.0068261898297098606 -0.0041501874647611979 0.49595441201916335 0.50320990816082578 0.49410470882120155 -0.20186499612456185 -0.46448651878113839
-0.020317320813527672 0.0009881557034353795 0.0012863450822313731 -0.024528854713907353 -0.0013130671192293202 0.029335528870775715 0.50017733467808467 0.49313993507188003 -0.47904319367992354 0.23197284116265338 0.47059799307915312
0.0075944611346974297 0.0097405559885909015 -0.0097145106973821563 -0.0014159434807961837 0.0088110347259781428 -0.00098214575336878166 0.5066944047724925 0.50335345467368742 -0.25230400237672618 0.4517675239758992 -0.47097488752324879
-0.0011909895138067202 0.017998476747937326 -0.012547209924481816 -0.010281318277095114 0.0017313002157968902 0.01147469944240275 0.48209907349333098 0.50790404509901566 0.23223287279723351 -0.46965185579846758 0.48413409683157571
0.0057069904641047246 0.00013967086933701215 -0.00014470476458387243 0.0090873328952619601 0.0036683651703745949 -0.0009139121228187979 0.51899344680630932 -0.50783116400008932 0.43714200333624731 0.48285823460083488 0.21995141121311251
0.0089076969233691031 0.016004446065632973 -0.013661895205092346 0.023987307427615668 0.016028130172679882 0.0030235337842062153 0.49674479999929061 -0.47936961077289825 -0.47314105078408714 -0.49029662971804722 -0.24048403381766167
0.00060282693926922109 -0.010865882036360505 0.0017852864220796866 -0.0050088712923000624 -0.014110197956385939 -0.013440636085375948 0.49845334304584465 -0.51944462607607877 0.45361630861049584 -0.22601549904452581 -0.47365000663424384
0.025769522214877869 -0.002424041055046993 0.0088548764840356495 0.0177263008407272 0.015587729865059474 0.0041369812392690036 0.49067687287365358 -0.49688002440499024 -0.48970638896229096 0.22843188604985246 0.46800673825711736
-0.0013281672470421655 -0.025832082085437 0.024068077851530201 -0.0097081590761225467 -0.024521739247219544 -5.1877605808185651e-05 0.51121865365740993 -0.48719653789009915 -0.27146137450024482 0.45018908501968879 -0.47221778016077021
0.002469212447043778 -0.017931343784375064 0.0040016909845560968 -0.010202778883294272 -0.022787460392314964 -0.0037484497497881314 0.50797140841187027 -0.50164023649649858 0.21358690949353229 -0.46953056221970257 0.47250687301254374
0.011234991502909084 -0.01366613948380355 -0.0048872884479486843 -0.0094884661001481876 0.0063020419952794105 -0.016049054530904619 -0.4942468519780352 0.50264142624969899 0.45061642991097811 0.48076386014471589 0.26107163181030013
-0.0019522769318193025 -0.014825970051080991 0.017657146521364301 -0.0084615609948703752 -0.011373081802036679 -0.0075950928424871394 -0.50387185726487405 0.49367532480582432 -0.4678713119441465 -0.48322917247992803 -0.22178773956748513
0.0014410309051913056 0.0051292867723215074 -0.0061074285045257361 0.0037490080714268331 0.0032655980620810098 -0.0035352585192769004 -0.50532234683185207 0.50465750355677419 0.46769169935272153 -0.25157180957798159 -0.45589837112847442
-0.014965972695139704 0.0045366729118398305 0.00710762058176899 0.00078442905296956602 0.0058492799266968926 0.015769135743048501 -0.49189695724674859 0.50000132590952517 -0.48525999863551683 0.22809581177496277 0.46899095605165803
-0.0091512917942644934 0.0078061655096362389 -0.0059687320206574532 -0.0011288718714919735 0.0027073269078005816 0.0044747023249832327 -0.50298098981149297 0.49777559197692667 -0.21203126509491965 0.47218511541690378 -0.48073340664682002
-0.004237844284205242 -0.015249872984136954 0.016188000889634669 0.0081350338556133647 -0.013538819348486704 0.0039822984789593908 -0.50902567780518593 0.491856591327684 0.22923755045125518 -0.45965243197654232 0.48410932000351975
0.013089855536018531 0.0087048751472646457 -0.01400565037267637 0.011757559853976914 0.003163850278067044 -0.0050586803074165855 -0.51094435901536428 -0.51180369858565278 0.45826279819327576 0.46314638408186765 0.22774185602999242
0.020181520872252331 0.0010312535608235603 -0.004482625158246773 0.015576206114360136 0.024018047258704229 -0.0033367784747242858 -0.49526410497139872 -0.49727556893688213 -0.4628348688925345 -0.48942276769365145 -0.22895554893283296
0.011744917748662397 0.0037502993198295417 -0.0043568158702116258 -0.0038563465475875683 -0.0038349044627185316 -0.0046128151059690019 -0.50740181399294382 -0.49416343926903983 0.47612133977493121 -0.25988843153414676 -0.45154238091848758
0.019561566299177834 0.01292813496273832 -0.0049021690245211582 0.017145267619999894 0.035878442851930051 -0.012161481616396394 -0.50352864828737498 -0.49075663369036987 -0.48622509648530216 0.21476770288202482 0.46986579879816598
0.003170247342407605 0.0050522879664032508 -0.0032806958139279881 0.0092339425648598206 0.0064708658227615049 0.00021385606130666613 -0.50433154546170145 -0.51214701179039945 -0.25278928032164932 0.45114532165497379 -0.46448583023439571
0.0035963282985197334 -0.020074307410411368 -0.0018762836370246532 0.015368616989073224 0.020010285610717739 -0.0050636501587145773 -0.48865825562211462 -0.49967163432190426 0.22857902544494807 -0.47234308519967771 0.48487454846618089
-0.0026543398011093971 -0.00045190863664880686 0.0053211809253602962 -0.00036419559182900886 0.010544455482866802 0.011353717224252963 -0.039058335737335546 0.011016373706549197 0.93947474118892915 0.24902557830994376 -0.23119422171169485
-0.014357993528918716 -0.0023177050017202162 0.00090519959144819866 -0.015632690015507086 0.006246997065498072 0.020448015300006266 -0.0090842796377762006 -0.035361202315365221 -0.014929474555408568 0.72387624083328173 0.68813769665724056
0.01729201659289761 -0.024135686329863942 0.017451608889488397 0.0032882842832108665 -0.0034591476947329327 0.0089325175510689917 0.028054615160704757 0.022466777399036079 0.021389996093530154 -0.70126848680102483 -0.71076331344337917
-0.047199653300383483 -0.00032322446497817255 -0.0020628375796541958 -0.048613252447553379 -0.044798722699235044 0.0060534744464227899 -0.00053246698312325164 -0.0010271822539482524 -0.94930618975187575 -0.22362886058575193 0.2053474293019654
-0.0031649766092530693 -0.005108320157030998 0.0023865357092359412 -0.0012299524687080271 0.0091246351196767432 0.009431806850693147 0.030584384849959272 0.018683277028034004 0.231034601887908 0.94050805920304337 -0.24610484670846591
-0.016319336872801831 -0.0015789981844889711 -0.0002285621840516664 -0.006886203865511433 0.0093124547249663937 0.021122826704105205 0.019430803681743023 -0.046647145702379829 0.70883496593067985 0.019330130121352367 0.70269242428895295
0.0079600945680002033 -0.018784558875097432 0.02565283987336019 0.012848416168962764 -0.0041109646485951038 0.0064995465920297214 -0.020746549185234019 0.017084747636867556 -0.68931025128126866 -0.010408887586375478 -0.7229953027145688
-0.045385519925246393 0.0030120100319992659 -0.00026741648932310745 -0.048353092920589529 -0.046617909443402099 0.0038812072255260135 -0.00096073201181876011 -0.00044563715540595772 -0.202335858094362 -0.95139606728990833 0.21750700700381426
-0.00027492899061355708 -0.00049579115775895963 0.0027688260381666411 -0.0017339065710043166 -0.0036638860848193819 0.0018465037947460027 -0.023846714424438697 -0.029938347153871132 0.24603789003474491 0.23454502915503039 -0.93966014477832105
0.0089056012752957922 -0.016928208997570707 -0.00097186881175530206 -0.006175952138640633 0.008024666053566781 0.019346883054443847 0.040491445985550906 -0.012383906067048124 0.72526500973877717 -0.68651844532666262 0.0068200799449755064
-0.0062962956774102541 -0.0037281840637547565 0.020705453047161284 0.011695869009950743 -0.0057794994585443375 0.0049082718887526701 -0.0134625402815437 0.01348340972428441 -0.70581185993247397 0.70733751195189098 -0.021533106031482587
-0.043333349308602005 -0.0073071463824200406 0.00033493802541764185 -0.047378707290239033 -0.045800704081238645 -0.00047687083373539112 -0.0011380367294304059 0.0029459291913618122 -0.22059546781288783 -0.20776270779527159 0.94967803157961506
0.37202005599980154 0.1799765518283539 -0.18182877490258031 0.3681668439666283 0.35193526418846527 -0.19905957273884578 0.010691628275177362 -0.044555441579014858 -0.40562728437125783 -0.40846353520401513 0.40452737232645231
