0.99989508237579761 0.0036182591046731868 0.0031643328019525193 0.0035230530633818613 0.0013474886197501342 0.0064882715022515159 0.00026088968894665872 -0.0035031758334003894 -0.0067838583607440677 -0.0023253744890001675 0.0081624591263988414
-0.99981504637259144 -0.01140125771649953 0.0055795674489056016 -0.0091394497132111872 0.0025024335782887004 0.0042052418315738308 -0.00045018602689486078 -0.0019167862560614526 -0.0089450119303764591 0.0023143291299033567 0.0034685628199182072
0.0032073525927102287 0.99984440847514888 0.0058340904261708227 0.00045744610749067443 -0.00021252392770116019 0.0066084738616816324 0.0037376112782003131 0.001938976531648397 -0.0095190111262366695 -0.0091910939654096767 0.0054855829156130144
-0.00098884836045216949 -0.99976686170485773 -0.0032667740200470301 -0.002869535169408795 -0.0033426391320804751 0.0025192612885545423 0.012672997439130333 0.0076238363196350868 0.0053696380740498395 -0.013463125437643171 4.4197612450902226e-05
-0.0017247312332311258 0.0074984568262864626 0.99984809623001458 -0.0016046470640266005 0.0026854579490648415 0.0057009477395403791 0.0052351288231419898 -0.00069227287640145148 -0.0088625750732637624 -0.0081666321335379724 0.0054009812093303361
-0.0068102016223754126 0.0027978725806862121 -0.99984120649412922 0.0023303463616678437 -0.0033806530687144091 -0.0043670018143999552 0.011211620788796846 0.0022423452355387831 -0.0080842727064752758 -0.0029704893396414653 -0.0047452081186202541
0.0070152206377374574 -0.0028053860536855326 -0.015027885369221939 0.99980063899629923 0.0040658883245473943 0.0002748466732431345 -0.0023825679156200771 -0.0044657712177509617 -0.0049647833787942958 0.00059331695450121904 0.0069666047975102743
-0.007187519934124296 0.0012512770505186963 0.0042734071203152004 -0.99987339066438508 -0.0024298028827295193 -0.004390348688787067 -0.0013354606407387194 0.0028989438128820921 0.0052752549620424301 -0.0044065465603803739 0.0099550034813888494
0.0039341533959387836 -0.0049105992151367017 0.0002226750889307219 0.0054467915117907759 0.99978228616314169 0.0017331709899320261 0.00025967284311689533 0.0043023762128497805 0.0025619030950578712 -0.0070630709120333788 -0.016971727487784014
0.0037179759581673594 0.0056470813875910079 0.0044113984577979831 -0.0051474798192586557 -0.99987305923106018 -0.008123506894364434 -0.00096362257985383132 -7.462182492375214e-05 -0.0050925543129057395 -0.0081573401977817657 0.0016714532497512755
0.0018730337495443466 0.0053030857246470524 0.0082705106934244481 0.0025445649127083391 -0.00087223361835624819 0.99986342669628614 0.0034322893399500705 -0.00077087270046276963 -0.0059339126634271461 -0.0084542578309154282 0.0068410074198462963
-0.001647116274546446 0.0017839332766997143 0.0013417648310367794 -0.0079022314769547752 0.0049509990559253652 -0.99982120708992028 0.0054805786159056917 -0.00010227296971192605 -0.001008410995687548 -0.001073481676434834 0.015188284929404541
-0.0037760629836841777 -0.0020334479723942817 0.0016210176137641729 0.0025124628598154741 -0.0037303041927698017 0.0014374473584787195 0.99993470331749157 0.00095634135563815845 -0.003641789351093527 -0.0072134170752587642 0.0045894817434763311
0.00081859543270883098 -0.016529936994741611 -0.015008467482147229 0.0019768797033219879 -0.0055119124603426302 -0.013225356727955828 -0.99946776558654837 0.0026603200861026236 0.011832922664691607 0.0061477562362694527 -0.013074134018515888
-0.0057061971310031828 -0.0023999318312894276 0.00014531848063433755 0.0064055414083387151 -0.0047355406604452244 0.0029865378721163917 0.0026305332737362663 0.99992577434630636 0.0027365324360629105 0.00013769952746900741 0.0048271452439720116
-0.0050750654313187205 -0.0071683195569575298 -0.010636990941643767 0.001777583399608414 -0.00076165373471034426 -0.0014564338521635752 0.00954798277274428 -0.9998000573980762 0.0030426864772627529 0.010127674820018213 -0.00084007386618331322
0.49496334388359636 0.49958624625032022 0.50248179037188412 0.50270087644453465 0.0029470107084962911 0.00095383385295555586 0.0031649998095110996 0.0023273087403293171 -0.0083597035781126979 -0.009743100047633511 0.0062377105007766628
0.50589302988734586 0.50076831063186067 0.49398704478725014 -0.49898352889748121 -0.0048795005080795074 -0.0062963002399054257 0.0029157046515741734 0.00048306215379160269 -0.0056481054716386557 -0.0076050776260607501 -0.011560836647618769
0.49852784369560532 0.49738967025651076 -0.50611489787293573 0.49761310334346714 0.0064294048662682842 -0.0028458117365332851 -0.0012051497263523938 -0.0064074720717804219 -0.011507528776311383 -0.0057509719980094716 0.006706238978319015
0.50866155853388606 0.4976175847373292 -0.49817703435160304 -0.49466130611414166 -0.0050427212049374091 -0.0060688325221695929 0.0025300490633315344 0.0060127157993806607 -0.015617083588709647 -0.015566209379215993 0.013378305910079102
0.49335379367349164 -0.49291297334013051 0.50749545489316339 0.50589647935927129 -0.0043876799018626438 0.0047541780883633413 0.0072523500334287505 -0.0012350845216864716 -0.0056646825733237538 -0.0052321130256684674 0.00071471761629667669
0.49817100717060148 -0.49452031178801065 0.49755302674345347 -0.50893087228976286 -0.0066531327899106213 0.0062410382232824489 -0.0047765112620510699 -0.0002907948623427599 -0.015850188437341262 -0.016695806725185881 0.008340795004630296
0.50226531125527163 -0.49507742749852146 -0.50755328949894596 0.49487670267261508 -0.0023660738735655153 -0.0052120605510888414 0.0034091720381658063 -0.0029721295547675136 -0.0062341495623481381 -0.0012753009837590484 -0.0045710457847465925
0.50304792373846552 -0.49569490061623683 -0.49692238832542923 -0.50146790457584023 -0.019875171906673938 0.016429557803909055 0.0157214766405002 0.014869171112167781 -0.023553756771848736 -0.025265725435706668 0.022384957931904297
-0.50018978686069104 0.49976906681329913 0.50085427767401403 0.49901323992566271 0.00069383415144378844 0.0084408550517272706 0.0028206152425008452 0.0010063121154671676 -0.0051061880649458961 -0.0073313386731996156 0.0033639610291009733
-0.4990354393482665 0.50515800721211213 0.49967882665259861 -0.49579673794063711 0.0005545050278190466 -0.00034035154519542182 0.0092643804936498528 0.00083269241710544947 -0.0082711370224968599 -0.0096526072300171083 0.0060953174569593829
-0.49659433228861172 0.49733363694370947 -0.50096807590727377 0.50473804914252729 -0.0033704961939500151 0.0019891068429534974 -0.0018834909644520495 0.003579678929761616 -0.012494004571071365 -0.0082765752246376102 0.0082177305248849371
-0.50372250774759109 0.51073166052371732 -0.49279484113238092 -0.49242725430572271 -0.0054537152721681314 0.0014687504107344831 0.00065101196461614917 0.0030909006285085232 -0.0029645330531743409 -0.0051069604433134587 0.0029500296435729036
-0.50334507083225999 -0.50832386999947476 0.49467270493574056 0.4930551418680223 -0.0037480250979516701 -0.0091413624829540189 0.0020971331718586347 -0.0031369046788892498 -0.012631994331748836 -0.0094026396269446481 0.0092896542051010382
-0.49426987378788917 -0.50556990902075249 0.5005542737623665 -0.49937078655976486 0.0043705359826983255 0.00064788003721823228 0.0021323556540074938 0.00018713339185089274 -0.0058736587933476987 -0.0079797257222608397 0.0069509944814172752
-0.50450678148293415 -0.4984136742917068 -0.50011205501603895 0.49626147746627836 0.0089737698154158663 0.00080519493691332586 0.0098825439139558213 -0.00021985037844511393 -0.002951071833953209 -0.015567422355670262 -0.01546776556703015
-0.49572663746444784 -0.49875532148920909 -0.50498321807716284 -0.50007756811565807 0.005467858066877709 -0.00073823581038203574 0.0054331755969707117 0.00042417201433808785 -0.0082171982568593413 -0.010390233440646164 -0.013303549950647166
0.50179256605096978 0.49371817568611143 -0.012216461461085175 0.0070899919435176142 0.50700310418574701 0.4970442330906984 0.0018172733721627961 0.00075333772252111561 0.011393176898618369 -0.0026571220050864699 0.001105285773712168
0.50805511929805214 0.49577290576304711 -0.0037924574129381381 0.0015140054333336349 0.49342406060718125 -0.50217979476531072 -0.00075939321159801843 0.0074420388682664238 -0.010431906199226135 -0.011636292936561342 0.010977625571826157
0.49742721344125901 0.50155507454232184 -0.0010121583054413449 -0.0012801396795306143 -0.49747741282158187 0.5032029016714008 0.0079832846281629056 -0.00098483037304522201 -0.0076467631190172249 -0.011807017402792924 0.0068186082331720991
0.50956269742511839 0.49164882101888624 -0.00010406920984994924 0.0056135116079756454 -0.49872731016918015 -0.49971821563344793 -0.0037633815085958977 -0.005142982085756617 -0.003715895043693821 0.0042453041532011307 -0.0087237095147425902
0.49873970768553516 -0.49858425433586007 -0.017603637951190899 0.0047414445100066194 0.50231601454790187 0.49972351123577591 -0.0038766403261518423 0.0105878939083253 -0.0062566694179081806 -0.0027490247119867912 0.011012488417153207
0.5017985352209744 -0.49682379355521439 0.017698292617233567 0.020151226387502118 0.49897398634174339 -0.4998133506197337 0.013327069107113988 0.015733453324666549 -0.02092020958617857 -0.022675188076185845 0.02190092622662964
0.49669326651764789 -0.49089664858852872 0.0039631116235045467 0.0055222562110534461 -0.50828501434295548 0.50373234627488872 -0.00020603302150814398 0.0039907150419224401 -0.0068456299497368254 -0.0090572845867616936 0.0050279254478494372
0.50102551038700649 -0.5004322089414055 0.0032396223109384605 -0.0086643146585243386 -0.49878207653646689 -0.49925340445416172 0.01569227194098359 0.0019872330085615284 -0.00084821945275850776 0.0093975290466869199 0.0088727357123651943
-0.50051827901122814 0.50428385872645076 0.003010876427517563 -0.0022516904226481311 0.49794735069856932 0.49709817956039409 0.00110973330162238 0.0042479747173883023 -0.0055518816115697027 -0.0024574684974452031 0.0071276355792871645
-0.50358661099204949 0.50695464675528368 0.0050025194991452715 0.0067808101835132133 0.49371427365020826 -0.4954174363853055 0.0042849051994656717 -0.0020039109467617148 -0.0041658890082738936 -0.0048899750357554823 0.0084049946705539481
-0.49863667947507778 0.50127642808098427 0.0080869450374991079 -0.0012990576045078088 -0.49622518304797447 0.50352233401476643 0.0013685431626821662 -0.0001051738599925988 -0.0082991094023749344 -0.011307218641911507 0.0065979373176558572
-0.49606568883019286 0.49616253815141259 -0.0074612151508766491 0.0034979428906301044 -0.50226311752728792 -0.50497028777969721 0.0046564633539402352 0.00082181860886697115 -0.0068600146996944363 -0.015316924242366657 0.010315327882399347
-0.4982583117779677 -0.50737140463219066 -0.0025827060880317075 -0.0067101318858559592 0.49770790834359718 0.49627433199436954 -0.0015301175427784074 -0.0022588083721731731 -0.0097000966307406733 -0.0060414193373063748 -0.011036645488390206
-0.49839741500527474 -0.49949737538339473 -0.001719858535436815 0.0002773576723942464 0.50023176244198897 -0.50159222793924207 0.0015205286892582747 0.0025588117303377727 -0.007925374940947541 -0.0095928572998290849 -0.010444164472719323
-0.50081577037587932 -0.50389644529640887 -0.0013337884518889076 0.0042782337168567434 -0.49609813662959151 0.49853070616692757 -0.0016713601120874157 0.0035914461847917759 -0.010270101105021089 -0.015702463254110146 0.015423808451939783
-0.50100508531824695 -0.4957197566380705 0.0082938331606654987 -0.014916463777357341 -0.50802225245300403 -0.49438679652581952 0.015549895654964303 0.0018608825080317858 0.0053493678516014559 0.0046185697628818986 0.012822487110118234
0.49836113746604505 0.50115319021063209 -0.0011393663536620974 0.00046140477782478337 -0.00074609714253470369 0.0021649308755284776 0.50293274379425656 0.49750696080199203 0.0013691502686770595 0.0040514064157865298 -0.0014466082049786125
0.49424276512714499 0.50297183365493614 -0.0073147124724267341 0.0079044186312187577 -0.0018544982187291307 -0.001781035541996338 0.50346999630447731 -0.49912117063894851 0.0021439243660265946 0.0027303838306118257 0.0021899769847117936
0.49852226814703482 0.50235003191204308 -0.0012726380578295909 0.00043319214308806895 0.00089771836197014639 -0.00066646477944275553 -0.49843816020803905 0.50040614149895402 -0.010510422595641073 0.0070069850503857853 0.010510158838232978
0.48785982079102247 0.50183853485301555 -0.015086127431804468 -0.0051612014000769185 0.004342620699107679 -0.010549633312674972 -0.50293797136070606 -0.5066668557521421 0.0044000091345681985 0.0094419291498308282 0.0002863133632452426
0.48937752544905133 -0.49692171000146895 -0.0040699330659094389 0.0048822243854252708 -0.002966350592874019 -0.00086511630987533208 0.5058350276555833 0.50746326088431248 0.0062819430588875371 -0.0044042856109059482 -0.0090336421999477837
0.49740653633780146 -0.50552162309288018 -0.0016209560880568769 0.0039687315860084922 -0.0015600450729667164 0.0047343041817452794 0.49859866280570897 -0.49807594538020211 -0.016715195530704621 0.00014049031824605595 -0.0056310808050376105
0.50435242603493957 -0.51035311069740474 -0.0054872899092057387 0.0035677964504583696 -0.0063104297861109292 -0.0054474274140624982 -0.48634710558939459 0.49837124116698589 0.0089456704748576716 0.0061260330837384748 0.0055716069032899652
0.49243322613880502 -0.51829454324769297 -0.0084625008786720704 -0.0080478791879257713 0.0057527437173579754 -0.022903910127892696 -0.49366998988490657 -0.49333949390856491 0.010909540911146548 0.025379405973808302 -0.018143078592851133
-0.50057951741402928 0.49542513397445626 0.0051611002527933913 0.0010156175441648882 0.0014748032891179436 0.0026432152443656835 0.50136760977044403 0.50240538268004087 -0.004530626780815181 -0.011474987976073228 0.0020982622953145138
-0.50047695218051624 0.49372067971724615 0.0049402287401570637 -0.0026301937036941514 0.0053452968608336355 0.0018010165644553077 0.50256590116725253 -0.50288562298551354 -0.005785454042225492 -0.013237075724305542 0.0049441524789708034
-0.49787993173426798 0.50229934546950683 0.0051304453787330935 0.0019063447120916336 -0.0060805374847507539 0.007372902621048596 -0.49948700121887574 0.4999906256670078 -0.0030933186195304849 -0.014006186541688757 -0.0024537410302287311
-0.50412635813482976 0.50689522106834295 0.0040448722690931208 0.0033496691469756283 -0.00040361830180622336 0.0044381486407198837 -0.49574612281158054 -0.49300963495510419 -0.0028489404762663284 -0.0057314102508832718 -0.0016506298949966794
-0.50280356885998456 -0.49692296056909674 0.0057660129524287505 -0.0039544194287640996 0.0024276867432732161 0.011008988872652538 0.50217048282940913 0.49781549759527033 -0.0020868029874055315 0.0080505652972925577 0.0039416676846456911
-0.50095417701791745 -0.49864918447379836 0.0052403163645369623 -0.0069466847007660822 -0.0074959618390881009 0.008300338559236755 0.50493283993127192 -0.49519529193206546 0.0020021829562222662 0.00072299029590252011 0.0036082543691542011
-0.50246823615013703 -0.5071916112508027 -0.0031912629190597036 -0.0077126393844304678 0.0030371256505799748 -0.0031165556929052319 -0.49007286798899963 0.49991066883583868 0.0088862859151359955 -0.005622315885692267 0.0010324010580183784
-0.5005609036443549 -0.51165743027458377 -0.0037365039653231313 -0.0087961761453998338 -0.010683252450425498 -0.011980926137235098 -0.4895347558337198 -0.49756977713769496 0.0086376468585575693 -0.0005099488908993521 -0.001271949569697593
-0.0036233112889357266 -0.0017009322725193155 0.5029413697371613 0.49968741673553052 0.50079945258696468 0.49634423042547565 0.010259539138987117 -0.0025847336895348867 -0.0029346767654324438 -0.0064051822295889535 0.0052132658693329198
-0.0076260036005462994 0.00044096621064822856 0.50252989573545437 0.51195430657614616 0.48885914908533384 -0.49624030418022447 0.0014348105732149108 0.0073371859726042649 -0.0021343929303770607 -0.0014926799681067463 0.0027852548845771694
0.0021592251069163485 0.0096391753362483797 0.50108298951218011 0.49833201537432792 -0.49891305037351774 0.50138244950211919 0.0016710624665779346 0.00016793929734435094 -0.0092392485172433404 -0.0073121811895137936 0.0065741355501752136
-0.004415753500190178 0.0032289921904656385 0.49944318221576256 0.4968808694164169 -0.50356362132851062 -0.49961393211390004 -0.0010895624966410253 0.0027786442768860729 -0.013467206781058595 -0.010047470169607005 0.012424043749796563
-0.0011239083992764969 -0.010509184925796345 0.49474178914805644 -0.49984647279799743 0.50929378201773434 0.49571511779172511 0.0020219417293839909 -0.000909969999475009 0.0009195047082505355 0.012348639640235077 0.00068881874629193028
0.0048616469751509355 -0.012359019279818743 0.49867737223653802 -0.50425308878731079 0.49825007447596859 -0.49809814781659023 -0.0034765567169603049 0.0077940725542822251 -0.013326988654805295 -0.011053337568626169 0.012074742797374048
0.00019507741643705535 0.0035989720256603395 0.50029631195820323 -0.49770023872429414 -0.49821528591279696 0.50347053361059491 0.0038535497340858134 0.0028061797304797724 -0.010735949059165736 -0.008936147210257003 0.0081358963400932228
0.0079085961355586445 0.0065684419633567168 0.49833721126718439 -0.49779836027727603 -0.49844324580723082 -0.50500351031310364 0.00064602519780579285 0.0012742284760798061 0.0071163882866287047 -0.0099317414402472753 0.011206598618118967
-0.0010670510666887035 0.00064929411505641559 -0.50992209482871897 0.49770310377878402 0.49795488191013471 0.49392700413708085 5.8527930738846919e-05 0.0011857244515841438 -0.011609476802675503 -0.0011644380139370163 -0.014457608521025461
-0.0032716448141184395 0.00039010854534842285 -0.50421636280947491 0.49171354363728559 0.50006936052922701 -0.50354799599124755 0.0072853234910671824 -0.0002059606764161053 -0.0056090982803359132 -0.00760273877121784 -0.014158497411712189
-0.0070570831684677584 -0.011717100191100872 -0.50603101592419797 0.50159897239736961 -0.49441041612261427 0.49715533598665024 0.0036013247456202048 -0.0013170966296168483 -0.013163710100758636 -0.010384723161250515 0.015590742770911103
0.0069994720540538739 0.0058802165670256085 -0.50004739347711435 0.50175286739728919 -0.50292617520767691 -0.49470591428257121 0.016871107535416211 0.0036931755498108071 -0.009881656224307615 0.0063684218245349334 -0.0028173929207447848
-0.0037725853105597712 0.0030629448865177504 -0.49738731740570291 -0.49591102870000398 0.50963773424532532 0.49650667792265796 0.0068605073190671894 0.0066589047875896959 -0.0032087243768763618 -0.0081485655026087307 0.015391233619645716
-0.018566715506287364 0.018535367743917293 -0.4967682495878486 -0.50142791949254728 0.49865648049640365 -0.50040996430637807 0.013262648574808116 0.017538605232790484 -0.021523052070826075 -0.02104913780852417 0.02539367166991998
-0.0082724618071848069 0.0021660241334547086 -0.49223070053260537 -0.49652400931019219 -0.50151425789344883 0.50921707818070283 0.0040128838092251123 -0.0015358134873320933 -0.010221920008685376 -0.0098773413653838859 0.0077862240437342389
0.0028097225826161916 -0.0047609727296978963 -0.49618049542000958 -0.50020322993187216 -0.50306284904138709 -0.50031270199364963 0.00056464377175645874 0.0095056503214791949 0.0040938175350733351 0.0080239527217466963 0.0037728101480987999
5.8003422733005922e-05 0.0020041374176519816 0.49588010733619342 0.50120635438133698 0.00023825877016780533 0.0060000265389400708 0.50042400764358219 0.50227261544036761 -0.011241109245330269 -0.0032466860833639238 0.0040201124560124684
0.0023679688841866768 3.235242896191762e-05 0.4909342514610644 0.49954034297435712 0.003183775170590345 0.0055533902249038898 0.50206978936109992 -0.50707774187323651 -0.013784642455479074 -0.00019245658056139014 0.0021115144475839349
-0.00015348903938206348 0.0081474998268650182 0.49889651710666327 0.50116827145586795 -0.00028337375565402109 0.0056182630518895448 -0.50017018260181267 0.49931355300554092 -0.014171742053861841 -0.010096283012406298 0.0068970594896037053
-0.0019160436086141949 0.0039292152030129491 0.5054665792355677 0.50727348499413105 -0.0056375713617144415 -0.0014351790577350322 -0.49383649379391364 -0.49310317915231566 -0.0087612348484136845 -0.0039694019299912515 -0.0025403764006665338
-0.0063396896000677974 0.00083964922203216797 0.50431903135706768 -0.49608149017604247 0.0039413392812465697 -0.0014981841785839931 0.50039263567606052 0.49909787152602486 9.0883911899806701e-05 -0.0026453133771529944 0.0028832596466733251
-0.0066973725661115821 -0.0010442435134717122 0.50373685280224856 -0.50155321740815428 -0.0066147864083817556 -0.0024446240485097139 0.49748472037056946 -0.49708340695578285 0.00061124585040605933 -0.0014262471835539553 -0.0035366836404116275
-0.0048122686234728885 -0.010356632249149648 0.5007404496587472 -0.49393266468019575 0.0014413650388534912 -0.0017195942264661924 -0.50447457764603898 0.50053432038759316 0.0074035076479487252 0.0079515518429075539 0.0026130556685035871
-0.0026654809870758863 -0.0077899032086976598 0.49992484617992389 -0.49143936567241925 -0.0010694475384408037 -0.011525515938195808 -0.50583358284874791 -0.5022575436725446 0.01497362604219173 -0.0024875421287036147 -0.00027994039497063151
0.00098788362897701647 0.010063149626999196 -0.49660305170357599 0.50145802530888772 -0.00037964915400765328 0.0062597301918973641 0.50273487965786645 0.49892805281121561 -0.00041147863010802018 -0.0046753445430455839 0.0094919636593823915
-0.0087990414241098137 0.0056457131528214128 -0.50156482057674345 0.49821018320885535 0.00060115445151712318 0.0025829364924109381 0.50376743745171282 -0.49620122669536554 -0.0075932846600392321 -0.0061733427902901606 0.0031555361583822427
-0.0068718178035242191 -0.00086896738136910991 -0.49789675958564139 0.50000829379090317 0.0072715093232764393 0.0003134158049972281 -0.49773258599848075 0.50415609272281192 0.0030760916763588526 0.0071574165666478569 -0.0042176921070974762
0.0030780572142317083 -0.0075486275961044276 -0.50412558929949947 0.49641548043918937 -0.0020624849624316871 0.0069876632125651129 -0.49498834136730718 -0.50406399590971873 0.0069136085534475472 0.012827592171026091 0.0017911815661342159
-0.0077584082518852189 -0.0013481637006446793 -0.50088983789668085 -0.49074263949876135 -0.012858860879546206 -0.0038347327335197206 0.50576771672546483 0.50207179532887636 0.00011571660942270481 -0.0085687686112856862 -0.0094052121243103307
0.0055047694091412691 -0.012592841516446872 -0.50403883754155232 -0.49377042613439226 -0.015350977234105513 -0.01368233510007975 0.50336921625165398 -0.49795367813954877 -0.0022752419790576773 0.013314868937975852 -0.0017261755049527469
0.0018871912810785498 -0.001107204001495276 -0.51318388332672715 -0.50229953409437178 0.0021409066018375413 0.0039032288191521518 -0.49218396478417314 0.49171714113890996 0.013948806950127159 0.0081162656682390276 -0.0046506784593253322
0.0068916037590806651 -0.011756348828664435 -0.5139291421881933 -0.49528123837297094 0.0046930285510588636 -0.023676909636558892 -0.48857604829588674 -0.50016882621247938 0.0099999008697089636 0.013436427664539648 -0.025476654595716311
0.0031960233095370072 -0.0011759472189969511 -0.00065767934253538275 0.005466269662249397 0.49249852783523485 0.5064561392420609 0.50196904110198493 0.4989184671428567 0.00044420737233574211 -0.0021432961478545266 0.0028500739580311855
-0.007857448606860537 -0.0058267061535271789 -0.007009864313252785 0.0011665572599152884 0.49717956879171221 0.50243429738680123 0.49939892918816925 -0.50079519625180802 -0.0020424308373647908 0.0026557503891444759 -0.0044407805334839073
-0.002337611556268937 0.006922260169371643 0.0052268910404372291 0.011900980461790837 0.50285975681430706 0.50425715437490348 -0.49191391310268329 0.50056237890787325 0.0010805093326805273 -0.0018305725159859119 0.009377623407970808
0.0011788730750796955 -0.0032536373493999107 -0.0042687437100207273 0.0048384361447598905 0.50561837090472539 0.50926108610760146 -0.49294578230312258 -0.49169317242152971 0.0070131622492004301 -0.0076765361410189468 -0.0091524257438593583
-0.010267903246584992 -0.0055926959804210238 -0.0027934449798809958 0.0094359618490789891 0.49205450917589089 -0.49979414081836132 0.5052660299632743 0.5023426652055184 0.014437143002064284 0.0020669288547514233 0.0001019482273563922
-0.0031519628941644676 -0.019602550537787714 -0.0077546409733725849 0.0017212434119121859 0.48919436272499939 -0.50228277257445941 0.50575497425237037 -0.50186651287025086 -0.00031603127996622244 0.016866986180419211 -0.00095605422041196691
-0.00055106605361463998 0.00048375822514361684 0.00079096787378783739 0.0045340010318295296 0.50331026041722293 -0.50759081705210041 -0.49101496227069741 0.49776356520076537 -0.0027226815716821229 0.0074915933585748768 0.0089903687753385281
0.0053492361015575786 -0.0034014129205283904 -0.0053564329079378867 0.0014769883992267986 0.50319139631862475 -0.5078825860981786 -0.49314795277353562 -0.49458429048162522 0.019250734888875812 0.015899065115695197 -0.018728209282448994
0.00079039918218085277 0.0084971591697280049 0.0020959401780179699 0.0019897339676495287 -0.50076096953188953 0.49685091797959036 0.49995186322528756 0.50217574107404594 0.00016094501591728649 -0.00035526830563748884 0.012804126695512811
-0.0020461650865246485 0.0090045104627376332 0.0035106929261645827 -0.001917093872534306 -0.50201225390064053 0.49592098095670328 0.4991490041994075 -0.50255994704903029 0.00054373727320498487 -0.0019022308629794576 0.014988877973504636
0.0004869666714910671 0.0055919608463586255 0.011385970391151874 0.00092051057272638881 -0.50086929635535737 0.50223684031442883 -0.49917713152172899 0.49725244163966131 -0.0095194871110075487 -0.0038338481368459108 0.013527416534559163
-0.00061502694936757421 0.0043389368707109372 0.0066756651927670566 -0.0016849331105573521 -0.50808282885091838 0.50286535995294201 -0.49350382609816423 -0.49524727787129735 -0.0063414613356410415 -0.0041954143055078505 0.0061605522523343441
-0.0027566286306271938 0.0037298547384951651 0.013712261655421349 0.00030656854600312434 -0.50004581559343808 -0.49553148877902925 0.50437386422296282 0.4997397212658965 -0.0063579586512848797 -0.0044555778957132385 -0.00018782826887183161
0.0028439446596661478 0.0063729489674614042 0.013279600794732546 0.0016559743072870657 -0.50372397624051224 -0.49650505875607714 0.50145577005237019 -0.4980042480881075 -0.0058523594932761436 0.00070113695102440668 0.0040283625519265771
0.0054602636336518644 0.0087586577876124019 0.0069702259277600615 -0.0012427927195875984 -0.50283684375603788 -0.49896966662454739 -0.49721931468988972 0.50075094641010509 -0.0042852573794059969 0.0044832637508677104 0.0032715265045021136
0.0025853484579209506 -0.0059096731100620106 0.0037583012931995041 0.011443661939207036 -0.50204217608582513 -0.49556122043973821 -0.49840591258695227 -0.50339158846839616 -0.0060922561501584385 0.017705467017132034 0.0048883072242806537
0.49465390404907716 0.0024430957233147073 0.5114703944229273 -0.0071824768425294092 0.4927512996181731 -0.0002665960507697716 0.005404147358876359 0.0010040797307970513 0.50062537945482477 0.0025058685652429723 -0.013849797195856274
0.49714850151990009 0.010628503249055017 0.50215369953687083 -0.004462041667542424 0.49707038784763835 0.0097085512944927923 0.0062379577247008867 3.315538883133153e-05 -0.50291393673975948 -0.012130533307901641 0.016444978451878964
0.49696891229873835 0.0079199507654145393 0.50609505001399391 -0.0047638691283130299 -0.4997003088512999 0.010900410858806411 0.002223946556819411 6.5978831642685758e-05 0.4969454267741798 0.00052633666767023005 -0.0050078292917382344
0.49878555328789853 0.0040279421023006771 0.50011260825226023 -0.0009365179442113584 -0.49965873095838287 0.0040776682022551783 0.0059458863288453642 0.00070658934900852041 -0.50109042227236156 -0.01294592885193176 0.010616662111100546
0.48284035848626206 0.010717856556281836 -0.47342782001746503 0.0090630077240118311 0.47724781259440874 0.010936075376667041 -0.0031779446358880369 0.00084760021641061014 0.55268848668392989 -0.068005677358147706 0.06744665519698996
0.49346177766954491 0.0058281890704121597 -0.48923533935707847 -0.0056688646027619038 0.48978960955255552 0.0042598580718091854 -0.0014529891625791767 -0.00064311496069395404 -0.52271810824968212 -0.041641183645772711 0.0468552156254637
0.50099799113675259 0.0080246844687750212 -0.48665101734918192 -0.0024084450762651114 -0.5092478264038266 0.008272956692572369 0.012262240461435255 0.0014721524726807969 0.5023274757774957 0.0072933940945558726 -0.012696346700154484
0.49522068410882175 0.008331551129964471 -0.49215542984455185 0.0089372059332056206 -0.50028917853572719 0.006861639479932926 0.0040269378397188374 0.0036079255594957641 -0.51125356278950018 -0.019007518922588212 -0.016827051409216892
-0.4980986609700111 0.011375973855652565 0.50689262718983275 -0.0014743099737279423 0.49709248782833881 0.0037555491177187097 -0.0021657334536374271 0.0038095639880368353 0.4975460111809436 -0.0039746571959957556 -0.011132032330207957
-0.49899753541146946 0.0063875877796789673 0.50059994754478043 0.00032743323128403876 0.5012108629147366 0.00085981698914559866 0.0083286709429895803 -0.0042062971658835468 -0.4988069410449319 -0.007057992921120396 0.014210415127209657
-0.49553935605587096 0.011367900725192078 0.51217328055396727 0.0001427147953175649 -0.49544000039116587 0.0081295721284107472 -0.00043159507430549275 0.00133152845086263 0.49638152224487497 -0.0068212193706468551 -0.0044765968273389311
-0.49976443691410938 0.00045075933778018497 0.50330422360035731 -0.0040050830123072364 -0.49595918092836999 0.0019783390555872648 0.0019131664098917748 -0.0012678444793517217 -0.50058441637550577 -0.0093921266905598426 0.015699097374602192
-0.50817943774910523 0.0091898345500910847 -0.48960288482738418 -0.003883974113407363 0.49984423569528436 0.0039412767837512389 0.0012839739577997552 0.0024437945105038271 0.50198689403235996 0.0063967780109399673 -0.0066303101990007191
-0.5044155332754543 0.0093939315972029463 -0.49106230684129087 0.0032611229421936764 0.49522373788604884 0.0043965982739476665 0.0042168635008579978 0.0028344381516138277 -0.50758929915346962 0.032743452534347427 0.017696688894808309
-0.51027874052760991 0.0043414645969345076 -0.48754249664067256 -0.013378962976711007 -0.51181412693997108 0.0098382589956974992 0.0072647330311820975 0.00090975996626286833 0.48920467598037765 0.0079671448043596455 -0.015208211195134267
-0.50505285460475946 0.0057908645619494745 -0.49287118757536857 -0.0039537015489827425 -0.49853053390844798 0.0070601476070989077 0.0013719745207445857 -0.0022794638890115486 -0.50309436863684942 0.015983744699185096 -0.0011830484412289272
0.50173649240231155 -0.0011898857590622244 0.011193727413526439 0.49796180363986359 -0.013440021372404534 0.014141222207670088 0.5032263589767848 0.0014062247003060527 0.49646091950464966 0.00032901663619288636 -0.0086551673424080516
0.50203659264715916 0.0034550804942274889 -0.0027636327490200949 0.49997547297007722 0.0045854909853425144 0.0051205783339467095 0.50213245601403467 0.0023904639509303629 -0.49559861362019159 0.0015723051877253814 0.012401133330762006
0.50105505374386616 0.0057102736102635204 0.020640739187164182 0.50107833630377963 -0.0091366762222065741 0.013143807126997534 -0.50070780928839798 0.0052500827563162081 0.49627345865333244 0.0057742638847858773 -0.0096377699289282026
0.4967395844466469 0.011095451827319145 0.0025786618751563982 0.49792131970499748 0.0039493375326157864 0.0039243543101404018 -0.5024862864321451 -0.0038733287293766299 -0.50252562390847921 0.0067040893100415166 0.0088865082621061367
0.51064411020356015 0.0011880477163749427 0.0055521549725059483 -0.49489713098739491 0.00020318944282876429 0.01546604403588217 0.50591713318875975 -0.0052951576591969852 0.48775362591083465 6.3650654657417715e-05 -0.012812368221124786
0.49405229601950185 0.010429905082749527 0.0047301979603696009 -0.4922560885840116 0.00056713655062440803 -0.0016448926664126805 0.50873473071281938 -0.013613329945318818 -0.50440270317722535 0.0062206225885609772 0.0022259689511171755
0.50292004756199082 0.014946799823357518 0.0020229872695921103 -0.49833175822906428 -0.0079943162130266324 0.0227262851846473 -0.50259748778430713 0.0054450391964403835 0.49487472164813007 0.006049514559692987 -0.018908255774766035
0.49406848446714752 0.0047313583536203671 -0.0010702063711413904 -0.49836296206650821 -0.0060403171891242474 0.0027423765471905467 -0.50580844621162524 -0.001834453507073022 -0.50160483313211091 -0.0013949115948635928 0.0028722227759180327
-0.50404733117238998 -0.0017248611198322106 0.011826575136933578 0.49960016918403943 -0.003518330461826113 0.017933984981109263 0.49430438184207703 0.0022899749005711374 0.50142086771686989 0.0050543787845363994 -0.0082831260534417372
-0.50298138082797583 0.00040043422636878122 0.00085012467058170481 0.50005689245804652 -0.0053938540808368103 0.0058943801431336675 0.49890400232345311 0.0019983381200545216 -0.49771975118626738 0.0014417997110574724 0.015870980121379254
-0.51085812963948041 -0.0079644906642216285 0.015087926874622151 0.49698077164891302 -0.0020811848382070322 0.021631340218584753 -0.50142778478081718 0.0010806899045801056 0.48946491587301971 0.0031632741984976348 -0.015932913057592413
-0.49979308358011526 0.0041255317127605563 0.002680699489944832 0.49490625193912918 -0.0025649794166153188 0.0089170908096693289 -0.4967676126119589 0.00033018751242943961 -0.50811398155333565 0.013448806050898992 -0.0050514363603371805
-0.50322112501288385 0.0096611923260091787 0.0087902423190681783 -0.49724057707768793 -0.0039639867831713178 0.017685331031500894 0.50387272220473234 0.0016541176807769113 0.49499841283125923 0.0076813002933762819 -0.0069519320440069666
-0.49862177648817119 0.001304814564983558 0.0021634059296818131 -0.49446310922748055 -0.0014459537373908303 0.00054966015024988306 0.50371461397386597 0.00011602414098071499 -0.50293631265564098 0.012544838360708736 0.006561135612451998
-0.5050772016665902 0.01297137101063163 -0.0030168689112322839 -0.50075608729238474 0.00090285588347312814 0.020329661667104041 -0.50351036309786767 0.00078428694694900839 0.4897007944923048 0.012542599614116372 -0.007836284557352826
-0.49810317945754873 0.0036195898643104083 0.0056463318931971266 -0.49757833199196272 -0.0011515176700970767 0.0020491085777954035 -0.49575396981538167 -0.0029558956914121828 -0.50783049875785391 0.024177752197816597 -0.0011847935669316745
0.49600925812207891 0.0073051006201012673 0.013147607218675731 0.0050784886463517099 -0.0079971800006023181 0.50915836306286921 -0.0045479928236338736 0.50209723069225454 0.49222598665697348 0.001002532641253001 -0.0026204684890132729
0.49940741425692847 0.0044481683643739509 0.0058767589676409077 0.0086265580431434136 -0.0026952310211687575 0.50054509985481332 -0.0032520265200376218 0.49796327056841966 -0.5015436173293305 -0.0082783721549899835 0.017841168230879612
0.49449563504997379 0.0077737064408985677 0.01136592186083699 -0.0074731428246997845 -0.0094254785722305192 0.50891720084259506 -0.0027910703417516032 -0.50194124910381455 0.49414986247215381 -0.0022346968992093801 0.0010767193046172839
0.49671224784208801 0.00086462625004154949 0.0038755966279039023 0.0048278674165051407 -0.0057368552328903736 0.5017882445036258 0.0054136036919666241 -0.49645376274170006 -0.50474091463915671 -0.0039175626455275744 0.01179529689837097
0.49754989728753046 0.0071651897557072136 0.00081433961778994829 0.0014247193714943241 -0.0072975201083651424 -0.49813368086719667 0.013645513934631284 0.50089388178818661 0.50214351173894256 0.028642948911299267 -0.012257373673301365
0.49739466239958569 0.0059923132309693105 0.0049612932806901008 0.0072275952376044672 -0.0094403931908743754 -0.49160355630134378 0.0098380181396875033 0.50430114798079861 -0.50522785642905221 -0.031122736210608463 0.0090755587201846229
0.49154225026323228 0.0094443712361869901 0.0027150842249386363 0.010095375219409182 -0.002794846899816638 -0.50023955099969675 0.016649687949208968 -0.49930460073969701 0.5077169784636586 0.020049525916092353 -0.013397838743941607
0.50516926448841204 0.00070926962114726915 0.012467108805371364 0.010747218177179026 0.0022940882336947065 -0.49099554647874516 0.0034728447330322544 -0.49918379811509533 -0.50316767576813115 -0.029866198258261527 0.013581806289523676
-0.49690791402839252 0.015203396511233572 0.018072069344720665 -0.0035404622503729557 -0.001167652272176415 0.50735791715764822 -0.0012786492812605686 0.49880501484169953 0.49624638174952412 0.00011900348275465499 -0.0055012995024526978
-0.49940675883134011 0.0016971998503292627 0.0020157051925428593 0.0037949392373569104 -0.00058986405583954669 0.50237692525727651 0.0039329399148434448 0.49934797526915947 -0.49862358895933384 -0.0068963500524809188 0.012317045584461929
-0.4996919218108038 0.018408162251399088 0.018821319300478034 -0.0032704783590112247 0.0031603440144161834 0.50550648383233254 -5.3960608846944234e-05 -0.49739175774348787 0.49659818960309865 0.0012598115907614075 -0.0068905119260969094
-0.49989691103757755 0.0014821973632620263 0.0050419792594604499 0.0010056440786789464 -0.0013454206223924067 0.5010697603598353 0.0032857898362901117 -0.49882980754424949 -0.4999772699396679 -0.006488537734311968 0.01184857627525711
-0.51117707422120051 0.013137816607689192 0.013135848897842146 -0.0056798000577388047 -0.0053360533126308746 -0.49088584509494332 -0.0047739906825671318 0.49789391518891235 0.49926952687412951 0.0010137019054191777 -0.011444199626434476
-0.50605815528831111 0.0032470343618225144 -1.3691931225929992e-05 0.0029824100034213665 -0.0056588983945431003 -0.48988451509606168 0.0011675138286435299 0.49779305713903094 -0.50491521419069318 -0.029355054573574148 0.016323616039046172
-0.51312225012794543 0.013969632320871209 0.015351984678283125 -0.0068823574153123656 -0.0028782193234384761 -0.49107476158911162 -0.0025936165872412868 -0.49468168946302044 0.50012742373527741 0.001601959765477276 -0.014762889922269066
-0.50414598149184353 0.0053854853713969329 0.00076114504704144807 0.0067985817830871426 -0.00068395364108578217 -0.49095274588158883 0.0020353207230984615 -0.49469498814791185 -0.50808007533557309 -0.033416315544226416 0.027141710133661654
0.0069801750780738589 0.50719805316725597 0.50639898843453768 -0.0022261043954729916 -0.00018284741649204813 0.0065645851939143459 0.001718311608739277 0.5000596134321369 0.48585583679129307 -0.0095931106633345281 -0.0017036085017091149
-0.007181558206219023 0.49852337948809811 0.49819939129854252 0.0037036364373903429 0.00075563323434425236 0.0025697578272353082 0.0047141201855593401 0.49636576961862344 -0.5063782157148915 -0.013410456591345323 0.014120991492258808
0.0080884376322853356 0.50791967339429833 0.50618437284153639 -0.0036746310420173751 0.00057376257626100659 0.0055207888175088727 0.0029103743801454991 -0.49918018948292625 0.48622580553343175 -0.0089394203464983734 -0.00068772578352750701
-0.0029682741793640968 0.49897665517685558 0.49726219400875549 0.0023087954519373692 -0.002175197276959744 0.0023178476149150404 0.0058969450744630501 -0.49719019310391066 -0.50603650339511752 -0.013745944467759164 0.015284209882464839
-0.012899333505605654 0.50419655645753192 -0.49250134430349385 0.0052305443610611976 -0.0035749486841079869 -0.001202185755449794 0.0053011512968642515 0.50318690726770887 0.49979192195879246 0.0011553777097494007 0.0013473693263927899
-0.002103633268274732 0.50153566497983781 -0.49427947443192033 0.0019017747046162999 -0.0010848319731763536 0.0082753367274233831 -0.000440935229835803 0.49994423496062174 -0.50366155525656353 -0.0069587900667744933 0.020106176496979405
-0.019055417207018348 0.50782098269920362 -0.49617219237234728 0.0063686915458390477 -0.0031419754461410013 -0.0038635171106287743 0.0045692026299606189 -0.49623587286653259 0.49919736721313296 -0.005710682379588731 0.00099732526223919376
-0.0070281286647625452 0.50636773870856544 -0.49509948437689866 -0.0013607042400938033 0.00050752660121276827 0.0018604985133639535 0.0050931148691769996 -0.4925194471490798 -0.50523458731162829 0.0020408323243137562 0.023361287780064036
-0.0013272155184096007 -0.49245887360451729 0.50795809620363641 0.021633467754290824 -0.0046852600183049393 0.016420827821683321 -0.0045559579365540273 0.50462079990502851 0.49372019606884898 0.01476842742412848 -0.0077987004748021685
0.0077916948979676942 -0.49390176826523746 0.50474331714715515 0.0030045202776609772 0.0016191674573378713 0.0035584130779852813 0.0037468706846516056 0.4955805825120469 -0.50539136437699683 -0.010363117146577039 0.0082599790946892501
-0.0019933422226769363 -0.495624536393723 0.50544186478946662 0.019144490137873133 -0.0059648254238365483 0.019018991181593965 0.00088838388709183117 -0.50482520290768107 0.4928425805527461 0.017537470803751766 -0.0081490707507539777
-0.0010845672251428066 -0.49346236393247572 0.50232222571520424 -0.0011857843518717917 0.0057620837157046217 0.0032630481726596355 0.0047568524729182564 -0.49690248683464877 -0.50686528896679983 -0.016418431994823339 0.0020372372233040813
-0.02487760921844602 -0.48480303451968526 -0.48307547051292021 0.0261777891228922 -0.0074067831705548082 0.0044623194894197749 0.022823680307052792 0.49558170463988049 0.52806540821062864 -0.054464689723463432 0.047786384686610284
0.0024115557224017883 -0.49080433076937985 -0.49120247152269175 0.0041534672379110928 -0.0070736270585432413 0.0053015133243706604 0.014585747704358219 0.50479391119688966 -0.51193535198672102 -0.017371459292816555 0.017911524344722676
-0.026374945560568762 -0.48027065441139283 -0.48086395877510152 0.031207466458177999 -0.0079588446297854665 0.004094719250134814 0.019856275206347248 -0.49687918814796411 0.5306332089296697 -0.062805794986375826 0.059673515316519821
-0.0021939136405800383 -0.48985702697438455 -0.49246606025013484 5.1980919172090248e-05 -0.0072667975469253481 0.0031226980763164997 0.0088660576292783257 -0.49591065150822855 -0.52034591550326725 -0.016098194190814756 0.020612961510793996
-0.0052997776993203658 0.5055338541719252 -0.011044191452438411 0.50092971216887849 0.0013638071822569889 0.50393425725166041 0.0022772353637164782 0.00087752604051352038 0.48923825839318169 -0.0065655821248905245 -0.00039005779583373926
-1.4729821522844951e-05 0.4982564196607594 0.0022051592611025414 0.50166434134535343 0.0046710905831735209 0.49654973690921217 0.0055531240361820769 -0.00075836585866551726 -0.50304626423302234 -0.010278977363294476 0.017102397300500626
-0.0037987891121524821 0.51518665898376492 0.0053701555709538534 0.50499307570979424 -0.0024707802239240851 -0.48815480947660905 0.016359587766581217 0.0034161112308109674 0.49058065539654616 0.0065873801652251516 -0.015103933133263464
0.0027277459595032995 0.5056675613549253 -0.00019738206081978884 0.49673875199119699 0.00042960776860711885 -0.49586206848243969 0.007327375503464806 0.0014972578355427271 -0.5015703642054159 -0.00016503839291121962 0.0059401080592457788
0.0020624892717516679 0.50857025579352211 0.017384020529551732 -0.49814115786349522 0.0025531357887053157 0.50729994565610614 0.0024781622306977074 0.00074181227792072095 0.48532198165417029 -0.00051265630154632763 -0.0010440790221123715
-0.0031286597795803497 0.49787001801066882 0.0049357370259483658 -0.49951051802180263 0.0010122092987795487 0.49537027969317843 0.0057867197548315793 0.00063504660781067983 -0.50694841141036728 -0.0053045763065330872 0.01136130263996543
0.0086994460549420626 0.51586873696278213 -0.009463807442582425 -0.49824877701368236 -0.0065622853620464754 -0.50097530839893323 -0.0098727607819695876 -0.001758168339443867 0.48343908855530032 0.0064084886390185477 -0.024249774639318662
-0.0038265753915179323 0.49751407055129693 0.0081993978086006523 -0.49558237994545856 -0.012034321715308726 -0.49698649243650161 0.0017830575226524849 0.0008951394019113745 -0.50941110449862304 0.0099608518920632494 0.0072601927204912816
0.0054471864407225727 -0.48643382348242903 0.0076453469417785032 0.50733309039800512 -0.0071152021873016206 0.51180499281552494 -0.002243615102528232 0.0011774333038701637 0.49350215883805981 0.012098242392625962 -0.014662960536647581
-0.0016134985112639579 -0.49577609829196967 0.0060989916218622559 0.49693115989909642 0.0054016934455024933 0.5055894246375594 -4.9963013704278295e-05 0.0027359546333424046 -0.50151339793357907 0.00093199613102371969 0.0071966757834368697
-0.0047533313171473322 -0.50758581063935693 0.010364545437158069 0.4938844685543553 -0.0083656003119414023 -0.51309665274426774 0.011202235375868175 -0.00060228293180434461 0.4838066216476129 0.01039347846150921 -0.025765789429706764
0.0023154234103712661 -0.48654040841036217 0.0017203062896707965 0.50153681595152311 -0.0020909390055621766 -0.48662842750343482 -0.00054100102724753273 0.0029739814652210211 -0.52420057638920292 0.0062571588035690963 0.0092087207832038612
0.0069403754027673563 -0.4963604816704888 -0.011388746097857037 -0.49934183033282936 0.0040371028328305752 0.51459563455243318 0.0013245528794298821 -0.0019360808311744623 0.4885842792698924 0.01988420045485453 -0.012872017746225102
-0.0073414303780929878 -0.49433632162035146 0.005991301332823184 -0.49564551419254327 -0.00691945590453671 0.49759071763185819 0.0036018089315056419 0.0026605545417953996 -0.51177246716579949 -0.011713250041727194 -0.012830510475110461
0.00046977126864959228 -0.44166907140612371 0.038126430089673008 -0.46746035648052503 0.0033304174838792626 -0.44325473993128106 -0.0053359711981894094 0.00031001567018356979 0.58940081387767806 -0.14561984564610897 0.1408634708849352
0.00362923585197271 -0.49932972985147051 0.001485547813268954 -0.49295807176742146 -0.0037502995256709065 -0.49450371056034886 0.017122042717589936 0.0078355137119311431 -0.51242962219995336 -0.0058375145129505859 0.011226920793980846
-0.0072699768961646217 0.50486751646803363 0.0096924899146532476 -0.00028140543770619055 0.49349181208311982 0.010212587609806237 0.5013225477080997 0.0010004196842605785 0.49993186509329185 -0.0033732475415824224 -0.0074096523585840263
-0.0010798817802135294 0.50079113435821443 0.00056660891366444718 0.0048756160613509687 0.50236911304210274 0.0014694661713881578 0.50109448817947233 -0.0012608623209239373 -0.49539897704314401 -0.0070274816940896091 0.015468938049620054
-0.0068822883355999943 0.5100778943199592 0.010904950885191417 -0.0053393934863256772 0.49466671447150273 0.0073465239884097271 -0.50133118733589599 0.0033796667374067298 0.49344077137350334 -0.0047502803605674942 -0.0050869810271907444
-0.0058528136888906981 0.50216415837134432 0.005482495970034959 -0.0017428346829365554 0.49712524754848025 0.0027160597420367522 -0.49277405794129298 -0.0020220866354794579 -0.50768683718532448 -0.0052050152476682352 0.0044204982086237269
-0.0019182990075484454 0.50813449347427342 0.013511968448955351 -0.0052564015888536359 -0.49902511214547013 0.0099928156455305131 0.49563846412898677 0.00070768001862523517 0.49674651144623899 -0.0057742058263397693 -0.0033329691155252177
-0.0068020147055034381 0.50039480327079722 -0.00086820734373523642 0.003217636821630435 -0.49738831915618026 0.002589579116970899 0.50237436712845041 0.0029437282096793213 -0.49939446004373444 -0.01022900414381828 0.016052756778032671
0.0023812654140832404 0.51133881317776408 0.018274966958182461 -0.00048544000727188564 -0.49774652634096983 0.01961898556590733 -0.49685929700571002 -0.00044558359876904839 0.49308340055950428 -0.0040300605700168239 -0.0062759623364492985
-0.00045918524438544778 0.50419286035156397 0.0021116606046511161 0.0029051767413800201 -0.49560509778331879 0.0095125896329115722 -0.49427865621244677 -0.00040830897400116241 -0.50553974593403861 -0.0069330559808338911 0.011466846078518604
-0.011687252782862471 -0.49661263071003747 0.011149069800864522 -0.0027230029859837161 0.49151460067865071 0.013041073683549474 0.50467485321165495 -0.0031112150256562441 0.50577804180430197 0.0067685898981431061 -0.028058614579149446
-0.004910975369320082 -0.49143299187841771 0.0031207195580038329 0.011735945231653958 0.50083636748276283 0.0054491485046687322 0.50325773574214117 0.0096451947896775726 -0.50275658487254793 -0.0021390406836808147 0.036402304953979225
-0.0032809593586368229 -0.4992606426070948 0.005298502411885969 0.0072309916523907161 0.49360773524060991 0.021869408232868776 -0.49603269668253114 0.0064559613768602666 0.50969307630942551 0.013117261854055538 -0.021716518219434839
0.00091413681507426325 -0.48949978223672647 0.017614983387030398 0.014035207408727549 0.50694933232047723 0.0033671594316197146 -0.4968492292678181 -0.00096025755143132341 -0.50426433025107809 -0.016380849257197527 0.038235635864837809
-0.0047982161292927988 -0.48424198332987023 0.014558491069260481 -0.0068572453289069231 -0.50904757696177771 0.0088668942317522165 0.50164320829796172 -0.0022531227074042842 0.5042506855628317 0.0087125575306694278 -0.0048992101734442219
0.0015014087860508109 -0.49198364025522762 0.0029781343137942366 0.0029013118500289948 -0.50807389505272371 0.0064913661149639795 0.50022467372395785 0.0009921232101489934 -0.49850809331176971 -0.011266843786060261 0.029805478580383672
-0.0028709892768378261 -0.49472975581750894 0.01690163378856839 0.0028572499657521775 -0.51231572260936031 0.0076183655416015026 -0.49080134496515282 0.0012508261247382926 0.50123436517374864 0.01050791785500089 -0.013458378304187436
0.0016980350604856704 -0.48669175473876808 0.0032694024623883605 0.0073739642886602244 -0.50082344463036432 0.010190267480423469 -0.49132148255308911 0.00046717961184729773 -0.51560747394461592 -0.043059870498049491 0.055072559881329898
0.00013528571423092924 0.0066455217156177349 0.50621490654212187 3.760581868449173e-05 -0.002563014411309952 0.50435551486527053 0.49982215934035118 0.00023459840735455542 0.48934663680743251 -0.0062316066189811222 0.0001463608845488755
-0.0034434150717678256 0.0025995863361692496 0.49665628240356641 0.0027853756103520372 -0.0032674941314769922 0.49827267186091989 0.50164517218943805 -0.00015859626374466592 -0.50299639365477367 -0.0080946822374856585 0.017350273484982959
0.0021292451611333594 0.012238123266743192 0.51131465774876783 8.128379508694767e-05 0.0076959335688571084 0.50694475191614097 -0.49414515740797382 -0.00094291334700651432 0.48695458318227064 -0.0067011286030690641 -0.00089612902992417258
-0.0022133055207027544 0.0051723729999057794 0.50227733089475646 1.5849305965428483e-05 -0.00022616649102056316 0.50096476421357816 -0.49090829972919259 -0.0013399150330268231 -0.5053499632259234 -0.010096858801662801 0.015709815848943893
-0.0023749709093155214 0.00866537140625959 0.5114729231063021 0.021750893272037511 -0.0076810493121565425 -0.48965081498345842 0.50512088976400538 -0.0027499073317530016 0.49250047067175268 0.0015277656523599568 -0.017634521369574042
-0.00060388500001295109 0.0016946712583035092 0.50273529663527383 0.0068282111281822537 0.0011508314779317503 -0.49426948576067831 0.49977127622576911 8.1102344303762744e-05 -0.50273943352988804 -0.0061998974901340369 0.018627925866401714
-0.0064823026780265252 0.026360734512841304 0.50614401732360326 0.019489010429909318 -0.0047591755030468134 -0.49796947206894504 -0.50282338118432268 0.006669830579644368 0.49091133285378791 -0.0012137321728354295 -0.028879224161371043
0.0084713668153766561 0.0028415147118425409 0.50822267631161822 -0.00024920063117876018 0.00056189215529983574 -0.49147355918362295 -0.49269154567536921 -0.0010519601664700738 -0.50682483662399735 0.00011062024710673849 0.021581074226133132
0.0021129392453639036 0.008442174531789505 -0.48851691992566881 -0.001894934144397247 -0.007254461789216661 0.50454648550110126 0.50929927334162006 -0.0015241564303539452 0.49721290595726941 -0.0026528519510446826 -0.0060270844866401737
-0.0052640939976499471 0.0088172563540246107 -0.49585192990295701 -2.8548138063064401e-05 0.0040014633199440255 0.49972160312641123 0.5013956620860115 0.00094848272216016582 -0.50241149069053936 -0.014025467249279448 0.016588745394461816
0.00083755096504112736 -0.0029332065774377337 -0.49390244151180535 0.0061541970021864812 -0.02467844941142968 0.50379899180641607 -0.49974689958645097 -0.0021171816705457818 0.50160411098496405 -0.014103793694043664 -0.0058053136780463052
-0.002274905431669061 0.0044044633815482851 -0.48996223863772642 -0.0001762748848947837 -0.0025275884898962736 0.50911115305313559 -0.49080926296234489 -0.0011526771473933271 -0.50899057359977351 -0.027266409420864713 -0.0013863285410004246
-0.030369654031451119 0.0069092626504632867 -0.47958975256275665 0.0032147111324357016 -0.023305877212422752 -0.50275387033818897 0.50858945281485957 -0.00070334059841263932 0.50630115222547889 -0.025976544794211149 0.0054128729236745327
-0.0026624814296614713 0.0020675173603518474 -0.49200415531629804 0.0071803200677460141 0.0027401020872470285 -0.49272488581243212 0.50684988380214269 0.0031227870993095334 -0.50736070754515261 -0.0098684586297027102 0.025784470433618967
-0.0054320729285811291 0.0071716666965317907 -0.48574645631165175 0.04051358700280093 -0.038228657077699894 -0.48312527844916003 -0.48819052370260485 0.0036095484773074255 0.52874243170199786 -0.065897791246538204 0.072128566353705917
-0.0065988078036523746 0.0074677395283907115 -0.49543917032278711 0.00032165858359740597 -0.0065871763154507976 -0.49187310604486351 -0.49259884741075444 0.0016132986614935695 -0.51874384660037831 -0.018820943263243805 0.018773300494265101
-0.0077583582850043672 0.016296804298445128 0.013177593728933248 0.50251306509240368 0.49525786483968559 0.0027219645597047213 0.0031440861455607895 0.50066720348492966 0.5009031289357555 0.0070680057668534779 -0.0078737220196612636
0.0023666921377462464 0.011997876105738698 -0.0020420381331821232 0.49957202787078303 0.50410230657553634 -0.0029754782522268442 -0.00031294206160833115 0.49875234100001115 -0.49731467805784541 0.0021657311787698433 0.0080935055424001517
-0.004134777072943469 0.014609865366702687 0.018889291727765337 0.50176079241590243 0.49837039028296654 -0.004241172903248637 0.0030198936158100718 -0.49569901774805086 0.50311299044732483 0.0085682892186665725 -0.01830276360288504
-0.0020700253665905137 0.0096300898238810551 -0.010450584449979044 0.50032296046016533 0.50176011330453096 -0.004029917876270747 0.00076901081247520288 -0.5004402579696825 -0.49723983330055216 -2.5869522613643494e-06 0.0016584157152842193
-0.00013703932818556912 0.020445425993572297 0.01577976477053963 0.49773530735978522 -0.5074462097352852 -0.00043251076315410685 0.0014141814803827583 0.50055052340609041 0.49341885080038023 0.0021699238425824351 -0.0084254662258021681
-0.0094755507900777212 0.010714765946182094 0.00049007072931073594 0.50062416367226037 -0.50157477862192756 0.00516407509642932 0.00033634237377187359 0.49870977334428873 -0.49881847907747612 -0.0026393332405876425 0.0053193778217388247
0.00082482412189482631 0.021463911524020444 0.020633903942003852 0.50119599633252288 -0.50678661030986372 -0.0020045903696821869 0.0018550556019841301 -0.49686983918392902 0.49399705965114116 0.0070371895074433982 -0.010632655435974737
-0.0083997524891070898 0.0091856160955800185 -0.0011268016514539949 0.49861910480532023 -0.50201972175101495 0.0027743337694707444 0.0037551113111897417 -0.49628197428121212 -0.50283232932531075 0.0047172329287226674 -0.0043343676327877341
0.0003956513529157221 0.019178766446659709 0.0031073192946966762 -0.48980689439410713 0.50514379879191706 0.0076711263851779628 0.002903441940795727 0.51161000520924271 0.49251790576193805 0.012424455666845864 -0.00099172092778040889
0.0027754632440438898 0.0024617883698257546 0.00074259021366057426 -0.49250748983770476 0.49526264366050504 0.012148396199105641 0.0094508647531704286 0.51203464644918095 -0.4995840719592784 -0.010060748251769449 -0.0059267242063741907
-0.00040012552472991336 0.02378080927616022 -0.0019557713285795683 -0.49587819320419163 0.50016698241244573 0.0099223340931743186 0.0019362496472652014 -0.50722505865179923 0.49572126085798657 0.013440684119468268 -0.0082832855869315984
-0.0077353076194558862 0.0059587066971008313 0.00033453920330833503 -0.495566867116916 0.49493069813928742 -0.0014610750994568441 0.0081904181842962168 -0.50168760294467718 -0.50743709560201433 -0.010069760341419438 0.0028559524044987506
-0.0032761312559023447 0.018458754597918434 0.0064209229259191763 -0.49469513942459814 -0.50356899723841198 0.0096847410839903773 -0.0066310841539529482 0.5068763001760902 0.49415236466821266 0.0036060909461008328 -0.0064330844254249613
0.00045947227042091715 0.0060869529956162514 0.0048062069621142914 -0.49191466801967787 -0.50236474179051394 0.0059944346445045598 0.003710476040991536 0.50092842132462512 -0.50457497030782861 -0.00089328523433522945 -0.0036852498347327359
0.0039739723050369697 0.023370787047764203 -0.0029008275574394465 -0.49762407259692704 -0.50535999995283054 -0.00022169936411567818 -0.004159462002143198 -0.50667588141972553 0.48942531951750101 -0.00063390130767593754 -0.011653650638552877
0.00043958214115531703 0.0036930587063815383 0.0066405271096131747 -0.49608162169398701 -0.50229637460519372 0.0057961916127663889 0.0039079381915636969 -0.49698177871866328 -0.50443528798659198 0.00060530966280991161 -0.0069545523357139255
0.49901048171607809 0.018552421573204254 0.50908149684208637 -0.0012014428517985363 -0.0024116932033891548 0.50615451528300215 0.0046091879868395205 0.0003435175146685839 -0.010774799046023555 0.48478407146733393 0.011299045657330477
0.50097301853827958 0.0045205160375362029 0.49595267663116732 0.005089673935146948 -0.0021587621131380764 0.4955424320831715 0.005090011670654291 -0.00018684538226107356 0.0011985289544216757 -0.50734719371942982 -0.0038885174049298563
0.48978793235924284 0.0094132743595562417 0.5153244458627888 0.013558576445966345 -0.0071951921942637141 -0.49450671489710252 -0.0016985942748359993 -0.0011992619032992033 0.0044398282479020416 0.49934894387417544 -0.017719676584886799
0.49490776193782032 0.0093320568214454117 0.4957630907715081 0.0087043008059547369 -0.0092399449251423689 -0.49672734450498046 0.001394452577605527 0.0011540491981505384 0.023223963959694637 -0.51160953006210697 -0.003470075537624716
0.49230880831054608 0.0042433648111696847 -0.49546006633037587 0.011299329632215438 -0.0078611196640333593 0.51486441064988031 -0.0037520557936173374 -0.0013959339441808249 0.015426828210738801 0.49659156224512119 0.0011520002265990074
0.49432409463566079 0.0056500357713685006 -0.49619187583486929 0.011377722539600657 -0.0059277395372170387 0.49543446520939449 0.0050468133426562513 -0.00083781213630287877 -0.0031095353049284589 -0.51263931607179902 -0.030831462564990697
0.46542240620450487 0.035163636629841372 -0.44266811076188933 -0.0065759937716475441 0.0021165421620714213 -0.44410003081438987 -0.0051260295794362696 0.0010266839182658666 -0.15010904081385285 0.58324252342791949 0.16182085722916972
0.4919045338769249 0.0011173450871155377 -0.49633245944928317 0.006155492318807335 -0.00089508166413734738 -0.49664480650073084 0.0045549136820318258 -0.00069966170647183814 -0.0056451860160647007 -0.51471827772927725 7.3405604283386235e-05
-0.5010122243451911 -0.013824577346662136 0.50621100917964534 -0.00073792466888296024 0.0012933451211683208 0.50261093022554248 0.0025940839381548169 0.0013401330250027079 -0.012391545132351755 0.48938688606560626 0.016262901796105473
-0.49749913403806556 0.001463621473757515 0.49862098391853643 3.2709338096472227e-05 0.0058279344172760704 0.49985322866744536 0.0046041645516478966 0.00028553995639865034 -0.0051143668758455501 -0.50391914434585316 0.00065352111059665608
-0.50544864705330317 0.0059339346593114224 0.51331896559941115 0.0044114483134357445 0.0011714098085758371 -0.48952228700368827 0.0035334409282979928 -0.00070093885267395609 -0.0029016032583601241 0.49123593386831316 -0.0017470180022856297
-0.49731911210897622 0.0029966967078644546 0.50502668399420059 -0.00074612852103939521 -0.00034866863556620459 -0.49565433531332953 0.0039859583125077527 0.0019360118052877602 0.0053292690471394445 -0.5018399068493451 -0.006895025801325597
-0.50437807660763445 0.0061377257840906242 -0.48566790368956914 0.00043625821603409548 -0.0044984311096639765 0.51648353263231439 0.019652522272189429 -0.0017475476006465636 0.0036770408602923208 0.49245074348539619 0.002361113814347472
-0.49768069036626411 0.0013310961933771725 -0.49369653940855801 -0.00021531315448829725 0.0069601469650484096 0.50833552214965427 0.0084627024316546347 -0.00090905562912492195 0.010239118991374731 -0.49977093466180905 -0.013195533553616207
-0.49607491619486682 0.016772187834907502 -0.50196659458106185 0.00082439975243511028 -0.00098626522947522946 -0.50656807129090731 0.0052184057170219979 0.00071589145156628173 0.013103903755267557 0.49481693284587297 -0.0013387954704668255
-0.50586730895862431 0.0043106816095039207 -0.48718902493849403 0.0031005040178111987 0.0029683773637182815 -0.48386522626119305 0.00075720592010892031 0.0011416136837293298 0.0025459989050623977 -0.52182016937166076 -0.016670580081854663
0.49275499851897786 0.003362081570558582 0.0069096195751707761 0.50539211051092769 -0.004030310345715318 0.012430525271754438 -0.0049479571548985985 0.50687014697685084 -0.0022015189737288601 0.49455495912170278 0.0031993466044526807
0.49376699933479024 0.004616677704060203 0.001743817692982125 0.50353333020380875 0.0027653974010112456 0.0027023556011834073 0.00047868832910204098 0.49980742681576995 0.016348367790334703 -0.50252372296544545 0.001994157679787687
0.50303294882360228 0.0020800439614253575 0.01110190444430921 0.49774101026437029 -0.0030064083019698861 0.016475691409498065 -0.0071831257342623092 -0.50435661339719862 0.0034614874199756667 0.49425340153398672 0.0088360477297988287
0.49444877515128166 0.00030430762662953962 0.0031727059329211666 0.50230975999399785 0.0030693241747790172 0.0012234460525196774 -0.0033614711640176684 -0.50022843225584535 0.02332022551065565 -0.50216702644498223 -0.015129383231886367
0.49586861725343745 0.0055183195062460666 0.012723475695677345 -0.50299605802187985 -0.0060171964615835585 0.020953283500227925 0.0054720756048153548 0.50732105993335386 -0.0043860225113708431 0.49295347025430525 -0.0038382441825442043
0.49232131334527701 0.0051805390412425897 0.010295964614721351 -0.49431960082340626 0.002697629609028872 0.002266617318729154 -0.012681854013865825 0.51350100304671009 0.01419089438149679 -0.49902164685676742 -0.0073825449469693896
0.49423722931876296 0.004641795048310529 0.016373745213829994 -0.50297531355358016 -0.0043243915056503822 0.018364199478975014 -0.0013831893424097394 -0.50610917632378538 -0.0067279991551655524 0.49588230523204563 -0.0026204858743576458
0.49617933265689917 0.0049692832922384397 0.0014288292684837064 -0.49475849917912967 -0.0058065680563118326 0.0072455241827634187 0.0029188644919245399 -0.50337866987549074 0.0014717668612439215 -0.5054479233260557 -0.0053641218778169141
-0.50345689457813325 0.01512743643910185 0.0017411284889465438 0.50115673546155648 0.0011073415153975668 0.01764494019303809 0.00052591234696483839 0.49578411664571742 -0.0018413956245832185 0.4989634043740232 0.0076553430781354263
-0.49911403618070621 -0.0010605669329266068 0.0043285979551903695 0.50267759110712973 -0.006970243613751698 0.011225085730129793 0.0019769324377125891 0.4992947329707012 0.0084225672978542766 -0.49853236397810446 -0.010068449252294652
-0.50083665266419441 0.017193320825677764 -0.00081315454005610732 0.50621422579306175 0.00022361506265983466 0.020083408730423202 0.0015199914876093356 -0.49917212140903372 -0.0011674252793247024 0.49298102314726999 0.0018360039151172514
-0.49801188454728551 -0.0026451237723602947 0.0051023811672581175 0.50091740734523116 -0.0050657004175318071 0.0077083780459367797 0.0033295665097943235 -0.50141362200524675 0.014775038644241394 -0.49893551305319195 -0.019134998925322683
-0.5028463363139134 0.016111532636801883 -0.0030406049162681583 -0.49804722940118917 -0.010008568915821484 0.014578450757385304 0.0055619586645811953 0.49977578965599556 -0.0023535805242188767 0.49867297318782855 0.0050932368243626182
-0.50150718953659856 -0.0035898189026544805 -0.001809074324459103 -0.50037375789500227 0.004722347269391719 0.014196812070580286 0.0047734735978501482 0.49859533230459285 0.0012051862310971612 -0.49913108387701216 -0.011101750067498936
-0.49791201523054979 0.017901685960409957 -0.0073577852453857338 -0.50186886800683994 -0.0094052335197911119 0.01184459038279974 0.0056393166876011298 -0.50078881860757529 0.0022503252005590378 0.4987345599525127 0.006740647011705527
-0.50304489011136455 -0.0053982094676169792 -9.5415747793660389e-05 -0.49906664502343101 0.004725926213143032 0.011679153066649422 -0.00055713189794311091 -0.49847815076852797 0.002344230188827671 -0.49903877950895054 -0.012824177744795114
0.49664224074871216 -0.0069260660854419164 0.010649282200320754 0.0079505084306450719 0.50758026222016772 0.0093491026479068616 0.50432104179644632 -0.0022400959476710186 0.0047651179217133082 0.49087912407793738 0.008186340350643086
0.49497597603632304 0.0023943833869129938 -0.0019914104330248793 0.0049436479562500208 0.49527386831222586 0.0089362518106147846 0.50758210883199051 -0.01656380979395276 -0.00053595113395173242 -0.5013270596932573 -0.018588126574606949
0.49337987814918483 0.005283503914007716 0.023964074528660954 0.00032354535892935245 0.50223312033624556 0.0099843660138344698 -0.50750703203130898 0.0038659006897733515 0.01035241736065292 0.4958708384335927 0.0079253039990464843
0.49855582204014837 0.002944274462877892 0.0058758149355678767 0.0042356469192950273 0.49237089265054806 -0.006685032573471375 -0.50134144739419417 0.0059318948881121091 -0.0026344616058433896 -0.50745830392863256 -0.0028048521217440767
0.4968348700569179 0.0099257437701096227 0.016461119786737036 -0.0013041058298082352 -0.50547495513357021 0.0058680345878894535 0.50380675242203909 -0.001891766726694274 -0.0039183355405473441 0.49331993682861808 0.0063104880070764327
0.491873905736947 0.0053185044586365367 0.0016427871616226046 -0.0013967235996970124 -0.50195118181714404 0.00096459026845080573 0.50133491658990692 -0.0029537085308782999 0.0036684703107798368 -0.50449953814571891 -0.013875905986983858
0.5011085576405061 0.0085188253085993759 0.023867288346393505 0.0012358139177937695 -0.50200508706155023 0.013155195304807061 -0.50215433552806699 -8.2426388290200448e-05 -0.0079475369259078242 0.49379648093305567 -0.0026814879786527055
0.49333996039770051 0.0090927546970085271 0.0021364163417851734 -0.0027246281468029624 -0.50103665376224249 0.0047656321054841419 -0.49562478799891019 0.0021239701180390991 0.0071638514321403033 -0.50870781069467153 -0.031259855945397291
-0.49866263950229989 0.011095544476307626 0.014160032991287036 0.0086140909225442836 0.49725590431601469 0.00067227834496089904 0.50286560625379506 0.0022009642096021981 0.0045562972722583217 0.50065444756759447 0.01093469317499989
-0.4972409414909521 -0.00183259948778807 0.00086132078409722665 -0.0040098271422919132 0.5055768014360793 0.0091838723632477019 0.50120680462166456 0.0033343689917629486 0.0041230704442281928 -0.49563933000588473 -0.012012379488697668
-0.50066909042172014 0.020806262395268376 0.017140566999949099 0.0047917293435068642 0.4993169845916533 -0.0012708207082993924 -0.49861772720658254 0.005064919875353977 -0.002937050908269468 0.50060503174690396 -0.0015556898513038866
-0.49860094989078457 0.0038618677708570008 0.0074994109745537968 0.0068054557413432474 0.50534678584223991 0.0066698346773356627 -0.49618043047621924 0.001033834025804745 0.0013705754360820097 -0.49929915280394449 -0.019030287141490545
-0.49651874352833653 0.0086975049684706058 0.01905118102451404 0.0033520967641161165 -0.50502902759185908 0.00795890492841669 0.49889070257471907 0.0021735757945092302 -0.0054680405216418855 0.49885575801819598 0.010863677135112977
-0.50237679452918649 0.00088659707116796652 0.0085230798084279958 0.0067379889560426785 -0.49812726571139576 0.0045293927754853644 0.50006146841688159 -0.00055847529641597001 0.00096860739877455441 -0.49917529804656996 -0.010427759371741892
-0.5023755884974237 0.02567029966614251 0.020917859490702177 0.0014320174772555426 -0.50637759930811432 -0.0022753702896353553 -0.49376674874655196 0.0030216007427703545 -0.00053209721219888719 0.49626746231671254 -0.0005799704159722205
-0.49915648083142533 0.0043713979882647105 0.011175254334904362 0.0028649695096582936 -0.50026227478679119 0.0061709585444883986 -0.49235727371373395 0.00073705015442132582 0.0051736281015361653 -0.50724903464440507 -0.025408700527512918
0.0010323814976331224 0.50689580252292554 0.50481143298360309 0.0010770775758496957 -0.001783193119130895 0.002631816964413179 0.49976834629842853 0.00021090674956388377 -0.013930227725127078 0.48786081275135473 0.015461631911807988
-0.0021490581262394079 0.49725615083270314 0.49694110798867985 0.0074914153693615487 0.0017691236979115877 0.0025325975299081449 0.50124157955979465 0.00050332243254553927 -0.0049562126836096209 -0.50442679528905254 -0.0011143532815372319
0.0023072572353072984 0.51053877822103166 0.5092002963868234 -0.0085560668612262112 -0.00011048624643692216 0.0078544806605363223 -0.4938870593028592 0.0010926921006061178 -0.014444270263998908 0.4854065011830308 0.013086238777531888
-0.0017400099334227729 0.50110801901042834 0.50047632670430042 0.0059091216376321431 0.00064066030114279498 0.006096802373647776 -0.49131256900844889 -0.00068505135452884671 -0.0080430378557124881 -0.50683488464531401 -0.0019678368061940743
-0.019306045675833893 0.51128879345622869 -0.48927355251954574 0.0068513347894044686 -0.0044331201906756225 0.0074129085293600308 0.50491607442536079 -0.0010617297456901567 0.0091151708050906197 0.49357583281095951 0.0077028552138918094
-0.0050436121112240528 0.50390629998777325 -0.49552780563047566 -0.00088641121168872778 0.0059003482451996615 0.0024297555742832421 0.4985115287015161 0.0015301165316023351 0.0018292870895180321 -0.50190579176847527 -0.0059023303219212005
-0.017809522903621748 0.50634770013462382 -0.49553093014806104 0.0032891637894064867 -0.0048179708370398961 0.025291097615653943 -0.50234144777905076 0.0051341869762062719 0.014417378821706146 0.49441999925400054 0.0061617498992717892
6.1752561702668334e-05 0.50749446444499369 -0.49189772366984585 -0.00038101135454427914 0.0087722324512644664 0.0060095363224461715 -0.49388272873056566 -0.00030178345997537411 -0.0096053339827623357 -0.50599988870897639 -0.01801088026913775
0.0022634627400769576 -0.48932293147765565 0.50645327432042697 0.0070786765178366857 -0.0043236027147017762 0.0034139199067741485 0.50904496679316302 0.0007727052290779433 -0.007272027675786258 0.49460587779161563 0.012935931450503797
0.00090907038529419151 -0.49526906104598972 0.50087347343470157 0.0027499713411979921 -0.0004106879805182751 0.0071664857509401133 0.5018557795669234 0.0009737686614807459 -0.00093618893261160244 -0.50190531738251365 0.0020997784199302998
-0.0059611652515668585 -0.49350963490453797 0.50681179842055024 0.016722598614681578 -0.010235649115575113 -0.005942344844956377 -0.49822070458082102 -0.0010646863995749855 -0.0048918495853131497 0.50063274603307628 0.015896535607997385
0.0013425763817564373 -0.49110369090725153 0.50960880155650146 0.00089074184841433262 0.00049775664606659055 0.0018112825897399799 -0.49050915211574281 0.0011929635280853619 0.012580218557951401 -0.50816843498426867 0.010762807725223299
-0.0041254923336437078 -0.47902408461743545 -0.50007205735307969 0.019652104164799917 -0.022609614905826955 0.0070492961037880702 0.50473238502752227 0.0041831870825488806 -0.026707180794133114 0.5110770178652666 0.053051676867703318
-0.0052231768814636698 -0.49203216162242286 -0.49142914598104381 -0.00057028156856481931 -0.0040777230465431956 0.0028431797435418821 0.50086470207009515 -0.00042404816021252831 -0.016092175219194788 -0.51488384748375904 0.010929959553247361
-0.044853496855804149 -0.48595036328057495 -0.47814689898077989 0.035405295494070219 -0.0089886348416118571 0.0093097851194026675 -0.48676413569312726 0.0046320574189745211 -0.090446855373243595 0.52873510288283176 0.084218324713821652
-0.0044762627264257823 -0.49072497888972338 -0.48920462722042407 -0.0016470353960035952 -0.0068131131249163732 0.0081172605614787691 -0.49558803009852137 0.001108208218938837 -0.00025380003613156783 -0.52348491079202253 0.0093557347631990726
0.0095823299720341568 0.50378488309410085 0.0062481385718938954 0.49356434627483914 0.49566734159585318 -0.00349648298797123 0.0038183758235352683 -0.0031884257912660769 -0.010750010866011061 0.50658214955583025 0.00021310955121368262
-0.0041180513834090451 0.49835201486366448 0.0021783945525599251 0.50334178299277443 0.49833293687821817 -0.0015287650453701504 0.0033027082398666089 -0.0016366027528577462 0.00023452505325055381 -0.49991092934686771 -0.0028254719934271812
0.011995210321032001 0.5094681755065138 0.0087261197757430055 0.49434679261261738 -0.49668331343428634 0.0071374132267045896 -0.0008530428871891863 0.0020076951859238096 -0.011274321839596245 0.49875200125167252 0.014584663981281533
0.0037960406359820397 0.50245244973758818 -0.00070066834390565351 0.49986424462532858 -0.49501719786765991 0.0037509887512312884 0.0029657702982080888 -0.00053733451728822234 -0.0031245839155802833 -0.50257525434174477 -0.0023541267353229104
0.014015045517548468 0.51212694155385297 0.0024309421604746797 -0.49879983117251858 0.49358000807988472 0.0024664273417457075 0.00013732929653155905 0.0032455738720858838 -0.0079812830939148989 0.49486918157123017 0.011194872864236143
0.0045789400917059632 0.50293621284665246 0.010016940110797972 -0.49489398809329199 0.49957194280375156 0.0097861112803905269 0.0034721604243353587 0.00072865026614887568 -0.0033016642994834595 -0.50231104453379716 0.0024562750916560833
0.0054544855349651046 0.50628924890311111 0.0082494938360583147 -0.49817611099800818 -0.49888974614714798 0.010670864687743429 0.0022355740453170545 0.002498191552779667 -0.005476096310254531 0.49603009821675276 0.017378792564639346
-0.001012676785633232 0.50286378400475273 0.0017833782711653887 -0.49878834580150622 -0.49599101880036045 0.0045438516831120832 0.0042771507239980078 0.00047504157282439501 -0.0067941311417688312 -0.50222942152863081 -0.0026806357798452194
-0.0087461509265096792 -0.49701187093882909 0.016805552793709454 0.50410009552043233 0.49593472207749106 0.0016897111635166781 0.011615976724115599 0.013049909197408673 0.012486562277660741 0.50176300239000526 0.017944708002293308
-0.0072943723753960245 -0.49308219116319585 0.0078998238548542345 0.50035554032395568 0.49432633953462979 0.0034975441302978272 0.0042444171849639074 0.0012165813824916683 0.044022827564163355 -0.50986463508583058 0.010414296012422445
0.010674170321058135 -0.48953798497096285 0.0092339791817856436 0.50668203506169096 -0.51479000765982519 0.003341900741399556 0.012780562266234245 0.0038423302871648862 0.0016854761392744327 0.48808265248808264 0.001062676939053297
0.0027930795364264228 -0.49363038477688048 0.0046658455117401061 0.49767478661122605 -0.50003691671773909 0.00472393425608393 0.0036081798495364143 -0.0025353023116312335 0.024616439845675801 -0.50765824835949558 -0.014755744497633236
-0.0081992455824595536 -0.4733241179893139 0.016355361030968654 -0.48164044821491941 0.4771287878536476 0.0076272073458703259 -0.0021062382505127974 0.00093761841353752983 -0.081057080782332605 0.55082798932416832 0.077168247900868042
0.0087098007810211889 -0.48834778600447748 0.0058460876518850752 -0.49304419496279911 0.49178515700642561 0.0038647865163391193 0.0024977874699148124 6.6799190731008632e-05 -0.03403473952304012 -0.52351131339962931 0.034893336967071406
0.0023185876593797882 -0.48870825273748075 0.0086762766127787914 -0.49860082488799073 -0.50951278917886966 0.0097370150696649595 -7.7509151927746838e-05 0.0017477491329005042 -0.0078377950156376091 0.50268416708106523 0.0051819112312471152
-0.006579970016969007 -0.48910962466273072 0.0076345397385362496 -0.49754777406374961 -0.50044762539992882 0.0078406635214568945 0.0059569766102678008 0.00020551351202718998 -0.0099298038165686227 -0.51113567373077784 -0.034832425137682185
0.0011373467870695688 0.50735381928569223 0.0094679507777851273 0.00074000161200790215 -0.00014152218837707519 0.50499002223814382 0.0024104950479347711 0.4991108727566051 -0.013863620261817672 0.48777848462290196 0.015752853632459953
-0.00082784086829351526 0.49804399601375754 0.002862534981829271 0.0050448561941829322 0.0012253962931696386 0.50082913166406984 0.0043775593616363507 0.4963985268266789 -0.006203854619505394 -0.50459049084813801 0.002411552606689803
0.0018354216977342281 0.50816180828497526 0.0090874549194801257 0.00047089079513175787 0.0081223352024454888 0.50510032375040914 0.003649378668411269 -0.49824173813190664 -0.013628703991643678 0.48767883517148813 0.014783756041407583
-0.0021758208280024216 0.49816747118585974 0.0024774353572457495 0.0057861968371919342 0.0032443786164687133 0.50006709210325984 0.0055565157783548898 -0.49694756176768601 -0.0045588068517709406 -0.50466791195039606 0.002992993865224218
-0.021124014416168974 0.50901889445493342 0.018531055892938797 0.00325458483907656 -0.0049386040075976223 -0.49350080298398274 -0.001280830875520744 0.50189015949772553 -0.0062164269056317074 0.49448597375954373 -0.0090399920176852441
-0.0063170307859112713 0.50351863191953927 0.0026959175871566271 -0.00099001640774339875 0.0061595687424606744 -0.49165606784537685 0.001141847726082482 0.49688942043884754 0.0011676531086191951 -0.50767846943899531 0.0042442061146964168
-0.018857713703347646 0.50630994273885999 0.018349290168201495 0.0063301938805287537 -0.0088155275611964228 -0.49595106972232622 0.0042910469172719708 -0.50354300177256384 -0.0064087723441733037 0.49309690559762909 -0.010634154306949055
-0.0054575872943095566 0.50234472119452256 0.0016548682785245401 -0.004309682898295847 0.0013174733131158152 -0.4923639411558911 0.0028424943772593705 -0.49564636385236005 0.0044709523489128069 -0.50928807931627784 0.010342275562295226
-0.00089632225870844872 -0.49030119618053075 0.00094789404395961244 0.0027000161815412425 -0.0074992303031613623 0.50729856200619139 0.0054709125210871063 0.50389560307671422 -0.0091496907252352835 0.49807022690605512 0.0094497680757280097
0.0022360529781785938 -0.49448736448890979 0.0075666674216252486 0.0027273607942428844 0.00055194533675115829 0.50107608784224189 0.0016576107378010927 0.49859086598594393 -0.010333363454403747 -0.50559309601020097 -0.0028716846529180276
-0.00093661328512321008 -0.49168474264489426 0.00093523290134132594 0.0014476129951727004 -0.017943463670748141 0.50670080603542034 0.0023664358095677371 -0.4996222814192931 -0.015165599963389932 0.50116630348213609 0.012202801281182622
0.0017314109076037882 -0.494156012131791 0.0028520020670775282 -0.00080055942478877192 -0.0033149720602864119 0.50449573557261895 0.0050554242609201962 -0.49388160355394711 -0.013336299722364581 -0.50690149853283173 -0.014126042608647905
-0.022163318603388518 -0.48329162682903248 0.0071722749879938406 0.0074732485331597117 -0.022556298066901535 -0.48798602061705781 0.017515051160478662 0.49850087926925585 -0.04918793355651474 0.52259844765859997 0.053414070440488681
-0.0036013302550876101 -0.48887676588861134 0.0034350731813267096 0.0047728883008597454 0.00027239663688358775 -0.49185232408600227 0.0047791390557639932 0.49882327582781844 -0.0046124233677385827 -0.51947250041838755 0.017683927094890455
-0.026874723211491584 -0.48440951185798137 0.0046856637888264621 0.0094247605556516314 -0.025489481533537407 -0.48259317406147212 0.018201521896376898 -0.49781436782029331 -0.056668879315638021 0.52430870894811576 0.068608183390737251
-0.0027460898042306037 -0.49234971984735026 0.0080943507461082326 0.0056069196099500784 -0.0019906840957172166 -0.49585618737981846 0.0096778849930265563 -0.49592132942975747 -0.0049114302740866879 -0.51530618443325493 0.0037044035521826687
-0.0011226730026126759 0.01306214131018912 0.5091482458385137 0.0086128104374576259 0.49273593070459332 0.0066963544954364296 -0.0011511466888703466 0.50267028288792526 -0.0075259389079061073 0.49487463026258377 0.0072240489687788872
-0.0033578017502438086 0.0043079746795500959 0.50199856107116514 0.0041374589414025489 0.50107565547500887 -0.00011182425639754318 0.0039199145228896917 0.49602921315217841 -0.003602834344846343 -0.50078523656993457 -0.0038063120238321746
0.00487993736240317 0.012209985361538235 0.5096174567396704 0.0053230083989409425 0.49258666222947639 0.0012937224129146161 -0.0059047031476366198 -0.50457423467189877 -0.0093398031867043679 0.49257084184481231 0.010111000902944029
0.0018078425976437041 0.0048335960198954992 0.49809379094879541 0.0045350105879073009 0.50219258374819609 -0.0026614818516906978 -0.0017799624206921599 -0.49845037177252549 -0.0015786260074277909 -0.50113179082599146 -0.0077069625419881171
0.0034882866693795121 0.016433285784877981 0.51030481141482209 -0.00028708445231349374 -0.49976144611867263 0.011304203815351173 0.00074771654999866515 0.49773026191715269 -0.00928322654474119 0.49139255299806928 0.011340890974733366
-0.003079576845992707 0.0020188585312899861 0.50296247983314146 0.0022863612289659961 -0.4967189256735165 0.0051696243958961182 0.0071512021081256661 0.49780424352894403 -0.0045323129259670679 -0.50236407949218331 -0.0017680268543238879
0.00037004063902225642 0.015518767530690449 0.51111460871359571 -0.002906427135365635 -0.5003585175020191 0.012896512859788111 -0.00010661846781901032 -0.49485870642168278 -0.0097657567835460722 0.49284559369129938 0.010496397907083234
-0.002574151534391088 0.0013949020966020141 0.50426606526285012 0.0021397820562033478 -0.49623059879867043 0.0048970105251584456 0.0068592762011682167 -0.49689273125630573 -0.0017326935213314769 -0.50246637835848929 -0.0029828174655147201
-0.0014285664692892015 0.0083815893878415541 -0.49394777196314876 0.0051727361725054741 0.49182012297546346 0.015676006063508052 0.0069784020928145007 0.50590742446414338 -0.0049684952952567417 0.50752670838609149 -0.013590919989919674
-0.0024030241223966975 0.0020959558484869847 -0.48984049346189695 0.0069987036253238042 0.50235773173636089 0.0065036538109020468 -0.0037032639144535056 0.49743737732575849 -0.00090887919238118013 -0.50901453295269417 0.032206739445964284
-0.0094761567839362817 0.0017421982266383094 -0.49630823271669333 0.0035855714957433366 0.4948712580480093 0.012531888016617303 0.0044906751919780736 -0.4936231550350057 0.0044477818337716971 0.51440138693247828 -0.014327727023338011
-0.011069889866634236 0.012400677013359895 -0.49366427936593987 -0.0030883973531330993 0.50681008779710224 0.0014387227318427942 -0.00057212164745537618 -0.49722693405930174 -0.00087114915309427238 -0.50107660341557858 0.028943291853366176
0.0048452038330821755 0.010018587569718868 -0.48772076513171875 0.00021125260756905368 -0.51369263489402206 0.012040649039558074 -0.0085947311677719435 0.49665488060908802 -0.0038258103592645246 0.50108277097972931 0.011871904928476338
-0.0061368129439452728 0.0032172775161339751 -0.48923725644655147 -0.00031513348390827916 -0.5054775627018353 0.0099210960443992333 0.0019045165064821817 0.49568739228261094 -0.010881273618221415 -0.50863143222555607 0.021420730418692562
0.0015444154887051954 0.017281104307291489 -0.49137165308524705 -0.00027848221908953729 -0.50914061215340156 0.013275466505127502 -0.0033232554120604797 -0.4958719477418202 -0.0055139393962143207 0.50277225605915477 0.011917242864731767
-0.0053164826692690239 0.0032445769350738524 -0.48750747191786298 -0.0013003106429350241 -0.50531869028810039 0.0096713383019244401 -0.0010298613949555199 -0.49681751112711753 -0.019230570405719644 -0.508690024264284 0.029856533771197159
0.0051421389823793854 0.014408231391116074 0.011868527279376626 0.50026566792263039 -0.00018520881052088833 0.50286568064846127 0.49687555292833052 0.0011782329442455068 -0.0032719242189841059 0.49937925657635474 0.014435478485762597
-0.0041072771688461657 -0.001004381685612411 0.0021299195296025073 0.50175015248804322 -0.002079619878215519 0.50024104773359579 0.50182747485873824 -0.0017512029207997406 0.00014118480749355361 -0.49612668010735039 -0.0018316315155445721
0.0011181270709673787 0.019101737233950446 0.022955619718035 0.49937159349456556 0.0059194533410751298 0.50688366624217696 -0.49558168993972584 -0.00070261644348954314 -0.0065492692155959082 0.4970389803709015 0.0087457144250692471
-0.001857235562718777 0.00019649327969322266 0.0069984939003158138 0.50046851425313499 0.0013245607381122452 0.50327091396855728 -0.49271210109188096 -0.0024578739060576635 0.0017389240629994067 -0.50337817014062103 -0.0056187494530175715
-0.0019103904298981092 0.012937001894575769 0.0088825870660492971 0.50367003497822693 -0.010117038456158295 -0.48949146199450794 0.50581648868581297 -0.00037293207232441504 -0.0085989753536716822 0.50043690302804489 0.0009156831202646133
-0.00029273765706461653 0.00085912989977635578 0.0048071807768488573 0.50919720867495288 -0.0029828657298769132 -0.49219421012499515 0.49872661146908287 0.0028333416776506874 -0.011962000948086009 -0.49948815162309196 -0.007903672028481263
-0.0045692147566809031 0.014814664541580428 0.009747123228851802 0.50636698242703571 -0.0059981441851828486 -0.49873258794985448 -0.49490378983692485 0.0081297020393117335 -0.0093833565620280255 0.49939893161667731 -0.0019378184264675915
-0.010999534032703496 -0.00053784728999341485 0.010663634186771742 0.50372072063980944 -0.0028055114667261613 -0.4879379387225925 -0.49277139873206949 -0.0001139017273285979 -0.037683894147021814 -0.51288518010930817 0.025380943641844438
0.0051189279330821425 0.013321741291571574 0.010382158580820639 -0.4935490466108034 -0.0034492780557983452 0.50491392003536506 0.50461844027410108 -0.0032104320078987147 -0.005292888093250279 0.49632330893338783 0.011532311158736343
-0.0015612601807335833 0.0063807600735931143 0.0040452247800215934 -0.49698616226213532 -0.00033850844106778923 0.49931392092749588 0.50248291093978081 -0.0033337944679981725 -0.0016154102579440713 -0.5011252438502195 0.0011930120269711888
0.0050136642693065434 0.01380812407498315 0.011194913701560538 -0.49297897764575638 -0.0079848526684061383 0.51344109904605217 -0.49662396233785411 -0.0011270680990117105 -0.010291197390038444 0.49595766076501469 0.015117541435477711
0.0027029709684067461 0.006980157856375231 0.0056640797447120887 -0.49707292650995799 -0.0011644837303618298 0.50452217431573398 -0.48998086283841091 -0.0014456251419054987 0.0023044755535685684 -0.50802009677291937 -0.010646584636094268
-0.0032515436287463401 0.0086937323780726609 0.014148769046559918 -0.49212979645338534 -0.013205650799093334 -0.4987672708554885 0.50298410849761044 -0.0016175715079539395 0.020160162683633825 0.50510265567204526 0.0069273157732826565
-0.0091928895681434534 0.0046979092320808156 0.0045399546064467814 -0.49666957609012735 -0.0076694504230388257 -0.49301771035485581 0.50505532740960146 -0.003747070948883287 -0.018722018057254076 -0.50453681728466648 -0.008001249535578939
-0.013497259635670387 -0.0032969331262078655 0.017907470402644933 -0.49029123276782949 -0.0077592556354000933 -0.50701612113664218 -0.49877984411173332 -0.00071937031398255663 0.0053714183230619472 0.50302991230214678 -0.011199797200244123
-0.019536895423196449 0.014539747329732788 0.0040004724133376303 -0.50187023062824498 0.0041790380092463142 -0.48697045159886637 -0.49962320476165667 0.003151322727945174 -0.026626260244142979 -0.50972156101034216 0.014183904282448258
0.49854098606372116 0.0048163351823753515 0.5000430809087989 0.0042743138632365691 -0.0033006698383655237 0.0041680421581727555 0.50106629551197124 0.0028073290517435317 0.002975610703609874 -0.012561864999797948 0.50010208988127292
0.4940569520165865 0.010619723337246664 0.50481883490749846 0.0089562798660819953 0.00059230187320118892 0.0095185614487093076 0.50458536029816425 0.0026159843518265237 -0.018045170793481002 0.0038012789936887463 -0.49581086884823711
0.50089937648592675 0.005443936723399101 0.50345434934057376 0.0028729639881210269 0.00016839403122087532 0.0061559781193859051 -0.49208855911260524 -0.00021590777603339409 0.0059721904517966015 -0.011664020924544095 0.5032244080975995
0.49434239447827449 0.0070149239124388451 0.51018272190198688 0.0051008921987578341 0.0066970930769478304 0.010204107473255522 -0.50055464135845062 0.001519771926871946 -0.017930111074225132 -0.0044348851187231532 -0.49418272773245614
0.49709133239804382 0.0081577810857230443 -0.49216865947199545 0.0068134974152015458 -0.0085295640193032499 0.0032313453285383867 0.49660031419635992 -0.0024894317275171948 0.0052576600831030895 -0.034658440106708502 0.5124715893623627
0.49722965850828066 0.0077507735232981087 -0.4982823344146729 0.0056203385718883213 -0.0015763626904049409 0.011489781192943355 0.50558882022964591 -0.00082359102060921522 -0.0079333586631693941 0.023654658156908211 -0.49800402081445483
0.50477568919801863 0.0019020740400075718 -0.4885318596821705 -0.00048171060202960243 -0.017900990569598943 0.018320795088408903 -0.50102476124877848 -0.0013108674060262641 -0.0041905306252964028 -0.034955552215088406 0.50359825040205253
0.50003130819292763 0.014194908572956959 -0.49790945012374382 0.0038429531680406184 -0.013819441190370053 0.0057661303747651247 -0.49224120579368547 0.009151262239390506 -1.653692222348426e-05 0.019804778470038552 -0.50876025942094671
-0.50092073063278209 0.0023571914799911287 0.50073649150927602 0.0034674871453989281 -0.00075034750933452795 -0.0005761372260163596 0.50008993045348915 0.00169270210702075 0.0084541440931570153 -0.01230948663668581 0.49800312561672799
-0.49858308251072397 0.0092832064037030506 0.50376361220149601 -0.00098898672231220752 0.0076182457693370299 0.015410167876523048 0.50026850171208737 0.0015269562738762278 -0.010905506088672499 0.0032592837323554983 -0.49684404746674071
-0.4956288775355096 0.0064637534385408616 0.50644747411533608 0.0045452501787630294 0.0012856918334265615 0.0002744930883231808 -0.49610783762308747 0.0014519247216257696 0.0073185681166791049 -0.0084469640264321546 0.50154640531105732
-0.49803075831332277 0.018068471754886198 0.50907155193584563 -0.0057627046405257058 0.0033735895458234717 0.017858610260094578 -0.4929028271139273 0.00035868647142372117 -0.014704485778950347 0.0013275961764877533 -0.49894911487424409
-0.50881689442040334 0.0080600216178044418 -0.49162143756891996 -0.0054748868662402939 -0.00087958280155396064 -0.00033179844947557781 0.49545881659040647 0.0021247357298944461 0.0010669769593534559 -0.026120646211730977 0.50314066417535097
-0.5013051920453202 0.007353487309777737 -0.48864569231135596 0.0020356005181902496 -0.0025132806972753903 0.013745916739046493 0.5086031875758924 -0.0043240097101571468 0.00065819653562511013 0.0025116304829375705 -0.50096144220820127
-0.50827104247425081 0.016509764949838919 -0.48472481471708556 -0.0036932071624797926 -0.0062817141008168235 0.0043916829094118297 -0.49654457749067865 0.0018884896685600525 -0.020921511971176927 -0.048064765618705797 0.50700042136589407
-0.51180097959556392 0.012922259285931504 -0.49781885129918446 0.001141485782557699 -0.0024071462905428422 0.01442196725093591 -0.48763556728381086 -0.0044503202938156235 -0.0041923272550052661 0.0058048621732373282 -0.50199058700846277
0.49504842464740423 0.005093964786815155 0.0066615797917446914 0.50049125796425675 0.0057974526377505371 0.50164075384191098 0.0031243040181050835 -0.0028264177753827826 0.0081738528955950986 -0.013486050387914532 0.50241590452679508
0.4989266528150702 0.0043497817029557809 0.010367086889865535 0.50052521895522606 0.0058599415090560686 0.50158208924419889 -0.0022298084352910014 0.0004342696928136111 -0.022902069501145136 0.0072442589481907169 -0.49821604483707171
0.49510016979426358 0.0074862351498762442 0.0090039287229309525 0.50035783263007638 -0.0088895450789061529 -0.4923335488183081 0.0012109900004743258 0.0022144026712651041 0.041021802294647858 -0.018826654706928486 0.50977033865809696
0.49899669333202873 0.0036016628249903272 0.0058162080738480542 0.50727606318044016 0.0028008287570473684 -0.49112550406693262 -0.00076084961402664211 0.0032789434914712971 -0.015197310493856555 0.0021323124228724453 -0.50216287672885196
0.49731612322518903 0.011131736606992789 0.010085592195435852 -0.49425193348182123 0.0095644596995778791 0.5040380586540828 0.0045393915182807458 0.0017335838837306502 -0.0018526283681365061 -0.015556428479387999 0.50373720882168849
0.50138241074723544 0.0046583441372960678 0.0067626111701468436 -0.49194120027918348 0.0077274613996065654 0.51076089695241189 0.0043324942583498035 -0.0026733352884852134 -0.017646559573364917 -0.00020919888855617055 -0.495245727905751
0.4935185373317601 0.0041935094022601989 0.0059493071855732278 -0.49497515901161609 0.0049494766579027709 -0.48733821728139515 0.0038531884981872514 0.0014194764186677461 -0.032187040220775918 -0.048817419688314476 0.52002598219122698
0.48082414292807224 0.0087433431410721615 0.013930286280851847 -0.48645378752300517 -0.012766723676367026 -0.47760540636014803 0.0012139580275797386 -0.00026174469994704564 -0.06023094425815477 -0.056331703282424372 -0.54481912062048554
-0.49923297357386998 -0.00076833960963196344 0.0015706733522330735 0.49639845646335989 0.0081726641031979047 0.5036365988051017 9.3179734715545141e-05 -0.00044021684417868361 0.0057158550089247435 -0.010487903009202451 0.50049222519534631
-0.49356082845705262 0.0059553952556804391 0.0078018452614653944 0.49516955584886874 0.0032107044108236364 0.5097842003782993 0.0017358106501448012 -0.00035747307576569821 -0.018481535430928661 -0.00018884433604564893 -0.50087273915960939
-0.50195553762972001 0.0026987600866834704 -0.0019859740498515419 0.50136001776656292 -8.3568966832726194e-05 -0.4958803197159754 0.0028588031326361165 -0.00059141301104118061 0.029686877088532109 0.011898604090547002 0.49973876674556111
-0.50939197371003397 0.012174110578646733 0.0017559931914638621 0.50386943907016057 0.0035417666312664593 -0.49177379500353374 0.013636536468691601 0.0026739647679021295 -0.0063152761940679196 0.010275003357232656 -0.49425857587457156
-0.49911403228671164 0.0052550766603206888 0.0055417663245096518 -0.50013849946104316 0.0026283852128520012 0.50063683735946718 0.0034506807227705433 -0.00081965465476157044 0.00081709209135721016 -0.011323174684803122 0.49990271537660769
-0.49103634776168487 0.007029386392478125 0.0029958699329766681 -0.49725347720088225 0.010989919946363726 0.50755107303536018 0.0044820532525414025 -0.00033906802994397594 -0.0035682236825141365 0.00073834987085335678 -0.50378720294361046
-0.49799360411922966 0.0084175774995344978 0.010772860350906889 -0.49636331816249796 -0.0090953187409236816 -0.4919729642735885 -0.0015900923549701453 0.0031583539202237258 -0.012999020756369177 0.025097063226180251 0.51235481201256161
-0.50680535237483115 0.016261038817185079 0.0014943209580432981 -0.50098299097316368 -0.011876296798456157 -0.48770629146013866 0.014564648827459323 0.0031772649364311431 -0.0057756933634648417 0.018316825821641323 -0.50329728916006233
0.49424480698443252 0.0086530774427687959 0.0012235796680019736 0.0027417797274717297 0.49289333187336826 0.0023210047288143056 0.004846564142482317 0.50597430201431359 0.00044362573487647544 0.012748363985156849 0.50645113858819724
0.50305347611987561 0.01159389254912049 0.016176685410863104 0.0043187891020762753 0.49446755280761523 -0.0022220930757747264 -0.0034863192304318206 0.5070469012361305 -0.0014934179884447966 0.0075471765589950031 -0.4948246574349851
0.49554997085379715 0.0020328618808492303 0.0066467904196888814 0.0036795286540035831 0.49552393856505023 0.0017741633295978235 -0.00080400669488972086 -0.5017170312755781 0.0014541721640730051 -0.0016930161665756561 0.50704600081222173
0.5026031429906741 0.012958731632374631 0.017186803075018631 0.0019737688793826013 0.49075024180485038 -0.00095719861171605035 0.004472092763361424 -0.50544861882614966 0.0033197684631290645 0.0088059216673058247 -0.50049903386534123
0.50215964779956468 0.0035363227312309041 0.010783963027367949 -0.003552215724837637 -0.49978580635847447 -0.0016236960704068286 -0.0004496517745970926 0.50047404820726815 0.010155570983588496 -0.0088253367728876753 0.49724268171091235
0.49959786440214304 0.008577398112502195 0.013960114240289156 0.0065513237427578608 -0.50262369361294901 0.016674640303766003 0.0060531438724520329 0.4983164512788808 -0.0099640021700578788 0.0091911374529091427 -0.49864044357716153
0.50192590914360091 -0.0013418685041492219 0.011700739841672596 -0.0028649575449046644 -0.50069841784349645 -0.0038784418845787235 0.0025925278962659198 -0.49775517581648315 0.0088043036921932518 -0.0014714307457343199 0.49936249434388208
0.50089145832396897 0.0036200316955450024 0.016371121728237709 0.0058500311574429635 -0.50277035016029192 0.018315657393608274 0.0042536169845533052 -0.4975377493449134 -0.0075353229096365897 0.008113101617212095 -0.49799037014937114
-0.50301540949713563 0.00010284685643367646 0.005306271947848178 -0.00074139350248781657 0.49524967424684441 -0.00014358163035688585 -0.0020196816885318996 0.49709714726739385 0.00532421019217623 0.0072352738456123332 0.50446424179525118
-0.50095703221517951 0.0061756060545599461 0.013101651978211193 0.00298564990553098 0.49399422137153848 0.0075018267240671531 -0.0039980806621874778 0.5092727715370976 -0.0037615183419141894 0.0083522591947841618 -0.49525561934164841
-0.50253899692525084 0.0021697729726205886 0.004252389596690523 -0.00244733195128706 0.49594634665009163 0.0013532423901497503 -0.0058007642401774117 -0.49555595357215715 0.021075082666782683 0.016941460935418682 0.50509468635939025
-0.50125994022528875 0.0097326509056343165 0.015753635085362552 -0.00021838615416900647 0.50119335158525724 0.0033816844694397469 -0.0025567148919714406 -0.50270477929464941 -0.0062215623066186887 0.012318869682471166 -0.49424712174493213
-0.50435006115171777 0.0071231822388126914 0.012906495215671412 0.0058678939745889554 -0.49780030626078081 0.0040769698861008235 -0.0018851729525784858 0.49971003479532167 0.01114698625292165 -0.0013374716138634356 0.49771255038503831
-0.50160985867028818 0.0041175088147048797 0.019889133423978338 0.0023784796406336223 -0.50014207639004438 0.014908082490341739 0.0067516713391852752 0.50116932378928425 -0.0063390398710949144 0.0062337523790875829 -0.49629597443904455
-0.50578283117774758 0.0064469196145842322 0.012222346410641972 0.0064859263163590435 -0.49644002368411105 0.001204209237980613 -0.0016966901829106071 -0.49704000026336781 0.014841356955255024 0.0035717252960551639 0.50021185608572227
-0.50396161876696721 0.0033472895631193236 0.021444160456621321 -0.0025028442800022225 -0.50117142881419585 0.017456768273643751 0.0062822105828710803 -0.49806009896274517 -0.0066665329150623898 0.0085651054584749576 -0.49582929961403821
-0.0019048498625198066 0.49678373068301429 0.49653257057342898 0.0070409210282066075 0.50249798404138302 0.0012904421915950963 0.0036282905254300594 0.0011236288981393268 0.0088348913559050529 -0.0075425328569237509 0.50393736408265599
0.002754664932605276 0.50707294145463788 0.50475272347931111 0.00099042017292137892 0.4994030966261736 0.012597366629331457 0.0061596521025683105 0.00068695403738212727 -0.01355824661321647 0.0013772233436845261 -0.48816684493388851
0.0019439354569652189 0.49989822947844326 0.49827635875001969 -0.00013926994601077492 -0.49747961157962617 0.0025113079750634865 0.0018757739173139239 -0.00019809968510919957 -0.0020138256318031332 -0.019129603799143444 0.503937304217834
-0.0045689417779756214 0.50655164589051194 0.50361104468045248 0.0022045163062465356 -0.50074816772390529 -0.013331597008620032 0.0047783715114612987 0.00064156762103371892 -0.021332467544220111 -0.0061183409644015039 -0.4881735336247936
-0.0080800451880819937 0.49685753300892316 -0.49619426645584902 0.010516142340292479 0.49663031179136219 0.0068631053318043006 -0.00030659164049921155 0.0030479377593801409 0.0012284722318990397 0.017450513972113037 0.50965064812962879
-0.0097772077012948291 0.5134373690885834 -0.49320653569565714 -0.00051101162156901069 0.49150616027223415 0.0079660864928310614 0.0013656382307795556 0.0039731864584656709 0.011785256323337158 0.017340711742745065 -0.50093364670267571
-0.002216325806325348 0.50750349348667034 -0.4940608330361887 0.0012192633924702917 -0.49583863564469 0.0067570226713503127 -0.0012564238589810822 0.0032732260711692369 0.0081177207041496433 -0.0020234535162026606 0.50234828987302671
-0.0051352758549465839 0.51290962180292066 -0.48845464835320312 -0.0016696700411902965 -0.50764103741594668 0.0060877248625793275 0.0030671538108571956 0.0032132701862414028 -0.0063082084825942216 0.012241841954779408 -0.49026599465876142
-0.0063839686947091334 -0.49544626312588635 0.49963541120824134 0.0053513353113370157 0.49479174471432319 0.0042383830938500641 0.0035523199855462483 -0.00052670387662535586 0.032649342495118555 -0.0099442357203670586 0.50873712864610543
-0.0061818664842880656 -0.49633751703090601 0.5127909553323089 0.0056290265893004683 0.49129261454416207 0.0020992051698737234 -0.0018495111385712006 -0.00010789937674235073 0.00069137633368813241 0.028861099559920854 -0.49841237016415113
-0.00044788184773083281 -0.49237464584080992 0.50981164133096635 -0.0034812183972719223 -0.49746469856590614 0.0010285857828064152 0.006576324731142889 0.00075571932979355311 0.014833967808850433 -0.0072337134678396942 0.49985858233978531
-0.001077100442871042 -0.48545063670684002 0.51497427184932409 0.0014675318439103273 -0.50634095992665773 0.0076726216496688657 0.01803819451266403 0.0014880289395169111 -0.0089917873116700346 0.0079358986170037539 -0.49216298786007634
-0.0037957947267402078 -0.49509985694093339 -0.4924900928362167 -0.0078319117918995238 0.49284398662289286 0.0011535937329026941 0.0056718968781313585 -0.0026699365772966366 0.0073540106659940171 -0.008384714407874477 0.51883878363357849
0.0043781458660494274 -0.43894785801376685 -0.43886405387544664 -0.0011727961812279303 0.45853011213296607 0.039216443885574631 -0.0029978644839167537 -0.00039335183472170783 -0.17077810660385276 -0.16066376389687301 -0.5898539096280454
-0.0035821769537065316 -0.48456502363257664 -0.48229280459977425 -0.005447315549421552 -0.50376021156767814 0.0054453727916385789 0.0012606871333336381 0.0034099020148434423 0.015653563081823651 -0.01070532142522999 0.52760878092910579
0.0047400666289335678 -0.50011588213983971 -0.50422356944783109 -0.0039479469812472067 -0.50510365836185134 0.011288611860462087 0.016864194134466989 0.0042276629947974849 -0.00058109199978230214 0.018072504022695259 -0.48961033101001589
-0.0038723290385545227 0.50328861006988268 0.0053525731209493783 0.49896253661491685 -0.002603962109734256 0.00081892362254196421 0.0031000455408976713 0.49788996514146494 0.0047525075009767952 -0.010472394338342458 0.49964945788154075
-0.00092545750457435298 0.50506917303384968 0.013114938709128839 0.49881230842316204 0.0018819707221347222 0.015852490809761883 0.0019747020423194731 0.49900574337136994 -0.012849011103007096 0.0024872943938412987 -0.49646932932795945
-0.0028193175888439974 0.50542221578618429 0.0044957786075575899 0.49938631526935751 -0.0013398818122538918 -0.0015929615763515331 0.0042832204811526758 -0.49565183898090165 0.0063699344028118323 -0.0077522932308231674 0.49933899602093484
0.00037767794402565472 0.50672218254956114 0.013764160659068134 0.4998287565063157 0.00011217204305666392 0.013314065839013485 0.0012965824994263413 -0.49518391663004219 -0.011206082911505738 -0.0014173020370763867 -0.49769528301564048
-0.0011292207669148691 0.50366702035654254 0.0042991626209010715 -0.49745073222749453 -0.00086931833201432012 0.0053063938188465396 0.0020698981356715466 0.496993020294695 0.0016727109341517089 -0.01320465922613958 0.50162747378498351
-0.0042119118189995024 0.50918306592011986 0.0043883429282615275 -0.49368041028038295 -0.0051581757055984383 0.012946305349147166 0.0057294101281187603 0.50069609314814467 -0.012029313225546351 -0.0015351941459081349 -0.49588767024395103
-0.00073131163522515254 0.50211279505985196 0.0051527444237707528 -0.50040019532420787 -0.0012112858251071628 0.0055126852315194874 -0.0026123853855382138 -0.49557896018230457 0.0015594605639046289 -0.0095642730855666717 0.5017212428065797
-0.0074521622191530299 0.50900134031642907 0.0075006802985891474 -0.49265671218783186 0.0019966693924945763 0.009854759741403105 0.0020548734196936284 -0.50166146705368986 -0.017495713416361136 -0.0012182956325848915 -0.49600208399161139
-0.0039998424738242012 -0.4889073353482557 0.0088165454316394554 0.50484920618862761 -0.00010497373901115236 -0.00078189106525432912 -0.0028496210346046639 0.49658251681790122 -0.018828325621582636 -0.016844808145182313 0.50868651850692026
0.0023522783021912982 -0.49649653804004323 0.0074230143503955671 0.51077460752749781 -0.0050060775358864362 0.0081036730750100958 -0.0081112372667658562 0.49425322724608151 -0.011026226999956661 0.0011551530884600033 -0.49797004574657538
-0.0014919875761365792 -0.48596358224626318 0.0084781271952949037 0.50033559371773562 -0.0056762181983321582 -0.00073303038906408474 0.00083862863617168251 -0.49572427392171936 -0.031602364948313484 -0.032903437556443267 0.51533700062064702
-0.0019279125902275894 -0.49451191256294647 0.0072169474762489114 0.50735692902235974 -0.00094342651334248899 0.015076629240441815 -0.0027874035526617132 -0.49809972053929652 -0.014676256726543649 0.019680168846163928 -0.49904821024472068
-0.0044970105873047526 -0.48859465051704021 0.0077663472028064442 -0.50158462664956172 -0.006545549344990899 0.0087277620928810744 0.0047075178149695767 0.50332980935341742 -0.019693952426584931 -0.0066324681756750907 0.50566161945560839
-0.0070907663280144065 -0.5011814228152438 0.010523295884053811 -0.49375223473476582 -0.011263040228752748 0.0016833256057357002 0.011729404148505571 0.49949613402310528 0.0047329890179747579 0.018052261131220153 -0.50473057326948245
0.0020494795811587005 -0.49014273351446747 0.0036253951206014728 -0.5045497203968109 -0.0073267064054142687 0.010166384914603315 -0.0048828773940319701 -0.49815983023234084 -0.02199995682692962 -0.0084288056694773877 0.50623433185728139
-0.0089891543372208563 -0.50140386844572138 0.012601526332233808 -0.49450961549611983 -0.0086502539018827613 0.0019031602328951447 0.010563701373936869 -0.4935151793822059 0.0056322241952363209 0.022148540278346666 -0.50945583200439493
-0.0071978191651021536 0.49948170753207666 0.0034388949051060453 0.0029138117264132651 0.0013368319187190116 0.49638855726819237 0.49931524850031384 0.00059586954188807896 0.0046044977306282653 -0.012525794513230047 0.5045278413168155
0.00052578839517808385 0.50470201301917528 0.0041714303459574999 0.0021718551956707729 0.0031745486332624921 0.50621961417659478 0.50085464544728675 -4.0205606659638979e-05 -0.01782060378575389 -0.0026974627620456695 -0.48765241778488971
0.00010317494121051843 0.50272505877498186 0.0073308953174861333 0.0042643704361717575 0.0031973935150400013 0.50087865125256492 -0.4932051618852335 -0.00061181478298565149 -8.9947233740945203e-06 -0.014573978820270702 0.50283379379298354
0.008056857157974006 0.50833009116852845 0.01225353899945658 -9.8509221401713791e-05 0.0017623343939002232 0.50955981307952813 -0.49182723020426944 0.00047061818144068898 -0.018974687112508114 -0.0009135595220551504 -0.48936286988409761
0.00014685515146125612 0.50110966045310745 0.0066412835716104426 0.0018790385497518302 0.00020407351728751757 -0.49614900632588693 0.49897379544073628 0.002680670991904274 0.0017267969384472833 -0.011901078901811649 0.50353839877056628
-0.0055818262376944247 0.50406281623735627 0.0046718279098328956 -0.0022921414195465144 -0.00029443897571689162 -0.4919423211521835 0.51134076536389761 0.0014830359955703052 -0.014591221040619563 0.0025046535885843197 -0.49210197300940295
0.0031659672588766588 0.50420565397001649 0.0023870998768302011 -0.00044274091887254382 0.0019986955180071914 -0.49129293236640764 -0.49321252852064046 0.0015128797486450006 -0.018238978321803233 0.0042535709203387973 0.51066266793552517
-0.0074563134638404799 0.50532594002234454 -0.0046278729723942206 0.0052916985052493823 -0.0052077964496455176 -0.48905249979283233 -0.49969782037229132 -0.0021256279728085492 -0.026724884156074998 0.0088887721739754795 -0.50482229553403313
0.00082278578459157165 -0.4929871134235726 0.0041946896072216945 -0.0021935232050670841 -0.00063952224908180792 0.50481993638814771 0.49664554445418679 0.00023488753477097149 0.011287716364050165 -0.014392422402498273 0.50507983381993871
-0.0024618106642998721 -0.49319039682020499 0.0071596613637511528 0.0070035914739505888 -0.022471212740356572 0.51151872788955099 0.50704421274455846 -0.0021988361574857337 -0.0086871598989743445 0.017525838303456415 -0.48684618333811736
-0.0021888714366835467 -0.48956840367638849 0.0071290029590742772 -0.0065124273048250752 0.0062813162895153426 0.50811544632193562 -0.49579546074685998 -0.00091786617644556967 0.015160541426725304 -0.026763271067365802 0.50521668101483042
-0.002898787905092284 -0.49365815177355443 0.023969384584366239 0.0031891907677482059 -0.021029656504854829 0.50928718117142058 -0.49962115599101758 0.0017643426008950819 -0.0082130626989434987 0.026494728477503546 -0.49547856368186338
0.0011033166766855273 -0.49133468146487042 0.0045182337071260712 0.0031166969464286164 -0.0049145702142812074 -0.49328824283294787 0.50114927005020959 0.0012028514086503369 -0.00015586496668270458 -0.023979873239134877 0.51329752131780926
-0.018567881097396231 -0.50242810431363383 0.0077133953498436649 0.019250042067876387 -0.0029261013166192937 -0.47918166505439203 0.50560515037510356 0.0035780580949283263 -0.047958055760819573 -0.010701021294890501 -0.50902228384623338
-0.0013225666126015282 -0.48812544424018944 0.0091376378519321833 0.0040791560340013326 0.0014454769152524903 -0.49868537608232716 -0.49286769530701874 0.00040433971317699026 -0.0084636488614814563 -0.010252580069065738 0.51946799181811609
-0.037781277660329481 -0.48015156341731691 0.0027711631114777668 0.00040462224166602079 -0.049033323546242222 -0.48670912699671076 -0.48618945920695994 0.0084724462922488881 -0.079691866383508614 -0.077422010450933776 -0.52908622469512201
-0.001504708681731242 0.0046976487680674807 0.50209563426261339 0.0058725833479510471 0.00093854275912320874 0.49803158701561906 0.0027977383019723158 0.49573301860768232 0.00067564469987197058 -0.013561380561906821 0.50384659532766252
0.0023462920802263089 0.006327506307065545 0.50574533673158739 -0.0065151638457374124 0.0031070748129881426 0.50634521194280235 0.0045567447522661926 0.49880273703710087 -0.020182029703216708 -0.0052662915949762863 -0.48834266091739748
-0.0042332345125290459 0.005069137204099022 0.50138366715197091 -0.00073222271664129116 0.00096939622407095577 0.49766238964878734 0.0039757665256506345 -0.49682465509320128 0.001077438954007163 -0.012519915337076463 0.50387797942957391
0.0013479955232709837 0.0094986834566541927 0.506554223843378 -0.0024032722459381077 0.0042891818114548777 0.50601295952484726 0.0057366234787841336 -0.49832459213400881 -0.018198902659793237 -0.0041032312075924646 -0.48839445500852174
0.0034255385135829866 0.0084378971583550458 0.50461298074729244 0.00090844358183388943 -0.00020589794474246096 -0.49449006124251105 0.00095302448747564244 0.4991181394073384 0.0039118910328025738 -0.016838018562140657 0.50134107332810274
-0.0049492611913093979 -0.00021007214709355652 0.5057589730995492 0.0097808799136390751 -0.0036687285441526648 -0.49081108142511548 0.0067121065176421121 0.50380292642655944 -0.016061713831084637 -0.0037161448955202346 -0.49904353472216217
0.0022305862876968192 0.0040394244789829026 0.50706440281332466 1.5653547455343642e-05 0.0010782169974423378 -0.49477469930667844 0.0075871034157857387 -0.49338352852031486 0.010739659338510826 -0.021800721560503809 0.50396999014490218
-0.0083137861849990943 -0.0031314421819651616 0.50572328868043692 0.0098515945975282855 -0.0054386642581407442 -0.491463056694457 0.004372535241217594 -0.50048405447046884 -0.0093894608430113539 -0.0035732666190879492 -0.50189453392321393
0.00043169231944870963 0.0045294250345402267 -0.49035383287898071 -0.0017584390479617811 -0.0025830926822537803 0.50612830429691813 -0.00070561879093980332 0.4966805772006847 -7.8509499932061545e-05 -0.0035592434050319426 0.50660835326875986
-0.0036856880667635703 0.016706648648910499 -0.49546862624218507 0.0034294617734695093 -0.02237976594628243 0.50788537111220244 -0.004823375783330675 0.50465574526249268 0.0042872685753406903 0.0062571378427000871 -0.49091726396229307
0.00095769332768019788 0.0042959320905163554 -0.49094399311019227 -1.3322970626489565e-05 -0.0021217500313525255 0.50131653575671498 0.00076120989372605941 -0.49579678074837863 -0.010049482612976611 0.0035591301093213928 0.51156931656158866
-0.0037730979771967012 0.020151351789630262 -0.49399700922170381 0.0037584839900130784 -0.022289689061070681 0.50678425462369769 0.0026280584279517291 -0.50251494599055735 0.0099805449409491459 0.0059948050105102998 -0.49552162198884081
-0.0060338819138136546 0.0041580793668094824 -0.48770751893911896 -0.0011131312050780225 -0.008198411361196041 -0.49158537411179076 0.0091980345076282041 0.50639610374951527 -0.0050484113060844235 -0.014503219981220698 0.51342535775581799
-0.005905571576060668 0.0049908366125306722 -0.48969505141576347 0.019039542571266214 -0.022424125596476281 -0.48053189178936923 0.024818291001577328 0.50075399737672122 -0.052766227443394161 -0.046271768482643492 -0.52160029045457457
-0.0060946035941788559 0.0057401567932846278 -0.48854178616708371 -0.0035670537598144147 -0.0065728373038662809 -0.49215285918930413 0.0038580021351061334 -0.49628366865587697 -0.0055373567216812081 -0.016412737387439435 0.5218946852399583
-0.0031659685470035157 0.0036672851288518243 -0.4827878177832578 0.020024837690673938 -0.032567635036703804 -0.48351420075718354 0.021450811402875445 -0.49667993434226193 -0.069468619908697807 -0.054803928661315754 -0.52598894391035822
0.00067614815630937419 0.0033011533062892919 -0.00073484468878729588 0.50328647273947036 0.49352360309830645 -0.0026663039603680317 0.50126154360822384 -0.0040748403789052489 0.028918945254967989 -0.0090744666061925543 0.50091894036446771
-0.0059492318330660555 0.01495118966294696 0.0009680751577428085 0.50552114353686839 0.49383396132426338 0.0053616619326053898 0.50783027702163819 0.0023478736407467134 -0.0041039349058128016 0.0074243422530115922 -0.49225878372043663
-0.0015729857153391315 0.00094504526651679934 0.0035282151393353414 0.50098310352679121 0.49623070253387719 0.003287597048022848 -0.49787110228215842 -0.0039725646184861543 0.03449294319226559 0.0031676389029512936 0.50363993390991069
0.0045626761457874202 0.017378562282517888 0.0077030184770306787 0.50749790312126453 0.49653633085077498 0.0030505612374396082 -0.50314973658935713 0.0018852393246009684 -0.0034267348225487299 0.0077806491662720679 -0.49220989734501119
-0.0083340353516716589 0.0091677254489224407 0.0032900859629589252 0.50031452784113162 -0.49890854279410152 -0.00058369711806628775 0.50027340503405271 0.00048074008902606957 0.016665223883960318 -0.010957316948558572 0.49993946341316214
-0.00021959646517851665 0.017918978004635291 0.0018410594969443042 0.49912192757177537 -0.49865047318302252 0.0069764865320083493 0.50177929521214248 0.0016642498241231111 -0.0094492469324813887 0.0013385603712396462 -0.49997549670870139
-0.0069940142615541072 0.010386776694678137 0.0030568002129888003 0.50001198023242766 -0.49621930546981452 0.0041105304197063307 -0.49719459429035873 0.00010575880265173163 0.023007529660363485 0.0018640292981121727 0.50580241384048008
-0.002175164632941518 0.021083673688793863 -0.0039339094901932447 0.50544001706556896 -0.50191936728400444 0.021781549378052163 -0.49803722072693907 0.0022920848043460774 -0.0078413980851219246 0.0081577468490294704 -0.49345092003121666
0.00023999907455064467 0.00063055447523035569 0.010664094444270886 -0.49090664064790429 0.49814008668303228 0.0014904376598931456 0.5082195614799756 -0.016124456761530345 0.019843003226133291 -0.0047933074331706765 0.5017837017520993
-0.0045501756840792846 0.0079454126311734232 0.0054799382952040914 -0.50690102642813872 0.49684550299591085 -0.0052631745362500945 0.50561511658950575 -0.00078888168777971606 -0.0067835527627294898 0.021533993664904653 -0.48979315350350111
0.0011627316466211663 0.009471623516852979 0.00081745979652772418 -0.49476047578255877 0.50091234521287087 0.0053275306712613924 -0.49660562388731333 0.0019906749911395463 0.01140015539863894 -0.0086678548861245375 0.50729929615700275
-0.00055386371189217708 0.020659507242369441 0.0086659332873177484 -0.50439087540709127 0.49138920187301477 0.004223711942817049 -0.5053829214643768 -0.00060716179639759939 -0.0098772296159918942 0.016570318983377217 -0.49781727154894057
0.00090850473992565056 0.0080672207574169139 0.0096747078713032685 -0.50180080575890706 -0.49412601157091068 0.0012444499224708247 0.50442202964083294 0.0032738924860449205 0.011151766437714315 -0.0061589043531848778 0.4992592368826233
-0.007208055582440631 0.013522443894837366 0.004715636118367502 -0.49438750557323341 -0.5043490341018867 0.016888717887068007 0.50277198836229209 0.0035066502491618908 -0.0097252950897379811 0.0098554972847490121 -0.49768171203538958
0.0015217918191457983 0.0071653503890952881 0.011357321663937004 -0.50044162804427383 -0.4978011476932378 0.0020396079503823671 -0.50248193501478655 -0.00022668442906829663 0.018028627626177466 -0.002996743056835444 0.49874164568252838
-0.0075972206480255334 0.021296722035214974 0.0014345896856526943 -0.50509330485064785 -0.50239942603721188 0.021452023716203233 -0.49674238019308908 0.0035312754268205663 -0.0089193700394664729 0.0076135709790170611 -0.49456958135477241
0.50769410049599584 0.5041489748380511 0.0010311194589557678 0.021017498442158361 -0.011932689153541502 0.0067200741301119667 -0.00055671689632592924 -0.00038808957119488468 0.46349577757457322 0.46055490825151629 0.24598891171191181
0.49439078685291754 0.49808936635558393 0.0048332530932299819 0.0081559272558932479 -0.0078001279777361729 -0.01008041338596634 0.028732034580339946 -0.0015883245155995003 -0.47708401004930356 -0.47838112133677252 -0.22348757079764794
0.49903480959312924 0.51058032333500269 -0.0020549887752635107 0.021452151158023701 -0.0075510811229974363 0.0066747036291900071 -0.02185386265804937 0.0053131010064739444 0.45111628616868354 -0.24138763204195526 -0.47689232649499302
0.49810077581497131 0.50057366814881121 0.015537391213877611 -0.0037389275478198983 0.011715877399884866 0.020055211459891795 -0.0094031166599635591 -0.017182451300122276 -0.46782792064427986 0.21420163614948012 0.48517810852779591
0.50033473839752907 0.51003740197097935 0.0020815531714773474 0.016230244964928243 -0.0038618485273890679 0.014663372224607389 -0.0050990930408583495 -0.0038584751763793101 -0.25868378254096547 0.45994304033294575 -0.45882842957706477
0.50015722231926918 0.49665702830275038 -0.0037848183812155549 0.011614560862621571 0.0029787775738866719 0.0079463020817158413 -0.0072404709794005812 -0.027459396102013537 0.2392462895966441 -0.48133446836771016 0.46176315261577228
0.51090143996541504 -0.48595448798495577 0.04525773463969833 -0.0054526278841149295 -0.0082669414292531555 0.033241041417389268 0.034143608233348853 0.00062952986296010299 0.46465913621239224 0.46087675021594637 0.26475456058692964
0.50637271010067431 -0.49254682775120984 0.004849941582655273 0.014567395319728864 -0.00012733555098558703 0.014753937078148755 -0.024761557822423331 -0.0090312383626979572 -0.47606116371496515 -0.47734887566851264 -0.21293190557621072
0.51511511922168618 -0.4788568006056142 0.03878348875626169 -0.0025481429995099303 0.00060517951018996109 0.039242307445796674 0.023094810995750815 -0.0048343328000530006 0.45454253267322725 -0.26330999309798175 -0.47518816688909438
0.49636101882811784 -0.49178958801280959 0.0027614834298265323 0.00092339279789491917 -0.0020041305253244586 -0.00015070634401640942 -0.011794287628013848 -0.021170390279795621 -0.47137185403943938 0.22846083942125964 0.48660369073677445
0.51176735816394547 -0.4804768907725539 0.040350266612361754 -0.0029564186642697253 -0.00013457630995336817 0.035363860403144355 0.011230441249289336 0.024435037185346335 -0.2841647941574344 0.4631243156171137 -0.45649936208473713
0.49101827400226594 -0.49632810898242213 0.00063721777756774037 0.0034933229407050005 0.0038730453466964297 0.0064201741827429786 -0.018938577321978543 -0.010321680019821259 0.2463050875832882 -0.48256820971827286 0.46742609509075089
-0.51562098401514467 0.49296707133891676 -0.0070274340599825952 0.020242667184961517 -0.02083552119266328 -0.0081607111464331566 0.0089330745213365356 -0.0042595568996966031 0.46311685774411454 0.46357022678716153 0.24634544470946299
-0.49778756647264638 0.5013488003087635 0.00022682457603177123 0.0051147577962845081 -0.0032569415364058214 -0.0032879051391519944 0.0031171485346267467 0.0012168866245727179 -0.47775902199806791 -0.47431864745599306 -0.21809683412660721
-0.51961115328149388 0.49087505425380079 -0.0087778176925513325 0.016382185207444604 -0.01649558866992102 -0.0035793121045804926 0.0055041167167594095 0.0031772485298642099 0.45465755588567386 -0.24723759303121678 -0.46961183732911149
-0.49319126393879958 0.49968897950223212 0.0023088341423535504 0.0036338079566841821 0.00098481105146977325 0.0048748405371116781 -0.0013941728841437406 0.025929199938140555 -0.46760213092682135 0.22270352490977452 0.48796224419316414
-0.51152498394537782 0.49717005427403083 -0.0051425790505328726 0.015440387764312514 -0.026008042712349713 -0.0073741301393360917 0.014256490059274768 -0.011604300678250053 -0.26362073683056114 0.46589936879065702 -0.45085746985997022
-0.49160694323895759 0.50428829622539961 0.0036994562886234332 0.00028921216021384703 -0.00441912130992242 -0.0010752345850951149 0.011166232463434289 0.00096194435058954942 0.23688918708289808 -0.47566397521417125 0.47061997291716906
-0.49343389221022793 -0.50784802598013989 -0.021399659941218754 -0.020516258433611125 0.017461611746921575 -0.019125645254799976 0.0074727609303522086 -0.00061547357099853497 0.47555581048329143 0.47041743892861909 0.22262457037172048
-0.49955987716389855 -0.49194907214021516 -0.00033898449706885674 -0.0046325349285465814 -0.0055130054909316899 -0.0044372557992955605 -0.017874996520039464 -0.00044561549034538106 -0.47103381401128153 -0.48069620086237363 -0.23471893031912988
-0.49920032748264292 -0.50050151862684877 0.004333898436127962 -0.012637691600036829 -0.003076729775113668 -0.0074809141272772269 0.020871483110430421 0.003869725594717295 0.45605329827747837 -0.23097042087259112 -0.48812989957109115
-0.49529077201294303 -0.51233197247271578 -0.011789600360885256 -0.010012038253366502 0.0069303286814664617 -0.0085387024113769815 -0.005335023403758017 0.0014276467560052656 -0.46869430159124337 0.20991730955646937 0.47756957693551966
-0.4999879680437968 -0.5036518812166193 -0.0049289165202230307 -0.0037537897039824184 -0.00015323326481896484 -0.0037371270995368274 0.0065716286282170586 -0.0086039085740730464 -0.24574116742401345 0.47501263286999135 -0.45842284335013539
-0.50348148525814895 -0.49905977824490194 -0.010523800917906197 -0.011766173042779346 0.005556093786748012 -0.011034949280000227 0.0076519014443031733 -0.0015402748257696732 0.24288200823125913 -0.48138912763458214 0.45415395195164854
-0.021765322758608697 -0.011874713600677891 0.49350907860309534 0.51543419744283658 -0.019451178650483698 -0.0054934677144790967 -0.014932367640525987 0.010112004119970441 0.46499706481036945 0.46139168837454392 0.2456080702917352
-0.0079027920472270769 -0.0017957949633270157 0.50130685766598415 0.49589841525142042 -0.0017464588574872032 -0.00256851847854474 0.011634390135696129 -0.0030994467102772251 -0.47578739973987139 -0.47639930107107459 -0.22186924163750779
-0.021732106989990219 -0.012059188528933217 0.48773335582161098 0.52073279020822216 -0.020581995342576299 -0.0083124735662205365 -0.0010029235646844947 0.0042672490560362545 0.45542688477232879 -0.24437813985256107 -0.4718999604664838
0.00014476493113753933 0.0011839390090611136 0.50323192834647867 0.49541201998303208 0.001939396904031979 0.0065643239769414725 0.0027470207924699475 0.0032666834425695568 -0.46642767588000139 0.22009932015403 0.48503564566729973
-0.025615938180265405 -0.0074647166280608756 0.48737743030725689 0.51667259067817628 -0.023234575476448908 -0.0042680200223801749 -0.0064914198805880738 0.012333451966627778 -0.26713147899891726 0.4645525245587635 -0.45484083697242217
-0.00064872049974688004 0.0027300557507084744 0.50266702262223595 0.49357452855397999 -0.0024023703678431973 0.0011375762869002529 0.026159842155119198 -0.00618049361160282 0.23885838977211279 -0.47757610933416023 0.4667336533942964
-0.028003170143583042 0.0041394464016759249 0.50080732226428792 -0.49997588249781416 -0.022479950696991303 0.0073016022722647948 -0.0060558942766703663 -0.0025349373805230416 0.46364174634356348 0.46456603604831426 0.25889727342742502
-0.0038210381365001832 0.0081106404817293202 0.49629010460030409 -0.49646537355841069 -0.009943371563627729 -0.011539735551908063 0.0031714855416092045 -0.01108054177224271 -0.48067922533432322 -0.47559333098305023 -0.22255667841504337
-0.013409416983719745 0.0024183814728248126 0.50570645601095165 -0.50638973012835864 -0.011902917115565079 0.0057869688467723761 -0.0020481663540190863 0.0056000459166379935 0.45238258803947717 -0.24415933809037635 -0.47240898409596177
-0.0057442387365335534 -0.0035710953518304418 0.49799567097120706 -0.49696951678247325 0.006119273648923609 0.013651376323842479 0.017569175376489801 0.00019016242605281853 -0.47107508488248967 0.22117974394335593 0.48333335254633647
-0.015085675359786469 0.0018981282116026291 0.5105640731833877 -0.50220272538973931 -0.021578080107554212 -0.0075823849279472565 -0.012941013001010705 -0.0069945402697156002 -0.25670220581412639 0.46287149363983243 -0.4538722592163239
0.0099724423723110845 0.018708092355305735 0.50214821531866505 -0.49745559473184509 0.012945468781108348 0.018791168805399626 -0.018880474774548361 0.0036154173924074768 0.23243216649740928 -0.47728429868810113 0.46606910243147537
0.014975087808108179 2.9442961519584148e-05 -0.50602707203993902 0.50012313585443013 0.013579666398430298 -0.017928322145702249 0.0041020275587292619 0.0070690500000654523 0.46138916158573207 0.47516284683189641 0.23314561461336417
-0.0020049771414425346 -0.00046185188462900578 -0.49156595890609045 0.49978391587088145 -0.0077459850799381927 -0.0068819559769151932 -0.0050159295836277821 0.028038231889156297 -0.47951120333206215 -0.47212167199831506 -0.23414991212804412
0.00053360715090004481 0.012483316975120758 -0.50696458762941099 0.505667554567655 -0.0085994094920556347 -0.00055362811573330241 0.0055946496510639798 0.0054738996905242376 0.46295475751109172 -0.22190834056865866 -0.4726787218203119
0.0015984158749620314 -0.004727107218354511 -0.50542413011825693 0.49412219746359803 0.0054678354241929211 -0.0094967842433120765 -0.0052347758374512608 0.015503715162720047 -0.47246035008456383 0.23082032405417366 0.47273686507017582
0.0055876600258413477 -0.0021285623318545955 -0.50334532236762575 0.49021296885645232 0.003186188399523717 -0.0085189284734884692 0.0031133361209304527 -0.016773873064056127 -0.25437848543145741 0.46620009232705395 -0.47315352618259998
0.0011294805215620895 -0.0064448659508387881 -0.50890751982641702 0.49790091249121377 0.0036580365284544615 -0.014836145672551334 -0.0056158231489803843 -0.0084122298236599287 0.22393620537491765 -0.47598038382847546 0.46478431576812185
0.0048197246562037294 0.043735951283319613 -0.4892412917447771 -0.50599785696352939 -0.0092743413974257106 0.034837755491933638 0.027378335871234963 0.013375006655221029 0.4623156942516306 0.46357457905067939 0.26796963602662205
0.0012226342144435319 0.0089603814989169667 -0.49604136672291316 -0.49191230424844468 0.00017820526028416078 0.00056808236346617418 -0.010891631977766299 -0.0094778243636651702 -0.48179298075575694 -0.47786260201113301 -0.22626866812433369
0.0049002348624767626 0.04060113562746423 -0.4847349411268933 -0.5108715011221201 -0.0012823272534170671 0.039339250687617108 0.022697682274904554 -0.0082805763624124087 0.45338192001494548 -0.2650472650005028 -0.47374221878772044
-0.0060457535624042309 0.0067543735684750441 -0.4994209900718965 -0.4972912885275721 -0.010095980796486329 0.0053017465124807128 -0.027725673692652959 -0.01069936297609672 -0.47000870470049677 0.21351038913242268 0.48547891908496416
0.0030622863624471214 0.041032911277847535 -0.47857194531631403 -0.51767486109027394 0.0027669295379522943 0.041831884959486261 0.016472302086784473 0.010603584692129027 -0.27993903839279871 0.46468558357019907 -0.45260210108733334
0.0019250680558917531 0.0094886564001016825 -0.48998617258198063 -0.50096044652701099 0.0015886802990308592 0.0087086661256961066 -0.026015384079760975 -0.016092418233322574 0.24007747426490531 -0.47960829313947123 0.46923661601035738
-0.012951121102491775 -0.017748083116839095 -0.016847634251935948 0.014665896214651737 0.49881000053266122 0.51105217732666042 0.0059477274068841755 -0.00010479973505283321 0.46866237302636288 0.46435829912446885 0.23178473166652735
0.0029812342115314912 0.021114748834347229 0.020728799206185412 -0.0063719402906760713 0.49434057431548489 0.50211031481646984 -0.00089945853348746114 0.0014723631775736029 -0.4815866911510065 -0.47865697785582045 -0.20382934725441249
-0.02233510162483086 0.0043226032104415318 0.0045039106950730779 0.018766915697191192 0.49554049191907257 0.50315940638804946 0.0015036895357719885 0.016684612100685208 0.46151939386998675 -0.24998572806569883 -0.47392674129506568
-0.0093770874896724945 -0.011201863669117748 -0.0064087782315784348 0.0073564832638150085 0.49831372223501669 0.4969718203880496 8.6722160783747618e-05 0.0051645725589173214 -0.46176387901253774 0.2322100719271962 0.48705211669081083
-0.021549700294888764 0.0063017606880758836 0.011134951933914118 0.020850967236300179 0.50285564801720395 0.49198746580026997 -0.010967455408049397 0.0083863002211567398 -0.27182082263329216 0.47010210211778147 -0.45710886870708733
-0.0072695458091251572 0.0042791539115380455 -0.006297615517534166 0.013121138086676329 0.49381566689286788 0.50080202286172382 0.021527997736787093 -0.0055762323579581366 0.24694667344269644 -0.47312477014704762 0.46876026137399518
0.0031559620588616573 0.039459460120277262 0.041480008073799236 -0.0021672277281613839 0.51508220598105137 -0.4771681213096266 0.017293612971737052 -0.0012202752791364445 0.46531056205211357 0.46609013839964142 0.26392065788828017
-0.0033060942239612899 0.0035716104921620522 0.0019717359148785996 0.0026726979154935316 0.50236214243602573 -0.48946077386781678 -0.024706935680946951 -0.0035356388144926901 -0.47857990878556833 -0.47599798869804466 -0.22757408293621151
9.9529871306140643e-05 0.039343976712851683 0.040723696688801957 -0.0025513863634705463 0.49751863047002959 -0.49677413065372739 0.028047393072198199 -0.010989303328047614 0.45624281876772038 -0.26338901816455806 -0.4733276691486758
-0.012125064012350289 0.0027661848216074727 0.0085193860458017707 0.011056186216309815 0.50456499415974942 -0.49553070040656388 -0.0083498648979314291 -0.025216757792926498 -0.46616232681457359 0.2133986537228803 0.48575930048308763
0.00015382344792145541 0.04121683113849451 0.039360035759096586 -0.0007330130091450812 0.49482083077539679 -0.49835964168862773 0.025738333503617705 0.010572865555418068 -0.28136773153848593 0.46727837285835855 -0.45304556837373683
0.0010271231583249393 0.0063158743840862897 0.0061173179008579357 0.00079620928113356335 0.4992054866209259 -0.49063545694053645 -0.021674464540904267 -0.007187403928923859 0.24585016080339264 -0.47738390353884619 0.47024737705612474
-0.018449892764961513 -0.0070709714438319648 -0.0049740391467960202 0.02114821298887376 -0.51738250271277231 0.49327044996668462 -0.0032581190927797833 0.0035093235799094269 0.46272070438083479 0.45983796885929018 0.25010574835203842
-0.0025605576490944785 0.0034499468153257442 0.0029646827641299921 0.0015209118693069049 -0.49714699784313243 0.49398421748393734 0.031215288242310461 0.00021399068948849373 -0.47923343497313547 -0.4782137166939836 -0.2224127025701178
-0.017389090402788097 -0.0069836569981863803 -0.010810394029575149 0.021854018434237159 -0.51284676576701216 0.4987602748836758 -0.0015600881471143737 0.010146593379998939 0.45166488460951165 -0.24584960376257661 -0.47194510854291849
0.00084602746148483533 0.0020546601537668832 0.0023260974529145961 0.0032226606545773286 -0.49389226643450623 0.50269810331884923 0.0077659307958674595 0.00067205076634834523 -0.47013469129335017 0.21805452003011516 0.48446790339250945
-0.022209430101476371 -0.011257414865547575 -0.010067574099649413 0.019763523890534627 -0.51493517047372894 0.49460329830162453 0.0036867221915144787 0.002687698560269534 -0.26384693732706549 0.46132219334953084 -0.45458026613665503
0.00029966226047182707 0.0036792752203047108 0.0049377483840587167 -0.0010468905750599642 -0.49832856091731725 0.49753290119665883 0.0067997982409826793 0.0020147328017687911 0.23453756150026767 -0.48069961895390328 0.46686214836610318
0.0099985206853333806 0.0074350233394557368 -0.0080389059973915034 0.011319573500448868 -0.50311753050919306 -0.49828203953610206 0.021943836474435183 0.0060649254924026539 0.47153445429099944 0.46464829843495342 0.24388246088187665
0.0057663636993700263 -0.013126048895406717 -0.0089126754596159548 -0.0057359179335504488 -0.49747571495375525 -0.51224743876374423 -0.00016581307105031039 -0.0024226490994868621 -0.46849456104855292 -0.47147156704845528 -0.21914402769204369
-0.0015240342170568561 -0.0027856069157117286 0.0018441013920673052 0.0088208170142245572 -0.50032373513751149 -0.51731603337743737 0.00078366047385930958 0.0022469911488768972 0.4591735073488396 -0.22404137984669781 -0.47003029586628603
0.010979301698919863 0.009054285266242806 -0.0080811335995582267 -7.7620425937970636e-05 -0.50199394030547873 -0.4976188079352647 0.0022109947343364519 0.006179645136304349 -0.45784825112452782 0.22055742021773311 0.49172766528881251
-0.0034996608267557137 -0.0077313012174479679 0.0053851295658971206 -0.0035100905641359888 -0.4951655632590522 -0.51583879832190505 0.0051467778394388907 0.003798189594801223 -0.25189235754263734 0.46816736447339241 -0.45380249183411769
0.0085415816157325894 0.0013558668198223036 -0.0085485918426664205 -0.0022406743556554545 -0.49999018762968883 -0.49415341562148846 -0.030334445041358401 -0.0080380837875565804 0.24872982045937225 -0.47512751772060163 0.46590969837535889
-0.014442384380623164 0.0041201798407997908 0.0088521803619321833 0.01840776400885594 0.0057637431263676221 0.01161608942356478 0.49325208317975899 0.50348966269282747 0.478071750060656 0.47689099892042741 0.21543444351612559
-0.011850756153775954 -0.012750991520978337 0.0097305371035168037 -0.0065253469628094602 0.019249138121720515 -0.0056192157660009279 0.50301690765767471 0.49467652822524222 -0.46126166853934458 -0.47277991237934514 -0.25523235297403807
0.0052070510559314954 0.016262482317913166 -0.0013596020231448449 0.007446106992290623 -0.016655895928837965 -0.0058857224261769404 0.50076094068442556 0.49110998394685401 0.46987074655258332 -0.22371150392156475 -0.48637760347627862
0.0063552230769687258 -0.0014854651857001823 -0.0032103078569106335 -0.0071578377779863631 0.0059638636624729418 -0.0032724729011336571 0.50496802672068164 0.50511465340522688 -0.45186788222599195 0.24810769024963988 0.47325897458229249
-0.015070708170688497 0.0058784381351479273 -0.0085288565163671674 0.016839491263626188 -0.0075959293074635142 0.012754545847363874 0.49191863392843393 0.50871401601403743 -0.23956939810821343 0.46924987508127936 -0.46989232491086635
0.0094468517807186417 0.0079680789837903946 0.0012293144645922085 -0.0073359569752759653 -0.00072462015081466234 -0.0021902464409510546 0.49842891326666716 0.50315180128618819 0.22220904009253328 -0.4806161218108741 0.46671703013176363
-0.011653106501837289 0.0010560022297529106 -0.015023844569373643 0.011312217078388257 -0.0019550529605185129 0.006455913013733018 0.51125054103995815 -0.48857007460927859 0.47906598166701869 0.47505967124337783 0.2102383580903795
-0.010050839763934623 -0.01280302232692198 -0.0052268132095413793 0.0016107860657462872 0.020467448839601214 -0.0045853122937992074 0.49900650549569942 -0.49764291903469016 -0.47155086432256116 -0.46166110291834372 -0.25907151232216336
-8.1573248146425405e-05 0.020122863720522067 0.023673152218732268 0.0023697905022006934 -0.031107165994357189 0.00090678742218636837 0.4926687958971997 -0.5009489527695925 0.46308982504425639 -0.22797531320781841 -0.48781474597985902
0.00072085920655432488 0.0058472470549508658 -0.0082366396218393895 -0.00073500336157055466 0.0077359821895301422 0.0085389649814937296 0.50336896477776061 -0.49580898864615652 -0.47879605034926614 0.19852362648429245 0.48155995704792404
0.016977809780540636 0.0019698702110870548 0.010370041325564289 -0.011308730471515947 -0.014131874982347505 -0.0017734120874431229 0.50719704128292475 -0.48248565578194841 -0.24227644463839612 0.47926486453134765 -0.46993154910170165
0.011626255823667228 -0.010206707064605681 0.0012510356297399318 -0.010243845810885121 0.0039607508073043673 -0.0090336650764262436 0.50350457901467593 -0.50692598621404295 0.26216896102461196 -0.46069213400635584 0.45617566149425859
0.0007204551851874788 -0.018696729716971169 -0.015343844416647628 -0.0032622466366652326 0.00067115673245678393 -0.023394359569841695 -0.49771362534536734 0.4951705746987769 0.47281374404383003 0.48235268452800667 0.22299415056567845
0.0091589151506381635 -0.014621501233141553 -0.012122037150083791 -0.014388754292843687 0.0070873161313928928 -0.0031019661484255239 -0.51133921491891365 0.51132148995771265 -0.46829997274345214 -0.45617758109218481 -0.22128756161870369
0.014486669521605324 -0.019593532155139957 -0.018298308836373005 -0.0036230137489230781 0.0090468691844798263 -0.036413276407202516 -0.48997629017942229 0.50424885923526619 0.47082702358281914 -0.21091306215533612 -0.48697476333641626
0.003967736451443462 -0.012396704645910606 0.0043281474164307025 -0.0043871620700783502 0.0049390000477151867 0.0026189714072832227 -0.4934676624715027 0.50769522497952324 -0.46119712093384085 0.25646211959165838 0.46906392686112147
-0.025470876966910874 0.001848182498223705 -0.015417727455871534 -0.00093758321231302683 0.0014956110091140346 -0.019249313606175909 -0.49961557907209436 0.48914240254561947 -0.23840132081547247 0.48135001487578649 -0.47045447912851279
0.0060082433876747611 -0.0037868587348188318 -0.010103385315214652 -0.0046032034714144753 0.0020381762549884518 -0.006206410532845162 -0.5116202634655902 0.50460965271681446 0.26266617537220344 -0.46035106393686664 0.44997866814449228
0.0145779190086787 -0.0081407294571959853 -0.023496574379157951 -0.012827782970157263 -0.0064196086693434204 -0.016568352589348339 -0.47998463616056602 -0.49686270420468365 0.48360863496420087 0.48220063667032687 0.23459813830850385
-0.00014128847215707829 -0.0082323029239952088 -0.0094991886341233324 -0.00076901363967332909 0.0029655974945369252 -0.0034431777781065453 -0.50775528981039508 -0.51817486597739404 -0.44747617597875494 -0.47671115554310634 -0.2145032705317037
-0.0037533659955910695 -0.02545249141850324 -0.01827057888458495 0.0098892465454716201 -0.0074609469064793408 -0.016962860665541476 -0.49739383506761353 -0.49013038771810269 0.47401236310335232 -0.22529135347346602 -0.4852738699444703
-0.011520477971775555 -0.001671610140218015 0.0052426143335643658 0.0017633563347039423 0.015920394758140572 0.014822239079400728 -0.51955724962194338 -0.4981647415508188 -0.43818108213393914 0.22118587474112594 0.49023161347618732
-0.019394172161395905 -0.0015865420964076436 0.009942329054678286 0.0048140030187161752 -0.00031313536683575977 0.021791932098053406 -0.50280691040446335 -0.50774149365960197 -0.22362402847745602 0.47776742120757382 -0.45840888916549538
-0.026018762619498526 -0.00054287852901985548 0.010369722678562931 0.022839812278648914 0.0019570225372219051 0.024032321216002749 -0.48699450727179766 -0.51075742992476914 0.28109130903737406 -0.46043465241201748 0.45723403548585706
-0.0012991262941026373 0.049550290456790914 0.048590615348529667 -0.00056008121880856516 -0.010310365018585042 0.044352975760224421 -0.0015997467200396501 0.00022971863870607041 0.9446795965268453 0.21951714018598398 -0.22912508029506137
-0.024407948818190927 -0.016017184897937912 -0.0020632054021904401 0.017265752414988629 -0.0092384917421537965 0.0036839920376293407 0.022029549021353831 -0.028185891584738249 0.0046089762502556572 0.69005736642951976 0.72198771466847866
-0.0020225673655035682 0.013063411106451555 0.014984436626529127 0.00045308043510406857 -0.019792668123540243 -0.0065081974674908432 -0.035024777465726444 0.00950626872475685 -0.010757424516904987 -0.71318350374470108 -0.69935890297150038
0.0006994124219691577 0.00029014536601686889 0.00039017747621801545 0.0039036455096558586 -0.006660054826673441 -0.01009024318214778 0.011652257211302416 0.03929304724274698 -0.93441660339451738 -0.24558803012924213 0.25438215092963173
0.0011220836870770813 0.048309192867920632 0.048701930054915174 0.0017226275917039719 -0.0089219429090183575 0.046813183164508394 -0.0013496204074267772 0.00010695361695173773 0.20352639283767354 0.95296708094770177 -0.20844174084542497
-0.01829557158749805 -0.0073791345541001814 -0.012515522437552806 0.025542328816843502 -0.0060452770874869829 0.0037187725369378644 0.017313171750350988 0.020675273407204275 0.70984828625599694 -0.0062087979995219681 0.70292321444543726
-0.0021988577815000659 0.015755305120650136 0.0066309919364067032 9.5288752427704208e-05 -0.021447362262736837 -0.0088636806566242312 -0.046814682522463298 -0.019124150567258053 -0.72902580198424249 -0.0029769166304070868 -0.68199675398215998
-0.0030955901270049413 0.0001708320443645191 0.0010362779257885374 0.00037829154329622794 -0.0039700156078184131 -0.009285538181148802 0.019741948620140413 -0.030104649324545825 -0.23137145486756217 -0.9425443508279937 0.23805157228410967
-0.0089533884643807314 0.044890714546214315 0.046946485565724456 0.0019366853286068065 -0.0043580571628704422 0.045453529396292741 0.002448427229167929 0.00087552573687912699 0.19478980227179982 0.22087903390303554 -0.95229960899942068
-0.0029174320674786244 0.0056743734008664008 -0.011990083957665491 0.020061517718269646 -0.0040613210646888833 0.0051058851604314564 0.014033435535895804 0.01360183954005122 0.70045041303774436 -0.71292417500834659 -0.0098433373513803837
-0.017652838018458995 -0.0083450437568805946 0.0065896626638879165 -0.0005162992551361994 -0.019874362452115719 -0.0072164302400944073 -0.012797639161957919 -0.040649459998570753 -0.71971031916082906 0.69188386763762422 0.025011841541191317
0.0011771755569716497 -0.0015884262486406924 0.0021582559324174098 0.0011812416437615334 0.0034541258371084001 0.0039834392818014477 -0.029410174894968392 0.024286301463695033 -0.22075188774391816 -0.24751665547611473 0.94260891438535432
0.17811079629016324 -0.36979803972985265 -0.36959967991900727 -0.18018940593927066 0.19164968719087511 -0.35282305919659523 -0.045089780115616894 -0.010908537390299967 0.39833614784735005 0.41434092398726197 -0.41077721761960451
