0.9999584742413069 0.0045944314608588081 -0.0011643359498345585 -0.0033734804741253348 0.00086400366505704992 0.0034849303149615245 0.00097816066775459885 -0.0043803579467962582 0.0011410527253576355 0.0024951916251947908 -0.0029396233771647674
-0.99995204444228269 0.0060349495271671775 0.0013441256018243862 -0.0026536106663004521 0.00050131016128086565 0.0027133811368806886 -0.00069116679106389787 -0.0034782774523398124 -0.0010111968717890262 0.0052191889902437599 -0.0014790365891236559
0.0019908755797561645 0.99997705345013155 -0.0022270973189234509 -0.0016657821749535011 0.00066029887954054177 0.0026693090503779968 0.00073363735004928425 -0.0021733908416218953 0.0022117782350079157 0.0022360230534942574 -0.0033881227710020135
0.0020463062950624713 -0.99993698652580321 0.0016257094343175742 -0.0053490387929684994 -0.00089173211482626027 0.0064818149806847259 0.00016951540374794067 -0.0051675405190755161 0.0042144440207327761 0.0001858785491253451 -0.0018008469488635765
-0.0019367390819022532 0.0055619542397563788 0.99988560051124409 0.0067187519168339068 0.0021108113932041682 -0.0043877463596997297 0.00059190626150190748 -0.00037215214160734976 0.0095405599526285391 0.0012144820838357092 0.0056801431035862701
0.00094091987107252891 0.00084250813389912351 -0.99979632255968665 -0.0042608715730082826 0.0038283713983390186 0.0043713170020866334 0.0048675545541505315 -0.0041511492836534703 -0.010063156348129468 -0.0098950766236704946 0.010662719855724522
0.0010752853150667113 -0.00058069239730793509 -0.010094407845367163 0.99986444042661049 0.00037160755877985288 0.00059620802292441408 0.0016697907671030393 -0.0016365853238374634 -0.010034911629394922 -0.0065018649157262565 0.0043331732897425208
0.00034552195305456642 0.0027409644059528211 0.0077773592833319553 -0.99988124729386962 0.0020877700531666114 -0.00098694396212440174 0.0019367262146003654 0.00065006001991999246 -0.0080850944745077657 -0.0082218592288033077 0.0051862964492576553
0.00070027397512021586 0.0009341036558298514 -0.0049732545791518722 -0.0015842772182941896 0.99988307545118349 0.0015647290020825632 0.0050237405139900273 -0.0011321079189590788 -0.0075225761745262229 -0.007767792511544391 0.0077028261594791021
0.00052986056834915729 0.00089646899298301416 -0.00035307395692593191 0.00056152917752877657 -0.99991554374475577 -0.003293045791763205 0.00093360399338781924 -0.0022239881933158643 -0.0084559247505577567 -0.0018680806914584179 -0.0087021096965937978
0.00057625833888813355 0.0023022668418725459 0.00091293588109533051 0.0008581686814426229 -0.0057379337044424104 0.99990321744963606 0.001407440355716241 0.0011825678241094311 -0.0039861092114197192 -0.0076451801876593522 0.0087012779070356067
0.00050270228824186554 -0.00035983433094192795 -0.0027415103564161899 -0.00050900412417003913 0.007015769492991512 -0.99988276042972579 0.0010226859089907771 -0.0017000347712868317 -0.005466127065080424 -0.0078548738307239845 0.0090318119225145672
0.0001648460160651209 0.0012389028743389687 -0.0040356971830359835 -0.001763638228421323 0.0037828309026516366 0.001723858297482299 0.99989547825961589 -0.0017225812639926356 -0.0078503127778700235 -0.0071033919708962615 0.0074658461273842116
0.0031231337075306323 0.00019412361784619915 -0.0003045196341289631 0.0015034983114633621 0.001963049625802044 0.00146441085305896 -0.99993912176243227 0.0032500974609549534 -0.00070045771785749267 -0.0064736651809146973 -0.007116719966846102
0.00051049569136804595 -0.00089754757729873069 -0.0033853745447592122 -0.0015828265091661984 0.00073445673102334145 0.0017559128697207807 0.0074425341629128445 0.99990055053833893 -0.0073516519470818173 -0.0021744313860005762 0.0081282116969444099
-9.3984525475021203e-05 0.0027592304957800408 0.00042280631615013181 0.0012659022778238624 0.0024505356876026417 -0.0013149385554351966 -0.0056595038945651509 -0.99990471574292661 -0.0078088083154511491 -0.0026783207909738217 0.0085580904890691853
0.50253015613891694 0.50139674344733653 0.49919380534578245 0.49673112924663626 -0.0027765944487187677 0.0017828334536011856 -0.0028124329683435049 -0.0029120931855924279 -0.0041810887236487177 -0.0032562960064203453 0.0085507174426818697
0.50062700612976552 0.50324274567530525 0.49668812982508798 -0.49936987962875395 0.0037646597736538208 0.00019002779509302327 0.0022015994181366571 -0.0017416434166143357 0.0025346021228179879 -0.0001774934329574618 -0.0046281553286148065
0.49962762023959112 0.49975840340672084 -0.50506491734888159 0.49542944415646989 -0.0038088094303969679 0.0043141216854506855 -0.0028121561145218262 -0.0035539311698857988 -0.0032665031647847675 -0.0012795149273413971 -0.0026286724643847627
0.49865865029804007 0.50009083499566542 -0.50028378153763176 -0.50082511836799515 0.0041841850732630128 0.0026640394198133108 0.0045274286610902173 -0.0028865032407116476 -0.0040815325898219948 -0.0049481791551799666 0.0066684759229310537
0.496197576982636 -0.50352119505402815 0.50422956934521113 0.49543219009275058 -0.011401367987054161 0.002126682681613186 -0.013975890681325659 -0.0018129056308282521 0.0066306156622004484 0.012542026290332898 -0.0044117502052731768
0.50248008731039129 -0.49778955008709103 0.4975619411166517 -0.50205674149281809 0.0054966736662208282 -0.001251742698770692 0.0052765124888239489 0.00079198029102241978 0.00085846243807359351 0.0047983140663082841 -0.0025414328314633571
0.49824916110645628 -0.49706274897353808 -0.50658758638003443 0.49790531579660202 -0.0012536616218629174 0.0060118553659336358 -0.00031046513254614914 -0.0085048559298319445 -0.0017763682680661489 -0.00091257379095133944 0.0046453800902729698
0.49929054203812967 -0.49742097219502585 -0.50016029689675712 -0.50275731199739604 0.0041498961601866185 0.0039781097286026631 0.0055010216594125376 -0.0047334966460222437 -0.008286425358847287 -0.0078104226992234699 0.011862205537322276
-0.50066451899345654 0.5045690666933218 0.4963710458223945 0.49779727586230299 -0.0038926950618345664 -0.0044284715758446547 -0.0082062759612000491 0.0039629841629097769 0.0041508428848681441 0.019589424485435179 0.0063218413645825169
-0.49878927986091093 0.50289168093903291 0.49845757315311673 -0.49981671701574348 0.0023563845071262221 -0.0013223826593160147 0.0022265391567402159 0.0016699968195405649 0.0030918937960443247 0.002479720517610186 -0.0013237315170793859
-0.49967884218325104 0.50004580687681921 -0.50374202665239842 0.49643142272149632 -0.00034847741334193114 0.0063994481430638571 0.00047689665352316178 -0.004977047767930746 -0.0012689889828402848 0.00024989552441953214 0.0027042983201842415
-0.50052751537308093 0.50137303561791013 -0.49906202174797548 -0.49885778317554463 0.0045304702489100774 0.0025705222266836332 0.0036083012189564384 -0.0032049478424378331 -0.0043334999989469766 -0.0029351293907229105 0.0098730766938196959
-0.49924091253642749 -0.49225814222332936 0.50248321348388114 0.50568300419906698 -0.00073917768247831002 -0.0017235575282867771 -0.0030945963457432129 0.00080813971882265682 0.010631722714690393 0.0081068203302318217 -0.0065765782481393351
-0.49881216983548793 -0.49892569963634714 0.49813071569531747 -0.50388509559277661 0.0074529138148919979 -0.0031981134850745663 0.0063050355775772513 0.0023181424071087929 0.0066648754976885265 0.0058877209908831298 -0.0059311930340375405
-0.49836015949672485 -0.49925799733490073 -0.50621899856841712 0.49594860090509985 -0.0019295848236797536 0.0041596326616328916 -0.0021584502316910931 -0.0033427594697378899 -0.0081907954652029463 -0.0071728185402070944 0.00071904540601827973
-0.49758141859049898 -0.49653720096943821 -0.50197976534882616 -0.50349802222977746 0.0053948422826687404 0.0061945168215868816 0.0053725702403771072 -0.0061646211025548703 -0.006502431836226237 -0.0062782582080442226 0.012391736996762477
0.49910920754558608 0.50051965857631864 -0.0033507797403511171 -0.0022662632597224082 0.50188200661864291 0.49838268921170253 0.0049170718904951328 -0.0014381450657770033 -0.0068138570884466601 -0.0030495325538866689 0.00093756064460862379
0.49794264902848701 0.50075012671781216 -0.0021770991624329942 -0.0027689274444998293 0.50294939928158588 -0.49830644183869527 -0.00024711915766265096 -0.0031429980683757418 -0.0027700372508007898 -0.0018838752611529713 0.0012051298173366555
0.4998467038023503 0.5008357755780265 1.5028502176719832e-05 -0.00055477331639477696 -0.49903882579720554 0.50026093095243762 0.0010368147116892503 -2.1347257053967868e-05 -0.0034772580013090041 -0.0015320963545510289 0.00047731168145317878
0.50078912383069341 0.50193949427427442 0.0040325413812344066 -0.002726157972419466 -0.4995188625315321 -0.49750672108545774 -0.0041548313968587536 -0.0030162606296140096 -0.012856362017080599 -0.0039278779737216456 0.0020488878637265049
0.50000613644754022 -0.49794840316290184 -0.0035323412112415052 -0.0033873330355978387 0.50144745180318084 0.50031290490136116 0.0047268448002108472 -0.0024548596596784011 -0.010448869832269309 -0.0084015392069502811 0.0068275890708174823
0.49888480990988832 -0.49519531635283598 -0.0010443211974618752 -0.0065150672922151152 0.50557558153943338 -0.50018848102727453 -0.0020751792864392342 -0.0055031577396268787 -0.0045772114424939359 0.00073533459445597991 0.00086052179633428242
0.50196174697810725 -0.4987334164459119 -0.0036927971219817735 -0.0015217788883831705 -0.49609184991218558 0.50312019603392755 0.0057469889701468732 9.4430632940267461e-05 0.00098467156736196872 0.0029198384488117787 0.0019606857892250471
0.50273174195259362 -0.49561378693897562 0.00073588627827023329 -0.00033936977162364715 -0.50319722352228113 -0.49774962781040361 -0.012048909168048306 -0.0018118537670294794 -0.0036780707966992091 0.020247199242186025 0.0096456764813783059
-0.49838040787610505 0.5001687375772359 -0.0031220164343863325 -0.0014204232313885163 0.50216087998178172 0.49916084991682502 0.0053435709038482113 -0.0025128610138158017 -0.0079369459098342955 -0.00027397517399354519 0.0033758761607723098
-0.49955663520692373 0.50002468861774818 -0.00088395934771634598 -0.0033026235802297971 0.5038354300797121 -0.49652995971834929 -0.00015546996723982568 -0.0029217065480624665 -0.0020654125806500393 -0.00042221694557583313 0.0012822047277156212
-0.49904183738596608 0.50334546895882137 -0.00088005793838452845 -0.0011500425251588342 -0.49648909426461596 0.50108747324496083 0.0011817907621053834 -0.0011825741092567003 -0.0017727329888036359 0.0015139156866405986 0.00042440155037450897
-0.50082734886576563 0.49812985798849974 0.00028468804303765076 -0.0055197771509944175 -0.50265355788909183 -0.49828374034537387 -0.0027189379804666873 0.003476874163184891 -0.0052528419398727372 -0.0024601977203508605 -0.002766020837205761
-0.49691375996400122 -0.49639271231768378 -0.0041011571988139569 -0.004581220031373151 0.50391850034887709 0.50247881434959907 0.005401272723633512 -0.0045851420615609642 -0.0099755136034999654 -0.004410952630758456 0.0067234466921725347
-0.49663190830173032 -0.49602151310913772 0.00036685645282261576 -0.0077043112221863537 0.50634841820980414 -0.50079985924992265 0.001283249555428613 -0.0035427464027451895 -0.0060415447468662852 -0.0034540169683446721 -0.002840293731906517
-0.50233347251099192 -0.49746158239354465 -0.0045694798164255587 0.00037114842766315063 -0.49657601634717735 0.50353607639817621 0.0029762554216866072 -0.0014664552185389261 -0.0015513261198909622 -0.0029113707220367129 -0.0037184695043303594
-0.49543185355590813 -0.49850792861729221 -0.0019213519495439315 0.00095852546171467626 -0.50199862879948398 -0.50387967617505469 0.0041651144354265352 -0.0011979370595520289 0.0026716703933272073 0.0020373281374011227 -0.010251345499511448
0.50077587541932522 0.50053808812654887 -0.00074511406815669584 -0.0038316539933665908 -0.0020988365901587901 0.0026507441144439899 0.50164868587921552 0.49699603896864253 -0.00077005094097394513 -0.0011232303792725934 -0.00039393671472810445
0.49892084589349101 0.50086961571702304 -0.0029345277239113546 -0.002078339547802946 0.0044548186302933272 0.0012887762849305806 0.50168792597952294 -0.49841756334327558 -0.0023355733868964971 -0.0074835558924818508 0.00093768240907664442
0.50291876484116704 0.50021826894182198 0.004217397091290237 -0.0022132344953540591 -0.0041058557848310711 0.0022543776270173219 -0.49901005197172627 0.4976229312571589 -0.0027374564803214871 -0.012729167444291388 0.00079700596929840406
0.49971055891403465 0.50191539397584672 -0.0016638973474251441 -0.0011887405417291381 0.0028408188823612285 -0.00054414724309883873 -0.49806253943470741 -0.50027868498848516 -0.0026918904408173971 -0.0021192011087262969 -0.00097645473452233919
0.49806042425480268 -0.49619662492051303 0.00025147848903847228 -0.0048859072859941243 -0.0024116132304580571 0.0054644734214176465 0.50645679570037683 0.49913197275056759 -0.0040759537950392421 0.00013346176608105485 0.0041555005335348521
0.49910000827911383 -0.4967944862180389 -0.0033007912072107147 -0.0041277489699609732 0.0053636202012318761 0.0041253626291442762 0.5028469589746396 -0.50101693868384178 -0.003838240835483829 -0.010154534705486667 0.0054603993020984933
0.49778134547249758 -0.49590940249999493 0.0033489111582795505 -0.0022847690981790724 0.0019844471372262537 -0.0016544352957203903 -0.50117424182550385 0.50500879102108531 -0.0028258408568120389 0.006504152071764439 -0.0021672564809489298
0.50213954747939682 -0.49846901829669671 -0.0058519880000371879 -0.0012462516441817566 0.0067367921859708309 0.00075265639700160519 -0.49515737028257661 -0.50409254671912584 0.0021496760546171135 0.0026542240937879632 -0.00098988513528159867
-0.50056555298254357 0.50174189836433924 -0.00081452789440516278 -0.00156271461477073 0.00028478614488870464 0.0031958383233743992 0.50184839188642971 0.49578773321041636 -0.0038203716414328772 -0.00030791506548063087 0.001954400816022198
-0.49842964936467588 0.49969104625494143 -0.0033923714040234422 -0.0014246871385704661 0.0041891474545528171 0.0018077424518252502 0.50211398515855588 -0.49964574960969976 -0.0046596134569715604 -0.006364689044837132 0.0039796559453954689
-0.49959780466729536 0.49651791312582277 -0.0068745252344647066 0.0017114050767257974 -0.0026757131969239495 0.00067488520590684058 -0.50418153987146541 0.49936547234804785 0.0099083001132051762 -0.0066252537508543494 0.010354906187900215
-0.49874348117326628 0.50256859882929628 -0.0023401446582521686 -0.00032999802747229253 0.0037496776950159002 -0.001029146263189116 -0.49788279119589274 -0.50076915442655068 0.0011259390009507938 0.00057361990043252697 -0.00064998834045646478
-0.49808811125456526 -0.49743835771622386 0.002688396831906362 -0.0047259687465047179 -0.0037673487344498909 0.0051451176126500091 0.50563184552769713 0.49871225786726842 0.002335520221695754 -0.0013474128797287951 -0.0028873438666069092
-0.49735765568439161 -0.4962353318733545 -0.0037600390003729761 -0.0042731389921920283 0.0050271739840569195 0.0048038939650490746 0.50381678638047922 -0.50230719749989428 -0.0051505943479699303 -0.0093484120909388957 0.0068785112730242667
-0.4977823374703465 -0.4987250486630902 0.00073364490353667819 0.001309940436296138 0.008769431082294268 0.0045502590603406067 -0.50242812599069431 0.50082316716964848 -0.00061522618286421397 0.0028901937035738226 -0.010936640136859067
-0.49941920231873599 -0.50006866190560051 -0.0053446090226410307 0.0012042989613331996 0.0061216781531551407 0.00060838372729923038 -0.49662441638590249 -0.50378612814423251 -0.00077196161917641754 0.0011901318342167938 -0.002376400592631246
0.00023400360437716517 -0.0017722199710051376 0.49390321280145044 0.49412965040862289 0.50605217620042808 0.50565051450952991 0.0020239076997916492 -0.0054897177186100264 -0.0038798099629134279 -0.0047817781824091177 0.0069935726393654061
0.0014249528438388622 -0.0019192757753201469 0.49392771793731344 0.4991555091583143 0.5031899662891488 -0.50325033594116764 0.00094642739990253525 0.0020239122104153836 -0.011558479573617875 -0.011443924445229813 0.011953092438329352
-0.0032486502689467655 0.0065793153859482574 0.50173646918559633 0.50291224109007537 -0.50145205917703484 0.49365123351398865 0.0016246599203916308 -0.00016584225774470668 -0.0074440313509558358 -0.00075794991060184355 -0.0090326637437637934
0.0051097093698543412 0.0035319282643922053 0.4949355489799046 0.50277913214335179 -0.49728956047006229 -0.5025616422489052 0.015926246335465185 -0.018658209741396283 -0.025725725215632402 -0.02173017364645994 0.024748015676764573
0.00018731166542346089 0.0028758503179395637 0.50510755102009131 -0.50161249688483234 0.49814400106477014 0.49486080188240072 -0.0031327500598200635 -0.0029569035769566178 -0.008836989267580567 -0.0060856481414185339 0.0086380171284404159
0.0011584139351790259 0.0046459889759794147 0.50267433245435922 -0.49975138719959228 0.49739203552231043 -0.50001680383484404 -0.0022895708816745635 0.0038033525474989493 0.0020886238521109716 -0.0066570004037166805 0.0077532315587720644
0.00025064818724454112 0.0032829253717823544 0.4989139986686007 -0.50286253334057662 -0.49548765432907349 0.50242762494429627 0.0019259771596867898 0.0063673896013872562 -0.0090771235139711446 0.0073538865687660503 0.0089996285640574283
0.00089923185350203631 -0.0013698953509685508 0.49978379021100711 -0.49571233800157455 -0.50094601855770693 -0.50339631738451984 0.0010825285767331421 0.00030967847266798746 0.0093969747707796352 -0.00081653948531293678 0.0061442866607548862
0.00150344221710088 0.00065211755954868019 -0.49966289510762485 0.49429554902001371 0.50272361466125381 0.50306233577976611 0.0013614122159984179 -0.0014926502051581772 -0.0067453272835714144 -0.0075479806755019948 0.0098446207286084549
-0.00020611775760386261 -0.0017065276426257076 -0.50119477161254433 0.50001624716619908 0.49811265998844834 -0.50046073151467985 -0.0080974681025279046 -0.0070385959160300937 -0.0056290400671989271 0.0050366784793207681 0.0059386769280862341
0.0015725415575482858 0.0012570334070220904 -0.4972439357681403 0.4969321202004891 -0.50314344040228876 0.50243988273326823 -0.0025465847911105254 0.0010347239799069654 -0.010794931764379033 -0.0085150035302869274 0.0026710053006823472
1.7936105117901233e-05 -2.7943382250911222e-05 -0.50524820336069132 0.50053849623151703 -0.49742713142426703 -0.49613929590107236 -0.0013395215785808215 -0.0007420967272865767 -0.015009777972946114 -0.012963763677396899 0.014206197424680675
0.0013545382137974738 0.0026378703032556685 -0.49937259739229284 -0.49929102734437569 0.50186280378740422 0.49920480042707427 0.007177060416306274 -0.0018510271530004006 -0.0070095905922669547 -0.0092331507827009031 0.008102920916928498
7.9858805728148081e-05 0.0015513748011971198 -0.50314882846126507 -0.50310518524193315 0.4989409632054207 -0.49455439283150116 0.0013031692769657982 -0.0014305932060616315 -0.0090632656274792812 -0.0082476218002523367 0.0066311937059948707
0.00020359592158183785 0.0023202503363333447 -0.49462828900803724 -0.49805694286180324 -0.50272046376424084 0.50414243008294835 -0.0036539365183443613 -0.0057596422088857756 -0.010915793525866519 -0.0087688051125792109 0.012111426343898906
-0.0024333669654226075 -0.00021571093505196178 -0.50507993205689083 -0.50858568186827624 -0.494742429549824 -0.49113831959078325 0.0015031226062662427 -0.0081561776377211681 -0.0087732857295732582 -0.0072144252526149819 0.0066465760527123236
-0.00021352501157303631 0.00032803116248968144 0.49464321893335916 0.49832666146013904 0.00012982020194867279 -0.0014640078790392576 0.50255081154053571 0.50400115858707217 -0.011580550593337643 -0.011506052788571353 0.012463010532292478
-0.0010020649171938051 0.00056299136224894361 0.49422726005278306 0.49396931126052751 0.001495844367135036 0.0055263360398411137 0.50609941613012277 -0.50544609201788726 -0.0052464783846565598 -0.0032899052193299015 0.006993994892214226
0.0040797215255863649 0.0042229186458375657 0.4948063568778111 0.50280254183905926 0.016500420711648027 0.018766964165725143 -0.49739717401879935 0.50253647550334013 -0.024137486346869682 -0.023622277783098236 0.024695038534099122
-0.0019191771291816907 0.0066398126225246752 0.49898949095429662 0.50228220746994368 -0.0021126793464344589 -7.577729777622912e-05 -0.50025544643807385 -0.49835612687266823 0.0055834275713711017 -0.0045062064963296315 -0.0020027542638171134
0.002133297138514771 0.0020857418432590263 0.50293458290200532 -0.4999908281650064 -0.0016473530775502822 -0.0040052573249564766 0.4972700746077543 0.49965234560368244 -0.0064576904088952964 0.0019012334792300955 0.0079378785651335586
-6.4004472162298699e-05 0.0027353881811032679 0.50563777455708714 -0.50157233546763869 -0.0031156084931492356 0.0027001093865525799 0.49737898367482786 -0.49513188744494674 -0.0063589768746933365 -0.0084982606900833504 0.0087779721228559253
-0.0043406904729412464 0.0040958968821508384 0.50142927599868903 -0.4935026032060344 0.0026117901955748854 -0.00017363924071512769 -0.50157912186691922 0.50327770983518649 0.00063460431447764714 0.0072949568980978383 0.0075963417586599729
0.00033765844543886723 0.0024507550295077411 0.49811109018192168 -0.50242033924949503 0.0027401444879803132 -0.0063009423536917897 -0.49635954028259222 -0.50280661954041261 0.0059042289021983196 -0.0094688649506930508 0.0096956103888401271
0.00054130434926978035 -0.0018298626421908769 -0.50100325497146159 0.50009884603345411 -0.0093472177552903022 0.0077587975757691507 0.49822837942565062 0.50042786266599448 0.004691796931648045 -0.0057236889310879405 0.0055977232640170007
0.00064069887963148938 0.0016982965684378707 -0.49933342243477186 0.49444785951255826 0.00042880817060630597 0.0017293424009499031 0.50334483071395475 -0.50261836249460834 -0.0079998786571297605 -0.0059542464533258611 0.010014500615335698
0.0021556141790348544 -0.0022776819637241961 -0.50450284660806566 0.50156505600878809 0.00079319016838973362 0.0022838914742880695 -0.49741995047364196 0.49585978497069194 -0.013732169847605216 -0.01396018824969663 0.014377055041348485
0.0010760303470383514 0.0026754805640112353 -0.49820209080205802 0.49678581514588438 -0.0012452732969223152 -0.00046528949603254303 -0.50261807025036731 -0.50215972134756437 -0.0097741523637907227 -0.01008385850540649 0.0013852111706776778
0.00076248960932783492 0.00068632285664516806 -0.50279576792223102 -0.50356976811521259 7.2455374222166191e-05 0.0017653500861957055 0.49899833524287723 0.49438275741091897 -0.0075991690067630947 -0.0098124697853154506 0.0064845143566277822
0.00077088095734838128 0.0028619110129378348 -0.49913789581457646 -0.49940980716449157 0.0064134111442515664 0.0017178471215836023 0.5019841033848419 -0.49921469245236866 -0.008617150357542307 -0.0075212079612699259 0.0080102918492444084
0.00010622475944086731 -0.0027298371712803234 -0.50510457170441958 -0.50863156796086262 0.0021606393277613764 0.0082527051256776427 -0.4946553471537849 0.49114039039453905 -0.0071046598845447293 -0.0092129129907732987 0.0067015979818016939
0.0001562149772906813 0.0023794142442072823 -0.49556587607675695 -0.49852391749353553 -0.0023015198231428309 0.0057903489350571236 -0.50131600206307703 -0.50418204584472381 -0.0088654590052194907 -0.011429095516965755 0.0108335193375532
0.00035592163437216042 0.0017578444689634897 -0.00086338354650225915 -0.00046189154473143105 0.50273065828609653 0.5019460486604933 0.49928723686796056 0.49587288122549805 -0.0053008847385232327 -0.0078631226830482934 0.0063471780778483625
0.00096253251558025394 0.0030950462527252263 -0.0042272193480410716 -0.00059495085565137193 0.5017332815495551 0.49779632690624076 0.50237883975440678 -0.49789854726945953 -0.0064227135017782119 -0.0062771107694805971 0.0081047269986161859
-6.5126732205832369e-05 -0.00086247224084782408 -0.0020241230208364156 -0.0066984792939456276 0.5057056364125424 0.50726206259321449 -0.49426915844901276 0.49240030559844439 -0.0051038794351539532 -0.0080496967110619839 0.0068106685270637067
0.00040370787634605459 0.0029508630716840465 0.0054644333438958557 -0.003922802485010232 0.49813348418463216 0.49590013830055724 -0.50282291097386722 -0.50279771387428707 -0.010377633871715555 -0.0090599106177374246 0.0081097250831196725
0.00013905781527699256 -0.0010067565389613254 0.0055503613315558498 -0.0063777407575636358 0.49790512681161586 -0.50210197944070556 0.49788453909819808 0.50192164716119325 -0.0043782456974939951 -0.0051246585264798986 -0.0071962928037088113
0.00077328707322715838 0.00086947198804430341 -0.00085981566670781254 -0.000259496054109898 0.49887796061391437 -0.49569870392846144 0.50361768947578889 -0.50162712825189726 -0.0081554262448777642 -0.0056607434053636552 0.0065043691017964995
3.4816875215472172e-05 0.00011908735048991071 -0.0027219155353461881 -0.00055625359337176572 0.50251663760946508 -0.50302710898612679 -0.49693325502884178 0.49697408994205605 -0.012840133021822868 -0.013833990024217771 0.012282857614599178
0.00025498139032195481 0.00084970035422235999 0.0026556979162277185 0.0039880055851497804 0.49688572937274544 -0.49897470320628984 -0.50331600536122134 -0.5006241748883431 -0.00058946929855503271 -0.0094878840515564677 0.007946095047123132
-0.00026452884297401783 0.0021131154747069587 0.0028654466047998818 0.0030372306927174699 -0.50361598668245722 0.50114413569087968 0.49640568769832899 0.49863029632793288 -0.0097940854035903791 -0.00056728621720061575 0.0075164696217326337
0.0002897488009736439 0.0028235401999047887 0.0064197750875714284 -0.0043600479427113358 -0.5029649524042582 0.50321722748627018 0.49725361101640009 -0.49620166997739013 -0.0098513521812310864 -0.0094878327993601387 0.0081289410085582711
-0.0010540568838018011 -0.0030177386313668016 -0.001231319588801693 -0.00077921365856397403 -0.50065868468907282 0.49532143848190063 -0.50120579981691504 0.50264953740714691 -0.010038609279982456 0.0045359451906211217 -0.00023069596874890347
0.0012554852623288112 0.0028361304821612615 0.00020788298212696396 0.0045799908314929126 -0.49542897498513438 0.50369496103135947 -0.49628193005691634 -0.50425814125639823 -0.010763046257878333 -0.01006309169527876 -0.0046627741203183444
0.00057191496415042343 -0.0012425568786052137 -0.0021871980186077933 -0.00033655708391791068 -0.49752926470062503 -0.49751644617962321 0.50192570195456454 0.50250864705898746 -0.014045816833278225 -0.011599318580074958 0.012612239825469459
-0.001510586476232273 -0.00046925793266103607 -0.001505000699327374 -0.0067128535851724647 -0.49462695186028705 -0.49245443465642424 0.50560199080245105 -0.50697901633188147 -0.007867880890851239 -0.0040516489247616853 0.0066002471761580448
0.0044761585816861767 0.0036392665532398046 -0.018475016511854712 -0.019994055380779342 -0.4970945028708712 -0.50111665064823185 -0.49778486520389142 0.50129311528126785 -0.026559654766838092 -0.024812439308514411 0.024477684858977746
-0.003897231860659899 0.0032068693426367534 -0.00079525172711023397 0.00017472377620479196 -0.50017770915480853 -0.50179323010292343 -0.50243778305366416 -0.49539912796905788 0.0070620117215348978 -0.0088469413220399126 0.0027415130792392546
0.50275726290917178 -0.001526524889290855 0.49500293430133674 -0.001217954230620181 0.50568800142598958 0.015736498430782408 0.016154442342807326 -0.0018883121898987032 0.49553128420028303 -0.011330614011506732 -0.017066212231541172
0.49671042239300461 0.0013958862142572841 0.49342254192914492 0.0006618592685076973 0.50228755714572748 0.0013762861249134351 0.004368899800731455 0.002352635682453647 -0.50716972280281403 0.012955346327054838 0.010113837696415556
0.49801476477496731 -0.00024942562224169481 0.48793494251858199 -0.024835277711771856 -0.49022465346590116 0.024212437558374392 0.0058033822389717748 -0.0046103572587689904 0.51642811672928235 -0.055646800423275244 0.050279010727272457
0.49930575782806674 0.0020641690241702099 0.49171818068529288 0.0012685054779428494 -0.49394537601059535 0.0031740139657445532 0.004559196803889564 -0.0049975308760438044 -0.51461869056639986 -0.0026731091963310073 0.0048691326814466578
0.49913283386394675 0.00040842954764691694 -0.50515396255086986 0.0013225894687284073 0.50677168037734066 0.0014873734439653221 0.0042128462687557973 -0.0016828618443047606 0.48825321327498722 -0.01930482754253739 0.0089312468781400089
0.49764284902664591 0.0018175545676603763 -0.4993471022406783 -0.0033379451979163076 0.49907027746660915 0.0015738083191159517 0.0049339786835088297 -0.0041713148989044697 -0.50381357152129513 0.0020084709037497296 0.0064891734802381505
0.50226269938233059 -0.00027481454365912316 -0.50522098656969061 -0.011770462022018514 -0.49272838382807771 0.0034009657501349699 -0.0028452322820776083 -0.0063396441756832997 0.49907137701289717 -0.020076845800560999 0.005374375847745117
0.49707315953968317 0.0018238833721122519 -0.5019053028881042 -0.0040551553814311518 -0.49335577971445205 0.00039543485511926111 0.005285629097454194 -0.0042563724698187113 -0.50742548552794875 -0.006732471383478305 0.0041814232233917618
-0.5026240700426412 -0.0011704045158725182 0.49426934944234396 -0.0013733956418796411 0.50654766191624889 0.016047859551112723 0.017166261334837646 -0.0027142107613000017 0.49554518028163985 -0.0090556147642073415 -0.016323401511573785
-0.49584496936351458 0.0011195685435434245 0.49252201233216691 0.00011920822008667527 0.50290788806650311 0.0019503916219139189 0.0044032828349962689 0.0026131655047871758 -0.50812916610037295 0.015972339781831203 0.012721460616155858
-0.49945710697891615 -0.00038577907745607481 0.48557287552992257 -0.025757788543209134 -0.48965435188519069 0.027192530648747958 0.0058223823170269907 -0.0056154157874315916 0.51671625438097968 -0.056585434039111294 0.057741825233673161
-0.49803920659999845 0.0014395015564965172 0.49084839756639281 0.00078173507365646155 -0.49394412217843214 0.0033055215945725137 0.0049183217010212998 -0.0051066165298551246 -0.51666270272799419 -0.0023077175355871757 0.0058696117844665155
-0.49808891297172792 1.5968479265810839e-05 -0.50561360657180965 0.0024784451054167119 0.50754758502425379 0.0018964775061425093 0.0045056573605736696 -0.0017763042747139634 0.48806702896927168 -0.01724160723109305 0.010856840983595708
-0.49572098287383443 0.0014676045933345787 -0.50018107108316234 -0.0028733102347185736 0.49984019933389212 0.0021515807778612044 0.0050491107069179199 -0.0044793753760220094 -0.50408018884738459 0.0036446189571471034 0.0082861912430512753
-0.50130443899034549 -0.0010963264531085807 -0.50608468901496173 -0.012779766037137119 -0.49236837251634419 0.0037192132624188075 -0.0026676125629247183 -0.0070525426881588782 0.49945519350342721 -0.020028542079254339 0.0073272443212554581
-0.49511379882612211 0.0014682008026782076 -0.50286331552259611 -0.0030821024127832925 -0.49248928983497781 0.00097582827543437895 0.0044228405493483081 -0.0045324237694249984 -0.50923670114655195 -0.007534867592513407 0.0036888878696050274
0.49947625609936369 -0.0011233913577831736 -0.010410192419507107 0.49345167581660332 0.0096266934714270246 0.0027701072506429174 0.50853729087689059 -0.0063194916717889552 0.49787350795160012 -0.016967763640093635 0.0016986113877139955
0.4982668172301799 0.00037087708260891481 -0.0032001895114001861 0.49765725785394688 0.0047741617976913868 0.0013255990457103602 0.50226829603416567 -0.0031812496663539799 -0.50173415044868441 0.0034041421019361715 0.00044327842223383586
0.50046525632039418 0.00024372151164993834 -0.015605056905331911 0.495751118365028 0.003884617094078684 0.0066779432817539635 -0.49979768671111913 -0.0076155930338762251 0.50335751164959019 0.0030071331677528133 -0.01511757901751357
0.49941128610076035 0.00043479681572628702 -0.0048332565729933127 0.49884390609106327 0.0067690792464256454 0.0073393472087890932 -0.49085025597480592 -0.0031091589618049381 -0.50970088567760019 -0.00021352197831713443 0.029685176269990985
0.4974114535207651 0.00088361726163986175 -0.013426067979316402 -0.50016501102162669 0.013252377918128475 -0.0010662782405095779 0.50465065494365946 -0.00079060656828730872 0.49718154076085863 -0.013859666727725685 0.0021264234101814696
0.49935749428197551 0.003540080454046603 -0.00094038727188670379 -0.49985936421579291 0.001994465939144565 0.0020463977360286227 0.50108680613663237 -0.0015313519016767875 -0.4996455334198896 0.0044431892007521408 0.0023223812593926719
0.49729343446563345 -0.0027238551859843003 -0.0083812352839092857 -0.51019934935333533 0.010210128841889281 0.002304107159245743 -0.49304599424126067 -0.0031574137468286358 0.49907998625639272 -0.0046688816729425287 0.0013003797144235261
0.49661627577429945 0.0027962401845457799 -0.0059058463192224429 -0.50236097919071343 0.003383580546100975 0.004171116987115568 -0.49098184493130043 0.00068979686243038265 -0.50896716488192006 -0.012314225328135418 0.025909717544544675
-0.49885374466576382 -0.0012720306714626083 -0.009682645830547891 0.49352665648744493 0.010097780521871668 0.0037505335194541562 0.50908852469090815 -0.0074082733010352141 0.49790452742741076 -0.014403693815434977 0.0047522721198140607
-0.4972604574809551 -3.8077811020041796e-05 -0.0040655977103092999 0.49774967003841736 0.0049572819849130895 0.0013025612204940421 0.50202418620611988 -0.0031665935512656795 -0.502856488293974 0.0053536212261360606 0.0016975356221814869
-0.50143947301348557 -0.001737932514651938 -0.016560718347927165 0.49672199938662198 0.0033999833921679636 0.0063824608455754286 -0.49898402595760721 -0.0086690020372491121 0.50224526344627274 0.0033057062890894397 -0.013217209565864739
-0.49777405711485101 0.0013097210427584504 -0.0050258226339127349 0.50098017981392673 0.010113952945522389 0.0094241993761055506 -0.49133647953442972 0.00014027746497294883 -0.50855933928242103 0.00057509339746622849 0.031261438766661827
-0.49700961940681027 0.00086926820484796105 -0.014848873985139285 -0.50025651728816833 0.014175930147899593 8.9505937626072911e-05 0.50486386906148462 -0.00083524918276731196 0.4972498300990571 -0.011959895502155163 0.0037401706120956594
-0.49852270163812318 0.0027621574281719852 -0.0025761619411135217 -0.49945366960807974 0.0023752375672621479 0.0024021258161238662 0.5015092493568436 -0.0012746635094539175 -0.50043404256258195 0.0059674800389455497 0.0035321451608139047
-0.4972142936485569 -0.0011440404833058773 -0.0094815908930897287 -0.51052551519734934 0.011460490560619221 0.0032321358785683757 -0.49332616027349713 -0.0030915965156146858 0.49850747337240253 -0.0029276328779258729 0.0031804342025412227
-0.49565311060258299 0.0020338121272413211 -0.0069633574153638716 -0.50200246078882005 0.0038235892438588195 0.0054902777934060284 -0.49039537410104356 0.00035495878480317324 -0.51048634434817075 -0.013950372717217005 0.030748430665410855
0.50022736785443589 0.00048916534981179862 -0.012771571585987799 -0.0081230835483774525 0.012047195957291052 0.501803207737889 0.0017046903180105049 0.49805038730949736 0.49944074324815185 -0.0080141664946160769 -0.005410384830577617
0.50052321867739646 0.0024250629172634696 -0.0045173626592510379 -0.00016388158854528702 0.0037342757665846985 0.50055636246275437 0.0012640387001737511 0.50034693232446137 -0.49838275290433176 0.01200468349491329 -0.0012021214592426192
0.49730280566288315 0.0020985760362532296 -0.012738301038934745 -0.0034102662342860384 0.013548268144343964 0.50166398615357088 0.0011451675610100194 -0.50253276786331735 0.4980342041459675 -0.0089659787337075282 -0.0015359677816145416
0.49927824987324348 0.0035049192530524458 -0.0039231433165797924 -0.0059679988183580788 0.0042441048434217138 0.49919468450416149 0.0038001456817734684 -0.50170099174616201 -0.49953108875059299 0.013526263053031526 -0.003463606677026759
0.5057657769687961 -0.0034302885047270419 -0.02159954315783115 -0.0038679767687531019 0.0035360186224837717 -0.49576524469276473 0.010323822836280085 0.50283051315095406 0.49484459542736153 -0.0077680761183943721 -0.0059503178219069263
0.50777023081133021 -0.0034999525304486353 -0.0058433403236409429 0.00020781878599584506 0.0024652011153580696 -0.49519122163237234 0.0067622256758618823 0.49445217311381001 -0.50196149093232123 0.019617882816564281 0.0048634476190445178
0.50330660735255439 -0.00063264559669776101 -0.015025928820443303 -0.0025310457332251984 0.0071864514097244479 -0.49663236566251756 0.012071159834879873 -0.50421901092382682 0.49530438726246223 -0.0067361093827372929 0.00043270100056376259
0.49880183896806618 0.00027212340755468231 -0.00089090010051793742 0.0013515580549134582 0.0045674320219646894 -0.49586636322991018 0.0025627002479083889 -0.5015972474915682 -0.5030673382279881 0.023966177534481745 -0.005677039681369153
-0.4993438336850079 0.00037428428228615047 -0.013019750393515092 -0.007500922311462487 0.013721587380545092 0.50303425525148382 0.0018085608286938931 0.49788722134316821 0.4992621810640589 -0.0050869494767852063 -0.0038099153053114676
-0.49931892769965741 0.0017611919381026243 -0.0047264550484533603 -0.00037267576053730023 0.0042269066771793715 0.50128466378612146 0.0020249505063125845 0.50052899286171892 -0.49859140036468924 0.014949475535861279 0.00077655386984109393
-0.49697122724821036 0.0017797566952202767 -0.0137931099870494 -0.0026265144885239834 0.015466175774033197 0.5026512931371383 0.0001068689797211743 -0.50370388639882124 0.49613870313521169 -0.0071003749180671549 0.00033695638736722582
-0.49723710888574113 0.0030611005146181005 -0.0049518341672832606 -0.0058565039109193086 0.0042973307239627546 0.49956106142338758 0.0033969129557497573 -0.50198812490327382 -0.50082362572827399 0.016351541571319874 -0.0034717730615052189
-0.50612795855963366 0.0020308240844806101 -0.022770467855897654 -0.0039571422877132563 0.0036253627134916065 -0.49613315736529146 0.011152479774149899 0.50186643019974342 0.495058489056318 -0.0051537900848273146 -0.0055855473113341257
-0.50410283104225773 0.0038805285735298849 -0.0075709663340042281 -0.00067357140852591067 0.0030063741234835255 -0.49629696384584582 0.0011752656951881726 0.49394693662342698 -0.50493680717085188 0.022229625931935577 0.0068917662056060735
-0.50401009897034599 -0.00084769387668178029 -0.01591232435136139 -0.0022111242547954166 0.0073647591524639991 -0.49683528375117958 0.012985124163077174 -0.50453873524862369 0.49400970089480073 -0.0058655863639488492 0.002744641943270273
-0.49801245791133919 0.00040735647325767968 -0.0015913763175931649 0.0019678727926549983 0.0051755400140046821 -0.49506308800627963 0.0028972313734077727 -0.50171322955632924 -0.50438171754127936 0.026656556388743251 -0.0051697053376404834
-4.642150526200519e-05 0.50017549325046906 0.49566891970545096 -0.0052834521532824467 0.0042448769662688426 0.0030280380434219386 0.011816270547975264 0.49887163804737172 0.5047845652409203 0.0090965216668916389 -0.013377348899760812
0.00031288007804700714 0.49916872427225883 0.49098971385366003 -0.0020506699749124192 0.0057105148743460225 0.0046185026617341501 0.0044162279386667138 0.50082407834836495 -0.508419841315917 -0.01828720856891616 0.005659005779290246
-0.0021906410086664357 0.49749402706988693 0.49337697827561994 -0.00013801089109586272 0.010639199496148905 0.00050376278973551054 0.0086625068351007008 -0.50773386293331813 0.500982735145025 -0.0075939280859367653 -0.00710653139590411
0.00029022904644161632 0.49818764305704505 0.49399647647279704 0.0028950954886980541 0.0034705943021873529 0.0025400377063280379 0.008295354409423349 -0.50006575024773126 -0.50708810926734937 -0.013941086148140734 0.016802350777498531
-0.00012269633618970844 0.49895642885692509 -0.51041294672138315 -0.0069453013004982488 0.0092033586869433599 0.0034396866391752214 0.0095186610178830816 0.49309524703278379 0.49696645000973438 -0.010895986327312474 0.0069582968087396387
0.00040974991616254594 0.49804567243787901 -0.50221159279668937 -0.0041883011141940034 0.0045075411755233262 0.0019221647803139912 0.0031250953908787738 0.49773742914460473 -0.50186900165457515 0.0072503935238735192 0.0038631851769076841
-0.0001798829600264395 0.49797299533793415 -0.50446620426019284 -0.0011761468603715976 0.0132490806166687 -0.00023826711917481234 0.013804062560490774 -0.50040707555648167 0.49660273708339059 -0.01131287483160839 0.004436334063218036
0.0011520179648595507 0.50147296737616343 -0.49824180757260783 -0.0021699477330391903 0.0021655717409941027 0.0024384158884115351 0.0038779157690931104 -0.50018151578074821 -0.50003261831107926 0.0050686392561603974 0.0028974726535742228
0.0044670511393377303 -0.50104057275554048 0.49764859947322349 -0.0075459378432825713 0.0033287541744926323 0.0073781067980588314 0.014455126524110332 0.49626630108318925 0.50444799773531868 0.0059809336977486678 -0.013002186214555577
0.0003313360864637545 -0.49828332202223435 0.49122851422930758 0.0010994630862405179 0.010453346280956087 0.0090754494755939455 0.0046469110062855182 0.50196304527722357 -0.50760723288638054 -0.021505085141218887 0.0099628709133480972
-0.00053569781053256589 -0.49698952561053505 0.49300519178184821 -0.0014448020258396928 0.011903065830695005 0.0032949650811251131 0.01025896932790598 -0.51038263174700305 0.49905733037800765 -0.011310084562101424 -0.0032502086042514376
0.00036561902579033414 -0.49409380751104159 0.49284314534164186 0.0010160384526518174 0.0041336245436063828 0.0050747347083048757 0.010442251404217345 -0.50280795182982474 -0.50899635156609035 -0.019705473378365645 0.023290964922340056
0.00032682873998621676 -0.50036718720609008 -0.51161001773732484 -0.0099120347678475669 0.0098863593672514471 0.0057671516971901137 0.0071159486927364138 0.49116008473799389 0.4960387413736449 -0.014650521948107407 0.010028759905702071
0.00047082719266526026 -0.49755612927375642 -0.50224915688103178 -0.0057999036509423325 0.0047145235897075814 0.0028965616748807452 0.0043219238416751186 0.49566358164501245 -0.5043272499866801 0.0051135819950688614 0.0067835298176765306
0.00014704768687474166 -0.49620175833661417 -0.50510185961980669 -0.0024502854697508111 0.014437821216174826 0.0023206710964229528 0.015713728330791325 -0.5024976329895724 0.49540462854050371 -0.01402841681678956 0.0079202170825785987
0.0013925256821598151 -0.49656760146370327 -0.49931795004589191 -0.0031821237343694622 0.0028065402214776853 0.0045768146856697911 0.0056922195470985948 -0.50154298403333064 -0.5024232656018196 0.0026890518876493755 0.0068686231628787443
0.0005358157950665042 0.49931530184451545 -0.0043493771970015442 0.49784232124420486 0.012319362237368528 0.50170360231676214 0.011185704727769767 -0.0065676800938259923 0.50077684709825976 -0.0014715623129611867 -0.0034505913401164105
0.0016397019497826639 0.50161062040118798 -0.00021704907163900219 0.50040750078587315 0.0038574415970895498 0.49972332958404569 0.0060981165551238902 0.0014614370825059295 -0.4980647853554428 0.0099448320734959166 -0.0055985729386193806
0.00067151249741395386 0.50347295238668832 -0.014680271967278969 0.50360371949313865 0.0040355561020019876 -0.4968705851826718 0.017739646554764697 -0.0024895308930585969 0.4954269625421775 -0.0025899277391464547 -0.0031904102243525594
-0.005521681259200625 0.50700018268864966 -0.0086783967103263738 0.49541017348623934 0.0027054196731813094 -0.4957254786327388 0.0044953342810614173 0.0017236306283742219 -0.50144358599315308 0.0032222340479469095 -0.01354511375293784
0.00066858065487140168 0.49801507580160376 0.0011248696095488523 -0.50125347880979143 0.013727337918036134 0.50127921465978731 0.013981447648807084 -0.0022828268086273976 0.49901275808646894 -0.0060016328964786784 -0.0021181502170785184
0.00036012949141776617 0.50165062643602787 -0.00020173369047877179 -0.50085438070214894 0.0038855919962406697 0.49839839093222332 0.0072587938363369879 -0.0047632565391267463 -0.49877601900356006 0.012286856553312291 -0.0084528901132805857
-0.00046267421640983612 0.50313776768399443 -0.012620871169733391 -0.50318036610264516 0.0069243271155146049 -0.49737353721777827 0.013293345510689843 -0.0020660793889905149 0.49578661426698389 -0.0085328068696745949 -0.0039832415733620161
-0.00060674182130986349 0.49988302359049519 -0.0012628273562015169 -0.50045917328690182 0.0043997193950749153 -0.49671803634581446 0.0018007661365735683 0.001681233186581571 -0.50240262846351602 0.013553747534347961 -0.017586247623289003
0.00061308513107351172 -0.5001391189745481 -0.0039494367250511447 0.49770349377019923 0.01405779469099607 0.50323868461827881 0.012762374592068816 -0.0084167642680397798 0.49842014986385091 -0.0057341055152843688 -0.00028083132160892341
0.00039282675803363319 -0.49876574128059958 -0.0018362649156498996 0.49957064011998764 0.0040737454858563197 0.50194723806338404 0.0057132596069403574 -0.00063296679251795198 -0.49958582422220371 0.0071378743262608358 -0.0045576831287194898
-0.0019806839560984296 -0.50810266919553881 -0.015198176623425723 0.50167484538031659 0.0039967152438883918 -0.49507933821886208 0.019757809458121483 -0.0051248341624090549 0.4943360417895038 -0.0037964926760677515 -0.00065114890530611105
-0.0016199703782511659 -0.50468522526244786 -0.0021799775292924762 0.4924626685030572 0.0030769233414532624 -0.49563683025495359 0.006007418616325642 -0.0014067912869136486 -0.5068665308241912 -0.0001955147086798979 -0.01220022656551983
0.00093364036743059649 -0.49650621095177722 0.0017945744071329395 -0.5056580896773939 0.014651877901721779 0.50240095418823483 0.015706275381249021 -0.0039442637062565627 0.49478689285138233 -0.0093592665902896156 0.0014425123965413221
0.00090149113823597251 -0.49470030412316601 0.00075483844228742703 -0.50312709460108085 0.0043608528897616152 0.50010117409544863 0.0084089334248228526 -0.0068446995394848475 -0.50173601814595958 0.010929501184588058 -0.0060914667829492031
-0.00031306270295317328 -0.50354482120931932 -0.015041071369015981 -0.505771768800935 0.0066108565118429595 -0.49620471101186481 0.014207479533180117 -0.003720925598984202 0.49375341383879384 -0.011796607292094341 -0.0010435726184629555
-0.00049971100400405665 -0.49697667562526338 -0.0019740728844676141 -0.50314436363240844 0.0051647067377634335 -0.49450440931354311 0.0026539370462557599 0.00082625542765519004 -0.50486848473109081 0.012125694773055756 -0.015733915598554887
0.00028732406999353987 0.49885547870678931 -0.0044886579495343505 0.0002062888230646736 0.50669486407075004 -0.00063760307522413903 0.50418092958570182 0.0031339502851771175 0.48979779738777551 -0.014947610438541986 0.007021510125611286
0.00048537898174761491 0.49835732856228177 -0.0031292092853771811 -0.0024577035842012953 0.4989177220576454 -0.00031040931735309908 0.50044085928232451 -0.00060558456526368812 -0.50223936470753339 0.003780863842266211 0.0021956128071080345
-0.00070073066525262707 0.50214313819633516 -0.017415822086486572 -0.0027929255900362095 0.50586439247958015 0.015642245297672084 -0.49614198119553571 -0.00076679554786061247 0.49516598117680255 0.0070514940718817516 0.00082284045192710514
0.00053939151223530036 0.4975615397935389 -0.0034799550861131907 0.001207643205920909 0.50229182721999321 0.0014360758936587106 -0.49228931473731896 0.00099865517712841695 -0.50767904227862981 -0.002489299775109732 -0.0050536502227738738
-0.00058764127465487054 0.50194471556947839 0.0023092989475108371 -0.0039613291942738977 -0.49253479564889674 0.0010994710352210764 0.50402218127838005 -0.0090444146185227892 0.50112589498653382 -0.010974547091100774 0.0084044316415919362
0.0002840603153447046 0.4979433885265464 -0.0036576584722828112 -0.0018529079426436619 -0.49349814087606592 -0.0014757226649561245 0.50298672111173759 -0.0017580173529205855 -0.50529847807656181 0.0067074550591178141 0.01107350233517709
0.0003269879071462142 0.49795326533586798 -0.0063580311747485439 -0.0053009162203296982 -0.49021298987351253 0.024248572480127135 -0.48850450574769611 -0.02516970066992107 0.51595215595299015 -0.057430719275124262 0.047979838707498008
0.00087432222340341856 0.50010156638817937 -0.003583659667220726 -0.005015757904880961 -0.49393676583172946 0.0035335152237278896 -0.49064241962908595 0.0008346870476357935 -0.51480040558131912 0.0040681435056282968 0.010341954476732633
0.00061996447179201873 -0.49832582291948685 -0.0056009822574413131 -0.0018222761177663972 0.50759358532635812 0.0013298468625374219 0.50475178907225104 0.0032138470700329917 0.4886500114334878 -0.017708403137873242 0.010303553064778388
0.00080362144387196449 -0.49497402449226147 -0.0036320193675513156 -0.0045372735188496868 0.49993230222403778 0.0014790290834377296 0.50138664891976992 -0.002092936920099897 -0.5035877457229393 0.0011136442859497934 0.0060816588958944873
0.00045008113277507139 -0.50338153438824229 -0.018613397431429188 -0.0051010744185175901 0.50641247258556232 0.018696631626951656 -0.49513150181011445 -0.004564847998927226 0.49416958139209904 0.0056725856122269228 0.0044042016948756899
0.00075919992043264233 -0.49492517257991531 -0.0038440605125910588 0.00016565585621937761 0.50245130279674055 0.0041673678968447451 -0.49133117905927132 -0.0017211410403763804 -0.51095998512638086 -0.007467670477747497 -0.0037218190222911662
-9.4762381685072056e-05 -0.50176316816439326 0.0013067159994543153 -0.0067167363068353931 -0.49249778980159858 0.0028431739754510338 0.5049781353475008 -0.01221997494382814 0.50009392389954754 -0.014131649898199775 0.013373639217895934
0.0009908521741249089 -0.4942133261569111 -0.0027167261344403057 -0.003968780538561794 -0.49238898416069526 0.00038880227952329584 0.50425611792341474 -0.0027969413086279581 -0.5085570802838667 0.0077017754161914738 0.017616332073823342
0.00050229494851768077 -0.49985501647192687 -0.0069911949930582641 -0.0070123786784915569 -0.48930997656773773 0.029855886507024417 -0.48630646797973048 -0.028850694850137415 0.51465481473234509 -0.066138216795512433 0.056221413867862842
0.0013946940234301844 -0.49724145385141427 -0.0043078349750802127 -0.0073169815024327779 -0.49385941353318558 0.0047530673754146964 -0.48959548834060629 -0.0019285359240435273 -0.51847912618139147 0.0018240194841560755 0.015026342463523815
0.00039676807895604833 0.00015106938040563685 0.49068821118122735 0.0016910904333504386 0.0052970857797119087 0.50358279024960961 0.51172642545633684 -0.0033066116113840065 0.4935649372391413 -0.0075125338116875055 -0.0077910200801793571
0.0011378372846029704 0.0023680101594142698 0.49682602634522738 0.0001667598376738212 0.0034086382376110678 0.49698336350015304 0.50359837283741382 0.0021443903273298225 -0.50232703587377048 0.013872148721533221 -0.0034756534003000895
0.00015221346638299589 0.00056236106678792159 0.4995251155517324 -0.00047111021201464478 0.014525648662374139 0.49959762436524469 -0.49961700596260178 -0.00096933636303079109 0.50091342712232423 0.0032165384862837929 -0.011073255056391118
0.00066939917053653302 0.002420856918416731 0.49172531830766325 -0.0018058923913876195 0.003578011322469776 0.50058521860095462 -0.48952764050501368 -0.0020485715439082465 -0.51757987055165189 0.0082109495696899154 0.00065470662320609428
-0.00055319707810309036 -0.0014955837319151582 0.49401833505397091 -0.00087456374566123108 0.0067768830075325233 -0.49217315597931866 0.51425164233547405 -0.0043886480343126475 0.49881126465502751 -0.0028387289522955024 -0.019169959728604264
-0.00013327227248228658 0.00010518671441359907 0.4949095767783015 -0.0080501957249609294 0.0060820267752286494 -0.49613928962457021 0.50045789039433775 -0.0041023293210285111 -0.50759522536213919 0.025756065373612944 0.0041561640392588665
-0.0010822973797946704 -0.0020728562743499751 0.44000278794666636 0.0035857207718402529 0.02839929499074538 -0.45997185341278685 -0.44170728424238825 0.0031198397736881436 0.58827972701659081 -0.16405985573443271 0.16091880990633914
-0.00050310695189003979 -0.00025093719624077836 0.49452559886371539 -0.0012605201692035435 0.0023511617984794952 -0.49485097165018777 -0.49504761858522217 -0.0016151744095490377 -0.51521280661992397 0.0048325202172734187 0.0041439298093914664
0.00084856767249791027 0.0013984951598946635 -0.50279297460348016 -0.0032330628230216063 -0.013897346133387693 0.50404560378758545 0.50354338751957828 -0.0028558575947153822 0.48880054237686843 -0.018139876241879696 0.010576617414464371
0.0010957357320115087 0.0026027290539513579 -0.49600763520259217 -0.00035665128288257791 0.0025721940047441876 0.50098056478645758 0.49884712008031634 0.00036254199174610486 -0.50405529956529038 0.0012288439052045191 0.0076384280579717741
0.00066128501179939345 0.0013941977103830076 -0.51186853672157595 -0.0057780645045311359 0.0053032363541880533 0.5059496477122345 -0.4901070374950004 -0.0012765364990743647 0.49165307704339567 -0.0027612124166856993 0.0021802422344038403
0.0011664055730640894 0.0031175625549448764 -0.50149951816417582 -0.00092103187551368802 0.0034550115235915308 0.49960118707992823 -0.49403912660274718 -0.0025055713455209043 -0.50467959911520455 0.0091245455445257469 -0.0027074804130274147
3.0724067098313274e-05 -0.00074624916886723112 -0.50998666193800035 -0.00018352172015903478 0.019285342759722733 -0.49407028039991707 0.50797633716825785 -0.00018390063080371373 0.48692867816010565 -0.015392667626802142 0.007692979901977824
0.00053667099979851334 0.00067947350628451344 -0.49763615609841155 -0.003994240076034764 0.0037839180590341346 -0.4991475753336207 0.49797865603983055 -0.0035824200054545138 -0.50511744079954835 0.0056916380950643086 0.0027079778567527563
1.471522242384132e-05 -0.0024965732226428605 -0.51700696160512949 -0.0074826465603533374 0.0067725566504379621 -0.4896109518864778 -0.49628007256025752 -0.0045260263251975554 0.49649225286644061 0.0071654151728631479 -0.0025556137072857564
0.00030981399543649743 2.0291290509519916e-05 -0.50139115985388871 -0.0070695577670295082 0.0058853590104212868 -0.49350280796987656 -0.4945757910816127 -0.010662321689571578 -0.50997792967217204 0.00024356089934109517 -0.013443383116867713
0.0003955256137795815 -0.00097908734136686296 -0.0062830318667694649 0.49589512873579966 0.51134511086376067 -0.0090190247063158379 0.0031926625835908633 0.49614215192538114 0.496126844957609 -0.012743860909187282 0.0045589750189343756
0.0006328287599988721 -0.00056868370474968954 -0.01206601417914745 0.49615261822665019 0.50286291293918317 -0.0042427994090557487 0.01056452301745237 0.4967572137985608 -0.50386198941113436 0.0035897322434814568 0.0052940665225963933
0.00076421947772565104 0.00028330191670806278 -0.0058757161826519765 0.4970629582435413 0.50656183641153618 -0.0027452807901358809 0.0087129407486243472 -0.49843557053561494 0.49754746515241111 -0.014607493842147394 -6.532456313724445e-05
0.00062407502848407391 0.0017208336089156754 -0.0015781841341644682 0.49870971057636526 0.50240345275916387 0.0016878713646344412 0.0049019893329988557 -0.49848581702667044 -0.50031410095814566 0.0059014668336590664 0.0030884810406852452
-0.00064668047633621869 -0.0025287699401946358 -0.0093882520724579022 0.47907429326928541 -0.47454781383701444 0.0065277829908081206 0.0057787453936308242 0.47902547757817099 0.54918800790274447 -0.086327364784551511 0.081215428387073824
0.0006348867308878731 -0.00036545461146965359 -0.0067801102725284553 0.49258686846084704 -0.48857736925674122 -8.4943352424880924e-06 0.0055049150134264847 0.49278187175151278 -0.52327204649059111 -0.025220849867365058 0.035914085561095634
-0.00036678648152356312 -1.3478681873238366e-05 -0.0025890579505941469 0.49875113421482664 -0.48939041614408973 -0.0042887810957212471 0.010232335086945935 -0.5088575936930867 0.50262598713255469 -0.0064641598487061892 0.0019171550295611261
0.0009388693571888622 0.0010336525699089143 -0.0052992111702488782 0.49583799610301277 -0.49058955061048726 0.009720151119926617 0.0075611455380268054 -0.50026675262899034 -0.51090704738850079 0.042543178259704356 0.013495694378106366
0.00038357048740528417 0.0003997338593612641 -0.0097902762469565044 -0.49873271399897812 0.50590667785895949 -0.0030209285866174117 0.0040685380660529149 0.49679188187609341 0.49830019005107518 -0.0079897629663615004 0.0057609231680959688
0.00056544084516330756 0.0010312214863209103 -0.0035507363306110677 -0.49910556636189685 0.50190695776094485 0.0019764664818879649 0.0024813099923250872 0.49908972416454517 -0.49984065810112943 0.0047964642219297604 0.0021778113908952957
0.00060837447728071708 0.0018967825324027225 -0.0044481284754181796 -0.49666023755334665 0.50875481910997389 -0.00365492424969168 0.0059397749265206884 -0.49693458243141297 0.49724483752482468 -0.014078318245112945 0.0054902287735615627
0.00087536347641976897 0.0035852598053639404 0.0014675214666822122 -0.49896421328448548 0.50091580979464101 -0.0013207259314408947 0.0022753416224683405 -0.49896630204690218 -0.50108867496518128 0.0030631780733223115 0.0053624693672826218
-9.5736296570257779e-05 -0.00061471049828964943 -0.011473857137851179 -0.50893526251508259 -0.48994951431745049 -0.0040443238028761699 0.00076652386184847298 0.49777742860658042 0.50289453731429645 -0.0097648558233018497 -0.0021805831560684154
8.1799575300665946e-05 0.0013188682861299411 -0.0062642356377216393 -0.50030455613989788 -0.49119402959173569 0.0093900060357530058 0.0062775611155630098 0.49546821697094401 -0.51152229599707888 -0.0059601488491681787 -0.032800502351891643
0.00063246402363172994 0.0014977890601065213 -0.0060246351689125111 -0.50840343049421144 -0.48618056423838352 -0.0078619841917550223 0.0074642454146134733 -0.50895028807448994 0.49589951507367919 -0.0069964717211980151 -0.0015066697824656762
0.00098685487192118858 0.0037974585441592598 0.0011277178126250032 -0.50118264331111639 -0.4929486080890611 0.00088282127478425253 0.0026403762520384594 -0.5013997139369285 -0.50374577470394277 0.021272969399389309 -0.013386285893008318
0.49828728046185511 -0.0016004313844984663 0.49321378600217392 -0.0015044904530671917 0.0094000477492471243 0.50867404603488386 0.010245696478022773 -0.0018411574838859276 0.0085528703598392822 0.49913617453514381 -0.017001178483661637
0.49559941567740196 0.0034469707112036547 0.49431792451582918 0.0021821643138747199 0.0089305743431693594 0.50070312216119273 0.0028218804078470536 -0.0031629708445142812 -0.034174463858790541 -0.50714720988924744 0.029100509656280821
0.50133994604106236 0.0038496546396500873 0.49742986815934603 -0.0058240931380077309 0.012711513437877337 -0.49682374442928134 0.0034890281225086603 -0.0057149175604607775 0.025736554307931276 0.50281961706043432 -0.025354647182965723
0.49774015272544048 0.0019019653157192255 0.49127865295740081 -0.0019498420160110623 0.0050301226078273784 -0.50050442354919267 0.005941774883096846 -0.0061892685904901875 -0.038088741117782023 -0.50843711329388663 0.018164909097022598
0.49897319677261393 -2.3428347398895431e-05 -0.50417385322239949 -0.0027558475590819661 0.014155315522507792 0.50122470075483805 0.014133605653179651 -0.00079149441428063108 0.005262786891936779 0.49510800915400771 -0.0063468774952260233
0.49931760230999944 0.0040486856007245645 -0.49789793010441635 -0.0026710862065501078 0.0033692610535058058 0.50066997812916825 0.0026896297982609402 -0.0034177614574847177 -0.013705407517764993 -0.50163348965457255 0.01521073320132482
0.50048065903232619 -0.0018884980960211638 -0.5105984377676398 -0.0084279314090692156 0.0078245621690951669 -0.49240197089863036 0.010581100774841689 -0.0039782422566005315 0.0057485144668533205 0.49602754463656634 -0.0029440705001480801
0.49710167276775408 0.0011358002326637496 -0.50190161675506118 -0.0046054977639768046 0.0027693753928536 -0.49678532576436857 0.0055750080782697537 -0.0021739854847867648 -0.011732373907681384 -0.5036948589393978 0.016640240262901687
-0.49619256297169823 -0.001682358367809958 0.49318794341292771 -0.0011054581350616497 0.010632827717683079 0.50918662706839102 0.010879053914122772 -0.0029510565716832429 0.007588882148520517 0.50072907094292252 -0.016006441740662146
-0.49669185314680314 0.0029459300969877471 0.49309391735011726 0.0026532296390937996 0.0096486769092791868 0.50112088529741183 0.0032459543185683407 -0.0042763393782787665 -0.037079269676621472 -0.50630421543165616 0.034307153909378343
-0.50009081227061369 0.0003758649164490583 0.49477315097586289 -0.0076714385441788513 0.013846368028881593 -0.49898684388138886 0.0036991930577837365 -0.0047556931157209685 0.025746621316251442 0.50463133836749474 -0.022762847357033458
-0.49976105752022842 0.0010792020634909085 0.49117196811314895 0.0030867352720650686 0.0046430582441110563 -0.50228795097247503 0.009646678615921403 -0.0078311627276417412 -0.037950020046457811 -0.50464553108430943 0.020046078158138397
-0.49532437883666203 -0.00036171489556605899 -0.5053772345021359 -0.0026069663018461649 0.015274051286037706 0.50190086829295522 0.014453789798321307 -0.0013612510663905751 0.0050157630762565674 0.49683076036843127 -0.0051164302655575039
-0.49897509063129225 0.0036656352724325479 -0.49902081762262124 -0.0023301001332836436 0.004741865203302182 0.50105060420269687 0.002654029406419759 -0.0035441255309951241 -0.013710648359458805 -0.50041375942377686 0.016955996158439908
-0.49801014951102412 -0.0026639733706951998 -0.511861996894586 -0.0089029036035744354 0.006743052436491561 -0.49194811693545082 0.010470845725231449 -0.0045132222872323489 0.0045889889896588605 0.49767857841486257 -0.0018374279036906976
-0.49832020250083275 0.0004153590594311254 -0.50225542520304634 -0.0040961845745759382 0.0035158938187529573 -0.49609293979808722 0.0052149682819934082 -0.0017628127471971643 -0.011452486725227317 -0.5027812760059952 0.018123785426714261
0.506290762108495 -0.0017142712590626896 -0.014202717387691619 0.50181791271379417 0.018555280421565755 0.0041245810642430297 0.0042481879278887342 0.49677716323905691 0.013617089814127879 0.49405070449291538 -0.01433036685086634
0.50739530526627685 -0.0070481391991295533 -0.0076577081985883446 0.49477244553116095 0.0042252469087748507 -0.00058691866091405284 0.0029081902414875098 0.49511837635130795 -0.015397851406697569 -0.5022305245772134 -0.00067791931291670418
0.50065597722346267 -0.00024205251418305812 -0.0026849411394425939 0.49745458101306977 0.011892163636422984 0.0073081747882846508 0.012868655074425261 -0.50188925774877813 0.01466952261221747 0.49920572376546618 -0.014158141317982934
0.49967708635074237 0.0029826164224830099 -0.00010190228468045144 0.5003651953451469 0.0061261437770275748 -0.00049878143932766627 0.0042126723540963865 -0.50059385843640036 -0.0099525276472858751 -0.49915284947427263 0.0067983969054344166
0.50371155700375791 -0.0010420707899625036 -0.013463134299521895 -0.50512287629402564 0.013673126869252684 0.0025545982481822434 0.0064675219362687929 0.49674560930939615 0.0082551530490599344 0.49361537345722484 -0.015080160631486183
0.49755334790016897 0.0016867594903339639 -0.0010769138446939919 -0.50141511843852204 0.0017275879653120248 -0.0012499738811857001 0.0039557321463788526 0.49526767560981366 -0.0040064590560329417 -0.50563028148117395 -0.0055894107978799613
0.49765712345304186 0.0013573919484168981 0.00099190955853777486 -0.50248706670380172 0.014792550050951037 0.0029487136093024531 0.01438449218012555 -0.50253485522823682 0.010822818124207479 0.49658042219900633 -0.012504038842768753
0.49786173974881315 0.0039649693701676912 0.00061050208541437248 -0.50121476241969509 0.0079395371949741896 0.005253555184553239 0.0039921394238734429 -0.49959088712009642 -0.0058798256292180535 -0.50114632390544822 0.0046387773178459199
-0.50468889611848089 -0.0038572731663162859 -0.016128280424028904 0.50150182159442547 0.018856417417167162 0.0048014686343009023 0.0038282338885705924 0.4968252853597353 0.013975454384142875 0.49589285422722279 -0.013280314802641824
-0.50503239549455614 -0.0027654009115830346 -0.0027904912366236174 0.49390507165904829 0.0050655037536002723 0.00041922036492741423 0.0030062362891973963 0.49644630181049915 -0.016660481953090951 -0.50419356949186278 -0.0014474526459914172
-0.49818814197026456 -0.00051100997917586115 -0.003953948741173414 0.498497829245581 0.012728560369397826 0.0074026851954092209 0.013857672007864381 -0.50227515590040439 0.013387633130296162 0.50026592766615074 -0.01257712947671432
-0.50002100884353928 0.0018647865320916997 -0.0017043007101022497 0.50138370747433281 0.0055822118197870431 0.00018904908037175661 0.00388728862547104 -0.50121525637976538 -0.0098690595480887267 -0.49717282359170595 0.0067624404692463664
-0.50238673333792017 -0.0019677638222527559 -0.014592064157795601 -0.50491833891549487 0.01458033646928193 0.0027642534982209939 0.0070133177950207678 0.49697641059355324 0.0077064177091409553 0.49491712769822777 -0.013817451905035458
-0.4987572449886391 0.0015340031279487286 -0.0020019903623629902 -0.50174905265354663 0.0022184612686509289 -0.0012685208192635858 0.0043281524238929399 0.4950053358805761 -0.0028708488244242303 -0.50437204316647688 -0.0052717863754885774
-0.49662766794424551 0.0010987267874403475 0.00087150942243313743 -0.50410280240181293 0.015969585127822723 0.0026827470216114449 0.01472939275319456 -0.50234888347349194 0.010280141177147768 0.49616782556095995 -0.010843632716047335
-0.49850167986865401 0.0037728064584659853 0.00040011139071378655 -0.50108052418255333 0.0081795786648251236 0.0056286449709704763 0.0041070205105177612 -0.4995389016195258 -0.0046456355655068119 -0.5006997259571444 0.0048603283780896487
0.49977548556257306 -2.9677571256630891e-05 -0.0045965413678974486 -0.0011696353316833824 0.5038632788596249 -0.0031825181843968785 0.50767105070754326 0.00011307810353126602 0.0014381672697577176 0.48843562546616709 -0.0035067994858004356
0.49628512924534762 0.0026701894024121695 -0.0028007695003021888 -0.0030193140771458487 0.49988101478559865 0.0015624565664333439 0.49978782950718076 -0.00014195163017289119 -0.015418798806268515 -0.50353637701884679 0.014798404844209625
0.50284217479030069 -0.00068546634866815232 0.0010828914528096232 -0.0053104983871186768 0.50543482229138725 0.0099563046668843178 -0.49143015768317561 -0.001803587312881258 0.0055192938950410116 0.50001508959962471 -0.0020026266639166933
0.49606353527818681 0.0024431746034439933 -0.0040317372451853959 -0.0024628366061913041 0.50370034520608331 0.0021620698610687389 -0.49259953068643797 0.00099440481414408716 -0.012585796591078557 -0.50672424512782721 0.024306742672723661
0.50295861492767158 -0.00098133892993200206 -0.016401355777443265 -0.0040396066486199714 -0.49590667042678699 0.0025752343578689879 0.50610487154095285 -0.017030008940900065 0.024639712376285101 0.49364298362111697 -0.0096754968137615811
0.49571140151194226 0.0022536751924226808 -0.0020336350301845916 0.0006687067392330974 -0.49285444426516373 -1.5794862429723747e-05 0.50194015233432521 -0.0027260174905504508 -0.021715025311481732 -0.50880788119409015 0.0068330850566009991
0.49965058232734272 -0.00071250057279429585 -0.0068081212659334995 -0.0069443062793325275 -0.48699818992847771 0.025673363773613116 -0.49062170039529174 -0.025859948298755497 -0.042953556069787117 0.51760366546921799 0.035929140066942387
0.49867196150551429 0.002622196797083102 -0.0031373060510189133 -0.005407901493915129 -0.48994032752229388 -0.00045240066393707453 -0.49443559205543813 -0.0053135357920003762 -0.015810026219288835 -0.51567966085641925 0.023839540714751972
-0.4973348674712566 -0.00040313033909709169 -0.0058414302006424184 -0.00098849210059137084 0.50399272969012654 -0.0038165719435495826 0.50797132714575588 -8.9768412615000623e-05 0.00087827441558115593 0.49046902705754325 -0.0020036787765518121
-0.4971322181987991 0.0022568744703712314 -0.0035777859848082935 -0.0030274573691285896 0.50038617359676385 0.0017022574042282346 0.50029096014343011 -0.00034060784860886757 -0.015594446230633944 -0.50163188912560308 0.016564357298346898
-0.50013714083020255 -0.0014038409631972582 0.00016744725081819755 -0.0058045781549301177 0.50596172620071911 0.010858296978996387 -0.49137980399367637 -0.0019321008508168408 0.0050143906458070949 0.50222337405805839 0.00081919651822046145
-0.49611729552603312 0.002228726822058465 -0.0036842567869733458 -0.0021318966174754539 0.50444173184248853 0.0019327096384669225 -0.49203816205640999 0.00074527601994656676 -0.010355735920620758 -0.50632519951943677 0.028368814631217369
-0.50228199864292544 -0.001491749564690928 -0.017878363226095241 -0.0044790426065881303 -0.49580491797343473 0.0041455936192825978 0.505232622304158 -0.017578703034292421 0.024789449468838421 0.49526323527475702 -0.0078718317180038432
-0.49682487146128518 0.0017478718913600095 -0.0027804948532296008 0.0014457625496224777 -0.49236966551365818 0.0013169620707298867 0.50185168034856698 -0.00355680160882209 -0.023347906039615493 -0.50818928672916652 0.0073015740853814544
-0.49821027920497268 -0.0010482575037725739 -0.0074485638005132981 -0.0066258317901415819 -0.48545407254608886 0.027683976296488996 -0.49014968547767296 -0.028924067251902011 -0.04790124059166178 0.51976830843527644 0.041437155570775153
-0.49855724608138025 0.002557742463456923 -0.0041917645797652087 -0.0054425639476986384 -0.48944096896504197 0.00081452504906342723 -0.49467483132814039 -0.0044551153275862775 -0.015541793918328793 -0.51593726702830045 0.026037755648118263
-6.7203267603892726e-05 0.50187657403184993 0.49490458140469157 -0.00061669311479082645 0.015721083603086178 0.0012188223566148692 0.50515547818804796 -0.014583069394601973 0.0083626326142739182 0.49657589945500408 -0.029800273795386283
-0.0010913416602174163 0.49850473362344389 0.49397739752919922 0.0024849590827284319 0.0038561812031924552 -0.0028506885127034935 0.50170030643855068 -0.00037474433422146869 -0.0044797212791463986 -0.50528090962722905 0.020415563383312331
0.00085992980809980718 0.49716528105233088 0.48722055273962833 -0.023905557785642708 0.0067507798853780644 0.0040081230009121564 -0.49087022383265699 -0.023057293461906592 -0.036700355064740113 0.52027173487527856 0.035974344379819292
-0.00011529377157789552 0.50091658085127955 0.49137419959932727 0.0030175899243190503 0.0054007754768052767 0.0034093158469041722 -0.49469567259000002 -0.0026777272254199722 -0.0193936167895679 -0.51210001674427708 0.015183735391806419
0.0011778192279780597 0.49794559706827918 -0.50508311791171556 0.00071230003621455178 0.0030882158176415131 0.0011565513790297228 0.50711628180833612 -0.00093054159628876208 -0.00016086297514140903 0.48963958861333989 -0.0037034100879272127
-0.00040494882766240408 0.49902054788260453 -0.49874572904648468 -0.0019978000024515642 0.0033673857511231152 0.0036637228659005031 0.49935728075988317 -0.0011273565482833772 -0.014422565128122683 -0.50233950437693753 0.017038790601564879
0.0013303953638150233 0.50094422712256637 -0.50617389566354842 -0.010386573999342908 -0.0025595041075878347 0.005316734104186112 -0.49160708386713037 -0.0028413314463428454 -0.00054911295750041591 0.50095571950654627 -0.0074743938342315122
8.3605587219717672e-05 0.49848527764398121 -0.502316356220044 -0.0024876574008960853 0.0050299686426556476 0.0030242235170472123 -0.49309176041174768 0.00022992753289626254 -0.022567674523609509 -0.50523806406793914 0.01535336885526432
0.00043904902337505954 -0.50342183230576143 0.49467095342640333 -0.0029318921175197593 0.017447978734414313 0.004163391807712343 0.50631287807691816 -0.017129445480167305 0.0073064993291813204 0.49408766181340974 -0.026728283666339923
-0.00064224133080799937 -0.49396716101197513 0.4933218706108618 -0.00013612942945383428 0.0043543559206435777 -0.0016415559194476737 0.50200435690201795 -0.0029110543365982954 -0.0029443824724976822 -0.50977935640019989 0.026596607046674135
0.0012358412133972325 -0.50021907195623727 0.48493487767920784 -0.027266188426587446 0.0076877480972317768 0.0061705370075378326 -0.48980289939850696 -0.028514009226700551 -0.042500874725296699 0.51878031877837538 0.046017634047539294
-7.8011395909207987e-05 -0.49646813135881362 0.49072259574531729 0.000392510659207258 0.0060047244151457489 0.0054213894680022953 -0.49418386066617054 -0.0046555857293782074 -0.023113491790322415 -0.51720593128472314 0.019223651067392152
0.001583848503081222 -0.49893599007149919 -0.50536973763514037 0.00092590881915661334 0.0038569375584499451 0.0031924522019729151 0.50833224650513464 -0.0025099943964984246 -0.0012990994623012923 0.48705872525016192 -0.00010040814361924344
2.9646338889949245e-05 -0.494320860492798 -0.49935870322118298 -0.0033124929887173682 0.0040340202628654925 0.0057938030808886761 0.50050350597531335 -0.0026802175129804632 -0.015839772174812243 -0.50501090939867288 0.020714665888429799
0.0011282645096438964 -0.50257340503104764 -0.50657207967214679 -0.01442373681794925 -0.0013275408443893138 0.0075279893364639354 -0.49159448488430635 -0.0044273580847028343 -0.0041456355628726269 0.4988259112515826 -0.0027812588742802415
0.00030369646693061998 -0.49371176937707995 -0.50313892992506482 -0.0034136228860313501 0.0043585705612131263 0.0055340823429197517 -0.49184893549201725 -0.0016809480385591544 -0.027310805703613134 -0.51003808802237161 0.015349444364876792
0.0012821115761428776 0.49810663427057433 -0.012282688822587845 0.49401624219463119 0.50830696181034907 0.0053099328914264932 0.01033810853842196 -0.001582055371984909 0.0031027253437700443 0.49905459570695149 -0.01032310459166343
-0.00073908196521129408 0.49873763507287044 -0.0035112370956358716 0.49927220868089239 0.50188020044093073 0.0025638011500909658 0.0052878252894303229 -0.00012860298584592113 -0.013457169300819975 -0.49975340953758296 0.011059200545928828
-0.00033422772965729296 0.49852944828076767 -0.014924707424936212 0.49615058461108702 -0.49959647780502553 0.0066821281871705246 0.0040588433347226709 -0.005763443984300877 0.021415719162057683 0.50415843664972471 -0.027473309714317828
-0.00058509808564712789 0.4997621389837103 -0.0045045817531913909 0.50003328798607838 -0.49119106578716787 0.0027627123523791719 0.0054263522292956716 -0.0060811827574756838 -0.017344013825626808 -0.50688075571598268 0.040152766355581362
0.00086663690769746944 0.4972232101659137 -0.013863329211051207 -0.49954208465690331 0.50500424635266661 6.1147273872957477e-05 0.013214800332772421 0.0015390442796294535 0.0058748367973273713 0.49767711013913818 -0.010513331080700527
-0.00039250409016227636 0.50213068405121841 -0.0013706578056190339 -0.49847877504416765 0.50043859198722185 0.00067919628887312862 0.0023914494178146149 -0.0011560410108806516 -0.011559805059601221 -0.49863140350943147 0.012978729704813001
0.00060097309947314368 0.49661795677336373 -0.0082654980220444787 -0.50948431500796865 -0.4929257835729105 0.0016551728985062741 0.0093264866973517598 -0.0025027879791200995 0.014920147727821974 0.50030210029017708 -0.011447304129495163
-0.00022853931287380991 0.49913944830681295 -0.0053535073137752787 -0.50091530068854617 -0.4916602190670446 -0.0017059613450071504 0.0025320051008556159 -0.0040547710442362956 -0.028005421537325988 -0.50606709383685378 0.035654169098695954
0.0014482776909605745 -0.50076081792104232 -0.010198730743829492 0.49213081411082754 0.50945383714362891 0.0084562663458949087 0.011035657509312801 -0.0042826532288720784 0.0014534958329991592 0.49714031746945014 -0.0058564529045920547
-0.00075733982474494421 -0.49690343353726452 -0.0042972193905669439 0.49739186867990304 0.50191374602395888 0.0042861549199529865 0.0057518959225019697 -0.001549296222956341 -0.014211057629724827 -0.5032811344741609 0.01428805018349483
-0.0026631337934842495 -0.50364278942884733 -0.016310022566330375 0.49508113090853306 -0.49854813102714107 0.0099980116958683033 0.002832844281619484 -0.0071552060078888856 0.019006459900028 0.50127059787903872 -0.024952482296071492
0.00059570106811267091 -0.49728209862869888 -0.0044209924572523847 0.50078567679703057 -0.49150984563545219 0.00043050303733718878 0.0099842489217340531 -0.010454137084127476 -0.019886850475480305 -0.50769594959571174 0.044300883833458586
0.0013061223824388317 -0.49696264051810968 -0.015581983567534305 -0.50162612489214631 0.5053916087680338 0.0012349603277866279 0.015017409092832244 -0.00097644253413015037 0.004568144585639821 0.49541842771325706 -0.0067745677731362811
-8.304993895689742e-05 -0.49576236096346749 -0.0026671107005700463 -0.49974252353554321 0.50175032302831424 0.0015954524872237063 0.003148081037752719 -0.0032735028454139144 -0.013164302123598043 -0.50224770219201142 0.016351136815571658
-0.00051182817907968747 -0.49786312706230429 -0.0090267408703866171 -0.51200660731695802 -0.49244081026929959 0.0031818094021186802 0.011371611630602038 -0.0052855214632401854 0.012104571596764214 0.49702672216932264 -0.0072379371925021963
-0.00043875902198813445 -0.49306371501783031 -0.0063952131906775808 -0.50269051592294589 -0.49014310013135598 0.00041633988441647853 0.0032957044696641058 -0.0066737267666978888 -0.033556627349547459 -0.51068644109284389 0.043895401528745805
0.00094468472680073483 0.5024195929659907 -0.014976993671474171 -0.0026660867542936096 0.011584113109013748 0.50343109461423619 0.0068485997487338851 0.49722812072937772 0.011838249776438521 0.4961677325621941 -0.012645661681484534
-0.0010023842872368168 0.50060160280134136 -0.00072118528766884247 0.0023149427363147422 0.0020161936981041729 0.50050434870294347 0.0039740254706442449 0.49628364286350551 0.0068335753942295463 -0.50248917820906358 0.0052119382757044577
0.0014876480565263444 0.49748046371529808 -0.012902298231821437 -0.0028750247521955614 0.00099747029307619144 0.50128363583024849 0.013327999791157443 -0.50139630867355456 0.0099285974118588621 0.49917322652882207 -0.014197904776534109
-0.0002223588103743795 0.50233642424493541 -0.0037226635145037211 -0.0044437655548443152 0.0038681478544563327 0.50072285278461004 0.0035090448487490895 -0.49857586629256101 -0.0021742637986070885 -0.4982387570925354 0.0070235284246744131
-0.00031073949787522329 0.50308111863673699 -0.021545841724998058 -0.003428344901520098 0.010316589334189726 -0.50311060690581777 0.0041677844130960815 0.49673068893364136 0.011430606181234967 0.49595157542986457 -0.018687647971366107
-0.0050589921505362441 0.50744015278678167 -0.0059371456919588622 0.0018072303823945437 0.0064254643614208721 -0.49565765549419932 0.0027971077502266196 0.49561874961710556 0.002814371445990109 -0.5008257684640457 0.015570622570475205
0.00096201885659141567 0.49854975638325189 -0.012812726607815466 -0.0071495274967579179 0.0019613953776348825 -0.49852042171843314 0.011898555276359692 -0.50131949644879847 0.011756338579523646 0.50077561027533046 -0.018117361851178067
-0.0007136173925131968 0.5020563974457769 -0.0048250298677522006 0.0019018178866411991 0.0012282819865375649 -0.50075460335344313 0.0036371007660897987 -0.49971792601065246 -0.0047513736491127962 -0.49729480634337464 0.009967507570372014
0.0012198600801109319 -0.50409425654745799 -0.015378074168536373 -0.0041049874402330003 0.014069997648951364 0.50580103809882426 0.0063921133276987775 0.49621963470589875 0.011734426987157652 0.49307651875038078 -0.0080353154500667021
-0.00080709764056279996 -0.49617067443984686 -0.0011283370307413722 0.00087270070623767404 0.0027521385961000603 0.50284360368100978 0.0045466529006777858 0.49399318734506381 0.0076202530387015103 -0.50674945948642258 0.0070489358403913165
0.0018739666882164406 -0.49676809960091506 -0.014135611901110142 -0.0040236447566223497 0.00073110387596739322 0.50487577420935847 0.015352185708070164 -0.50334613878261458 0.0084154504741662337 0.49430740210484941 -0.0099097787419005889
0.00017316843187060638 -0.49371501248644689 -0.0045408005959070722 -0.0060800905662505315 0.0034517499624342946 0.50298041238537194 0.0046511376864890892 -0.50045788974515903 -0.0023340435113168609 -0.50259143884914337 0.010164920667322479
-0.00054344037913589256 -0.50846459964191393 -0.023440167891731603 -0.005780249682821946 0.01107801927078021 -0.50115428006573259 0.0045268830109248493 0.49557853381628664 0.011359737789297195 0.49356318330114807 -0.015812415529842822
0.0034252800260315859 -0.50427586713704031 -0.0073703745204556463 -0.0014492039551209492 0.0007715694428259422 -0.49276878760806042 0.0030787663369895831 0.4956946899945685 0.0026512608816256986 -0.50664498329034713 0.019928585966489706
0.00066956089337857623 -0.50011093831620912 -0.013569696990644304 -0.0077234047633677524 0.0034138505310217743 -0.49761880370104355 0.014826366408593781 -0.50312436536088168 0.012175459239156448 0.49834545871460295 -0.012581694838292447
5.7552038383669304e-05 -0.49788463913258091 -0.0045014976733601516 -0.00046996450466909451 0.0023252368570461537 -0.49983381987231312 0.0044988572099815688 -0.50193790680311767 -0.0038442797681868877 -0.50008821226138578 0.013647113586339989
0.00078048721080280735 -0.0029620084469158736 0.4936430184421991 -0.0019450505490356737 0.51456517034125138 0.0042768389227168906 0.0072343612929840805 0.49250365303564003 0.014711688869601603 0.49773107520578314 -0.030707610394660443
-0.00110157902241998 0.0010693539190047411 0.49459232235059591 -0.0077079445647947279 0.50078384770575524 0.0041531494410763474 0.0060978959835466286 0.49641806561449592 0.0071328936353427458 -0.50767209042713002 0.016280194129468874
0.00046829934094869011 0.00099666417869023619 0.49011471706772952 0.0013427980152105265 0.51268042584337736 0.0029552344123993969 0.0056921148160629384 -0.50333163155329619 0.010103012230998862 0.49305338368524426 -0.018861452679520708
-0.00058108655116803534 0.003878369691030956 0.49643194738053426 0.00076047968384254064 0.50419046762634701 -0.0019300329031338419 0.0035109226373669384 -0.49674771524788075 -0.0038143608572130871 -0.50246008244382045 0.0087354579355565058
0.00028490486731844584 -0.002788547200387393 0.43998231957728756 0.0024564830759878599 -0.44129585805497151 -0.0029512466003410601 0.027472056447117459 0.4595925998504839 -0.14758728781056138 0.59772054772674565 0.14359314179391061
-0.0012798213334543934 0.00080568660392587145 0.49515874515408304 -7.7333465013580484e-05 -0.49455782910360729 0.00027212709794279178 0.00097021890666305107 0.49451578086450704 -0.013403217338404884 -0.51501921848171606 0.016023831417346937
0.0012494363848804156 -9.1052363475140592e-05 0.49967009540884605 -0.00063904652403542356 -0.49873660483100113 0.00078796666043637982 0.013375649348928875 -0.49999499807793757 0.02008282312902343 0.5005176133871978 -0.022223611495872247
-0.00038042794281868388 0.0032665918538245112 0.49242951806058977 -0.0010164735979706046 -0.4889530247184945 0.0018189367543612605 0.0026390872834159782 -0.50103609855319831 -0.009859135885364953 -0.51683378575494199 0.012823836037180717
0.0015088744359841491 -0.0016395227535702607 -0.5105674965378183 -0.00098291766547860954 0.50727234960988743 0.00016769510646902981 0.02033008093467259 0.49448642154433498 0.0022062327892473604 0.48686409578898748 -0.0042411437819948692
-0.00025952156243009157 0.0014288131020962233 -0.49800298618834732 -0.0031225684216725511 0.49707322620599825 0.0037604793191060577 0.0048143467120310788 0.49932420276322109 -0.012124853491038595 -0.50515321058738871 0.014512663496203278
0.0018398091119117908 0.00053784338363034351 -0.50355974644178492 -0.0032557430254665618 0.50335851195391634 0.0026084271801316609 -0.011640085451413327 -0.50377939447143438 -0.00067687240308480666 0.48898527255509822 -0.00069818593065710665
1.6890188498451503e-05 0.0032558279881930358 -0.49637360128973057 0.00050088219048176081 0.49860248670976737 -0.00029587611553446588 0.0035920104544852715 -0.50052527229811195 -0.016623591312747113 -0.50378991237114124 0.019462752103153003
7.4097665873287587e-06 -0.0026951414483553197 -0.51657583603957313 -0.0078298250552550231 -0.49670214864573348 0.0039846478268699996 0.0066399337929257968 0.48945434459160536 0.025181612447730373 0.49586990401540504 -0.014873273197555499
-0.00058283595694938581 0.00080316073788007022 -0.50042038016822565 -0.0065114851681682415 -0.49546657325322724 0.010492755320273772 0.0057343025887509873 0.49316973141373144 -0.01719459413903425 -0.51028108334516575 -0.0026704842949380036
0.0019577831929658176 -0.0006153422667144325 -0.51164891645775812 -0.0061985547424957691 -0.49035353473966292 0.0011951928316474277 0.0053761807303598745 -0.50618841077319143 0.014591437951856131 0.49109884344447702 -0.0088397123054450837
0.00055615785581604666 0.0029915555095587037 -0.50081620615049338 -0.00025779971943473034 -0.49428843015722673 0.0020543071772642194 0.0033304919324955353 -0.49994588081003699 -0.0087997719825771113 -0.50470821265857557 0.0091508626770508226
0.001434592450271295 -7.7157725420713645e-05 -0.0055137666630238327 0.49621319243243373 0.0083852201581627629 0.49867920956520045 0.50655357164204551 0.00308637679375384 0.0027656550760238401 0.49822192737753568 -0.012245473526946868
0.00017001711150441568 0.0020253189010121068 -0.00095200285847082315 0.49893870032035487 0.0039367482616371663 0.49899221273891942 0.50208566673258959 -0.0016433988482927855 -0.012403368205302259 -0.49959456854337575 0.014321866875641546
0.0019022924839477917 -0.00088539209668021563 -0.0030067873120913215 0.49825405838135878 0.011063710150572361 0.50873971422499242 -0.48938407299260667 0.0037386385560206768 0.0098480384403130082 0.50307245816743917 -0.010065636782939182
-0.00014969885635403234 0.002046047839503135 -0.0056697991683674108 0.49609614872949404 0.0078627471694801988 0.49996744973649954 -0.49091197738013564 -0.0093855332460482735 0.023818071041665792 -0.51133638216042021 0.026610679884850646
0.001649208549486969 -0.0015293897802603805 -0.0069059008429835844 0.49540983128452798 0.0020781666089193349 -0.49607749645727406 0.51178831746764508 0.0097331345409190466 0.0042983391897927015 0.49631555629423973 -0.0070373621951579724
-0.00074280389947864347 0.00028291329042246118 -0.011457336585751866 0.49675786256877486 0.0097672014841386889 -0.49629184778259683 0.50313999636084994 0.0044627476388849245 -0.015145390069002762 -0.50300410067413748 0.016924745988615261
0.00074100107383893196 -0.0032899396928752884 -0.0099162544740143983 0.47885482950987796 0.0066609413082695705 -0.47903450977729956 -0.47401066164904926 -0.0055605546975129126 -0.06995052890973863 0.55407206375793916 0.066812889569009881
-0.00027354086832086471 0.00012661675093293104 -0.0073980248157192296 0.49350493335033635 0.0060711437165700596 -0.49287725552561118 -0.48835516973853293 0.00028181293666201731 -0.044689529289078517 -0.52029627952493318 0.047296803130473679
0.0013052508910309935 0.0015056421780331448 -0.0036810687784605157 -0.49753882376898179 0.0056633252073613619 0.49691258576700659 0.50838755887864517 0.0039927840500317046 0.0041134680032511401 0.49694079879308062 -0.0065173859587729366
-0.00021477394642594719 0.0045928673883005302 0.0025126200927553378 -0.49883870165677374 0.0016691921117592955 0.49903896281645171 0.50051615632663371 0.0010263704089457739 -0.01435966751602046 -0.50110494686101881 0.016123873597076826
0.0015258947502394451 0.0011092190826095878 -0.0067113135127312464 -0.50870825355525995 0.0086329679598327377 0.50877291625668952 -0.4864657065335723 0.0072775133540624757 0.010779559982053731 0.49522895450005489 -0.013158333456287957
0.00030791011901972994 0.0041732585692540979 0.0016013934316177134 -0.50086672115185316 0.0028280756052049701 0.50098622301319617 -0.49334987705191041 -0.0013897925218464675 0.0049183022560721178 -0.50467425260284027 -0.00096694238634266992
0.00084237329054478419 -9.8924854853206265e-05 -0.0093808098238018951 -0.49934014918183506 0.0043221651536167827 -0.49685901397456944 0.50621038519639661 0.0029668410556800227 0.010422075878832088 0.49727783590066577 -0.0056136969655301849
-0.0014649403377653958 0.0025560163450996597 -0.0026360809373989357 -0.49843873645178904 0.0016188820640680821 -0.49905422248331649 0.5020363665962565 -0.0019618517396395689 -0.011976426763449639 -0.50010209504229897 0.013984189042810392
0.00024194122662955409 -0.00089651656724039396 -0.011666145743006468 -0.50897637429325682 0.0021350370449228031 -0.49865514412193668 -0.48972714884524599 0.0043096846331078754 0.0081735932751656123 0.50204740671338322 -0.013225661512258811
-0.00055204437814057995 0.0016849890066587448 -0.00656794357924492 -0.49957972664622508 0.0066565723613914423 -0.49595654693570934 -0.49098042748458737 -0.0095172629640677998 -0.022480044032901703 -0.51210582822665518 -0.021130980705472313
0.49734819035234284 0.0031096545783868383 0.4950857997468226 0.0018585977266115104 0.0051503702684659834 0.00087456864938307481 0.50392815566024274 -0.00090618779892412459 -0.012588480217524846 0.0076589921808029298 0.50332184105410571
0.50126570258237113 -0.0010116146409583464 0.49074062129376739 -0.00039872004709954787 -0.0028959670452617802 0.0034495735093640731 0.50426524081204593 -0.0090673545513626965 -0.0083831667553573887 -0.013599497028510051 -0.50325341100519139
0.50067144576463518 0.0030966004753516974 0.496098764744482 -0.0035928603777650703 0.0057296997708486839 0.0041681521621602796 -0.4896929703616516 0.0019920080690234826 -0.011062433744110312 0.0057662712609857347 0.51301327257730656
0.49756716968103376 -0.0013551922361629972 0.4892393043165571 -0.023669155500921607 0.0063887523300761653 0.0047461005026058385 -0.48858769330709662 -0.0256032214732346 -0.04793126047045957 -0.061618269498541635 -0.51669984691867088
0.49819484715109003 0.0030480713892109814 -0.49733720870447895 -0.0023405885676122235 0.0036530248342652974 0.0042466705857809681 0.5010032883479163 -0.0023765165748025549 -0.0065129880184288816 0.0025595815896316998 0.50334136922897665
0.49823756854046081 -0.00055752358769642406 -0.50819169055370073 -0.0020891047635286189 0.002877184896522503 0.0019055818407212421 0.50416720497057399 0.0011467370377233126 -0.0090465754912373957 -0.020243475943826802 -0.4886782396430554
0.49811199832659464 0.0023964741031862668 -0.50039748622679048 -0.0042304999209539663 0.0042198022758561521 0.00023022534282321093 -0.49171272783195097 -0.0010124909324073941 0.00151549259380927 -0.0037280712258663312 0.50955536094288889
0.50251973846097442 -0.0026114491852944561 -0.50729543459223614 -0.0185999168804773 0.01552175906364933 0.0047278562105897278 -0.49589927233779368 -0.0041766792058858812 -0.0024553839133230866 0.0029052208787282287 -0.49351919731915583
-0.49486998069655569 0.0029984506495898205 0.4939323201890472 0.0017996524401638803 0.0047989978938024758 0.0014829739528644998 0.50408750281201997 -0.00028850054790287787 -0.015514691404196158 0.012272953214716121 0.50655846797434922
-0.5022952752172275 -0.0012402983061374595 0.49104313010566458 -0.0007330094988130917 -0.0023802472240288999 0.0039781989966126644 0.50454057743089653 -0.010521820499608469 -0.0097358950416417556 -0.013376420409213437 -0.5016043404192283
-0.49676618971345998 0.0027092579972014591 0.49551565532764008 -0.0027344265466252536 0.0062252751753526393 0.0044655364853577288 -0.48967047815372916 0.00077294948226284738 -0.01321340093019416 0.0069872597343889819 0.51731314062113609
-0.49974841192793701 -0.0015652298203775604 0.48795714717123945 -0.026737572295373449 0.0067903936947261798 0.0055126272593384405 -0.4867566320886822 -0.026791741897042937 -0.051618900814245743 -0.065463348171816094 -0.51648400157818042
-0.4952280067990113 0.0026046439648216681 -0.49844039409779117 -0.0022030571983358916 0.0041347316919992071 0.0050308547328100544 0.5010144900399307 -0.0022457861036269127 -0.0067822238013482876 0.0042433682394047781 0.50514135067118138
-0.49891441499478195 -0.00098793259072294101 -0.50927245357969075 -0.0013463031400320375 0.0033327341929142947 0.0023651047625867683 0.5041418517379328 0.0021486191187922912 -0.009288161831176981 -0.018736013393805536 -0.48693485577506596
-0.49439451889845842 0.0019928838629797961 -0.50091418953495659 -0.0045280672818505379 0.0045841653410998197 0.00049644324511286442 -0.49168442581669741 -0.002057366601393737 0.0032433586276468247 -0.0039224928220662316 0.5126690801339342
-0.50293585422010445 -0.0019481631801328313 -0.5077523441366304 -0.018311601694488477 0.017309454612866471 0.0054760001543001932 -0.49625752972194637 -0.004289290710472746 -0.0025998771900508743 0.0047792322285899807 -0.4921939002343958
0.50019933252658433 0.0022828200005711643 -0.0026885588099076112 0.49517922080681742 0.0026737595576203227 0.50116980376557707 0.0025704617693094161 0.0019140698092393604 0.015768064220796379 0.014538943461236841 0.50292854616307281
0.50299273025957514 -0.00176928875230755 -0.0079584765776787754 0.49648384946626156 0.012451796952086317 0.50488872577661958 0.013603139789244285 -0.0029122284808877933 0.0033391632140260378 -0.011957776913294665 -0.49499524765683484
0.508782245081422 -1.3783958479593767e-05 -0.0039774593146084817 0.4948408289478351 0.0071114903310300452 -0.49508784813069384 0.0053680864666700231 0.0015339587200520668 0.010700991194058299 0.0037942668425399407 0.50093386091084435
0.50521608038281973 -0.0002768818350613614 -0.0087451192577910793 0.4963334752189747 0.010669238439564471 -0.50231783241851491 0.017609387702079676 -0.0039467600519290094 0.0024494497906666591 -0.0064120494691922176 -0.49550319946288407
0.49978894978718968 0.0044566514245290966 0.00077173785728991071 -0.49984226102393703 0.0036696274100463653 0.50114502873545841 0.0081387536473307986 -0.0054329990065990295 0.0058427255028896076 0.012804222729937521 0.49889338951534207
0.49711025242662132 0.0011290318518954107 -0.011642902499591115 -0.50193471504020826 0.00050388647911107161 0.5023298153015503 0.014251557480724091 -0.0037693408366351162 0.00087446536966670528 -0.010370135376766702 -0.49814153653098486
0.50079722981262054 0.0034382730473916144 -0.0023394639624147455 -0.50051618926375352 0.0013230885404050526 -0.50046372642545867 0.0062863952583714685 0.00045265479293285098 0.0037250704297452342 0.0086579441771486923 0.49807040892225923
0.49932831133300964 -0.00069173308326979182 -0.013293160512919327 -0.50188903156989451 0.0027623579577275657 -0.49799075645168411 0.011467943091154977 -0.008152102191995008 0.0021242821383905697 -0.0070235528832134526 -0.50034709291518153
-0.49660588244607806 0.0022243892024548344 -0.0036858268265533597 0.49507281511882328 0.003258134531492696 0.50190572053382732 0.0023552839019445135 0.0017250994057539993 0.016427547376712179 0.018131706128554779 0.50570728476875371
-0.50362168333549395 -0.0021329835744959558 -0.0081884311230266682 0.4972039026397555 0.013511824823256816 0.50488393617438621 0.014575970545277024 -0.0029332336894408628 0.0031931029164878515 -0.010897979265326093 -0.49360054315045249
-0.50266641954148428 0.0013151437591853573 -0.0045481356902305273 0.49684856807455319 0.0005421999413319457 -0.4933273844389563 0.006021096274369149 0.00038297112236462626 0.0125104126906772 0.0047204408859421176 0.50681176037362596
-0.5063100186916909 0.0004146889757434695 -0.0081989894589989468 0.497322398736396 0.011018943410541359 -0.50119055362737053 0.018803581094182006 -0.0046643801646235666 0.0031405657102150548 -0.0038345770677441849 -0.49450977229439286
-0.49632604161372562 0.0042289114810226472 -3.8335199318302516e-05 -0.49958337230352029 0.00400336390821107 0.50168099138389244 0.0078910681144274859 -0.0054531088809122667 0.0071944217406258552 0.015379506673383088 0.50197499046399874
-0.49716589629982194 0.00064208263410408454 -0.014677300807189514 -0.50276586091674869 0.00099686374824436877 0.50327218550282993 0.014752153778808671 -0.0035170744044141678 0.0011695939168897673 -0.0090055747954628576 -0.49622613252932063
-0.49907159496346881 0.0020212901279282047 -0.002100068132519103 -0.50077028934081647 0.0028434542874614067 -0.50064383355855413 0.0057272657607917339 0.00021140322198999787 0.005028801860974378 0.010794719770291509 0.49932070867750766
-0.50020817172345455 -0.0006506040696718328 -0.015578031116509742 -0.50202379857105872 0.0020442484024868809 -0.49805217139356528 0.011852803659545138 -0.0072735492092570117 0.0036177746693183597 -0.0062997629569363604 -0.49921386109492422
0.4988787082663021 0.0015116502038364408 -0.0049741802642127566 -0.0020285954670443709 0.50176302388940641 0.002936692530810628 0.0038962515652010824 0.49896501020840411 -0.0051135498629069536 0.0081749045786935273 0.50023983820970574
0.49863253493648124 -0.0021421795859191471 -0.013201748992904102 -0.0035268619183070164 0.50783487550031259 0.0067445450909860765 0.0073029916197807103 0.49369892182535119 -0.0057818104513581168 -0.014769251025053229 -0.49918835359914637
0.50077666057307035 0.0042186337854349439 0.00024677468391893375 -0.0020551957198824632 0.50092180295485467 0.0010932585451019238 0.0046330573770876991 -0.49904567215238282 -0.0038163453215254118 0.0061950088495449458 0.49915510214395892
0.49682356894877011 0.00015874502299188578 -0.013802618550544475 0.00074889673288072766 0.50502875428059524 0.00085460155817311176 0.014194342318553564 -0.49997987558567775 -0.0031132501441654792 -0.014569035928892797 -0.49751097026994218
0.49986014661426803 0.0026802291533720348 -0.005580731423248983 -0.0080318640100090054 -0.49139983555466293 0.0031283755624667894 0.0048723750568194744 0.4995699176797388 -0.0097165626304142935 -0.019045716570727244 0.50843132877574138
0.50053566417303386 -0.0020042208367886528 -0.0062662373331436906 -0.0054218888731290167 -0.49925227976727854 0.0082214733769246911 0.012127649757098652 0.49584389830016407 0.01080788836639756 0.0040281710512302766 -0.50391432795667201
0.49768518822503965 0.0037840629978803247 0.00023029703656982813 -0.0047381899526209095 -0.49126941120109152 -0.0011189028882240696 0.0095819937224310911 -0.5027318078628441 -0.019651519660275649 -0.014482719388627193 0.5074433247720912
0.49710169249713027 -0.0015233769295986499 -0.010127739551474202 -0.0024424694176680504 -0.4930310885916323 0.0022430733885166875 0.0084251843053021174 -0.5107702043596819 0.0046052028994210438 -0.012671331047488901 -0.49855331536496117
-0.49641710671404082 0.0011559683548733673 -0.0053070737793380739 -0.00091197910654732537 0.50194329651062819 0.0031894507177684058 0.0041749266680331963 0.49838625483257226 -0.0051081050612504335 0.010691938401161699 0.50302661793406478
-0.49939064333142474 -0.0026004534834733581 -0.013461387172146734 -0.0032477643944667581 0.50881986776252719 0.0075945053907357585 0.0074439008401550773 0.49332214272353286 -0.0065077092886892205 -0.013480581812977333 -0.4978040851653206
-0.49726270105775794 0.0036527405524991673 -0.0003209185813103337 -0.0019371852168750456 0.50213426246151516 0.00092110219675273989 0.0055419284869704733 -0.49873311910782214 -0.004145344707064345 0.0082988890416841165 0.50171849624309617
-0.49751992899905922 -5.3300239419272671e-05 -0.015239651218150451 0.00046285160920884512 0.50519943215919749 0.0011023581546845951 0.015412237534702973 -0.50049324831777553 -0.0034390177906753056 -0.012764927928753162 -0.49609270893011542
-0.49754972750936588 0.0015687525774978923 -0.0092953535954624564 -0.009507845689459898 -0.49147873311500073 -0.00022791134896613975 0.0041015098511461715 0.50120823531555714 -0.010945767315169667 -0.017725903477263754 0.50897256594759699
-0.50175799691255729 0.0041844900144924315 -0.0058346434526349994 -0.0068637700710205826 -0.49938679805672526 0.0084115807714939279 0.012229885258692478 0.4949355796909648 0.011624432313587613 0.005657518769702859 -0.5033928747277524
-0.49461504839926773 0.0035462282742344709 -0.000437864934829016 -0.0052672897714101897 -0.48979615188726205 -0.00037686964041174355 0.008755925525462175 -0.50184363285669575 -0.024693748888034876 -0.017330821680424723 0.51242676840267265
-0.4974649651091978 -0.0011912336512380876 -0.01142066343335576 -0.0033987652836563981 -0.49322378793440913 0.0025287997994305183 0.0094820635062515847 -0.51094006695197114 0.00509484331567857 -0.012153001402801051 -0.49778086751406936
0.0014875682907019082 0.49903240672912197 0.49433556913666821 0.0028883973670261963 0.50376955265888068 -0.0003949892097395172 0.0053377365850735608 0.00016052343936031393 -0.003119575433480033 0.00031944910576959113 0.5027585675260543
-0.00055456117942554188 0.5008949267516265 0.49022709767743156 -5.0014101105956838e-05 0.50466099220575023 0.0072876497514629511 -0.0034897622046122399 -0.0030103059933654234 -0.0011571526781324873 -0.017874878962587177 -0.50368982265087925
0.0017839070982204315 0.50123649173417106 0.49642645201401631 -0.0024287797301521851 -0.4898855809428263 -0.0025746616054511382 0.0046016893926905146 -0.0038475854664187753 -0.0052970791655545003 0.0024319545360802775 0.51210273538760753
-0.00056004422492038884 0.49678472281408415 0.4895092247634123 -0.022449560772676829 -0.4881273517356623 0.023967969990160355 0.0049957643446896724 -0.0048229977960119767 -0.049798965727667802 -0.055876065046443067 -0.51825504910417275
0.0015959809944436948 0.49931642395663534 -0.49806909676340272 -0.0013992244807112051 0.5000621208399616 0.0017583112263537552 0.0048016312267292896 -0.0029572321828192118 -0.0073825486242375471 0.0062390446580906133 0.50240952786305615
-0.00020667889196390602 0.49754599661742122 -0.50880953980323096 -0.00090222275634029199 0.50343767927144512 -0.0017588056857508391 0.0036752519272029993 -0.0011365056793088083 -0.0076291742593776746 -0.019155876496526173 -0.4895584085677202
0.0012748900826511224 0.49872656865418036 -0.50022349106065211 -0.0031699931469158062 -0.49268003434196506 0.00049855328425678792 0.0039792192739790851 0.00027418267702194218 -0.013204160852081608 0.014767923173550048 0.50783302268839414
-0.0017068249998971399 0.50134342560092326 -0.50688184518365087 -0.017432875347733308 -0.49687738640059026 0.0033516671249268232 0.015108986031981533 -0.004780906132497805 0.014717913387882612 -0.01303004752943537 -0.4938449532102222
0.0019789556792532089 -0.49313610680708231 0.49342927311869594 0.00093606678605193247 0.50478340053028081 0.00082163573583823955 0.0048751964635947937 -0.0018631888026487198 -0.0003822925746076257 -0.0053082786798152341 0.50840635380242494
-0.00037394437381464961 -0.50296199740664937 0.49073766960409243 -0.0015258455836640679 0.50503265824474464 0.011351975098884918 -0.0018632114486777113 -0.0052862920135843799 -0.0042683430359356025 -0.02253811399634327 -0.50045863540334634
0.0018371241578541782 -0.49577956989362454 0.49621111120770017 -0.0038007065370189862 -0.48902028390534913 0.00019135260977952149 0.0054595502818207175 -0.0059584256349410605 -0.0073522937789954361 -0.0018894751141383987 0.51835848622620651
-0.00023021849884484908 -0.50015863639528213 0.48864487061960732 -0.02807466968187149 -0.48635305285489699 0.028142327216218652 0.0061570509041829315 -0.0058073324574407356 -0.057303746660967429 -0.063651186577918323 -0.51530687833111988
0.0019404303634986339 -0.49402974467928279 -0.49891304782691775 -0.0029623417235427169 0.50072589557207547 0.0032387488335159898 0.0056487746235161793 -0.0050465894423111883 -0.0088108693694228489 0.0035733836311743579 0.50608611139001336
0.00016747679581069028 -0.49954233889196198 -0.50958471771070613 -0.0027363349866509307 0.50401054006291002 -0.0014747969619177881 0.0046768256953952474 -0.0032838210451465312 -0.009249234132642413 -0.021692248470904184 -0.4859586339152967
0.0016990050783899067 -0.49376040821507272 -0.50016831240805104 -0.0056676603661042178 -0.4919683381038687 0.0032627922509212018 0.0046895383540530152 -0.00091666948450003097 -0.017130680228672462 0.014874521138465668 0.51324095160345118
-0.00031764040564196598 -0.50426895916965253 -0.5071035984402813 -0.020265648407330021 -0.4960075165690665 0.0058743106477400489 0.017008165856215084 -0.0073610904195000196 0.014044960673817244 -0.01572818711930022 -0.49122489319977647
0.0041863661676849462 0.50759762903941463 -0.0042770429208873846 0.49516132299232757 0.0044123437835995082 -0.0015702001596334177 0.0071583157065659682 0.4964745414728543 -0.0060948406734254498 0.024309200933423675 0.49993585788050637
-8.674831649970286e-05 0.5023684245333474 -0.0083503439250620596 0.4970891222642298 0.017389275115499678 0.0033877199214645973 0.010592568909764444 0.50307509673945316 0.0058795096302201597 -0.0074219174755829516 -0.49684842989204425
0.001427134477757793 0.50077138867295523 -0.0029746353542720559 0.49643798812875256 0.0024600844488319082 -0.0023198725598212221 0.0024802076708718688 -0.49997601829043797 0.0044297066217324037 0.028120249315429207 0.50195864393271628
-0.00098246100364590499 0.50206765443629398 -0.008329179039406321 0.49775417947681033 0.013668230089314573 0.00217925891922528 0.01180394947637782 -0.50362496663927403 0.00071200597813351097 -0.0065691697528653782 -0.49607039405360004
0.0011765690105761427 0.50228650390779905 -0.0022077507327874124 -0.50000977038741434 0.0061720922808184689 -0.0012549880831550769 0.00090126649487051757 0.50099313672711143 -0.00032247902401608402 0.01564291469828932 0.49639986826258881
-0.00026615637677864244 0.49810144686160812 -0.013484446346566901 -0.50150965089708766 0.010804782875000873 0.0066151804493139689 0.001955718964193658 0.49763467493638125 0.0066997180032020839 -0.0080021140646504198 -0.50228238972422667
0.0013512187847601301 0.50258308634676252 0.00050232655381222914 -0.49851977303416539 0.0080255069408427734 0.0041927174872699712 0.0037262309764663219 -0.50051050578491807 0.0036239099737840458 0.017993237305271567 0.49793842082709799
-0.00033806242025267769 0.49690773573796349 -0.012320903248260335 -0.50127789951430901 0.014204068523710783 0.0021262602000653129 0.00029373603238638921 -0.50161820293997961 0.0029141428958465712 -0.0096766610977730774 -0.49972185897133309
-0.002144384731488062 -0.50350926197746015 -0.0042635479691541765 0.49578624244966163 0.0058928964788969099 0.00097363376824730259 0.000864171531942226 0.49297683118901064 -0.0084759826221267858 0.023624877537749025 0.5069113280250227
0.0036880551988916271 -0.50895558997067814 -0.0082207673071116368 0.49565507329134312 0.019303039224259657 0.0057926204834760553 0.010892921722197531 0.50080362908965859 0.0057314808077222976 -0.0087877548103134865 -0.49373060068893015
0.0017124819602741949 -0.49540923652015528 -0.0035225804808480645 0.49430599631324523 0.0030735405684376264 -0.00075627770633794817 0.0033713507327609586 -0.50264828534137218 0.0047156116554931101 0.026990925320342529 0.50674303034049217
-0.00039763885268019437 -0.504236949421629 -0.008363464986098636 0.49653722765409736 0.014786495856199679 0.0036300405203758129 0.014205841505894374 -0.50588247077909099 -0.0015850104236546129 -0.0084089071578334375 -0.49264780007867304
0.0013754682431647743 -0.4978559598717528 -0.0021705289462263934 -0.50189113401361696 0.0055296216527669865 0.00071784935483054342 0.0033112592167721432 0.49981916547361704 -0.0013942517526028622 0.015362931324399845 0.50013889218637697
-7.0464596004865573e-05 -0.50111022708316411 -0.015265676576272891 -0.50295029402276215 0.012378744994634885 0.0079346846960218799 0.002640570174812543 0.49745447637383966 0.0033886398119797826 -0.009828923955784474 -0.49789987382855971
0.0015318126802060653 -0.49342453228919303 -0.00026070801202448456 -0.50020670252141475 0.0086884588221883725 0.0058641478595633919 0.0037894582347495673 -0.5027055630900007 0.0030093551934212369 0.016784316356629501 0.50318503661444336
-9.871794110337036e-05 -0.49820103299394242 -0.012190119442426749 -0.50146944359812684 0.01609990227796005 0.0033972917569495588 0.00095563362459489772 -0.50657876523343082 0.00068509677669762305 -0.012291427093767134 -0.49308241045550666
0.0017326666614309592 0.50275897390917013 0.00079692148198651138 -0.0016663200099334195 0.0036179508117490924 0.49858444958857706 0.50063870065866478 -0.00029334242993403893 -0.0036204131202004137 0.0090507169922035315 0.4978887826191537
-0.00056108341817791057 0.4968676412716283 -0.013366053894586262 0.0013354832828039644 0.013350085351236834 0.49920212443805312 0.50444447741723453 -0.00043594794993060483 -0.0016203155517340178 -0.013301893183603936 -0.49891564905882335
0.0021151123100419567 0.49940326348022457 -0.00021416962786109181 -0.0039844063147180435 0.0090555862231376152 0.50083736416156499 -0.49147440002114545 0.001886818191111983 -0.025985929931872639 -0.0064921701848141972 0.5073340650829532
-0.0018792746310118201 0.49645270418360321 -0.010551100939043335 -0.0019129997482371223 0.0089940204952679154 0.50933517471970291 -0.49340649738641923 -0.0019516357988525385 0.00020174638993782906 -0.00535056892207503 -0.50043034789103791
0.00040071745792300884 0.49922123019214315 -0.0046583115574461527 -0.0005781488082178221 0.0028261752179954626 -0.49909667114085732 0.50203396689341251 -0.0022144467568495406 -0.0017600901470009129 0.0075159204392334002 0.49954769497171558
-0.0014117100880286562 0.49739978588566647 -0.012936591438269458 -0.002130457507554093 0.0070071113345877333 -0.49442700917633081 0.50759749704091428 -0.0058068122353213229 -0.001201917591863803 -0.016299873899362157 -0.49995632834319775
0.0006961902402228341 0.5001268529724755 -0.0056287018613267719 -0.0059696192403845098 0.0050283986395356596 -0.49978152661698716 -0.49104897631581373 -0.0021857170230936474 -0.029148552856872161 0.0041358170715411488 0.50793488840576928
-0.00044206397459513346 0.49922947099543091 -0.0077059442070568397 -0.0037551592112287542 0.011700590110213365 -0.49727227192973139 -0.49849078227455884 -0.0071823161320319143 0.016898658413385736 -0.00062232284733393579 -0.50442942342168751
0.0016851410697520917 -0.49519833869773777 0.00040683364884971034 -0.0037648804852838764 0.0050830539451129936 0.49993711593996243 0.50228767545616027 -0.0015252470454100036 -0.0046352916293672178 0.0063383281615119651 0.50243564050934753
0.00018451728023820334 -0.49727138207801957 -0.014581635062388833 -0.0011931938206079108 0.015452741663389835 0.50157799825554084 0.50499904226645564 -0.0018835341647130872 -0.0029603089479344545 -0.015950236248734248 -0.4953756769479179
0.0020445479062868514 -0.49283610763884228 -0.00076998970059996607 -0.0063698598798004481 0.0096110352496333006 0.50248068442998983 -0.48959824351344561 -0.00032321364808629029 -0.032412037125338737 -0.013215079495383088 0.51337733648187978
0.0002694203739382503 -0.49811073195327787 -0.011921185371979937 -0.004927860853089959 0.01019016053266397 0.51157076858307637 -0.49312378877830088 -0.0035780021127655923 -0.0024555126062840976 -0.0081923468399599693 -0.49664244660008605
0.00081931555114688132 -0.49616885162486229 -0.0047288700447728291 -0.0016313591195267481 0.0037899230435290386 -0.49701486056579258 0.50249399444567056 -0.0039482971057504075 -0.002439084468178445 0.0056624606250504196 0.50418134100493195
-0.00088834552038416623 -0.50130604888491592 -0.012923926872812685 -0.0044334883055983107 0.0068259850289010991 -0.49225659847345082 0.50916579724179245 -0.0083018773735323969 -0.0035683043868104938 -0.018837340484624324 -0.49644265654299713
0.0015250998885236993 -0.49727830617744362 -0.0097459157061399616 -0.0099823476733863197 0.0049968722865618926 -0.50041868669159006 -0.49091397311232482 0.00026009655682736343 -0.031664641899055705 0.00067574157075204447 0.5099743097396201
0.0017841242316709656 -0.50271481994129763 -0.0066746865553823972 -0.0087791319601078204 0.013598582667270393 -0.49365595163481213 -0.50055989438112169 -0.0082059413837332826 0.015802613863427011 0.00012145301350874315 -0.50238889257816421
0.001415034610490919 0.0022366274400016581 0.49254854731594544 -0.0080644082860715071 0.0079412699560815377 0.49867501123070868 0.0064947831775555593 0.49741734243186425 0.032874679775233159 -0.0017065969578359983 0.50993549261865223
-0.00077254887278177975 -0.0005126548097493911 0.48785284239765503 0.0056837410775368762 0.010362490513414625 0.50758372208269631 0.00076746978495297209 0.50003032677430348 0.0033648184922331387 -0.010617025226018853 -0.50404648946321395
0.0021066311262046061 0.0048552530777360896 0.49713873836133904 0.00037361945004940508 0.0033837313029262007 0.49954291756492353 0.0024901955989688248 -0.500013291703718 0.013583118019076107 0.024220431469086541 0.50247360564995658
0.00011006836762883307 0.00056775763144361984 0.48784916716137988 0.0095893693975862768 0.0082635945419341373 0.50734729910217968 0.0076224148566417186 -0.50792743620111924 0.0034136179979371421 -0.0077145698926166066 -0.49630815195717692
0.0008961203434644197 0.00066614858028252373 0.48765455895109533 0.0012626721986264931 0.0056132872841411817 -0.49434488110512109 0.0060221248133130699 0.49468101368428347 -0.035180240913328192 -0.022226253986628041 0.52086907427354989
-0.0014411413368790285 -0.0036433294360677946 0.47052078126436253 -0.0041002373782790232 0.0059335698231786482 -0.48034037473082031 0.0054063312297404501 0.47989960835669454 -0.078820272796262233 -0.088557929242819314 -0.55084293960525954
0.0011206054127168416 0.0025312357180139497 0.49232140755676806 -0.0074487360926360369 0.0071957297780187177 -0.49749168263915805 0.0075673778233571326 -0.4986351347450344 -0.012736321354454756 0.044569544928129486 0.50908134048789322
-0.0006543613520710339 -0.0014065404198099903 0.48796952827349638 0.0062017016414348484 0.0012295664641419344 -0.50017181139685463 0.0098902482231434732 -0.50786570731605019 0.0011003318551869856 -0.0084540501592816134 -0.50356076466204691
0.001367937006191728 0.0028534715392312801 -0.50047293067688925 -0.0034402227927864378 0.0039764468590049494 0.50011028021915727 0.002488681045257039 0.49792031540218151 -0.0047400166695312079 0.0067653888745590101 0.5013779215288926
-0.00020144952427175321 -0.00091430780093365604 -0.50798286262439252 0.00068694371647273929 0.0077035220950852738 0.50042199363282158 0.0043218312925452779 0.49498657254953682 -0.0064805030423553973 -0.010814428359408313 -0.49626727967194567
0.0023740908475193452 0.0049159190618893707 -0.49659303453185316 -0.00053958423607543716 0.0021011161281521383 0.50008502595826176 0.0023349317956526 -0.50010093412870427 -0.006756694674585003 0.0044807860955353085 0.50309411631344947
0.00049632901124267584 0.00090791239693789692 -0.5073453524775271 0.0024226358317931927 0.005253117589538326 0.49837767354204981 0.0055101551083222644 -0.49876070447279997 -0.0054595018825751435 -0.016995558140336414 -0.4950500939149976
0.0011527542129103566 0.0005033227496036276 -0.50407445663834516 0.0026846743462226328 0.0095131965343766747 -0.49515587509583325 0.0106196070118641 0.4956150085611048 -0.007789029651983608 0.0040160819375530529 0.50478361730643051
-5.2790329226471607e-06 -0.0021937069681520161 -0.51574178463456177 0.0078523497601395986 0.0018236777507576942 -0.49436199013042792 0.0021396517338983035 0.49413038721045188 -0.0050741799886005684 -0.016498830898402889 -0.49505500737084862
0.0017947148847184738 0.002216587437373053 -0.50065590369235557 -0.0031927058566252556 0.0020983863690001146 -0.49783615338287102 0.0045586284823846508 -0.49967442602098017 -0.0049884207605617242 0.0063507066936718337 0.50171662389767568
-8.7670046834127646e-05 -0.0013894554813385113 -0.50789912701487994 0.0013061901668152279 0.0043323054640034492 -0.49535422629751075 0.0086330013698296005 -0.50057459891797673 0.0002627794669862635 -0.017751748313628024 -0.49565673865587345
0.0014004664118045811 0.0018849969442688529 -0.0043591693555249146 0.50009590542051141 0.49757629619510879 0.0024404856373085849 0.49841251728411501 -0.0016112845511479024 -0.0026218408883253463 0.0090857078468464143 0.50377017005675773
-0.00036071946269944165 -0.0019086210081657366 -0.022944919017673725 0.49555273348269191 0.50727709620011507 -0.00086665068158295572 0.50789581680770413 0.0011455587894330912 -0.0053365664059889144 -0.015994274612833367 -0.48818303316143113
0.0016782459589225567 0.0011568762359830276 -0.0062887021928906151 0.49469286949814467 0.50142192842587319 0.0053125667094877527 -0.49411729925063008 -0.0081152244599889661 0.014385375308302219 0.0043917769751678449 0.50925347277598365
-0.0013282656152099844 -0.0030101929938478643 -0.010118669613779432 0.49097809115464092 0.51451034053673272 0.0057759965817261111 -0.49615375078340729 -0.0024744641917683039 0.0059730225794395386 0.0070291943132754402 -0.49780849165451418
0.00093833811407374756 0.0015490607939627112 -0.0052203474396673288 0.4945870007744298 -0.49494058476806324 0.0092268649622154111 0.50079375413203964 -0.0051365423307059557 -0.0071513345660210665 0.026901505435272362 0.50863174129883404
-0.0014586617023392987 -0.0032555100111047526 -0.0092668934313381458 0.49081378064124143 -0.4971442388096548 0.0029089491630924055 0.51389756746613569 -0.0062608805740812868 0.017939754210870542 -0.0059855962201728315 -0.49734777027357119
0.0011004182187620512 0.00089458907574234458 -0.0012947151750262575 0.49353183379682247 -0.4942936387333004 0.0019639005280296783 -0.49483543179643119 -0.0017700072911338482 -0.0063021386498162543 0.0067835080679247055 0.51685743964284758
-0.0014480595668725075 -0.0033320194618353936 -0.03088286560168892 0.45895948252479524 -0.4411908234331719 -0.00091757214528886413 -0.44175959414997029 0.0010256879152953072 -0.16176022134711091 -0.16922128313278867 -0.58633118220651981
0.0013241105094644726 0.0038046696363442413 -0.0001589059368960698 -0.49970410372121665 0.49856588832234 -0.0018170124051773437 0.49923691582691249 0.0019651182267177948 -0.0069517340679996027 0.0041370007565496641 0.50239576726406288
-0.00031992483170870524 0.00024854069162302247 0.01312728767512973 -0.50261816942748105 0.50291507172681893 0.001325660635267942 0.50331888334667141 -0.0018962821090107546 -0.0079201071199900448 -0.019548126024798836 -0.49040677774896929
0.00201993234439784 0.0031692256165893346 -0.00098798917537364604 -0.49841265834763754 0.5041028738963117 -0.0011586712482542869 -0.49363928370604393 -0.00078136674073542745 0.0037362636287134902 0.011704797598738215 0.50360436541439269
0.00059394593015313813 -0.0016002347164036669 -0.0058819297474303148 -0.50466222943591776 0.51211623292813302 0.004757939278382999 -0.49023101092772864 -0.00035201335456655004 0.00067612924361987582 -0.0049172405967895187 -0.49258668795568955
0.0010103693393935581 0.0043256355109383129 -3.8816070749451323e-05 -0.49851515417511932 -0.49430251443168916 0.00094245108208744575 0.50350398762253046 0.00086851044055443003 0.00087014300210199954 0.015200898520250607 0.50336686349810533
-0.00090153563650487503 0.00099022067334720199 -0.0049346728908757406 -0.50486831423544221 -0.49072329173471801 -8.0538449621189002e-05 0.5113910027556563 -0.0051436899246064009 0.0072976095359991271 -0.011019117531985069 -0.49249425797874896
0.0016551622634492346 0.0035185582806351321 0.00023711950786492477 -0.50188412947872352 -0.4890380176442527 0.0026403613389831527 -0.4896541617199901 -0.0031063923797796937 -0.002537514042459181 0.0094788855640542003 0.51871461741060843
6.3622437166379264e-05 -0.00033218280531988991 -0.014169786803339492 -0.50102138080491143 -0.49893088872586311 0.0021520119762242873 -0.49978511011504262 -0.0024413567864942274 0.0096914458342143607 -0.0013466794409271632 -0.49995315946715763
0.50030881775618674 0.49715044521329582 -0.0065986364408395616 -0.012780643998931479 0.0044397311885269975 0.019637361912104828 0.0056453348649341123 -0.017929057642548502 0.48267921035810341 0.47119568698644521 0.21578318094696772
0.50290404307909109 0.49682869823578973 0.00017210522729122995 0.0039699513234505704 0.00011368777363870658 0.0044326916466068582 0.0055275714627598428 0.0012433262708079519 -0.48450914741244766 -0.47259604921860277 -0.20514647615864656
0.49615988203579536 0.49911112311359651 -0.01181455179954306 -0.012924833523720194 0.0054577288940933855 0.016682170507107665 0.0013122913260255344 -0.012027182301487799 0.47005671942692234 -0.24866379489806345 -0.47028221747692739
0.50365112884540608 0.49917142722653129 0.0025672420185689697 -0.0064489916591191458 0.0052830217865301558 -0.0008038255586316676 -0.0011425900383772898 0.0072320685428686375 -0.46081109810175125 0.27311751589797656 0.45835906887746958
0.4991134266145929 0.49672687802343723 -0.011726716942866453 -0.013673485809342389 0.0030496988728085307 0.012155604159235892 0.0072766945491357839 -0.015272061614975799 -0.22087676319216015 0.46642967009162112 -0.48686475404617713
0.5005668825501951 0.50178395038596924 -0.0074279469843501643 0.0047718668268798949 0.00026210398345082053 -0.0070516688558981055 -0.00086391600939532995 -0.0046732210553325788 0.24681005155043359 -0.45891061350009243 0.47537478405170058
0.49159842766498002 -0.49942083287329087 -0.00066863571233707821 -0.0041749455795650385 -0.0047580734287256928 0.0050008307253332496 -0.00084390719461319239 -0.0084009647302791795 0.48545633587879339 0.47254549699074194 0.22317236306411106
0.50815324280796859 -0.50600484306993843 0.0033094653219958793 0.0046575254373341715 -0.0090733385193057878 -0.0087375595354461134 -0.0030033580573158337 0.0038018124450374152 -0.46947547671903234 -0.45924926831763913 -0.23282499320892761
0.5054710331404263 -0.49560140824851284 0.00041807400542365588 0.0028444334256919057 0.0089597032603759823 0.013430280622184813 -0.0097091621701363498 0.0075988057718484204 0.47189916623898515 -0.24390001731371669 -0.46506054795979446
0.49840347910263799 -0.49727145971181808 -0.002192648085010053 0.010850143361806668 0.0099265324876180831 -0.003585637759533728 -0.0033737136199397458 0.0078455117168110457 -0.45915081800945873 0.28056514795200982 0.46311114356137112
0.4982311235136121 -0.49771972712448942 0.0014063570821541773 -0.0049424435605129238 -0.0055848637883795446 0.0057459753602469594 -0.0098456429762101578 -3.4855050146468944e-06 -0.2214569576644875 0.46919610999097827 -0.48442243738505802
0.50971320877038073 -0.50424900547793516 0.007085848296196887 0.0045580954208825838 -0.0019561653805641906 -0.0072198992278828802 -0.0046041921882670001 0.0054971437832625775 0.22659023037820475 -0.45619257298816801 0.47570183197442334
-0.49511781711347086 0.4990591636087221 -0.0058406166469423997 -0.0094815952232442484 0.0054714271255545763 0.015257373919246434 -0.0028604745663763629 0.0085302296976651516 0.48625843935407875 0.47142113409813174 0.21597559658346996
-0.50283179005796963 0.504028810192506 0.0088499525445273584 0.013475142869814568 0.0010633002280580205 0.00078562377702328377 -0.0090909234497493357 0.0057007616458274605 -0.47090235477984871 -0.46088717933380058 -0.24201722474142875
-0.49855160954678862 0.49318638302268325 -0.0098446089326540854 -0.019388255516300402 -0.015802923615786821 -0.0039488723078018803 -0.0019506684081048204 -0.0076344893068035959 0.47371950862989232 -0.2504161165784598 -0.46935577403713713
-0.49022887441367852 0.50680462440932028 0.0061235394613714297 -0.007312577923787162 -0.0008729788147796764 0.0059950079883128449 0.0077654983738430572 -0.0036640552203437934 -0.4737625553009962 0.22275016072191139 0.47807397801134249
-0.49529554789977009 0.50269197479364203 0.00043475989470968753 -0.0048698825279452638 -0.0078909190395704733 -0.0021282359721378563 0.014958569509677265 -0.006623463736460642 -0.21378626955552155 0.46615895752082381 -0.48848339392867729
-0.49430938280447434 0.50715671871271406 0.0093582260263379794 0.0012467948818207194 -0.0018154311759088146 -0.010227365842276424 -0.00074947998964541851 -0.0064830803942758971 0.25008920218013081 -0.45754294503506132 0.47573156652848242
-0.50522682170625732 -0.50020357834346618 -0.0089689053357776514 -0.0033130983586236863 -0.0070900805852124171 0.00083663135055163233 -0.0010200549142457664 0.0071424472949195355 0.47972445325673674 0.47005725461788883 0.20798659338004793
-0.50729785530055072 -0.49043146500997398 -0.002029192341588458 -0.012733086709537969 0.0094032519863398757 0.0017513251956564006 6.0524154131053378e-05 -0.010837738071366657 -0.47440535612161233 -0.4633653154571783 -0.24896346923550855
-0.48878711639885219 -0.50088386019387565 0.0085165415077702259 0.0071844192501028968 -0.0029443492901869454 -0.010514285671795021 -0.0006815165676079401 0.0086363524277176338 0.47172133698133306 -0.25591592582029832 -0.47103090640065959
-0.50633111361012395 -0.50958039111209241 0.0089136076626892685 0.0019153689145676293 -0.0037710550402740156 -0.005282985873747743 0.0019230306568249287 0.0041611100602861823 -0.47260321548715689 0.24484802699050709 0.44777897232350206
-0.49624961990801342 -0.49152932761459933 0.012620146161550928 0.0073587772345286972 -0.0072246676323501763 -0.0084959710495381823 -0.0078394882412172427 0.0023243567688237513 -0.22893376245122202 0.46920934245072576 -0.48904243471758668
-0.51144330488136391 -0.50451696817424785 0.008668943146246888 0.0024837215117422783 0.0019833173454854151 -0.0034969903200743266 -0.0042113542379716385 0.0048633802965308221 0.21620516764394013 -0.46981138551081875 0.46506138555626758
0.015465997268407337 0.011291369263662587 0.47408165582248146 0.51755109692325363 0.040640027776762781 -0.0023494601001452006 0.040682614103605359 0.0025452372066635739 0.47100882640802655 0.4628673839099931 0.26001257432987629
-0.0038676797712290803 -0.017242584714534819 0.49433111521056033 0.49918677723142141 0.007265973123273318 0.0029667210490852847 0.0072865523103017929 -0.0031041939722079139 -0.48427491345463097 -0.47298065977767517 -0.2185859609131523
-0.0023147470180182963 0.03522105116086377 0.47926241426035526 0.51493832621619107 0.03808296317428702 0.00040981047670267411 0.03949467895421381 -0.00074837831783887789 0.4590962899481742 -0.28843446127238009 -0.4548906091733918
-0.011991179968461097 -0.0042199905033182827 0.50114900922757755 0.49560873431913155 0.0079061502973830789 0.0078396745774585528 0.0041723162457934166 -0.0091430832268215526 -0.47066407176963176 0.24252425341350284 0.47169100314466766
0.02112461207344675 0.011298806316617279 0.48170421036282662 0.51197035886104569 0.040243975662282376 0.00063437546407820583 0.039989195127337424 0.0010693388888564114 -0.26297590008481125 0.45863929688524735 -0.47174877340831073
-0.0017338758413469317 -0.0084150094111493778 0.49546185834471507 0.49539259070469643 0.0060773699631221506 -0.00016036195745634189 0.0072492916023513378 -0.00092447247086456378 0.22359394090759091 -0.46828913169142994 0.48954119438618815
0.00091997135021005779 0.002510490119663806 0.50137441236958935 -0.5003116663728493 0.00071156745203978101 -0.0012975398546213491 -0.00038966700914771048 0.00089658586342091428 0.47735869744891679 0.46653673708967824 0.22972546109526892
-0.00518579818413923 -0.0011659993082744006 0.5141400446416764 -0.49554623769783829 -0.008536607709516841 -0.0059782460960717959 -0.0087808335368242778 0.005912841098403801 -0.47753363886128036 -0.46675603220648137 -0.20963167955229908
0.0058962633543826228 -0.0024140169518389485 0.50489124727629331 -0.49480514936105841 -0.0014756805091853599 -0.0060581990638544992 -0.014524480300173085 0.0073333342961394337 0.47269159437466868 -0.25044204081154409 -0.46233096615207653
0.0069983795780986756 -0.0080147605591598028 0.49684861648930689 -0.49836983868154683 0.001831466003516094 -0.0035658560042973941 -0.0038547431139726667 -0.0017921575425379384 -0.46788919273270724 0.25891477388302603 0.46761570247457507
0.0015909711980260433 0.0041971120075261796 0.51054003159253869 -0.49242661063765425 -0.010489121357382992 -0.0077522190987395134 -0.0052111055960036585 0.0031037177462305467 -0.22149000264296717 0.46571017882141835 -0.48030621811194574
0.019074079409192545 0.0020208602461970369 0.49708170255347572 -0.49812743359798706 -0.0029138051883219134 0.001827410873768535 0.0010370850522611896 0.0035369248226212618 0.23275486525945233 -0.46529347031569579 0.48343839380837889
-0.0082158675345281301 -0.0066898752337759314 -0.51546117240567813 0.49122272480095264 -0.0033550305995560738 0.023146731642131966 -0.0037613656824923548 -0.023266470638114573 0.47040812106999086 0.46071591685814139 0.24133441344424372
0.0062492663395389289 -0.0051788120933851291 -0.50095045250465065 0.49353051756913596 0.017336383935110156 -0.0024611248167194467 0.017529927709460474 0.0020451329237245993 -0.48578118856614438 -0.47487101511469698 -0.2081020578960307
-0.0014058212852122913 -0.00010222757937281782 -0.51300805305966002 0.49741751912058163 0.0019654621743083432 0.015583210528637568 0.006200605586463688 -0.016118893467292773 0.45662920957953251 -0.27251775593950794 -0.45395532193397392
0.0017186672470461738 0.014550590370518608 -0.50005996483722781 0.49295769003543022 0.005799451541530911 0.0051782169051425245 -0.0049421143071313612 -0.010516330316012304 -0.47074019234317521 0.24676195676771284 0.47332316301225597
-0.0016337561699398375 -0.0010683120854732286 -0.51079225865594302 0.49764956458133908 0.0054281763120759604 0.018388710976598496 0.0036701701564549067 -0.01635985822502109 -0.24718526834100932 0.45548641306807647 -0.47139708807460207
-0.011768115387867808 0.002151571998623454 -0.49931082731855025 0.49364279061820709 -0.0055302969220220174 0.010596651965641161 0.0065126802955963519 -0.004452146693416004 0.21922027872856228 -0.46690280157752678 0.49051147655562072
0.0029114712571232321 -0.0039877013244221035 -0.49355051980131237 -0.51721836027054324 -0.0032489608780048073 0.019125131430287858 -0.0029819144510768998 -0.019134643387571572 0.46890515555355827 0.4578575465238876 0.24209862282180505
-0.0036504473319408644 0.013961437916136641 -0.49570104059195974 -0.49899311078017405 0.0020691791264632275 0.0057606550119928962 0.0022350419586687964 -0.00578901880373618 -0.48429929644644593 -0.47356421183409725 -0.21492617376043335
0.0024497509667787223 -0.0104165248667608 -0.49566572706359757 -0.51447781972749596 -0.0063986529963514054 0.020491201030448079 -0.0020440730751506066 -0.018337986585249426 0.455728672564644 -0.27139958304821732 -0.45537446789428643
0.0016551116013914825 0.0049482864498325285 -0.49665687048160317 -0.50046212411701019 0.0018229907699458352 0.0059080644231223074 -0.00046606707856998778 -0.0056954235753378241 -0.47190994711663076 0.24391210311563738 0.46965880655194125
0.0014840189511916787 -0.010062096519111609 -0.49622559052433113 -0.51478624750853352 -0.0032422661316663243 0.020205574389514581 -0.0048861942615495728 -0.019345289806522021 -0.24398367685147657 0.45294444442090065 -0.47238568736403463
-0.0012478630286086936 0.0066539245638469685 -0.49625813711384453 -0.4997152154995787 -0.00068478104621664247 0.0054898395605501582 0.0017114271712499031 -0.0058445102929432866 0.21723348054034922 -0.46935013006792858 0.48622948148256306
0.00048298758887367388 -0.0064324942300956192 0.0030348944408905673 -0.018166852899590646 0.49596703468604048 0.51287003034815282 -0.0052999032600629685 -0.019645209230576468 0.47118619188420147 0.45855799403670083 0.2406123283422302
-0.00035852132564798638 0.0047812666610706003 0.0030887892244549908 -0.0046694694301792836 0.49967517794512595 0.49888849827700682 0.0014075193919283711 -0.0057529890238814307 -0.48179482071319635 -0.4724690181921895 -0.21445826822312503
-0.0030549010485853767 -0.0052718184668110622 0.0057637600385203663 -0.018557200821067713 0.49565076133126817 0.51334899869963735 -0.00334143993349704 -0.018977331998544289 0.45863263734011805 -0.27019134487279017 -0.45460955772511413
0.0035077429279858027 0.0046601838860087907 0.0012412691458710365 -0.0052568484252204888 0.50017066306911828 0.49832059517271182 0.00013025784171082682 -0.0042525799787415186 -0.46941917901369029 0.24508579265497699 0.47010975597424903
0.0040257657906933569 -0.0042973331989975376 0.0022202815878582974 -0.01728966823915179 0.49414361079532093 0.51649877597515925 -0.0027996347053617109 -0.017021295034574932 -0.24284160095875024 0.45456784402579897 -0.472028642952672
8.2963021123654961e-05 0.016211412427434655 0.0003946065767070791 -0.0033352498234443585 0.49853113317668196 0.49695422455642979 0.0033389268781516628 -0.0033389431600564915 0.21973190948428664 -0.4679988654052431 0.4867255536000461
-0.003348325783776774 -0.0011952515474149925 -0.0094240821779708397 -0.015051429927145569 0.50984370795292255 -0.49849688963225586 0.0037555598866715226 -0.015696576965285227 0.46962799804269872 0.46060872644308853 0.24137295525516103
-0.001684951458071205 0.010060373091166091 0.0057321422436330911 -0.010650920766902277 0.50023362544945782 -0.49447692809909438 0.0067918166888408142 -0.0044195660431005715 -0.48613456426844676 -0.47010951543423707 -0.21820427446571966
0.0018232966429476125 0.001751588958418111 -0.0061136061131737279 -0.013466418073816889 0.50953191060295755 -0.4981062889507778 0.0058204900416486752 -0.016000602293948427 0.45703020203912564 -0.27154792365231684 -0.45731549954173684
-0.0080520818982914594 0.0018607064630142087 -0.0056799848150121679 -0.0039326246147748135 0.50042069997364891 -0.49501505374539079 -0.0055369595725451356 -0.0099840141865031578 -0.47388841998718723 0.24817993368235905 0.46704318970189052
0.00024352777919605176 0.0043434379561754855 9.0721943971487716e-05 -0.022961307251098056 0.51299397621260945 -0.49188532814715463 -0.0030018945458766253 -0.023034774923827279 -0.24206240675604623 0.4572101387438397 -0.47556799486675627
0.00092749568550048902 -0.00925191216230121 -0.016190184064718852 0.0035301616350732166 0.50105403223842016 -0.4954600370791622 0.017351685623798654 0.0037229182205251025 0.21197269420271983 -0.4693849550389852 0.48737415400125278
-0.0031289741272698714 -0.00073545077587975748 0.0083232502543001945 0.0070344753737286098 -0.51129340928619549 0.49610903017735403 -0.011699937847212238 -0.0043618513613486358 0.47541947752795377 0.46587828903048456 0.22159335277850847
0.0045373328028615227 -0.013922236552752303 0.006697203895498458 -0.0031523448755303774 -0.49379184182887903 0.50003043949394399 0.00070465907773276007 0.0020713904372467399 -0.48170909757909486 -0.47123469589504396 -0.22750690129398204
0.0022977186639950558 -0.0055888784926258882 0.0049947163229433654 0.0024164896490144003 -0.50424458460494259 0.49806375132521286 -0.01389731732424305 0.0058657443105090716 0.46113692525099481 -0.25243455104908497 -0.47011125071283838
0.013064992663666977 -0.00079972474502287946 0.0019154429237493598 0.0016058874208543354 -0.49346683446751827 0.49964576389647719 -0.0034067351402786803 -0.0031523801015585821 -0.46946446458738195 0.25839302246097817 0.46848866752620943
-0.0022146501884821473 0.0014446126994141681 -0.00086100076774388995 -0.00046093093833203888 -0.50089237737681358 0.5028034284405819 -0.00053737764527090844 -0.00067811902406238948 -0.23422772395994867 0.46122937285884597 -0.47821719290911407
-0.0022778509624379324 0.0020089312387828054 0.012899390214686906 0.0043208183464428377 -0.51133136293235737 0.49621180214802124 -0.0094935131437533272 0.0043642263578464093 0.2120960058517212 -0.46309761342684996 0.48225149872086148
0.0053624865950203729 0.031233145761466383 -0.042321341331557488 -0.0017077904214920462 -0.48245841589061811 -0.51236859877193397 0.038261221543582254 -0.00089290193471018402 0.46822387169612828 0.46127962994944954 0.26160429738758151
-0.010903553319451663 -0.00037075153823004235 -0.0057916037570629837 -0.0011226189637456988 -0.49443192754526055 -0.49358528490926201 0.007502743656164608 -0.0016317770133529696 -0.48841272509469907 -0.47372704682258399 -0.22075676406747546
0.035954941394270995 -0.0039458437909356131 -0.041209668024366666 -0.00090497716794568129 -0.4828607601752325 -0.51295874172156775 0.039598757220882116 -0.0022698694580251329 0.45503877210003629 -0.2895049015845314 -0.45636043465840564
-0.014007563959680537 -0.0030053052647504414 -0.0073361953163560301 -0.0096971531032802004 -0.50207466081394081 -0.49359331876724688 0.0062364088935484051 -0.008403190172802175 -0.47404227887812461 0.24109128045185824 0.47008826651407098
0.012920665420767353 0.0076749728583080448 -0.043547867426167987 0.00015749230966545643 -0.47702386132836055 -0.51602257359139603 0.0398712723878148 0.00023739748836000549 -0.26364405287333326 0.45735545075698542 -0.47304828424909684
-0.0057499774094113727 -0.014891132565093728 -0.0050224893264049358 -0.00397849697207761 -0.49386136022531196 -0.49780410018633692 0.0057985689915018368 -0.0038902318104783256 0.22063794874866302 -0.46979210252701431 0.48842777508752183
-0.00073030028997067694 0.003877763586167057 -0.0091979936281648446 -0.014689966233547017 0.0019136213744448353 0.014778587662596217 0.50802673393507725 0.5011474828551622 0.47082665945052748 0.45927984973266384 0.24001307720967197
-0.012097255097809116 0.0010714230784648882 0.0053453189524217421 -0.010428972220059771 0.006129091639529554 0.0049858664340426866 0.50051670046946062 0.49449960557062433 -0.48209975957743989 -0.47423428994996203 -0.21745707769507672
0.0055274808203989887 -0.00019564687082345174 0.0013558398102739208 -0.022149287783725515 -0.0042270700132826973 0.02241917608902786 0.5128592442058042 0.49208687759614872 0.45915751114613562 -0.26972547060207896 -0.4584811259437559
-0.0085336611100533515 -0.0069933545598825815 -0.017179136935049064 0.0028230511637024783 0.017908154591373442 -0.0040924377727741242 0.50168475391846545 0.49529065123969446 -0.47187936258048213 0.24160517663257602 0.47031278048110486
-0.00027460685690725223 0.0032244925991832944 -0.0068780198978009872 -0.015225232183997199 0.0049912342977380545 0.015635731996109972 0.50876351855801683 0.49951449593927039 -0.24319754050784109 0.45472882331913417 -0.47451304293522567
-0.00020983755932081949 0.015212031493638943 -0.0047983308793914875 -0.0042555156126364785 -0.0052633709177091533 0.0090976405601653331 0.50044299878860898 0.495351490383731 0.2199193938616828 -0.46994800750229143 0.48433973915291689
-0.0029603883050364505 -0.0029872410098289721 0.0033276651037885225 -0.018367978025235539 -0.0060204313903526032 0.019281505357237005 0.49638682098614928 -0.51240722680265205 0.46919731732103193 0.46078239808515087 0.24041266893159205
0.00085366654034080714 0.003683074003213869 0.0033296051045095462 -0.004897086517250882 0.00067243029731246481 0.0054076574812290763 0.49991328123901857 -0.49884601823588731 -0.48357764215591814 -0.47043674954061404 -0.21448131291676531
-0.0018395957106200364 0.00069615381300885189 0.0032982128364874718 -0.016749458110165597 -0.0038443382627370618 0.01713890192659193 0.49380932812077499 -0.51661348966093223 0.45701627952988405 -0.26982648058465963 -0.45496024901949988
0.013595626946375896 0.004324214430396621 0.00017742781905747448 -0.0041043120614657654 0.0029621040653226788 0.003198795086106241 0.49862423110215626 -0.49714330863748996 -0.47113211786217962 0.24718939416553562 0.47001586638580056
-0.0036567441153716723 -0.0049605361971892291 0.0053255462970766042 -0.019618713385303098 -0.0035442487260947549 0.018699151546776226 0.49610043805225312 -0.51295200765357907 -0.24309997387153195 0.45648094436505088 -0.47167646678738295
0.0016709522564373898 0.0054470374424903482 0.0020004638677770486 -0.0048226596257138652 -0.00074232897624029238 0.004058202066342928 0.50014938479066784 -0.49805913529594253 0.21782444652861269 -0.46608224057381337 0.4868580942140705
0.022291872867615192 0.013448116543907793 -0.042105051559606192 -0.0019921592630148901 0.040196898660804739 0.00012934609944842637 -0.48456213059228381 0.51052344944056538 0.47060902475857902 0.45865148013238488 0.26203229545816187
-0.0008045657052680881 -0.010853134526678548 -0.0058888365073935037 -0.0020015202733629622 0.0085160620946187551 0.0020477581476169163 -0.49516211696766432 0.49332652537171168 -0.48525366622498317 -0.47689207044984183 -0.21980084367712671
0.0047529566168132828 0.013014961862147031 -0.043135609057274045 0.00090366843196338135 0.040578208305783403 -0.00026266149146447862 -0.47702473467731754 0.51614936114171284 0.45811885131032387 -0.28983508085752197 -0.45657403154673798
-0.017447353683651586 -0.0030069444685677342 -0.0066231064302873779 -0.0044786349762517197 0.0067500382327916122 0.0049765580598423176 -0.49303733809600747 0.49924044772830894 -0.47343443260894802 0.24652548513482389 0.47149811990358997
-0.0011781786551422686 0.033484500321626441 -0.042249333502886538 -0.0014169148661447191 0.040719621838461499 0.0019002059720763392 -0.4836617609293008 0.51180477981330674 -0.26317957199893843 0.4536807195160717 -0.47377861276712702
-0.0018543902053167662 -0.014880241012880682 -0.0070010360731040796 -0.0085872698869275416 0.0064080083207833233 0.0083349619547293738 -0.50184121215729083 0.49355376258781936 0.21473025789193717 -0.47100723485138163 0.48594756103097836
-0.0059229575039123879 0.0013961260298109373 0.0047595523035718615 -0.0022523958691710918 -0.001357341524372018 -0.005422370809678289 -0.50876615873763764 -0.49275974505516112 0.48517221567611862 0.46276103392939982 0.22070109716325098
0.014731648940554327 -0.0048952931480580929 0.0077188157164828726 -0.004008159602156133 0.0016046793582786178 -0.0025700984962091582 -0.4934520717470659 -0.50051083878258307 -0.48189465224578171 -0.46989496085581517 -0.22944370074555284
0.00082198731365733517 -0.0066652264593134647 -0.0027382887925350699 0.0028316772191304498 0.00071386852628666495 -0.0030778303494631495 -0.50127628807329261 -0.49908598784715807 0.46476888885680973 -0.26223911403565558 -0.46344922763391572
0.00038712461389991439 0.00015123372358720385 0.009557079883930529 0.0027530617889700527 -0.0084428585937683723 -0.0044712268842479362 -0.5106044928798843 -0.49607058284005484 -0.46749918823084574 0.23686365229945325 0.4672759188329268
0.00067630428929742734 0.0023322621703578002 0.0021198387729001794 0.0018822032871101985 -0.0096634669089993904 -0.0063383097307260624 -0.50366701655625734 -0.50230139838671817 -0.22186710188275105 0.46026783246631237 -0.48248716367181593
0.0093627417374856341 -0.0089197038404728556 0.00060310248636544445 0.0022839792885971846 -0.0033084149195954037 0.0039480552496162684 -0.49343030845043212 -0.50009731854183559 0.23371668809771057 -0.46542731137863369 0.4847512714003881
-3.7214373486599239e-05 -0.0020046641323412024 -0.048639584338569852 -0.0047824395546745982 0.045975206695169517 0.0017507899287500339 0.045388379799602696 -0.0054689060757583006 0.95377091633270827 0.19088271706126078 -0.21745189739048984
-0.038253925629589812 -0.0055651923736249375 -0.0092919450888613551 -0.0050027189800988395 0.010769314146861159 0.0029587911912109756 -0.0089079269492712398 -0.01979581971822816 0.0065549566109855822 0.71159476463658411 0.7009909155183951
0.015624924563179177 0.0080379441217957055 0.0090156553587538244 -0.019610975467365455 0.010266225695547448 0.0035297235548141497 0.010048697871201996 -0.0048808708587097559 -0.017945218375658101 -0.73319890791006104 -0.67902876065425433
0.016637390585476679 -0.024482504405360716 0.0049720325742548437 -0.0045876150788900305 -0.00056921457760934573 0.0055628752310100116 -0.00043946534654182073 -0.0025013505650090481 -0.94414229278908712 -0.21797585393986771 0.24519823712285621
0.0016541195302171481 -0.0032667018014912699 -0.048454658584731448 -0.005826921613798954 0.045124446255776579 0.0059120195291924027 0.045736358773733311 -0.0018054220963390536 0.2280634072834056 0.94169646718444033 -0.2337378656890273
-0.014771386793993256 -0.030834001892301854 -0.0082851356808371357 -0.0047306597443022838 -0.0085093423495564442 0.019207375841525619 0.012135863535054699 -0.0015473912686264097 0.69586944539334705 -0.00058820326067195411 0.71687824003249123
0.015616667405912861 0.0083865288008039291 0.0088807203775295405 -0.021040625676449702 0.0089250697594174082 0.0060179884626526126 0.011264352174911219 -0.0029826261305881526 -0.71692131711475848 -0.0091561337160718983 -0.69631354018749114
-0.023931870689883408 0.017726900419528829 0.0058178240718005057 -0.0036417110997409132 -0.0025054482859980945 0.0038155976726638192 -0.0035282992750326311 -0.0083532605079758553 -0.25638881941828395 -0.92975305093064475 0.26227254732241639
-0.001301801203201017 -0.0040394295777157257 -0.04955982490085966 -0.00160533673286525 0.044640528381164508 0.006537513362982663 0.044646504405970393 -0.0065992762499594475 0.21652404299973796 0.18647483609160517 -0.95487974772843753
0.0023102882008899949 -0.015849071519285319 -0.010050052165935738 -0.0022672908494489018 -0.0089600536917572547 0.019581719847942335 0.010466760084907809 -0.0040536031007089189 0.68327245313889906 -0.72918164881285685 0.021920129585616496
-0.026438507713556953 0.014572937508627804 -0.0097486731092705312 -0.0052078849973156956 0.0092891269724448399 0.0062110128672542998 -0.0098239038407343209 -0.021248818917937014 -0.70552857984318929 0.70737951981819758 -0.011714440751278258
0.033898932715658275 0.0050824703457383619 0.003881436608794715 -0.0051724296907221749 -0.0021316218546635697 0.0034909483753125035 -0.00051192555896685944 -0.0012758438883697122 -0.24309774694048786 -0.21329404947823488 0.94560759556425367
-0.0054722789564412783 -0.010995131528973204 0.35702705394566114 0.19089955398072139 -0.36210788260284282 -0.18955972477161709 -0.36280325563729099 0.18942233365276037 0.41552537496574016 0.3925956799589565 -0.41783186623041585
