0.99971818185073036 0.0092036794851430796 -0.014327095590239789 -0.0039878936272699514 0.0044945168636003853 -0.0030164493062961165 -0.0020115842635348899 0.0059128079208488589 0.0036095612830294977 -0.0017360741160095661 0.01316548116726908
-0.99978043244953496 0.0045478296508743368 -0.013591059704353741 -0.00614107417103973 -0.0047795614924387607 0.0025466101596513203 0.0053721575972363019 0.0033500801185786535 -0.010485219186994762 0.0022843657356258814 0.0033769434400299685
0.0085932459715291742 0.99966520050046137 -0.010389271893124566 -0.0036106172385902114 0.0093066004539046551 -0.0053911297376484282 0.0030902510010238737 0.0050817179307116513 0.0061396501207748051 0.0092981349165121002 0.014123324253434273
0.0051897859628280245 -0.99986239456217862 -0.00033453856824740589 -0.005874135252019067 0.00032930615797118883 -0.0007643441197456326 -0.0045723791131397611 0.0031979003328890727 0.00040983488572528709 -0.007035522712878101 0.011495575443818292
-0.0053756572938714548 -0.0030417032252666137 0.99971987130478746 -0.00041882909960427173 0.01152784405924585 0.0028341390349861033 0.0089326725193824928 0.0083764655099722845 -0.0013851233927775562 0.0065217845265577697 -0.01365724221600649
-0.0078828197669582149 0.014010019477911917 -0.99976504555152024 0.0022963756266263799 -0.0070892898458469987 0.0021299726008570091 0.0039677033575633543 0.0055020497220801875 -0.0069199126533357504 0.0071859988392177386 -0.0024139291155258432
-0.012044768604701708 0.0037405331450935486 -0.0087385194339647757 0.99937125597989629 0.00094096572845627923 -0.0016472854144390279 0.0014786539321521807 0.0016765440814132831 0.000877108999948084 -0.024789895875582262 0.019943884259334688
0.015291643249290155 0.00096127918850880231 -0.011879577553265836 -0.99950718759464741 0.0014539062846844896 0.014099563216982363 0.010620412157496116 0.0017806096704989646 -0.015188158098269027 -0.00022526052777824016 -0.0078672125013399992
-0.0052419222952557543 -0.0039163984385367431 -0.018859389885483697 -0.0015078985640759966 0.99962612302721332 0.0046226830041368799 0.0070052964958826824 0.012274260685605682 0.0020786643537839405 -0.0027044276687889063 0.010682334179842105
-0.0034832799710419614 0.0011981053752012191 -0.0070874341302408694 0.0040617910746408156 -0.99964391510822481 -0.0014410000648920019 0.013608128406130257 -0.0033760905933719432 0.01925360798121915 0.00754423208015036 0.0023392170476573167
0.009331185093885478 -0.011500409216226564 0.0012164856117093629 0.0014151183209665981 -0.0078044301537612982 0.99959651154175333 -0.0017837561028016845 0.01848903032551388 0.00071409550964960722 0.013205920007653081 -0.0017776037724967215
-0.0082934922633329331 -0.003136657059615858 -0.011673329379647386 0.0042786851448738672 0.010938136931602428 -0.99942214805381346 0.00043071488601571599 0.00913171899729163 -0.0052270555659448296 -0.020618911574485223 0.016324745376150449
0.0012679010385487504 -0.0057348378232648942 0.0047347611338570926 0.0069443561316804795 0.011287964969581689 -0.0040260412208430827 0.99968274640859378 0.016091519706225809 0.0081926140398453674 -0.0048307607276317057 0.0060207315547709224
-0.0019793194389627383 -0.0042271414520845861 -0.019261714542487179 0.0065295875416991256 -0.014001469726437149 0.0043921307347620309 -0.99965148823219729 -0.0041623261362753496 -0.002738818488778163 0.0014475737291497104 0.0043832593013286222
-0.0072108966590577845 0.0044880181247960605 -0.008268615808066232 0.004104334214478836 0.0016452326118759834 0.0034954719007274648 -0.010151350731845241 0.99981177751591832 -0.0024347501728351163 0.0012992389836518712 0.0096676558813661786
0.012148795604645586 0.017852069065291173 0.011648132228348825 0.014229501962689982 0.030681171709382591 -0.0087991983683447742 0.00209308982364074 -0.99900095235460795 0.011315014905313064 -0.0061151370873364719 -0.0020209406759000453
0.50555302266183344 0.50978317433912912 0.48528046598684205 0.49694285731694021 -0.0088045152329660429 0.0012363678794989241 0.012440845158867833 0.0061462681054274279 0.037372108101352518 -0.01120770373516038 -0.017147475342090976
0.48006009017626622 0.50011116153777935 0.50694087767669582 -0.51077784373682866 0.021634643272742237 0.0094803106686161109 -0.013250538549390116 0.018583972993332754 0.017609581882319859 -0.01139763843222381 -0.0054035519194124753
0.49627998999459383 0.50431637147306241 -0.50748084776131552 0.49095242994955152 0.0012781223095099531 -1.9627666945341348e-05 0.0065442268895974211 0.0016264203936409058 0.026329902232406412 -0.0016719518811257603 0.0075434986494188607
0.4950928471298332 0.49853181303040683 -0.50685061246608731 -0.49835294613198378 0.018605423034119769 -0.0011059934413155715 0.017912875851477231 0.0049107341799705202 0.017276589183715052 -0.00069499661120861131 -0.010225794271117203
0.50241730248966743 -0.51149832682242802 0.50342190396687503 0.48141069533570807 -0.0046548570522205977 -0.014043554996681933 0.001338187244990908 0.017635960276752238 -0.014364856241969757 -0.001219515529652734 -0.004111150147102117
0.49696492139134613 -0.50665787266154416 0.48978496039528152 -0.50532934789084227 0.021885582971925131 -0.011144622824857916 -0.010508515699588631 0.013342523620664666 0.013546118616973505 -0.0011288228343787588 0.00045270089247191945
0.48400903658418942 -0.48503818842429697 -0.51909054604573324 0.5100009742523286 -0.0068623755773489278 0.003398264643716559 -0.0098721416944010341 0.00014655025356672267 -0.00053869805890612227 0.017942700500820995 0.02094917148514347
0.49652433195424606 -0.50155874398021527 -0.50228137169188303 -0.4994309466810683 -0.00077317706182436236 0.0018555926839345725 0.0036962467923680343 0.0069458515453360535 0.0032634513286755387 -0.00053308843864509933 0.0103771308209586
-0.48937983674439589 0.4983173427971791 0.50207934743832561 0.50863307958670889 0.010994585491193988 -0.016586380350352883 0.013541112020886798 0.0052382137788505442 0.010793315335570991 0.0022158934716916198 0.025840377710423558
-0.50677731665680403 0.49299928659894598 0.49949540548100735 -0.49978283525753525 0.0049992352605431317 -0.017769105856202446 0.0015587001588232279 0.02043790073292014 0.0052417319879301425 -0.0071603745737966046 0.0032085344660175152
-0.49787588542747152 0.51126422724305087 -0.49990293589170148 0.49025244884988983 -0.005409595469707016 0.0024669625299263134 -0.0024537917259704416 -0.0055575509473522371 -0.0064485457132175718 -0.010149881255272442 0.016162388745866393
-0.49275123491818312 0.50942629559343744 -0.48649206261360473 -0.50957845527860646 -0.0099961156933511663 -0.0066403166323807635 0.015646322180452837 -0.011205762936704127 -0.0012578223224483374 0.027821772909373196 0.0068055091555280934
-0.50429532695386459 -0.48848821616317661 0.49401256641989977 0.51145750248905297 0.0057856615838982779 -0.00086369898887188616 0.0063746739564198504 0.0054002936795667349 0.0086732854911652137 -0.03059748601613007 0.017687332235110126
-0.50804325206368206 -0.50165001298676737 0.49186060055430608 -0.49776130521991241 -0.0039818324159722907 0.0083242584480836372 -0.0022798732480568511 0.0081611123638934552 0.019535596696712614 -0.002002133771458762 0.0018850007910803197
-0.5028399768108921 -0.49171290108142973 -0.50148048780519905 0.50374698829215381 -0.0041352560107249144 0.0042063102847945235 -0.0011439855099507922 -0.0022793521508005115 0.0027033250359526375 -0.0088055868945074653 -0.00072725771413982099
-0.50460837691363869 -0.49786338464714847 -0.49486631654311258 -0.50181513147529533 -0.0046694149102168023 -0.011140216961745964 0.012043485272361983 -0.0018532131874332911 -0.012295524021932206 0.014869064168816696 -0.011166107797270406
0.49404313876377437 0.49942900296553833 -0.0073423504261794685 -0.0017051679882901002 0.50768171509443893 0.49823590377265742 0.0021545265716505957 0.0078180403560794282 0.016272938591920472 -0.0046481134862210397 0.010164322461190848
0.50371538571267671 0.49525402879697972 -0.0045826074678520668 -0.0042534137281923521 0.50410002456321545 -0.49575628745467137 -0.012009211950901842 0.0028307162272520258 0.018217611925672554 -0.023732425552300151 0.0040853994612767017
0.49762169089040942 0.50202156169884848 -0.036453248909532568 -0.01254810141962469 -0.49691396352629513 0.50024439144049171 0.0058411950785280933 -0.018140090431423051 0.020794994687176219 -0.015781425465297715 -0.025457890522964183
0.50769309740523827 0.4859383160791384 -0.0049288711549296867 0.01076154017546249 -0.49117879284853855 -0.51314246138868125 0.028823114303228758 0.00098800397867046682 0.022535390548728208 0.0069927915627135259 -0.0033591725518390472
0.50112851029066852 -0.50658768911391383 -0.0072119154502791423 -0.010037786999795587 0.48577823974399692 0.50556873354776677 0.0006348952986918369 0.013645894433119433 -0.015878494706080392 -0.0057792321799340525 0.0058290929187141301
0.48359822564815114 -0.50101361183425153 -0.0079134223825467562 0.0034383746607789508 0.50505725276429381 -0.50911425154512946 -0.0048202068142083106 0.0049666841686729687 0.014848531628504216 0.0051602596014209334 0.021645161594047019
0.49109028846613451 -0.50190007027045713 -0.0075509686677921583 -0.022366892036774919 -0.50748597509125171 0.49756914853910827 -0.0042251294929638548 0.029008339996556217 0.015296507776355104 0.0029464534328722115 0.012258887010185461
0.48715422778542078 -0.50059003648909839 -0.026938759848741126 0.0056203649640275671 -0.50715584799973157 -0.50382185781436695 0.0043702142862377738 0.0046520659868138116 0.005001653896767393 0.012319703059319714 0.0084875053015139659
-0.4960760061428674 0.49902300270161565 -0.00095390836371741139 -0.0001760778418993857 0.50927433443148795 0.49488720943781933 0.0070055127008822639 -0.0034938980501627638 0.009268639157481752 0.01151823699684062 0.018169705460231177
-0.50257234636017323 0.50923648254931198 -0.0073825119888214445 0.0026376966149864113 0.49502653870517344 -0.49207820819943948 0.0029896330567042609 -0.0012630438871657048 -0.0018746341598259067 -0.018460724416366734 0.022151744763252428
-0.4968984468397844 0.50170417190014915 -0.0063485116012749615 -0.012792939040584247 -0.50583480919701418 0.49468565504649004 -0.005609342390286068 -0.0099542560852029886 0.016309353046334248 0.013954388574638484 0.0026212858771733432
-0.50322555763997734 0.49500400339069833 -0.010613562423099446 0.0029349854177381108 -0.49415670246159865 -0.50648870101528598 -0.0027286055624650752 0.0087577574975108933 -0.010692053726626252 0.0018517877966172768 0.026272977351146479
-0.49920673380478131 -0.50538319745333637 -0.013787043041534084 -0.019538130437791405 0.48414758227947574 0.50992518189443703 -0.0093019415919202916 0.0031865840683335069 -0.012442576510830992 0.0062295922958375835 0.0097857567939268666
-0.503261053194201 -0.51210883281257547 -0.00074391637202977359 0.0013519519080083372 0.49796476878294166 -0.48614075481947938 -0.0062029003899791227 -0.00040288194579304534 0.0089141650292173975 0.0010503528924118751 -0.0070374850405921646
-0.49547151031678283 -0.49775635446529204 0.003022592823751561 -0.0050246162771815078 -0.50230322569334507 0.50371430871114664 0.017612063464065669 -0.0041789188303952042 0.018574511711537459 0.0012781058413225501 -0.0011321190366085276
-0.51371204628910672 -0.50793608861093609 0.0058747653753635264 0.0091992291234184575 -0.49380230195324087 -0.48326960430418447 0.0017844540130685438 -0.0064153179846466197 0.012104750207313306 0.014757615482918224 0.013522132504405192
0.48655417055613898 0.49229748220487429 0.00026125032396646789 0.010666599760298014 0.023079714008954207 0.0049291921288952779 0.50577248817295439 0.51382053488415158 0.015696519325368648 -0.011342160179491613 0.0067109027296348251
0.50744182155132245 0.49548317933206448 -0.0079540408175433862 0.0080491911466863166 0.0096591364145848495 -0.0088014517372726163 0.50613110229440195 -0.49008527938893842 -0.005623935927088832 -0.00050249437668088205 0.017783168667932035
0.4994034505297793 0.50471309310120915 0.0019496619949681399 -0.0064450408352315514 0.0037978804259645197 -0.0034762406960179735 -0.48991792274802565 0.50562981265160845 -0.0066775174160753114 0.0066479355828585537 -0.0043791111649148584
0.48783448596678364 0.51238895025262354 0.0081425466570706848 0.0046785078766811098 -0.024460011351825808 -0.015269945434950236 -0.50192985132019063 -0.49646006469694548 -0.0073520935732568722 0.0054538667309411591 0.0080904661282937326
0.49361235606544734 -0.50618121192633003 -0.0047867517023759739 -0.010733852391160434 -0.0025036112348172678 0.0032939924277585663 0.50059658018497133 0.49912295319596139 0.00033048327249252124 0.0030001598181425421 0.015569422593372174
0.51310163004848486 -0.50436086779682632 0.017829249894116696 -0.0092632590215598175 0.0046701235211039091 0.0071140789733018708 0.49339880678253689 -0.4880430524758268 -0.0040800670850461044 0.0068598686551079174 0.013364641194377826
0.50253819236494324 -0.49093562586981543 0.0017014552283541734 -0.0013817302971699005 0.0058109533662814693 -0.014456100816275947 -0.50093431484505369 0.50474391322284207 -0.0072231778079418774 0.0031028940535332648 0.020654741201484167
0.49876764335067025 -0.50786131101852849 -0.0064133162939262866 0.030694708644444475 0.013487559965219524 0.011104969619717171 -0.50894180805766287 -0.48162579521657778 0.012314867995369265 -0.0013287087033926632 0.029674977349118427
-0.50573271757170002 0.49207474520736805 -0.000989423929592509 -0.0055853090783016552 0.0052955865546755977 0.001981386603310791 0.50767759585141947 0.49387783023551068 0.0070558061533232321 -0.010368399743824993 0.014952561595605707
-0.50505178349087132 0.50580734168426744 0.0075660684751086603 0.0081743112245056867 -0.002425522946420572 0.0011737002066104121 0.49466005955043174 -0.49352565421473688 0.00072230356818289297 0.002473453801771202 0.02622056487580382
-0.4980154487024091 0.48864623080058039 -0.010635483979964602 -0.023922419839244442 0.0077067079171855429 -0.0018888413196950162 -0.51165296891179457 0.49970341130778795 -0.0063956495185414604 0.026897013030768607 0.014159933177227092
-0.49864083605638237 0.49837995865963541 -0.0080885639152415492 -0.00020465994304905621 0.0074513941976742165 -0.010429615977951159 -0.49184407163818661 -0.51054855444244562 0.0066664145054291021 -0.0014187474284473407 -0.011317920791717751
-0.50725041459644193 -0.49536997863303589 -0.017334737895690445 0.0090426398902802487 0.0044124792192861279 -0.0089757634948229303 0.49642985202596202 0.50025798420057643 0.0019166903038228687 0.0030671785854807145 0.010467777148530331
-0.50966905530063966 -0.50140241003144581 -0.0076029874133972412 0.0099833985156657663 0.01046619742426457 0.0068684683476993571 0.49812964150934297 -0.49020948806328823 0.0012538449395952283 -0.00077763164481634852 0.0088446423618170605
-0.50615794847714368 -0.49824819406233373 -0.017816679219567942 -0.013029986743671958 -0.014755077706451059 0.0079582636086455282 -0.50302998422622802 0.49100758590429727 -0.022683670977785231 0.010640989420126239 0.0054049408154177312
-0.50605990584808125 -0.49856282136378038 -0.0063193464008335252 -0.010593137933821637 -0.013269408750154105 0.0209931706381646 -0.49513448689414674 -0.49879756220441407 0.013262866595883977 -0.00079217120756072484 0.020876934066555136
0.014511483633816536 0.015379711949378226 0.50333131951069754 0.51373290873162814 0.49321794680060121 0.48845902982314632 -0.0039810531993233946 0.0096770451220040792 -0.0077973917328603495 -0.012683578047939376 0.01008113436511732
-0.010423900120955889 -0.012566778272966241 0.47777973124085016 0.5088003999710381 0.50253058154153818 -0.50866511666563163 -0.0078801056214643245 0.0080413010075917214 0.0040783472602667651 -0.032098085192146499 0.011455781161668633
-0.030253691720026132 0.013289037074689597 0.49783680077815429 0.50016158075503958 -0.49201346610955782 0.50734506709016391 0.011367135811250116 0.016977384102494344 0.029584077092350124 0.00082142101460806153 -0.011637221629802512
0.0029947205946020778 -0.00014507201805428094 0.49350499383524832 0.49375086397268181 -0.49251289106464546 -0.51890950977597106 -0.013637405369514861 0.011083629476175366 0.0021313006416704642 0.011867545810686388 0.019070449239761103
0.0025210821978533019 -0.0040783126838987785 0.48880251513966533 -0.48504141979858356 0.51839871813082949 0.50605358651018539 -0.0033245395980947587 0.015053315961511569 0.022549885832888524 -0.012514041978233021 -0.007329182827615275
0.0084495679129556155 -0.00081592026722832371 0.5004509020637854 -0.48582726625863071 0.5024574615594477 -0.50995949679304109 -0.0016919763243753516 0.0044419904036131705 0.014623599182231932 -0.025305426482354867 -0.0070500842626952361
-0.01386080878854005 -0.0022191248840228374 0.50724204089201963 -0.49720725341684746 -0.48770820533921871 0.50462497712744592 0.012070116868645593 0.012428393502548438 0.046396827709583983 0.007238221536889927 -0.016808965196177906
-0.031211328955117881 -0.0067467697903084104 0.49051527096573339 -0.49523526093285669 -0.49514583865438544 -0.51678238449727287 0.0072104997901023616 0.023577324511375189 0.012967635574167854 0.010342417168892832 0.00083555572577192583
-0.010726847969738549 0.0090092872998608839 -0.50923517503706373 0.50790663342226861 0.49277457747207998 0.48926132589520649 0.00900558687809252 0.0033813323248453103 0.0054970262952588438 -0.0029068384116796046 0.013398711696903435
-0.011540196047079395 -0.012091131489913245 -0.50937673575030773 0.49219802725103012 0.49952468605368311 -0.49799206637232463 0.01062501206231726 0.0062625362884017486 0.0074297477973860595 -0.014068317520802665 0.0084161964062613344
-0.0073395635361096266 0.015110364565182055 -0.4968317769283242 0.50749306896827084 -0.49439174323062768 0.50069206497588881 0.0033083893641505384 -0.004185274213587521 0.006425867211859739 0.0055752491044663418 -0.010497677664565616
-0.0018534986304779937 0.018707192689386608 -0.50846373272161183 0.50123486470789336 -0.50260242941589472 -0.48612334179796401 -0.0087031596567452921 -0.0080932397562078189 0.0047227730822681901 0.012912643301921925 0.024888881786913591
-0.0046790272324089442 0.011252528084469561 -0.49735126058679074 -0.49896084391902751 0.50000187795234374 0.50295265411878343 -0.015805611841716218 -0.0021039564447257945 -0.0071785660324472705 0.0084758797537041082 0.013799295522447115
0.0027573910270890681 0.0051166315579046209 -0.49700477049094416 -0.49484702182105844 0.5046741401621615 -0.50330611133926451 -0.0021882568347941669 -0.0045584620642878807 -0.0022690587507994847 0.00091651594528193933 0.0058578022302463589
-0.013739898684133164 -0.0056905274572720812 -0.5085911365258905 -0.4932950477564147 -0.49742361516984768 0.49976262527204185 0.0076193328032989867 0.012938249653078215 -0.0039597711945211396 0.0089396909452966883 -0.016121409420397602
-0.0080651704774789851 0.0026051952961785732 -0.50991669755384006 -0.48790025802486103 -0.50888922338108944 -0.49260525246871195 0.011448463470104758 -0.009191885254213248 -0.0031980369149828404 0.00084558545952801746 0.003433482094567114
-0.0032887905079034569 -0.0060458069037121588 0.49882791234681595 0.49839611864213096 0.0018841608392454734 0.0025986041422040827 0.49827854100851038 0.50426522092529857 0.0034184078216648712 -0.0045777488286197921 0.010807094693553326
-0.0036182095408915736 0.0057468982306819452 0.49335145795570351 0.49491518568827919 0.019020482236086794 -0.0060874524451157439 0.51328918070578655 -0.49762157828640208 0.00096703765910468892 -0.0038494166480880581 0.0104676850623755
-0.016654664257888124 0.0018689204109645897 0.49721561412259341 0.50621010235604436 -0.0035726316265143063 -0.0061759286445598853 -0.49216187476467677 0.50328670768102246 0.016221219871099313 -0.019473619048281383 -0.0057461235402731931
-0.01408678183773681 0.012634875621289829 0.49762225882708622 0.50658398217771683 0.018174944577256377 -0.014469319378209994 -0.50101795136427107 -0.49349336712546937 0.00065904743340312487 -0.0017488349874909292 0.016994276954710046
-0.0012169078668770122 0.0083903064618152008 0.50132801375246694 -0.49132663691823586 0.02135683420027493 -0.0050770300451615695 0.50261664027626729 0.50345272081937997 0.0086081815324292304 -0.023236856531645356 0.0035225416106345036
-0.0014238484763195946 -0.024639113997202377 0.5082326314937996 -0.49682832401680116 -0.01310296851586483 -0.035348986187759772 0.49463148521986655 -0.49781305840884488 0.0076597102508605026 -0.0034224220072666864 0.016802542110089375
-0.0099550535372301477 -0.015370487158001709 0.51070780694774909 -0.48790298828505374 0.02096425243871149 -0.0078617026605273966 -0.48581969228123761 0.51372754590894365 0.013810056146219036 0.0077575663423060754 -0.010192468273986916
-0.011517724486720523 0.0030574735525934773 0.51554610755194386 -0.48717348210991074 0.020331062745323574 -0.016252581045763163 -0.49147276378081445 -0.50366545156267095 0.028195685545993106 -0.0053620396082597549 0.0025674702945527239
-0.0017690531380957337 0.0064797513482073221 -0.50643985297794125 0.50624661382418024 -0.012612940869029006 -0.0058399149547068109 0.49221454260871406 0.49455622280316103 0.0064206438674263627 -0.0094572336094055943 0.0017482255569485424
-0.0038203305954409125 0.020809698256439198 -0.49633569322972698 0.50790536960375732 0.0021968572723203507 -0.0053578539561992961 0.49780265510912192 -0.49733967725865652 -0.0030493212548084966 -0.0061310911961285934 0.00084691012348000094
-1.0969250312032376e-05 0.020134185757680723 -0.50780532828106106 0.49606031324456457 -0.0099529802995348086 0.0013924337372938724 -0.50127626813757376 0.4939542513228895 -0.0096914943817593985 0.0012179690055994247 0.013690143838676125
-0.0044583890504404219 0.013892209982444455 -0.5001148236850439 0.50384662804058722 2.8541984227757231e-05 0.015248368536008281 -0.48976061484889133 -0.50481094771903234 -0.013745351566546543 -0.02479814649096846 0.0086555589423374032
-0.00059732012568071652 0.006640176991215589 -0.50165759331433235 -0.48866970868914561 0.0015289286290722124 0.012916667299219763 0.50203692095769481 0.50720953897390852 -0.0032867919176795793 0.0010306107973834192 0.0036737760581522119
0.0060974383129086956 -0.0099406031283797869 -0.50913217735816108 -0.50065781444271906 -0.0065360643243863072 0.0104594501530672 0.50637322285418029 -0.48298371145457208 -0.0032177423167942341 0.0077939780567655593 -0.0089363260546832125
0.022436531335028684 0.0064256816285658278 -0.50104307732136133 -0.50277458407422904 -0.0056300683891080446 0.0076986206558918345 -0.48987582174865496 0.50505161502599771 -0.018670975430135215 -0.00067293572612894673 -0.011549276350686501
-0.0039724299697018644 0.01283738518878267 -0.50140610876609681 -0.51210184141133308 -0.021320580181816141 0.006684244700572964 -0.48076868729383759 -0.50254974541857989 -0.0079830271545042967 0.027872286315118774 -0.033592005310889045
-0.0087055213784363473 -0.019166384280263182 -0.0012003042895331983 0.0058474975656074724 0.50013667570214826 0.49486081176976932 0.49693202605812931 0.5073185359580823 0.0014044734137515255 0.012584322848645293 -0.0048413912395588853
0.01472765347291259 -0.00059725632464816296 -0.022140335110911357 -0.0042231849263937088 0.51011970210312785 0.49917510917319091 0.50372656275283123 -0.48585102080074177 0.0074412219865811471 0.0054564964924874778 -1.0580021860035795e-05
-0.001919275569412608 -0.0123512180966869 0.0074424649669585447 0.012525016658513318 0.47549971548479303 0.50558211669411657 -0.51437355765592074 0.50306872828868587 -0.0088784196415671139 0.013421580384409423 -0.00098689703737688808
-0.0046801557134654205 -0.0057570926649894664 -0.0090392632744420911 0.013064020102336172 0.50254096765278078 0.5047449647094705 -0.50653308630681604 -0.48539424326017133 -0.005546651490415673 -0.0073511362309158744 0.010465567139112904
-0.010840640316568938 -0.0030188887276065015 -0.0069375393046170264 0.0010523331145023932 0.50319707634755928 -0.4965622758059815 0.49542676542296055 0.50436834300696087 -0.00046821252881708411 0.00081779986168924298 0.014378637933160679
0.0030567865146018556 0.015544522764202338 0.0027412423177022166 0.005497607659828734 0.50820700448812428 -0.51067445901324504 0.48960678374326932 -0.48974098134307464 0.018054184383121466 -0.022745281770022246 0.015626591397525806
0.00071915153157264247 0.0042405215818051385 -0.0067887986021488312 -0.0078932799655174208 0.50176343844859572 -0.50247846569784338 -0.497859720425741 0.4976012485538977 -4.521260789766401e-05 -0.011814584672824204 -0.0033259959307999618
-0.002002170328916187 -0.00012843829313321196 0.0027766905930663738 -0.00086263419327767829 0.50094271094413456 -0.50997124046706321 -0.49745174184429847 -0.49089544631721349 0.0032531245229625253 0.0024978408716623567 0.022800399349982754
0.0075678852398900921 0.00040549459103687748 -0.0051592599902086905 0.013891666994139519 -0.48695702098548566 0.49966863617466867 0.49578978308674193 0.51627874963060383 0.019443519900526951 0.014027824382655353 0.00099669028626237356
-0.016252671094178262 0.011651628133837138 -0.017870210512245886 0.0067567627687892019 -0.48831455984220251 0.50320304735811106 0.50971636591779179 -0.49655845467814058 0.011061672134397176 0.01022352650481474 -0.031027762914999989
-0.018709300130138783 0.0025024872773472427 -0.00037630421230178362 0.010779668232347665 -0.51118287868057499 0.49595411986996324 -0.49236459298373009 0.49961877930925874 0.012321647908753763 -0.0069856442252451256 -0.0025481418565769308
-0.0026945850145973192 0.0070527550730374745 0.023818864432720462 -0.0014925370568492722 -0.48289612203243742 0.51453874754986051 -0.50167600267884394 -0.49739490788290436 0.021695722598728449 0.034811466986235266 0.025915165813124669
0.00095497642644864361 0.0034133601536469054 0.0027583305435084876 -0.0042321233115636906 -0.48406257554048809 -0.4871972285630688 0.50753910911920741 0.51979069906111286 -0.006588004508227001 0.0092094249090845428 0.019433675731408896
0.0029343520136485431 -0.010431924888404618 -0.01214004301999427 0.0089786131827547817 -0.49325909850041877 -0.50323166629488358 0.49511456053125552 -0.5076128633700242 0.0037948023516694101 0.0083578833946694742 -0.01464302968305708
-0.00073374091365385036 0.014532572353614338 -0.011873034498090754 0.0041002559819289406 -0.50074515613134929 -0.49492853979290902 -0.49886384825157237 0.50489163603379961 0.0046049993443874017 -0.00093654045196457278 0.011301666733868143
-0.0096057329254482255 -0.014517205087721178 -0.0076304056734722518 0.022234709653981395 -0.49134247167730727 -0.49611363377119505 -0.49613097838298176 -0.51444763336364407 0.013090244065900229 0.022082508991646405 0.011700695785402317
0.49080440590805191 -0.0022442624066074234 0.49458954636365837 0.02179588038974228 0.5057897218166022 -0.0023766255574906134 -0.0053623713727805533 0.0077135970637994345 0.50696653642845224 -0.025001199040378116 0.021327071783169411
0.49548420834694129 -0.0082429525134523635 0.48976867682866804 0.015358834688965591 0.52516811810390607 -0.025441769639897541 -0.0055155276673871561 0.012318376047953524 -0.48734238864559332 -0.011881318962408419 0.0065904132619647206
0.49821029731448235 -0.0020079045206497282 0.5093526682065741 -0.034469688190760302 -0.48380031769962506 -0.028303812444064935 0.0068863448638226991 0.017385572634689581 0.49915325338264749 -0.031865332849677651 0.07596884275463095
0.49887466556580629 0.019731623700883095 0.48755070011657808 0.036818048280369213 -0.52573949973111922 0.04362664982513012 -0.0040821857997536725 -0.005774969482663257 -0.48090800226919905 -0.015150910778465499 0.042615722562222673
0.49015961151050974 -0.0083069902812255032 -0.50433671201743158 0.0062486765924856915 0.50057549953036151 -0.0071114065467358812 -0.00038943026347283623 0.006802050798259531 0.50359710781387179 -0.0142743856858541 0.02816658728496416
0.49296017268769327 0.018574385203141319 -0.51163344962313562 0.0070759215808937903 0.50647134436172436 0.013135012272381289 -0.0047248273385892305 0.00030900387911878685 -0.48793906462556774 0.0040248071217270599 -0.0041838229851211472
0.49887334539821637 -0.0053350727205102363 -0.5037849655494212 -0.0067180460869484477 -0.48678052621363926 -0.0062942269658086631 0.0075061698881187912 0.016853026894218432 0.50870243437658025 0.00019394579218247758 0.033749505803201206
0.48871518226817912 0.012931454017587867 -0.50723928703202525 0.029041241765170235 -0.4781537623414685 -0.0041721324879961446 0.0069538177617749167 0.015131331947251558 -0.52038875137383922 -0.032799884963983603 0.045267374086822472
-0.50885029855517228 0.00068639642382552538 0.48254634658705908 0.018042324963148396 0.50104046861333873 -0.005965500567647255 -0.0133800790767751 0.012942791745432636 0.50552541952228136 -0.022990295322879099 0.019652384178326019
-0.49992535517418318 0.0090395755343088413 0.5026548047655085 0.020070735646497473 0.49719367793593483 -0.005398813651937927 -0.010766312056407648 -0.010904515556176256 -0.49883941035274032 0.016840632494555134 0.018394331134233929
-0.5015062734103195 0.0046245161934522373 0.49105421475213823 0.0026750532819025175 -0.49088025783106032 -0.011602147286674129 -0.0048247394752638064 0.028152176244445406 0.51502634835383043 -0.0093098276220679108 0.008717853341509943
-0.50805059153359999 -5.741093792141807e-05 0.50038890555210369 -0.00053817473673357431 -0.48908067660699406 -0.0088941616298433245 0.0079283469442290502 0.018266042580229333 -0.50134602155468266 -0.014949178574797077 0.015761158194453839
-0.51269085349099508 -0.0071285808581974886 -0.51211353077059707 -0.010282843323448768 0.49880930683257957 0.0048844004791234463 -0.0099000808374222846 0.0076148581721115051 0.47484004920972672 -0.0063859354226575814 0.015061032346937106
-0.50086584989316063 0.0015714787150689111 -0.48381159153216002 0.014247893260091191 0.50172133470002866 0.013849835889296194 0.011873213844953108 -0.0045924036916815195 -0.50990628175779817 0.052147756839417664 0.0072310826822320423
-0.5082375434400408 -0.010858920329750483 -0.50254332676259272 -0.0078048202482528424 -0.49071325095207269 -0.00022653148867734303 -0.00082336859692274018 0.022003036332465382 0.49739043259648885 0.0089425417674314483 0.01429698508906878
-0.49614624029739646 -0.020284167618970575 -0.48599625637628346 0.016258522799667781 -0.51537768806406425 0.01558433414052199 0.027853185311339353 0.012329128018594713 -0.49973595362191442 -0.010025166817331002 0.018692044850800567
0.49651685393095296 -0.0097943687812911493 -0.007269241386836248 0.49230623950700259 0.0084748651933711505 -0.0027496813677410758 0.49936202235787724 0.017513291180977889 0.50973504013575333 -0.02399678481791967 0.028330603982514285
0.49775074283824761 -0.021470136932866042 -0.0050195670406839492 0.51080441263945164 0.0060268805061274942 -0.008486650716499183 0.5071086709754814 0.0026346388279854583 -0.4832461516781591 0.002806930910053441 -0.0052605319758865622
0.48977891872927248 0.0094110024929430491 -0.0055965488088780841 0.50401715860227014 0.0090805932253401611 -0.0072672187020390386 -0.50202254000119295 0.011617229581339254 0.50221801206226846 -0.014018047449283389 0.035314708676937707
0.50834466102500842 0.011389535472237138 -0.011291554538425246 0.49057770029161574 0.011700994953013681 -0.027263687347409731 -0.50838429437185595 0.005850656306219274 -0.48914697721726907 0.043319231321959618 -0.0123142545378648
0.49227267931253588 0.0012412373647990508 -0.0061161678398712668 -0.49513174602352111 0.018772782962476631 -0.01583180791226001 0.49849257210775172 0.024163734838356713 0.5118068600321044 -0.017047687153985459 0.023548576174061982
0.50714423385856744 0.012171923051207229 -0.0031874395114441455 -0.49184219166320231 0.0096715312939976584 -0.0073192041272981566 0.48806892557407699 -0.003983161465032972 -0.5114775718435538 -0.026372854115842972 0.0076540313841462586
0.50109634496782285 0.0073291537653278373 0.0031183493608433212 -0.48968488472243776 0.024135277378805612 -0.0029389150052301482 -0.49463845047738336 0.019268383086804352 0.51142369632113149 -0.0097321158216794688 0.042061844782029699
0.49492985757168345 -0.0026753558796456115 0.012147413043018529 -0.4961948406690222 0.00044297948789116494 -0.012621589594006298 -0.50315961718392777 0.0036489522173989383 -0.50455970105092363 0.025903828324611768 -0.0092996121779477959
-0.50244194752047677 -6.7655140527150289e-05 -0.011191344227995186 0.49903058531694755 0.015127988427500646 -0.00093455328332344161 0.50018551647521048 0.0052136406330274441 0.4957750995649064 -0.026943257721211956 0.037867699666833614
-0.50777186147024844 0.0046022231655212147 0.014424705289799186 0.49343940530986219 0.0048621725942148168 -0.01995637426030809 0.5079748839460887 0.0027236777210861724 -0.48979791644192588 -0.00050594368244452712 -0.0092727417488053625
-0.50021823204846594 0.0090859705722961658 -0.026338665090037027 0.49601183905859458 -0.0059724964500940054 0.0038602291954337791 -0.50884746184708562 -0.0075121294593598819 0.49334414351085276 -0.013471569750833948 0.019365561482190291
-0.50793111604917052 0.008591141533103681 -0.012946320376405118 0.49818818897092759 -0.0032540055591342479 -0.010939188583123869 -0.49977394402354058 0.0061171149293592977 -0.49346256796902715 0.011134299032744542 -0.0014654604408470622
-0.50233597827598309 -0.0033732845377175877 -0.0066706474273227267 -0.50199258237171485 0.0018261489844134081 -0.0062360689266814226 0.49141179097091586 0.0037490687272284141 0.50385576579620228 0.0015970771105675212 0.013824796884768505
-0.50123536131288393 0.01215771393873305 0.0098950481341171549 -0.49727797759287645 0.012912221994950335 -0.01263874927383637 0.50972559916432914 -0.010335255637442307 -0.49016158404082433 0.026835718661476559 -4.3667168199846318e-05
-0.50124834649169459 -0.0049276776094564819 -0.0080481554682568963 -0.49842249340215122 0.0034388656494711866 -0.0093817333311343488 -0.49618957744964737 0.003801645457658901 0.50320021183267327 0.00039083988700874508 0.026590608449205556
-0.50234705864832785 0.0012848352284965897 0.0032278918282867496 -0.5177859204818539 0.02072881669968682 -0.013657191900131866 -0.48138498134988211 -0.0027345977037217754 -0.49537514029463736 0.036529547909830602 -0.021142010601911943
0.49606554385789176 0.0052314101678585558 -0.019060610314079213 0.016354323495182819 0.0091630777107297307 0.48902180656071176 -0.014126104739877309 0.51471694076492902 0.49782321973322308 -0.013324976151786393 0.029932581855503602
0.49571862576880621 0.024033974961350183 -0.0061591897974246556 -0.0047139187898340212 0.016294130551540928 0.49993778989395421 -0.0059860655445977979 0.48866924221675301 -0.51153726384076592 -0.025273048659578575 0.047743088023259779
0.49646485697442216 0.0062573285235365157 -0.01649764402428686 -0.00063877084448692514 0.009158813589372131 0.49164623919502959 0.0025048635004702594 -0.48899935715472864 0.52156689746502827 -0.015811021215153646 -0.0015298364405769973
0.47455214319076738 0.014082948547394886 -0.00015956989484351423 0.015604686749111432 0.019607633306404023 0.50318109379636178 -0.0098754928650637112 -0.49804828460598466 -0.5173576718300027 -0.054798610616946054 0.044398899974999087
0.48801045674529225 -0.0029589779467153951 -0.011982156275600543 0.0088652570290367813 0.011299314655294903 -0.50631941822316173 -0.0044977303122675097 0.50137042165108026 0.50261326112942539 -0.01608451776183803 0.029266271793777363
0.50646792526144202 0.0083075492119894269 -0.016304455931441572 0.013209442165437178 0.014437211082319663 -0.4945135664527962 0.020639490551668627 0.50497897979870454 -0.49075144169758533 0.034636702429578066 -0.027610919941072842
0.4915292021257901 -0.0064555634721144128 -0.0095696784668301126 0.010173741619362242 0.013790870378742262 -0.49488431252860948 -0.019893792480802759 -0.49487564773049053 0.51666468419753631 0.012519097970570223 -0.025784124839705099
0.49549790700937807 0.0021403168609586444 -0.021805317696674979 0.0078248403337774219 0.036225499410568435 -0.51404771997051046 0.005850130320466094 -0.48399436316246991 -0.50233365220493331 0.041312452241745422 -0.0072535182462092687
-0.51238764854529939 -0.0098373573969453912 -0.0015287041206918772 -0.019686371016639736 0.0057906111400015826 0.49520827962415714 -0.0036900085719230773 0.50524818981652531 0.48595923590020373 -0.0033787863550578975 0.015821436780481105
-0.48863973305513386 -0.0012183088995594649 0.0033900059138554056 0.0049694581484981204 -0.014032659819062834 0.50399788961997283 0.00096033885563971591 0.5057877831739771 -0.50055399951763702 0.024293838741313686 0.0040062667420244658
-0.49464109769904568 0.0067025008766357728 -0.0062400368834638516 -0.00087715187116303608 0.01740433719265164 0.50086484704891909 -0.0030446419582214157 -0.48122344002947054 0.52185951163030131 0.0024003020894659954 0.01219291283200705
-0.50735471070577276 0.009572097056967252 0.00075705035944184358 -0.013205104213252357 -0.017250464697640026 0.47559350406595552 -0.0042513823708052838 -0.51069467828927784 -0.50405529619499179 0.028440598927912997 -0.011407320605400706
-0.51135135133103582 0.0072855302851170846 -0.012503751749204959 -0.0070889391893005742 0.010720265276138063 -0.50116507116369113 -0.006202650788978168 0.50623305336097613 0.47877307847050515 -0.028408467575842439 0.02525248782863657
-0.50135715161212357 0.012228305769058763 -0.0018831200791320825 -0.0038911713030420738 0.019446457616632034 -0.4951360305616741 -0.00068128400493298728 0.49486517868434871 -0.50770050692265012 0.012652723768370556 0.011091837782146379
-0.49403748090832661 -0.0066386848818091914 -0.0068353813112211163 0.012558017542550336 0.012612589988894439 -0.49921925466809569 -0.0055550436323827633 -0.49115349881189263 0.51366809088655674 -0.017475523249413042 0.029607566737695098
-0.5036533840789984 -0.0097773508548017161 -0.0067406381345401882 0.015104239719162166 0.019533650070005449 -0.51023671867016729 -0.003680520595657068 -0.49173429677704844 -0.49307435656108761 0.0044830364573813048 -0.016806002470585422
-0.0099489139250900985 0.50599904329368561 0.48633265068466702 0.0040869325098097428 0.010832947046780915 -0.016862026552755198 -0.0048582226574727392 0.5098249367754254 0.49621192782758411 -0.013939642274249165 0.023717020186564186
0.0017381667339765904 0.48678903875869672 0.50325468325884737 -0.0064966297399912717 0.028074603823236753 -0.0037825007505413568 -0.0035571333704875578 0.5130200111096872 -0.49561407472789842 0.008851429118423711 0.0030973450663261157
-0.0088597770387905846 0.49161360577862467 0.4959394405241272 0.018569108061448909 0.011138133792582871 -0.010718205586111236 -0.001029704911021323 -0.48025059708014595 0.5283748193913177 -0.017130499330173202 0.039784274595160492
-0.006513356732250437 0.52116583717310039 0.49905576179504224 0.0053701246840535278 0.0052808227753803599 -0.0015244138784879344 0.0024013785736177618 -0.4872617216476865 -0.49166464319745951 -0.0018947793333951245 0.0077833308808766136
-0.019833097811098363 0.50038421629496455 -0.50402544520553783 0.00019348265361851641 0.0057617266816118087 -0.0024895762970601554 -0.00050328435008589474 0.50676402643738416 0.48765060992197007 -0.010342346807975416 0.020520445864719381
-0.0030102312673902613 0.50767705334381064 -0.48971490174094245 0.013077794664723842 0.016385854658252701 -0.0028166852249904531 0.018759596321071027 0.50269291065919652 -0.49858095731360275 0.014206723887197223 -0.012244079646536675
-0.0083075936381409223 0.48398451298979034 -0.51093841156615538 0.00033426057501507989 0.013266691267136539 -0.0049926739485177743 -0.019047807620763742 -0.48980962103759057 0.51333206560546629 -0.0036794772102223508 0.025124471582633822
-0.0063090054098529661 0.49475248476177208 -0.50483608372510369 -0.0060134487029436974 0.0024606534553564012 -0.0023350885240753451 0.0082224715362040745 -0.49992297483306819 -0.49865024300333927 -0.015710022882651858 0.03719644273818018
-0.016832778369577219 -0.50846724241371155 0.48407033429583041 0.015234602430149926 0.0073822502512044608 -0.00011718946809439154 0.0038435047540748349 0.5054825592239689 0.49980715082998534 -0.0097968254449378473 0.033711599456830652
-0.032318670619607665 -0.5064168544435913 0.50322736460494855 0.00034161772340970492 0.02060399983274196 -0.015742655960078837 0.0076276796991407662 0.50072054885777262 -0.48702621533467638 -0.019465197813448534 0.015314762616073625
-0.00027438967354900362 -0.49824185668996657 0.49876239029634589 0.024630526304419368 0.0034539532571829404 -0.01504385487660986 -0.0025514866728061931 -0.50204550299905526 0.49944660388183265 -0.002742944865985393 0.025209398013112241
-0.030675065866817161 -0.51250105243052191 0.49028805484489107 0.018263723894253011 0.0070911596919559046 -0.0014811998525116263 -0.0028845728304781764 -0.49964672720592773 -0.49329128814098772 -0.046412672177247601 0.022083679412293517
-0.00076072166908776307 -0.50916389048835042 -0.5028544907658572 0.0083615405335881032 -0.01236379941034651 0.010644520991208075 -0.017522145894040022 0.51119661245798187 0.4748088697806051 -0.010723397833546146 0.019114760007726037
-0.0064264830559184064 -0.49057467112439407 -0.49780822831406479 0.01285047394712106 0.0088808774541656779 -0.014797974474393476 0.016406113753093143 0.49958050938347465 -0.51095230258655522 0.0060233999459860027 -0.0077969664759365096
-0.0031001448052411342 -0.50327122764741428 -0.51260934916318435 0.0070781053432646592 -0.0011072673307178091 0.003832231908197373 -0.0044803729620964692 -0.47823701265647744 0.50468351320994276 -0.010912919271142081 0.017856363793819705
-0.0037625246629140168 -0.49005074796513654 -0.50054415204159097 0.014788460682348344 -0.0091663127653826733 -0.012285862347074947 0.025108878076879768 -0.50796607273422978 -0.49870021326769626 0.038101749642950662 -0.0049360474918819031
-0.013098340724625363 0.50013869037487813 -0.010680725814874222 0.50262542931438503 0.0073804242523742986 0.48818905529050033 0.0045263864868710924 0.016190450410706724 0.50756753677097421 -0.0049113044308903356 0.025074992348710093
0.017901442317780597 0.51196106235075789 0.0097006089824661131 0.51319614077764086 -0.0013362682210735582 0.47699305659966268 0.03432060448223543 0.0084071913248691711 -0.49390957472719477 0.035257435783838408 -0.01218716848310224
-0.011901197688643667 0.49597876852212902 -0.016399309771512615 0.49736942298834719 0.00021552436776729243 -0.49940678062569954 0.0088870296587369411 0.013670677077938311 0.50586387024704405 -0.011896427006854348 0.022479245842634912
-0.0046793399501273069 0.49941009583170698 -0.0028780269094036176 0.5091340752925092 0.0057213825448135611 -0.50947150238829542 0.0056489433215568749 0.0099753931410142931 -0.48095861310357613 0.016999948941560129 0.0025138656759236193
0.0059977046327319584 0.49411787092426845 0.0014610161355036572 -0.48437556892901806 0.0025850282191348817 0.49394975628415916 0.0023085224515873334 0.021020004112323801 0.52403897342532602 0.00036800611303339784 0.04617938694822675
0.00031696709464051496 0.51520548557575641 -0.0042112225126239092 -0.49146902331897319 0.013139020438877368 0.49584889440117685 0.027629625825984522 -0.010705757458182859 -0.49579336398747398 -0.013857470386635538 0.0091549562981797505
-0.0014855606771116262 0.49549061551298273 -0.013403722733085181 -0.49006302126060225 0.0029077349070285347 -0.50567128167679354 0.001975183750788331 0.013691596508168199 0.50786771412458909 0.005172390858324865 0.016905282600593017
0.011807838516560544 0.49965237056202289 0.01921605263708942 -0.48916495258398351 0.02897291137118211 -0.50570917029995366 -0.0098044239384873482 0.0073174562275371705 -0.50318399969586036 -0.01131165575274227 0.022439218054246209
-0.01137355234973512 -0.48711800411765793 -0.013020488746836034 0.50153356647353686 -0.0088349912341070553 0.5018785031671561 0.0068618484401836467 0.012604549087910913 0.50751994106974407 -0.024645677893179691 0.02304977850471978
-0.0019312042401503757 -0.5150685116642516 -0.014345187600433537 0.49645514161526749 -0.019196161412516601 0.49164494602583786 0.026589722689378578 -0.0062515967224846978 -0.4950397085069384 0.010711561069041529 -0.0043376006564905898
-7.3369641073099264e-05 -0.49945731001595184 -0.01261443173189335 0.50351097268250333 0.0054712359835794961 -0.48982335429099344 -0.0020870539601484102 0.0059828134796116291 0.5044190772977184 -0.036721794420722938 0.032800429541908059
-0.014898976985234728 -0.51298770277947359 -0.0012031988397328329 0.50705853609480944 -0.0014826010614341386 -0.49445207481130027 -0.019770763528945849 -0.0020172467959912754 -0.48387062349852583 0.02232831775233305 -0.0015785255813875879
-0.0065268186553973425 -0.50437349594065095 -0.0072901433986546655 -0.49283246919673318 0.0014623690198973189 0.48957303161690285 0.0093636173246064332 0.0052618953264475781 0.51155454375400267 -0.0021724438840501695 0.033701052152492819
-0.017254722715917645 -0.46281255233077506 -0.054412688186769496 -0.49234979962075159 -5.7680262870449349e-05 0.47812952894479577 0.015034838837590565 -0.0090325556719710424 -0.54202741652620201 -0.092699772254426174 0.09399627049968369
-0.01089355259797928 -0.49541937238268907 -0.0087800453206962111 -0.49672765277207903 0.0041258024893480539 -0.50795241553610559 -0.00043721602181969079 0.0022359686446698154 0.49854869458488726 -0.01459927048349593 0.028700466472243166
0.01216357379720976 -0.50888566730013329 -0.013160164940756702 -0.49178191332567722 0.0012093485952105615 -0.51059107275047655 -0.0082931186072713031 0.00041290533683342821 -0.48762068166967737 -0.0046235653901815872 -0.01719959072097825
-0.0099080248943223988 0.49299969338581123 -0.013229295756871874 -0.00061826759151926698 0.50515448723497691 -0.0083755876289444316 0.48971956493901553 0.012824557587950763 0.51020128199137837 -0.027563660780322619 0.019279660234181199
-0.0045838458985777335 0.50364434877185404 0.0034833744337230067 0.0054022026877738692 0.50535764166695818 -0.0026067573558294127 0.51344942090210122 0.0048055288056102425 -0.47640895655751064 0.015126454377222542 -0.0062605909049297361
-0.0092115527707448928 0.48930026022278805 -0.018754154808575747 0.0075662618108565853 0.50822810257983442 0.004414663374884208 -0.4986355530195567 0.018003208885440044 0.50230291902738777 -0.013809961811053789 0.017767237335265463
0.013300549300862986 0.50790258745412487 0.0017374202340934507 0.0059648455278817208 0.50919687899009736 0.0022534996182789657 -0.4980947142752285 -0.0069938196349641343 -0.48327666679300052 0.028294548278883121 -0.0053612656907425062
0.010729249702631869 0.4936264640026331 0.015924324412643531 0.0059221722286004292 -0.4906933899836744 0.0062492870935281939 0.50516780696544783 0.018606392700423066 0.5089492243468976 -0.0079424665389284978 0.021839818238502021
-0.0029929090917024119 0.48418921820356703 0.0047920160562781389 -0.00021427656561492713 -0.49030128421475627 -0.011046847395371803 0.51227620440483579 0.0088876412044796588 -0.51138995324654524 -0.030632059512615439 0.0068952796280174686
0.0070551884378928587 0.49358653070363312 -0.0021688744526551728 0.0015228519962558866 -0.49551466565253222 -0.0070074988967163618 -0.48750099434176369 0.0024686870279346028 0.52137488318085734 0.0041576654077618829 0.034918191800109369
-0.0041600708430921335 0.51533443987583916 -0.00060951970527958798 -0.0073635421951192383 -0.47771613004147434 0.0034348146942756955 -0.48407036885335453 0.020658947791026235 -0.51741435510601896 -0.027145762514119976 0.054116497935592651
-0.0024552930166066413 -0.50091238303379682 -0.014312603041126604 0.0001417941946540631 0.50124226979391484 -0.00758658607986408 0.49934782718064974 0.014242460989583492 0.49697698488650793 -0.026186156531929398 0.018750400684288317
-0.0053513852766560706 -0.50187558784093189 0.0023025326419560815 0.0030001306948111888 0.49700271977004462 0.00023893328338405075 0.49911089909474554 -0.0036579167482910352 -0.50178873573162674 0.0026854981776250155 0.011915404254239368
-0.014332855127306886 -0.5010056533460322 -0.011246128167669383 0.0098751542890752921 0.48484061064504358 0.00066051392930367963 -0.51809196464784779 0.026657322202348104 0.49209517086937044 -0.030228223916268622 0.035941022872970817
-0.0099611451668269648 -0.49483852977437498 -0.0025925303733613232 -0.0052797598463288388 0.50175059750508633 -0.0098236837329800097 -0.49293594468575275 -0.0060650984160263589 -0.50943286781315467 0.023724188188603369 0.0065974393181845292
-0.0011761357540004856 -0.50304212473337895 -0.0079126221010718933 0.0032312148977932742 -0.49447725899606115 -0.010193596139990862 0.49229094837222864 0.013410292512635199 0.509176199701592 -0.014370700394046561 0.016290637703560783
-0.0020353055840591351 -0.50228937786337635 0.022890972537193209 -0.013817552562004062 -0.48954470397694355 -0.0075873933001862218 0.51912234363732546 -0.0078996977773995464 -0.48723136140248358 -0.0089997839499513562 -0.01577728657239055
-0.00032445125938910152 -0.4933197701119289 0.0071969399953870118 0.021136213455995 -0.50042188266628884 0.0024382049805303689 -0.49363718558840136 -0.014739890628777102 0.50856980806795904 0.0027794771009389935 0.056240978353137752
-0.002876960158987548 -0.48873255912885183 0.021918430457764079 0.0064810720788964112 -0.51271620900329451 0.029149002176468524 -0.498073166200381 -0.019190545836934175 -0.49714416967707675 0.034472213428829973 -0.0098181808398899711
-0.012270280720257137 0.00076443016155642815 0.49311741882825066 0.011122717003018055 0.028500353083789644 0.49061978342273233 0.49565777425906654 0.015594050638750242 0.51800503217763694 -0.0081693896934400181 0.026917547667744058
-0.013621336903377093 0.0092297998934798373 0.49544356857486049 0.0088551148891638926 0.015950141260423784 0.49125147919247719 0.50688898638412438 -0.0067390243069532733 -0.50283964521351698 -0.041549540522561129 0.032375490355322549
-0.0071661264489388801 0.0063615678718782331 0.48937687627412546 0.019032478610378639 0.0011491682028439447 0.4887703983573935 -0.49053544830007434 0.019207399062775059 0.52579122416903334 -0.052851842904207628 0.030244222337448338
-0.019374631036666555 0.023890909963165639 0.51402424044112938 -0.051161845230727913 -0.0092766983707517781 0.49624166271973591 -0.49132621543577992 -0.0054649904310536158 -0.49339600315697424 0.022173568744495317 0.022604198643622342
-0.015090576596493115 -0.0026217439464835059 0.48529625222433259 0.00112000148599719 0.016273166627944865 -0.49972390480505519 0.48836267381125315 0.0207218582455155 0.52464910339438708 -0.0048684331021909347 0.0074173600432687206
-0.01483169898949609 0.0073849179475354394 0.50685754532091076 -0.0050943763666112035 0.0021249091351357879 -0.51070401452680159 0.49709318987808432 0.015104705182181891 -0.48367833564315033 0.013263207251285497 -0.022834568118028999
0.0021145200333586079 -0.0040504820720486312 0.49228443959133428 0.008517956540388184 0.011672173953258799 -0.5013134502059704 -0.49860494305344183 0.010428087248091448 0.50627709682476518 -0.014684554980296851 0.029383893294862226
-0.019477549434011435 -0.009849668576364665 0.48630796213714528 0.0013853914025624635 -0.0065514869419787142 -0.4999816320489347 -0.52255789373039629 0.015569274798514008 -0.48817291160463161 0.03086290731422375 -0.020669690178205791
-0.0075954744261613845 0.0093286133129449229 -0.51259883242670967 0.0085388039770706858 -0.0034304565740792465 0.49259471116017511 0.49249633419662453 0.010790716941182532 0.50154990927766963 -0.0081086542259602695 0.0087380506417888519
0.0062983990972596063 0.023927613295079808 -0.50541250258458414 0.018383312744380053 0.0020864546374643163 0.49604774873640234 0.51096602892602327 0.0030703346100973152 -0.48567038326698653 0.013913811137262286 -0.01937287332904555
-0.0042169474623892636 -0.0060904487082488997 -0.49924839941198351 -0.016564163572538215 -0.015706128009561483 0.49571123293215025 -0.50176672336359129 0.01027344413784257 0.50203732610258767 0.0086057929458462669 0.021320277770943506
-0.0062237920065339085 0.025083340138494146 -0.4941776285898557 0.0044162481148223715 0.0084146380607257008 0.49599329165323314 -0.49685743878350025 0.0013437900293755184 -0.50936302631901753 0.042428167802076283 -0.030015743630585429
-0.011687791300444613 -0.0056949001171682752 -0.50157938405424973 -0.0036512068332709836 0.00031769077289498291 -0.49931276038472605 0.50158304540579646 0.013022800284154843 0.49647603427257991 -0.018666468574252068 0.018176517688904874
-0.0075859610306310242 0.0026896963694325537 -0.49756920592627846 0.0060395281373488039 0.015224108905417423 -0.49471470087411967 0.51662757074377497 -0.001551623074487367 -0.49033672829500774 0.0031454366624436916 -0.0016625630485130279
-0.013086865424027318 -0.012354513688229441 -0.51236416604678048 -0.0038981629785144432 -0.0017367219302272139 -0.49687796322082073 -0.49553697287910609 0.019488405426866365 0.4938029710575772 -0.013655913433107091 0.016987979594221266
-0.010666799213690681 0.035845363631918502 -0.5017494231445222 0.0039908720062448695 0.018281483181026556 -0.50357577372193107 -0.49778666687610534 -0.0021915945166722712 -0.49168074409837398 0.035671386826246723 -0.045731557452953729
-0.0090843251034694525 -0.00541292340304489 -0.0091359352614704629 0.50563112555695555 0.49572214216732258 -0.0044234749862168844 0.0045921162843559063 0.5102343559225142 0.4866158963964472 -0.0088096130052830526 0.03389749377146415
-0.0077860854903657592 0.00050694228914241403 0.001267678006410589 0.51219402179244278 0.49300043847094716 -0.0054002812446722528 0.012870715342070082 0.49377384611609049 -0.49875876549162307 0.041958704030890435 -0.004134745985722956
-0.0016277031002449652 0.0091967672239417469 -0.012176405128381111 0.51069858299523641 0.50196700546006578 -0.0049361811878043784 -0.0024810432343927965 -0.4788351725123281 0.50516562766164708 -0.043107072161425765 0.02482766668921459
-0.0036904049993081015 0.011645700581358642 0.0018646746788165652 0.51362319281666557 0.49820947854283848 -0.0088357846744859091 0.0037996598354419872 -0.4946029380538905 -0.49291015993146642 0.0095953319718980381 -0.0069815364788582282
0.012574874077515766 -0.0019495960260283241 -0.0021113393461073496 0.49812500684973604 -0.5010060183664915 -0.0091620572517328251 -0.0012003054787934463 0.49779669444113267 0.50001097699329533 -0.026135264758312349 0.046011941649086036
0.0002512470877018136 0.011530692541368124 0.0021447982981040968 0.50618957570180356 -0.49742465806743691 0.0042011746105784578 -0.0011222899936502275 0.50991400303802681 -0.4857613132322055 -0.011874435727747783 -0.0081821322323067519
0.016175412554079449 0.014652588931206518 -0.010075131481213565 0.513277335238284 -0.48423997054965551 0.0011317357199049855 -0.00029386620994660616 -0.49342502398289645 0.50779270121547826 0.0035640487232068158 0.012017741804735594
-0.02981707907317236 0.017178842420443506 0.013106993785600625 0.51323651057170427 -0.49313071567283595 -0.023280939567550684 0.0033617789734278723 -0.49555859136985125 -0.49529056359715684 -0.0094378346901383588 0.022825009555450186
-0.019810929258404147 0.0032085245315111566 -0.019522174154817315 -0.50494801545142443 0.50265836672205289 -0.0046774449214524996 -0.0011149936136041119 0.50230758699812272 0.48873103771429655 -0.015830019392607652 0.011555727048210779
0.01784614447494522 -0.014920498791145013 -0.0020142991570774654 -0.50090606614877786 0.5009339916824771 -0.011847676238196745 -0.0005081972242322344 0.4998397691519566 -0.49755485576559061 0.0082300205819873327 0.0020241188902693726
-0.003993280074676058 -0.021146997424644501 0.0034904208128121775 -0.47562787749285984 0.5161211469146455 -0.0066905829368177896 -0.020377119854516179 -0.4828251674630728 0.52016366079089738 -0.0253011389105335 0.046165399911221802
-0.0044573174507773301 0.013404403445663293 0.008020945609486671 -0.48642141969194702 0.51653262136791556 -0.00056963168654129855 0.013170596303413124 -0.48644854940689713 -0.50916651290820991 -0.005185960421658576 -0.01552288274378864
-0.003099481664890661 0.0034250686114620631 -0.0061257654287131041 -0.48924082794318252 -0.48393204777956994 -0.0092891468498329591 0.01272263691294003 0.51501303990120251 0.50998440715292592 0.0038699088799348082 0.028437049430547583
0.0095477043921709508 -0.020534399472312087 0.011266679056637297 -0.47971956323864579 -0.49184476135029431 -0.022975723184349282 -0.009801452349419473 0.50436099344322083 -0.52099038340766257 -0.024024552165719925 -0.017492580127588427
-0.00077541840571976664 -0.00050078067364490314 0.0098084607911364009 -0.49806145917904521 -0.48165802861144813 -0.024679938485116112 -0.008335779521697775 -0.50648157337178412 0.50866729618639361 -0.055571531383909786 0.028469041739138803
-0.0010501939629184592 0.0043954187954258483 0.026265841606339622 -0.46927592163394011 -0.48498056339675655 -0.052637456430042237 0.0014935080951227128 -0.49086431092733313 -0.53216795831445429 -0.071929716050157994 0.10847267590178236
0.48007986563010341 0.038977757860189172 0.49085742214396122 0.027039023852277751 -0.0056158896665820957 0.48860849903235715 -0.0225602611720149 0.0015160537840081861 0.097303733889530092 0.5249126956431337 0.045271594861064329
0.50471498226266209 0.013349788099200663 0.49164826689130436 -0.006790629840611722 0.0029863757039074895 0.51266196418443388 0.02212121950880307 0.007966284046446807 0.017027747879987287 -0.48914118852650695 0.019681827661872823
0.50064507328141816 -0.027225121912054673 0.48730504778158446 -0.010497982373728071 -0.00014730371239350218 -0.50774330483282881 0.013016513607887008 0.014908799193744609 0.03760067529992691 0.49832633184812919 -0.055668259282226899
0.49319847005796691 -0.031490920451147257 0.47626982381637073 -0.0013712690957660082 -0.035312023692317639 -0.51291312826707958 -0.024956560678368843 -0.0022506797448700413 -0.070244451628105734 -0.50386666487887255 -0.071820296558449778
0.50283252537657419 -0.004403668534911742 -0.50489559249573857 -0.012671639987936504 0.011962500141513486 0.49271436562370774 0.0047490606290632575 -0.0046170722157484164 0.033437176596719229 0.49662525170040156 -0.036753578134444652
0.48261046899902815 -0.019958393502351828 -0.51905516408031327 0.01166928869944518 -0.0016254452016844676 0.50364969868451048 -0.010421572652441421 -0.0087894539731349572 0.0055767785533395583 -0.49240660653200835 0.028061908950612568
0.48489892056006401 0.0086842941552945068 -0.50935137803390318 0.013314270256105949 0.010932467448023096 -0.50689179148640384 0.0060304657616557372 0.010148742625672141 0.031828813170334688 0.49672108907612217 -0.015441485726336782
0.49427517690474271 0.0064833054359557489 -0.50281567753095147 -0.015812321729425517 -0.0050058406236021423 -0.50021076038822765 0.00087021021269627948 -0.005572740899435805 0.011681154729980466 -0.50143704659591959 0.027076634334726259
-0.49774204870838912 -0.01198534978301541 0.50142610929795439 0.00074091273878545559 0.015237889622367096 0.4992977487945191 0.017122126780555833 0.016438769521771632 0.0090018501313923159 0.49976553530926765 -0.027203917213134355
-0.51867856745784524 0.0033757628479883944 0.48729746468308743 -0.011643598731918453 0.023000601524151298 0.49585070437633388 -0.017271092277551504 0.012635908372536793 -0.014697347205523794 -0.49580478187036769 0.021759047700587147
-0.51937536301957121 -0.0027834864908318131 0.49115738258574188 0.0079175207842165397 0.0050675186654604238 -0.4897184099015004 0.012846565032312433 0.027383653412466624 0.018045340862893011 0.49639861749300318 -0.037964478955383518
-0.5045565162767528 0.0019668248002080763 0.48470869442627196 -0.0017246022547055418 0.0097212974299035505 -0.50123042878534396 0.001898438294137409 -0.00072154030504917885 -0.011531779361827151 -0.50869001684216941 0.015629285170760954
-0.49271144941319961 0.012993038887885893 -0.49098186187139531 0.012120478595656948 0.0042736506764347332 0.51110309373104845 0.002873850559008787 -0.00067357425552415633 0.015201737121844704 0.50418636041065579 -0.01296864692173536
-0.50274159006876618 0.017991204656489141 -0.49933104655147081 -0.0072438317168807848 0.01808914771846943 0.50206594251579639 0.0089722431369749344 -0.0093257270426138281 -0.033468511238718288 -0.49356041090097402 0.016010132338464399
-0.50577859610275988 -0.0029140113902431661 -0.49563531347806961 0.0075215604921933486 0.0054816701500089212 -0.50547270061202199 0.024201066195936777 0.0078380658655120873 0.0050419755943845856 0.49204895779997537 -0.012294607764536725
-0.496255452644353 0.0066143596828725226 -0.51094219740467139 -0.014656453584543896 0.0030638691973028137 -0.49182548906989665 0.0013113379664254122 -0.0080000291532572789 -0.013745784821068845 -0.49981719619243276 0.020891145715724042
0.49404945026069286 0.013095736979351692 -0.0048234052302898152 0.51367277042185422 -0.0053028070945135434 -0.0024012297973759872 0.0059402802099918104 0.49318105079615898 0.025858334354543499 0.49784252419005287 -0.0069360111507503572
0.50988514743528091 -0.0032940671561677735 -0.019440077740266629 0.49351931754507911 -9.0150875257890005e-05 -0.005960314596497142 0.00019109783796623291 0.49083864672632366 -0.013025931380682624 -0.50399592136149507 0.030452280384652239
0.48982462935270338 -0.002651656927752251 -0.014500292341869161 0.50594929979267944 0.013250641287516879 -0.012344590206706208 0.015140243474497645 -0.49359602484358722 0.0035540869133321115 0.50901167142647785 -0.023876860312813605
0.51542898487373501 0.0055237653294412745 0.0011548575991866988 0.49306340499237727 -0.0059015705702503089 -0.021904688726679583 -0.00016111175492868792 -0.49614948218183935 0.0087966773893186738 -0.49340453703000658 0.031387852511202546
0.5082158420984717 -0.004172422669572305 0.0017163995103975066 -0.49428761386121134 0.023629450265776217 0.0072239348516346088 0.0024497566191217339 0.50458303304381913 0.024971674143065409 0.4901102053651214 -0.036385228801996239
0.49849307616596883 0.00018128611665554317 0.0075424242917007701 -0.49832640069667478 -0.0033138473738477496 -0.027135867926110193 -0.0014953245765908622 0.50246096843290811 -0.0025079284070005483 -0.49853717117715707 0.036828411553751481
0.49626915491117263 -0.004747571236411432 0.0085714815080392311 -0.50361723717822471 0.038467568425789272 0.0046537336812009179 0.0194290440020626 -0.48647787008841481 -0.029068862422021852 0.50933679925421871 -0.034380282742134533
0.51221908802701799 -0.020476580290394796 -0.0015803062804069722 -0.50126306193657511 0.028695114273401035 -0.019216508743323844 -0.033029272034693691 -0.50733471702432298 -0.01430781807599559 -0.47546202685061401 -0.0020436620765437313
-0.5108027694929288 0.011938271019795898 -0.017493531862207746 0.51137204780370338 -0.029200766440460938 -0.0053864384938512042 -0.0017176495906143976 0.50201534238869272 0.023647107782384307 0.47292623188620109 -0.0028555428172180532
-0.51423516623039922 0.014193274329260793 -0.018589652800041708 0.48134733386016032 0.0097099772229475145 -0.0036322503948860337 -0.0012408842935848106 0.49002197884912829 -0.026253967290729169 -0.51203477485531124 0.014848429580878215
-0.4970954101464512 0.00013214767411393193 0.00074883732295820133 0.50305348741277733 0.0021201936681621435 -0.017625701737890548 0.0073437842595028453 -0.51170650035726939 0.017839388346487021 0.48690753356828165 -0.014931159118707484
-0.50798568228069407 0.0068124605436506143 -0.011340514495831582 0.48395319733614667 0.0086708764175498169 -0.0043961333448305304 0.0070752302024356326 -0.49715364039646709 -0.0020845930352125794 -0.50929926948185034 0.029469135502580558
-0.49012713647110479 -0.00078773610360321589 -0.017888736346660758 -0.49579409102094429 -0.015212275646629296 0.0068238915236700044 0.022088565701916228 0.48597932674435407 0.006495871149067611 0.52556368123267649 0.021019348960770987
-0.50671568464668715 0.0028216512157726906 -0.024641171736950657 -0.50586437153452102 0.015204365817389045 0.0036291745356652303 0.0045174745513100276 0.49347546472763448 -0.035420624056022365 -0.49098478077009927 0.024936768361065481
-0.49435207715885227 0.018571222689828661 0.022389390845338267 -0.49068935008256231 -0.00090525542976005826 -0.012211029000218367 0.019765008416984305 -0.49964402789119372 0.018841432349369042 0.51226753756046994 -0.032187604706165052
-0.51144675897999636 0.0028103919573920335 0.0089127791071289767 -0.50777382546654115 0.026452130806966956 0.0031178774259280027 -0.0049044686983390311 -0.4946964686316388 -0.012463202224766583 -0.48434754211589853 0.017165655491674522
0.49514006533533167 -0.011264181536094207 -0.026685518465302201 0.011557115504214153 0.51235915427152112 -0.0066793866390526275 0.4998650004738055 0.016894681684336148 0.0092487401440550371 0.49041526213676545 -0.023751114268297301
0.50151809616167897 -0.0049974101928857853 -0.0018993533957275168 -0.0019858230480185495 0.49904729510309287 -0.0020746018251151556 0.49058556249085195 -0.0073893233998301123 0.0019985493935769181 -0.50712596559791689 0.038536112241788149
0.49620055299608701 -0.021352620760637219 -0.010492978418833022 0.012019859997258358 0.49667995114284846 -0.010289545435663003 -0.48635403764988844 0.00055252337408845636 0.044437950522586853 0.51723397446696973 -0.015211099239346314
0.4919090236389414 0.0041683165344009177 -0.0083311626738007856 0.0029200504302654795 0.50368673294017186 0.019462035851272552 -0.50196618849595209 0.013837148182257755 0.001080879922305157 -0.501049353600029 0.025257924440360641
0.50629746795494424 0.0025339974900413812 0.0023761955328683226 0.014332417313422007 -0.48182102715435904 0.0027349399077114529 0.50820442116257181 -0.00020313597830972027 0.0086994702588739543 0.49931910071242736 -0.060161334185945825
0.50475900390923256 -0.0074147921909411517 -0.013973622909676667 -0.010499171769187571 -0.50386427447081217 0.0070708779540155104 0.50570194136637847 0.0062181181838872291 0.0071575758504947521 -0.48456752927349844 0.017280910493210878
0.51236382250989532 0.0022927947437536003 0.0010481908261944441 0.00070067309831368713 -0.48988193390752555 -0.022611586400999736 -0.49885255137033213 0.01548240449228544 0.038828411767887261 0.49557456315042542 -0.028026911357860913
0.51153177049596188 -0.0029406109568800042 -0.019622751312518907 -0.0095876787395759791 -0.49662086204563571 0.0078626455298098502 -0.49238669211815383 -0.0090518818538703992 0.014018296842213512 -0.49419395818004569 0.064844049271552337
-0.49048421614619236 -0.00061145669932260473 0.0055712126466810636 0.0029062930669373436 0.50759989670859029 0.0016944443740829838 0.50339433830132574 -0.0062254195625061183 0.035861732242844335 0.49676240745631234 0.014875470355549205
-0.50114944821592222 -0.0053955317980735424 -0.0065145547067984068 -0.0081189517658608965 0.50449489734833441 -0.0039049081493334431 0.49755874634214031 -0.00072658567119549455 -0.013611159523807103 -0.4952144651405202 0.034547765401448501
-0.49000979848008491 -0.022470990288121467 0.012013292965827321 0.003593423864161695 0.49050611534467581 0.0055221191308065243 -0.49391678595717087 -0.029351757711447036 0.033161890732452723 0.52195460760770518 0.015806219185183552
-0.50207273708350386 0.0048653139177900154 -0.024648513452858373 -0.012982058070819709 0.5049944779897364 0.0015952570505226142 -0.50295834475203016 0.0073023673084166019 -0.038547295281314377 -0.48686688340690765 0.023570478351477554
-0.49943142193984735 0.0021081297135631424 -2.5297626089946646e-05 0.016820695803269732 -0.49210107873453485 -0.011278046201257582 0.51951049646777914 0.0028885617925309718 0.02686824221859559 0.48668726240270926 -0.022456948786026235
-0.49836429965991097 0.006190364115419838 -0.0016342408597798956 -0.012213976285272583 -0.50183432479623202 -0.020374399067358516 0.49631835338731101 0.0026265975305805713 0.026149835795729395 -0.501791207896362 0.019313451730883852
-0.48768512429233041 0.0057827053293414837 0.0027699521298871948 -0.004923670889060509 -0.49567954711913459 0.011532674349378663 -0.49540690245092073 0.0028927829892597726 0.033212038038578223 0.5191153740975244 -0.01569937574605559
-0.51335003567507542 0.024262749361877459 -0.0049619884229689824 -0.0095387495517128811 -0.48336243632567516 -0.0046242642616177287 -0.49291333324173869 -0.0091912249664150361 -0.027770389904740025 -0.50821939505836244 0.00080084343909975989
-0.011293798155475574 0.50008514048343877 0.50529285794886492 -0.015405972149068428 -0.0032736167997067995 0.0078399666647996791 0.50131966439062026 -0.0029305705320508257 0.013675045661146717 0.49162280843907724 -0.03077202747478542
-0.00040312235513932366 0.52022747562403215 0.48960657138595448 -0.0038289890128566906 0.010388638238296787 -0.0030533116588610178 0.48708998247108443 0.007371282419116742 0.0039518599025187111 -0.50195041274148355 0.015358639402397125
-0.023965657104397391 0.51352352131366175 0.49878235967014278 -0.0035206205189504086 0.0095592531382000124 -0.030882465835291018 -0.48698515773776058 -0.017492981864325092 0.022206920802795585 0.49786692441102065 -0.0072613503001571602
-0.016900859846743607 0.51385615248173022 0.48841236385389086 -0.0066266135340766405 0.017703185693186692 -0.01339888919690993 -0.5039514733126319 -0.0060309702118911436 0.00488861443542421 -0.49176684095731754 0.026846765792782102
-0.0067939967435209619 0.49483562397349917 -0.49707815634911323 0.012664912772767321 0.016717822788974723 -0.0067904909313066661 0.50286853855051961 0.0072118777103163155 0.025226820214021246 0.50303970817795329 -0.030078867136666625
0.00023331831205899151 0.50021433295111961 -0.50208646324155959 0.0013860127594747358 0.00084754600480952812 -0.0065650821391684917 0.50024712204043698 0.0060809566768987742 -0.0019650890643594537 -0.49588136314600245 0.038244756489031792
0.01917284068562523 0.50309053198793863 -0.48620591684880932 -0.02758842430439468 0.0021705163728957498 0.0049239304900192812 -0.49354702903447345 0.0086981922451881289 0.034808125184853524 0.51364116283553629 -0.025354874914585854
0.0021332201380454391 0.4986479529272953 -0.51099402718956866 -0.0081206970454170396 0.0028779210696092336 -0.001045642332926698 -0.492365938519569 -3.142332909895455e-05 -0.0046623058939675895 -0.49625657103133708 0.037932984091170664
-0.013991034121011395 -0.51662690828228974 0.49200126853814985 0.014934065069793733 0.016430967507424971 -0.0076358053578226724 0.5090568169919587 0.0073722472069294937 0.022508724020755603 0.47821424788109246 -0.043538825835924021
-0.00085683642003015164 -0.48621139613772513 0.50977359988999604 0.0061801958936111593 0.014737163762171995 -0.0019881969122947847 0.49494439242712862 0.0053126511606340606 0.01544622961664139 -0.50778904138279635 0.019565704513402619
-0.0051041389597299407 -0.51418959439378775 0.50002337198222391 -0.0090097054096778088 -0.012207414675818979 -0.017251707957589235 -0.47838273551890159 0.0072797246838170104 0.02365229858781763 0.50252781538602553 -0.055092164260534572
-0.024003504953227856 -0.48224754689001026 0.49425579338666242 0.0011418745094758716 -0.0044604408773015764 -0.0042143139150709096 -0.51028303313767098 0.01050418029167146 -0.0042164937187161014 -0.51187137494406254 -0.0020472181300801116
-0.00070175404590332039 -0.49200154534357066 -0.51364819426866792 0.0066768562571098483 0.0015616002116498283 0.0012923361805212696 0.49722926531991846 0.02165001389840035 0.013538888197976022 0.49612648537332837 -0.0045137493191826821
-0.0099298291342520308 -0.5025199647249815 -0.50685319605784418 -0.015992569375210829 -0.0088470881971954053 0.008619438884086875 0.49305227449594646 0.012244483877383616 -0.0045484265599028849 -0.49564845863773516 0.033586272723642764
0.0089010842663244764 -0.48292326084121773 -0.5173390439922555 -0.016367295302314393 -0.017421637642916675 -0.0058592531247266622 -0.49688611842976949 0.0081169486340350698 -0.0012494557308653138 0.50010073543514866 -0.037369365420941242
-0.017693869748456322 -0.48307186501804195 -0.50438630677338547 -0.04985298655810956 -0.018713617149929061 0.0014231149663011214 -0.50120520056593432 -0.020070036447434804 -0.089711959235707406 -0.4981081013124396 -0.036277170351098398
0.0043112482506604058 0.49950262821520619 0.0072902545802225873 0.49332670421338365 0.51355637835544854 -0.0043844210732501268 0.01033540379840827 0.0011632949478471127 0.030657698142519521 0.49205673595800964 -0.011263927430812941
0.010367341213380744 0.50503574345266422 -0.017106378655273074 0.49444764720891743 0.49481291775352437 0.0042822538698520218 -0.0019008243427049612 0.0069986390161711149 -0.029394745531865517 -0.50318218143360305 0.033063543637416745
-0.0032140113449381927 0.5026681602216867 0.0075793523764704244 0.48979493893990239 -0.48805657093473215 -0.018830266732575908 0.016397192656227893 -0.010679506929929633 0.013999060593121192 0.51790457441546778 -0.00015800573448967309
-0.0063189582568102219 0.51072175445418033 0.0043216560938372584 0.48910285209823984 -0.50421380962631346 0.015208361196286354 0.0070107842806640709 0.0018021879203912879 0.0021505079818473997 -0.49266986381674671 0.051377088359379694
-0.0027983227092418985 0.49510972196285025 0.0079381954931112067 -0.49399741995724561 0.51051113273806537 -0.0084966864611577854 0.0099026891738862016 0.014362216925423152 0.011038405156320352 0.4996236004423531 -0.0042815149419064263
0.00096018361211720347 0.48910516872635146 -0.014248193891644081 -0.49396273615179359 0.50454093035812486 -0.0017997851920586896 0.0018507394994519278 0.0030513234160574549 -0.0084924657618711871 -0.51022884869580443 0.039873434464958224
0.039947785298815465 0.4965780962528471 0.00036704107656095704 -0.51087601725761456 -0.49920174481458091 -0.015249334175378389 0.029261642161511076 0.031711040889007031 -0.051872140815340972 0.48664732290993329 -0.0026144063045723748
-0.0084824131262326175 0.5191596855317564 0.0018401477483856385 -0.49755008375904242 -0.48565962493092235 -0.0021647494481437219 -0.0099304477212561332 0.017583341417659278 0.021835375653349812 -0.49511190191821336 0.030845962899419335
-0.0004246836152768628 -0.51711210127262663 0.0051620570304554535 0.50873850711363189 0.51259054532107406 0.019482974015890837 -0.0052837163516782732 -0.017268810820182553 0.022680741390187619 0.45802005700567316 0.0013443749723289675
-0.0061300249399439781 -0.49406754453559476 -0.016260689036955524 0.49662512360514566 0.47843636752795643 0.017931075165432159 -0.018283256430651106 0.0032754625772217537 0.0015182809665049829 -0.52736019568026848 0.035774184983849731
0.00036589327486977749 -0.48758919769265907 -0.011491058796812451 0.50556416100219947 -0.50542361169459615 -0.0044281929670771103 0.023054654179971466 0.012866012014944321 0.022093168949966831 0.49944115834730357 -0.020741476128100005
0.023820891573816911 -0.49060733205069562 0.0087362895906122982 0.50236755281506584 -0.50768631064556624 -0.0017898662583759261 0.0092889782001349709 -0.0022386386414327548 -0.013342680377807821 -0.49763061622282356 0.025167089749270323
0.0011255218152580793 -0.5056387818638427 -0.0085555914839738657 -0.48646133481339415 0.50727114965702547 -0.002387952487819416 0.011493665170497101 0.022732512804921671 0.017304422375877031 0.49905928174861552 -0.016496189247647574
0.0042321550141942547 -0.49841272782801366 -0.0034649125207755899 -0.48943860870997596 0.50388203777214247 -0.019278816680197704 -0.0055996288576152277 0.0081503693770249158 -0.0021361133301104705 -0.5072545138067307 0.018066942310706036
-0.000587604688838426 -0.49082800341743354 -0.0068233127586851345 -0.50330965974434594 -0.50928943359232826 -0.010314472879126084 -0.0037657225440525105 -0.0085555858731483567 0.048231006407060996 0.49255770768253077 -0.034807111069805746
-0.0080774203493594408 -0.50357857256954985 0.023296790569993044 -0.48394275731092096 -0.51311129413418421 -0.015510216272744669 -0.0041658063087744489 0.012805138992876842 0.0014707963539011572 -0.4956348129410863 0.047317229208622351
-0.014117796805982749 0.5079746615772881 0.00052640322443687939 0.01179508418510603 0.016309715603165929 0.48418982163148533 0.017083217821747446 0.50794747094915083 0.015079664252740948 0.49785654712476757 -0.022939754557434126
-0.022132900421123224 0.50391341153403124 -0.0015732760614584598 -0.00088857236984258116 0.01279895871433636 0.50548656218828558 -0.0018046116150374802 0.50112050636903938 0.00042267790693333409 -0.48805365267221629 0.024002097191889775
0.012018918669795001 0.50799236267914361 -0.014448847803429633 -0.0035263449129846565 0.033179942674777356 0.48631387509479856 0.0050335894043007558 -0.50884703252468977 -0.017156620127993204 0.49451873213295661 -0.013499683725204407
-0.0071529585251757632 0.51369506524415898 -0.0061611730026786028 -0.0037545004569076827 0.015734858112590462 0.49868091469760123 0.007950638274237018 -0.49367631354772229 0.034634375314375174 -0.48867498816240629 0.057459717561479287
-0.01060826226935634 0.49206098747592203 -0.004720353491678592 0.0035522742860716453 0.014319878468010108 -0.50294960072137695 -0.0033587182968769715 0.50109691043007687 0.012533120258115876 0.50323382274320516 -0.0073780155674783281
0.0073116620076456636 0.50128725883211867 -0.013416117591217127 0.011587563247621158 -0.00089012533041867134 -0.49853105691243677 -0.0088759813872930221 0.50013987567455298 -0.011408018236369472 -0.49917853368837661 0.016772692329754264
-0.0035364272701444719 0.5077592987935462 -0.028473621152136912 0.0040307396461057542 0.021931209934085698 -0.50861169022115438 0.0016942471511773257 -0.49454818962249547 0.019435652126473184 0.48415470016570639 -0.053008152297767924
-6.178657014440648e-05 0.48801081619669706 -0.00051033680446477291 0.013008234116809366 -0.038067102921992932 -0.50909325591284393 -0.011745108901327569 -0.4928769572895621 -0.034120630845608978 -0.50462983830312613 -0.046580935508912062
0.0032130618160304057 -0.49630554362119661 0.0059703847135937653 0.012206386218734088 -0.0022357446270432871 0.47574349642805663 0.0073555888450796891 0.50840716048774881 0.0090199588815190208 0.51434035510416343 -0.063163780994183114
0.017584526129308917 -0.48485694345776542 0.0055970608710107237 -0.010549269575798369 -0.0021149987119713455 0.49179840653853535 -0.008095475513402995 0.51356828269194499 -0.010767345826685393 -0.50858265381436563 -0.0012647297238458951
-0.0036744318166226095 -0.49255027908800486 -0.0093755919271276238 0.0023515003431176674 -4.9498614651149584e-05 0.4906878783537808 0.032309845017156315 -0.49888112934206347 0.0097818703645817639 0.51473941359653175 -0.039166787380154118
-0.0080290100008196981 -0.49082324806431271 -0.0041802360223122904 -0.0046804531594940024 0.0079516612858607609 0.50915807625937126 0.0018315051594983266 -0.50580039929385501 0.026343626155025272 -0.49205029838320025 0.032227883745460782
-0.011392836496473652 -0.49836613558980336 -0.0030855944207062798 -0.0040963485990176182 -2.3356123290952234e-05 -0.51595543897393048 -0.013733153646670625 0.51008379051920394 0.013402071016700007 0.47400792156427329 0.0052804908905891481
-0.0065175716665441842 -0.49102399377602424 -0.018415781601391918 0.011632226662420083 -0.0022075628335715704 -0.4941467541232572 -0.014673144793575786 0.4999904151794029 -0.0083908201828814272 -0.51231848010678416 0.038029906268771972
-0.00051600417952810248 -0.51590654530395241 -0.024763209053248861 0.018874768928213374 0.0014635962934491983 -0.49643920428497024 0.0072610107716236391 -0.47498089623783935 0.040732232669090269 0.50831227301209103 -0.026769673532941931
-0.0042249589260931093 -0.49794376094952353 -0.021794384843046289 -0.0026321749202431657 -0.0086780439556940359 -0.49517495397255706 0.00082723482929041091 -0.49645364706046474 0.010783483713803298 -0.50883367671072754 0.027996277187075407
0.0092737765238451262 -0.0024279173644628231 0.49951317694245412 0.006707868063820485 0.49509738344104853 -0.010330821463227396 0.019809206597142123 0.49737435001818858 0.036017757759416277 0.50506874914046429 0.03092214314243277
-0.013903161574078801 0.0052377329092056996 0.47786988209014852 0.0081821701008910879 0.51358499314206563 -0.0017547240479594017 -0.0048448521021175741 0.49971107203188486 -0.0057380963271808716 -0.50666103698789333 0.033273287248633952
0.015696540664018627 -0.008620730961416195 0.50498560946996196 0.0071260938779866478 0.52272243445605948 0.01574541661330231 0.017986675949238681 -0.48760858669982304 0.013003967116693828 0.48209346358376493 -0.021506461101400445
-0.011075778921137175 0.0061208212173928106 0.4832191995645343 0.016076573774572507 0.52146873355393375 0.0031678447869485857 -0.024287023515074366 -0.48745687091135093 -0.014247183335113798 -0.50570137313223917 -0.00012153655872965903
-0.0019560691551209568 0.011910640441929885 0.4922264323780513 0.012981276883680013 -0.49133751383274721 -0.011439778561687874 -0.0039887845577162096 0.51019636168349158 0.035869830131339681 0.5042002873860415 -0.0058909025237894302
-0.0075379782889425035 0.017431907559004874 0.49435005889103223 0.000959115155704609 -0.48848027265946969 -0.0039281767272361968 0.014826890718558665 0.50803900050279538 0.0018514970896509884 -0.50769963452873568 0.023284970313620722
-0.026883205857922823 -0.020164052190934909 0.51005350865908716 0.020419131421307666 -0.50303175174600123 0.015283983074853239 0.018036751418737507 -0.48143347090148347 -0.028977314563161913 0.49839720183896852 -0.060676777675776908
-0.023268128179659016 0.0082429134593925979 0.52495232019075899 0.032387350248974565 -0.49793239510507409 -0.0047373044045529904 0.00056334339512765673 -0.4903038274119168 0.013930832609855896 -0.48264282546950449 0.035655741555354524
0.0042894914322491144 -0.0071637299554085663 -0.50923632713899258 0.0040585674702317779 0.49745889190630554 0.01109745902129668 -0.01172367763177958 0.50647260693702389 0.0093011780887406158 0.48595946475949259 0.010421619696987077
-0.000483428587033667 -0.0057410899538470261 -0.51261934963260614 -0.0025973047677172812 0.49139841468825113 0.0074411309029636403 -0.0036360333801148032 0.49336739502752075 -0.0067989877659062866 -0.50119211304730005 0.031453498302217504
0.0016126252650026976 -0.012757567675237631 -0.50597784581984595 -0.0054853803060723669 0.50179820511460238 -0.004658581116841796 0.0062019821309225488 -0.4909612334099217 0.022784397197134522 0.49992574178855426 -0.021013321077269199
0.00058415772245550002 -0.0085667594052695559 -0.5025944763764234 -0.00612464783214844 0.49764859337589673 0.0028525010192814106 0.010551975150859393 -0.50057081584575247 -0.0045798568178763519 -0.49814118631298432 0.02787810432882103
0.0086777345638396116 0.01851501721756069 -0.50104031857379505 0.01062353612686923 -0.49664043517800943 -0.0014901230831547226 0.0077495518458324383 0.49654829543020051 0.013212350702023076 0.50333474402291023 -0.040410300458763905
-0.0058305643398734869 0.010518459848158157 -0.49571139157271743 -0.015830256095118216 -0.49583388585274624 0.0071560895833334024 0.0025527207440758644 0.50359637618832276 -0.0024756963729897661 -0.5032835022015868 0.032500686868306948
-0.018034467823035558 0.0048083811123128982 -0.49910537744614092 -0.0018820074772428882 -0.48621359538335052 -0.008230697794129261 0.019277855641558379 -0.48894606467394452 0.017234869076159599 0.52366377841186051 0.01047995996672235
-0.0057192556608664956 -0.012071536227106213 -0.50200272440046478 0.012414232345408515 -0.50936805964596288 0.011737290723021657 0.016691645388549683 -0.49626744236338993 -0.0026652268682855729 -0.48958074475875846 0.042552802823092234
-0.0047227639536641611 -0.0040928931825642105 -0.0096030153624545242 0.50933996955544025 0.0094134720890935667 0.48521831308734198 0.50962774499077346 0.0091667213673871043 0.030808935415065367 0.49332626537310398 -0.028136001310700688
-0.002506882320705341 0.0044450416902699656 -0.020510985018498237 0.49919941017646086 -0.0057570904642066153 0.49385162018335566 0.4971073312039907 -0.00089331158061418438 -0.0026098587743027197 -0.50835689772551429 0.029674822658998717
-0.0088076443662558745 0.026691183853647438 -0.0085175256063940823 0.5259116278843321 0.0029079659041462021 0.48030594975717961 -0.49292032401270081 -0.0026977024013293796 0.0025452572175757035 0.49738641734311378 -0.038401900554588059
0.023868521922270954 0.014794184547531756 0.023405069411465054 0.48529696898856184 -0.029029486969683799 0.49880202952186892 -0.48567095284005479 -0.039526120459445403 -0.10381654306161363 -0.51143745116854755 -0.060988317816898327
-0.0048666147616338688 -0.019053364320191168 -0.0031693437418214452 0.51398793109928853 0.0077468076120526816 -0.5108884729809049 0.50712059457497383 0.004629254153619854 0.023148017499485276 0.465427803073581 0.0010022156822425553
0.0046719592729971664 0.0064289716061755424 0.0047990403014407847 0.49004797963397501 -0.0074957482837335523 -0.49328664388087051 0.49271008285073314 0.0033950333082326599 0.014057484556292811 -0.51933575475794569 0.060802119041208573
-0.0073932217480139218 -0.00098415205308455332 -0.0099289617579576221 0.50216404958539629 0.018151748023473479 -0.51152217735520811 -0.49331557460707087 0.0081296600537670467 0.034365518118350508 0.49100167718130988 -0.0016271152107479247
-0.0062153806702859747 -0.00072213927668334714 -0.010276269326756654 0.49956453475252438 -0.016279916328710863 -0.49323464758096963 -0.51142972907065165 0.000410354003087709 -0.0092120228034011913 -0.49436710403046308 0.026473328746645607
0.016899122031260819 -0.00061133924510224354 0.00060659120670184788 -0.48820799128356113 -0.00047057264539449126 0.50253374704147569 0.5130107284745552 0.010675125046832212 0.041456464557413281 0.49267642339272316 -0.032917843691718844
-0.0093838835237382741 0.026228860914595389 -0.00055156454814462165 -0.49042683940285076 0.0098836442836866475 0.49978177933213114 0.51499582216338569 0.0060504252430612455 0.023300320284384786 -0.49186749213192699 0.033043122513288864
-0.0040761014560967024 -0.00015431619345319207 0.013099601654216635 -0.51125004738136381 0.0091097197067993782 0.49285100057741671 -0.48077604511676192 -0.0064592252655407724 0.042818293840668889 0.5102892190723054 -0.045102491851270229
-0.020373358516179177 0.03399568734643698 -0.0033722140984885907 -0.5058988236440819 0.0014573872000432399 0.50201613567003944 -0.50778834910744253 0.007894191272758715 0.0037915443713598652 -0.48076456475192508 0.037438418593094429
0.0047262313335664921 -0.017151117460732401 -0.0077739109596161411 -0.4906674346004104 -0.012079939733204951 -0.49375306650425754 0.51520098822995586 -0.0030249949474510066 0.022899406265237055 0.49821392313697149 -0.027346230628192393
-0.0093699987163958689 0.00070218631918123335 -0.014383251174480386 -0.51413707418856258 -0.0012403899624926231 -0.50211119202687371 0.49506317972829705 0.0082161117558130249 -0.011282914286177198 -0.48735230187847683 0.021356185213685198
-0.005137969632408773 -0.0042226627857558582 0.0052663757533943688 -0.48892764109668713 -0.0074546811074924398 -0.5070257965987347 -0.49286738073162695 -0.02269061425710743 0.034696319685896496 0.50793851445841964 -0.03329532585093882
-0.011865162404991785 0.015113464848385294 -0.0026569565977342118 -0.50086314221158934 -0.0001551383639812196 -0.50387845816978838 -0.49346637451833386 0.0072807171883408359 0.012530935365767378 -0.49984273689201314 0.036117477674821701
0.48728889480943383 -0.010853391141782751 0.49100545300982096 0.0007360893213539673 0.010216527916261178 -0.024114690830885046 0.50396507607817564 0.016500576573770607 -0.037486621268301761 0.079042192298579353 0.50867766075924314
0.30576791833068828 -0.31687827640345251 0.27623201177053436 -0.099171094521949041 -0.012183816338096754 0.29745074810079081 0.027764261714681198 -0.0080093651575460639 -0.50455269129962288 0.3288949196212908 -0.51744509294451713
0.49255586576952765 0.015697386241540663 0.49235330458324617 0.0046974263991352979 0.015805972046497325 -0.0051017207614054427 -0.50555080320286039 0.014815725735215547 -0.022839906926858063 0.0070923897339644458 0.50799559920992499
0.47958911373878876 0.026548236690552809 0.51168541717423899 0.012466897982047 0.043192167908517647 0.032611195608369871 -0.52582250392921825 -0.0041078155847770557 0.0094756264281089016 -0.0086710606703983006 -0.47719165478193842
0.49125853286004206 -0.0056245265591844248 -0.49776522832235998 -0.0082130185331750483 0.011281746925917217 -0.0069173868072538785 0.50229412678842555 0.0032599290082475814 0.0014847864541141468 0.013341596572392927 0.50806534481875898
0.49925072518106289 -0.024383359620948349 -0.51395517848791716 0.012111085652990633 0.011796065056946218 -0.0074366378313986698 0.49743258093493975 0.0049614840696984618 0.030457661861227964 -0.032147678196284779 -0.48604339238100969
0.49539138265651683 0.0052966660297738026 -0.50003161230769599 -0.0018178049565089091 0.0057514741503391972 0.0059279882206025427 -0.4947121487477899 0.008385624307228794 -0.0023737811641372439 0.049689161698445269 0.5071204084401526
0.5101258068147132 0.016873264387732557 -0.498503475056153 0.0071384428783327659 0.010065898601692547 -0.0039804946596134691 -0.50538329973743201 -0.019266558063537553 0.037769147914553193 -0.021499515789640829 -0.48284666083744016
-0.49678067606376547 -0.0033594374871663757 0.50149647946835951 -0.0024516805323861329 0.0062308416304148965 -0.02575740579430413 0.5007072234540485 0.0030872191060196444 0.00020480331841876711 0.006396190812548155 0.50023241531307228
-0.51210868153476075 0.019102239964990303 0.49623656158148044 0.0083495068320161344 0.0098339133506775075 0.0032107503681845918 0.50250938864012717 -0.0087453739466738217 0.044452466153578896 -0.043073835666289279 -0.48428174066105578
-0.50655181592852838 -0.008309614217484048 0.48859527473055614 0.011244919131977497 -0.0025566859350850601 -0.012773834999497873 -0.50357824119184014 0.0092949655788228825 0.00083423521663540472 0.0035193125654026597 0.50062379787209577
-0.5123760923857088 0.0098261473949347606 0.4905664930284967 -0.0080637071464348762 -0.00021357290588969584 0.01614814322929398 -0.50918719540968815 0.0003719916454795973 0.03138730513841121 -0.0030533209178948673 -0.4859286440837951
-0.4962123332794523 0.0017654292918984518 -0.49928468748682897 -0.018317353344348371 0.0048511195417065694 0.0027913265861574613 0.50172303541738195 -0.0044547315945489474 -0.0061355935683634769 0.018877022842570191 0.50197441936980258
-0.50459563021677267 0.0049864514136769489 -0.50146807506757718 -0.0018600329654852813 0.0041124081463027309 -0.0034205633693357887 0.50840127863440698 0.0054926333510999705 0.012734422102458466 -0.02702147312722469 -0.48421248272304901
-0.49013942007798467 0.020165857458603151 -0.51078990551024239 -0.028013726454521 -0.011584257347996367 -0.0022263396398593456 -0.49923474498073434 -0.027586213287400203 -0.042771646038915923 0.05880814047509364 0.49218116398386808
-0.50987358519640458 0.011124479495237665 -0.49613484779850536 0.0073827697263207093 -0.0039285070303902506 0.014518782669939776 -0.48824610066842328 0.00079433974075406965 0.0033674203918915234 0.0082499209199790695 -0.50498551054413121
0.49336793911825266 0.012268815345783193 -0.014343207090582429 0.50927332062989683 0.0042217063321824807 0.49587044017859294 0.0041421879333917999 -0.00059843434888591257 0.0034788882978269734 0.0056907559912285719 0.50090437277570432
0.52202376628735592 -0.028037478897509471 0.0066045887130427982 0.49294640559282388 -0.030881997982512732 0.48856008522525413 0.024359604935566128 -0.0030152531226791566 0.021916271641952992 -0.00027745877048505869 -0.49288717888023759
0.49743804678739023 -0.0067103783324793179 -0.019968218027031012 0.48740872201991331 -0.0020816963270873646 -0.50419386053550386 -0.001112044186897855 0.012763211615772537 -0.023231887093058037 0.014785333028317161 0.50931927420208845
0.479947798944375 0.004435411732117661 -0.034676983584869377 0.52343839060861352 -0.00068067428450687003 -0.49516531604349162 -0.0052962762768427882 0.012147825177696473 0.036505095304376588 -0.01114592147545778 -0.49761286978949365
0.50531056538787544 -9.631546585570441e-05 -0.0013086236156971476 -0.49571985658511519 0.0051966935763714693 0.49249445070266323 0.011581991167301587 -0.014763852398987519 0.0053790846728490153 0.038105261070137432 0.50449032259790438
0.46698823947376239 0.0015996228911353424 -0.031067707799824887 -0.49556892567007338 0.015117863240354067 0.47819927344579477 -0.0018934375681189787 0.029227700924820042 0.1076655065539272 -0.10217127118342968 -0.53251656722125496
0.49971161655302915 -0.015671248291664032 -0.0047439967237144021 -0.49990933978946495 0.0037459314059738566 -0.49404466680722769 -0.0088231410498817667 0.0031018139287336917 -0.018144805005673715 0.064758267878532033 0.50140438536930132
0.48651796378871615 -0.011166143552997585 -0.041367586506122697 -0.50132142425472936 -0.012090129697866204 -0.49959323792229859 0.0036483902097729638 -0.003496345621745953 0.030647872723482766 0.0001577163696215211 -0.5093493042543088
-0.49102213179759274 0.010844182310385612 0.016638180842846371 0.4987302553441666 0.012483932162401555 0.49912925167846189 0.011555242968973627 -0.021139978346447541 -0.051677465887188127 0.04840692014991016 0.50486721221597597
-0.51627971358811164 0.0017678160068011687 0.0064357525112870261 0.50296842532022379 0.035015614968765145 0.4973573412320566 0.0072692560741033163 0.0063609303228249967 0.031790021014327305 -0.021575724587751491 -0.47986835420703655
-0.49878745044291511 -0.010125271373290039 -0.018597196399058741 0.49553515847554508 0.001938022923905943 -0.49772885956508611 -0.0051962068130343257 0.0022205157583498041 -0.0058660943075016731 0.0035564862710178533 0.507337012913185
-0.50656262268376906 -0.0019605620909975666 -0.012883473999083806 0.49947597620551654 0.027400073079477612 -0.48965670784976484 0.0035079107551796757 -0.00055734532643047824 0.048796619338965903 -0.016809558971397645 -0.50055717739021099
-0.50651680312685232 0.023090093348524087 0.014284666984976175 -0.48921061755661854 -0.0012454521198247883 0.48531562830724212 -0.0042030257901181506 -0.01682075038628409 0.0070001670601394098 0.029935482235969119 0.51633123764029076
-0.50690181027239645 0.022122912097741067 -0.0034513848013973977 -0.50129303234516231 0.010472402347941225 0.50491403840871685 0.023204954974196921 0.00056920346306574385 -0.006762600371092763 -0.010706900502564641 -0.48529114288724018
-0.49631309019298159 0.0032357474806360949 -0.0092921881519939971 -0.49853021131954711 0.010224625162215385 -0.50124350735215173 0.0011202024288273155 -0.0020523898862617857 -0.01598959858980991 0.026780050044959567 0.50270888987442397
-0.49951665071026713 0.0035213066966061132 -0.012384385130365235 -0.48882840800823113 0.019737518575021148 -0.51356802033775761 0.0014393048094769793 -0.020417865282480397 0.037405940799337623 -0.017734238916885775 -0.49506543100908507
0.48835177098323657 -0.007199436946363387 -0.0073834319628600714 -0.0050113764043441048 0.50245695690101067 -0.0098284268544182249 0.0010932059378214035 0.49560549843118457 -0.00060361307895583798 0.00034471006218161454 0.51302534738870109
0.49560464974253898 -0.033683162494087426 -0.007139908402210419 0.0050431761316739408 0.51094223541913752 -0.010257070453653615 0.014072265118970124 0.50580530758755538 0.037768124417643913 -0.046970925566866419 -0.48200430648608722
0.49591645008833557 -0.0072894049108026861 -0.014660670057131531 -0.00026340375110327761 0.50595231976624655 -0.0089933990892907233 -0.0051379133113712179 -0.49111426530133812 -0.012975293507105069 0.039609229463577346 0.50475066551692815
0.50907723550333406 -0.0069121732294888027 -0.0015946535344323629 0.037696205335440401 0.51875373758284382 -0.00028769946276220229 0.0032094405274129051 -0.48000251455054549 0.0086183174703993014 -0.023217734220261556 -0.48911907266850879
0.49046319011454947 0.0059829019963462925 -0.016690331699392671 -0.014598466223744196 -0.48329739602103067 0.0022285294036762759 0.0080732644207546656 0.50828960205648221 -0.0080090450760502488 0.055709887221978623 0.5135618840992463
0.50412681194292752 -0.013870399225559918 -0.0053879996046863679 0.001540333609331765 -0.4965261676008158 -0.011385485436562863 -0.012044594983903274 0.51001384954810502 0.047231103531405062 -0.038067662198006037 -0.48479416137368742
0.50493148685359557 0.0069093085148654336 -0.01684171017279646 0.015930430146393389 -0.4806931078697787 0.0022917188246558968 0.0047975369356723042 -0.50119019879847482 0.018167497720195741 0.054279134494358207 0.50881922443793171
0.4791070610127644 -0.060561345274871545 -0.038662371056765704 -0.031128648511045114 -0.50891732962407377 0.019114011942773877 -0.023891833040788932 -0.52481412303488884 -0.089528518214499225 0.0092504540206886452 -0.46995869192079648
-0.50298092396734762 -0.0043542281778737903 -0.0023875338770439742 0.007592924316391538 0.49502432758279319 0.0099759410893629271 0.0030525166812916636 0.48787848546951229 -0.015941930212947375 0.017429469224921109 0.51301716123959573
-0.51464075335843229 -0.0098549753499693905 0.018396188117929611 -0.020176997939348913 0.50600103593444978 0.014222300061774504 -0.019381416999831015 0.50138373440531558 -0.015760288317193425 0.047045291967067804 -0.47311730748237207
-0.49120479675227524 0.0023658631790910208 -0.005630146861491726 0.003343937747095399 0.49335976594435899 -0.013487623651966752 0.0038408234225515317 -0.50423905248315448 -0.017827883948753172 0.017900069552104818 0.51007212755790976
-0.51011754764594253 0.0049852365831367729 -0.0062530753397765379 -0.00057309872501895098 0.51300701249318559 0.0047292693006739271 0.014979740202759119 -0.49320804130052215 0.0058085899153543247 -0.0039954928355987861 -0.48268931669491183
-0.49599091428770409 0.0027631428117196465 0.0052637530553990139 -0.003101914818179949 -0.49207302388612739 0.0020016501320796339 0.010887369549372619 0.49583540192212283 0.0018109448628826081 -0.0027570020874862823 0.51558318473124132
-0.50966742901502782 0.016366166764045349 -0.011731995845750017 -0.010700253875480112 -0.49530742066448968 -0.021745963366547067 0.0017265432723764028 0.51052349799287622 -0.0031409507682869202 -0.032180094918086703 -0.48190678590767977
-0.49648862300807356 0.0072166007144117738 0.0021574437022181536 0.020138068569273391 -0.50516744838319338 -0.00090087140767059761 0.0020147699486566203 -0.49051458222896849 0.033517705711875019 0.024278095327667951 0.50549018968446335
-0.49454284965764994 -0.040541173581136056 0.0048619594801988762 0.0091431158267546702 -0.4841291186857003 -0.00082551136740926232 0.0090873787996571028 -0.49918292963433275 0.08223741177195211 -0.055130151439969896 -0.51012386698450907
0.0079587418481974533 0.49818402101833775 0.48801879962209166 0.001765062682340754 0.51172282599403385 -0.0035397601137201304 0.0055310791669190458 -0.0023302364928585854 -0.0026962014232884755 0.0036196434712166005 0.50165197168406939
-0.0091481429735104439 0.50649148941147659 0.48275602867674322 -0.0065595227877434199 0.52144225877482075 -0.0023260564492836888 -0.0028612753217645537 0.023326029757484018 0.029402458752190153 -0.030861198898938701 -0.48580821684824987
-0.014850936370606988 0.51413379497956646 0.49236743931675314 -0.012871862493417683 -0.47474232252397963 0.016064418840940509 0.0094423896997272994 0.0023645584253439633 0.0038146819897353847 0.031251652317491968 0.51587809085697278
-0.0087875041480342687 0.51840517341159031 0.49244236087670873 0.0029329180088782125 -0.5169751189522479 -0.025005044729762869 -0.015090294629842757 0.025300746493617243 -0.030300989331311149 -0.010580694406618015 -0.46785072776016234
-0.0037342886225287561 0.48974104989977785 -0.49935792218180136 -0.00093121547792431904 0.49941463465292352 0.0020665013627852195 0.0019347268285784161 0.0016093865009380566 0.0028307407954969756 0.014128571843890856 0.51102577905771984
-0.022433998199644711 0.49690802471274687 -0.50791808476558464 -0.0073558039884761058 0.5007666636133058 0.014220340986805899 0.0050766936486207953 -0.0017583021012244919 0.0028812623435483012 -0.04956991056774597 -0.4909994199399299
0.0040799538328305769 0.50267619363579952 -0.49561959375801817 -0.0073119916644926678 -0.49418414157213147 0.014083473827750758 0.010741833166589106 -0.0030533915312460154 0.010914007716864947 0.028929587544507706 0.50607380350456677
0.006904962451066715 0.46030761246898733 -0.46447151704035888 0.010353126023889381 -0.46987596472546667 0.016042055021093914 0.01027625783903314 -0.0080953315833331048 0.13316649071444711 -0.13291537194381758 -0.56179758816111036
-0.01058210237861584 -0.4889649306579274 0.49876741858152585 -0.0057237083625659184 0.50862234484535096 -0.014465208105271656 -0.012682759300843232 -0.0070615141458771451 0.0032294641494421232 -0.0036251876277743054 0.50285126658782653
-0.0041654752531959556 -0.50773823487292957 0.49060662345989797 0.017889198949740268 0.49892795298403825 0.004082577462621772 -0.0073564531973447185 0.0040305590024248333 0.053815332395841187 -0.040008126774508143 -0.49765126194582632
-0.014802420793289193 -0.50418167320282214 0.49581816409656959 -0.0061288504913005618 -0.49281882775219604 0.010819421151878904 0.012722518154394336 0.0049229361477702866 -0.016995865386120558 0.066065117559754097 0.50187797347622465
-0.0036761365177543069 -0.49072536697395386 0.50667182766719199 0.0067670151573562456 -0.49935181144360608 -0.028966680403884722 0.015974616177220364 0.027305317255975247 0.041909637283133183 -0.046527161144034601 -0.49729237223529937
-0.011416917560359719 -0.50005006251110629 -0.49981159413955006 -0.0031042399545067843 0.49421408978383136 -0.0038942108880682899 -0.0022188481162546576 -0.002355066494796249 -0.015786449280237019 0.0090886572195628818 0.50536452815631372
-0.012967100593897957 -0.4993133963064999 -0.50723758698341193 0.014583515617696904 0.503852556390882 0.014922271299965208 0.0038943234922624408 0.0091094112445997185 -0.0037758959829689463 -0.018396448250310761 -0.48833843940935795
0.0038782720096443347 -0.48962187279912006 -0.49603471424090195 -0.0062750092881633697 -0.49262957063018492 0.0055339322037614254 0.0033432763621705809 -0.0042750788210716272 0.00022023144111857086 0.036527788563243804 0.51969920849410234
-0.022431867952553031 -0.50541105244020668 -0.49282754944491924 0.0058334916299619659 -0.49679567232566174 -0.01801198246342851 0.028941565745454329 0.028225831294470722 -0.0071723892614454134 -0.012724675626023248 -0.50216074357084517
0.00033449036246133379 0.49687457954084013 -0.0014454864960737482 0.49088745553589924 0.0039618479645345886 -0.00048114318448104281 0.0046925551958557753 0.49960934176444727 -0.01527861707117994 0.013845173806332413 0.511928109914495
-0.012746432011543201 0.49634710272182048 -0.012614120129798715 0.50665731596058861 0.012786264962704781 0.002194818601717097 -0.0052358274223049464 0.50403657990755757 0.023407164091615317 -0.029899759161313252 -0.49084197634756321
0.010733210890990399 0.50904006369673871 -0.0030270290056006537 0.50029530878544259 0.011881399150874996 -0.012183003851066103 0.0046045160238192741 -0.48760754389556793 0.00049733641676598514 0.022613311971519657 0.50187142970698739
-0.0085012538755992323 0.4953326538869503 0.004422350651129333 0.51408413042250323 0.020675461087097932 0.013612607231702338 -0.01258169454241953 -0.48808266495035108 0.025374253618014198 -0.016593935835520889 -0.50035613742185858
-0.0083708644330624336 0.49554222665125508 -0.002570817092281171 -0.49657576240219337 0.019231988811040081 0.0042271307372597957 0.010451082711204214 0.50351648461399778 -0.017350848903858452 0.013582429737670227 0.5032518112608062
-0.014265046389343025 0.50871304861734556 -0.0058237671455278299 -0.49557689532946947 0.0065114077192176935 -0.0063283837259596595 0.01271826580955665 0.51102266361444881 0.010801142153825166 -0.01734841035562492 -0.48329201449250458
0.011346079361606438 0.50066893719976768 -0.00015756001092817224 -0.49616266154252087 0.020810156294642675 -0.01814949908303045 -0.0018761857662202811 -0.49883805276920107 0.019562319518609095 0.035233804968566318 0.50179176460876596
0.0024933816978806719 0.50465440732255762 0.014511091480481032 -0.50081206199055939 0.042639551799941798 0.019522931827437123 0.054807017730109805 -0.50201172444136766 0.082146238029884189 -0.035202422155235495 -0.47863174481481652
0.0051624124820089162 -0.49027681376118309 -0.011964060470565431 0.49899079837959787 -0.0047961954943913174 0.0068320375590581878 0.018501994724674078 0.49988262149856283 -0.025910177630869093 0.034642332834416444 0.50823318657140659
-0.013389596222715003 -0.49872492807674573 0.0057843337216596149 0.51475497205325127 -0.0010009408242942705 -0.0038734461874086138 0.0089391237353811919 0.49625680711619247 0.025731480354036954 -0.044870256131402664 -0.48687354013230982
-0.0051403762409388603 -0.4890283801206099 -0.020778062728547354 0.50292499454351292 -0.0033356394817050067 -0.000839489311671148 0.012235479949492948 -0.50277895407881723 0.00050896804436820968 -0.008703146561001282 0.50441582376606442
0.015312969188193101 -0.50578742446982461 0.0036859933567011333 0.50883674752800634 0.0091140598059902562 -0.0036194521891147564 0.034292410236592172 -0.49952880350523815 0.014112859266431294 -0.047320459779341337 -0.48143183513246091
-0.012301026163011222 -0.49154018698812724 -0.0010390414847595735 -0.50053455304069705 0.0069347742050376001 -0.0064791188694514291 -0.011115159803844893 0.49875336154575589 0.0020748453457002272 0.009404191760703581 0.50856635223441604
-0.0086702091918313805 -0.49994777801191909 6.527045007576289e-05 -0.50752992119621754 -0.0096577115808831777 -0.023820216673481675 0.024580413809984263 0.50752588965074075 0.025150685291796919 -0.030528399819905402 -0.48164144534439307
0.006297034484070708 -0.50479671055599473 0.0038773924317942847 -0.48723630091940695 0.0067642173943202617 -0.0027467204951378736 -0.00021294659910495487 -0.49725796525876215 0.0090922915038245834 0.072181561612027989 0.50508880921214339
-0.011648152376169525 -0.49839560934029387 0.012228026278381949 -0.5108593933261858 0.026947868127223315 0.0008459516471877994 0.0029583928251300916 -0.4954728363086896 0.054288361765710634 0.00068133192128417555 -0.49108310445911979
0.0081103661281119628 0.49539913212220971 -0.011148923073833264 0.0096291951843600048 0.015184987967685963 0.49574732641212177 0.50934123247521723 -0.00022639522559783339 0.005786813308849034 0.046232652406739558 0.49669046573582831
-0.012141016675741963 0.50088730337779663 0.0020066867641705213 0.020132655306225104 0.026836487775895146 0.50100471670929758 0.50649603718818215 0.012747558698543672 0.032075721823468517 -0.025022402778891756 -0.48833750897817574
0.00093240989119755741 0.49816960163928842 -0.00024822900119802419 0.012044194595417151 0.01878362804486439 0.50073683368920463 -0.49348874773367712 0.0044096827775786237 0.0042526681675400463 0.045845931228848398 0.50489635474907624
-0.011525137886906544 0.52302781788227026 0.0018024463760105921 -0.024411747720354659 0.015072863329490253 0.50531639008708795 -0.48028697055617803 0.0020873309123212651 0.0075101904291647939 -0.0053174747619356266 -0.4892580462743642
-0.0049541866887826405 0.50062240571756467 -0.0094985849111536309 -0.0044685172035809568 -0.00098164794103119696 -0.49176036735284528 0.49992126201497733 0.0070123934576062008 -0.010846054326610677 0.040780412360415387 0.50563042712184447
-0.012690913497598816 0.49352855598389023 -0.00070358569206507968 -0.0081967653272579117 -0.012273203847412909 -0.49853322556064167 0.51572274430418297 0.018281822661104358 0.030572662249967245 -0.020829511422400988 -0.48973675007316153
0.0051038291261613503 0.49905221527786914 -0.015554960105888218 0.0039589682963933536 0.010668596834898271 -0.49994661678262214 -0.49810899463929953 0.01480259620357835 0.011912517288508432 0.018823594897971651 0.50177170641821478
-0.01220817435986429 0.48963810703635829 -0.0017174183380321997 -0.0078188783383021185 -0.0064437424269933744 -0.48482131140485268 -0.51478704601018965 0.020890536948662577 0.059006795957344961 -0.017875850444509962 -0.5056725315374373
-0.0067122649274373196 -0.49206781544457157 0.001046442245789879 0.0068634618358654224 0.011405786085768225 0.49902439462281023 0.50858358005965065 -0.0015283249121540359 0.0031073619436549327 0.0389208377159301 0.49843403673748182
-0.024519300593012328 -0.48332583425642917 0.0028069398792362485 0.0002591060313649762 -0.0025894087828580415 0.49166628540695062 0.49643526731804644 0.00092181252715483274 0.070089943726706558 -0.078946230932791323 -0.5161885533233368
0.01578225881019793 -0.48234664593409282 0.0095673333593606739 0.0094165011806488803 0.01818202476049437 0.49126188474355836 -0.47472806160592873 0.0059658443311643751 -0.056252170639120677 0.14216327224809078 0.52580089123364593
-0.019290806893672664 -0.50406007863924607 0.0075376716579948645 -0.0082074676180447174 -0.015162522308139964 0.49845865887442647 -0.48929066692216172 0.011002469921885362 0.061133127731613994 -0.026124310999650308 -0.50278229500476068
-0.0099793864783346686 -0.50551787272322635 -0.0071721952682388245 -0.0038072314239804357 -0.00052787503314363456 -0.50219948792298086 0.48725579409785974 0.0076905068735814769 -0.019312061290822791 0.0015442940532713937 0.50421112557274228
0.018874239707752299 -0.49780332505101371 0.0027315245484300487 0.022049627453250994 0.0073474842551566827 -0.51585017362705488 0.50094791694913521 0.019514628195731028 0.019410132976028911 -0.05627886052944505 -0.47990923993662143
-0.0055932982832365445 -0.48876421531284792 -0.0225906716612021 -0.0077357594434510736 -0.0058122061494418177 -0.49374543851049219 -0.50972606548249766 0.0035152743585208949 -0.024331040491155153 0.0054469705158046349 0.5061966501550087
-0.012894797397374029 -0.49901568892532921 0.0062340512041441053 0.0078473613815823809 -0.017787751082030009 -0.51889471824842892 -0.48568725383598726 -0.0067082194117237424 0.037643705976103378 -0.033782064659378511 -0.49259831909785651
-0.0067933046112070745 -0.0023146224006646587 0.50340119243615367 -0.0026195895773572946 0.0057069010942130986 0.49286002434014048 0.0057883447195198733 0.50127117112150565 -0.0061427331323401294 -0.0032318627981075551 0.50222587387314555
0.011981638953260909 0.016013857507595833 0.49690199680055591 0.0042282961833306348 0.0095836188940220789 0.49617811701352832 0.0068719926219285897 0.50717329739165118 0.047782063330144585 -0.024606650568736652 -0.49621100706303983
0.0099199986528075504 0.0024249008893961841 0.50009419257478394 -0.0043547824822658867 0.017094977748190344 0.48056460003246609 0.029511907825319244 -0.50189075664713556 0.012816541364083361 0.0079050719249588938 0.51532119753638739
-0.014323735978668281 0.042767388232808762 0.50810500510644208 0.0070808926642006494 0.01412607242389578 0.5213029742430797 0.0083298205633441837 -0.49656412456277671 0.0029139056287408069 -0.030228553912543761 -0.46927714298518852
-0.0045639732549988613 0.0063013944196958676 0.48736760860030365 -0.010616324134146383 0.010411798099522862 -0.50502510335021189 -0.0052406952608595389 0.49989247077284432 -0.0074185873621228906 -0.010702289177929878 0.50700225652135322
-0.0093882765388917325 0.0060042496921853599 0.4774787291997411 0.010094112162084922 0.01398963456059657 -0.49479154467340064 0.012526721528344395 0.52290701710066945 0.027440658967270097 -0.007355880612767509 -0.50237220536747285
-0.0017533797371884713 0.0028129995714440358 0.4709574899654756 0.0098923958380062686 -0.014640850708595051 -0.48821032366485717 -0.020277902451708504 -0.4695649183533121 -0.086155784949339898 0.15304328816938684 0.53645041522079839
-0.023540088004920828 -0.014234459842094083 0.49576964902456694 0.019016318097632448 0.019742032173185084 -0.50005370580946928 0.01654078971315099 -0.50092620055165382 0.014136427763179566 0.0083453924645993556 -0.5011790920867899
-0.016740916292412877 0.0022832168937509624 -0.49781026910559784 -0.011775004994060111 -0.0028180194313826537 0.50503657201213425 0.001367256444274182 0.48818193515351804 -0.0043037209289236971 0.0044666063549950921 0.50826074979565627
-0.018940472119439 0.006651940035797113 -0.50702297661770379 0.017133696782596162 0.0070087913040668814 0.5032999997950286 -0.002131715376187429 0.50831305419535755 0.0073334837845459794 -0.019051836977396024 -0.47965370542114005
-0.0058289109589568814 -0.0026774755883480876 -0.49506046345014876 -0.0069103879823356968 0.0046621540448352674 0.50147702782305392 0.010494415273269822 -0.49884727878856627 0.012244362217175177 0.031467905860942114 0.50321605703844363
-0.0083283960660551423 -0.00723461350359634 -0.48955058145660102 0.013276912519713132 0.021074526020384034 0.50706668000264632 -0.0083953525339195197 -0.4982168512389295 -0.0021821669122678742 -0.024846522688383377 -0.50355622527701771
-0.01068378042041343 0.0052838919002947968 -0.51149370974197095 -0.0070304545277628328 -0.0031254638541454642 -0.49392635000178592 0.0070215107956343413 0.49323643143353324 -0.020066827858345557 0.0085399420738184306 0.50040243812095186
-0.01080275800419446 -0.0045074048103562686 -0.50972147509146348 -0.0061139581610033227 0.021760789462825003 -0.49219889921814891 0.008099841993541872 0.5080272561077851 0.017380663434248749 -0.010218424609488377 -0.48858216163335716
0.0056326586969549361 -0.0086453509353215802 -0.5018672014507789 -0.0063360734268509428 0.0021640563927911413 -0.50352173296893021 0.0065216444102622157 -0.49377301072464824 0.0063952942290793719 0.022671483293652692 0.50003466352212755
-0.0063855368484240496 -0.021255314231499785 -0.51545431461720537 0.018038680095834616 0.0093979061040645722 -0.48693759308663753 0.0031588091506820188 -0.49024724591979346 0.026496208788826393 -0.020527334920462412 -0.50479361241256338
0.004281168621631316 -0.002928732605692277 -0.0047207329993604061 0.49583157527166538 0.50430082004256893 -0.0032340457026092543 0.4927028564572461 -0.0028140364395270118 -0.013330608651923329 0.0036942951276055561 0.50677086055847576
0.0041132692740934017 -0.00099562098700427064 0.0068998570791982189 0.50688254790906573 0.50519253182477541 -0.00889961979197465 0.50509227733294104 0.016607539575856312 0.021469996063440931 -0.058657788239575959 -0.47792274591611306
0.0018385857829940195 0.0014286005247098311 -0.013828937305198552 0.50264423273376901 0.49560242123548615 -0.0068965678538418134 -0.49468905205788838 0.011371846166439157 -0.025855021590125257 0.0019766531875626023 0.50592867629962912
-0.0065529709401970296 0.00058734512352086039 -0.018481196989089749 0.50749025020948391 0.52103864732193628 -0.0024122060144011379 -0.48846318977479652 0.016585899199868859 0.014040771230300718 -0.036130132767003241 -0.47979975467799008
0.012501318317502284 -0.0045043041541328339 -0.0079793418842114081 0.48626517203539849 -0.50133563403421533 0.0049374863558518051 0.51175791578566632 0.0010555140159797267 -0.0074292076636758202 0.018889862288977894 0.49963471219077049
-0.0045130430035406075 -0.0025229587737892402 0.012792590560657565 0.51246368790967312 -0.48164875952804642 -0.011601512668695408 0.51659914028106557 -0.0022258151631438477 0.041771287003316962 -0.034055921717809204 -0.48506307884366062
0.0076075258137836962 0.001082992698101677 0.00067887689886067678 0.48816559482256383 -0.49625917852753187 -0.0011455401542152753 -0.48720116368792871 0.01546361758183722 -0.030812284379454897 0.075374474276719949 0.52069718041455693
-0.025833029952696023 -0.006766900542519879 0.014957298133405567 0.49829842753622017 -0.50950506918665561 -0.020700870063697675 -0.48747260662572361 0.0095561747229935996 0.0058770022131501608 0.00026356292353019287 -0.50297356502449964
0.0034035524459971448 -0.01101911513761674 0.0062829618936675749 -0.50835973148185976 0.50216952239525348 -0.0055599219235383298 0.48837781713368789 -0.0032546568237985822 -0.010784536615724672 0.015135891560230701 0.50032376944609258
0.0069887277602386326 -0.01877702900141906 -0.024270804629472259 -0.48955471259348315 0.51259074885100819 -0.0060598080221218441 0.50995338267365842 0.011904272672161747 -0.0019723487062252949 -0.032068698634472398 -0.4851115741824073
0.00040584737789833955 0.0058429603817735862 -0.0070336599104959506 -0.49596513978416451 0.49797698896626325 -0.0061119575747522054 -0.50096109335649042 0.0029575220196036609 -0.02276958861668147 0.029979300203286784 0.50351602624329717
0.0022376705372329025 0.0080293964958075229 0.0018673573140302862 -0.50057454301487003 0.51392871026565179 -0.0099977525622942775 -0.50194653292694991 -0.021419375010087335 0.016154277966279509 -0.014424338410991821 -0.48192463457948215
0.0033146236712026955 -0.018519834986239141 0.0030377423623415582 -0.5008718027365171 -0.48479936468920409 0.0024719726182606521 0.51211368561302584 0.01328559271741704 0.0092294243213757073 0.020173868661206955 0.50079796570978341
-0.012368864010743337 -0.006021193180516418 0.012605559669655321 -0.50474716421785881 -0.49465241125175041 -0.0035494576892884004 0.49743106052130981 -0.013831912211542346 0.025175770153261997 -0.027536215991068494 -0.50116614565177187
0.013206644444230253 0.0032950963580150546 0.0071407158083684769 -0.49910190070097166 -0.48833639406046764 0.023341290121049473 -0.50666432348074042 0.011532962089231489 0.0031754288525558112 0.056694301230192742 0.50157522580896685
0.021387901340934649 -0.015536043753886512 0.03493203738631067 -0.49598681764228675 -0.50496795033080544 -0.006270787006581657 -0.51166614363154539 0.017247668304112035 0.072262188042337916 -0.049699150169883764 -0.47671218877837457
0.49391346714347922 0.49576419740011934 0.002051170148333122 0.0049262993731938893 0.016308374466674384 -0.0085676605874945317 0.0086194993229043622 0.016998413073947845 0.46153361124899089 0.20821856926809099 0.50315804199490632
0.46260899967036279 0.49102378884015707 -0.039550885816183462 0.061190665426070684 -0.037642184445847181 -0.062405158428557768 -0.061889344998843902 -0.0028196387055770033 -0.44422657010769739 -0.3403593435701962 -0.46609942558703599
0.48620074678739561 0.49442203258128437 -0.020748646745481159 -0.0031869641633960688 0.017991823994253815 0.014403070568185586 -0.00068067155071688289 0.024866481332452318 0.46418694393996029 -0.52732439688734123 -0.15499847283846205
0.49609994273395114 0.49041144156546418 0.082261298237345695 -0.0036189348326099804 0.027821569845662544 -0.049621787268294512 0.01195578889404126 0.005900248622461142 -0.44826526518758431 0.48703700223572094 0.25503047280927393
0.49750673834236109 0.49794827012264092 -0.022192136866452612 0.0055917364505129628 0.04761503779911707 -0.0030480816752135056 0.028624881574626566 0.031102928647918335 0.13113085654935194 0.44386309306893523 -0.53454448043202696
0.49420612681997611 0.48840977875611113 -0.056022236650465206 -0.010153385576037673 -0.010058855057568906 0.052057346194853048 0.0047762214095179679 0.04886443928221483 -0.27751603843124673 -0.43989631497896986 0.48808707921552241
0.48311935685124519 -0.4898320004890912 -0.0051509022499514646 -0.011546234426241919 0.010179371877950859 -0.018542964927662931 0.011236849244267337 -0.0039825688869637435 0.501762226401536 0.25370392487957411 0.45801730193338469
0.45252981847440649 -0.47280173038517026 -0.09345262243939946 0.063505478328620052 0.066263812194479854 -0.078220038325875527 0.052692135951438193 -0.050082660650107635 -0.44591337624298516 -0.44299401776334629 -0.38474992987662288
0.48928926339995515 -0.49187294017617006 0.033601720320261583 0.0078411496874919145 -0.0091153282124218134 0.032916685711128539 -0.050722645882463953 0.017911407226303248 0.49435057268875776 -0.48031461170334777 -0.19575916467145621
0.51080193096576931 -0.48816170348376342 -0.025396824080711932 0.00071799887662428235 0.0026776359818806053 -0.027617719803846249 -0.011128040691589285 -0.0021343427847378572 -0.45418265637106242 0.44582483349047314 0.30691050810007153
0.46613032049909897 -0.51144601212359819 -0.058558396526941198 0.021749941367038082 0.0088739902818519064 -0.057295735680012561 0.0051775257030967333 0.054131288480707931 0.29752820022981569 0.43046238371838463 -0.48693316719737684
0.47993128903277499 -0.48563161639613939 0.044890028244586336 -0.001452744623812599 -0.022499191084250133 0.037014631273217094 0.02064733766963596 0.024684687419201767 -0.16631950265449072 -0.46438592945472845 0.53439896570702283
-0.51315477741898807 0.49005679632567739 -0.0055208997771867439 0.0054857661493073178 -0.00073520807113071622 -0.0037538587138321931 -0.002170084017348355 0.011787170818542077 0.49217513241018224 0.27778632593219943 0.42059012629625314
-0.5072984353976272 0.51337087333898379 0.027044968968297601 0.020346577355473527 0.0026454810516041861 0.036651781983420111 -0.011946117374959845 0.029151760927893136 -0.48205137515197305 -0.33998227846807544 -0.35727981437155149
-0.4971681240497271 0.50003151256780376 -0.038119007551879872 -0.015700408263111625 -0.021159057007183065 -0.031713471390682535 0.025607690792655617 -0.0059485815598722108 0.48425676712822807 -0.45646237737865691 -0.23682414029953788
-0.49576056311944877 0.50482965194289808 0.026234598837383435 0.0060501795550811548 -0.014010412857948698 0.012031290469028023 0.017107855478645708 0.018574256465405482 -0.48502425124429682 0.45590911030634368 0.23358780197039022
-0.50556641881675812 0.51864273174524123 0.014101953093054471 0.0059955440350951397 0.0074990206594436381 -0.0058449162243357179 0.011047244589981856 -0.0016965133264468634 0.17532872165370503 0.44114323485627577 -0.49961452032553794
-0.47192785097410678 0.47811656979698069 0.00051381978701386661 0.0052019400852181879 0.011848711026571028 -0.00880789144794265 0.01996389432543156 -0.0025251656593487416 -0.11612254001277821 -0.48874388236089689 0.5437677755088941
-0.50123562730099558 -0.49209820458492648 0.013964187253619302 0.011322208547676431 0.013689103256908485 0.0085539573910829378 0.0079614731939921732 -0.0021026679210470233 0.46037244679006961 0.2136527880917938 0.49835764307444336
-0.48225560557049202 -0.48972875743185734 0.025495392248756368 -0.039416128104885047 0.014491287214805654 -0.01109402804033042 0.042939265028450767 -0.01078974649078464 -0.48188049710658898 -0.072712699464828529 -0.53441781850010583
-0.49375251585963542 -0.51321020903782266 -0.0093875098510228967 0.0021982936444672222 -0.0061631926668479862 0.0016415982934064655 0.010862489960704805 0.0031261561629557112 0.45757453181626223 -0.49934796985323754 -0.18395511162442871
-0.47128576354772644 -0.50238041465809868 -0.048313653155409614 0.018913964999568846 -0.039256717250821707 0.034269321240483049 -0.008649822609628351 0.00074505963405808301 -0.44598047216487291 0.50646635722830435 0.25419303208944388
-0.51196829639298402 -0.46025124062560802 0.0037300198539755134 0.017863721313831911 -0.0014745900400971563 -0.0019424767346301545 -0.033538502176150231 -0.0067310274213507855 0.35062143247498506 0.44148547162080609 -0.45464638715235767
-0.51053061683630696 -0.49507355812634474 -0.0082029225835710609 -0.0013204686926713044 0.0027903642186132777 -0.013752673146434883 -0.0031749016042112409 -0.0047630622666483217 -0.37268085750001262 -0.47726999319018065 0.35676921515201265
0.01069047040621965 -0.0089003775881514886 0.48710946948217743 0.49743180136784954 -0.0059617117188993747 -0.021249452907037794 0.010251271042806053 0.0043658122669517699 0.46924075520213393 0.083276747873236925 0.53605907476768599
-0.028352651056371796 0.012342765974972199 0.50056670574467843 0.48070738053430234 0.020965245749129349 0.0039040619256574213 -0.011968226768168784 0.014085525066707886 -0.43193712532246015 -0.1943392967986087 -0.54061382196231778
-0.029092906576878953 0.028090791790144714 0.47296640117186084 0.48958097637170217 0.019025221262598469 0.024129243947625851 -0.0096452121408681611 0.010081861679083058 0.43270115226725092 -0.54603068783250519 -0.22013429628979322
-0.0075250794760358397 -0.034765121859231259 0.49908413728628648 0.50061410706415344 -0.034897194826521066 0.013851917504217709 -0.038322368980128745 0.01963196959461239 -0.48946487865909377 0.47287003049400167 0.18052605905707772
-0.0028137514710338649 -0.016186283081005892 0.49936991581156187 0.53541208550997166 0.016880737513014818 -0.020339638763658317 0.0068405853881449482 -0.0045640036367741521 0.33713981682472111 0.46598926290183285 -0.36348059060261939
0.034739819879942326 0.048367285658818635 0.50677437819729532 0.47996853557218888 -0.00026671350413185461 -0.016498501692095477 0.0021345918142460624 0.027981315998235761 -0.33923512190555855 -0.46701320506876992 0.41835642840988169
-0.0097803873232987469 0.0024772400637646853 0.47729630828704539 -0.52942644290030694 0.012136462552732446 -0.024314554525632755 -0.0005014765682264051 0.011676737987677729 0.46524611487575773 0.22899347513387758 0.47119744791777785
0.0032751818371607121 0.035654655188567717 0.45687268007993675 -0.49166002067117315 -0.02842029074046256 -0.077289386561814929 -0.014653699529054201 0.014711852344172908 -0.42586274028035614 -0.32205181679242634 -0.50593163475805725
-0.028596281265689024 0.0077258779126084176 0.47560511804457534 -0.49637139961954396 0.018283682800591748 0.011617051344128704 -0.0088302384020873745 0.035965933067767304 0.46697315013888546 -0.53109577328463331 -0.15674933842284516
-0.0028418020325540862 -0.06202872199481585 0.50359380777837903 -0.48266423421779564 -0.063740214976550413 0.012075127108301721 0.054504327286523845 0.02290531411161412 -0.45101501669173621 0.48849748626505995 0.24459055052667764
-0.039957877546597451 -0.0047873927182820637 0.49100971704971974 -0.49590136260894924 0.059935284400452087 -0.0026873788826136573 0.028109773041659989 0.036063308186999626 0.15911589335344312 0.46078841395376458 -0.51772360715667343
-0.037942502528189273 -0.012210702429760556 0.49318323894367205 -0.4987810724997026 0.05186072060583434 0.012905185188352456 -0.040421383806303439 0.015811373843118096 -0.30230203737476657 -0.45102754176077553 0.45480398921218512
-0.0097535182124234183 0.0053111458534418768 -0.49157725270743585 0.49113287560030433 -0.00040573800625888273 0.003181656555192547 0.027859456835808864 -0.0033106319438557289 0.46211056818076424 0.20699648269690193 0.50973115019913473
-0.022643847873441713 -0.006456667395429585 -0.47476529863433786 0.51519915753983647 -0.0070269719903710342 0.01389769407135762 0.028293287675270902 0.00086795250867212283 -0.47864108415773793 -0.061807447063549896 -0.52407258201648399
0.0068440905715031475 -0.010494691531669308 -0.50937953707970662 0.49477275522246267 -0.01401351207321831 -0.014435287988899733 0.0029675671421990658 -0.010633710753036445 0.45909119069078763 -0.50379502603574067 -0.17456987088450243
0.024862736650980335 0.05544696090682584 -0.49301165196343016 0.47349408718228553 0.050496301121032358 -0.024868730797447228 -0.047460006087147934 -0.014756539922378952 -0.4447780021245617 0.49921998095322784 0.27633990099262223
-0.017107107650489332 0.05772633922772237 -0.48201419188764272 0.49234884774531368 -0.027828937829323386 -0.0026150404902552482 -0.026002286471139158 -0.02001801281348457 0.36379900172894331 0.43843346708058828 -0.44181240464532268
-0.0035588560869419961 -0.011089555129786563 -0.49975137208970211 0.48942284544320219 -0.02631393072107022 0.0025837221500844155 0.0022518935641449214 0.014879300004168391 -0.38704425923072572 -0.47467758013128059 0.36678409714297266
-0.035152200124164146 -0.022997067943021601 -0.50360934644094535 -0.47607740539463372 0.042723553699023455 -0.0065054255766484569 -0.0087924139907472956 0.060904271175841178 0.42381604272197942 0.36644303790982757 0.44543079198405078
0.019004223377986691 -0.027399037199681144 -0.494970740747391 -0.48373654263920973 -0.02593274742600294 -0.027748492915914299 0.0085849659359343543 0.00093911064309225181 0.48542178813036718 -0.44665315678654816 -0.2885145242403141
0.011558173908440607 -0.021666032783698486 -0.46962705061318877 -0.50941656253823542 -0.0062428293610737231 0.0058105669849284336 -0.0012404608633871524 -0.042984414517987159 -0.058724657992770588 -0.48050372922799234 0.53205999406392346
0.01737660267465942 0.010774802873805663 -0.50691363425296299 -0.49864473902127426 -0.0054162216660326419 -0.010581850303430482 0.011998341319522434 0.011010653120720896 -0.51109054162162293 0.45608737899654234 0.1560070647528885
-0.030757489605865565 0.012985976110799543 -0.49412905991920919 -0.47389906265982001 0.042357063959769896 0.026855793373718434 0.017400093735320116 0.03403433027650523 0.21154274058550393 0.46858836553806671 -0.51170269785749878
-0.035480425974644222 0.04562409769167388 -0.50117681023324745 -0.47192005558737143 0.062783044965058904 0.001583783241043717 0.049491606248226946 0.0097907855101259447 -0.49001540520624381 -0.39918161377240535 -0.34179276076822229
0.0030153195032670802 -0.015395381712792623 -0.0075726034952167754 0.011436685519122242 0.50491338276627373 0.50342217382136523 -0.022069677764567787 0.01459842161015237 0.48647822149648862 0.25318872020868677 0.43557842710343481
-0.0052628538572257813 0.032387938511981268 -0.014405388902943763 0.029160177475690496 0.51469311707230569 0.4983616105856517 -0.0039986741045561214 0.024108767925796568 -0.48680158143844976 -0.2441619165691683 -0.43290200933009376
-0.017487909488406121 -0.00631031760563577 -0.040533668606185062 -0.011953723333227743 0.50417065669602534 0.48714414003987755 0.021771013801289953 0.0016439638602591981 0.47996463743571099 -0.46998248697253386 -0.23376216110387424
0.015951540965480755 0.0064940819381615862 0.028557400136715819 0.0029285796710203688 0.49803027532384914 0.51022340101580577 0.008101414299643379 0.00063563131414194878 -0.45070674643570557 0.4843029459057861 0.22970687373119791
0.022911121441203729 -0.018430345901799625 0.019251596471249206 0.036657895481202969 0.50135359927592049 0.50915944538095892 -0.013935662016480707 -0.011402717023096908 0.21795502582075743 0.44052845778691452 -0.49490227847211121
-0.0031738177463743514 -0.0025210191959949137 -0.0049889088618313097 0.007472543223479843 0.50081847587071116 0.51532448257484298 0.018174571444495049 0.011768893145821278 -0.19558244607909953 -0.45807908184848728 0.48473355029363352
-0.019124447097587895 0.0070344533843329973 0.00054277168276706234 0.011992133039957194 0.5088234758259953 -0.48963195782080454 -0.0022712325104260181 0.013790309653770663 0.46377563185637077 0.20748918242844003 0.49240730477492367
-0.0055720133373710467 0.036948551217930323 -0.0017148041011982704 0.013209879798606177 0.499746399576394 -0.51014741968498678 0.025518985662340499 0.0037283544771985317 -0.47280695721271632 -0.12216993136132703 -0.49929193051573062
-0.0096988239757079507 0.0018327259874503833 -0.01570147615350205 0.0032398954677659562 0.48751158750610335 -0.50126409170582642 0.0032967651388049381 0.021302046136617552 0.45802050130113009 -0.51927156328873925 -0.1755617304085875
-0.04215125868437538 -0.03048543773217809 0.022237463851375736 -0.055370815304916429 0.47955396973858572 -0.49885853605547503 0.048479763627102074 -0.011434649960938096 -0.45605731116361453 0.47655115009375631 0.27808509521645208
-0.019757003085044168 0.037339139895560626 -0.0028472599806792938 0.011238892220422025 0.51833262357790155 -0.46501309050617745 -0.045836632277349201 -0.0020799802221285043 0.35035900907622497 0.41541533337970021 -0.46448734023853183
0.015407163205158846 -0.002017519031127288 -0.024224102285345214 0.0068297413706411006 0.49217973595582498 -0.48837462864620779 -0.025033280787988537 0.0058664193103703296 -0.33226983145026467 -0.48549888665129087 0.41424743354084326
0.0046167082252545821 -0.003454253816179345 0.01538369480676564 0.0042145486102344448 -0.48010555301423097 0.50332141217291726 0.0040023940335055415 0.014629722007281245 0.46408516970336677 0.20442534210630228 0.50841295666525788
-0.0077362130522269246 -0.043759787756497269 -0.033365543518241662 -0.0073311063258706555 -0.46708184186589435 0.47004132522968817 -0.034534897696043933 0.00082546881047158101 -0.45101948772192924 -0.34468642558624474 -0.48407983029492513
-0.026184667987840891 0.010859097522224416 -0.022917206828427943 -0.0017633659217459578 -0.47792988739853309 0.50958557319430464 -0.003990063714184409 0.0057600743736804733 0.46046528848654333 -0.52320157736434036 -0.15734176221166765
0.069283590572984319 0.024996056799051754 -0.039150661207010294 0.017088350233642066 -0.49487856814788433 0.48432628864613386 -0.040132763708153163 0.019775676486541872 -0.4378328704378025 0.5027177532754783 0.25855167017796793
-0.042346869040288469 -3.0727597765336469e-05 -0.012856853243755885 0.019433671982885547 -0.48753978627208566 0.48185220220766706 0.033093196258799168 0.01859637757621644 0.10979639019254148 0.45961568788888169 -0.55049466367545929
-0.036497097385478246 0.0077952213262215313 0.064082559754203822 -0.013586139188668057 -0.50169226778221043 0.49806119362005591 0.070113631067598908 -0.0073411785307002783 -0.28532377407772969 -0.43020691810898559 0.47233303083208061
-0.021285365729014943 -0.0042227397667056648 -0.021183603750490439 -0.0089751469407829479 -0.47450204451751032 -0.51587555586509226 0.010366296414757191 0.034172919750132126 0.47358761545796713 0.27612462124562925 0.45377829326109265
-0.097712293677800682 -0.02082418240133772 -0.01848385490514215 0.096487115588675759 -0.46228283471132475 -0.49455187788705057 0.088951349304916133 0.0220041473682395 -0.44620682539243478 -0.3943998926199378 -0.39878808177330771
0.0016815318562504393 -0.021024220092123076 0.020999775632376951 0.013565934105885523 -0.49752659982554343 -0.48982847271736901 -0.027611694738230032 0.006440303243324166 0.48372145995139404 -0.5059034723461584 -0.14400285384384243
0.0029720777079725062 -0.00082907192895265733 -0.017765734299063106 0.014035427856232293 -0.49483949470953909 -0.49276538896778405 -0.003795195453963951 0.0179425129065066 -0.51734608471399091 0.45866346950228754 0.18286203502059378
-0.018187682593939259 -0.0038583986171870492 -0.01648420331961677 0.010398215436467833 -0.485616951599599 -0.53532960983628552 0.013767194715146697 0.031065306836247159 0.21050574993129367 0.44561741746876421 -0.48252534837607036
0.030642951702569629 0.022091414261275696 0.0052556359095424074 -0.035119137408271522 -0.51298114916142568 -0.47677964933630773 -0.020291349452089536 -0.0078324910612183885 -0.22252149374497152 -0.41217584489377951 0.53569177790810041
-0.0091113382369680373 -0.0026152459067551748 0.013671583264753491 -0.0030217329974259011 0.015402830237589503 0.0041632931686411611 0.49424497377067411 0.50468482407597726 0.45996930787128421 0.19903650736279174 0.49928685097729986
0.049099053259654322 -0.00772992991907007 0.015613482270479569 -0.0079099937751836852 -0.023762715332582257 0.026743006096168205 0.50263235436115961 0.48275241091092586 -0.47232869172633452 -0.1149754892928883 -0.52339315743547643
0.010028387594859689 -0.025560401198142502 -0.014826786187785011 0.0099313267405277354 -0.016956387731365725 -0.0058386821467426853 0.49933663009620644 0.49842178649201385 0.46005787898218065 -0.50110357826660101 -0.1951579555855818
0.0083408572629535722 -0.0012318467125274945 -0.038103712940860485 0.021520857074376582 -0.0013189819203875931 0.020752822048583659 0.47895536552078544 0.51265224480453331 -0.44570197184626142 0.49518926243394334 0.24800853510840981
-0.022489431975155683 0.029404029338015301 0.013050746997914349 0.030848954770589677 -0.0046653840357247685 -0.0070682337172878413 0.48653446732763017 0.50325115518149721 0.33337872423791171 0.44224724476896654 -0.44803393888729831
-0.0039717096919904635 -0.0088199915629530584 -0.0058681818561315659 0.0062020586438359853 0.014031643155401492 0.011339660158260963 0.50219019850704094 0.50877134141425473 -0.33915504269139135 -0.47620176319740526 0.38297587613682676
0.0028961341067814659 -0.0073178608137631634 -0.014938268824268418 -0.0034531509733729815 -0.0017665074211652796 0.0025844416652967763 0.51506632406628672 -0.50846700102452536 0.5051881714855242 0.21903078479046856 0.41553772715987758
-0.023829777474903901 0.067422282903601416 0.0067927292464880105 0.0066323725443809848 0.023493567347221554 0.020915131843905404 0.4734743093715017 -0.49766101280351382 -0.4742247683626995 -0.23707527985973639 -0.49078369262024762
0.013898289333290726 0.0047532397978210421 -0.0043338642017635449 0.0034618281445646516 -0.0045933102926023544 -0.0017040665296383592 0.4940354920656948 -0.49369609334798081 0.42590527866783451 -0.53023255568305339 -0.222217699067535
-0.000796899735080632 0.0063693073645474481 0.0027752892353815626 0.034890494007128264 -0.034380627983959432 0.025355294527175422 0.50133407410300856 -0.46677844567973048 -0.49705557539419204 0.50840280224035195 0.14883952420904747
0.00011159419844285777 -0.050420104461485642 -0.029017175438156212 0.016818932914780423 0.05526013941787946 -0.024570814502420039 0.52222081505391671 -0.47036837574903473 0.23083891143713492 0.43835082020312416 -0.50326582093128081
0.00058763278978508416 -0.040004490665066339 -0.047676276521609634 -0.010861676078309887 0.046419093637117936 0.0074971589623477122 0.5155603024102432 -0.47097596502546013 -0.35147724535045322 -0.40858602241572506 0.46443274610204732
0.0027737388237193757 0.00091749082714813219 0.026000224713676006 0.0049028900932191668 0.0031757687662404264 -0.0020112694649721203 -0.4931004994065058 0.50362750261533651 0.46569996762932314 0.20661103557449351 0.49287314805977334
0.029319415942031583 -0.047016498848327856 -0.025649469570156711 -0.013534036336595891 0.027389806525194231 -0.0041443367032012977 -0.48655525419201434 0.47268355037709742 -0.4784581714439477 -0.074799932012958037 -0.54830499942850486
-0.03551880445122254 0.017986624994686329 -0.037471887679779207 0.008178974377004029 0.0047698894205192221 0.0083441454568827008 -0.49158831896524124 0.50648575280299868 0.46266863603011199 -0.49561578286290747 -0.19740141116707446
0.011917618138852714 -0.0010349570551556355 0.0071728840287942899 -0.043145357762174152 0.032072744646639735 -0.026579010000741768 -0.50287416812525343 0.48036645062382749 -0.43255649199668667 0.51940311048152144 0.23598677200073503
0.0070802556666809515 0.047520160827923943 0.046784852437047664 0.014531519367091973 -0.015498797034277008 0.042763365284603463 -0.49790543676574545 0.47135178947163348 0.34505388924129116 0.44386127541222481 -0.45504444509501391
0.0038621691610990438 0.015431993387569117 0.0066511750858351043 0.0050698866788194494 -0.011452232817421132 0.010614336462758275 -0.51065778170387821 0.50359999648667342 -0.36571187458460452 -0.48789512973546195 0.33654422928580696
-0.0052177378643490542 -0.006120551309398565 0.0021720883251412247 0.023110511992660759 0.01510900599919412 -0.0070188610773313925 -0.50303150347287362 -0.48298293486277821 0.44837351581500501 0.21389129289370121 0.51576879523968533
-0.076840554577679521 -0.026320982065758045 -0.01213250248041458 0.025314508693092593 0.073061737465098808 -0.026877279668048256 -0.50085931564015185 -0.45894246020969898 -0.43858087825788472 -0.35881464210392111 -0.45162477506911686
-0.032363179334487402 0.006150793582849679 -0.014963647765382936 -0.013065613573148619 0.022651885574520966 0.0071295438111950698 -0.49560826356212179 -0.47727485268189274 0.47349931550323393 -0.53288137034522065 -0.12795796371278884
-0.014647772424127153 0.029525629051331614 0.018129683212478577 -0.067891522420543138 0.019810472323619627 0.00064523946498478888 -0.46938489702131969 -0.50318001132350387 -0.46443754698647394 0.4803878832882203 0.27128546921339519
0.0034224674409991502 -0.042956681159352722 -0.008559777925826054 0.04411471498509742 0.040771392176010397 -0.0036122732318569425 -0.49977874869288419 -0.51269700075796232 0.11403187637094166 0.45016767141513025 -0.51590412287452037
0.021929479408341106 0.0077565053130842204 -0.0026442883793003041 0.026111671714425581 -0.01082522082598629 0.050982119323192479 -0.46125102512049249 -0.49857510548266054 -0.27533051433642158 -0.45292386571632792 0.50376303631658526
-0.030740887320667622 -0.013495587280307031 -0.035129705429441542 0.00037583483780801737 0.020312313087701313 -0.0021713006923239852 0.0026499472637707515 0.036924252539884871 0.97951032827412809 -0.1333432974560142 0.13649169970141337
-0.0022109536451495521 0.0055076831110787714 0.085776113638185408 0.062066181979343708 0.013796074230353648 0.013332486461414128 0.060024756472848717 -0.038956863296490132 0.055281845142237537 0.74109574326733363 0.65649626499785319
-0.11886486812921808 -0.018700966806997368 -0.094401759419623227 0.058098936067898316 0.099593286825822622 -0.021405008689183502 0.0082204025029682139 0.11099260806311334 0.032134004945665463 -0.56575066155032994 -0.79332458795449168
0.021718480582075976 -0.0071276220180386193 0.041020790000527205 0.039765363926479752 -0.0085099778509779601 -0.020413384411201919 0.002154186604194456 0.0081295014395845987 -0.99301429763730331 -0.082416573710978505 -0.052761472600863987
0.075238630090323486 0.14019044991530327 0.046984382633099668 -0.1213592969844913 -0.1623160286920079 0.051045339405525317 -0.05508001125827993 -0.17373332676531295 0.64131027547836106 0.69371504139920148 -0.05533128144675982
-0.16815599586727084 -0.19736544367680806 -0.15402394512557982 0.20287480004925929 -0.083940061891618289 0.1912476854068475 -0.25822144246465645 0.10756474742278266 0.35477775076770357 -0.54166085720272983 0.57162491763671519
-0.12919033405006677 0.20454998255166876 -0.16660577875540974 -0.2164644930435094 -0.25870202221487903 -0.13545487410566026 -0.11071824032499382 -0.18113556964019303 -0.5268894629869858 0.31681027825756686 -0.59877387952375183
0.025584602307054127 0.0038768073998757266 0.010406677403347815 -0.019279214191138542 -0.023738476977589042 0.019241526826894353 0.013461309591910159 -0.035603019051252932 -0.10449053787241697 -0.99183929252153047 0.042478503916140074
0.1396600360326804 0.064857081041643144 0.17746937701663829 -0.028303840915270339 -0.18419619859101602 0.018774718805657495 -0.050367888838467677 -0.18166017585032299 0.63509878870115966 -0.042541895195943646 -0.684845813720656
0.19882308306962451 0.11414840309204211 0.21390793375660899 -0.10696722056429539 0.090452272355175597 -0.24958387997703352 0.15641569811769387 -0.22947014905150714 0.39514439851096783 -0.5207760627173732 0.56151401006117208
-0.025127325139152126 -0.035152113722364181 -0.00887696610485318 0.073237522041864303 0.066135192549693411 -0.058351573093427297 0.022206920384006484 0.047668009141260438 -0.17714468961445115 0.93749654835334639 -0.26807878665162627
-0.062507500221553422 -0.00031596721729213291 -0.091745793454010779 -0.061943147398618892 0.036013658783913813 0.020872981640341442 -0.025349057369425873 0.082448880906057495 -0.56981946373656223 0.041440524542453595 0.8051421442661526
0.48589981690154155 0.017299404983792604 0.50082014931963315 -0.0049185077125336952 0.017447971986694403 0.0006071059660058448 0.51090492100827445 -0.023459061859888226 0.059241934115107482 -0.033224057711709269 -0.49625061599271397
