0.99961636334051562 0.0019040851919378677 -0.00017535263635867578 -0.013258149084583769 -0.004607015597973294 -0.002923469659750664 0.0054595009794052088 -0.0029870676227172145 -0.0070923532410429356 -0.013072910264390546 -0.017262354619029325
-0.99942078441389592 -0.012680903554250148 0.0027179342488291903 0.00068578673028507012 -0.0073072235678084936 0.0060129218519836608 -0.011488730282262775 -0.0034620042621479751 -0.019049771518141308 -0.018475079324570924 -0.0071891169916889113
0.015981563203641302 0.9992920904678011 0.0035214957740946884 -0.0019498777592255026 -0.012149642109320152 0.0002019013211685008 -0.002238239166130437 -0.00668459124798615 -0.012500064798086715 0.0034515552881618245 -0.027896087793598402
0.018148956697874915 -0.99939744222886373 0.00063751999998108342 -0.002269387213012679 -0.001388806949197045 9.3839624101449523e-05 0.0014626030121122912 -0.0022863879037906838 -0.019879714865760414 -0.0018755403056539667 -0.021489211355789573
0.0018661972201284125 -0.0087070234270862894 0.99960104567809427 -0.00229253415788309 0.0005114958280177383 -0.0060456752903326194 0.0082986111892074891 0.0077934424343799108 -0.0016156331574640477 -0.014116893608650566 -0.018571089127131474
0.001419468858590963 0.00073323162875777153 -0.99941582271143281 0.010759504052095244 -0.0076163592513626829 -0.014443971536123359 -0.00011728596975288044 0.0042271305093178673 0.00069096811781112493 -0.018546553846417353 -0.020511512359633666
-0.0027597086699080371 0.010631398290461636 0.0053964252647688915 0.99961168198983008 -0.0089682137782530601 -0.0061300893161032148 0.0044316995175471968 0.011530908606257429 0.006843523453925286 -0.0030886480848393467 -0.017312971285128397
0.0029622018982601779 -0.0040743032134879101 0.024998486802444441 -0.99925647839209419 -0.003552591709695956 -0.012417476623561291 0.0091642501605386142 0.0061163098932421073 -0.017637164089927569 0.0054745279597284728 -0.014385551344050337
-0.0023014667655128357 0.007792769225690761 0.0097399665957424268 -0.011356888912160452 0.99915670117911759 0.021445177405668467 0.010987869049893116 0.0075091754380248472 0.0084152843541626596 -0.017221496141260086 -0.019788962990878605
0.0030712595477157042 -0.0011720142007164678 -0.0017652928367286435 -0.0053614679820708656 -0.99974944611036121 -0.0044475229197659715 -0.00587137037633737 -0.009089211013711013 -0.01481231891343642 -0.0021583493585948239 0.009871508557006102
-0.010672614667612993 -0.0034059498259614526 0.012312346850917965 -0.0017952431781299715 -0.011199408741842607 0.99935458757362428 -0.020285864460394317 -0.0013750634877920651 -0.018323561377015744 -0.0069494313095979383 -0.0093383598513366219
0.0076895481244033392 0.0011875079238024377 -0.0016887385773908406 0.0047737712360117835 -0.0072405679973621875 -0.99973222063286926 -0.0094536201625031891 0.011530666930440062 0.003560252196754436 -0.010129964501931535 -0.0076982048408723467
0.012015612001129954 0.0045019478423207098 0.013247777517117122 -0.00081696263421866344 -0.012063236779567828 -0.012229892045335714 0.99951105772511417 0.016498529423492718 -0.0011916710309866749 -0.0077672592634307801 -0.0027907295656283571
0.0012492405778802855 0.0039241533539851195 -0.0066537557221787724 -0.010941404027220394 -0.0016191158070211729 -0.012243260011939032 -0.99976189355911682 -0.0071851036644440588 0.0018370077095483214 0.0071526443493936951 -0.0060440245967196844
0.00027994271124184112 0.0072958621968014278 0.0015354916890526233 -0.0037051960780469786 -0.0032884591843338352 -0.00084486933141525932 0.0096335036699103059 0.99971994686651933 -0.0022406640944241979 0.0047434322255327666 -0.018941509062613424
-0.00066414373697318502 0.0017319155030466971 0.011594030484046544 -0.0022941641848295297 0.00073108587562875258 -0.010250541886338513 -0.019423141692286781 -0.99902610077453813 -0.022046714940566411 -0.015870381847399473 -0.024143973004972546
0.50999258161947914 0.50430463055031904 0.49950624969328972 0.48480231478378932 -0.016509210323085891 -0.011065613582887723 -0.00025053432901496453 0.0025288180863978797 -0.0088723713065586712 0.020657426810624904 -0.011735443041071247
0.50174848236765768 0.49090018288298815 0.50427824219686268 -0.50100309550780098 -0.012506563808346889 -0.0059977911773803272 0.0038804203986589382 0.012602314813890332 -0.0027291265324124406 0.020522584214156855 -0.034204318334814077
0.50356104569794791 0.49574903525363179 -0.50482987956133274 0.49370958438390272 -0.0062813918537782008 -0.00012929289260593272 0.015674312511930792 -0.00071941230736332327 0.036205924096970911 -0.0016002482685683361 -0.021393978801239406
0.50550543691825778 0.50549027858590889 -0.48558176984488699 -0.50141951694267806 0.001536391276063546 -0.0028312718936090607 0.0014733095541396893 -0.010648421522871605 -0.031999571964319865 0.0057849898112437926 -0.023436499116214756
0.49263914984769402 -0.48688239394377508 0.50915010786677173 0.50986577829234681 -0.016363469460409549 -0.0034122444858541634 0.0018800478513349543 0.002569751704616562 -0.0066236856740657119 -0.011077002923991414 -0.024477343317188097
0.49596814635073722 -0.50301236449867504 0.50313220886088361 -0.49721355145880131 -0.0018991279865994194 -0.012498701154581973 0.014917795413827033 0.0059786665482690791 -0.010431517664841081 -0.00034085076675960076 -0.010187324867578472
0.50607324846905177 -0.49744059651936612 -0.49829015236560137 0.49662188336123797 -0.017497853031120593 -0.0053094862541741327 0.017708926224363302 -0.0020512176529807122 -0.0016710191394117078 -0.016354300736626876 -0.024370363481720159
0.48907604295490181 -0.50389374228781558 -0.49700086228044776 -0.50723154933746373 -0.0065467953571135126 -0.020170636412550555 -0.026764953671904398 0.0074028608992547937 0.0058012890387886271 0.027650958081689634 -0.024143494057992352
-0.50714993402270114 0.50670398695360686 0.50078195479640863 0.48336472204457825 -0.0037741915010116125 -0.0033955403362237167 0.016189646496082098 -0.020894867969068694 -0.010054097492348578 0.018096281502120285 -0.021747611404028533
-0.48982718299781902 0.48732628687405838 0.51746095752098764 -0.50383885026888164 -0.007471410687839037 -0.0025841674967641594 -0.0052656904996692556 -0.0042057239183420098 -0.018228170142573542 0.0021853322475422952 -0.022760359090889165
-0.49451819380568252 0.50115182519145163 -0.49356875436894998 0.50990808301993074 -0.0068285489915503846 0.016470979735660279 -0.0018200909332430671 -0.0063703312120150547 -0.012644109062853128 -0.012586548806307669 -0.0014576946453312846
-0.49548355022055829 0.5037097419614307 -0.50116181833443119 -0.49135018048361034 -0.00095547880429671642 0.0091645080584738612 -0.0062414734431256698 -0.025106740228777253 -0.068383255250744179 -0.044417948355083503 -0.027945482967935299
-0.49325671332969862 -0.50451526024753879 0.50447588555075784 0.49619699648370724 0.011060242984090442 0.0075151122473892046 -0.017197541602736236 -0.0061461600295267199 -0.023974953409695635 0.012811685886374859 -0.014265840927742714
-0.49707048071949855 -0.49862202511808906 0.50314206986327348 -0.50055302730509765 0.007922398240654837 -0.014479514228611597 0.0056509587080914156 0.0070940771721900945 0.0039163706196477886 0.014762259281470947 -0.0019481797852554162
-0.48815408277731809 -0.52031809784780114 -0.48531086783877098 0.50491010427777094 -0.010234425329012913 0.013687912380493683 0.004172308321448181 -0.0047655608970367672 0.010747879367967214 0.0081287449352720476 4.6216834564376725e-05
-0.49600220664220457 -0.49982722383167316 -0.49623134592800283 -0.50616473037204535 -0.0032756128570948242 -0.00073572934964457974 0.00079036585398431752 -0.013316908636201882 -0.030783693426498743 -0.01954259670421396 -0.013692692601165421
0.50197091190338838 0.50636546836828233 -0.011153410390419203 0.0022049008888776179 0.49548876787835022 0.49510646640187533 -0.009093288795711512 -0.0080123601198054655 0.012073611827454648 0.015174209346555506 -0.018097214745986415
0.50571872455331501 0.50833614062330934 0.011990648131553516 -0.0092041077868714009 0.48514818596237513 -0.49886794744381835 -0.0049374605322182411 -0.013423846275560706 0.021874354789934089 0.01210993214963204 -0.023382497315878312
0.5122689275640383 0.49974418724165487 0.0040468625317927895 -0.011717903307851836 -0.4979554944581655 0.48848737734525338 -0.0008326149074103197 6.3226441711047263e-05 -0.014771501394104328 0.02540055900570018 0.01545741353394362
0.49679948402799423 0.49548626337552532 -0.0031014129403146256 -0.018754504626390965 -0.50996104267956421 -0.497028348520068 -0.0056538088509654437 0.0018750715216376845 -0.0045005033661152122 0.0062371798413020096 -0.011410635197050946
0.48298110495902558 -0.48966909149364207 0.0085147045789827781 -0.0057113302038268154 0.50185232025808901 0.52286499637181683 0.0051483806858105101 0.016528565090115133 0.010469392540518768 -0.011782570832706183 -0.032505713021534696
0.50476059078402979 -0.49296381748657392 -0.01786844831745333 -0.0045026477450283015 0.4874721151473293 -0.5137243572604403 0.0097484189689780176 0.0016816469561798384 -0.00085311881750883562 -0.0034869283356698329 -0.014537571315506008
0.48592729779668037 -0.48789092367375664 -0.0070059972607671838 -0.0034527778748690355 -0.51388191609283218 0.51139323010249216 0.0098112881337979428 -0.0077264923286659952 0.0018872874890027273 -0.0019959977149947815 0.0038648128957039238
0.49135220686387238 -0.5046766838635206 -0.0013134401126377057 -0.0062051244902314963 -0.50334793882689843 -0.50009777754610996 -0.0033377250386994713 -0.010901591905835785 0.0026142541311036716 0.00066470718657160816 0.015492868584830463
-0.50487887014916977 0.50914884169912478 0.014851152009503944 -0.011636405891431594 0.48406859009786701 0.49708859197346866 -0.0051770640777099941 -0.0034311729470308835 -0.027059750776842622 -0.027718002909833801 -0.050500097901723523
-0.49560859750207176 0.49414219933306031 0.0070543645899004935 -0.00018929412304293034 0.48785002301070829 -0.52011456671875289 -0.010825451099611952 -0.0081857584349758865 -0.015979001161092674 -0.029396188956734539 -0.018037076474484104
-0.49988402082532607 0.50296232435917365 -0.0070048556076823115 -0.0028926255871618112 -0.50604516975652791 0.48929855873144773 -0.0028363840908984857 0.00022411429560022998 -0.030370155894008113 0.0028779984825382842 -0.025571717913440907
-0.4917887457675052 0.48843449734490918 -0.0019441601016596357 -0.0042254389004863233 -0.51325232106768182 -0.50472796275063092 -0.0089190773692936192 -0.01470615195959302 -0.017150729188357854 -0.020953699248743254 -0.018618536816969955
-0.50142416036351223 -0.49208185391380649 -0.0027929122254383011 -0.0068480306314108851 0.49567413172508079 0.50880411581538754 -0.013796308412415968 -0.0063356033613126018 -0.01062112228580742 0.031819320488343635 -0.02107928005095602
-0.49749890269840563 -0.50478259007112436 0.0051888496883806716 0.0075132397319116881 0.49055406735810303 -0.50631223769938538 0.0072240266690224673 0.010480904081162904 0.0056783051074529092 0.020053700670039198 0.0037683717630149073
-0.49980794304796061 -0.49484997882152532 0.00084520094747316573 -0.00082862528726151995 -0.50577424953719963 0.49915325809940136 -0.0093334199967224172 0.0020360379695842762 -0.0037505660762222875 0.014853305522716454 0.0051580389235902037
-0.50692124547013473 -0.51023238004744875 0.0019720930687803884 0.0060252823412192029 -0.49522034021746952 -0.48670168842318734 -0.0029547119480434997 -0.0087148174393170148 -0.00023996027680397568 0.018263671731066557 -0.010656431529406074
0.50527000786250598 0.50724974602386563 0.00091331578136651537 -0.003435738404295252 -0.0049273161602283299 -0.00058754027978196995 0.49407009523899781 0.492311308897599 0.021312123928674549 0.0030498685145887131 -0.020578144203928186
0.50759605242132166 0.49791973605677392 0.018902378539619909 -0.012232057455715872 -0.021007182273260271 -0.013873050879163008 0.49537974809523716 -0.49497646736216672 -0.035216976426312392 0.010975406964613426 -0.038961578096239256
0.49960216544943697 0.50265085655170694 -0.0010840674731729544 -0.024388371713638092 -0.0053996016169727407 0.0062837224972575722 -0.49476465661993413 0.50210682526267714 -0.006418862684319143 -0.0092165062240381155 -0.0067608240733926109
0.50687291936823087 0.48899335837792413 0.013567228060326227 0.0038553929556617603 -0.0064763860285038223 -0.001806507411876272 -0.49773380932186645 -0.50325396408962542 0.012134395080306632 0.02179832211491339 -0.045774344248000212
0.50092181664141266 -0.48991341549555689 0.0017349332696284668 -0.0016130930448716317 0.0066884000956076326 -0.010198702469014394 0.49752562267619505 0.51058086926390345 -0.011989272104922391 0.0067520824159740898 -0.0222242232587745
0.50199239190517619 -0.49126323043286757 0.016927535752710655 -0.0061558195062764113 -0.012864794963239307 -0.012059449482297143 0.50733869584257896 -0.49742127673578268 -0.027758307949408745 -0.0013988454453704518 -0.020874596158211255
0.49331162434511411 -0.50421541893947619 0.013441358237935694 -0.016657452245586919 -0.0097868932354173398 0.00088143731161468425 -0.50303020497781137 0.49830426382318632 0.0023615454809974646 -0.0075018165474789213 0.021151145103412886
0.48858155231729894 -0.49644200549416118 3.5333241880798372e-05 -0.0061095679963291882 0.0059663381097329864 -0.0050677098331275905 -0.51006028463578745 -0.5034716499770725 -0.0062159577099760825 0.020516859971420266 -0.025100179411828266
-0.49368440904424582 0.49101953139522497 0.010481513973362269 0.006235360342034083 -0.010621711491025098 -0.013721008912723849 0.50865774886318293 0.50530865993001495 0.014951111821273306 -0.018678643435422918 -0.0091498970807739246
-0.49080131929292153 0.49353109685465146 0.00080295390593671412 -0.011138844432761044 -0.01014570507808586 -0.0083080763866265755 0.48881688450308158 -0.51949166713521044 -0.061336680420485894 -0.036147421289702941 -0.036906369824234814
-0.5065433284791242 0.52118854743567522 0.0011408484257247357 -0.020321388811395644 -0.0050130606499759487 -0.012282597620697121 -0.48203513776336765 0.48858897873971757 -0.0063361428453405227 0.0082748601884806428 0.00064562657133816032
-0.50055753496677535 0.48680044209143536 -0.0043298491533983212 0.0033721039966278206 -0.017291199182132622 -0.0088977284088091538 -0.50869041094817069 -0.50148366477781858 -0.023290471460123863 -0.017314853200806564 -0.031067016540210667
-0.49172495834676477 -0.50139540709546038 0.0078895072749041034 -0.0023356091032518539 -0.012638583131347482 0.0053145797993932034 0.49808299018689278 0.50760404012546856 0.019991813264800731 0.019546215287468346 0.0048248679381643362
-0.49953938684970067 -0.50395457320068948 0.010385080895479501 -0.020614090924935852 -0.011353202377693132 0.0097563287208704171 0.49157796881044746 -0.50237678399509933 -0.031074301516319298 -0.026947286209016048 -0.0031963050399633837
-0.49567987044728323 -0.49406672137333102 0.019193471515363155 -0.0027508730713893099 -0.022578178590646213 0.0081385804422885299 -0.50042198795970416 0.50835641082133465 -0.016556786082388184 0.0090405998988371556 -0.0065808437618983745
-0.49723369156571379 -0.49920829280360257 -0.0023650546675348248 -0.0059435081039532186 -0.012961229924390588 0.012077732922108337 -0.51257357989525021 -0.48958988702187561 0.0019921303279425932 0.018890493256603566 -0.020104747766271129
-0.016208758320855745 -0.0023051644619545629 0.50933566034854272 0.47670463699117011 0.49732957455536553 0.51292933249333073 -0.0067251174920084133 0.0067029330094323354 -0.029903094441310653 0.010613912574006767 -0.039135967676172452
-0.017712013531799416 0.0096243229936832167 0.50566695939265816 0.50940396853827363 0.48377752053499473 -0.50008758899860584 0.0019901155426129595 -0.011382802435741898 -0.0054613815915060112 -0.0059013391085364969 -0.008701305123511192
-0.0076940691917970526 -0.0026600623918282009 0.4969184070374012 0.49309025013225011 -0.51205784615827044 0.49643392938971065 0.025338081664383463 0.0016291807880522019 0.0047609637450219504 -0.015891520721421644 -0.017264514433454021
-0.0073716019227479312 0.0053431349565236297 0.50058398002468552 0.50036150767899068 -0.50223680671541815 -0.49668083545903535 -0.0029215412444553953 -0.0028294681697640907 0.004264823371348315 0.0015835138378578512 0.00050110873642427865
-0.0069549976509268455 -0.0085554267688646175 0.50537420913678477 -0.50870660721397742 0.49217090870735164 0.49192370506789657 -0.0077058578234385985 0.0067907510715179654 0.0041066574760346879 0.0054312355180816526 -0.03633093325743119
0.004051849100152413 0.013499242527387156 0.50086632556783561 -0.49633662043428917 0.49393662661010668 -0.50813962509116184 0.0057507134316595789 0.0074822852287918639 0.01325809230751891 -0.007836951249825615 -0.008872220105257983
-0.011666416876847118 -0.010065658503513488 0.49783661644224575 -0.50265758928227611 -0.50344396983304784 0.4946213612914806 -0.0019456610820237413 0.0081480617875711037 0.014895424153779436 0.025837011737309103 0.013816850261260389
-0.00052145952963443792 -1.6740291171224988e-05 0.50163335738099601 -0.49286083100602013 -0.50263747330952258 -0.50248315344327976 -0.0062999874237753281 -0.0079012375843733208 -0.0080754395592330577 -0.0082145898404741412 -0.0091292467343666549
0.025818245841534242 -0.0093469566557154455 -0.4995971870420618 0.51678818927533732 0.48584471983454153 0.49369372078552481 -0.0054165651481827516 0.0009330899320830259 -7.8583069814021077e-05 -0.021046449802033847 -0.048238158283304224
0.0069352987047307949 -0.0073277511922634113 -0.48873168689831326 0.51174683193484749 0.48479912927398988 -0.51330562267830482 0.0099689740550397993 -0.011061100799118387 0.014126197076473886 0.014731123527684175 -0.001892634065580723
0.010731424029394187 0.0014221937346340454 -0.50035639814601851 0.50856135050079487 -0.50499273765710251 0.48470520077346418 0.013259433578252218 0.019510133246507209 0.0030870536137992516 -0.0058009054290070177 -0.018308645205212644
0.00090876264418990739 -0.0073829035719380773 -0.48524106865237299 0.49506069582557399 -0.51222788487268367 -0.50661167707508714 0.0015848079549605984 0.0085569133170601726 -0.00038755063741950895 -0.00090481442676495192 -0.017064025630452541
-0.0036125204368207941 -0.013823138468382293 -0.50555832377640741 -0.49568421080656511 0.49630358232488125 0.49723414145625844 -0.006058386053223867 -0.0056631327672627676 -0.051020719563719355 -0.013864310625896476 -0.045614357936360039
0.0049424683686282792 0.0144811011112556 -0.48865989739516513 -0.49598417107572246 0.4938411518188679 -0.51800331107923892 -0.013121580199443527 0.012134886974481051 -0.016341517304692414 -0.037928922547960348 -0.027303538524930414
-0.010092818465528043 0.00053062100031282919 -0.50000942624934486 -0.49531870917859355 -0.51243210119366822 0.48963616402511712 0.0074400030626968908 0.0056479649458288502 -0.028027714332091662 0.020545634006450587 -0.03037503909839159
-0.0065680289461759493 0.0015333048438969325 -0.4934522294566141 -0.51134471383544156 -0.49984875954653701 -0.49483311661545681 -0.0082178966644860987 -0.0017233279178533545 -0.0071827698797196204 -0.0076421769914805839 0.0098435965110499277
0.0078864575960374498 -0.0029247627088669743 0.49995764226031431 0.49205302790713734 -0.0056627572331613236 0.0073639239318143476 0.49752257382316351 0.50952581540124997 -5.4234709414127297e-06 0.0049304099357483817 -0.024485751611302474
-0.00030299544284993681 0.007164592953358969 0.49342089736450961 0.4860011979889553 0.0094870266539783723 0.03010103715796162 0.50501027311044266 -0.51366799217524561 -0.016242541327073711 -0.0054183581407441558 -0.010382360041109293
-0.0042823985310176619 0.00081514884894067245 0.49784878246710768 0.50672760414809825 0.0087952492760729438 -0.012270491639782503 -0.48812316882093287 0.50662246357881469 0.0088044733504348081 0.0061842985691327465 -0.0089714752624682655
-0.011351289409745469 -0.0057296863783619281 0.4976281737262731 0.48942331619877705 -0.0070872081443368144 -0.022598057309213607 -0.51230661942307854 -0.49942991716045371 0.012431952752083031 -0.0080791888964887818 0.00054339865698513313
0.0071226487098689072 -0.00057670036892366525 0.50451451750211229 -0.49373974808908572 -0.0068094503777438344 -0.0091262060621035909 0.49819345126969555 0.50305182527911174 0.015177516620595133 0.00099257831466014021 -0.0040306078829937877
-0.0038502948106734643 -0.0097038297838270213 0.51207638296026636 -0.49882376886905477 0.018216206844438834 -0.0027397251435793773 0.49899283126205674 -0.48811080991137795 -0.033539031158752224 0.0060173434221756604 -0.0098598590834249565
0.002070162267882206 -0.0088310319720975982 0.51255834416085633 -0.50230925527000558 -0.0030542498719116152 -0.016237358287680363 -0.48776493622355294 0.49666211361685386 -0.0020641113967005578 -0.0044678830472420564 -0.0014114924421806941
-0.0083571302799420339 -0.020361206281930597 0.50490401759727355 -0.50161022403609989 0.0037439942862393149 -0.0090664587869047804 -0.4957756044259865 -0.49518661332809299 0.010302505203422841 0.014454814951597421 -0.039498890979549194
0.0048745254218559202 -0.0042895458603115534 -0.48545055929033654 0.50044842233230658 0.0072830039980612566 -0.016957943402350472 0.50132691158036569 0.51148307644144742 0.020404172948894069 0.011596226964302171 -0.0034559169700961235
-0.0079152402584700826 -0.0035693020052250065 -0.50909658448536943 0.50521675328944837 -0.023247638394401759 -0.014927780948213098 0.49255700366492977 -0.49051661560284349 0.00013598660827098314 -0.03325366130341019 -0.020328331377912724
-0.0045050584824879161 0.016472877293479068 -0.4998568534803991 0.49175399620614629 0.0056686495924911243 -0.0019594061664489977 -0.49960618421494973 0.50783389959753833 0.0012506339658877438 0.0052204976393269058 -0.021519353563531862
-0.023422780039513938 -0.0093072476972415087 -0.50861734584907647 0.49501578650770811 -0.011569571227184716 -0.025128618534615826 -0.49185075573934661 -0.50143243943883331 0.032110239293974219 0.011155270292689135 -0.018974928498279642
-0.0033636221259158009 -0.024345659119388172 -0.49718372283426576 -0.50152623065391122 -0.014020103162765097 0.0021373357560133047 0.497658915281042 0.50129002934032463 0.015386702850922836 -0.031437323111688079 -0.017131367790395258
0.005718243546356974 -0.014509887213776343 -0.49575038414293759 -0.50032980478193612 0.0024917858202957548 0.018510058153833189 0.50163333430908219 -0.49585137538810237 -0.059308285930816128 -0.042917155978178925 -0.021110022778955802
-0.0026380484325144887 0.029323250740802852 -0.51501067871808615 -0.50535121317319531 -0.0011514404943219197 0.0050417924299087152 -0.48526213700793003 0.49222599524106564 -0.011107319440518727 0.018407908809250237 -0.016204896624585807
-0.0052790898728542167 -0.0022866589087510106 -0.49465803950526277 -0.49334761001063798 -3.9149178060994281e-05 0.00088114871336609038 -0.50132148975581781 -0.50694913333838354 -0.045202565343613728 -0.0066669400348206192 -0.038461723939976843
-0.003126897734499061 0.0063506752888061926 0.018075925926934917 -0.012367023996853141 0.49190860931044367 0.49451780329790074 0.50056869070665155 0.51025353098104187 0.0050655806820678962 -0.024096199589278888 -0.03760723898770045
-0.0086104407800303012 0.0070030523882134875 0.0039543564673910989 -0.0050874722489821439 0.50093981363105611 0.52741848727447804 0.47568482637112774 -0.49134707624134322 -0.045192989237105026 -0.030448635466605378 0.0075373476529026475
-0.012498439117237544 0.01337449421177527 -0.0055445158844610693 -0.0094368110226451755 0.50391056965826198 0.5097033821913034 -0.48666536475084143 0.49707128044478432 -0.01638770447013924 0.0044238919360841279 -0.040131708987081037
-0.023888442052078285 0.013835521471437707 -0.0011187492398996523 -0.0025384389201224653 0.49236514298726192 0.5002087203086617 -0.50989811041647581 -0.49629987143832821 0.014085166170838331 -0.007187543489943206 0.0061910762194684072
-0.0064595708125168346 -0.0024110620715315175 0.0076964099702577417 -0.0094106575468573851 0.48612055186227221 -0.50682792199974658 0.5012205265890527 0.50442962817231796 0.023506391563229853 0.017655243453595995 0.0090226350502325796
0.0085707967400025422 0.0090123864827304709 0.006984884572668144 -0.001608117317150545 0.48996827973574941 -0.52718672458373028 0.48392188996012991 -0.49637469345657975 -0.01205330518042344 -0.031200163439135207 -0.01059347458098722
-0.0039813075805101503 0.028362426066888838 0.0044137593638568602 -0.0081102139943394925 0.49028235968132766 -0.49364947597518616 -0.49512373064129539 0.51915764666687747 -0.0090346615154525516 -0.0034445070520125517 -0.016192816776349955
-0.0073944726684091397 -0.0072697848169248859 -0.00064152296682303228 -0.016746494609530045 0.48491365300303146 -0.51062542011088974 -0.50462492581647711 -0.49858598057607861 0.011940658517422429 -0.018707931646485352 -0.0022766252362614982
0.0054265806008556173 -0.0013535648048590963 0.0059516431576271019 -0.0070455694274720194 -0.50841121395828837 0.48337514050947 0.50001392764803732 0.50743046275462877 0.0052992253375912035 -0.0065210678200753472 -0.013414937617897181
-0.010466723855508068 0.0093169555385677373 -0.024012889253133624 0.014353251747269449 -0.51285828673445533 0.49084419263661844 0.50549770628571744 -0.48756075781137564 -0.032848168522959402 0.010861111166123266 -0.025079356034927568
0.0011354725082330739 0.016689885466522683 -0.014896773652694999 0.0014198082467044106 -0.51770666189480619 0.49494704555364927 -0.48567216856045103 0.50059446404916741 0.0023625277578861606 -0.0024948726138637424 -0.0044027666734316176
-0.0020662080793189112 0.015703456874206559 -0.00428978832327507 -0.012990236138880985 -0.50883529701307728 0.49785756764106903 -0.49176827733220496 -0.49981822609217341 0.010569796191258064 0.027722795820539485 -0.015871195287654981
0.01496238388759662 0.0016607565812296525 0.010541598035148994 -0.0066195285762388296 -0.50433904872059132 -0.50285048831511558 0.49298577861667314 0.49916331117777046 0.01070508104197449 -0.0065609090056598044 -0.0067307067824711507
-0.0025377516660954683 -0.0046302516700755395 -0.013197337671839109 -0.00528487124087178 -0.50875304129301224 -0.49834329365097524 0.50511821706537074 -0.48617453615969924 0.028156808138061758 0.016165415268743086 -0.0054869237075324921
0.007162015037943688 0.0031775031821570038 0.0060369747672666344 0.0098165386130731318 -0.49517374761337546 -0.49018647825960671 -0.50803894734046162 0.5055843051605764 -0.015699856004568562 -0.015380607654595936 -0.011129488555823288
0.0035593560631905614 -0.00879021824633585 -0.0044693137325682733 -0.012720234095939302 -0.50111403516896247 -0.49593562020943649 -0.50316888923488945 -0.49936537367324202 0.0010465738272156309 -0.010440926187640743 -0.0024601863633029204
0.49817723246453971 0.0044127790033086462 0.49393877625392146 -0.010285039418861873 0.49901621975243865 0.0021653501566817166 -0.0004931898795658648 0.0057905792389815729 0.50839161001633848 -0.011966335372008419 -0.0076028306330801427
0.51172214679455175 -0.0024661158535849866 0.50901026094320023 0.0056489552210030767 0.49772846034124435 -0.038907413658071592 0.038409896415170085 0.02351615053583591 -0.47649411906309658 0.024470026383585787 0.0094785056424752205
0.50613703031337831 -0.0010409686482542957 0.50624807508201897 -0.0016809069166988893 -0.5197195733796347 -0.0036995979499769094 0.018854621748182525 0.0014157937621730508 0.46451264134679437 -0.019232301770884648 0.030212337595565908
0.48970238293819224 -0.0075864240373069809 0.49179384810713744 0.0099385978716827767 -0.49666705881410389 0.0092281572379026375 0.020304470977269996 0.0020474170289632157 -0.51440704651066649 0.020832650268757431 -0.0771080999573759
0.50089157760484515 0.0033608606987381496 -0.49191847932749039 -0.00713923500250157 0.49637540242760025 0.0071046286871514997 -0.0018898317608307326 0.015034196463535668 0.5097930897534162 -0.011081837789794064 0.019523248170698854
0.49639470705599992 0.0072087496972083071 -0.5162462480933756 0.017953334440788889 0.50135865768663501 -0.023135818131124326 0.028229385941240234 -0.015405020727356495 -0.48212989375242082 0.0054572630835248593 -0.036039132402250686
0.4932285142172021 -0.001988510394517572 -0.50947904963409796 -0.022460721133172171 -0.51800695196044866 0.0037661743646770838 0.018576597356899229 0.0082090630683302052 0.47580951789729131 -0.020946431231154018 0.032511186415179354
0.49383827049146695 0.0070343588597061978 -0.49338236718255252 0.021472825515954069 -0.5044424390390817 -0.0072316006256717335 0.0050246214560042976 0.0012328236511165165 -0.50559414628674193 0.011087171564305888 -0.043559554086082877
-0.48670347669283687 0.0031427116386445421 0.51474145268711169 0.01253325822588184 0.48782640707822417 -0.010974349821725347 -0.0069399296887847671 0.013848382347009447 0.50888249501331928 0.0061443699588788186 0.02568805821235683
-0.507702711168879 0.0091806272715845762 0.4909564195921296 0.00061370655277732792 0.49165437048359178 -0.013913230483972371 0.0042370848586686738 0.010634100254990207 -0.50258264452398649 0.064009627446499198 -0.048784307140726207
-0.4903199585252731 0.0020234570225044165 0.4983294516413046 -0.0041837795826797884 -0.50169659519238685 -0.017112327806794912 -0.0026343803382922718 0.011776919241323449 0.5085602010931044 -0.0041299292562260838 0.021071826689404792
-0.49987111980889071 -0.0073466842003464695 0.50339478882561095 0.003448743228383626 -0.50950462295936194 -0.0050099760163853681 0.024335796511876197 0.0031608860485429092 -0.48472101220538921 0.017394294404566732 -0.034312950110031534
-0.49038737796115195 -0.0013251977927673133 -0.48761955806414264 0.0034049621316077096 0.50720597173906135 0.02657976500880857 -0.015179449861998259 0.011911244835767703 0.51297533383097971 -0.01167434685560838 0.01083409398885145
-0.50478975071573173 -0.019298977278087132 -0.51857846027509502 0.03182829560857698 0.49627952877337028 -0.026600752365548232 -0.037332339024642718 0.044843427773618667 -0.47235750469824289 0.036576841954429916 0.0036210932263784743
-0.49108626505960734 0.0039051637450754533 -0.48769696630978293 -0.0090759271640683051 -0.51290390601335478 -0.016379288621210106 -0.0047979629765988368 0.0019860970052899408 0.5074508025056047 -0.0012304635669622332 0.0038513154339633441
-0.50254010894348156 -0.016268726826028247 -0.50529957731183017 0.028692476431785449 -0.49548685453376418 0.00051534586022411412 0.018842999830886036 0.0075771258016467287 -0.49219885427114685 0.031147553607928976 -0.043451168896619416
0.49628234675306526 0.00085277106041395606 0.020933114034048159 0.50278946028137783 -0.012256157422531914 0.0026744361392114497 0.50555774239957063 -0.012422393467052158 0.49404674798714326 -0.016590789378194613 0.014488346962095769
0.50074671387416847 0.002213044150151249 -0.0051489352906084326 0.49900474690761665 -0.0010804982004221034 -0.0088057813586880345 0.50737837854246282 0.010960546180661078 -0.49171076649044482 0.0055098482200456357 -0.027822362447598822
0.5094415487843188 -0.015769969314119392 -0.0057358402336675435 0.51522576778637386 0.024012816440672023 0.015691849998576098 -0.51840273808442761 0.0016133551363862447 0.4521805268052006 -0.013308114719234942 0.022780227579936259
0.4790750796734759 0.016383709739292675 0.006471875970891822 0.47525968489501608 0.0065140907746175951 0.0076273603523524082 -0.48686820098194056 -0.0033456874406445833 -0.53569550118904841 0.11640005203781717 -0.08144874437915213
0.49953642125513104 0.0050521158322012422 0.0092648792925702269 -0.48627019521394549 -0.011411862973988184 -0.0039847346141929632 0.49781374605646589 0.0014493949183807904 0.51285253196348446 -0.046847408387865268 0.026723861521488711
0.48751637316663021 0.0099803232693961453 0.011128830282637055 -0.49778371999546261 0.0007458733050237082 0.0094258757289634419 0.50416997042523548 0.030007854018273095 -0.50512950728184058 0.04076669238136444 -0.048173852968089216
0.49600330565514672 0.0056123783766977384 0.00022697968854437235 -0.50901885306500838 0.0048160936896166091 0.0025861612082918395 -0.48713768783373174 0.0056249539546909628 0.50623704916369061 -0.032714212042094244 -0.011754066276115301
0.50552402825695575 -0.0083096084272526755 0.016482941538135454 -0.50711994506628877 -0.0098359457547160471 -0.011432296086034877 -0.50191655247458566 0.0023264413259963105 -0.48139112707963444 0.0090178443795117334 -0.05442665954017202
-0.48807340913045771 -0.0032721067523612886 0.0092979257744487918 0.49103965104889469 -0.0050973126642164333 0.0057820346104842145 0.48736059539698456 0.0068351272858138794 0.53099556821810601 0.019866002514200662 0.024286114072297572
-0.51049854830758468 -0.012889071021530453 -0.0025389545936032425 0.51248247646565837 -0.013680462953536381 0.019446385644230308 0.51979168328994485 0.014136946769755278 -0.45267113038017343 0.0080885176159114364 -0.025597429358214938
-0.49238730015392801 -0.0011678677405061102 0.0037479440460356991 0.48694331201230928 0.00081651149888970138 0.0066371043708233031 -0.50562633950307767 0.003715809940385709 0.5143536345683587 -0.0013670098491030001 0.012144798726905645
-0.49604228998037309 -0.0040898139195024285 -0.0090176149468306835 0.50627470578737743 -0.017509168506692464 -0.02427280105193326 -0.50775840408790429 0.0093843641791745338 -0.48848640715439706 0.0080087277333059283 -0.0066642414079308033
-0.49398835436715194 0.0092915400661402955 0.01936255086664283 -0.49605421648691073 -0.0073770353229871462 -0.0017460490173236063 0.50362249853161545 0.0076809206449153442 0.50504962807745668 0.017005541836961246 0.018112889926026714
-0.49858762738744961 -0.0031776586977380001 0.0072772641428779814 -0.49890002617457269 -0.019849849717668417 -0.016343093050956863 0.51816482543817999 0.031768751130780815 -0.48005005239715987 0.042699212954732398 0.0031075590766758737
-0.48967491550928599 -0.0027091630190011259 0.00030485109301936112 -0.49902543025308138 0.0019288323884887712 -0.0095511112733882401 -0.50044025231127698 0.010239839366298851 0.51000481698654854 -0.018248942186287444 0.010319049291731167
-0.4958649247077373 -0.014174550244585828 0.020718250545651854 -0.50582425609085602 0.003694714378278321 0.0031824597033066949 -0.49833852983547711 0.0023560645337287029 -0.49878175287841903 0.015846378812137411 -0.014988981476918347
0.49925669949628493 -0.0022014161933616235 0.0074679899648796575 0.0017876048497611507 -0.0045782426763600901 0.49584318424698143 0.011233937344571248 0.49799679672136843 0.50627051716251248 -0.013190014586277084 0.013663373435062213
0.49747984932286426 0.00093610924816360812 0.019995484816239372 0.01907833471747087 -0.0074233897685770343 0.50615896003462113 0.0055559081069147965 0.51211029444709499 -0.48276667379882598 0.011962553548098278 0.0015923560551136158
0.51250930767552161 -0.0056856514050374566 0.0059394130954421925 0.010354689637169862 -0.016686084204329252 0.48605371809303038 -0.013940276685852696 -0.48767863391765648 0.51170036802192409 -0.01989242408309087 0.019364605520917965
0.49254307908787692 0.0021348961798643429 -0.00064994399663530363 7.2956299397163729e-05 -0.030157264844254211 0.48631571831420201 0.0034495413059989128 -0.50911164214578775 -0.50509766436258641 -0.045046662109964782 0.060203616115459241
0.50883889773854407 0.0048470871115595402 -0.011531750642103532 -0.019068540037951363 0.0020394428453942015 -0.50209923289260716 -0.013291496648593408 0.50985786406686029 0.47496906470440503 -0.037798949616140221 0.036041836135250659
0.48985397598928287 0.019269066360872028 -0.0057034311145086778 -0.0085251408234482302 -0.011516785831676618 -0.50411035180471275 0.0034877580184791866 0.4972825156981 -0.50257257153170043 0.051181678888873428 -0.052970521982264471
0.49574962526374566 -0.0048204905872286444 0.0071317022769404386 -7.0567625086543633e-05 -0.0073037822162363595 -0.50593689523625984 -0.0036351745380999623 -0.50995504118433888 0.48594010165358303 -0.032307975547382364 0.029728309166869676
0.49478953741076009 -0.010899834052081767 -0.001034871732505366 -0.0041294767620666658 -0.0065123905934431755 -0.50903316504444562 -0.016713802254714149 -0.49714615411655089 -0.49453643347991838 0.02960903085223077 -0.054886983124520165
-0.48759253086276899 0.00015320829588283825 0.0079963546428169965 0.0024627608007729809 -0.0090504714935325647 0.49637678737149243 -0.0054586614117882242 0.50519176206249616 0.51024081951740452 -0.0096987647096280979 -0.0048367387070048463
-0.50374185264940174 -0.0025309907082816398 -0.0074569970774821422 -0.010869331043291736 -0.0069019616187114821 0.49902322737267341 0.019470000806497058 0.51147444308060053 -0.4841393843637179 0.014939718239523107 -0.019820362051294095
-0.50862196357488221 0.0017159894107022882 -0.00065284650829442402 -0.014715979725925598 -0.01773572652792061 0.47639100583510224 -0.0045613525803714161 -0.49497500314747672 0.5182271397269671 -0.0073496310532326732 0.013651950089401744
-0.5005000463091408 -0.0073767937314406619 0.037031802040000984 0.031226003642722874 -0.017621627281871662 0.49839151690838157 -0.021480872084369634 -0.49873501975687701 -0.49452717347386083 0.065707993746989227 0.017931242984516628
-0.48381955635007623 0.0080974393683155427 -0.0061770987341441506 0.0078096530208613419 0.001525596912036702 -0.496500603212783 -0.0089020234796707547 0.49607869414452921 0.52126460327066038 -0.0062542654539907549 0.036187365720053252
-0.50991724657895621 -0.0064233544423197746 0.013574419416081335 -0.0110729283494917 -0.012629155839287939 -0.51355200997479489 0.012583146722394481 0.51122369445595006 -0.46284351936574458 0.0027460453769068065 -0.0011997871704014925
-0.490561864136979 0.015674996675981143 0.0039200833561435682 -0.003480011880700129 -0.017703385830738296 -0.50926300308424832 -0.0047026916439585958 -0.48968229573485061 0.50820842680795553 -0.0084888788504667127 0.035424934856470656
-0.50295586889711685 -0.026842356836267563 -0.003068621856214121 -0.0040534523778651462 0.0076631469899005912 -0.50110140029247308 -0.023053368211895967 -0.48980468309196556 -0.50244540168627261 -0.0038612502630296212 -0.047130896599476849
0.014178633390231558 0.48558905332398178 0.50179890392676718 0.0033582857682204537 -0.010049752462875832 -0.0091343613448621932 0.0017045358701819845 0.5041432271921753 0.50756206959317773 -0.011159849147873175 0.0098635597513170043
0.0025156978524342455 0.50243274150980932 0.50633697675232958 -0.0014364931692311717 -0.0089407307414044387 -0.01677285660018725 0.0068709819878822543 0.50756286039879683 -0.48155834769464956 0.02851097450914282 -0.020879728151222982
0.024534628647387327 0.50074545446301966 0.49772687170242147 0.0019478650052277664 -0.014551195778221551 0.00076081301176551331 -0.0013906104303638648 -0.48179138353873086 0.51819146097691426 -9.0096598256319551e-05 0.0075248460228008029
0.014092821302011659 0.48484907896923723 0.52031941784739622 -0.0024555989192904049 0.015980096020226767 0.0111005328940192 -0.0071379863238718857 -0.48487103789912556 -0.50706778796734508 -0.0061351156836166702 -0.036049905343794368
0.010372572204900938 0.49296464133523721 -0.49355223276747817 -0.0086434945466627132 -0.010140402784868392 0.0069438189704759063 0.0027734572500227174 0.50021179292722762 0.51264008994745225 0.0021223072025286279 -0.0059004595597873556
0.016759669490649956 0.50925216641309856 -0.51115203494904071 0.023241614232935349 0.020564407742383096 -0.0051967949986158916 0.025343042454277962 0.49357708900861663 -0.4820828680881093 0.015282014716781558 -0.034882992997432069
0.0055082413106931861 0.49808031806162767 -0.48808243856145178 -0.0043203363210557229 -0.019764486080282879 -0.00022681968662029709 -0.0031174276392836246 -0.48568739162372188 0.52635680592546219 -0.016152486535665356 -0.006122649704352179
0.029176389549695442 0.50421582245509633 -0.49496212142399038 0.03466687321396713 -0.0077919947534713513 -0.015337279944314764 -0.020218730287987197 -0.50480161472265106 -0.48930807214580851 0.059504235458316387 0.015273860412352042
0.0074513725903296449 -0.50053670827594077 0.4963989177125297 0.0023122840776281317 -0.0064410313651251929 0.0027067338920222402 -0.0011983461167236597 0.49843718623646222 0.50350440603535307 -0.016921570320064874 0.026407274787886202
-0.0088752431295581399 -0.49920306253458585 0.5023285625248548 -0.010513053604074776 -0.015567769690679505 -0.0063823596422184267 0.020744520846665393 0.50009735979800518 -0.49492100827611774 0.034667821527025543 -0.036243160993432555
-0.0038184864756463082 -0.48511381321559333 0.49731817046692045 -0.005629687005816798 -0.0075999925925531002 -0.0053134541444523602 0.0057652494386149517 -0.50075811248479696 0.51519768207896721 -0.030903506692438649 0.0055995524736660706
0.0077196956765047215 -0.50014199415551497 0.49461194994671792 -1.7293859988621452e-05 -0.0046792405084209246 -0.0084253432075320125 -0.012431326836376754 -0.49760888581025531 -0.50706830881008891 0.0085214371118535973 -0.010222677610233724
0.012411132812183095 -0.49939562099269508 -0.48964533644865665 0.0018669895498160322 -0.0086830567275742714 -0.012103702916327829 0.001266648758974935 0.49001356601273494 0.51878169111980199 -0.021906518451964143 0.027254419713454284
0.0027415137104594774 -0.50558364626306207 -0.51190698487357311 -0.0011856046280186254 -0.007436162557279532 -0.0071312391672828631 -0.010178931172308623 0.51504187429994996 -0.46482037301116164 0.0098404755163124611 -0.02635878944029248
0.0010848381612232943 -0.48671102328510152 -0.48693782688521681 -0.0046203415928214569 -0.021702650147192904 -0.0098690687457378499 0.0034100273079819554 -0.49483168640743652 0.52843972829172403 0.025611504028453688 0.025268218274794654
-0.00069257533980228404 -0.50232183980845413 -0.49306081461848766 0.030732050916080077 -0.011604931277072232 0.0011125486479654409 -0.0074051504631217875 -0.50462003300623193 -0.49683138520312825 -0.0093385335710443051 -0.043105730871254265
0.01102008551729142 0.48388541547446484 0.0020985712583360527 0.50808933696333514 -0.0098700150811159484 0.49479673021669413 -0.0080877093631259982 0.0068199710532742975 0.51237265651952602 -0.0034492488682700958 0.0018716633654340669
0.012207523699361688 0.4953184332156001 -0.013061908028416945 0.49067986449158862 0.0081884311090041559 0.50770721414563558 0.02041851739879531 -0.0045927043018687223 -0.50408878845980143 -0.0027858772452432827 -0.034472321870336053
-0.02039761279384044 0.5220968364720423 0.00030847219916931598 0.50190365537733528 -0.0023141190797232032 -0.48905659594626155 0.0067334110863774034 -0.0015977184181370464 0.48417008053591504 -0.023594771307875965 0.029740132280842716
-0.0061173831106910029 0.48625897248976696 0.00014702834568219411 0.50188920283589511 -0.015437805542137799 -0.51164717904914581 -0.0042912429682588705 0.0010566965727973408 -0.49794368364600222 0.011713765852643339 -0.038680464324030911
-0.00040483544409174638 0.49011073322496063 0.0081787450584308134 -0.49383310389519813 0.0012519843082978582 0.49850797221934229 0.0068375166168576839 0.0065512346726324111 0.5169633818850411 0.00082214394305107148 0.00016923831085120707
0.0088732333733987662 0.49004477037088545 0.029568164440626713 -0.51094690515998409 -0.0055164536386138876 0.50595276702093483 -0.0015544479405134569 0.051830451014497139 -0.48684126428840463 0.010320498722679351 0.044810685502716344
0.0082945346236584783 0.50101603327449729 0.005890885261271051 -0.49113693249060975 -0.015910921470345191 -0.49598738809007431 0.0023902161211098272 0.0095286498891865579 0.51020776111337518 -0.030010863603760735 0.0099085724998826709
0.0050219725367813394 0.49770437316345156 0.02022494106434751 -0.4985169592535465 0.0072350637121580607 -0.49620652028097001 0.010666501074428104 -0.019486842465395778 -0.5017590792434935 0.030059440254047342 -0.062485342913214469
0.00744568663589577 -0.50204146832489327 0.0074413948259706986 0.48998637449607141 -0.0054530973317342213 0.5051576042640783 -0.0018080449133952581 0.0057781959143212314 0.5023209805664931 -0.01341241989624902 -0.00021393555745384586
0.019701725345679356 -0.4973658750024566 0.01727497689915242 0.49029926552217212 -0.016814400491447258 0.49981227556954011 0.017264800027915948 -0.0062095386539225954 -0.5057292648222137 0.041343413994289153 -0.060367210143333121
-0.0076339034543824666 -0.49762812900907277 0.014945046385210244 0.4968608920464383 -0.012054902617584217 -0.50720629492530955 0.0064347397599737082 -0.016590465065214079 0.49745928675304057 -0.0040408096138388402 -0.0034062391758319659
0.0054262237723036446 -0.50408801252938384 0.0078019227398364172 0.50021221532031368 0.010959105758431372 -0.50291956687205852 -0.0060483090486913712 -0.013173850176856712 -0.48437503788757785 0.05997353864040663 -0.06417455560715328
0.0061174274422752502 -0.51194747425101605 -0.0021772847984426447 -0.4960054692409242 -0.012492202582288657 0.48751685700113767 -0.0088625331078907073 0.00043535483482920223 0.50375290583549936 -0.013100862351049127 -0.00031122161771969921
0.01609913029191596 -0.50150296145963946 0.0023375290327497301 -0.50779885395017799 -0.020872740689518717 0.48195860121953304 -0.0097027174177706753 0.016286033490110947 -0.49999501901981291 0.067636215290246007 -0.052169326879302522
-0.0024268408968533342 -0.48461012185445207 0.0096725447806162382 -0.49616513223438702 -0.0083001978377947976 -0.49783067175559226 0.013440037112763816 0.00016749969983613879 0.52031181034986096 -0.0018316180131036695 0.0078150610468627514
-0.0065994111227030694 -0.50203354172770731 0.013533769404994895 -0.49465561813352316 0.0020814420085396501 -0.51777580350124619 -0.0029287938087586051 0.01660321043349822 -0.4843354810557588 -0.0094415460659488092 -0.0010328427299138498
0.0069287333000627258 0.4989941304538647 0.011341211180449184 0.0050109134899880871 0.48353126008417185 0.0031802354891363916 0.50181837718548372 0.0020550976379932521 0.51413708363559818 -0.012498374140087738 0.025912689810463321
0.0084685237341332823 0.5148367930340666 0.032508001946978386 0.027228014991543266 0.49124844005011292 -0.043312350679355391 0.511026136337426 0.016417587260745929 -0.47508151814031457 0.052432536155413399 -0.001834982980990573
0.011496390268807185 0.49963116498518856 -0.00026450245381501748 0.0034408427350483559 0.48471721986130989 0.0080108900641273368 -0.49634776233556427 0.00086951269290665547 0.51848097632793544 -0.0025821074602548591 0.004314825095833699
0.014592349264141071 0.51314622263556686 0.0016831591451221155 -0.017875014404378078 0.49766090015841913 -0.023577557892686365 -0.50761770316744093 -0.022776639708068838 -0.47808287080858192 0.021293771348352114 0.026687668430881179
0.0042244180943675717 0.49118029393063556 0.0048532524411465721 0.0079236170880491851 -0.50609773893771337 -0.0031820593227357055 0.49219856500908099 0.012145087508500994 0.5098909656815972 -0.0061687984564761768 0.0076750904794304345
0.00068674471031302182 0.49792312683448214 -0.00129481783336338 -0.00035250956277525753 -0.49686162220374747 -0.0066078193852821465 0.50274001622233222 0.030034961148744741 -0.49754517781949403 -0.0035749742661963812 -0.06278172678431243
-0.015638893602799554 0.50340990272692787 0.0064828138338733857 -0.0019697163312533527 -0.50446042145998782 -0.0053175759624637907 -0.50488433202585103 0.0010733403295416916 0.48412577739226115 -0.030772940674461645 0.039310453494482867
0.010807780904319723 0.50016692017594377 -0.0098554593947341243 -0.027394915896552428 -0.49549249575957877 -0.0041103307876356535 -0.50323997561785705 0.002220202799840326 -0.49989517961206092 -0.010198397421344393 -0.0091828042483073358
0.015771937344206313 -0.49811990217305985 -0.00034209834615652937 0.01075294168132394 0.4869001647624826 -0.0062267452596193084 0.49110373579223188 -0.0072953559404083709 0.52238973594343552 -0.0071166146959348309 0.014957924722505574
0.00076933235414919517 -0.49521730180794116 -0.022399044606390001 -0.0069817209693028041 0.51695014103661741 -0.017022996667431154 0.52208582815331095 0.0023059923988107967 -0.46082865375702475 0.039818532295398765 -0.012411549474496651
0.0062296021119722716 -0.50003455629077598 0.0047453379518755398 0.0024414427553052813 0.49106795696100536 0.0084809002108604103 -0.49921679716497291 0.013358533396464072 0.50880374433813202 -0.0044677830640230225 0.01952996034808371
-0.0031045359540273674 -0.50610542406778858 -0.016715342947918932 -0.00084975201619861662 0.4974266767592479 -0.034762257029210576 -0.51648127003496114 0.013772173242241214 -0.47375388349434039 0.059462635369430986 -0.0021682638254069062
0.0074068806022669405 -0.49642683422513667 0.0096015262517327189 0.0042333967737677629 -0.49910265195951381 0.010643645570198987 0.49806808232809158 0.0048022292482446391 0.50458081080676287 -0.027181326475657217 0.027261435383709343
-0.0015505346304472095 -0.499939467320973 -0.0063936711426719915 -0.010893343486206864 -0.50905672721255224 -0.01398501541690529 0.5041920801283023 0.014769677912123714 -0.48553850018467659 0.017288203019913368 -0.009483382447819072
0.0076581603232388825 -0.49247195686738821 0.0047494241169676581 0.008465039024223877 -0.50996557850659463 -0.0022518783029494478 -0.48806224161950029 0.0029000046217209038 0.50764633031838569 -0.025418516573463508 0.026162736002009485
-0.0056405157397230454 -0.47925554558263711 -0.0029332772645374251 -0.0046191236310248619 -0.50219819528110166 -0.028352876506984925 -0.48441587847474565 -0.002199927633838823 -0.52130343443491911 0.080842739871277811 -0.065490845913325879
0.0048266911450398622 -0.00075067893599261432 0.5127519597110296 -0.00040297089527865026 -0.0034607080236539575 0.48789545478966728 0.49331556337878185 0.0060856825720956966 0.50519506917555135 -0.018079847303465079 0.0078252319032795815
-0.015510218579391418 0.012170788784457001 0.49250961132024423 -0.0012008088568107264 -0.013491830784940831 0.49998923753402685 0.51014439526885991 0.018796225590800936 -0.4940195760763631 0.033554804102538804 -0.033030442651402876
0.011046373808139462 0.0023320663192141905 0.49949432511195374 -0.00049628718766397473 -0.022091715198163536 0.49155090097162302 -0.49249110915989686 0.010189894822018186 0.51536835400815373 -0.00193361727795143 0.0027882071413451322
-0.024264353676725098 -0.0051492477436925806 0.52111055456508892 0.010837211691488638 -0.053739989240239018 0.47927355613690442 -0.52394754764353391 0.006476432510653476 -0.46817403685822412 0.031796041271368182 0.018948593823661253
0.0012424744541512441 0.005619297173616972 0.50219853436108786 0.007819809024125584 -0.0030556533702177507 -0.49812174029231826 0.49808308052577099 -0.0046858586647334985 0.50059198350585532 -0.02161961470112405 0.019982572204816161
-0.010912180264177382 -0.0078531659234431263 0.49830874062350788 0.0061817922274228585 -0.010881110694992964 -0.51767249711176133 0.49519180628783965 0.0072385509330526402 -0.48687832914642143 -0.0045517137750487862 -0.032057395544922783
-0.0003204067996117063 0.0019630821578995486 0.49764162065720913 -0.012128965738856214 -0.0071579841789725339 -0.50803211537305037 -0.49923223571017084 0.0033185854084810474 0.49438683526493393 -0.01435853627191647 0.013621072326926007
-0.0002398953742790738 0.0023369379349141911 0.49851490317153269 -0.014132060786568187 0.019379063003482671 -0.49892375274767409 -0.50178368889638869 -0.0064402557292858554 -0.49241384870626603 0.0610353687137275 -0.062866018152261047
0.0059046436219705525 -0.00028442719146698703 -0.49358645783873484 -0.0085286906220505328 0.010481682173436256 0.49708108215941016 0.50129427449472619 0.010450349182360333 0.5073211194135343 -0.016758856392191504 0.0021259227636232147
0.028041074858836144 -0.026320535920568475 -0.51018384062440103 0.013730540745332217 -0.0090083676213316716 0.49487605472426111 0.50582831441434184 0.044774656982471954 -0.48200052182123665 0.053535273492629647 -0.001950944518357572
0.016962841358832557 -0.0071708414799563861 -0.48922081601793005 0.0033125963503890269 -0.012515498337169268 0.49223923916482448 -0.49542628624521617 0.011906952784902234 0.52169700008109854 -0.0098695527122017544 0.0016143301323038703
-0.0031197097078240824 -0.011663031707712598 -0.52087107881758776 0.020721418480488727 -0.024399617894620147 0.49150216096661636 -0.48799853657300207 0.002433691667367436 -0.49776188204386779 0.0029773677195079618 0.0049210867815212061
0.022407674997285021 0.010326347912852776 -0.48394097796348085 0.01232621312253324 0.0017781700614729909 -0.50114118864875246 0.48652988711174122 0.0048180453069484527 0.52537968418195302 0.027771342608407888 0.019110192929656933
0.01008757556040075 0.015513186955329571 -0.50573154208989834 0.00490625478938713 -0.0025250486025713299 -0.51897827931551799 0.51226213203914139 0.017739172501409009 -0.45861943844571473 0.02121503630392273 -0.031862993101948504
0.014687411986731203 0.012078900710515122 -0.50451071053171204 -0.019967481359293396 0.006515041509377849 -0.49291788918119028 -0.49782377246018411 0.010832110619918215 0.50312785318222797 -0.013143100412746352 0.021021672383837925
0.012066438480052561 0.00048980584008034736 -0.50259749030650513 0.021088220501910043 -0.0032050941205234236 -0.50968041043355994 -0.50515159893440331 -0.0016191894750952601 -0.48143427733880123 0.0069717141113798458 -0.0035340576314756423
0.010718484318734971 -0.0041986854118939839 0.0060088082206045711 0.49529144502678735 0.49203379928468816 0.0023534137127281416 0.0012069756013184296 0.49646661117378266 0.51556138971597831 0.0018445934693255923 0.011289984752782138
-0.00076758862480081681 0.019966616654361214 0.0015194728615781628 0.50048770813200538 0.51184213468142736 0.00050439703172871185 0.011813550282235571 0.51496913125282351 -0.46791779981340126 0.026090660759281958 -0.04655436512123768
0.0095653457212537193 0.006897319273819787 0.016833844336225132 0.50095550511267228 0.48342562714346449 -0.0099429134669051615 -0.0052978286477408931 -0.48946445625044654 0.52415346732342516 0.0058535429691171856 0.021149326929959029
0.00030312525992915097 0.0022092773032085533 0.0042521711311426158 0.48565385179623671 0.50134330414140971 -0.016358126489921829 0.0098999937274975545 -0.50104277557176746 -0.50927213301332097 0.0021758940981113323 -0.044719937028237865
-0.0011171272863582393 0.001284078174437676 0.0057767571352444159 0.50032554849623989 -0.5038445348587165 -0.0072836813261595587 -1.5125051746919453e-05 0.50860306646034847 0.48523083902796582 -0.031445764242297815 0.024714930182884547
-0.00080734395624148863 0.01360017793514782 0.0085256881607516412 0.50532226292637994 -0.4916310358286452 0.0073802288881721616 -0.0036472258540616062 0.50297795107762966 -0.49471264070354526 0.041566529557255365 -0.05627671491689977
-0.0016308838916056529 0.010395046354495476 0.0050382414514944214 0.50268198690873933 -0.50166568646503995 -0.0078157036935235218 0.0042549643130082408 -0.49532639801437511 0.49833977085896292 -0.029231570074202302 0.029695386661007506
0.0019535331309802782 0.0026044194769327643 0.012463665567915182 0.50524280330794036 -0.49771029687415236 -0.010516155396246306 -0.012202526157815771 -0.50370334827441077 -0.49147753796783167 0.013902217832658558 -0.033589159258484283
-0.0017820463138031632 -0.011112530386704884 0.0049728259403374409 -0.49080098299762631 0.49135130587977249 0.0038022898815224344 -0.0035755471085464792 0.50791046390545325 0.50936782716323126 -1.3042937960816192e-05 0.009001748223647606
-0.016090293434278299 -0.024584378843991575 0.0024006379706146088 -0.50337265587686131 0.49822840897806125 -0.010229641371038161 0.013772734593179597 0.50651601413513059 -0.49027073128834536 0.0060164211177761032 -0.016154747812422633
-0.012823864562049843 0.015866878851444773 -0.00091093937209435114 -0.49726417145311302 0.49544530861588293 -0.022808592803209217 0.0044053474294468934 -0.4918830902490261 0.5134948399866488 -0.022020206999782518 0.013956974186190041
0.040026054568552995 -0.046050884130668601 0.010370066108254167 -0.50280083222838434 0.51857003778405508 -0.027455619169064683 -0.009928417813186657 -0.48425758655922824 -0.48542632862094726 0.048894066959971644 0.032542077864828559
0.0033081881577830298 -0.0069405326469446412 0.0027565460805057257 -0.49530387630466405 -0.49827816163802413 0.0025108511877790876 -0.004680921723402405 0.5030015641035922 0.50240594821522444 -0.025585844836892063 0.014868387707359843
-0.0025911074541649735 -0.00086579341883563459 0.010176646375851021 -0.49951194255875775 -0.50783691039411094 -0.013867469516496268 0.003026623272716833 0.50242626201702234 -0.48853218222705375 0.017868308825857184 -0.029357770003025727
0.0097808432900494315 0.0078806067606154856 0.011637962983384022 -0.49583677104782092 -0.50972779823646486 -0.0032435547975369081 -0.0065277124256275893 -0.48284627380454337 0.51018956136397642 -0.0087885851218916008 0.021586421280850827
-0.014922900690019652 0.0066773135632986879 0.026341201301170934 -0.50520277772074285 -0.49888235262025998 0.015897894862201604 -0.0028856924222494455 -0.49468388323067986 -0.49515666566672539 -0.0089007475540520426 -0.068504392477448661
0.49276757379425173 -0.011004945578801406 0.51698198609835222 -0.001026888928113637 -0.005742306887899523 0.49122477136950227 0.0066281749031516079 0.029439918559129592 0.023934788415735091 0.49675330926034522 -0.014334049613677258
0.50880672429370266 0.037756239694057718 0.50129060084575006 0.00057628583636973438 0.0079684516602258598 0.50081699142663649 -0.0035266173880900971 0.0042010529397976471 -0.0014314506944193624 -0.48722495980430003 -0.0098047727731181006
0.49345027751936843 -0.0023337822523685201 0.49302237694215612 9.64659000320702e-05 -0.012436900974023148 -0.50287449618320545 -0.00714847143591047 0.0081475124926973438 0.033065882513023961 0.50884382879441037 0.016124233176621341
0.49103447469232736 0.027692511026087455 0.50223230525558282 0.0017668966570407439 -0.0063016463425466709 -0.50537149592277741 0.0016671603506784251 0.0021496108981595877 -0.0056984257994049901 -0.49865745659514676 -0.041697340053461859
0.50438603989772235 0.0045987146061768625 -0.49022293483270379 0.011856145412637388 -0.00072638066565213725 0.49287994738344981 -0.019637495994544452 0.016537440265858412 0.026488647352084352 0.51060325210212121 -0.010337442786180869
0.50158389334615905 0.030080059641855918 -0.49955425944069176 -0.013125525813739146 -0.0065584197795128243 0.50934928070948093 0.010516526151996034 0.017886288308284103 -0.0097645541512595101 -0.48756778315854649 0.0073580868091812851
0.50497083685353694 0.018783172354930263 -0.49313658827590184 -0.0031628300300820932 0.001325847878861731 -0.49250170623936068 -0.0086845802186841098 -0.008713386992795941 0.012624961864103968 0.50841678326137629 0.009994970828987074
0.50563220573909928 -0.0086499216377903237 -0.49602862404392833 -0.0092648057418136861 -0.023231964636613874 -0.49650392933292642 0.0024312448799545727 -0.016585463175306261 -0.020835298675979299 -0.49997105163002414 0.019722884562335303
-0.49679462776427419 -0.013362430345118873 0.50712386108176799 -0.0077561347938077708 -0.0022231849722598378 0.47856763985038442 -0.003677949972237496 0.022891375900182181 0.028564312414739276 0.51425385296379589 -0.030648965277508537
-0.49799795003301456 0.014443264539151103 0.49764103711590435 -0.014530959164078426 -0.028856718607807405 0.49699574233182064 -0.0087799886219228525 -0.011276213764782666 0.027046660135818187 -0.50487011323806474 -0.016266865370740395
-0.49333269173505007 0.00067857693142894207 0.49406273575151693 0.0053929368295774893 -0.00846891680737746 -0.51303755381695149 0.0094388694412673516 0.0068290136115189077 0.028405504622794325 0.49826235802194518 0.0028446786822476336
-0.50575310026674591 -0.020849136739208671 0.5045313364321824 0.0034077810362886036 -0.0025362819337917293 -0.49207855731630074 -0.0063084955358471938 -0.0093068359320658215 -0.0047907843814401427 -0.49681911860022981 -0.009449382251710322
-0.50530427084495111 0.011047049899052468 -0.4976327564479307 -0.0097225351277177713 -0.0059862613020786343 0.49258162602554506 -0.015464560499344511 0.013409191166521612 0.025092407495262276 0.50191486914436101 -0.034249834035665019
-0.50323512973098694 -0.018101607083201899 -0.51193261470724127 0.013891525566023908 -0.027791621879914599 0.49362879406403565 -0.025857968177646184 0.024276561025652517 0.019632479805218775 -0.48718268571897494 0.026955695225749882
-0.48691665946803037 0.0081681006021516126 -0.49767681204010039 -0.0017186161551392305 -0.018434972677359395 -0.52098898758686696 -0.011240093805125941 0.0071839119702062125 0.028319712965249662 0.4915299529628504 -0.028447556568497095
-0.50906714181079749 -0.0094812554329565413 -0.49787879447282973 0.0016278258327515644 -0.0092641796620641821 -0.49900958227460346 0.016988021971225568 0.009614348818466777 -0.0011944813453685654 -0.49318477893051399 -0.012835004734433889
0.50376929704927531 0.0063951605231206028 0.011940771110324294 0.48708686543660135 -0.005678773265543384 -0.0043371776511185707 0.00048703902154519248 0.51313761498399513 0.027135171810112248 0.49462458380069096 0.0053005314241312117
0.50461105424788777 0.015154334366641625 -0.0070830392147573978 0.50019514583863467 0.0096543205455207233 0.011571322215077694 0.017828887665660289 0.49704617943055396 0.0026546628562207136 -0.49619650107978419 -0.032783939239851817
0.48834378138314316 0.0025872485865442653 -0.00010455710622375488 0.50085526157798477 -0.016607079828728645 -0.0028520208048600595 0.011193120391023768 -0.51012919186629913 0.025989122549258104 0.49926120784164923 -0.0089139070491618538
0.49712717266599732 0.0070722749979860531 0.0061009318094404127 0.5192191401216627 0.0099072643688434912 -0.026283903924884996 0.0050609318170679466 -0.48781179205898312 -0.022113794910110413 -0.49388747946106953 5.4741640157710481e-05
0.48865427678961881 -0.0086589464988396977 0.0067835692996999 -0.50333444556648266 -0.0063680393776549497 -0.0052294037149180992 -0.0067182855550022447 0.50694257704223411 0.021598375232631018 0.50004115118915682 -0.011789251526989758
0.49566266152653249 -0.012398796267710552 0.014376904861158684 -0.50528587689243265 -0.014132156313048065 0.025373343620669227 0.0017320971099447405 0.50389205500147893 -0.023354026204231222 -0.49321986431517417 0.0089056320167060637
0.50475380364787004 -0.012739244196395884 0.015309667935349158 -0.50762861542633431 0.0124100088436617 9.2546683045758888e-05 0.015578522704234378 -0.49085145839053052 0.061176039196194062 0.49126803448067302 -0.026860031570731635
0.49197433403177826 0.01201498408154944 0.033519111060436001 -0.51644052229274717 -0.00012512567538741799 -0.015710958350084899 0.0010909796376858542 -0.49654435626946841 -0.01295478641678886 -0.49120357793398112 -0.041586435584559003
-0.51689895575477984 0.013258556143505304 -0.0067589255273007853 0.49585941205302336 0.0017837893433844145 0.0048785767339199534 -0.013563591237792071 0.50061132518919083 0.018938363216523924 0.48516181169215777 -0.012415441059518624
-0.50545922069524518 -0.008763683319442224 0.015319945667088081 0.49330355141291798 -0.0079382235381681102 0.0039436156602718851 -0.011874300011461092 0.49652258054245269 -0.013593937240581338 -0.50362899867198774 0.016427920660442408
-0.49757404395530769 -0.0056072098913300828 0.00075756407726967575 0.50532843049233522 -0.011002296077738425 -0.020687408559134535 -0.0039071517770687758 -0.48435676982012532 0.03321903549743549 0.51063652687792849 0.0035072515186471412
-0.4996543080863205 -0.010372324503479415 0.0095583010954147576 0.50186718718427625 0.0041381349114986369 0.0022980855282252396 -0.0048576363405145309 -0.50354070805370221 -0.032735503982488527 -0.4935595694868446 -0.0020109933810399639
-0.49725666728267515 -0.0040956494810280263 -0.0076056683081745062 -0.48951146147625119 -0.00047681364492123342 -0.015227637705106071 -0.0037374147471495459 0.50736931595286872 0.029955890524593447 0.503922460128164 -0.023126064336147049
-0.50627475153932122 0.0022973651096701475 0.0064541311116183969 -0.51494935731969504 -0.030347073497599044 0.0040369038190570181 0.0027454603606881229 0.47867565900988601 -0.017269870478520511 -0.49789923053407814 0.013749324301677305
-0.49873168381998823 0.010047211809124457 0.0099620727980674062 -0.50210979245238574 -0.0043393288135453439 -0.016202575560230633 0.0044771369541631604 -0.49840655011162255 -0.013161166087222597 0.49949303897759068 -0.023984892313143453
-0.49088453926850883 -0.0019912736758796179 0.014622672701706368 -0.50057927524224877 -0.022381466242901715 -0.015794057876873033 -0.019904610210559018 -0.50537882809119261 0.017380864527597392 -0.49832240425884672 0.055256871549059949
0.50571709188116465 0.012037543458230257 -0.0018787062965308621 0.01521316911079946 0.48575448977585889 0.015164839204360177 0.49892125613661337 0.0048090935073534027 0.035472875018748816 0.50677621247716753 -0.025631078584594218
0.502856709214766 0.027288149440031838 -0.001138929084142375 7.693799784177603e-05 0.49865379125374543 0.023151007565156839 0.49682315934820981 -0.00772344215650979 -0.0059178867545682159 -0.50004949509115537 0.014838766386177942
0.49577854015442774 0.0076095828211007353 0.0076599112150304216 -0.018423948590292859 0.5064908721651642 -0.0058005338854074176 -0.48623274050843912 0.00018537734076058099 0.030602140535250798 0.50924776039618525 -0.022110691739373019
0.48271583907657833 -0.02224309911081265 -0.017864581129613647 -0.016843098292263086 0.51237425956374638 0.018326619687734202 -0.51642836918326451 0.005138485271904249 -0.023988441081917469 -0.48551449031838734 -0.00039119305534191635
0.50699429976069266 -0.0010586104989121581 -0.0055701111793670941 0.0082048417058331498 -0.49907530536612682 -0.012492584041861057 0.49796755563572359 0.011769540269725718 0.0012607416385617823 0.49548876932283326 -0.0020420987143383693
0.49814937735474701 -0.0039012687219006034 -0.0066302266371878974 -0.0028365954703892938 -0.50031197899278024 0.012781186245662107 0.49827158029335183 -0.003080270386093739 -0.032016176481536381 -0.50147173247974408 0.022837401173896078
0.49901600743371122 0.0045786075555600148 -0.0017717985275463319 -0.011472606861154115 -0.49670504744424038 -0.0083280103604480675 -0.50504936732057859 0.016181136599764823 0.049089245106462509 0.49628124451789696 -0.00072147659487503007
0.50731140039416744 0.0039804187041109183 -0.012257530238463531 -0.002889568414590162 -0.49689974748090493 0.034386243694132027 -0.50605548719763094 -0.017229440446585888 9.6316506659303898e-05 -0.48658543687134986 -0.034850013612819329
-0.48989648485822246 0.016751613216689443 -0.0059136777222474979 0.015135231250175284 0.51482538830731905 0.023679545817046645 0.48870332611294193 0.027049584388712442 0.041088518424778578 0.50218298397020988 -0.020303515165895444
-0.51017742150384304 -0.010986398481002508 0.014364948764386962 0.016851298806452444 0.49860880831584015 -0.029711195776322249 0.50675540025775756 0.0027145993136973336 0.038868381126800335 -0.479853095129466 0.032192111307853932
-0.50381311821676988 0.0075897614504908829 0.0080557555934709212 -0.012194723204044593 0.49102234374916714 -0.0024842455842143066 -0.50097841713356384 0.0023731295441579512 0.035854310321599782 0.50251442996234552 -0.00085285289694112757
-0.50142095192290437 0.0017795150432950194 -0.0016963715631016212 -0.010125827075163135 0.48793562107696509 -0.0042920859599477838 -0.49392605877266371 -0.017248372717723243 -0.039987409321258924 -0.514112446466507 -0.014064192786740275
-0.49222345726463979 -0.006171939328081316 0.0025126254151461532 0.010041323198458851 -0.50912876328414869 -0.0020012618456725644 0.49290514291611898 0.011578739827192775 0.02967746098172409 0.504239914156691 -0.011249058844510619
-0.48650536847946629 0.0010743441192957485 -0.0027412337215896635 -0.0031204979616525079 -0.49966642485055435 -0.0032065328636455468 0.50973068999056959 -0.0025626781054324771 0.0026794343598719244 -0.50346398674109594 -0.017383711586571732
-0.51232797784631634 0.014600779443016468 0.0086811856110725529 -0.0039476918379429586 -0.49495160184381326 -0.01158624890624642 -0.49266742656402418 0.0046649853468464821 0.020426431301583399 0.49888373254311164 -0.0077078396620221352
-0.49407947427166315 -0.019386141582637125 0.0025810334569500207 -0.01010665477265228 -0.5107440795682352 0.0023299327904495338 -0.50494249977035377 -0.0022936949977384281 -0.025104330819807227 -0.48879688024931983 0.003330815862373342
-0.0017924523193991824 0.48737081271534877 0.5077082964787325 -0.011607823774024941 -0.022316119301843695 -0.0024233869802017518 0.49106419652726541 0.010171158559867503 0.043214811255221822 0.51037999450544214 -0.021386534922462196
0.0093455238208059073 0.50915771320503833 0.49716610245816512 -0.031347681191361901 0.00042209560805030172 0.0032007557927589306 0.50025466793268492 -0.0021424047296159454 -0.012933676481877628 -0.49157113835299382 -0.020858187385361323
-0.0077108661554027812 0.4969258288326453 0.50044798166971594 0.013233952396565026 -0.0024241954352830501 -0.0053329481225448698 -0.49642288293018516 0.013141140342126566 0.041824077366834689 0.50349390622354018 -0.021997521487088778
-0.0043663425176785542 0.50332649044311761 0.51332675398735206 0.0090344172071434373 0.0088097690675336595 -0.0099264277555789083 -0.50106739582829551 0.022391272844894311 -0.013534363471011397 -0.48075791466001333 -1.5943158631048753e-05
0.004115814536553142 0.51456546127661129 -0.49165339167325706 -0.003792788622618623 -0.011601707660584043 0.0024736289613608345 0.49918043779384463 -0.012548871179560108 0.029547442180883642 0.4925648160180382 -0.022260995471983649
0.014398317462190696 0.49446362056422871 -0.5046285969295452 -0.0056213298877606076 -0.0091571325288156875 -0.026912132926358783 0.50644069820823479 0.0089135116724095246 0.031017172133794232 -0.49129138468367012 0.030294539204842565
-0.005779123337564359 0.50510083054282828 -0.48567824855440328 0.012787386368162 -0.015171231243307107 -0.00017835876087816366 -0.50044298503781348 0.0061304503898548081 0.038177468243020263 0.50614710411387753 -0.020964314924572038
0.023701424040990238 0.50120710724709705 -0.50455071622195913 0.011506973421447225 0.012290556253376538 0.012754749034706584 -0.51190016435024988 -0.020810504453650288 -0.0031668823672433427 -0.4802084904061521 -0.011270417496467981
-9.5051810231401091e-05 -0.49768676392745842 0.4884287128987615 0.0013462170118552002 0.0013201010309464925 -0.014493047200996336 0.50558747444218533 -0.0034012725424558536 0.01560550485265186 0.50735231127704905 -0.015858830375420154
0.017985301352638372 -0.47465962226123137 0.49688363708094241 0.0096677879656313498 0.014220542177132053 0.0013875865549000811 0.49217694274116014 -0.022875706519191647 -0.035318713419289306 -0.53213158580390751 -0.0033061682238518177
0.0023207542019520575 -0.49765479165496684 0.48880343312043534 0.0065934090081251886 -0.014596783380824895 -0.014313635108160947 -0.5045291188376505 0.0057710690272465212 0.039023911549946555 0.50672507312028503 0.0082464865735452607
0.019304837172993972 -0.47821962415682157 0.49969527299244915 -0.024015650337034226 -0.011644167446921705 0.0078369594748053471 -0.48986935232312179 -0.0022080336943022835 0.036189479557831666 -0.52701497131279107 -0.037853352227019445
0.01464772068316471 -0.51459990856194604 -0.49659407981179771 0.0033544558879708246 -0.025421022315469735 -0.027002052077129777 0.48519451390245655 0.017574706906487648 0.028259246705734174 0.5004053562101014 -0.0073085240938666864
-0.00057044099701919005 -0.49939624000256255 -0.48813666778101455 0.010739113996611796 -0.0014525470535431382 -0.0039351434568707629 0.49195061445138061 0.0028767262928285618 -0.043569143738237677 -0.5177063256146629 0.015841317459254118
-0.0006784419387267991 -0.49611249850492156 -0.49787117687765503 0.02157261026941858 -0.022622979567773167 -0.0039304778007808348 -0.49983470707743666 0.015846081453956811 0.048257380802599933 0.50224831041904139 0.018319977804435783
0.0054426674043138697 -0.49512977348763704 -0.50462434295056569 -0.017075877385514946 -0.022002633220347859 -0.013848798087920368 -0.50050205132267089 0.00080469941013905128 -0.0083239712206672044 -0.49858049809844218 -0.0069938625528050621
0.012776773466279125 0.48858882140094756 -0.0051361238132543357 0.51106891426488776 0.48659290989059467 -0.0054224512531645041 -0.009782228852463562 -0.0036747999826820402 0.02709671566005873 0.51204923261350166 -0.0077456476066266678
0.011923102011148939 0.51947221314075009 -0.011321389245144114 0.48607379563487069 0.50727793045740199 -0.0011585975781300089 -0.0043336121759218965 0.0021088884053867604 -0.024282969202587289 -0.48528517022830603 -0.012795430303527632
0.00055704883239815354 0.48916493319598603 0.0099725589383952481 0.50209443518098862 -0.4989650867811235 0.00096938893251355233 0.0014819876429194704 0.010053706185021735 0.035183325899439205 0.50787979690079244 0.016399960314220266
0.033081481533248192 0.50190518590203725 0.003757958890611042 0.50193627667270169 -0.50876159358359929 -0.0031969867127025005 -0.0082499271718876731 0.0038652621121217728 -0.030078132686654168 -0.48429457801919096 0.025790271520952278
-0.013243646067458937 0.50512382610831874 0.0078117009829293477 -0.49896894906556893 0.49194263849369746 0.016291493318258639 -0.0026822464487383023 0.02232202946439963 0.019892005515273023 0.50156935579754591 -0.029958988734637496
0.025691344255393104 0.51190159963043347 0.025294209575115103 -0.50637704217454815 0.49497286023404435 0.011285058768842502 -0.022785951517298782 0.040587503514231946 0.012560428089883799 -0.48101721057668712 0.037574593466181361
-0.01377785630760823 0.50429506478538133 -0.0056550884094743927 -0.49776808152908558 -0.49907637299389862 -0.0030407894714373439 -0.0035513898478591152 0.026276381646818437 0.043055400701585721 0.49579557276077552 -0.01533182025054133
0.019740720952517558 0.49804798465622657 -0.0027021732069981421 -0.50806394893985529 -0.50480717516726648 0.013173316045654514 0.012897837264129512 0.0049698271201767431 -0.0040751937229645636 -0.48724994263940652 0.0282532018375048
0.013379411777555219 -0.49679903389434826 0.0076296253154384749 0.50120686691014649 0.50487409537025318 0.017450689873956066 0.0038077805839738465 -0.0052233250163681005 0.032087811246282794 0.49498000316941965 -0.021591303883810992
0.0090768472712280425 -0.50333392364651619 0.00053385108203321064 0.52162894715562924 0.48445040386012778 -0.030903577918406429 0.0050876955939834871 0.018221486260382579 -0.015139846590764726 -0.4880831141079584 -0.0040069032982551324
0.013451558077805785 -0.49664960844388645 0.007434331844691236 0.50656590604760832 -0.51710722061066527 0.0028206192258516394 0.015356457769871507 -0.013557337400782646 0.023315854090875041 0.47752767298689869 0.0094959119936936856
-0.015951211287439641 -0.49459166716977665 0.0082804032776745157 0.49722158721773668 -0.49971784350285398 -0.0035473452624252368 0.0048076380697364167 -0.005622201870226582 0.0027713640479335175 -0.50688295671240524 -0.03321939456837119
-0.0074356461187963128 -0.51104248644306183 -0.00041708426737044064 -0.4860919637718103 0.48300076896654126 -0.015321062521784327 -0.0063472992669118796 0.016066592147749741 0.043227175961710725 0.51476177783955746 -0.042702915329152706
-0.0070088744049400147 -0.48112925837282899 -0.004750116999096483 -0.5123037365042209 0.47596492000321328 -0.016881969796841888 0.00079798165916810607 0.0034976856885158246 0.040723262374790452 -0.52517717612490133 -0.040962219065057572
-0.009707405150801417 -0.48632037408628243 -0.0061654784173116126 -0.49650133272894759 -0.50185885019512344 -0.0093082917956316749 -0.017853936226101465 0.007461864562334837 0.046102545470582547 0.51224371464720786 0.0020526414220207131
0.0013442717829369552 -0.50078810115671513 0.0033818713222990735 -0.50179580189613326 -0.5088210062424543 -0.0031372146560133484 0.006437942985016017 -0.0026659147097381508 -0.005643500708379834 -0.48799034518816209 -0.016594215901772215
-0.0027008133000539889 0.48842511819750195 0.0080594003336906788 0.010527221660739087 -0.0089258189895308239 0.50068570090901088 -0.0094665393753275706 0.49876060796781002 0.0082743878699409572 0.51089871082643479 -0.023543028806009763
0.002416662775591888 0.51865223947584815 0.003423525512841931 0.0084790212244057663 -0.026485101513845543 0.4952086071874458 0.011337602529363321 0.49758202268717711 0.015684840322056571 -0.48683039272984213 -0.0033344611453941485
-0.022009862634164379 0.50907732407697148 -0.0068315314751839782 0.0092554670231698565 0.01656604438747496 0.49679486763259489 -0.0060061238051419396 -0.4985662258894884 0.043495355181508662 0.4915825012561999 -0.031533785819156245
0.010199759888920119 0.51117593520921512 0.0043128638529382106 0.0075591816676239335 -0.037894727749246002 0.50358964703708298 -0.0048545347126930068 -0.49062096974441022 0.027821756318405617 -0.48795309565424499 0.062258067762719631
-0.0027149905009211817 0.50186426750782887 0.0043259017229967727 0.0090435027037181204 0.001351016701051018 -0.49598066154811243 0.004481036264182405 0.49729903162208061 0.035254032863295537 0.50344460865933338 0.00013499324267357855
0.0052266122795659288 0.51680682412876644 -0.0029590355908322014 0.0019907501329844133 -0.017887053588594465 -0.49724364450928649 -0.0046062618804243978 0.49250387836193071 -0.022645975942954664 -0.49211380291069229 -0.005418329784313225
0.0022063668282488662 0.4997903327748503 0.012638637630698816 0.0058033352452382591 -0.026118855943361243 -0.50178354784176815 0.012164470042269534 -0.48822118432219441 0.033369621757373444 0.50729733783337161 -0.023883007499087078
0.022501500392118474 0.51176512562072185 -0.012275137395505927 -0.001235385480246691 -0.011233102942117476 -0.49673281613786513 -0.022782301628287423 -0.49955464134109223 -0.035680366633876547 -0.48898213436601085 0.010852236083291722
0.0012696038980184558 -0.49693371595688218 -0.0063864801641135005 -0.006138010032433098 -0.016159513969988461 0.49424204573480057 -0.0031043068975869846 0.4988064907508496 0.042425508566115849 0.50694690830221711 -0.028772113939598755
-0.0039106856239810878 -0.50427880462996688 0.0029761665280189256 0.0044261829020326264 -0.018015799426567548 0.50263682256450593 -0.0038945553250396689 0.51188870992235902 -0.010255031906648518 -0.48013374525375835 0.0034644959160548658
0.014618156259599675 -0.51290734957390516 -0.0089486519659392923 -0.0048624924219878799 -0.020272953592864275 0.47370532376787555 0.019569616404097236 -0.5031200712391295 0.0045188651495456575 0.50760627988981433 -0.02456786818157879
-0.010160531259489101 -0.47844108421425174 -0.0044861090259036692 -0.0086981393056879772 -0.0441783303049171 0.4983361075786884 -0.015888651783571069 -0.51124549260901075 0.028474600687588537 -0.50585842795322244 -0.047713245220603995
0.0044060107082858849 -0.50154627092397819 0.00073759849030828183 -0.0085996908444991686 -0.018703385086262368 -0.50718102712964885 -0.0095466103152703971 0.51529967260154885 0.027562023673213899 0.4729493417193455 0.026634192878054935
-0.017676264784983648 -0.49935288068928468 0.0052687316103014531 -0.0040809921789620547 -0.018825535906638009 -0.49148633960365717 -0.012738030031024248 0.49590784783018133 0.014149682583838037 -0.51146472437548507 -0.022212262718978588
-0.0015554456041914932 -0.48580675131522 0.0091060770382677767 -0.019947513263689799 -0.0065115642592935502 -0.51024858124658867 -0.015678159384502358 -0.500901399852684 0.029362472695542367 0.5010571188313041 0.0066433212660966896
-0.0097915654270359972 -0.51133905704820737 0.0032231120908837244 -0.0058220826314307732 -0.010488190852565181 -0.49419117637240539 -0.013068561536492664 -0.49439604356687189 -0.0030585186138709598 -0.4984969775565351 -0.030829556756423925
0.0027787956413831295 -0.011759557311742804 0.49740993869995831 -0.0032905119602833302 0.48912980047025284 -0.018634872022536435 -0.0041410512794529154 0.50583846078910999 0.019608636997940788 0.5065097736630606 0.0022248992057198979
0.011748016970110029 -0.0023973858177739407 0.50199537312129305 0.0022330178918521354 0.47852914416933534 -0.013697654179238574 0.00015391043614080559 0.51617516725069335 -0.028580803530046505 -0.5011610914325062 -0.016062353937742933
0.0046929688194666018 0.010168266744088947 0.5033402065000584 0.018737366676542144 0.48444242034175722 -0.022484999825154416 0.00081220145830369721 -0.49509481146861106 -0.0036694622796236151 0.51540546905701845 -0.014363205081588429
0.0049922514147200158 0.031278437805971365 0.49179268462525066 0.012857765933312622 0.49156971363218444 -0.021086748854550634 -0.012177548839378976 -0.4993903961373875 0.038202923765231649 -0.51247144825163371 -0.035502486018718228
-0.00082972582101937988 -0.00060237878982005808 0.49184385723767776 -0.0026968379740832955 -0.50318268914589137 -0.012674656146220379 -0.015772061180951875 0.50505091866677143 0.022444914211799987 0.49888127033197699 0.004043002693073906
-0.013286373531390281 0.014573633358296046 0.49771491423393494 -0.004377079342437998 -0.5065567010395301 -0.013342824634046584 0.0009269299371691981 0.48607421102629794 -0.011463051806378135 -0.50860841795999845 -0.0033380049367146593
-0.0098964415039721719 -0.0089751138494027615 0.49984053373836057 0.011066456971338465 -0.50060210227944768 -0.0021029402792657362 0.015834038314263128 -0.50944545363858307 0.032516779282680756 0.488257895979401 0.0036185703352050705
0.0025900170212014117 0.019459981251260309 0.49810490462940804 0.013412348600542147 -0.49672472189950662 -0.014959497915486373 -0.0037899344835087079 -0.49980701234534491 -0.014194610635411765 -0.50417875056474637 -0.012159984439223505
0.016849975860524516 -0.017542641000795393 -0.49691448384608911 0.0020789513937267525 0.48389671880423496 -0.013022255454407609 0.00030291437918864462 0.50941219146374739 0.037559200051318124 0.50655923762212451 -0.025309422372859373
0.011513792930962503 0.0070075177836101173 -0.50240423238744569 0.007265112189825923 0.49960489217990084 0.0011217003038286101 0.017084924301958376 0.49067799581815702 -0.015461152213242993 -0.50635732441168435 -0.0074598094879261721
-0.017955972372552819 -0.022575684886588492 -0.50689335138181602 0.0011241677404019862 0.50585494011902477 0.021404655689577369 -0.020740109918400102 -0.48590715953328295 0.01369495307986689 0.49900550988299913 -0.012183508249521626
0.019678370584746464 -0.058826475005940522 -0.4895956531482048 0.027638398521161678 0.50492621797295478 0.0032354464858949357 -0.009846932682719094 -0.51367414477672935 0.027094349599185042 -0.48192795199492422 0.06145506826170781
-0.0059675176340156571 0.0045232390876162156 -0.49405646001477588 0.0048002560255515211 -0.50158390449741919 -0.013235283086733584 -0.00089142142286997167 0.50688081897802106 0.015497405668811807 0.49663489966191715 -0.015879625539994675
-0.0019661680637889289 0.012398978741254093 -0.48804653116295171 0.003102992717032058 -0.51574506888110427 -0.012749984487465038 0.0059269975244655481 0.49373002220382439 -0.036235077732802823 -0.5003695564631242 0.00082350912042631675
-0.0031452527182223669 0.0060093438700839904 -0.49325619646664909 0.0076089271785483989 -0.50986625668477659 -0.012834829273048463 -0.0023595359067705287 -0.48041380509341247 0.02251450561377057 0.51490129222849779 -0.0057320382225327588
-0.012284934887270886 0.022608640017027684 -0.50353277898881743 -0.011263063516060467 -0.50658562548562458 -0.0017389257906405935 -0.012203923742637787 -0.49163120017296791 -0.027025455206840261 -0.49584059567266198 0.024399786053875317
-0.0036495240494223554 -0.0054437275691137646 0.00033895992816636701 0.49974368452552798 -0.0087747410742396708 0.49820065767954735 0.48932128753201859 -0.0097313574187302548 0.029476276715126096 0.51055078996872205 -0.029517935535077595
0.00032641454480481354 0.016950186294100132 -0.018575724674996946 0.48601969941594414 -0.0077937211856529331 0.50173962053974741 0.49871648115364453 -0.0056262280071707393 0.0015542744519392309 -0.51171184283830351 -0.027345586030986198
-0.017148649816106906 -0.006451526393167162 0.0056394929692019464 0.48778390124460003 0.0084020716591125342 0.50525229626102031 -0.4961670985331591 -0.012873628796763481 0.027434844997840255 0.50916463169788906 0.00026992558196013331
-0.0001092177793517889 0.012097579179694406 0.0079046735990771153 0.49955105150266199 0.00094139462724807967 0.49122708258048908 -0.50384156460964347 -0.01703491427505853 -0.043462446894681567 -0.5022193088104393 0.025985339678389164
0.00089222265723392497 0.017840129640586132 0.021881676783504191 0.50946733296774926 -0.0053522829052176316 -0.49451096056682903 0.51105928892202324 -0.0022566979023452356 0.015147972238523032 0.48335165890005288 -0.00551804464492784
-0.0028865892550192372 0.0012495211874049761 0.0014698302231119194 0.49457061019446469 -0.017169367296344603 -0.51064105869369025 0.48990470591408053 0.013310919951320003 -0.00047266911823095589 -0.50413540598468043 -0.0014989939790435811
-0.0077496528894181469 0.018586199429051941 4.5631533862786271e-05 0.49976624255256008 -0.014059144431107553 -0.51128582375167109 -0.50310433113114128 0.0070905180527948159 0.03099631019207439 0.48363156931855678 0.013886473481516613
-0.018021957879960384 0.0010176023029635874 -0.013017050166732059 0.48215564111848003 -0.012341602956875185 -0.49190521535136106 -0.49269633482557196 -0.0067787343452541801 0.046992376662278776 -0.52586770871066202 -0.058024576603788881
-0.011763625776959049 0.014888932248111879 -0.0033486304977569273 -0.49221948764460066 -0.01345377629145691 0.50337227781886096 0.48484031873955558 -0.014793680151670811 0.0054234057393328997 0.51772297857280003 -0.020701733471108281
0.011413549577991466 -0.017104872006189681 0.01846196245296532 -0.49722246687474791 -0.020235013180953016 0.51969805606225417 0.48331001544951457 -0.0041872714781882548 0.0048050017739735152 -0.49387077536680551 0.063032279857538329
0.002335182502487646 -0.00389101151347096 -0.0035089816127432056 -0.50428554373128787 0.015383473509354298 0.49485795867484544 -0.50846332460582011 -0.002273776267648177 0.044272461553507773 0.48908437238846819 -0.028955779533058505
-0.0077088858697319362 0.015737276796891214 -0.0013935109594180764 -0.50754495689251611 -0.0096741053526812303 0.49806690309805812 -0.49753411102238981 -0.016227789302941453 -0.0020623058118909698 -0.49538600226143992 -0.026641709093952394
0.0051455965053734658 0.0037994721333380246 -0.00036092464841765631 -0.49300992714494901 -0.019866612044008865 -0.50109470594749328 0.48981769501191552 0.011153545256333875 0.030082740073178477 0.51417427200898203 -0.0091461768232512161
0.0020659534706573236 0.010948126984159574 0.0040052089234858717 -0.5053843947909582 -0.017246582440635587 -0.50293976725187262 0.49714264622555954 0.00057269200330765534 -0.011285346407130076 -0.49374853651722261 -0.011596250992969953
0.0063969483736845923 0.018058234312214361 -0.017053701833358758 -0.51058334462564781 0.0022419184444046145 -0.4909718730356567 -0.49827485475400551 -0.0041081830311381342 0.022031290324101453 0.4987960376435171 -0.003289283977255285
0.0060329223533841479 0.02807440843135774 0.0061806479060320819 -0.49963878150408303 -0.022278363661885778 -0.48900563278998427 -0.50235404474175338 0.008821289228491621 -0.0081105237122197846 -0.50731873329008292 -7.4201798593278925e-05
0.47586317179964177 -9.2200915398639734e-05 0.48542287351442848 0.0042503330361177011 -0.016138780569124496 0.0015514346057087299 0.5030873338617623 -0.013074266631786386 -0.015586445619263863 -0.016562789399218986 0.53277844302715416
0.4896833624058855 -0.009721316670238421 0.49705680844342348 -0.0040085826189710108 -0.0019208814998228178 -0.0080042986807511377 0.49280153086725603 0.010415669471487836 0.042369124927564485 0.014379759564975657 -0.51768972099072663
0.51663639976404874 0.0029147778877456547 0.50449325438931303 -0.035065444274914141 0.018139271679421993 -0.010170410549848744 -0.50017043433231201 -0.033220320455869097 0.0020797241757040388 -0.011753522033848303 0.47485398952748192
0.49134988840938076 -0.015330640427905547 0.49671012434490608 -0.0016726048414629792 -0.0047565720639868832 -0.010342224973788337 -0.49518739050698224 0.011618086362096613 0.043373542777777753 0.02842948004226855 -0.51327565264569297
0.49531499703274529 -0.034292930657231935 -0.49761035796550213 -0.015198092808380668 0.021641614428916617 -0.01509540878442593 0.50119963426428593 0.021642613646117508 0.0018319940790370234 0.0036990333406391159 0.50324671110531249
0.50087119279609182 -0.00067529780667147923 -0.49011813306675117 -0.011702790807611184 -0.011016042944204173 -0.0049016426591324096 0.50577860906857941 0.00048811924263290944 0.036737339110027994 -0.0029894874216366625 -0.50145654293447051
0.5007871840334307 -0.013256739911504497 -0.51036882946359297 -0.01461474847039409 0.011328877992687433 0.005020963094335122 -0.49248336144082816 -0.0016263235958168334 -0.0090749533799949593 -0.0018711487554345402 0.4955447572580271
0.49458722550784551 -0.0001246198822947503 -0.49485733545064714 0.0022352941983080033 0.0051387306088452253 -0.014866044498128035 -0.50330533590684234 0.0094883110700220465 0.019225331375651602 0.025615389113557797 -0.50578179612197893
-0.5083580249841998 0.009060674341881389 0.4940576662466149 0.012549686582333399 -0.01450753009540919 0.0040846367126691962 0.4982454384316613 0.005973793352765381 -0.0030374268878971054 0.029198278960122604 0.49786185748298828
-0.49575817467836969 -0.013933686969332006 0.50078995158382145 -0.0065838043290860114 0.0085742493245705535 0.0032438404427669251 0.4997626823368998 0.012463336795554766 0.026844487332390712 -0.019936490992028707 -0.50207126852079176
-0.50825482462265059 -0.0065576724273943348 0.48747328828336245 -0.0087137868048689678 -0.010454392791503255 -0.030823547944805955 -0.48651227852727991 -0.0041239830378796069 0.0070823280085718417 0.0058436314663528281 0.51582264013968637
-0.49767112026077864 0.0032988014092421671 0.49623982116705101 0.0040707971604948536 -0.0088360674319555611 -0.0051681158596534162 -0.49855820318003669 0.013130401616235642 0.036484458815119997 -0.0028084254367586681 -0.50583155750095132
-0.51721455710882291 -0.0023958900110547751 -0.52433886391337525 0.0029024455250379368 0.0027867460031987686 -0.005083911048110284 0.50634649138234245 0.013876765094168761 0.011827923102272424 0.032993474048999563 0.44688060830777798
-0.48351862574980159 0.0061377176118744409 -0.4822016157329907 -0.010793424915598104 -0.0031890636186603458 0.00017907410735133584 0.49074598713947076 -0.0046397491064839513 0.065158658640667402 0.033274872087315582 -0.53602327325479249
-0.49918480241753421 0.023273539687358454 -0.49675764489733881 -0.0046436544451216042 -0.0042318345385357805 0.0025852130621025985 -0.49255784088710275 -0.00031393418470549708 0.031583337404046431 0.04077906643406598 0.50811888147385886
-0.49526709592232632 -0.0028416489630900465 -0.50291808672824079 -0.0038927257431587902 -0.008565653964550576 -0.0070751435744181093 -0.49268181893576279 0.0097769093404621674 0.030762487761188711 -0.018738998883514543 -0.50745325102197736
0.48507375992502888 -0.006188488672854011 0.0018833523353556667 0.49571947601356481 -0.00075360603234869998 0.51569851870751937 0.02266726214329692 0.008258932968224433 0.0064703348619243577 -0.023018160479877377 0.50182124139361373
0.51312852285102117 0.014454787324260251 0.011415336369420109 0.49076654227269051 -0.031902646278274625 0.49339291171264832 0.0058719007405215028 -0.014285203204449167 0.016111622625989686 0.011656948517239066 -0.50041953398354
0.49769963887936924 -0.033815201819591759 -0.0050468687683327762 0.49858035844047965 0.0038179854400750032 -0.48836909314541627 0.01087485390811095 -0.0012715497035964173 0.010128375861310946 0.032081938465956417 0.51261398212129772
0.51095585143515787 0.005113719661066024 0.0011417827564820875 0.49104760437748546 -0.013895911800632143 -0.50360858879745607 -0.005589687890734339 0.0051474648131730281 0.038227754534193588 0.027574472100365663 -0.49160426515061395
0.50638675087907081 -0.022177969161220293 0.0026416504595965958 -0.48693669842411819 -0.00033908861078144346 0.49477747029345043 0.003716918990179491 0.0065485261312296988 0.0059065098930300448 0.052020551544449352 0.50829488116077093
0.49885147294525833 -0.00081969428414932391 0.0020397554322918042 -0.49571789365937591 -0.023625294279231171 0.50583299995019804 0.020736997759906804 0.0085181297060903417 0.03315993494196711 -0.0023542816993181058 -0.49736632519648732
0.5134780884413237 0.013898740643390205 0.012020100505614532 -0.51236375674544621 0.011994194027219674 -0.49148712480247297 0.018165485604740211 -0.0099649599068454848 -0.034173053086486334 -0.0023351565013000472 0.47977076329576085
0.48629950456714438 -0.0053560327052460544 0.0071007677056301177 -0.49454233925727664 -0.013827398496458298 -0.50827396658592594 0.0013783258959353126 0.0086520720094838705 0.033778523656256276 0.011478396438706909 -0.50889923964930206
-0.5013502902138266 0.002637824672682078 0.013653264007353427 0.48934146989792782 0.030853566236920607 0.51064466784972407 -0.0060358869121754175 0.0025804295709510121 0.030938612950412472 0.0079347766932235438 0.49621192473644143
-0.50620170233698047 -0.0088292692151588845 -0.0052345665523882692 0.49965944151748659 -0.015051059008550883 0.5040688356141495 -0.035231601530070461 0.0076151511521807339 0.011227959873305429 -0.023960480349031584 -0.48752801866365669
-0.50971725010754487 0.0029418002875662981 -0.0064496375226205946 0.49941469751824374 0.0099551855807593209 -0.49617761568437607 0.015894928749351785 -0.0025562698641831208 -0.013744338443029382 -0.0097499622944991308 0.49385073547250352
-0.50633006035405825 0.0016387553182876976 0.011073586781863017 0.4922999487678239 -0.011675620111384238 -0.49770622114115903 0.017968497025675743 0.0094878146343154793 0.023181534277290153 -0.0018594060738849946 -0.50233832372212417
-0.5154695328493667 -0.016577879841256728 0.0094360501378732246 -0.5026293657020432 0.0033847973474948586 0.49220967060657578 -0.010083911960714875 0.0052733555978601142 0.01151708647936648 0.053417338278024362 0.48568884147640168
-0.50629767852255791 -0.013815067637463532 0.013312650768355069 -0.50801534299132467 -0.024211548756778938 0.48408185357261274 -0.00084253549997286492 0.0068306388017404067 0.042261156259624857 0.0055354991851185214 -0.49842706048140262
-0.49567115189829297 -0.011078518999735613 -0.023140110642201738 -0.50995778050538287 0.02200371779399626 -0.49440074085887376 0.0068954919395167328 0.0047176279233370443 0.0050096882891860111 0.034202176956279598 0.49740730504075503
-0.50165498707126843 -0.008259613862324669 0.0061559264849437734 -0.49727083824285634 -0.012871338958859677 -0.50182797197144702 0.00046672080224955157 0.0016484596000826389 0.029834428702362567 -0.010353405212838384 -0.49795648858640523
0.481534262308144 -0.033909533657249101 0.0019803196049436706 -0.0014010648570491574 0.50468727083847365 0.025305267530284246 0.0045699227721341922 0.51228256997584654 0.0012646181163963467 -0.018605898824751013 0.49881591871711883
0.50852250452331105 0.013158106745704119 -0.007332978186743922 -0.034132090859786149 0.50110803758432387 -0.003033745270708221 -0.0045271129160778011 0.49627550273346183 0.0080271460310926621 -0.012647542890284115 -0.49230094525951185
0.48637946147444688 0.015859019316133382 -0.010800683539311915 0.009204489677639394 0.49695698971924918 0.011844068043778865 0.0090045886201344221 -0.48639071733078865 0.028227285166966012 0.070946029922812667 0.52286563348234028
0.496464020329281 -0.013990443644172667 -0.018328315665825996 0.0063898889861302398 0.50040742306026431 -0.010593219854240162 0.0085124280195795592 -0.50334376606782705 0.04883899672780307 -0.0068757872937832342 -0.49655941083178667
0.49332180077643822 -0.0081253919872863612 -0.0029299627902973544 -0.009664736430585609 -0.50894317330532035 -0.013288185270901308 -0.0045327038853398109 0.4985185333654879 -0.031437645906785598 0.012052448735459914 0.49758516550995197
0.50475867576520339 0.00089082684752633107 -0.004607635981059054 -0.0021195858152828735 -0.49809915738032084 -0.0030585050949669566 -0.0055271118081939904 0.50273469746004829 0.034272480017944675 0.0025803375271276508 -0.49307813950123669
0.47684695739817157 0.022469864618828873 -0.0087416112277459799 -0.011473809387312607 -0.49397348035266997 -0.012985479880808504 -0.017869711370256301 -0.48417967960385155 0.012360150382404813 0.055267579632833866 0.53830198862185885
0.48799301452150889 -0.015147718585181937 -0.0011044502300271311 -0.0080791113098505948 -0.51321569672925327 -0.020387090127057195 0.0023625041952441517 -0.48966026338497781 0.035354011150946336 0.026964334633928475 -0.5059754453783657
-0.50355047827289867 -0.015362754144803117 0.017879998861592521 -0.015596430142657299 0.489287374041662 0.0039577341506832056 0.0017335938453150752 0.51392145817170465 -0.0021250727863530352 0.011099842528084644 0.49190869845134477
-0.51529875739699182 0.0023096839063118518 -0.0065093490883580919 -0.018166273121453507 0.482983728888421 -0.011120301334823925 0.0034923806462870389 0.50630409802770948 0.017708279001167223 -0.045828868498645599 -0.49185630286972065
-0.49856753517993768 -0.018548058467833719 0.017640386519331485 0.00069082475283787823 0.49729642897971144 -0.0087007093478467818 0.017822818056100215 -0.49449895681202949 0.023643047904420105 0.055521872525573779 0.50488289545453291
-0.51362987528277981 -0.016120911855141931 0.018565720410483072 0.02091123378959394 0.49813252197977165 -0.023210956939929757 -0.0014868431213275251 -0.50295842132819357 0.058487657927658254 0.016619578987445972 -0.47937599329336239
-0.50599664602962058 -0.0010579799195250671 -0.0051484574050544851 -0.012424532610478593 -0.49645132029333178 0.0075995134723038493 0.0012016222201879187 0.50124956789510577 0.0055723320109415152 0.021455659599426313 0.49549950939545773
-0.49806101832311567 0.0027635849324814908 0.0041056181216296873 -0.0040122731860774627 -0.50393173567735106 -0.0075248707904665884 0.0034044148990083011 0.50287580293657874 0.026197348089227881 -0.0073065687015703828 -0.49422207768650789
-0.50718563088791102 -0.0022864361540245082 -0.01314506357419038 0.011047593393038733 -0.50596982026550386 -0.0069934924905906042 0.0075971343569178201 -0.4844787100208014 -0.004547966683881171 0.02683636459385572 0.50088929583117159
-0.49701414356295098 -0.0087379199929300301 0.0082628176306798109 0.011981594175736616 -0.50488722477178327 0.0045283457355032256 -0.0023050292344698594 -0.48600249712494209 0.031137750556742141 -0.021034611046213843 -0.51004057358458199
0.019370927870867929 0.50420684273530092 0.51467007599934333 0.00058086310001996902 0.48793387742494682 0.01323801659243945 0.0040438409334085665 0.0090101578759486985 0.011205600379719264 0.037907434511307535 0.49050974900956112
0.0062887007061481065 0.49269322180553826 0.50406259258281527 -0.0024557470193101384 0.4898638119371847 -0.0080570749977962042 -0.0011004206960155429 0.013089545475586382 0.014777061107159256 0.0056874785238006029 -0.5125173038240135
-0.014215962911357639 0.49966449345252578 0.51094670512610829 -0.006475205982187017 -0.50240886681331098 0.0029184030389300861 0.00040275171957941636 -0.0081361520634761157 -0.027902317040768704 0.0089216290627593554 0.48546591655845228
-0.003968064546342822 0.49252961463140138 0.49754010357322476 0.0010474137696947538 -0.50900088994658055 -0.004120128931442953 -0.0079721364616513399 0.0019833022365975542 0.032270696824056103 0.0027626388266521569 -0.4996360490521024
-0.0016151702308598917 0.52268301558367547 -0.51327151846894725 0.001932492211177253 0.48093506945665854 -0.063656884476360379 -0.0084306746959073916 -0.0045101598703345853 0.02537696632046841 0.024479079934475758 0.47609147932035589
0.00096468193989160281 0.48963939691500169 -0.49924756678413773 0.018329215148352486 0.49854864477275007 -0.025497755203879306 -0.0087743213438246405 0.00701307172037368 0.048051680656366003 0.028106211102216873 -0.50817541811664346
-0.0172918832907989 0.50532051606013817 -0.49692724936606197 0.00013768659140827764 -0.50859339522407931 -0.01005355220754149 0.0073196145601208034 0.017135692313232292 -0.019244513682610206 0.019797137877105287 0.48737834834955596
0.0010158513557981948 0.49154130257545964 -0.49640508705938385 0.0081202428925139913 -0.50552897900639771 -0.0093618916624325001 -0.0050629512361115882 0.0050737159419401044 0.024853070766159686 0.0028467323014371971 -0.50554704864596234
0.023634282400244497 -0.50047466708208355 0.50678199978774285 0.0031593023284870909 0.49418461170579786 -0.044834480893610737 0.0045666610032971131 -0.018311148924690972 0.022740195561600687 0.040986970393446447 0.49330192567711773
0.008935288225432254 -0.50320667375500228 0.49945097794160054 -0.00023554210889350442 0.50375282715960901 -0.033307409692207655 0.0056672174969614152 -0.0097953020363437931 -0.014406707907508995 -0.02661575318717422 -0.49125508445974542
-0.020928425510989258 -0.50171594316794832 0.50924259382831827 0.012164897709565983 -0.49564679324641064 0.0040056341836171606 0.012092774475700048 -0.011961754514781091 -0.016320557400163471 -0.046137619566422046 0.4898989295886309
-0.0079630136086352461 -0.50329135505115374 0.5009684367248497 -0.013927052844149855 -0.5016052154606695 0.010176716981239575 -0.0027764142832784264 0.0070595593883380648 0.039143545116028841 0.024224404483222769 -0.49151106035558423
-0.027440115607720552 -0.51479903393750159 -0.47808030995021317 -0.0036096924849220889 0.49254801470224135 0.0085288759006087941 0.0075090788376517489 0.015270785780772483 0.013072837116435854 0.046952251490983477 0.51020966024329406
-0.014028977966585889 -0.50478397545809683 -0.50680888839089133 0.0072686688504424533 0.49168722009256122 -0.030873279114381195 0.00094426688427438671 -0.0047849778860352219 0.016769221869608816 -0.031433723834481425 -0.49405028871958556
-0.0059107280819108102 -0.51698359170578212 -0.48922756812334361 -0.0015817971891385358 -0.49208923866638854 0.0078046287493685309 0.0025792602981768165 -0.0069832239529029356 -0.010942257032122458 -0.0095138234589708815 0.50086776582137282
-0.0003541896361504087 -0.49943356645406828 -0.48909239160551909 0.0014630280487449169 -0.50628321660150599 -0.0074987690413604409 -0.0086905489749075082 0.020684990596575355 0.037299471792125269 -0.00045702924389943832 -0.50306927790566147
-0.020555694445096855 0.48563219456120138 -0.019270411124069284 0.49905246675754689 0.018271918402065157 0.011933388730114125 -0.0046218150334203303 0.50984000284878994 0.0018643771169800007 -0.00043274417304459237 0.50386109206068042
0.0095986290839381073 0.4896652487466388 0.0036839839969564766 0.49359761905875649 -0.0027208792428087655 -0.0059256122896718813 -6.1160661349560162e-05 0.49903997840419156 0.049773161898444968 0.021080122953458909 -0.51427470298546907
-0.017379409940290205 0.49355560210842214 0.02770740496324265 0.49826693599525135 -0.00024549479370337464 0.0083547937627341685 0.017478270707528394 -0.48771509470711638 -0.012102367626245242 0.036238758968189427 0.51707069399580463
0.0091427840646599486 0.4970899977092606 -0.00024605787890924166 0.50513473908108519 -0.00011967264711753247 -0.014414843160751908 0.011773157891926823 -0.48989596927277695 0.015910811198052648 -0.0075716159016636069 -0.50695347443750938
0.0067740401917461505 0.48381362661084276 0.008282315863160087 -0.4855607813544886 0.0014929083392025988 -0.0060192500020485222 0.0039200991203570843 0.49930470718713754 0.038528348449290518 0.044558994827889581 0.52650893852142822
-0.0075453030870031561 0.49851336777236488 0.0020176223958824351 -0.49561530110386753 -0.0062961529355668577 0.0001124317878624296 0.007709255071816642 0.49868059046809637 0.0059223230853810383 -0.017815488525348963 -0.50661130012760214
0.015638673586824792 0.51943672778962358 0.025538967706742202 -0.51727957875649289 0.0031081765218701064 -0.012711315889554048 -0.041846187288296567 -0.50214296975720207 -0.011455888195482064 0.033380750953472316 0.45430727547881389
0.0056007199636423479 0.49117346826052199 0.011085803112328943 -0.49130035533252819 -0.0044529644611266336 -0.0073453631842352709 0.0028085564692478279 -0.48464340415471391 0.06438864080201423 0.022379018771718422 -0.52688775261328558
-0.013335727614713466 -0.49990675003835933 0.017241308408963606 0.51027680740351034 0.012601257072330731 0.035835221555587181 0.0033989024626306539 0.5000375327169756 -0.055019111841333547 0.035047328279476139 0.483206226585284
0.010095887709509675 -0.49631325006925042 -0.003554658046439734 0.50149056966232963 -0.0024693418914921474 -0.010073118859252788 -0.003297773828897899 0.50352010127393576 0.038578886834385824 0.01550536439402595 -0.49667506872857736
0.0090865836873340617 -0.51489292960126465 0.0075880523377765382 0.49716014967130517 0.0048960315851042545 0.011169338961489078 0.03863046860506486 -0.50091388611592791 0.017357985652325093 -0.0084595800346825862 0.48440508694402518
-0.0001214570532090626 -0.48841343847406571 0.015965188927879112 0.50325837648913152 -0.0013022547946719509 0.013808699935570748 0.014241635207802647 -0.49107483831369647 0.034700739899413698 -0.0020536404527352501 -0.514946950426734
-0.006886388018548302 -0.50305695820541829 0.012151433694849853 -0.49913209660705521 -0.013511528410811345 0.00610469483717357 0.0083031862821649118 0.49041734203066856 -0.019425793547799643 -0.012074032640347062 0.50624567412660426
0.0057530442267916676 -0.48973639680169867 0.0035710236565434711 -0.4916745024089314 -0.00533084438094802 0.00077644414589640048 -0.012877457912378595 0.50604133284030595 0.033347487212377937 -0.008756177290577866 -0.51079074954844272
-0.0057356493277229042 -0.49491233544311886 0.015941879233013049 -0.49504618991969379 -0.0089498561959432867 0.0093781567292823432 0.0096935094382862175 -0.49390455549791895 0.021753395235500812 0.033066052594436943 0.51374479173096987
0.001182296141454199 -0.49385156048621703 -0.0088572101005543677 -0.49417657064174847 0.0053980497960879475 -0.0029183926312723908 0.0053063764331059632 -0.48835634612946333 0.025864412161415294 0.0010708020306641334 -0.52210387511757872
-0.01098423361505904 0.50789818432388534 0.018780156159944265 0.025777276549095274 -0.023300386333225898 0.50360461360941255 0.50886553170462923 0.02229895991642732 -0.00093118982314242848 0.034515448302943542 0.47550767355776408
-0.0012005044293706816 0.4952116199414458 0.019019971653497374 0.0050213069225828362 -0.020442595268138915 0.49737803850306106 0.49511998598149165 0.014534252665683195 0.04235554996792628 0.014499711019814137 -0.50913155989500181
0.013154466820091911 0.4903425354902895 0.0028216074770781542 -0.0065230205900154055 0.010618041726736912 0.50222196732823676 -0.48888355149811297 0.0069931478793710334 0.018885406499077492 0.044389985097815166 0.51538125591625383
0.014188634244931005 0.49521884963757662 -0.0021461560087748174 -0.0017842311813302425 -0.022689362497601135 0.49392320251221195 -0.49591329942271717 0.011687681303840208 0.0526823959845076 0.0025575102965093213 -0.5111024054538762
-0.0076869473364147081 0.48467550879947696 -0.0019337395895963304 -0.014915260463806963 -0.024661177290421086 -0.51193835376588726 0.49727643134500887 0.0012150662901740114 -0.0010133238057276777 0.016503426506465663 0.50453601504385082
0.0022425105410309354 0.49575400469768693 0.010834470266600314 -0.00044113203852379456 -0.0049691787187584489 -0.50087945713401771 0.4942618813698833 0.010543436637453957 0.039509205692878031 -0.00013759849294852164 -0.50718188711150447
0.020986928155436475 0.47625041576409277 0.0068051273762273204 -0.0066433168617163196 -0.036285182964662779 -0.50647281594925508 -0.48752121376244706 0.0066528293992593954 -0.028631557777299407 -0.0061087529664815964 0.52559018459657603
0.0019987167063539313 0.49914437417256796 0.0034047617581743294 -0.0052904686260944129 -0.011224191530230762 -0.49956253416310548 -0.49279893016365178 0.012425709914058437 0.036293035175529245 0.0075370670062584379 -0.50669856302233673
-0.021725604667695915 -0.48593375798708677 0.0037236783606315604 -0.0046620532878266126 -0.010118227653450355 0.50296369991309831 0.49960577800246708 0.0075704059116013297 0.0023415996785781852 0.064398530987509944 0.50642869204492869
0.00066129981849681022 -0.50270997150404506 0.00017089789812114667 -0.025333084171530355 -0.014327121545363251 0.48787720714233618 0.5201926753965801 0.0053747277763614085 0.01000463364391101 -0.032895663692217011 -0.48641493870297087
0.0051344198149396629 -0.49437820872904609 -0.014539313133054517 -0.0055147052286168294 0.0022308124404362591 0.5042482825016662 -0.50794876843188275 -0.0091007851869259974 -0.0047084971642153287 -0.011275657316753045 0.49275412519927653
0.0096686368561060831 -0.49103750076591224 -0.012502765648249465 0.0081210414290728838 -0.025896965091965332 0.49568039917172457 -0.51871200406524998 0.017407483021267663 0.0055366151606204899 -0.015090861599071404 -0.49251716424748743
-0.010541994296326674 -0.50102451247877078 0.0075591178359510373 -0.0023671755603087838 -0.013171588858176595 -0.50668048055707482 0.50322106887768181 -0.0012431812005482381 -0.00073790645067621746 -0.0051575848635511731 0.48850980081164119
-0.006194721086696559 -0.50307740596001893 -0.00071828381717299226 -0.012594648938663132 -0.016412591663940424 -0.49775089886407498 0.50057308403822487 0.010847427882337127 0.024202291776344642 -0.013484932371455715 -0.4972238972143756
-0.01054948200094789 -0.50671056468035847 -0.012891719382849975 -0.017372641113570807 -0.00023639197169484182 -0.50339978371024419 -0.48842986642298741 -0.013444312952439967 0.022217647264810951 -0.016055697308139487 0.49975775694976177
-0.0073123879420379442 -0.49971146012671752 -0.016540234784955098 -0.019246223034216726 -0.0039049918387756197 -0.50586113575771385 -0.50609166083785651 0.0079959465267083977 0.039980980873936839 0.019235090317096439 -0.48530308018784785
-0.014179523319337875 0.009801834405996742 0.51029190047133044 0.0050247775380556081 -0.012244402642213558 0.49473408209606468 0.0084956684356988412 0.50330562870318607 -0.0022873857101209684 0.012097681742387059 0.49074202734008687
-0.0067446164662724782 0.0070064264028568204 0.50253505883649008 -0.013491015502959915 -0.027365366473554201 0.49731758680861587 -0.01261870430636842 0.50406141008028849 0.0037872620433526236 -0.018508236255551067 -0.49448381859645818
0.0044428827145091016 -0.01807434389274382 0.51182271032342774 0.012048248851188553 0.024106633546668515 0.50222230871176077 -0.014044469241223517 -0.48624484095240877 0.016209585467586603 0.042663919555265176 0.49600736030038672
0.002041711226395839 0.0020854136854599895 0.4998398258520278 -0.0075612306843263945 -0.020850292858731537 0.50025446395387074 -8.6953313393616152e-06 -0.4878110872644133 0.014998358709236189 0.015044641397299909 -0.51087595989366108
-0.0061164800543518187 -0.002954630245840883 0.49735594078701317 0.037156277911663017 -0.0075055877606978053 -0.49016084112978958 0.015807376925122265 0.50041847085013491 0.0065944968021937819 -0.017151474087421053 0.50979424712141397
-0.0065132547421601949 -0.0025675731758038555 0.49743640931767186 0.00015624504117040669 -0.0071281499974229241 -0.49789342903128642 -0.0003000140406233347 0.5030696126640557 0.023988639067172284 0.012922819511525527 -0.50073717946199181
-0.0098554152083260276 0.0048100333348516109 0.49710050743569439 0.0024355400273842072 -0.016634826872780804 -0.50654536010789186 0.0078560451780703335 -0.50548796173775634 -0.033644478750592684 -0.0055768736005520469 0.48903693043903274
-0.014645849727340027 0.0023290685133356358 0.50519102031020535 0.0072409691413703337 -0.012928276401791429 -0.49577173548991416 0.012775899133343925 -0.49195432531190203 0.028847910696565473 0.007031175235215464 -0.5054591978385099
0.012448244483536213 -0.0010774926224814106 -0.50708790095007217 -0.014393377890136618 -0.029955217640120421 0.49140958377954097 0.00088170461656603756 0.4993460808583155 0.023967478610750107 0.018452786343458594 0.49985562543724088
-0.0078763684828195169 0.0067843157423485689 -0.4947822673541008 0.00039535056899851474 -0.018417314929381336 0.48934150775349561 0.0018968185173262437 0.50533792226885743 0.013350973907895058 -0.032074872508867661 -0.50863633298790034
-0.0072916946467425116 -0.0053496163539267739 -0.50603384848919675 0.030571222554936252 -0.023082676466809563 0.51966025123781323 -0.0046266582660345838 -0.49042205369807834 0.025308355652172626 0.04900886336664248 0.47828463532176774
0.02079160982733912 -0.011345678063109883 -0.51267838176264724 0.013599731955264699 -0.028239359113503736 0.4863252121786294 -0.0029862408221491888 -0.48921047791015365 0.053650256693523878 0.026137250709469418 -0.50616985297532735
-0.013672760598199775 -0.015668460340441254 -0.49352888652807175 0.0083861711968224728 -0.0081191927888167714 -0.49185688044311138 -0.0035966024330264411 0.49950275441939079 -0.013005510061741712 -0.02983479206861888 0.51318822843189726
0.0006559231125443858 0.0023204199349263479 -0.49029481347105308 -0.0022349262133571977 -0.011678375303102466 -0.49917840147165526 -0.0031883395582497057 0.50467500980239965 0.035856099301634935 -0.019118553473636179 -0.50391121786148108
-0.01384434471413103 -0.015525347113635183 -0.51066100117040802 0.011536502432765879 -0.019379065787462828 -0.50972985629602052 0.019685807943821798 -0.48510664998179159 -0.011094336954479258 0.010136573763222523 0.49246080736466941
0.0062053889263531366 0.010488706419827791 -0.49780114721308349 -0.0043231119620315691 -0.011644697952617506 -0.51358175083939617 0.0099035035298925943 -0.48675206350910105 0.041450544089284683 -0.021878621576034492 -0.4989013154288594
0.00093950832544306207 -0.0028152703455145531 -0.0057544680485813347 0.49458750845806254 0.49529939065657058 0.0094554398369562382 0.5056816818303802 0.015085901505312643 0.00074371141128801502 0.027926044275360402 0.50319818919176273
0.0059415563705481293 0.0072991385911495722 -0.0066982543673853234 0.49630150510347099 0.49686487741287094 -0.018170889564762777 0.51713678547846587 -0.010780142743361098 0.025152499941064027 -0.026783429312192603 -0.48728822636969726
-0.017746148031769812 0.0052437255541172827 0.013676601238442788 0.48336685983727223 0.53406223848579282 -0.00034117506120574711 -0.47815363578352904 0.0099799241019975591 0.0030257698241993071 -0.020137084284280852 0.50145713699228378
-0.01373057402011485 0.011153874722399901 0.016892091280012678 0.48529228096480082 0.51545666094337672 -0.009703385318898609 -0.51398097876882187 -0.01259982847652006 0.0071102695814448374 0.0010028850551173532 -0.48344248135702012
-0.0089920647802188836 -0.0046049055535774732 -0.030698799027499248 0.49899294791367338 -0.49054709774128141 -0.011578737638451048 0.50123310102611796 0.0058332784368397275 0.0018448858380024529 -0.015135360670218008 0.50763166328635834
0.0071701678629972716 -0.0049980796255671969 -0.00094774151265919829 0.48639127760965079 -0.50303159872162551 -0.0097906559422064714 0.49660702934596407 0.019066713129621771 0.032414090404143933 0.0027089195281678326 -0.51202489767667314
-0.01428653374764491 -0.00035450771572412233 -0.00034084539171812375 0.50777977403004004 -0.48039259275680207 0.02277233343260986 -0.49026816361164732 0.00082297148765431876 0.010469757146902431 0.021554312612940118 0.51934764667077327
-0.00086076777692526785 0.006946754109461226 0.0084092776487081824 0.50286560089547816 -0.51062572975820752 0.0044486276305190781 -0.50304858408107767 -0.0040676061856534393 0.039259962526141202 0.019966567704852545 -0.48086756507713357
0.012071738700583583 -0.019547735902322862 0.017670658927239246 -0.50627995835619333 0.49905611215769685 0.0063596369493857949 0.49231318732586715 0.0091714558771125304 0.024066825214911328 0.077177823695126477 0.49472319947378784
0.014458980352323621 -0.0073962236868186778 -0.0024587468473118781 -0.50451176653292384 0.4933982410470461 -0.025318149530052743 0.51000024277341438 0.0072095014745563821 0.051361700274632938 0.011752160545226781 -0.48804392294048166
-0.0056826497289006444 -0.014664624388313572 0.0039073148485812828 -0.50053537467285758 0.49504918034041862 0.0025319062672672309 -0.50361283433528226 0.030103274808675733 0.0057100103426490538 0.018507363285431962 0.49921378746485212
-0.019712612874545364 0.011090409677196872 0.0017593306403046248 -0.49927690760486215 0.48748419785298253 -0.0094214857929237235 -0.49617112855980744 0.011761465417416666 0.015836532463858206 -0.017984035872046611 -0.51534448697192692
-0.00043260479686428669 0.002811055233942243 -0.0094989075838374359 -0.49797016291870266 -0.50937832153200546 0.0091096963937802797 0.49369993788447702 0.0092649742167833261 0.0087594202916424484 0.037957228020396694 0.49702634777910321
-0.0029480571481604189 0.0041869023469274635 0.016289255284877971 -0.49947767280235111 -0.50479385413652911 -0.0089918367153163006 0.49406372966766182 0.0074961240537943039 0.040286277459449175 0.006318240542025148 -0.49951450417023596
0.00045157797348504647 -0.0063599861051652244 -0.014624971367142359 -0.51153718381796964 -0.49020188169058804 0.018726312330023424 -0.50949474203919554 0.011794908342789148 -0.015763007042381719 0.0022455064294536475 0.48728747175886622
-0.0074746168777880002 -0.00060586601066550953 0.0071254515890252631 -0.49389395762132471 -0.50382847479277781 -0.0082553988897235957 -0.50187590354181932 0.010177916315473028 0.03616039299625242 0.010657822891028864 -0.49864445271555741
0.47119492033625088 0.4971664696007087 -0.012287001424579683 -0.019737096150159041 0.023717320304097265 0.014180617926549174 0.0003552599452539532 -0.024210538837744874 0.40539345418167461 0.49763508286681818 0.34194432176129275
0.49847771956406095 0.48910195933670664 0.0090823293604268204 0.014745377305737195 0.00028275415894086998 -0.038943929421417008 -0.027688925184438003 -0.0067891740263494663 -0.48601698259204362 -0.38121118606989735 -0.35796000727663851
0.46745152994745198 0.48110555682947609 0.0041793797973843283 0.024087500721970322 0.040552003375358768 0.01045358296670993 0.02089584534486999 -0.0069827799417833524 0.48406594997743535 -0.28595419619322671 -0.48072866696298006
0.52013604145407344 0.48679636466133336 -0.035392617392777735 0.041933037423770678 0.035771587623519195 0.0026362655915373101 0.013360954300523449 0.035973997527652658 -0.48192703947829812 0.10802754925935835 0.49274126880634339
0.48568318274600564 0.48886424370850223 -0.0020155421649341288 -0.0047121349773360964 -0.029863439106346642 -0.010816156939563537 -0.00085955977457037071 0.010659465140658388 -0.092603414781058935 0.50909764132907687 -0.5061801581181623
0.50781100005446356 0.4529453299601548 -0.00057639743339292873 0.014554667865153382 -0.045116706997089064 -0.04747352515089525 -0.011832442014849448 0.055001983848590549 0.31091546040087625 -0.46643428982941154 0.46375909446987723
0.52824768010782541 -0.51893257843487794 0.01219653739075695 0.016865358539781751 0.010135953685087976 0.015750723492840679 0.013680662034958277 -0.0087678132287242628 0.42625438006607691 0.45717693840153062 0.24476879746964372
0.49369797102129037 -0.4876722114231522 -0.040364885450754992 -0.02748298521532775 0.020567621895077208 0.029157463467148835 -0.014689579705194465 0.042822183469796521 -0.46895311270206846 -0.44463331637279013 -0.30840715511219491
0.5000671964908685 -0.50449075858755266 0.01182018027890714 0.0014489340527063283 -0.015129324499503254 -0.019065525599804616 0.022539967469182742 0.0044652288078047761 0.48777604304459049 -0.24446566442249065 -0.44325021042748514
0.50882893771294913 -0.50130072491980782 -0.031625463424456553 -0.0026999277370125504 0.0084500777875219577 -0.020712953784153207 0.018653768593038186 0.0074670334911097185 -0.52943691921387181 0.26140203170264653 0.37315494402229621
0.4751414945014098 -0.49108312880731864 -0.024092621741562965 0.0050417732941825995 0.0010989601912775864 -0.0083837056190365529 0.015808501814021575 -0.004887679169882731 -0.18444744580239231 0.47070927971649912 -0.52586944031624139
0.51666234199503114 -0.50841941711847149 -0.020153975824612213 -0.037553510800048692 0.011440906079772625 0.03290054495411019 -0.012361756916025497 -0.049006598555844938 0.15697673997558736 -0.49587558295106876 0.44547859786916921
-0.53457856990845076 0.51405078949914995 -0.027519187423056223 -0.030975966340716265 -0.0014241497447449541 -0.018035544052197601 0.023443868667203972 -0.031069419340489821 0.42872832373444497 0.41887439150695344 -0.29521984682996483
-0.50288131757030941 0.46835639080226316 0.065555343339402147 -0.0049525563137779519 -0.013098493249615692 0.026420529277530039 -0.038135689146597755 -0.0064285082029211221 -0.50275482191512821 -0.45069726658743992 0.25529381565878329
-0.47212375742938512 0.49091750863367184 -0.00070671694539702946 0.056375938196648337 -0.049869981159292351 0.00045762503784153792 -0.043877403531334701 0.0084460325381582671 0.19577039756019979 -0.51008559519946961 -0.47950314085791762
-0.52485478454919476 0.50319589160379519 -0.018416540572996073 -0.0063225342062953908 -0.0010365081029722935 -0.043876035899677222 0.04590651474553923 0.0011329178358312334 -0.28145727798499026 0.49084470194843749 0.38309347836738267
-0.45652338913905816 0.46177707147365515 0.01707144340670582 0.042305241919268127 -0.038534375128950908 0.009189734463591441 -0.040295275832023268 0.037717136749324129 -0.49383886861491205 0.21909914909718131 -0.52893313142718279
-0.5173538823418512 0.54103772470895883 -0.0018812914839152681 -0.032231199523829204 -0.0045932844424165318 0.011933234829719069 0.015216555913634484 -0.040310620142838059 0.41583220330627879 -0.19463776835267177 0.47514258826763661
-0.52673851593973331 -0.48360188717356722 -0.032972476851655337 -0.039330136900578523 0.0017783877097552409 0.010851162781778629 0.025550994013634799 -0.040063556370136172 0.42190329733181081 0.45923017387298731 0.30784429426884174
-0.48613152413662425 -0.50450103702110272 0.02214539148361554 -0.010196744447286717 -0.039520506931627238 0.016120908457081144 0.028740369161067671 0.050422382885449243 -0.42768324262293617 -0.45723153912860448 -0.33376134715780298
-0.49694537669214844 -0.52259968840260962 0.016638338259641134 0.0064368394232067958 0.01150108926228822 0.0030070663345366888 -0.013067152000432881 0.017459130191633795 0.49388779833574259 -0.14074960800977521 -0.46396561550781856
-0.47229406181214528 -0.50003975736875106 -0.023706900341548844 -0.02101952785856772 -0.012085770053121411 0.0081934754554799892 -0.0042186719047523332 0.025141431950850647 -0.52795616094226461 0.214845660050933 0.44736480568074838
-0.50509449051439781 -0.47543970469908653 -0.025646007788770339 0.011851474845959274 0.013986098950525223 -0.016135262063222352 0.036454467389376966 -0.01755774243556836 -0.25085848246248343 0.49939919428773499 -0.45123804586905314
-0.49899713416138203 -0.53501375606540225 0.019396354094557273 0.0065436904087994349 0.029243020308853458 0.0234075586381834 -0.028210544226093814 -0.0040393992506195754 0.16184646166673372 -0.48444321748694269 0.44860714970899085
-0.0033199547455640709 0.001681842667283756 0.52696361377423317 0.51411658689573125 0.010528453159884106 0.025705159171992426 0.015996349358343355 -0.013443946249753064 0.43310953444047967 0.45167793167210046 0.25529313532098991
-0.023939958718357007 0.019638911917481496 0.49713648697467983 0.49348019644579211 -0.03149955822613016 -0.0093809394806644384 0.032670381676906536 0.0014012651547961415 -0.46263732904933164 -0.44288562495981648 -0.30990850899367095
-0.029828538531723115 -0.011733060791332078 0.5040403696980944 0.49926956245201559 -0.011331893810079581 -0.0061003466646443634 0.0042677835811450703 0.00022468022205869237 0.49443015312502581 -0.24653946646686989 -0.43614106427560195
-0.010327018632784507 0.016427301167077898 0.49081469744448802 0.52203917549332224 0.012571360800952737 0.010098150224480473 0.02491247025974596 -0.0027917849968363741 -0.52370379889629382 0.25421365993278172 0.38264975842428972
-0.0092453953505918143 0.0038305612270904702 0.47656571292026789 0.49684453782331445 0.019254074469483379 -0.011838073182375838 0.025627044857412323 -0.00083346608215765269 -0.18029742306302193 0.47799469264622291 -0.51359136436872244
-0.0022417352936668767 0.055007028911390803 0.51540936543596927 0.51008618392044192 0.030222236514246326 0.040357566669003593 0.032472241735014992 0.0045445695588659388 0.15510429887790717 -0.48910030552794487 0.45193008710033078
-0.0053465879249049832 0.021984791318450169 0.49428528976056824 -0.51059197055748351 -0.012156828015363849 -0.034989625664277359 -0.0094250286947470917 -0.0021518967409110863 0.4761245084998702 0.45990343467703715 0.23408275002187104
0.021600141898616199 0.0012868675461952938 0.49909967961741419 -0.49026133874678646 -0.031056756918927446 0.0078036633470229006 0.017165251637820365 0.033297260001412025 -0.44645122290463801 -0.44048713537656925 -0.33808094269454503
-0.029180893440881227 0.0037936044395952663 0.48742301973356678 -0.48606843442471781 0.016607766981455038 -0.014519615542784966 0.0069267062357222745 -0.0046861134789319327 0.51006286241181487 -0.24590600956422226 -0.4517741644705851
-0.020291080728889733 0.00184078742173926 0.5107812156063688 -0.47716824652309237 0.027191637709214418 -0.037451941846911266 0.019680143392996868 0.028622089936997035 -0.51110843969022413 0.085955568412199285 0.48890606029062039
-0.019079351840981106 -0.015103765168436414 0.48275261371561712 -0.4887264493213454 0.011324684473855066 -0.014904249800614918 0.019062187461736709 0.0011211030235335343 -0.15333457674376477 0.48002920256562176 -0.52235015990349987
4.9214605563544594e-05 -0.024716779772444079 0.49166279366332566 -0.45950939609688479 0.063610183921501834 0.037121812913918285 -0.011682334098212019 0.036683238425504805 0.2980716810677842 -0.46917965103804243 0.48023452311843579
-0.017901308939767074 0.020942177801904008 -0.52385661399222372 0.48390121951019605 0.015172880710202509 0.039511874152330165 0.029962914208000617 -0.020022292340476346 0.43328953979649198 0.45650006525626341 0.30237827014816421
-0.025880148989232878 -0.031975452929532903 -0.48433552010553166 0.51043082100517134 -0.02173508463045104 -0.013656918512932688 -0.039811160099274559 -0.01267661672477793 -0.43825886428197636 -0.44802297859123447 -0.3286142074768662
-0.031678001659075056 -0.0037250437617996723 -0.49459621840817736 0.50078901992538005 -0.0069983009920600815 -0.028276034973530123 0.0021068327475407128 0.023576683305254077 0.50991826135391038 -0.21173516109788845 -0.44419629185814036
0.0072518963680226626 -0.030484781710956574 -0.49110283022672008 0.52781221847223292 -0.029906858391533737 -0.011039730973796381 0.0090796705850711076 0.00074861345187635098 -0.50822123754369131 0.20965327727527217 0.4194135675157234
-0.0039191010887771197 0.01744404782266374 -0.5079007874349134 0.50135515424157739 -0.010035484707259339 -0.012429960025440322 0.020759934331928128 0.0040961823267777371 -0.18094350070988791 0.49015007786887443 -0.46547774120137986
0.0079463937175425197 -0.0022266506035944723 -0.50741433571697314 0.51998869012802773 -0.015485502088552611 -0.017528322068670887 -0.0057617880103093431 0.026199603498301683 0.1766246705823768 -0.49828998055256207 0.43739971610689082
-0.038966602158207589 0.02778019357390887 -0.51991195231491327 -0.52838622130315238 0.017731469657721419 -0.0094541447713537945 0.023416225219584186 -0.037193810889116032 0.42907795202237825 0.42840199991661304 -0.27971017187880276
0.040821167785331673 -0.041248070035245381 -0.47295046533099927 -0.5085255254038189 -0.038621265393593764 0.016923089431790665 -0.033289017087560463 0.0092762651008247536 -0.50324027321948628 -0.45276813082534079 0.23049928981339407
0.056344204368008591 0.00587753767623819 -0.48809378154240873 -0.48550229050490851 -0.049296565595157188 -0.004980602486480269 -0.020827716426168569 0.020924823242762805 0.1998863451451417 -0.49740978364975397 -0.48181441229301752
-0.025089890382515575 0.012087719572974095 -0.53618148138470034 -0.4886873376475841 0.036326298394991269 -0.030865449343434836 0.045060169761244821 0.013136247356461414 -0.2862030522763519 0.48195424168072287 0.39274820873051131
0.0066679327773477891 -0.045256413791098418 -0.47128098310442129 -0.46403374417785587 -0.031495547016222619 -0.062892568662017298 -0.03166102796024927 0.010029514527090075 -0.48820059733818655 0.20884286617642944 -0.52198533733199959
-0.0032438391485269122 0.034945506267079117 -0.51568662677025845 -0.54312646693825728 0.006151471814668733 0.041345215476402589 -0.013971631314937963 -0.037551586892310244 0.41065475701052312 -0.20306726018066931 0.47394408505659263
0.0032535886456325274 -0.038266515032533741 0.047308707958522947 -0.021813297677872566 0.47896217217310261 0.49655877016081396 0.0039411965449003055 -0.054841864323856467 0.50338673795353606 0.47932336148929378 0.18347622096033223
-0.01990168831822204 -0.20832503444500131 0.19491228817211878 -0.024298764077453829 0.41717423046954372 0.41314117927180311 -0.011559041341690236 -0.041677494334863174 -0.50888008199116685 -0.46413151064656183 0.31089512417899151
0.00076233512146702096 -0.048535085405572061 0.038237130684000482 0.050063816061661631 0.44888544418554738 0.4537742261373986 -0.040947554805328218 0.03179781686416408 0.22553247041429897 -0.53402844545977468 -0.49752088499555597
-0.02112411708412119 0.10165446029265338 -0.098813027552532656 0.039681184812944317 0.50465578196529437 0.46276286158638302 0.03470377945529806 0.093948782862233265 -0.41377790674186271 0.39352923580653448 0.41586832717967248
0.11817600514384489 0.012117564078447669 0.03062894653491165 -0.0096059582673891052 0.42996403724273691 0.45851978328881565 -0.12277815530594544 -0.049693472596937592 -0.51705451473982289 0.23400016705909368 -0.5001023481489425
-0.018511688994558354 0.10625407573088375 -0.098552945961391664 0.013572269686021486 0.4751751428246978 0.4875530861051911 0.05731343632129153 0.031086667814558173 0.35603580014386704 -0.43072912726507689 0.44545570824998021
-0.022778759583186446 0.032323358563881285 -0.027536438756271129 -0.037594206887890197 0.51454844789375886 -0.50173117310278437 0.0079991255914104407 -0.031390672969335613 0.42567924968045018 0.46689813180537443 0.28200075178546524
-0.024603787924094525 -0.04546582038148414 0.038690308416684117 -0.0014996374026016864 0.47502062359580322 -0.50988605407984311 -0.034811612526341545 -0.0020246696997725596 -0.44027393184185409 -0.44296866530850865 -0.34485014393774643
-0.009530513842744455 -0.014444868824785436 0.01050446305623899 0.020324705936691095 0.50151891596847908 -0.50624863546997789 -0.0074058209082537392 0.020792412401557034 0.48952741466843797 -0.14973850769576499 -0.47835373174031071
-0.0018099100980216117 -6.3996586837418396e-05 -0.011338238663292923 0.035169390489792188 0.48713728493749614 -0.48995042866604455 -0.00090162753453525125 0.015459722063528046 -0.5085992523040177 0.22586458387126879 0.45972741476891366
0.0089601398474057903 0.026932425427983998 -0.029396636667636915 -0.0050083464463107474 0.49267857381895819 -0.4918730397048634 0.032314423028555313 -0.010978747164808565 -0.23876948087919111 0.50900843758294723 -0.44313501433453928
0.030466220454804772 0.017302687468526 0.011576179561754494 0.013941734934646911 0.50778469064669962 -0.51444681574122708 -0.0087634405247428698 0.024504538506947209 0.14433036800972596 -0.51072543223845035 0.43999344957355374
-0.022833303664265611 0.030252813552244913 -0.031339575037811193 0.00075139638903490009 -0.49450066704178691 0.52327653581175393 0.032261638512571189 -0.0050416155583418807 0.46147380845660491 0.44374481027345253 0.2613382244849054
0.035116604869240259 0.027408222258827317 -0.011437879822813241 0.011393250527344998 -0.51201801332922103 0.48519628971090489 0.0074730499746706947 0.019535243613220499 -0.43894880947433429 -0.43539254962348262 -0.3427782006112608
-0.014871381025239251 -0.013720248648864454 -0.011099478477647319 -0.0036073447760509437 -0.4780214124913495 0.48142464193547468 0.017366950804482414 -0.009999169153961672 0.51688377232665828 -0.23986447760102375 -0.46268221568179807
-0.014161880926070356 0.0075293607907470769 -0.0072739686040044103 0.045724136154898162 -0.49945459487856508 0.50478876731066458 0.017434320223567952 0.033814346632436459 -0.49994112285879866 0.0971589819740728 0.48218688389112346
-0.025126033352521681 -0.0091538379328731847 -0.0045507924246004257 0.017528918470901118 -0.49651871003046716 0.48132119501266096 0.0012116938575173881 0.0027693210189133942 -0.14576068868284758 0.48809774643825815 -0.51113723112444664
-0.012326705111176495 -0.032685170895516126 0.0019653965851946791 0.030009904349696921 -0.48833228421279729 0.46908933292265009 -0.0054394299534658427 0.026456242155201568 0.28204937171236755 -0.50007933114877301 0.45716665130209799
-0.014540574124954365 0.0085149816168847321 0.0016445254580993286 -0.0094915436594455241 -0.5153858654837471 -0.51519354512499982 -0.027312961225648896 0.017758851466479084 0.41060705864707436 0.44757796333226446 0.31399160676757082
0.015079374156635747 -0.02096513816356585 -0.012295876991219274 -0.013728683504489065 -0.50343180066795568 -0.49569212168094762 0.0375084994068264 -0.020699973009792479 -0.46586871031825711 -0.449144940253908 -0.28149412724797102
-0.0061877683438201015 -0.011780813612554623 0.017085055631157864 0.0043824845142655614 -0.5019759465506819 -0.50199747261289929 -0.011202456229665427 0.0076967511047906952 0.46956892443440573 -0.21613637012056078 -0.47763570317282289
-0.011518918527585681 0.036200272375100817 -0.020103037634444102 -0.030206242212291519 -0.49258566402772763 -0.47591514109885213 0.023833849940270317 -0.056442565253228237 -0.53397624235468677 0.21694198853718435 0.43835622307364008
-0.0048868861137965312 -0.0066174093515176287 0.017553250632110225 0.0047649970047129488 -0.50612252854066364 -0.49948206633554026 0.012922934194153766 0.0066284548578476486 -0.22305504562175982 0.48980345942774606 -0.451760154351243
-0.036476481190438219 -0.030612004490421219 0.0037702958251523877 -0.016165761086488036 -0.49653246517245492 -0.5087629450162241 0.0082605584800800949 -0.017818841472420584 0.1745120175750825 -0.49550134625693754 0.46444679457255972
0.0029882907314660099 0.025774416094717336 -0.020159633653453243 -0.033021824570926638 0.013451936357958301 0.04120210936754954 0.50884925061011377 0.49445942196828091 0.42618998734379798 0.46555248509987074 0.30684952003201715
0.02221144495002159 0.02463496385436614 -0.020992317899407628 0.01782282735462859 0.019370234881968783 -0.04575137810949978 0.50020776623612317 0.49864376177317948 -0.40189116683968168 -0.45505133418964722 -0.35809413258994383
-0.0038685796903401778 -0.014169610274323782 0.0053582834505405755 0.0015449633944675657 -0.0029774271170343583 -0.020066105637892361 0.49354444385170299 0.49901655857072752 0.52641049601853029 -0.14381416324532736 -0.45710772997361404
0.0068806203438995907 0.0035595811452799287 0.01326774153664732 0.021307742257493018 -0.025153453312281554 -0.023446586384563997 0.4938621233524445 0.51142460255234512 -0.50822773245968367 0.19940160227573456 0.44115320123998342
-0.00027363316652447565 0.010140053047592234 -0.015188148816005616 -0.0034999173493998692 -0.0062890691886477853 0.0038644866011968448 0.50834065035424481 0.48924224725436027 -0.21354277694397847 0.5067043626471408 -0.44663370506888278
0.010055850346006758 -0.016773684350510958 0.0097687515828817663 0.0079438204825979224 -0.0036038214360788329 -0.0039227754575912339 0.50251024992464632 0.5200520980844261 0.17951365604836025 -0.5063618647218352 0.43339634071572364
-0.021331533336674948 0.0015336763137488571 -0.023929963633934546 -0.020700714294462574 0.043611295047199218 0.023323149896004956 0.52720442323202699 -0.53515711479402517 0.43398439826581853 0.42668074129519473 -0.24770745264008928
0.010989123539188397 -0.020240005292208714 -0.0096578015499718239 0.037283031274773171 -0.037753311321243321 -0.072279382942524034 0.46990852832000285 -0.5014703808776334 -0.49461595346889681 -0.46471073729417389 0.24176245245210592
0.0440773765643801 -2.1677344773232153e-05 0.01123610470196996 0.026083742564489091 -0.030877424525673325 -0.036091273996269602 0.48534709332891524 -0.48194843281251076 0.22051063960559636 -0.49563833941737073 -0.48257245958850348
-0.033208132806965759 -0.0043788892233098892 -0.057849799720385876 0.025618763708801534 0.05972916078448675 -0.011626173678891551 0.52805852961040345 -0.48128426237356559 -0.30794282374830911 0.48035985404606252 0.39384979411008036
0.0098210572381041712 -0.037085136989510131 0.048407968998920255 0.01482617182270465 -0.049755191120488124 -0.00360483016727744 0.46894185450309522 -0.45669436220342724 -0.47645896158977163 0.23732945363592317 -0.5307182903915979
0.010942487079193973 0.064960129239178183 0.0018711263580639312 -0.048668711507847837 -0.010006799445259708 0.050049337701697068 0.4918238677929333 -0.54097631076021513 0.41726995988733345 -0.23366429837376268 0.47688983765555293
-0.0038791566815936048 0.013590305052257619 0.00023740749038225162 -0.013354628475309551 0.014556208545751939 0.021433600151348108 -0.51505138559918229 0.52224051852292075 0.43335739209356938 0.45710327364917314 0.25336820993894171
-0.031360583344399021 0.032438406347372509 -0.0250081022443434 -0.024837546975159285 -0.00021369520381321036 0.01214428057201083 -0.47845183118742546 0.51308992704396061 -0.46578028579377528 -0.43237512051052068 -0.3170133719591135
0.020730866744513882 -0.019400218828553802 0.016073769669365152 0.010498710720782577 -0.0050472691829369955 0.0011231267375870714 -0.48832874856713548 0.49991741598328632 0.50441389521084046 -0.22697395778303839 -0.45217871761212858
-0.012787661391879136 0.021116483634659934 -0.024551935159869861 -0.0037157232274492289 0.00058482559001910798 -0.0048043870575729128 -0.48695695043887544 0.52292081654521527 -0.52623084110957541 0.26930310524832951 0.3724704403996893
-0.02987242754420659 -0.0072070395110573823 -0.015115304252348404 0.0053636652515875573 0.010451713155258779 -0.022017064250118012 -0.47290013012858356 0.48913614866496158 -0.17180856880304021 0.48432886653445262 -0.520790865531777
-0.019404445185137262 0.014591553735234311 -0.030221093761085609 -0.021261521411771282 0.022230187557600794 0.031292069760342905 -0.52319878618096072 0.50964829560024039 0.171411587714692 -0.49823366656771317 0.43066778196565569
-0.025123368682796635 0.026833335788943907 -0.025469946254760772 -0.041536076883272287 0.0011418265887002499 -0.010990447403031038 -0.49033462019980956 -0.52787755568908279 0.44712431073778447 0.46256836755969355 0.25135698399480461
0.00049654421930649399 -0.030024343007906851 0.045997027600931197 -0.005646484371466913 -0.038360744636651636 0.0030057360413243521 -0.51268514233377549 -0.46648587633121141 -0.46835014522047175 -0.43252350648221305 -0.32952470557557184
-0.0037751902551652707 -0.036402280912333801 -0.043181775686334675 -0.017519252018550435 0.041343060100855852 0.0051862046550059781 -0.48278413811438015 -0.48110870574281633 0.48848781352520326 -0.27814246285434641 -0.46284252423614636
-0.0082115881900685344 -0.038181566599866608 -0.025976494792371289 0.055115112958032147 0.02070782976313312 -0.02266160580468082 -0.49183246420213939 -0.50746518148838893 -0.48861234523041747 0.089982133706786885 0.49755505190679095
-0.020338575581910052 0.002517484575462759 -0.02012409634989766 0.019067905165430214 -0.0065574842371831938 -0.032424414266179674 -0.47381035955223605 -0.49616880516292144 -0.14412358923108112 0.47005418739076293 -0.53414867688793122
-0.058386791963389924 0.049994108628705167 0.0093860737037995967 0.052540580206214223 0.024529417417183341 -0.019658421038737592 -0.47941437004162962 -0.45853934607229496 0.30811576796413859 -0.47867827151408915 0.47548935914007168
0.08938242359451129 0.030050451649243606 0.0073146930219045499 0.050210298738696361 -0.062005306802004924 -0.048767643137880991 -0.040771550385997626 0.012360494576028148 0.95110706336559903 0.24121939650178378 -0.13305520811347196
0.038355387187060178 -0.09328655731373918 0.140815741341308 -0.017122068287590345 -0.093060172217363582 0.058738651627854646 -0.13027928593403093 -0.00742620925995783 -0.028158459231135632 0.58720684532744905 0.77133728061400642
0.025597841359344543 -0.043158326306132942 0.01974680529655785 0.042324808233915844 -0.060509459534616207 -0.052823624089327628 -0.036290947433962703 0.020201931647230248 -0.18224911206395766 -0.23758161327992905 -0.94734584022779478
-0.057597291022586775 0.066913869118952765 -0.089219823583102306 -0.081401291889810143 0.020440244073924162 0.035310562775857118 0.078221425105310868 -0.066941326206511026 -0.18768402388307867 -0.29206355030455472 0.91914523160721151
-0.0093649527679713455 -0.033446465405566825 -0.0030634445690865273 0.039644521986484264 -0.021203463254041367 -0.041796399593204581 0.002125467833018741 0.028370397883750315 0.20304759080803403 0.96943945972258438 -0.11474077580654748
0.023225627322627743 -0.14525666872165102 0.022586776258295874 0.13279979795984187 0.030404936723737595 -0.12132344735430356 -0.02189561846542051 0.13608499923067524 0.64059244085570455 -0.047687893723985478 0.71619824557132183
-0.037917018441816858 -0.025905179987215147 -0.029334447982670799 0.022694635098467673 0.024314184212016757 -0.022105818138242271 0.064018597888380963 0.04922371598130558 -0.98925436287651214 -0.073154865030343783 -0.070275418701926745
0.049182246933105508 0.060037123581705015 3.3125628293309712e-05 -0.0022495488952838966 0.0014698959247604639 0.011345799389216633 -0.016144463983188938 -0.00088513912767509246 -0.147572980514209 -0.98518432170068926 -0.034833052723272445
-0.01512253682653749 -0.048911887377921369 0.0098114072115775275 0.023094179197315687 0.28946535980263499 0.28263114568397146 0.0084340402224200878 0.03236054115477887 0.37550662345905889 0.37837256237442363 -0.74012797164731803
-0.15097318196463724 -0.01037135235956968 -0.085309248717993433 -0.065248214882121416 0.027179483258348316 -0.12391372295405396 0.10467945397145022 -0.005812021905635391 0.72503721935656495 -0.64198352263591452 0.025648009636992593
0.13803039390799027 0.13882078438180048 0.12316359489208163 -0.14622103337964396 -0.13047282985175832 0.12898814111400231 -0.14196984800445375 -0.15483337654345131 -0.61269268941138444 0.68474543668440924 0.055389363976957658
0.21184742655203673 -0.19719504656290851 0.19205069038998296 0.22479768685709375 -0.18134274895138439 -0.20368953902155063 -0.24050713983444666 0.19050792586229473 -0.52451800298398277 -0.45836498526741526 0.41843535172533314
-0.22286251114052053 0.22172587228614613 -0.22911557529404958 -0.21987643910925694 0.2509014231646155 0.23796936922762657 0.22395397975071993 -0.24779833347064098 -0.44957582206308089 -0.43659777900550489 -0.42006423199259363
