0.99969857028804121 0.012185363513598205 0.012138622260257637 -0.00038742346010122531 0.0012448470169422979 0.0017457757928323035 -0.010484374018094319 -0.0016992625848991551 0.0068974877826127054 0.0099511651854514334 -0.0065407367639597697
-0.9995458765101245 0.0017583546063780983 0.0003866717773747401 0.0053343472316818383 -0.0036421878651269751 0.0040680692994897469 -0.019459561385245443 -0.018119978837655343 -0.009788827459432858 0.0046192426401393937 0.0047289255630453648
-0.0043641761507861821 0.99945595668031628 -0.018995335224948829 -0.0048155016006957256 -0.00046046216322246627 0.0046814406285478477 0.0010739651202482793 -0.0093492459687228319 0.011853976315490088 -0.0030711259086645851 0.020593555422111366
-0.012610267836519333 -0.99974888081345537 0.0058911504598662201 0.009577890472908808 1.1337209120972814e-05 -0.0087133717283866593 -0.0018462863289208252 -0.0012381428131319166 -0.0070253418879506072 0.0073952266195421897 0.0056396157708085287
-0.010864675898625732 -0.0097817628573480756 0.99963562853715038 0.0058779533959331786 -0.00037195795682127192 -0.012897225872921952 0.012437529473994707 -0.0072531836674966732 0.0074119379992324888 -0.0069214728745763902 -0.0019273151543641009
-0.0035524356948779183 -0.0012294993061852087 -0.99965102637116321 -0.002211865730122465 -0.0062496669664620598 -0.0065714146001833069 -0.002699317119933123 -0.0002403676912810997 0.019319524348706537 0.0083157513685345914 -0.012116930250612163
-0.0086852200778119656 -0.0042113677733080996 0.0002476250526530466 0.99964140296293824 -0.014603025623813307 -0.0032663771299464663 -0.011334254290049207 0.010694580794034772 0.010302429560645919 -0.0047635170353892238 0.0053148276364101115
-0.001901626081686675 0.0023723681340284989 0.023282616811853427 -0.99912722091860384 0.002448494985919624 -0.022412792236395845 0.0060008485555565778 -2.2963507655345855e-05 0.015189683429588985 0.003161499843808104 0.020209186113021593
-0.01330881904556366 -0.014675009269890547 -0.0053799977739406504 0.010743280613111639 0.99955665844844355 -0.014558663872602072 -0.0024333123331441216 -0.0064228202037056479 0.0045881160359881063 0.0010373228059578344 0.0082697258808499385
-0.00030146715200300966 -0.0045707140618635447 0.0074566890160655706 0.00042084014654138755 -0.9998410003495366 0.0034445098405738541 -0.0028857124725377012 -0.014105132848526537 -0.00091031844626811775 0.0014981260103614324 0.0043580471131400038
-0.017175629260437666 0.0031854797089991048 0.0073236339916694848 -0.0053900532231654277 -0.0077699830427919812 0.99966572097163486 -0.0038793369358383579 0.002667758321879321 0.012479120528981504 -0.0064478311377965261 -0.00087561557267062712
-0.0027441351015507699 0.0029193702180609744 0.0099780351780171771 -0.00047494326093716063 -0.0054063615811044347 -0.99983514767624382 -0.0017670557781969166 -0.010452865046950834 0.0041186820022183586 -0.004219627117179511 0.0061200735601030631
-0.019635975066233581 -0.00027352537988687765 0.0050743089083492617 0.0066655404120157776 -0.0055055463801512734 -0.0080725214061571349 0.99956731778536168 -0.00393410567084038 -0.0033645035647667464 -0.0088274416553033377 -0.014462205983861344
-0.0069129298269972345 -0.0032266992444036865 0.0084084559633401477 0.00595204965602398 -0.0065669726021288181 0.00098203233014944997 -0.99984364817496851 -0.0063090977366053388 0.0038534956595727803 0.0048112285095705601 -0.0051437740126988518
-0.0056112478201182404 -0.00091660233261445961 -0.0024298340379959029 -0.0092184227300865541 -0.0035408546693137255 -0.011912422708493723 -0.011419846946837358 0.99923783653530251 0.029427895165563146 0.012941653108542046 -0.0090660130878320172
0.0050926437419023677 -0.0073356581489148476 0.0025503967457054014 0.0090690598765441575 0.00087759344265591558 -0.0056906995264900942 -0.0049314319711409203 -0.99946721848368625 0.019023918568118491 -0.021824897946408302 0.0010348934359790955
0.49432374628065801 0.49413421360155874 0.50912279329244237 0.50063524608013776 0.008870129867101317 -0.006171520490749048 0.0047556436934609704 -0.02106509622887701 -0.0037387263815231164 0.0061042541963176461 0.031613023494417844
0.49501294884525632 0.49640846632290375 0.51201645569922227 -0.49449102652425164 0.0053207840516766971 -0.031686921555140871 -0.0028085767836979595 0.010412447525977357 0.017753212338505936 0.014562906887611509 0.013514995586890243
0.49069460502041284 0.50677639150754317 -0.49945467253551212 0.50073804833853686 -0.022720862593154249 -0.012198049316588348 -0.029778819185065274 -0.0025724011960368905 -0.0043749270808788087 0.0088181191577844445 0.023400985160688142
0.48475993083659119 0.49216275758657541 -0.51011802882584412 -0.5108971213389859 0.0057152463043093349 -0.017412334138956185 0.029580960955082829 -0.0067969882167475664 -0.012203443416275153 -0.011833376065046841 0.0011484919732326388
0.49202485791422113 -0.49842919256434137 0.50835307274409991 0.50001247175688257 -0.0041702758347397402 0.011771837104440313 0.0048349092038964927 -0.0015500102282277057 0.021864052858037504 -0.019594282426952589 -0.00091748246791995523
0.48757983475316563 -0.49989351474555033 0.51137927850264753 -0.50023611498927456 -0.005676600934896448 -0.0022883806381258013 -0.014106706259165899 -0.0041065484207438883 0.012965865947426141 0.00038261056367044747 -0.014347751734040383
0.50307128329149209 -0.50165733922081124 -0.48853247484250761 0.50544699065291998 0.0042368459028490988 -0.0089201748779182792 -0.0036055305069912888 -0.014012169854922067 0.0261753578741271 0.0066035611946202886 -0.009107199343486614
0.50121305583157449 -0.50128894099060195 -0.49034458473332393 -0.50583686642026371 0.014022957130949896 -0.006077324741816219 -0.0069264360712610147 -0.016946625541745065 0.024814124536205497 -0.00096740187454164245 -0.0008400106117909833
-0.50269852308596641 0.49600198720589234 0.49823249524784424 0.5028706889375496 0.00046703013041763861 0.00052754163983465788 -0.0030456937608364766 -0.010046484558967748 0.0042551706064911342 -0.0043850517564463076 -0.0036925311068661247
-0.50844053958723556 0.50351136734275126 0.50170844186498098 -0.48545689134701331 0.0037116583669008609 -0.012948471921246485 -0.0017286428384898675 -0.0078919805810895947 0.014940919211988242 0.0056430837558386808 -0.0091093527938576353
-0.49583569417846829 0.50073102513863643 -0.49971375727132261 0.50293776954117098 -0.010841182705705868 0.0043099682545222557 -0.010334020051826416 -0.0074231585164144138 0.018200813703013876 -0.0028907770778052247 -0.010841451550694187
-0.5028064841790697 0.48568344994253548 -0.50813032784544798 -0.50186952806691887 0.0048581248465217287 -0.011080411603105982 -0.0067091596312338856 -0.01722206736902452 0.018569792933164086 -0.017245892695325043 0.0098754893948074032
-0.49852966049968866 -0.49680088476112622 0.49887827441388705 0.50560973931449316 0.0016840546621281246 -0.0047622302295900346 -0.0022797934349848077 -0.0048323811705197721 0.004955638628751877 -0.00088262015471449304 0.0075442504913318092
-0.50555848828388394 -0.48845104863647704 0.50482121324840068 -0.50062394203904947 0.0034356256719422734 -0.0012807021297426573 -0.0060008792468498745 -0.011863962828682607 0.011082681151974107 0.0038850145658452257 0.0054103858091119582
-0.50224197843503193 -0.50366006895129478 -0.48907873119109124 0.50397792301796052 -0.0040194587928567204 0.0053234278503236964 -0.016227954115128989 -0.0096309226443216586 -0.0096603700274096194 0.0089944441447344248 0.017690646548641165
-0.51253073701296903 -0.50267323957119803 -0.4827729245960507 -0.5007380626610598 -0.0029915823251479494 -0.0051653791601905885 -0.0060043592229044335 -0.0081304857418216438 0.014175045434573869 0.0094479571571547041 0.019888943488685723
0.5024934974747427 0.50958719433669719 -0.015054353474024109 -0.030581668493779149 0.49617868896284378 0.48851059574252664 0.0091788508699352477 -0.00084648053918712023 -0.012000414114880528 0.036646098218930986 0.015858642358953828
0.48897108090327651 0.49857165595980502 0.00040605469495866948 0.0057833273118254981 0.49705290806207719 -0.5145434120868323 -0.0016028784998710611 0.001954467106004153 0.011523273555076187 -0.0017065983129697503 0.018476210413929554
0.49948273395416931 0.51132994334255155 -0.0026472270274987418 -0.003006339240578082 -0.49288761166448919 0.49372941071949916 0.0026626343698034844 0.018243090301974803 0.019559181439113095 0.028721417610368134 0.028077242047399396
0.49324866901678455 0.50336019400970289 -0.00052459120378243584 -0.0092436553209499263 -0.50824091449388387 -0.4935891535178214 -0.015728642994498374 0.019133932313767643 0.0069617269771926078 0.0033620686526265034 0.025222983163695204
0.5045009453521716 -0.51129554731064131 0.00021992018242396403 0.00089180010686849647 0.49984713758242205 0.48251998293420478 0.0017453106063471384 0.021472319628255871 -0.0099322038050436226 0.022277387401663455 0.017974526569399487
0.48874786954739408 -0.48836984644086501 -0.0098392972195342782 0.013023841650576814 0.50339666728469779 -0.51790087141019192 -0.016266285565261534 0.0061810022655585817 -0.0023588626596218881 0.01721957019202822 -0.010935674308247536
0.50243152521014722 -0.51311792339528706 0.0089114249697355135 -0.0079420274925240709 -0.49647568990043089 0.48625565485145139 0.0026163583223216399 -0.00047339778603735399 0.031306039144029324 0.013816169864708214 0.0044015065324147203
0.50021812000135657 -0.50147425792423617 -0.014889652229592406 -0.0016028770013244624 -0.49717326457974592 -0.50075338659708024 0.0072985805883457955 0.0081418907343030027 0.0039791984694292574 0.002241774094460241 -0.0023455633086443143
-0.51099325379038707 0.50784234221203395 -0.0034022848743004968 0.0087388307961319602 0.49282004375360389 0.48760760413880888 -0.0096111221817020559 -0.0028072679024824512 0.011670303762273591 0.0048444411235971079 0.0011904493245603644
-0.51494963604763133 0.49519850756304318 -0.00044726215910472666 0.015296315451790873 0.48888497182151586 -0.50014252141013837 -0.0069482286062321581 -0.0075864448946391773 0.0099439460169293524 0.0038974169720178281 -0.0004144733363907287
-0.50369702011382456 0.5073754495753694 0.0036491615425665418 -0.0077743655049819019 -0.49584142639252138 0.49256719835815149 -0.006793697993629725 -0.0024601326787577153 0.011453649474632144 0.0080852118686423266 -0.0074685748194169522
-0.49397444625551001 0.51207997389708837 -0.00030794608422489298 0.0031188076979884564 -0.49838057180887901 -0.49503403520996303 0.0022816167136124658 0.0057169154143629766 0.012836997977437866 0.0091582038077751039 0.0050084433038178186
-0.51251750774457683 -0.50858180828305599 0.0079286316940887745 0.0021333712284895552 0.49233166650260779 0.48491753351109401 -0.010515054909838492 -0.011258583152890812 0.012505293137323037 0.0099445318843486893 0.023976066661379448
-0.51060728997050964 -0.49244303525402078 0.0014283085564115593 0.0044449062700544339 0.49082247489821834 -0.50543670434936772 -0.0091268454920742422 -0.012629946823369216 -0.00046696168725317966 -0.0045551291136520788 -0.011023117212396155
-0.5038485006624196 -0.50988537340439544 0.018389665946163113 -0.0023748904243783742 -0.49492256048861255 0.49048365663688659 -0.010406621185544496 -0.0094308140020843648 -0.007489879181868284 0.0057892598596592428 -0.00060357661841836023
-0.49494445869651826 -0.50133606262530384 -0.0037198783275635742 -2.4114174668713981e-05 -0.50063242204492542 -0.50272027541742303 -0.0017740518653723127 -0.0044885671645515457 0.0093458127709287533 -0.0012142423311063081 0.014341779051600646
0.50706565346987953 0.50635392953010683 0.0059477994218019511 -0.0037059227771490807 0.0055420916304338552 -0.016885445407832753 0.49742515904668255 0.48760368679670013 0.023291075287784648 0.017579673744615422 -0.0091931792841496458
0.4941827622702149 0.48579160482766504 0.013523191992294787 -0.0045643732504360383 0.0072329670525254994 0.008012952644130187 0.52024887547283705 -0.49878314764624787 -0.0028152237601469154 -0.0001980726136209424 0.0042655811353221442
0.47678245520438878 0.5012360300487998 -0.01596610913333886 0.0036933386545712306 0.0045199020508403399 -0.018540714308491767 -0.52019823755394823 0.49980190367632921 0.01439609752235551 0.012577157773180201 -0.0058826697220755357
0.49463442804059704 0.49322048327192136 0.007394998473323762 0.012006019926178424 -0.011661263264318872 0.0091978548016667053 -0.51265563442617701 -0.49740208368701355 0.024663311225417022 -0.013635506078758158 0.025141262010664304
0.4975684023271198 -0.48129629004586783 0.013530457952647639 0.0093876718914130148 0.022235778088975238 -0.019030268920211757 0.50552211254717128 0.51382616584676266 0.0057451518602556137 0.0069687356770116709 -0.00052775524761456013
0.49066655319031349 -0.50094053215436751 0.010140220389210334 0.015321313501117801 0.035801166628619499 -0.0036523863076119907 0.49907060688545474 -0.50730988503706254 0.0099991328202686542 -0.0078095805249550239 -0.0087478187062805593
0.48891064404467804 -0.50181821027213491 0.0092754437238294872 0.00089110407067005183 -0.0076206367645304208 -0.023371688998591416 -0.50793223582569413 0.49954732642096089 0.013276538680588547 0.027081939741339264 0.0011587235639218213
0.49316581026033041 -0.50075890553675095 0.0038240982535652887 0.0024221969601398506 0.0038695279598373496 -0.004051154835003689 -0.50215950109752061 -0.50293400797012133 0.028406960081086154 -0.0051476849842806236 -0.005990934072829056
-0.50990044226019382 0.50301022472269119 0.016237521942646597 0.0087059431347309372 -0.002263955778442663 0.0064965168932038199 0.50396778611039061 0.48179138271004512 0.014035093524262786 -0.00038160939845834925 -0.01708439780734439
-0.50998177680536916 0.49454911816537694 -0.0032932980934376791 0.016449702132010344 -0.014760717157478995 -0.0019897133234015978 0.48865281352448137 -0.50526123000132106 0.022483096551114506 -0.016062530921324168 0.0015822666163899973
-0.51054002739880489 0.4957675875448912 0.0015020737250902914 -0.0022912088539312316 -0.0015179049752947031 -0.0071544037993880706 -0.50551311741293736 0.48759682807188703 0.0061696413296462209 0.0025180556793164602 -0.012798455764943257
-0.49251694538120067 0.4977704248176445 -0.0071914061606878684 0.011144111248576002 -0.018813925753967981 -0.0050668309706416075 -0.50049415347511494 -0.50819801589578317 0.013037870168875329 -0.012840070118085387 0.0012822208948660805
-0.53134840061220956 -0.49678991035076325 0.012967223465492677 -0.0054623033343966119 -4.293640562044432e-05 -0.0058427202367048337 0.48511859820472153 0.48474412927214267 0.0024650884402524008 0.016046124252026495 0.0074871438249563341
-0.5106025735097377 -0.50280830129476717 0.0013050891463844418 0.0055289078198629132 -0.0045766552263534809 -0.0071177508471546311 0.4836228997723967 -0.50205274113090326 -0.0035585088838626317 -0.020102005615097368 -0.00035520165875064868
-0.51220747494917951 -0.50268053429274862 0.0049687100974860569 0.00025661896031437047 -0.0032789436567194218 -0.012072181681049073 -0.50237456704914818 0.4819762904278076 0.0085877622847920203 0.0042095014354332147 0.0013116242641315345
-0.49417463295529207 -0.49603847391895955 0.010823906856391879 -0.0021124791269300494 -0.0059496535584398092 -0.0061238787977638161 -0.50384005367252016 -0.50560866093946033 0.0011199966263539583 -0.0032356103840524113 0.0060086163329531612
-0.0056559625862403736 0.0016259958585187117 0.50720843549470096 0.5076761305704327 0.4843935162627907 0.4994985229514976 -0.013129882319250157 0.0090676567771312902 0.0014406227753832154 -0.0065425054636827906 0.023120696955655978
-0.015119084070678596 0.0054953520561485027 0.49907004272843847 0.50318694638012296 0.49908573045993748 -0.49827079294861837 -0.0031964373482264593 -0.00029164916802587723 0.00020465929409808285 -0.0090120214871680336 0.0046145101885169187
-0.00062526261300217042 0.0086985435901072716 0.50311056934006493 0.50524968621422917 -0.50251396228897738 0.48816053397609221 -0.01406055324922763 -0.0011266476693042407 0.014589828767034022 -0.0093374031707415626 -0.014368231051665544
-0.0013439889719778137 0.014206131633770278 0.50261494015658492 0.49680847758147217 -0.49925590763938915 -0.50094881331969654 -0.00092637635319308049 0.0011732215947512711 0.007804988410733492 -0.0028386425400194998 0.0088630026152219897
0.0051099154252324227 -0.010333683398912141 0.50256370236694337 -0.50293965960649478 0.49706870934564318 0.49591472103176881 -0.0059239438232703218 0.026228682883689108 0.0059272132560374991 -0.010447784231055897 0.021736841876760907
-0.0083374614699483467 -0.0088529598580149096 0.50863888489103826 -0.48790929370260411 0.49867069664188762 -0.50430808315181419 -0.0019028396657493122 0.00021136994655201929 0.0026720191667341919 0.0047442731550753061 0.0071202543219107579
-0.0076452246095485557 -0.012152815861565264 0.51015758129502675 -0.49303432311705231 -0.50314563339949936 0.49280299680106426 -0.0093146320013843924 -0.0021447221092792453 0.01757597989005617 -0.0029189456303209808 -0.0055801884371339382
-0.0017292144887552055 -0.0064280329088637388 0.5083544279170179 -0.49063429506625122 -0.50552527325614727 -0.49491725317436819 -0.0043972150582538066 -0.01074005671489011 0.011547408304323622 0.0064676953766630652 -0.00084077421147453317
-0.027780414874144874 0.0010881528130665089 -0.49492141598783079 0.50211196883070974 0.49974237253418724 0.50149269889408288 -0.0091138265678318165 -0.0021469521609888808 0.017978548801200939 0.014609865004643043 0.017369906894214943
-0.029408208166100451 -0.0020175967680097326 -0.49500057108478618 0.51352037742427858 0.491485566446968 -0.49853528618874737 -0.0063217201203760107 0.0020464928883381799 0.014268145221880876 0.0074865319525648181 -0.001751908484500897
0.0051406423580401001 0.015514630634077717 -0.4954540545976554 0.49557009402043417 -0.50977901283896299 0.49774805213661127 -0.012363114393392554 -0.027782749382954698 0.0054729261702145737 -0.0057602074141291249 0.0072667544199152296
-0.005749122070099622 -0.0041857893416567277 -0.48873090129960045 0.50346667734807427 -0.50647262488256473 -0.50056364616501259 -0.0055393939300451217 -0.017862522690416979 -0.010533352068352091 0.0044971655514659771 0.0073091350215118535
-0.0059178333991415626 -0.014683700973578231 -0.49269772666477613 -0.51264650761854791 0.50879991071220643 0.48495974819109816 -0.0035452792620130273 0.00027055770220872703 -0.0016175045437249239 0.0063318515220190091 -0.008556819617232099
-0.0067952912817238623 0.006766311614751822 -0.4916202812371987 -0.48967722298261068 0.49799549317243197 -0.51934625354755237 -0.023937013329788408 -0.00062220305567542791 0.0079763604606702902 0.0052464141563585056 0.0070142844539623946
-0.0012448753099733873 0.018178523969208601 -0.49332368037288699 -0.51653521022123294 -0.50057264220397357 0.4875518028642965 -0.0024855552217967914 3.1848751655270832e-05 0.026993303316402175 0.011170619961507817 0.01875589944970284
-0.010742577079322883 0.010426125533171232 -0.49367227229112493 -0.49245258365007222 -0.5014009660592349 -0.51073212177274674 0.0010939401029519704 -0.018490606855264553 -0.0055609194592449954 0.0087754407526945671 0.029202276679404247
-0.0046025771201885814 0.00089995473440533441 0.50669475724911495 0.51164593729172569 0.00019538494245259047 -0.0062739277183223221 0.48700177114315663 0.4939042999479607 -0.013746487709657225 -0.0065768802141942728 0.0085475124340328203
-0.0097589441032874535 -0.0028508782125747836 0.49796939234012172 0.5031064480519174 0.003885977977103979 0.007729873102480099 0.49817761885395262 -0.5000137500410704 0.021051371523127724 -0.0089366634898917913 0.0038020529869379365
-0.01364330905252214 -0.015067581815710733 0.4928230132014757 0.50072250576272337 -0.0083248906116254115 0.0010694498496935381 -0.50756292346526288 0.49801143847323864 -0.0094524952880860932 -0.013672367174232935 0.0026519866625317064
0.0028259464740460062 -0.0090361611761833709 0.50091642697912797 0.49886267759474839 -0.0014179301716749657 -0.0013510810120808659 -0.499385023355781 -0.50023856948993106 0.020607916041526092 -0.0084894551681794252 -0.0021220149150179405
-0.006721140122452539 0.013094740675247634 0.50577483112443622 -0.49771165738425355 0.0045000829974968333 -0.0083048569099745222 0.50563913431792384 0.49025849473316396 -0.0050390308634591027 0.0021035476916800144 -0.010719906480414321
-0.011975481431032317 0.00049706039450064885 0.50354975729035101 -0.49781226179281379 -0.0033239335569691746 0.0063004017649474437 0.50101328292852021 -0.49705701783543782 -0.0023509948746102392 -0.017305737945736924 0.0064176886260381366
-0.0014175358469353601 0.0052218645848939064 0.49934011011353147 -0.48660209495001949 -0.0078830443691141582 0.0024779957616540339 -0.51026896021699997 0.50229148004952495 0.020631290721467709 0.021195609360364236 -0.015305188291765623
0.0059682206516030161 0.0019612418388487195 0.50033440788326311 -0.48977244892407967 2.3111448518435723e-05 -0.0084014769613851483 -0.50076579928449616 -0.5083845840767266 0.017776733019140272 -0.0052963307952617923 0.010632152642483616
-0.00022730159285713105 -0.0034254691518391818 -0.5021083204198411 0.50192642614459138 -0.0055622936894087977 0.0014121397748029128 0.49012053983267179 0.50475834067701042 0.029290107664985895 -0.0074045534431910771 0.00071741238557293931
-0.011137317511943792 -0.024530952457092022 -0.49464607416096107 0.50596395065532163 0.0014643925240003591 -0.020434818367806883 0.49820621801921589 -0.49955488548450044 0.018127540301444433 -0.0022909833294589214 -0.009046139008749992
-0.018433915987318153 -0.010402682109710137 -0.49882694099456865 0.49254531087595094 -0.0136825657116783 -0.0051588384285328409 -0.51621114473122554 0.49126147129399722 0.0038400060094861154 -0.0069562833687260971 -0.0058338454642130142
0.0019243843633107124 -0.011493049163390816 -0.48910069621085756 0.50677989279907187 -0.00071464954361207824 -0.0098602553576225688 -0.5032548606547993 -0.49995228269260755 0.016068484980697528 -0.015547055429410785 -0.0018637441744623936
-0.015796951259695012 -0.013496658052058375 -0.49754004175068328 -0.50400229767164262 -0.024539369451354372 -0.0095075864668308727 0.51109364656709788 0.48494474190961867 0.015591285131643439 0.010000142904437197 -0.02408533159534933
0.0043496809267737167 -0.014290112272254791 -0.49393483345982953 -0.48142841785979218 0.0075032364419780583 -0.016555772566067557 0.51613280953277485 -0.5069078315409401 0.010797779515252737 -0.0075121408416678167 0.013412252626876583
-0.019894141179206532 0.0037206260778508446 -0.50442962752685738 -0.49545294383730465 0.0015771572029276157 -0.00020721167717706497 -0.49917972419559942 0.49980406860905519 0.025401268944657347 -0.0010326816941510295 -0.0058468881666245611
-0.0063643430545306393 -0.0025101952246064196 -0.50386244852111794 -0.48020107371451815 -0.0047201016484879925 -0.00090588129986666935 -0.50194227708238592 -0.51211375003406245 -0.0014178001962143259 -0.02344856647820056 0.02648146383349852
-0.03066121248023719 -0.010473232953245828 0.015526093566096279 0.0019161062169677037 0.49664380218152893 0.49012368268920886 0.51187437171410433 0.49872583518050467 0.017178336288523725 0.01994685369888987 -0.019833721632752377
-0.040943122233774616 -0.0022292483978516319 -0.01978353595635567 0.016979306206210319 0.49444312200681584 0.49633524532076606 0.51632621010732527 -0.48988978779369968 0.011384096918788033 -0.0065724221910517071 0.0076665238025179026
-0.01954884807920838 0.0017922274005112502 -0.0031602332630464775 -0.0016324517723632324 0.49524109132193955 0.48639770454121811 -0.51618327081212156 0.50098766846509069 0.017217720141291557 4.6757618659295349e-05 -0.0050247265016582915
-0.012124939650945184 0.0061429127939564799 -0.0018752063512452956 0.0092492579831201967 0.4885734449158996 0.48952363579354935 -0.51113749651244877 -0.50885562358149883 0.00038843180956148936 -0.0078801863380679668 0.03362960011241168
-0.018611146190977229 0.00017535906738379105 -0.0035269015875784306 0.0036554391494592457 0.50875836024533261 -0.52083836069951983 0.48337138336198404 0.48517161305564604 0.013299120469125975 9.619403440428615e-05 -0.017431634861610756
-0.0034495744830445691 0.0075432645340921351 -0.0019291155645700271 0.013648785897604123 0.5026666065102775 -0.50841644921972406 0.48590239644904248 -0.50217419631587401 0.012845612529023026 -0.011581328669702655 0.000993156355358564
-0.026712968304864526 -0.0034071751690880241 -8.2086210355517022e-05 0.02404390888062944 0.48621469145563589 -0.51265556319924199 -0.50790040597386488 0.4913716882496233 0.0072662859576861864 -0.0014304365615321816 -0.0035264799440923545
-0.0021492678130406234 -0.0036993806176742576 0.00653262161119953 0.0090277305342171561 0.49360635226459365 -0.49760930722992663 -0.50845821507605904 -0.49989902087332688 0.011768250722306065 -0.0046513022214231311 0.0025204451061848609
0.0032402784429768046 -0.0003803511306389972 0.014878684183062407 -0.0016706302889821518 -0.49618895009037073 0.47721488439204279 0.51441415054661366 0.5095019631265667 0.036582617624754031 0.0048434295294245951 -0.015866763017307405
-0.0042822430102467512 -0.013613096602736631 -0.012577912250748439 0.011743585778010436 -0.49212583854445985 0.48425771881238916 0.5084460492302999 -0.51360458690255972 0.0096625032364326922 -0.020110348785662677 -0.0014157532910664984
-0.010983241969352166 0.011285191007432327 0.007067666743248365 -0.0045085909516963847 -0.50681112565729936 0.50191086432188503 -0.50114716197147569 0.48864230683240995 0.020964036622967083 -0.013855850819760899 0.018932599605242028
0.0055472906745110814 -0.016995616937399319 0.010787736399958916 -0.008723929537037392 -0.49781147199616677 0.49804162202189506 -0.50373114930736851 -0.49928397985706602 0.023836100543066379 -0.00070558280921133299 0.00528721004535354
-0.0076720357049669475 -0.011036742510680176 0.0084488555996987593 0.0075969769431542015 -0.49242070459407994 -0.51536562706756239 0.50121131666789798 0.49002727875241525 -0.010117837674620225 0.0016685667387763387 0.012871692039770136
-0.010583125254549771 0.0019565961563430706 0.0018410990719608543 0.0065043439627298794 -0.49673748265374956 -0.50313335544845461 0.4949553843726231 -0.50448980931762066 0.0086491211379465544 -0.016352427948347778 0.010684736594741466
-0.013533546650653913 -0.0043171129825236793 0.014441846013129646 0.0021116490452923833 -0.5010689283810732 -0.50402966862220433 -0.51008676276584575 0.48394612463536274 -9.6808585745297574e-05 -0.0037415268405403173 0.007926937536036566
0.0097868189303565931 -0.0037505769759427461 0.00083627123050614887 -0.00037936686125879081 -0.4940841820437471 -0.50097450935946708 -0.49912133324108904 -0.50546011009005964 0.012575500276846089 -0.0031799369903722807 0.0037929816628718815
0.48587657970365233 -0.0024894825806583199 0.51373945736736171 0.0041708492445105133 0.49561438671588437 -0.0068480457214083225 0.0081229005044862451 -0.016017058454580499 0.50331705836344742 0.022715396544695208 -0.011181749796184462
0.50879348369167388 -0.02645886159071871 0.50865054212837069 0.00015977090748103527 0.48948493540496202 -0.015800142578681151 -0.0041520616506112518 -0.0099513748349856299 -0.49103506469026853 -0.015308439102199908 0.019812143445379592
0.49072137133127797 0.004348567629351794 0.50401122675001975 -0.0038195314317852093 -0.49052779173342909 0.0014933062747198656 0.0046527410181776011 0.0061562767442441928 0.50856147566638699 0.069657593901584519 -0.031072062675904556
0.49950360459324444 -0.0062244971618345057 0.51650351024475971 0.0037505297182643255 -0.50773642488686077 -0.0021611541061860111 -0.0063018711941451745 -0.0068580344912674276 -0.4721632363295768 -0.036161491152130222 0.039166221670645041
0.4792170295830947 -0.011101511849029261 -0.49072936634254405 -0.0095297226619949198 0.50199016513109274 0.012621503475683924 -0.0015632448346432303 0.0048930621930225338 0.52388793055554239 0.039218767632585132 -0.033840491138543823
0.49272067465217562 -0.0022273410221974178 -0.52417097855730954 0.034208628235073514 0.51736065025723255 -0.0033964419599326087 -0.061805799511165598 0.017325660946365812 -0.45392991450893022 -0.047151750112489635 0.035022310846817617
0.48951299761342743 -0.0010523367963613094 -0.48342196650637764 -0.0019729324532216665 -0.49138306465287118 0.013319979992358566 -0.0095233812829668228 0.0018073509381893941 0.52925804088734041 0.065382289942937127 -0.023613777889574795
0.50342238536408934 -0.0064391460750929577 -0.51340882470425897 -0.012070705948613864 -0.4991241815619249 -0.0060066203433363653 -0.016671935572658215 0.033219071554369886 -0.48023114215821056 -0.039725956161542217 -0.0068939347136419095
-0.51191777174234165 -0.0028274660982621357 0.49502047006858269 0.010478388410119128 0.49116840945446272 -0.0064389539286759338 -0.0026341105973923056 -0.0092862485505229055 0.49947482315147929 0.017607779108904879 -0.040136836290022952
-0.50935773834353126 -0.0067494693207999596 0.50907476633136439 0.0040676075564738817 0.49430902486758249 -0.0014191709266546703 0.004424525182005699 0.0037663825683991264 -0.48296302962528387 -0.049377320752158019 0.035593257015791593
-0.51465060445496547 -0.0022962843245678782 0.49806066179630842 0.008892974458125898 -0.50174756316240032 -0.0054557841068695991 -0.0069568873581860409 -0.0073411529628948429 0.48239100452070732 0.039358645307836324 -0.029208164228825523
-0.49480693684666283 -0.0042860037997898568 0.50189746131496027 0.014844687292745344 -0.49961188358794184 0.00017776424072211424 0.0002840022531729906 -0.0087232935726186088 -0.49733486000386296 -0.042170921752450963 0.064943876213742091
-0.51517134490367888 -0.01744040249521003 -0.49187697648441614 0.0082693148415674596 0.48581691983332187 -0.0054729779817982646 -0.0057015077910955803 -0.0054279782509572497 0.50298862752113604 0.053174575140631203 -0.018651490751325484
-0.490086371492922 0.0086753549653099012 -0.49757079309675517 -0.0051651791292944022 0.50479077577481446 -0.026998654533766878 -0.0011713405074409865 -0.013660496848015031 -0.50345370870565498 -0.037921995972092441 0.038760327914998748
-0.50192792069599945 -0.0057344571663780503 -0.48888979051510051 0.0049511008363127612 -0.50144502012003622 -0.0056579671951106358 -0.0077673002700722228 -0.0089407508629207079 0.50029561327074712 0.074308647508969913 -0.039507888192095317
-0.50595405780413727 -0.0073717748109411989 -0.4888145841129094 0.016830479127017565 -0.51517749143315739 0.0083034402764364714 0.0026831292137618696 0.0054811715942713847 -0.4874178040705649 -0.037623978053538072 0.015082074949723351
0.48441044304789205 0.0040669285066143087 0.0068832361492278003 0.49548299849920324 0.0068840908619326371 0.00094584942161470085 0.49597658797192695 0.0034129745843848218 0.51842432994583731 0.056896921028769212 -0.041538499789511428
0.49108319501692077 0.0059565762663831437 -0.00690594280512176 0.52652142573705107 -0.029646562985856873 -0.0021964257082577698 0.50186958312001206 -0.013279926379363451 -0.47621400282892129 -0.030822878710656251 0.029433089102798342
0.49779369783645533 -0.010918787343107174 0.017574277422661121 0.49008277604298478 0.0051833609389945936 -0.008200634110129083 -0.49430106494371739 0.0063005969465471136 0.51281920004010162 0.053410274532455164 -0.035898252939754557
0.50695951790155513 0.0041388900088479017 0.01300147243108757 0.4985601693255885 -0.0011614465127051292 -0.014620756945051078 -0.51061546413460923 -0.0031015856741710632 -0.47835467036986856 -0.052389875561194239 0.0415073344175894
0.48535991255254513 0.00058189956056815405 -0.0049933863328268232 -0.50268131156921414 0.0023347291666168091 -0.0054432733498283852 0.49433869150192938 -0.0022003947294497264 0.51468088613375162 0.047684507426399438 -0.011449503661864932
0.51614671618228891 -0.031007597781228923 0.0076651379451229398 -0.5084339636769073 -0.064366965125698852 0.0079310330828621829 0.50043501336394747 -0.016296913640404039 -0.46354029147788139 -0.043933474688023819 0.048586983777087055
0.48174239657808671 -0.0073521155198942086 0.010919752227024924 -0.499542690753839 0.0035286299286599065 -0.017606029162567396 -0.49680323266972798 -0.0022334690597497504 0.51809747758247993 0.050199532616856585 -0.011055118400080379
0.50229586604310827 0.0064022016848356402 -0.029411776443971929 -0.50839538298997233 -0.0005023956956304701 -0.0001340492809840171 -0.52101397645168557 0.013930804086017845 -0.46357311750545932 -0.040724047052175874 0.010889082482757049
-0.50403403253732071 -0.002403255547318313 0.0017555223606454885 0.50565175112720329 -0.0077427441658849006 -0.0040455695419436858 0.48450683620627222 -0.0011744344823986159 0.50113811696148947 0.050020491435087855 -0.042321518734075268
-0.5098154616365782 -0.00071441615464119302 0.0014714618045107947 0.51426306270940547 -0.013692353209218881 0.0062928432470923147 0.48818633326697081 -0.019704063602985145 -0.48402799830839038 -0.039754281027465151 0.02853575456587348
-0.5000490260118432 -0.001061223269632872 0.0038034972829653351 0.49748247727821548 -0.0059267477474584766 0.0015752920300121096 -0.50324858943876805 -0.0041966054911975565 0.49510942451328332 0.042573885984686512 -0.046758137644854328
-0.49482227349788555 0.025384587832382698 -0.0070091622003303341 0.50591194480689439 -0.00045994346893210613 0.0061267600687073169 -0.49877831783841881 -0.011896605134180073 -0.49466879097387872 -0.058512521414254677 0.037821949655339498
-0.51527436962800199 -0.0035177180785839696 0.0040161603379121891 -0.4819313365538922 -0.0060763777365995869 -0.0084014763169344159 0.49153704743995352 -0.013911445365330446 0.50734265977844994 0.04453796549480106 -0.030267105530164793
-0.5192042938273439 0.0039716010553506138 -0.0037362306926328791 -0.48791315872077706 -0.0064718005513079435 -0.009663983446373637 0.48940248429635214 -0.024210479305371162 -0.49968975660322856 -0.045868588433756442 0.017547700774400085
-0.50759250733514616 0.0032141987480138012 0.0060398159820127433 -0.49005498387562763 -0.0019957625308436012 -0.0070879248393355696 -0.49612596377518176 -0.0088021749073818271 0.50388804327879888 0.030544212467885308 -0.032254732815644956
-0.49760533375730842 0.028183395455530173 0.0077790961260820963 -0.5103679266865746 -0.0066181809724388859 0.0045139152023086606 -0.50709169347844463 -0.020401964769915078 -0.47935262268688011 -0.048013404936391814 0.036770472779935767
0.49093498395926677 0.018131810041766117 0.018730789965038408 -0.0084806158147524326 0.013276649600263675 0.49619028779876573 0.015309384199718281 0.49636013076641716 0.51444373835607726 0.016575860653582502 -0.017758625300665028
0.50734426882054251 0.0034809398461378696 0.020316811265932024 0.0031587667805363273 0.0060489495637847234 0.49593690197794926 -0.058851968934955846 0.51081754357314768 -0.4707667659822416 -0.063604989186162711 0.078178418495516294
0.48491050161394222 -0.0055626801697037133 0.0084086568275974077 -0.0030719353599943694 0.007864712446343165 0.49476517165737083 0.016293328511999647 -0.49937154151820023 0.51846941138667335 0.035431041219975146 -0.013892180264245879
0.51400740629665009 -0.0099155874019226774 0.030722412235357089 0.0088750097398479187 -0.011483237390064313 0.50078465442607822 0.0020849652473583645 -0.51318186092798079 -0.46661991482877507 -0.035312220727005621 0.037646152851874858
0.4848210980921514 -0.0050586201844248233 -0.00042978134230753058 -0.0063081988205664647 -0.0004848216631408199 -0.50792355262451427 0.0014452344184795298 0.49139029822803815 0.51358086054857499 0.038743237952864946 -0.012787183246664653
0.49877023612404392 0.0051821502585259948 -0.0062920744252679761 -0.0075937185658110987 -0.0012007012090273338 -0.51505713751250792 -0.020473993322268354 0.5123321193765874 -0.46946678972600131 -0.048578481698198242 0.01251099676509331
0.50647840369415564 0.0048629205677437155 -0.014938455222394351 0.0024655600256869308 0.0093933898456463969 -0.49210551647258161 0.0057243873865307849 -0.49542995133804696 0.50333510281471217 0.026408588300687996 -0.037992400469811533
0.5041924090188763 0.0028467964907104648 -0.0090714635364849364 0.0074468662899787623 -0.012786799844269532 -0.50610813084672968 0.011871789511477908 -0.50224008866250425 -0.4821400893491255 -0.0446612180054946 0.049954825718624349
-0.50140173138194299 -0.0051247205313559438 0.0072911324237733225 0.0021588057951762944 -0.0011611937457670825 0.48784842005018625 -0.0041756447196452835 0.48996592787661314 0.515700004918625 0.057425353396687501 -0.034446739485550618
-0.51425457402950348 -0.0017256382988437764 0.0025247173208543406 -0.004646347869855876 0.013568120359661451 0.50038872280607305 -0.014665736498234723 0.49330021083938069 -0.48888207004912809 -0.041710096132382038 0.025154171392116634
-0.50271966507872956 -0.00324806755238707 0.0042579520170229687 0.0035495673986240218 -0.0010545179987812652 0.49808507416252501 -0.0078683684571951712 -0.49717574665550729 0.5001667565020661 0.022033356218323627 -0.03526922630042973
-0.49603148056326002 0.0049211634459732489 0.022365779253366597 -0.011313551438805185 -0.014200737087504833 0.50579038569174328 -0.0078892719807358742 -0.51137125064789801 -0.48320378993233953 -0.032016074175783539 0.034655800503975952
-0.50476989871821154 -0.0022078626539453533 0.0034521581387589521 0.0039538287417874921 -0.0069060531444324431 -0.50353621208936117 -0.0007117005136206316 0.48772814757963873 0.49787841523771076 0.065287395498113715 -0.03941955413255218
-0.51441045393829365 0.0070797950615209514 0.0032195250503408344 0.0051630602463206042 -0.0020086752459733451 -0.50659427540361546 0.0093143130241503669 0.48157050442389898 -0.49217205125347069 -0.054931299113092878 0.037486816146067095
-0.49541210702024036 -0.0021425399096704832 0.00060596787439161988 0.013849045407752432 -0.0047325530684523944 -0.50184794132382571 -0.0099095910310120494 -0.49883791430203278 0.50066953809534565 0.018471346258231963 -0.05047470125142501
-0.49089004802161929 0.010928822433107867 -0.0013145842013057936 0.021064681330360411 0.0044797259088470891 -0.5036150367313561 -0.007417587548447996 -0.51911708323203953 -0.4792997663201406 -0.06111694142252732 0.042576827787858741
-0.014644581208299635 0.49258284470851571 0.50247879653057592 0.0022297072653061712 0.008443071376607018 -0.012198512459432251 0.0048566199628247604 0.48868306162250147 0.51029604147811336 0.060812499324991345 -0.038765243785020234
-0.023101493637495196 0.50420193529143198 0.51522682985818946 0.0011124475828608097 0.0019139986891367547 -0.013713973169852584 0.0012191281930682149 0.48927113677180878 -0.48674464273751483 -0.044840894136682935 0.035725126612573661
-0.0062396728374339433 0.49617700399331444 0.49424977623814909 0.0021178091559346016 0.0013336120812230789 0.00071912775029035422 -0.00089040386983453774 -0.50394806670068737 0.50188415345519555 0.018435564130658576 -0.057339382918275464
0.003245866780077373 0.49100769472596167 0.49933839157388099 -0.0047335685762413936 -0.00076544595958823831 -0.0051679934958751049 -0.008637867629235187 -0.51574569656640501 -0.48642350345428886 -0.038571198931428047 0.07313398423234542
-0.0086201810356058006 0.48964484135461606 -0.48608460907122197 -0.0078667801283682712 0.005740226273467256 -0.0065197489668523071 0.00078052032703456386 0.49522491952238529 0.52505376818644034 0.046008452803171923 -0.026673277636960594
-0.004636953380560741 0.48910894948777067 -0.47410619709167601 -0.003592905688784179 0.049396904568573617 -0.010772902582627909 0.050191725824412996 0.52848331892512035 -0.486871726353443 -0.080230612056547787 0.090057607866248501
-0.0077082102433054106 0.48797374018860784 -0.49276795387765654 -0.0059119488307678636 -0.0056473515424636184 0.0064654442385555936 -0.0041426560954494962 -0.49794575257701351 0.51982355461529195 0.0056700010751324541 -0.026028818081253794
0.0026254467793957893 0.48748045011091223 -0.49705732893342564 0.017890156362946615 0.013728936898647506 0.01828411608121544 0.035455677997056616 -0.52231432874072004 -0.48873440027531706 -0.019369791298884175 0.033781848690889876
-0.014105901637983552 -0.49441128471755097 0.50545485922549205 -0.017176993888770819 0.0080147687562197849 -0.014434607308216038 0.016351717257493358 0.49699620373137798 0.4923687020660345 0.08990150970767613 -0.039043839978468393
0.0076434921447137254 -0.50630999822492939 0.51396599547918143 0.010482489521797925 -0.013221824436353953 -0.016109985758237123 0.0038378343705948404 0.48097440070633873 -0.49566268366326033 -0.039490283617642001 0.017158256418518019
-0.013125881231462636 -0.50477711150243987 0.49269686092373433 0.0070381280273140723 0.0060689876244881882 0.002577794648084851 0.004524582576716913 -0.49848233812142362 0.49998615133854635 0.034591356668996119 -0.049967414840655727
0.0058041862031363977 -0.49892468652147587 0.49698401877737874 -0.0047644494357752566 -0.007778710873585332 -0.009461652922479925 -0.00062326454471315566 -0.5119328092331803 -0.4879566387233592 -0.046267264285776898 0.039454934264152211
-0.011626862923969784 -0.49798763001273583 -0.49276432564368228 -0.0083677731692516216 -0.0057613774651732383 -0.013504881691008538 0.0027572023849825396 0.49376156085806566 0.511016641484909 0.054393320837768412 -0.029430230816544209
-0.03859360557940443 -0.49148082835207069 -0.50425122873534589 -0.0015361667732997093 -0.013598010978073767 -0.0052662097613948456 0.0025154824986883136 0.52524931168850186 -0.47218809782135723 -0.057547296502356939 0.017503441751367355
-0.0034561091865938781 -0.4993991296589067 -0.49532824935490194 0.0009788466787603871 -0.0059272217926946424 -0.012180898877411007 -0.0047622250123426071 -0.49437395355911373 0.50907839785353481 0.027201010392954705 -0.026926394625093688
-0.00251996451273406 -0.49985966613320776 -0.50321749458289733 0.0070812230333605047 0.017271231099868899 0.0020849141129601571 0.0091972248372021101 -0.50373653551340847 -0.48933076371541301 -0.052093465629493824 0.023662617188184909
0.0044077654115488724 0.49235613687787877 -0.0011497416626080727 0.50013907983715844 0.0045485323639688794 0.49478995466565723 -0.019528694491971539 -0.0066990324893092925 0.50937274547604405 0.044100550639611574 -0.027497222885879493
0.024885712191364161 0.50061900712312457 -0.0030097858751331726 0.49875057128823247 0.0021045003292040577 0.51938877091211377 0.013693916235724054 -0.00080688145301027986 -0.47895506396705495 -0.023605852125728719 -0.0093611772434632774
-0.0025076441105482549 0.4933519998570895 -0.0029320191806632315 0.50182779167433733 0.00094551580836670112 -0.49280460039456658 -0.0089850303596991331 -0.00012059456922549979 0.50826222972549007 0.038136499541666993 -0.045109716006440349
-0.0065107216760884818 0.50301064620031199 0.0023502555790354917 0.50360921853784757 -0.001287288053391218 -0.51101085293290083 -0.007663483666495355 -0.0033557154856457085 -0.47643677625614889 -0.050559256292438265 0.050578184176048438
-0.017234890085535054 0.49634299277022259 0.010195918215801899 -0.49241731889437057 0.016535205165402897 0.49424695114162559 -0.007425418080059849 -0.0047534358907831151 0.51026259034892041 0.07146133238358536 -0.025729215913843993
0.0079847542295439569 0.50272717726287264 0.043254157341595011 -0.52675451097247239 -0.015342986568780675 0.48207330155607675 0.044283255248213631 -0.012836456086049405 -0.47021203553550123 -0.079034588282979532 0.075886170454604371
-0.011179489104064357 0.49364288211521024 0.0073002470295177391 -0.48861848875251784 0.0077077930257920197 -0.50551830392140096 -0.0036043450272147965 -0.0064852484981411784 0.50982159150632911 0.027464183824456045 -0.032478467014749934
-0.013947352784769189 0.51728538892133258 0.020229948562604259 -0.48491838481144312 0.011221150610132158 -0.51071535606990781 -0.010608484495294808 -0.0074844882475280251 -0.48209913443344982 -0.029085811276107373 0.047707447201727489
-0.0054242831809712495 -0.49511174769846389 -0.0098338612506285849 0.49807375134393927 0.0025346830287374337 0.49199360175765167 -0.0075442877410539164 -0.0071499327419895717 0.50891818179338599 0.063015544391069184 -0.038986236532627755
0.00025772130288636885 -0.50834366496302363 0.0084843815258997812 0.50137626614461517 -0.014562815434827276 0.49702416477186467 0.0096946104516632756 0.018335148718296918 -0.48591309971716079 -0.054455485580784925 0.058174800311041594
0.0019097118872666782 -0.49337891985925636 0.016880963199512575 0.50241736665485037 -0.002123584703296539 -0.51197670842298859 0.015292119285915512 -0.0026247926238384496 0.48839040123062966 0.048304238992858843 -0.025328554182698089
-0.0075820131156989256 -0.49595300310073559 9.0121914797942177e-05 0.50654091127361422 0.020532059357085578 -0.49840372464820154 0.0098219720400873275 0.00716343108919003 -0.48247333503473416 -0.10130318133137381 0.073286773873919714
-0.013419979256983655 -0.49374877496717762 -0.0032741032796541952 -0.49962033890764351 0.0073977329045901187 0.48042740869685585 -0.0015517358379079423 -0.0065657558817017667 0.51936841475494144 0.073034948364656488 -0.02030901600959422
-0.014218437307556189 -0.50016486232611701 0.019889679788220458 -0.51216114038613103 -0.0056758838406389253 0.49332845874921666 0.016488395740223795 -0.020636828903103966 -0.49051482649982542 -0.033430550998946033 0.033211246955936233
-0.013351550735836541 -0.49392228351359385 0.0020828140568852748 -0.4951720567102596 0.0020150692258704699 -0.50665320763052668 0.0069163464924305836 -0.0075301364101414683 0.50047439447106956 0.044803988517103648 -0.037077231058041775
-0.0088214240305437563 -0.50509650653266902 0.026246088894258231 -0.50349649468278457 -0.0093736449523223863 -0.50403992674182274 -0.01546002235392311 -0.0018095402822303978 -0.48040570228034707 -0.043363908689739827 0.059545421061014632
-0.008526402684460737 0.48768542100294571 0.013701523774768474 -0.0075512574438318407 0.50049242336317079 -0.0063895618767001961 0.49892897251994678 -0.0096680959334313008 0.5114489887149164 0.017270086530645309 -0.02025016952319653
-0.033515488383412256 0.51162901329244292 0.027200547286149415 0.045642340368491671 0.50153244033854827 -0.0074381769284109335 0.49976869398134238 -0.028745214889782354 -0.47801131991677437 -0.036522036200554019 0.04770262719387347
-0.0056531175537193083 0.48488685050923225 0.020532253101235725 0.0041198101039984355 0.4950802691613253 -0.00517363917725673 -0.50805662979687871 -0.0053627855993595083 0.50815405197321128 0.046644370728993606 -0.027137839814989444
0.0038461246039827182 0.48539959300029922 0.035107341024106738 0.018437417633235247 0.52003755353406 -0.027628380048932675 -0.48652903951294718 0.0045250256405412166 -0.5044677851222682 -0.00084413859905288198 0.019446163259393079
-0.0028056716894174294 0.497749722977116 0.0060453473788495615 -0.0031792595823417007 -0.48800779304034086 -0.0093323624016054488 0.49437652681579891 -0.0031033143088499316 0.51790803749409708 0.030571000785912728 -0.019258408393805489
-0.010453032755055826 0.50114585177353499 0.026410846900910816 0.021257877972615264 -0.5009435535216632 0.013363100995152378 0.50746436824639596 -0.022951238553155503 -0.48617588311690141 -0.040588436198452975 0.020245196837460708
-0.005533187316228449 0.50086421208636522 0.011304796162040037 -0.0060268935790295788 -0.49218655261693489 -0.0033564669887393133 -0.49261485808588007 0.0027409945080630557 0.50836230394867776 0.068126971516782875 -0.030512403989838708
0.0060253870747948605 0.4954428339415981 0.036728528085926214 0.0059932499803033151 -0.51185641719382358 0.020840080307804321 -0.50565918766073703 -0.015618832181310376 -0.48341118412770701 -0.022318824754768464 0.023753390357764147
-0.016853193944169311 -0.49910592422293459 0.0025710736568237296 0.0072052506596326955 0.50236851865759957 -0.016554993985452522 0.49481637724302957 -0.00058335160956585078 0.49929109801182792 0.05269920981604434 -0.03146631663279767
-0.034225996436967589 -0.49885830736345316 0.0029520833023780821 0.013393411567511646 0.50754197952813151 -0.0084451324695177278 0.50704932557099158 0.0032719239039720321 -0.48324225714369889 -0.03139151043575323 0.022191456972420087
-0.005164254554786629 -0.50316690881617143 0.01585189446269164 0.0029999860560665178 0.498328890125944 -0.0083118523151756718 -0.49273853124147438 0.012264997218362526 0.50132661858869543 0.048647729856824314 -0.038712656809433948
0.0050958660943335749 -0.50763614425858872 -0.0005222937809998561 0.024789542065906809 0.49132310088826681 -0.0086212374964503274 -0.51574380324523683 -0.011940991076485805 -0.48103807546052552 -0.0392599439161554 0.033449016564658027
0.0032559014094534606 -0.49835516509834549 -0.0056517704152008368 -0.0016092453618694457 -0.49461611656763682 -0.017356738173044825 0.50266989295807829 -0.0055987900769020223 0.49996428976233775 0.05483289292989859 -0.031166204396149342
-0.0039398902580248226 -0.50548989024696211 0.018174385626353651 0.021374959117974719 -0.51029045867450973 -0.011457309341389735 0.49912428553796895 -0.01865256373787513 -0.47870360337843432 -0.043383721543972492 0.051355341210109338
-0.0072789947651047482 -0.5012099778293454 0.010220242595957923 -0.00040692009801691122 -0.48925330957725799 -0.0066862611811247747 -0.49369795644665909 0.0014863793666691041 0.50974931774251597 0.068982398164605038 -0.029574121748889008
0.034683651833000005 -0.50485844183100292 0.0012037602268190441 0.0013982049511745284 -0.49557521916686592 0.00033960175141055967 -0.49910686139944915 -0.014722769150722872 -0.48851111604195585 -0.066633404164009369 0.076870935571107316
-0.014328932825025792 -0.0019543136058481018 0.50857253972144778 -0.0070107420244342336 0.00214175268318914 0.48597033187642907 0.49635439636727019 -0.001753205902883379 0.50640252298674582 0.030987829822392853 -0.033902974837444116
-0.0076704117549372119 -0.012200025120369388 0.49509007974473679 0.0091795578615121078 -0.0070131424860920347 0.51607564666031125 0.50775305208872468 -0.01474990781827536 -0.47604834046885319 -0.053439143519271232 0.026497723934622713
-0.0041918611297429003 -0.012127673194564689 0.50529407986307362 0.0050733450208399079 0.00085954794708739939 0.49405099281246728 -0.49118804828857143 -0.0031513263877205266 0.50554061133768591 0.046111932837110244 -0.037777372141700759
-0.003103558421386913 -0.021443355738433683 0.51972510757486301 -0.021867948341642109 -0.00084202743905795847 0.48171988557659101 -0.50026961784565782 -0.0059405591384897724 -0.49287828760175284 -0.049346036523204628 0.034847957604255936
0.009734562652112911 -0.00010740146734541147 0.49610519778533707 -0.0088352643914891092 -0.00097961233100270066 -0.50660808891358766 0.50701843801065749 -0.0042736790578472485 0.48404105905689376 0.044575463582125302 -0.060707516614234104
-0.012086256751903267 0.0040167979224024946 0.50188913558162473 -0.0059843055958815738 0.0042778791068761876 -0.50316384779165213 0.4891954974558988 -0.023753538042080195 -0.49872918186349352 -0.052865158577854225 0.057577133441637618
-0.0069717098051610867 -0.011023907488231705 0.50672150199391075 0.0045524293717475964 0.0011517286633675905 -0.50321078223025728 -0.48868838494602135 0.0025488580524399497 0.49640525615057696 0.036126183516671906 -0.05721828353166615
0.014153630410699615 -0.0038449197330947533 0.50949304179537691 0.0034146974860555907 -0.0060544427718574982 -0.50485938008309461 -0.49795911461561904 -0.024975103300805445 -0.47925186689247301 -0.06005336887600754 0.058263427289480176
-0.020164482903623424 -0.0094179000146520572 -0.49913481121844477 0.0030838580757188714 -0.0030972592634475379 0.48353201772047255 0.49748546346959627 -0.0013657872957169503 0.51496615430184334 0.054653927369719378 -0.029596926701992123
0.0097982436216718528 -0.01289469991521016 -0.49238289000810509 0.018044628415767743 -0.04611665502487533 0.49163503525417429 0.51747842202128236 0.029207385227801218 -0.48401870112785256 -0.069486923952049376 0.073484176101258639
-0.0066305047180564699 -0.0023725377898142614 -0.4805672166144152 -0.0063407203310768415 0.0080006629606415199 0.49148848138200446 -0.51299231711206084 -0.012570828709790214 0.50195819019532029 0.10203175603639771 -0.040605024557233367
-0.0030758184574782438 -0.054617107407410555 -0.50071603394648967 -0.010412406431179891 -0.0011212502034706464 0.51983975225086509 -0.48616299824538989 0.00848479977594227 -0.4882034625419851 -0.017843700386910796 0.029333422346325175
-0.011775977709635437 0.0042657215536920619 -0.49116761668996323 0.0014838731987113359 0.0067590033659448807 -0.50379791199698276 0.49412120045910335 -0.0038044527667077232 0.50884111782287744 0.029875900882959182 -0.027480773282715507
-0.003245778622170228 0.0006488343350683686 -0.49474824471951129 0.024416269000093936 -0.017590621604566915 -0.49159071873510252 0.49850248374912953 -0.0097562097099889271 -0.51316961816192785 -0.011953385636595941 0.023671692180677002
-0.0072079067355711761 -0.0015928261684644758 -0.49196857247958375 0.0029102830083549006 -0.007045698650061512 -0.49751012632132441 -0.50157874724586327 0.0032834487797607456 0.50500052369969839 0.04656082907934965 -0.039402218245011077
0.0051360452228230513 -0.024167400984923124 -0.48487617054538168 0.0046826903867236242 -0.0099679354414117342 -0.51770335141332047 -0.49651170002462308 -0.011045491726760271 -0.49709509348401382 -0.016847333022732888 0.045971446255871184
-0.012868417292098394 0.0087790761071898354 0.0030260189307534267 0.4947220121707096 0.50798176042971055 0.0032086685639786767 0.0050426165040575394 0.48925680564446977 0.50425814107378819 0.049670235413892379 -0.028310529545964271
-0.022568126133024242 -0.0359893476759039 0.0019723120736002417 0.49752866302451343 0.50817413645171294 0.015049259697363626 -0.0096917679751237738 0.51254165445474786 -0.47678896339830074 -0.042860402904787508 0.015223177778235298
0.0018303315576921723 -0.0018337604444948529 0.0017493727558385666 0.50050030319199856 0.49560550502334894 -0.0051786922418653597 -0.0056296624917578997 -0.49808754716350556 0.50363339762019721 0.031116088644227588 -0.033171223007410704
-0.0019298034366901462 -0.011520124397229223 -0.006793277446661217 0.50945006849532048 0.50468796145108874 -0.0065740213949852001 -0.010242012123844596 -0.5028985308988041 -0.47826018352843624 -0.042918286195515826 0.04402580904563401
-0.010214109383846745 0.0017526551482981024 0.012067895494968998 0.49469287697382419 -0.50372372095753637 -0.00792795873958471 -0.0068321920013481342 0.49250084202817429 0.50306777770873456 0.069996618064618391 -0.025397050984990434
0.007466380465570451 0.0091468155529524451 0.0061031019328492021 0.47604832193362806 -0.4728535360364699 -0.012855265236485912 -0.012457385854327149 0.49039445368044599 -0.52126082738933222 -0.14190793555552519 0.13020365918573595
0.0055972563798258627 0.0023157592919688607 0.0040691623408611243 0.49913788886603616 -0.49220318058932189 -0.00092216869582145038 0.0019289018556949233 -0.49935895444645073 0.50681279896809506 0.035708367082423503 -0.032340527098097302
-0.17689051068433129 -0.24188406227952242 0.025534389133355723 0.26098264044378333 -0.24866792794901441 -0.034345823332522334 -0.029953051064084659 0.086455389290244988 -0.65046306688352162 0.30137932817111562 -0.50608211744632869
-0.035934680719486981 -0.0040695294053877508 0.0043896890705751755 -0.50180476164641163 0.50551212776896126 -0.016778721093354352 0.0057269425509662557 0.48313970651180194 0.50275884433344764 0.068258042210323916 -0.012586616171357841
-0.029155890587871665 -0.042951420271994396 0.019351820964749206 -0.48796579483177011 0.49795597794899221 -0.016857512822638178 -0.047437343979835046 0.51198067414612769 -0.48872060855433658 -0.078319297786173012 0.034920051432753278
-0.011703941726158214 -0.0035725767472464028 0.0057912948259756236 -0.48701236038927825 0.49766167364985947 -0.014542588355837249 -0.011397052202667774 -0.50374303338127435 0.50998867953423932 0.021499395062180574 -0.017872721099396902
0.01129579826992849 -0.0042577148183075945 -0.014097965526717058 -0.49342284444125289 0.5088146066162833 -0.022953781900064519 -0.0035288637117855946 -0.51518058381696374 -0.47758608570363736 -0.040758192956096499 0.039963162738080128
-0.016127895088041015 -0.0040771918872278259 0.0070823644941554074 -0.49788719677680099 -0.4976554222024806 -0.0094202838167349867 0.0046094180977741209 0.48385951327057569 0.51310008458011058 0.07061404265822542 -0.040403846057584493
0.01865666814073132 0.015245539020189805 -0.0029104788052802446 -0.49989058462056635 -0.51024340503537369 0.0157906706989125 0.0058907491049408137 0.52071110769582574 -0.4620521087309018 -0.046705950117044259 0.045545598795588428
-0.0074419130928584766 -0.010004725720303091 0.0107980392335244 -0.48899237915165272 -0.49588114452071075 -0.0088781884072137336 -0.0042410909501878662 -0.50265792344922533 0.51040969476406928 0.022515326705106191 -0.030487306342316955
0.004102841476923292 0.0007119456430675305 0.0058378366062585259 -0.492241078548672 -0.50438788340857355 0.0026590502969884556 -0.021932882891791562 -0.51167728026078374 -0.48564985271661421 -0.046899521314439786 0.053694111130945257
0.49926978549561285 0.0093216793678325381 0.49965817145941266 0.014162893464770053 0.0029841716918679157 0.50065705703536123 -0.014808092266049797 0.019783562847573318 -0.037885863190740228 0.49783702505934152 -0.015159372755079689
0.49207187040411637 0.022917071797433748 0.52052350755756771 -0.0011875432441537084 -0.0076975614011091298 0.49430546878065607 -0.010380488344211146 -0.0024476272315410086 0.047125046748570008 -0.4891068332970443 -0.020899551526314668
0.50240058967700263 -0.005677996427446633 0.4815629449345416 0.0070126485947897789 -0.013649615168218851 -0.50017869805772941 -0.010014750914851468 0.027936279677878092 -0.036635012510702544 0.51275477230317401 0.010198385656341237
0.50090473105593902 -0.0052442150458803793 0.50356807337020271 -0.00061407627918925567 -0.0021998474318615409 -0.49219013843478704 0.020224762793651256 0.011413152022679804 0.037066926957696346 -0.5000876038254517 -0.035056036036259945
0.51279241442732792 -0.016307695710951194 -0.48625387083603361 0.020747383508712403 -0.0093796602934074075 0.4944593784300042 0.016416123142729496 -0.020124853287855193 -0.049026817204033589 0.50222265034824354 -0.0045765543189659778
0.50380239493316092 0.0090802698465261688 -0.49224931522581783 -0.017988005433118164 -0.021163495853790921 0.52040724075338507 -0.014574687523052918 -0.019753095238099164 0.042575385773203495 -0.47921133946794775 0.011720557059715048
0.48570855754194725 -0.007114184292918665 -0.50502577317778419 0.017326525732457729 -0.0081104689189982968 -0.50496693064648901 0.0063822945339505653 -0.0024530250707721713 -0.0086898052264407551 0.50348523940257706 0.0028835161364882868
0.50660348444020009 -0.012574104217309645 -0.50388128377158214 1.179902227855954e-05 -0.0036292090275597765 -0.48703372951011148 -0.023856407325123202 0.016167646941131097 0.05859785991478432 -0.49780281124592923 -0.0033998961680230216
-0.49836287617900027 -0.0013042566608060064 0.5020749410538059 0.017844528693977266 -0.0059277374822015328 0.49942754364285985 -0.0033316216048934937 -0.0039033522773457034 -0.030721063353775512 0.49874109045570925 -0.0076983503304102275
-0.50709371738974918 -0.012966792886679592 0.49355689735358355 0.0042317614463366132 -0.0023993144113878605 0.49530465680559232 0.001999043028260465 0.0038684658427682334 0.04124950963359876 -0.50171891562198867 -0.017224750621494683
-0.50756467002951111 -0.0060623226949464981 0.50166260292308751 0.0061363073194028103 -0.0065180819196075336 -0.50388748041077946 -0.0033490162050739346 -0.012145510682214337 -0.048335182100093563 0.48290792403748289 0.031593859680985333
-0.49033576821390928 -0.0041116321319825547 0.49541373782513987 0.0053278221572613561 -0.0098176306219149596 -0.50354927409997219 0.0078832932499000117 0.0021104215445356344 0.051663486759863098 -0.50750340264110227 -0.011708736515562411
-0.50491307611568004 0.0049424373671669531 -0.48553876085718317 0.0085908435822508056 -0.011779596434646858 0.50259903594014388 0.0070925520060123766 0.0065560108726646612 -0.039199364663439616 0.50472589086568787 -0.0096962105620796019
-0.51273643363479715 -0.018987655412828 -0.50490044696458602 -0.0034461374993324887 0.021063166132947304 0.49147200139882841 0.0028356506915229369 -0.022171447534726073 0.011058180634747245 -0.48847701892497497 -0.024174384227215472
-0.50104523982882931 0.0058537540512624909 -0.48516553592376738 0.011313028349128318 -0.01105002146890462 -0.50893869767595812 0.0048034475579180709 -0.016284084697480088 -0.045383392470307163 0.50188406180874856 -0.005441511789214851
-0.50395625266180821 -0.013354065226816704 -0.50678822966549664 0.014057664180933243 -0.0095225947617886119 -0.49420811772262635 -0.017956841002471191 0.0072102158956138833 0.051813245494398981 -0.49099493415957957 -0.018719512019622513
0.47937461974594692 -0.01492633137375983 -0.025190077912838355 0.50751303905323308 -0.0054861870439248473 -0.0082937954855535276 -0.012919719899829074 0.49947779313492308 -0.081206009617908276 0.50455974490067623 -0.02922894591815367
0.51710285730246042 0.024333252458001844 0.005214151269806136 0.50911104494262904 0.030349232181625819 -0.016087147576666645 0.0067728835406559969 0.49721292832395453 0.059199432251924276 -0.46993519894452634 0.0010863228431856066
0.49077423631842193 -0.015944503316519646 0.016720050419843622 0.50557109229435004 0.0031768345723759048 -0.0080967574417184288 0.0010309778072810777 -0.51009989967173652 -0.027318096870242999 0.4919141387123625 -0.0005601153922034773
0.50201385593636849 0.0021102446167493259 0.0024032794536520794 0.50673491406372884 0.0012854007325212565 -0.0021223016266250921 -0.00056128173136610565 -0.4934268055506999 0.047641629051236985 -0.49540985192156517 -0.0038021494262108465
0.50758323345890699 0.00323491705553986 -0.0082677636072924533 -0.49690523357096578 0.0028508628049297344 0.013156673138664343 -0.0018481697017993513 0.49381600652365437 -0.011821837666595069 0.50111941378753866 -0.008143533640515007
0.506512059498616 -0.015025766838479027 0.0056137000861271004 -0.51309094759866281 0.017731997071261593 -0.013697097848613742 0.0055248410637783454 0.49217353657533064 0.058021265946727858 -0.48278623318460528 0.026637630129877889
0.48490489780176382 -0.0075838696486915658 0.010537576337283014 -0.49935235392867522 -0.0041150772787934501 -0.00078694108178235442 0.020831850991390757 -0.5253794658326072 -0.018880305082077924 0.48796657982952191 0.020073861057766106
0.49808168328883318 0.0066313842219984254 -0.0006755249242067356 -0.48964983171148763 -0.0030582058949210917 -0.0069053443799465463 -0.022203628626696767 -0.50256740243434272 0.026152490223187549 -0.50766034971371621 -0.024212239715250525
-0.50689489992564141 -0.0071034777420549752 0.0070090813910983129 0.50508001593815455 -0.0062268372314234982 0.0013961477857403735 -0.020720219986465012 0.49082208272681771 -0.045533971323355502 0.49431172018613406 -0.0076396933402229162
-0.50528581232407122 0.015965246555048343 -0.0074471472661106737 0.49873865016550828 0.007299818191091133 0.011073723964570202 -0.004295309365809824 0.50434031594395412 0.063619796230651185 -0.48674205817117122 -0.010808758158278527
-0.49742672412992722 -0.0020608440473067397 0.0049578963212203652 0.5028016851011341 0.00015607090325491006 -0.0058796769791048826 -0.0081833111997456475 -0.52100601887314524 -0.02405381027998885 0.47599076412429558 0.032150664104364429
-0.4918178292306799 -0.0010889306086868291 0.0028243533893032562 0.51007773906000631 -0.0060275379709368825 0.0046183420133203293 -0.0011490922138903919 -0.48352792494550279 0.061570997565835853 -0.50979669329103849 -0.019618080452059594
-0.50072356639575877 0.012944432936189475 0.011869704354890188 -0.49177992463996451 0.010787670477827919 -0.01696218160393358 -0.0035469911655270432 0.48854396492169672 -0.084000256096947917 0.51076115659083532 -0.0097513690478135389
-0.516902224348879 0.0064719690463894133 -0.0053056023100002975 -0.4888273091014026 -0.0013094052370100603 0.0066902333183143179 0.0093484665955488374 0.49755142071726027 0.067557940452916132 -0.49143703094686086 -0.0049195515210173771
-0.50154770630439904 0.012179341212379112 8.7719625523827524e-05 -0.5035208350740078 -0.0015912993070457014 -0.027726071025507434 -0.0026834336188233405 -0.52992060935028507 -0.02925059566243577 0.4597385892030863 0.030965058902873981
-0.48923573358606032 -0.0045312492421902455 0.0085710129468694156 -0.48283536615183986 -0.0047939746536679846 -0.0081180705846654773 0.00056198853227292704 -0.50160035947430859 0.026910789058643327 -0.5233420521792157 -0.033484262379849174
0.49725578467980164 -0.0050156431986574856 0.0032093979909321095 0.011334633535563852 0.50017378919814282 -0.012775815415748392 0.48214836749743306 -0.0088341154246965817 -0.014650174473798263 0.51841342153417891 -0.026898323328775408
0.49827891777400035 0.0060301854666256092 -0.0086907458962557013 -0.00040743099371668871 0.48650724955600455 0.065477033114238831 0.49343848144846597 -0.0047758735691862319 -0.044845160385414452 -0.50699025568584521 -0.089860805983812922
0.48600934256616907 -0.0046671472651899325 0.010698750699922967 -0.0022280978793402057 0.49483833456607901 -0.001564274044148363 -0.50588002820970346 0.010263239246992769 -0.017800938101836378 0.51229745704010599 -0.00088869023520989456
0.48720268196196792 -0.005280568806559572 0.029187182945026494 -0.007460478436032556 0.49831384173793747 0.0047821259675042754 -0.52010437251901276 -0.0037937139575746097 0.057425609330918288 -0.48904749907655709 0.019247097442015432
0.48549610356805001 0.01786388093263468 -0.0088832047449183237 0.011919756546333969 -0.51321523881145104 -0.017285029289809874 0.49415671397767924 0.011048626543703281 -0.020897958455068359 0.5051190539544228 0.013032889803738849
0.50990451118087621 -0.0024064007050883804 0.0090066663924235259 0.033005861641136523 -0.5141836507621782 0.0049778818939122072 0.48869025602809768 0.0020248227960747412 0.071069961850516811 -0.48010323912010755 -0.0062577804669272175
0.49223528792232024 -0.0035496461393401267 -8.2429623525694692e-05 0.0033353547257208636 -0.50243776346322999 0.015176037488948774 -0.4981945339932472 -0.00059366105277373926 -0.025948266474964714 0.50606077560158125 0.0061403919259324499
0.50585875588192164 -0.010267590547156581 0.024885665148269374 -0.012009908018708298 -0.49867075329728022 -0.0040778472349698525 -0.49756355675297587 0.018246268425342521 0.079488540824315071 -0.49021982286301202 0.0035341560475929137
-0.5205652161917429 0.013163200729225876 0.0087195146228330363 0.023790494415019348 0.48456994183065227 -0.0037445548805162252 0.48474958998270007 -0.0062110782705503817 -0.03851255473632962 0.50670415710487005 -0.011020702321896983
-0.51321071186234746 -0.0031847033908537921 -0.0096480588759206686 0.010986830467891655 0.4875279912159049 -0.022386573114828646 0.49908066855623007 0.001532989212846941 0.048302175173334558 -0.4967157481952213 -0.0079137931067463519
-0.50142559713923285 -0.0054360609707962519 0.028362162696617257 0.0066420935054545159 0.49708130796231703 -0.0057319880609919662 -0.50201988154712407 -0.00041136614625367126 -0.025489460180028786 0.49783008499115694 0.0079354199507645322
-0.5027295119632893 -0.0080034217933168394 -0.0026198902199335338 0.0083589900000238995 0.48626908308210748 -0.00089604244988336634 -0.50963331939226875 -0.0045777910713804765 0.047267805964650501 -0.49845396176258128 -0.015038236770993051
-0.50323776141054866 0.001900080124277581 0.010774266568768088 0.0083284108308570616 -0.50271462784937371 -0.013898068441925341 0.49777537050141485 -0.0099489470296418876 -0.043158084799619668 0.49386101521991882 -0.0026307634573067219
-0.50444481657666285 -0.006438840504554978 0.0018872696978446642 0.0035735354992785079 -0.5008939343875447 0.0030014855952447432 0.49515202495672156 0.00075027773823943674 0.043392336882089072 -0.49738060026151454 -0.01128923580164254
-0.49529493101781796 -0.0089280174741087643 0.010906163189119186 0.0032206623068403175 -0.49718697482641538 0.0063431686473392288 -0.50297596849111059 -0.0092945955602123723 -0.043701396669118854 0.5022520141372474 0.00081784066382436323
-0.50204056199207181 -0.017920916883342543 0.011383831929986193 0.0037812536093112768 -0.50108217088209717 -0.0046925795368827558 -0.49232484037656149 -0.0026282268356431948 0.024507188762363057 -0.50287821844542624 -0.022518928701547654
-0.017981182090126235 0.50486044170564526 0.50041160346249536 0.010441279294734049 -0.0038726430887533183 0.011902193484718007 0.49742429107119329 -0.020455031622799241 -0.022374109767425564 0.49544501391609613 -0.017304983542062655
-0.0055341143903096333 0.50040997935792531 0.50305117876867012 -0.0056677980094375861 -8.5833478012528299e-05 -0.0017796694298544324 0.49306276425227608 -6.7630039715870933e-05 0.046110623277157238 -0.50119210187450025 -0.0057299672879396451
-0.0065852242029620029 0.48825904828644678 0.52630325407785028 0.0098378644733643286 0.00075836137315782055 -0.012156772637515773 -0.48947048884009692 -0.016383067881267827 -0.025326659447571846 0.49378580323570653 -0.0019626540388148163
-0.011743702167164222 0.49724849028923224 0.49752882608294324 0.015123176075095951 -0.0095358427067557365 -0.00091796971826615861 -0.51133087971527236 0.001785560543072979 0.054479653867865976 -0.48957432785845972 -0.025240725057217878
0.0015631821788236757 0.49828348823319124 -0.48650803673599824 -0.016455314203401444 0.015783220712822652 0.0037360179196465663 0.50893331883694559 -0.020958267591983964 -0.017136695618607891 0.5046493484952651 -0.008378751646857566
0.0070601220526249845 0.49997483619603045 -0.48871821699750373 0.012793415587408033 0.00026752114597956405 0.021376417134103712 0.50541766262043486 -0.00032662888008990333 0.062099716685620733 -0.50109727792634984 0.0103513685050518
-0.00073585555464979299 0.48443001001171682 -0.49675908119049345 -0.0090563538857243407 0.0062854011774357652 -0.019363957736592059 -0.500380179657819 -0.0091757014863175761 -0.068106969235668127 0.51249330415619887 -0.017563847613058511
0.021875185872355925 0.46962173869058821 -0.47272885214596744 -0.038285277201811664 0.022304945287929825 0.0093647990909034272 -0.48411339828397842 -0.008837587716978252 -0.11205532395320134 -0.53842386147943944 -0.12865777494150885
-0.016598095964161119 -0.48937477303979032 0.50481379198836163 0.0020045491193937752 7.1136874948568462e-05 -0.005157125751462671 0.49605348423520795 -0.016937737541418037 -0.063116817592813415 0.50472124889053827 -0.016912510095344804
-0.012588726286344873 -0.50462443246308264 0.49710692776268145 0.0020261384187048792 0.0084894374115949359 -0.0016950209052054124 0.50495161759034535 0.0053170266523433676 0.045111813187755055 -0.49055378896680574 -0.017856572557935369
-0.0060136831147817229 -0.5039566915924315 0.50813917524010532 0.006722954568025288 -0.003759269309990237 -0.015904410698693364 -0.49118818902130723 -0.014102612259456858 -0.047384710316829073 0.49371068244025856 0.0036765831096802959
-0.01533031047495296 -0.50788036731748376 0.50322030116051619 -0.0013224996594017322 0.0046969989748210424 -0.0021321837474364193 -0.48915947911334284 0.0046771562818654945 0.056856795489582314 -0.49576394207613461 -0.01581240994701379
-0.014989498563265251 -0.48760215626767028 -0.48539575675417829 -0.0066512136139319725 -0.0034504904313979188 -0.0026501148141073612 0.49273427890578653 -0.016262564765699431 -0.062526547967729565 0.52794677150602642 -0.025658146069706331
0.023911498640112806 -0.51235484474755166 -0.50174686705260907 0.0026119209591209179 0.014592004615301312 -0.012699178697537917 0.5002033889410763 0.011540483953722354 0.05643741357105668 -0.48089087448324785 -0.0034625048921746019
0.0020076608914167534 -0.50751962130056183 -0.48270253266481505 0.00083116535116248226 -0.005142314889258235 -0.016290875784290365 -0.49586987069359756 -0.0095202560720440595 -0.039607451510932028 0.51143675630526664 -0.0034163616562394336
-0.0045982742484373422 -0.5154225220982156 -0.49028660251232625 0.0026046200640287764 0.0020557034988973153 0.0043772223835106313 -0.49264431072730941 0.0055662311746307409 0.049914451800733277 -0.49849496817182976 -0.013757591858554581
0.0011414391882886305 0.48799677400369479 0.0048699971902349285 0.50009777640527253 0.49020035638770304 -0.0018945519527244798 -0.012807435417460985 -0.018240698589877025 -0.0085545324911738031 0.51891541076443015 0.039915248573999279
-0.0081218323561770504 0.51016143121010316 -0.0029314295050704717 0.50435214708786658 0.49129756412295594 -0.00049390181596894794 -0.026574413654315465 -0.0019273243299504179 0.046845405397361893 -0.49058138163952503 -0.018483232489670414
-0.018895182978064404 0.48868056931517628 0.0125161859631542 0.50978416635347412 -0.49542535423630113 -3.3711823194834303e-05 -0.0084496945768097412 -0.011530031093584782 -0.041303581061422165 0.50332310810923497 -0.01034231023029279
-0.00023622805759423537 0.50777931573436708 -0.00040928049728584525 0.49575052592281699 -0.4958837446290269 0.0049454806296391511 -0.0017679379176347842 0.0055649883234761954 0.067220479771731262 -0.4958262633722591 -0.0083571663525346084
-0.013670183681178665 0.49972598912786981 0.020704285763042677 -0.48974131808546528 0.49819048567213703 -0.032284434538663025 -0.018923861229741698 -0.020398341759802777 -0.019488212076640071 0.50822779317013889 -0.033560483020982398
-0.038953971063598013 0.48133065802261044 0.010003737850927218 -0.50249660340822866 0.52457369330125558 -0.01279366810991002 -0.0013563640848170422 0.0033811627442991801 0.037536259135646184 -0.48699214258395057 -0.016602628021937051
0.001435833951196043 0.49707154242919188 0.026095972785956534 -0.49943389964212537 -0.48866177695657442 -0.014264772825559354 -0.014803559117158476 0.000635734215142838 -0.046283248527555894 0.51090975644927583 -0.020452782905308817
-0.01005816775530427 0.48907308113682013 0.0090343437123360498 -0.49145668373568979 -0.51549688302082619 -0.00993479335241392 -0.014040664731139751 0.010335004426321081 0.071941541985450178 -0.49764063469275049 -0.011557999289427823
-0.015752994818262027 -0.50300759207819179 0.008721703118202093 0.49370771837236127 0.49339416906505373 -0.020478027292752461 0.0017465295369599124 -0.019128046801512862 -0.037898431445627871 0.50713522610667661 -0.0079567145769628925
-0.0016735199544383711 -0.49948504554976464 0.0045906536758621727 0.49429334180091056 0.5002778661708005 0.027688966629474752 0.0004493142103501895 0.0064537851758563192 0.068908080523778045 -0.50032985522020601 -0.00037906109183174884
-0.004895999304991446 -0.49654770855420904 0.0081565004070532805 0.49184800382132154 -0.49264314384409819 -0.0063682935204441423 0.0066418775456522014 -0.010234161985943548 -0.016863807294799398 0.51549350560615104 0.050307034220080572
0.0026797883337660996 -0.51026148454794529 -0.012373544507950441 0.49938458554996956 -0.51053165034436765 0.0062922520761138842 -0.006754741634968653 0.012651727907044519 0.071774380369379345 -0.47315833269273994 0.013028682423943042
0.0070254022908802791 -0.50911998402642222 0.012149688829134517 -0.50051691012551214 0.49250476303807811 -0.018837591366172236 -0.015126394525198551 -0.025438271422580164 -0.041458852572355188 0.49408495773957611 -0.02126502946727259
-0.020380975227532176 -0.52075895621001889 0.0013872836356485702 -0.4920088448663118 0.49334192285987116 -0.005039676117282562 0.0049363759123280705 -0.012476176049618449 0.055678860222883493 -0.4883502194460056 -0.033798685213570184
-0.00042032140804416224 -0.49371610073843558 0.0036188764442540967 -0.49391152857938875 -0.50894329041005371 -0.0090967883511411662 -0.0042474864859965086 -0.021768830560364692 -0.05069573388864286 0.50010619106518983 0.0028867902295419646
-0.0033198353111204017 -0.51039001605504364 0.00072986447463355966 -0.50032299387986601 -0.50438794488134253 0.0054906240618393604 0.01080681830559249 0.018934056903158514 0.043628009311555679 -0.48202713367147726 0.0010893937907770876
-0.0020592672386916689 0.48631571754764819 -0.0028976387548871061 0.014087948675102756 -0.0040921329702624269 0.48199665740807018 0.032432772539956779 0.51245420552065479 -0.0051021951973240168 0.51687337482981688 -0.010152678331389919
-0.015975012068433173 0.51305493463451746 0.030312809336071327 0.0051821675884840762 0.00082421375943795509 0.50483659492491495 -0.0055825375716557803 0.49618656714536979 0.041692373527031167 -0.4824057872031714 0.005212790370416066
-0.0039891421571799394 0.48809295386152207 0.0071220524137684737 0.014487218446736233 0.0037377751092350529 0.49569782934784318 6.6858731025587275e-05 -0.52096218423406215 -0.012320145735861847 0.49410559694235057 -0.0080445155864765604
0.0065684702787307892 0.49345867393641496 0.0082042662895518599 0.013667892634085714 -0.00029463009802547347 0.49155908600264453 -0.0016554710932699436 -0.50715462952601986 0.020730119386960778 -0.50548818768823889 -0.037606443938537085
-0.0016667476038163878 0.49598739318187746 -0.015562356681029789 0.01163377719103692 -0.00087434570039327452 -0.50449483211203394 0.0037797179281797806 0.49956578271003499 -0.035565736760138113 0.49822188448295873 0.0054927771091772314
0.0061009634683006171 0.50120795109334682 0.017013979679869937 0.0087303955812102763 -0.0033711729998893544 -0.50032663176262837 -0.01136172918316714 0.49666033282705108 0.063520783729686406 -0.49706905939040025 -0.011681377182728183
-0.00090938186507191418 0.50986480178151961 -0.01472884636660471 0.005248489343394851 -0.0092698721701778182 -0.49338257239509781 0.0063316851522309302 -0.51976755912772854 -0.0017599677708030497 0.47241029526050887 0.05391927101548679
0.009087218476540081 0.49537765388764171 -9.4620166000962473e-05 0.013856161229449906 -0.0040249958331214633 -0.50019549662942975 -0.012155129021248857 -0.49072862218362112 0.053413889036108768 -0.50906607769275258 -0.033926716627475741
-0.0076485461457763988 -0.49417457659638725 0.0077626530054716904 -0.011554440692555915 0.013467065757822637 0.47800162171956984 -0.0058218035383515929 0.48422125441445102 -0.10630917098896607 0.52836796558774857 -0.043518363488655079
-0.014350337611394332 -0.52094380596717549 0.03049136633037447 -0.040400537389851894 0.0058890062166849265 0.50817677497249869 -0.0017601990875244964 0.5174552327920825 0.050240268797565449 -0.44413263822501714 -0.005520487915007765
0.00105797737377003 -0.51163269300315273 0.013027598099044893 0.0022387448715908333 0.0047871795667579643 0.49115988138587108 -0.00627349322856672 -0.5020086084660953 -0.043581712454478734 0.49264361388298827 -0.012087018684958296
0.0044449315362020351 -0.50509840919046634 -0.0029303503889487031 -0.0015215594133231435 0.0021079336641293403 0.50177017680778024 -0.0074056486414135498 -0.49969934235156188 0.045891514799537361 -0.49095803154858908 -0.012926235003269188
-0.028142467997515675 -0.49774471409799498 0.00047486843404398812 0.0090090437023371567 0.0057964888280811998 -0.50739842415612268 -0.0019927133140447699 0.49549662375638526 -0.066933802484724442 0.49372388850726323 -0.011214523488647772
-0.0050684327502773683 -0.50479114216817267 0.016334068591701684 -0.020076506979971237 0.0044939649687397156 -0.49340317351412055 0.0013834247042992303 0.51060248860877011 0.056872086013133698 -0.48688799601739458 0.003505484714743505
-0.0049302696045928343 -0.50320469216870389 -0.012857612696333325 -0.002249849334719918 0.0018922141103024186 -0.5083163289785072 0.0057894707972805963 -0.5166870590040108 -0.036917521345352186 0.46695782057366053 0.042305258807960829
0.014358661531652528 -0.49520890774098336 0.0068583016874437389 0.0077736505540190416 -0.010722090152771863 -0.49680570943171676 0.0044330066213056447 -0.48933719261569331 0.065993083993770435 -0.51313555900927543 -0.019745778469107082
-0.006810551323716765 0.016393479093898301 0.50417787989326701 0.0057047932595765318 0.50111514603394858 -0.012194732982551066 0.012753488243296265 0.48798226598868605 -0.053591475511559204 0.50289165855860707 0.011422785114072648
-0.011473183696600405 0.01145057608667966 0.50874795072313461 0.017325709762366789 0.4902219463425686 -0.00025837261710902831 -0.0081721687372788392 0.49445032979736198 0.053118615053629262 -0.50286324045998654 -0.0073505440178600273
-0.018895975969832803 -0.0046538572581697191 0.51161117181330684 -0.0066417818928311556 0.51131346027636015 0.03029772177915372 0.015329649559686392 -0.50782900610455461 -0.026138927394891747 0.46384908626641413 0.038823404755043305
0.00014030771234414154 -0.0010776481336034227 0.50219265587864437 0.019634721012270283 0.48508683583092371 -0.0096615335233554249 -0.00098010755656023044 -0.49182045552255488 0.017193202452653922 -0.51777413638753478 -0.041704507794937271
-0.014821900990303484 -0.0056765698054635893 0.49594030068225525 0.0072412632897972612 -0.50222264514883774 -0.0004833945879981306 0.0016937544269796869 0.49511299036752326 -0.059819925917741629 0.5024928734557691 -0.017140526696891475
0.0078216042437521359 -0.0021556465577390908 0.50648160429263644 -0.011717984319002745 -0.4958337267839395 -0.01188770587089682 0.0017678362632016895 0.51558886615190902 0.07801164041632698 -0.47471245215723396 0.002848590153135021
-0.0042911687477107637 -0.0045717774438047021 0.49985620974064265 0.00056877517712616019 -0.50009377788958187 0.013601377627381204 0.016264418938443076 -0.52011562527656974 -0.022747995694848214 0.47554334506422657 0.048801714312237274
0.0027824342890331714 0.0086377572971951897 0.49659153097892178 0.013780280990839397 -0.50242415837279486 -0.007054566475107246 0.0031999416627417889 -0.49114722021028512 0.047870511757281888 -0.50688314337673301 -0.013669751901424726
-0.011636144161006995 -0.0035726073066342278 -0.50968446564340764 0.0013621748284810202 0.49644659259569424 0.005395653577256296 0.020075802247374715 0.49794941329572889 -0.02162929879752102 0.49470977155739276 -0.0045992968973490259
-0.021321628020643715 -0.027545572826060506 -0.49511815913236928 -0.014966744598343205 0.51233600837700277 -0.016372589236082417 -0.0038010415913562736 0.49759360994025797 0.072522828989588478 -0.48738156879160144 -0.01581722474991127
0.0052488957058829016 0.00095014698993090756 -0.49466107293233313 -0.0010926628160830556 0.50552040041299495 -0.026036334030189737 -0.0067746502492941583 -0.50355148423511153 -0.0064315631926446836 0.49531818057871313 0.0077814668431888164
0.011757886933717151 -0.01169091164425202 -0.4867593094823866 0.0066829783341164802 0.50223657434503299 0.0038591013037897475 -0.0040238176042538603 -0.50068554048212444 0.052053771997859294 -0.50651651034634071 -0.022771601859779396
-0.0089466286661888748 -0.013980165072728723 -0.49565550774223049 -0.020556620010480565 -0.49021335193568338 -0.01048028006073457 -0.0085618874438393704 0.49902783309389387 -0.033489778391029089 0.51259198229662228 -0.015310109796024207
-0.0035260759401231005 0.0041159604868002712 -0.50121252945154238 -0.0015821413745033494 -0.52377670719538882 -0.02889022718393781 0.0015447990815257841 0.49852071156704264 0.083618647289578601 -0.4669401297275218 0.0051951313749622743
0.0049018631099268387 -0.013449709903689717 -0.48760405750709651 0.012053629897824703 -0.48796635963858753 0.0084552999863070528 -0.012563007417851083 -0.52319743229454896 -0.022089968441584323 0.4993262208919596 0.0011772946445205606
0.0069544560408137867 0.00049007930119726801 -0.49421166419560059 0.0090014315139617402 -0.49325078639730641 -0.0088911497712891013 0.016791354895188581 -0.4814491234953035 -0.0075538030155877485 -0.52476903779317552 -0.068811326548517612
-0.0060628028372186745 -0.00021045440928565639 0.0051164704035073479 0.50834123451222446 0.0015772717400610343 0.48857180693740504 0.49195962153325506 -0.019760446998907607 -0.021193305176816037 0.50961446528331489 -0.015827411052248143
-0.0027712013303296756 -0.0054701373355923438 0.004074296865985763 0.51635052116669033 -0.0049532116743086262 0.50799461111524402 0.49496464811251994 0.011896745553941641 0.069604974039084846 -0.47441407127268254 -0.014134331968780294
0.0053406904651193141 -0.031292082437055134 0.008001934744583928 0.5113881810704769 0.0043247539854197152 0.48606083348973239 -0.50368248920584013 -0.014418217587164925 -0.065270343512061194 0.49212105514708671 -0.028093717480358407
0.010721495898948122 -0.0081063878817362166 -0.00067769377107800368 0.49444171267561604 -0.0041025010820307977 0.50851101624099293 -0.50127228519128286 -0.0023400626218737903 0.028353125498973675 -0.49431324924026415 -0.017807791867244096
-0.0077474179223307564 0.016012402985686187 0.017590492045169756 0.49760207491059288 -0.0022999657825505059 -0.50229402261375156 0.49586796984405229 -0.019715440213189914 -0.037564561918139894 0.50033197798844731 0.038010899678142897
0.0067597545225056748 0.015211329686411161 0.0093971884234589787 0.50482838338945513 -0.0071589718932373635 -0.4865485964481529 0.50038219742308288 0.00026295149510367576 0.066571635922553385 -0.5023523595451812 -0.028810436761644999
-0.014954678445153148 -0.0062209938580940951 0.015462399449067268 0.50751199890467003 -0.0049853344727510112 -0.49999434911847213 -0.49817476701283675 -0.013198611159332876 -0.03712348635104093 0.49197929279218683 0.011698704581618553
0.0075066106072721427 -0.0097272487674795738 0.00081815387931183598 0.50006186274381093 -0.016226451138785614 -0.48510439156400781 -0.49483249729079898 0.0084297395372639992 0.081679970978653024 -0.51243822590730914 -0.0014536632904360125
0.00051281363412188107 -1.086434308466552e-05 0.018173772100712332 -0.47803796119433117 -0.044471288458875512 0.50910991362492897 0.4908348696771429 -0.02030693334191707 -0.016737321428375113 0.51732679333913445 -0.027206048090210256
-0.02964245475484319 -0.038802484710468883 -0.015894947809220159 -0.49355385516192035 0.00071296746806041877 0.50253833454643171 0.50974120349280183 -0.0035283630619683567 0.068263217732365308 -0.48623127437985481 0.017119747942549977
-0.0023223868163051021 -0.011631855908114483 0.02793480177670719 -0.50395142702477169 -0.0015791491500344089 0.48455254616373211 -0.49488410531782662 -0.022316080134805825 -0.046519073911166657 0.51192640743714968 -0.026024849535376374
-0.0029725110336863351 -0.028238513524055504 -0.0054018589195416397 -0.50146515837582362 0.0081410185482357796 0.50377988995193934 -0.50960890307978535 -0.0038803635283267577 0.060041414556074167 -0.48011810772010427 -0.0014668137294724154
-0.0072760560315701757 -0.0054252229313034904 0.013319399478704405 -0.48761653661450527 -0.021039771709119196 -0.51485598564093049 0.48836153711157115 -0.014321377248890333 -0.064101582830679515 0.50319075097382215 -0.020950829941258683
-0.0023033576135077852 0.0098787764546994575 -0.034103381268299121 -0.47514970331654738 -0.023263784366796929 -0.50069680233916358 0.48089790605346322 0.0061231517914093056 -0.031117518524332699 -0.53264840566552585 -0.075798539276132448
-0.022334698070885822 -0.010843092544066887 0.01386969831013345 -0.4937602216749617 -0.00149031211625985 -0.50256070644055706 -0.51292226847193623 -0.010682768377567379 -0.028432362505195798 0.4886811567663078 0.0012375893974417198
-0.0037673472951797408 -0.010593305677880508 0.002392608126875796 -0.49283571467487253 -0.0039571464677527531 -0.50873926797186986 -0.4994411268270747 -0.0039030994570484027 0.059492389198537228 -0.49467797065521457 -0.02114730658804537
0.46599753444384912 0.0045170677376154874 0.48078057519528494 0.025702317322688802 0.0067732065183254775 0.01016834085759904 0.47931702984664443 -0.001930874176614161 -0.040237741681804468 0.095819574082187192 0.55706107555551532
0.49768574823718859 0.0039016413513283128 0.4922627413519306 -0.0015967721656099654 -0.0245185251514786 0.0032048519566876578 0.50041007437087925 0.0039155076877540954 -0.043630735441432533 0.028237826976634246 -0.50619215537202533
0.49351929994320781 -0.0063167571069456191 0.50595356969958594 0.0014765422741346199 -0.0086409565753652953 0.0077135876908603464 -0.49845046174873475 0.015952006416567813 0.051039739209933467 0.021739147573965018 0.49848617221210217
0.48944241664209975 -0.0019843048422416567 0.50126918733780568 -0.0043037717657879206 -0.010256189414058169 -0.01001032979233186 -0.50875223012864546 -0.012189211491576712 -0.041797071419877443 0.0022028135778854436 -0.49821502433354592
0.52479082654938725 -0.0001920082385595592 -0.49652004926379184 0.020059596499761741 -0.0084053553127484363 -0.0083041440907330715 0.49332419241014935 -0.0015725266118547655 0.051971607478949931 -0.0046103062052719511 0.48106845812052468
0.49298914944679362 -0.018207456702792654 -0.49729081013456522 0.0077071625249064447 -0.036997037782976305 -0.018286436032528903 0.49846716381335843 -0.027749181535985035 0.0073736051083233955 0.019728754797007222 -0.50782510572833461
0.48882159126619934 -0.013074756447328344 -0.49281549013621251 0.0072393042906982461 -0.017786773311982775 0.00081355004097441994 -0.52180078137262864 0.0092109167503985137 0.061626744445459278 -0.0034362328227330635 0.49140146203187812
0.50888712110935042 -0.020675022166100558 -0.49007215203934645 -0.0017729067588954891 -0.00043372777843945343 -0.0032800289026914948 -0.48801332543832721 -0.0086110330995198183 0.012305452432557493 0.040254183851673023 -0.51031231431514412
-0.50884743413026323 0.011138127083708978 0.49730748121972634 0.011839136062495164 0.0010184004755087446 0.0053990121392333747 0.4916440112264972 -0.0023292334964591889 0.045274153877183497 -0.023378727021583983 0.49914885096801132
-0.51001079250179537 0.0017612948099098294 0.49948936476984329 0.0046851522082827632 -0.0014265000100715727 -0.0076621280608077389 0.49188110959276937 -0.0269212603042642 -0.02907248256955525 -0.0048910996717910693 -0.49676217424925517
-0.50025647101256177 0.00082813440335937857 0.49758151474659779 0.0062145762710587357 -0.00080023788230176927 -0.0024097649156977819 -0.50638266145222821 -0.0032325320551828281 0.037190895385212551 -0.019604124504662718 0.49387145270811666
-0.50204510722133544 -0.01057557463516846 0.50473668951721329 0.013065340912962773 -0.0071912599979797815 -0.0044196158982581623 -0.49535367116696255 -0.0018646935002562439 -0.040899629280565612 0.0072541987738464174 -0.49571529302379186
-0.51620831390672273 0.0075907207461397607 -0.50466925564783616 0.01921829935240759 -0.023451575224173786 -0.017223600870292208 0.49659271709916236 0.0040926067820364264 0.033918394382480524 0.0021735838571388189 0.47936214924427217
-0.5081507322658696 -0.010565941538109171 -0.49361050628980058 0.013050492554221233 0.0029537834492774544 -0.016689176007130348 0.49068942107231672 0.0045009212776909524 -0.029510837827112311 0.0060255730810789649 -0.50582480182785017
-0.4941956462269041 -0.0098193703404946039 -0.49552723298735118 -0.0019859932666156108 0.0027207272052932456 -0.0068984197674052308 -0.49258967810647297 0.0028342567160118781 -0.006443874072286907 0.050891552482700719 0.51457163956828211
-0.50417309825330658 -0.01895302732575915 -0.49990019759320914 0.0092164317861819309 -0.0022513890491506839 -0.00063266966373412841 -0.49627238148787473 -0.023682146142804499 -0.04307657545375275 0.024233359607255062 -0.49615489800710894
0.49993591032273343 -0.013238615639169714 -0.0043542782819194908 0.51021739196774019 -0.0047765192165147592 0.49832983970818184 -0.013771551141492004 -0.0068176672476269479 0.054348815251979661 0.00098774559775149061 0.48785420770185972
0.50052073129764196 -0.0073514661667258077 0.0069514010683980679 0.4922025111812483 -0.0023753969497216404 0.49287684106141655 -0.0018144888120473666 -0.015857782744159058 0.0065489945088406621 -0.0045657191177852861 -0.51367460494736705
0.4918602618725274 0.0046500994153810763 -0.00044767465892429551 0.49542171058257756 -0.019719180482735039 -0.50311492407305602 -0.013345805196320525 0.00015738750955338209 0.03974245363951491 0.010670594700713885 0.50717260891463622
0.50300609750630343 0.0087669983643077591 -0.006339919618775218 0.49880273590808727 -0.020373253724713717 -0.50621459661038637 -0.0034085660687121866 -0.011900047135767372 -0.034883674476040134 0.0024991924844679435 -0.48991734837597167
0.49898786921505284 -0.009984694884052887 0.0092716969982333634 -0.5006269087526235 -0.013548075778959284 0.49408544512673369 -0.0068959699974911739 -0.003181634103790246 0.054698452947073303 0.019811811526706347 0.50244607953482379
0.48567837072465164 -0.0038979730508847624 0.020993040907156733 -0.50069595976135062 -0.015108092819051301 0.48295024806491377 -0.01239781449085277 -0.0085986011331579439 0.048683426868579065 -0.019117523621727469 -0.52586289092042771
0.49238290353334296 0.013672216839715944 -0.016089665023620595 -0.49036732270229 -0.003284486868169571 -0.49074015607404398 -0.020773195412694834 0.009896017514924773 -0.00021669988729225325 0.048014892657752564 0.52247634968133039
0.50034146275374125 0.0034217897652055831 0.0087535683036921216 -0.50314134874319594 -0.019836535704799565 -0.50290660104172025 -0.015215092352316335 0.0061292608398885885 -0.0065809287382439605 0.015266460876963657 -0.49250877391826953
-0.50359186246412069 0.0069346468216000424 0.0071174088299338252 0.50372609392712231 -0.027513249289012678 0.50367271789944312 -0.017732911362828729 0.01011490134380909 0.044632052556737828 0.0037988803307964138 0.48547925485792465
-0.5033174050708501 -0.020941350960227884 0.0013983459922023143 0.49692830657409559 -0.0088259160807344448 0.49568000328542511 -0.0075101786248228794 0.00091173135014770883 -0.030141894990043161 -0.0016298532254935257 -0.50254190430523471
-0.50958422279143079 0.0073680413700440333 0.0030767913450036192 0.50186362285980946 -0.016845963010864842 -0.4923083881729684 -0.011367502962894058 -0.0017694436828513496 0.053733920756620986 -0.025649602583200384 0.49200014869014669
-0.49879673185727591 -0.0063168690648187885 0.010052176692091387 0.50776408598421285 -0.016460692916088416 -0.50006965277877824 -0.0050865208581517326 0.0031052598456684831 -0.032624335795233904 -0.0073813209378615924 -0.49167219325736083
-0.50180557007641968 -0.0023399612597737535 0.0085353690441731106 -0.49835914132728315 -0.0068199571988814753 0.50019249642654484 -0.020146741597067787 0.020661108583230562 0.042162572658328221 0.043773979656406427 0.49495994425992279
-0.49731613531027841 0.016624106148228564 0.009290592418678691 -0.51217571779915194 -0.001040467746944964 0.4980921925293883 -0.0017087437788583409 -0.0079621626358486342 -0.035202535599044446 -0.0079411629166410598 -0.49043298053064988
-0.50337280222900238 0.0016704382096655878 0.0070926327854402092 -0.48935768284863929 0.003799920316165455 -0.50329118212598656 -0.01239879702678932 0.0083836120385744478 0.047393631203124086 -0.02287067242912073 0.50078148124187427
-0.51832992765781694 0.0023422556128676283 0.0014061852012910903 -0.48655561655403046 -0.025496063198645353 -0.49817050565791771 -0.017560425001763826 -0.0066701579394532222 -0.035376116453556705 0.00074498734859222118 -0.49412697606489098
0.47992106921423366 0.0057005427710614927 -0.016714430433428854 -0.0016664867965205312 0.50661462998821138 -0.01684709890966268 -0.033707013668943325 0.50751180753802094 0.05367834248674648 0.01448494896239895 0.50062294988754297
0.48986125636481148 -0.0039153466742007882 0.02261074377234875 -0.023462982697916284 0.50547032274223891 -0.014884323803261938 -0.047996160168479803 0.50047949454789697 0.029745028148909385 -0.011371068585261185 -0.49943933391321621
0.50486067663256939 -0.0068794470041997902 -0.0067477560214108433 0.012383006090703932 0.490093861042041 -0.0050157510860107226 -0.036073205286875742 -0.48214703689129867 0.011601240343963905 0.022599160478390577 0.51984612800638108
0.49472283265207018 0.020171643736050862 0.018693247094912449 -0.0094442736144299388 0.50240990079667358 0.021447800310755227 -0.030683302362346891 -0.51069134849781872 -0.0089721362940020748 0.023469274451875011 -0.48902929436445153
0.49802732811364803 -0.01682535808513004 0.0029259444182770343 0.0012020201493077277 -0.49740632583316186 0.0041529412042195252 0.0042042860375498085 0.49616580849565817 0.06776728939338135 0.0052324715958015225 0.50341574475045547
0.50008070595810883 0.015221698127945158 0.010531750826243089 -0.0025858318120951062 -0.4927913443293202 -0.0040752072010901219 -0.016343261493929034 0.50864648668671841 0.0012766588689104238 0.0052788054293913533 -0.49768686994299383
0.49874186118387182 -0.021016544749255385 -0.015160706445279034 0.0018670887289890332 -0.49486472546732768 0.002341020353914708 -0.012577244753219821 -0.50099586177849487 0.059038180210596689 -0.019556104279066632 0.50066152466446345
0.50363246802650941 0.029341214607636217 0.019430155762880999 -0.0044161429301711706 -0.50716552369668633 0.00075954263416539922 -0.0074587720438176039 -0.50513429266428644 -0.013263526191978266 0.015848991102447418 -0.48190824139053418
-0.51387538025156343 0.021068817730205591 0.0036111341353812746 0.011232554551531614 0.48623596066052066 -0.0053886836809408914 -0.00296223871430276 0.50156482598419383 0.032233446901177049 0.016296573639595222 0.49599790083599793
-0.51414581362818179 -0.00078224947938487831 0.0028927579893684003 -0.0096942914786815916 0.49679780905837662 -0.0027248476266967573 -0.013310952451302139 0.48476965346353784 -0.024608660464917494 -0.00061219609745031113 -0.50294221921634075
-0.50325346806152826 0.0034073801893314323 0.00098636277883155194 0.0063768710530203521 0.49423093649869193 -0.011300742077422861 -0.0072840432779495215 -0.48883395110782069 0.043499659152665585 -0.036784953317462836 0.5099350269449362
-0.50579194459962595 0.0067220047909380357 -0.0028184781212128975 0.0065752074881218342 0.50289221736673195 0.0032466623705640382 -0.016348798536370949 -0.51535129438406135 -0.032965863542625894 0.006107723488341074 -0.47348572404084122
-0.50587031863811893 0.0036192742135074552 -0.0074636099163440713 -0.0078805842850374688 -0.50103158059706066 -0.0090253505985002282 -0.0047402247884603885 0.50137589498766333 0.042878543388655488 0.032514674263561201 0.48842008502224771
-0.50119053397402358 0.0097893612131653186 -0.0025733918160672385 0.0018038646321598033 -0.49804017895988434 0.0061703988822918747 0.00067998516038212449 0.50168837732883487 -0.010776299744364115 -0.0035504814828404025 -0.49879837833182938
-0.49941615980125958 -0.0059460209476441209 -0.016562514071169609 0.006975769719225494 -0.50002508700657355 0.0046554414458345114 -0.0057517252637693059 -0.50138955238982275 0.040092828905907756 -0.033553095797815173 0.49600463143125989
-0.49268003771107233 -0.0085992198434252081 0.015136522950008759 0.015209109126748827 -0.50403889556992398 -0.011480850544020021 -0.008801308314981238 -0.51359772395016745 -0.042953047861247318 0.012998896845512574 -0.48648840031441037
-0.01419422066941038 0.50060619642053594 0.50112294010207858 -0.0067391200549278734 0.49093856857013385 -0.016179327727451457 -0.0090379897678409937 0.0048822149318875985 0.050737682184640392 -0.018234086872356985 0.50371378680224577
0.00030200085198211303 0.49825778049120556 0.5018825771979768 0.01405821039382507 0.49131802737056723 -0.01363674634131219 0.0097600457336852933 0.0038174526287991064 -0.021859533656405271 -0.0056125326482454477 -0.50740201256924522
-0.011335915145127882 0.50431736034019747 0.5016244320964961 0.0042659069414442332 -0.49657934075550247 0.0042282007400927775 -0.0017944271380206742 -0.00086005830855975731 0.048654196892180132 -0.017417692202986529 0.49457733708342949
-0.0059647583726742878 0.49981600579879459 0.49649758757497031 0.007073009963971969 -0.50260495496792046 -0.010814678899471393 0.005373613886386591 0.010672447533615731 -0.0079038792695506899 -0.0041386062739177561 -0.50063702000273547
-0.0043270131766413875 0.49203241723250751 -0.50411253708262338 0.012550276819256729 0.50636027983287213 -0.01430847013959393 -0.024709692695820032 -0.0078435604717607237 0.068142379267894279 -0.01961953397468091 0.49121538272671805
-0.017826395063269423 0.4926888177795119 -0.48501390615778645 0.023232146397343421 0.49869127171064326 -0.027416135697913707 -0.0025580274498296042 -0.0057999372192566664 0.036549056206434276 0.040988033313817687 -0.51832524783549916
0.013688241236241334 0.46820518744133943 -0.46094712573990071 -0.0090555701626644433 -0.47129229636254116 -0.03043591750700933 0.0047624416327989869 0.0013647400471343549 -0.09341619797927149 0.12408868131918542 0.56643655822935934
0.0082871993219720674 0.51263839212285056 -0.50226783879900605 -0.0057106864743176463 -0.50152105580096307 -0.0092369005676252221 0.0074726716773134355 0.008753765018129878 0.0026611000046487527 0.02470571109119107 -0.48215038612004624
0.0016522620013968902 -0.49465290488980812 0.4967263441945074 0.0047322126163718004 0.50346134646415908 -0.005264759693959343 -0.014374402302773079 0.027053590752995949 0.022512917448125263 -0.01419747692990476 0.50339681541079828
-0.011832563132679599 -0.49572312866402385 0.5061500573837 0.010731294103960894 0.49580317117733869 -0.023077580339291186 0.0013283041361530647 0.0026090184010099616 -0.029454734744122368 0.0052019884099481564 -0.50055864409638728
-0.010754931472233194 -0.50659904194212124 0.50750297839860625 -0.0029296911146382905 -0.48353409054868202 -0.0098398779198429157 -0.0040012408901889084 0.0086719372080059087 0.050057328761648083 -0.0090625781235866218 0.49909194258177692
0.0056122105094672395 -0.49867981202482692 0.49651165237361311 0.009746220378516841 -0.50813441935913173 -0.0015901846982859548 0.0055510101157189651 0.0060968093725302592 -0.0050579826766824704 -0.013179424876782067 -0.49618318831471053
0.0028843117079837845 -0.51224687196750573 -0.49532516385833503 0.010790210126302701 0.49704810513185388 -0.017840244538591635 -0.01031869415000808 0.0025060889709803205 0.053572150729939573 0.027244769277322778 0.49094936038410286
-0.0082177712194338986 -0.51145327233806581 -0.50149814218811473 0.006885054137974328 0.48999182604668751 -0.016991955053926172 -0.0033732454695302189 -0.0010544028191587463 -0.0068750052049437668 0.017588462754468223 -0.49603467768312109
0.015039006877959383 -0.50138573894030058 -0.51379161505018267 -0.016066470963075227 -0.49009126569068234 0.0080738380450147019 0.014130412804445346 0.0078657318846872739 0.027266540228219102 0.018493793612422271 0.49248812715126133
-0.016615406527965643 -0.5174569459272752 -0.49077719438017681 0.0011352536177211252 -0.49742255812038788 0.0044895047876280566 -0.0037549212358665867 0.007124511803162723 -0.017845098637938098 0.011486203591135617 -0.49308629929511177
0.0055639494112507248 0.50403773215697811 0.011713513372899597 0.49728764558424149 -0.00018603585207628505 -0.0044017440323162607 0.0083674014123492867 0.49376484512302737 0.066630239737085623 0.013738927319817141 0.49996130406842171
-0.00018975064969291617 0.50358802175394657 -0.0019427499068479664 0.49690554389358915 -0.0061153708636995669 -0.0049959333456169085 -0.0089919041931900822 0.5010942102208491 -0.022119944802753748 0.001171315195298777 -0.49774581023371683
-0.0060396262892747554 0.49338582213041543 -0.0069590974227878959 0.49684342294984762 -0.002585326752237094 0.021704495037265983 -0.0059795290799107064 -0.49609622936409326 0.03875541735548247 -0.035576373869711547 0.51013673082897781
-0.0059523656057224551 0.48203806484588585 0.0028515344373049294 0.50943265308915331 -0.0003862674989561464 -0.010388544258956895 -0.011824037484532281 -0.50912386165397228 -0.03645946753981219 0.0075853275159066431 -0.49722459584389911
-0.013367101964241665 0.50109956251779397 0.01431606180082403 -0.49993292709810749 -0.011707744355628503 -0.0068723832505135961 -0.027611291749850636 0.49693014889921561 0.071459150219341294 -0.016758029707153788 0.49528695606781259
-0.008196392319324744 0.49399039800573502 0.0012804542392721198 -0.49558200729670993 0.00022728804262732628 -0.0055252803474260884 -0.024932376899103905 0.49221432711297242 0.020134576509055455 -0.028143590912918966 -0.51592492653023492
-0.013232569683139033 0.49072974098828659 0.0071122203183262202 -0.48902037255552205 -0.0066631818550402233 -0.017999186124352227 -0.0089373356108754104 -0.50069147849078677 0.072011083439094431 -0.067614507071799848 0.50884201178522359
-0.0053021523332876259 0.50378042723954153 -0.012343011392162517 -0.49986553334480033 -0.013386619497099152 -0.0096238302167920581 -0.019291827131004895 -0.49528799644374488 -0.025338305671806081 -0.011213508225785077 -0.49943698376142487
0.0084947955961687041 -0.49695043167159086 -0.0040589972385857544 0.50007896366785676 0.0087671506459678465 -0.0023131461785147111 -0.0037702551411143721 0.50965000132506488 0.056913936957009768 0.010220612107478062 0.48958089440412228
0.0094271651525632168 -0.48007507412050648 0.0017037962941182103 0.4853429568052906 0.0023250529106374675 -0.0035967836179201596 0.0062708297903332245 0.49512027347753873 0.040105331241322657 -0.050238631220278815 -0.53342689679471145
-0.0076880867392172285 -0.50431779319287162 0.0098949250290014668 0.48716761674053555 0.0038692730748947062 0.010860457594483574 -0.0091096943348397217 -0.49362769266338197 0.032729902407270361 -0.022486730113196997 0.51255551367463414
-0.004010461379121792 -0.50540039975152828 0.010153254957364266 0.50517609998900803 -0.0048906473266054655 0.0010450925466651822 -0.0044609781226308464 -0.49570700617759694 -0.045839999378316794 -0.010347960932869433 -0.49119205893076601
-0.0096843188157397769 -0.49392614035425481 0.00017432580730332315 -0.50278150619455986 -0.01488766561074371 -0.010393241038942895 -0.028123472001572482 0.50489976000545411 0.047492631439920038 0.048045834762579336 0.4924891844764982
-0.012833352686431179 -0.49101317993421323 -0.0029053554500287604 -0.51554864967930791 -0.01266184240477037 -0.021156907913589935 -0.013046752025462894 0.49117125582243154 -0.024644538536201573 0.021493600205702578 -0.49984580171654763
-0.00099567576992426357 -0.49552586520412822 0.01741035166018098 -0.50256636757038753 7.7107347880698795e-05 0.0026171185496676953 0.0034418241571451879 -0.49885865437649457 0.046498628274517367 -0.030140867369864224 0.49962765997642189
0.006310668747372709 -0.49618952105997383 0.0015155747693680018 -0.49469331969496239 -0.024577192994201007 -0.008348967894374653 -0.0048573170872414249 -0.51173391070670371 -0.037863189876564764 -0.0030264206797715664 -0.49499560016825711
-0.01865815431762036 0.48956558848751314 -0.0010166410728552349 0.018789363015596337 -0.0031572980857149245 0.51163502037588982 0.50332428510652172 0.009391387581629055 0.061379334496691133 0.015055457650656598 0.49033187523499366
-0.018989031672110485 0.48518231324751354 -0.0064512740946439063 0.015329255353324337 0.00065648504286334325 0.47821159186265361 0.4867909272874319 -0.0082403835731729019 0.048250950000090699 -0.025173144318306272 -0.54339582703110501
0.013185259611513636 0.47065097305027792 -0.0030982883837954284 0.0056502294043942868 0.034660744810897995 0.49053349565233995 -0.48152154879505682 0.021778597774983977 -0.068132315898747409 0.10905204668795689 0.53626125889647092
-0.010822030034063027 0.49241710527274574 0.019071150885717085 0.0047674950515397925 0.004674068705129852 0.48757660163280436 -0.50043264029110446 -0.0082670357618022886 0.00015994338165948967 0.043130996637681412 -0.51663098156775955
-0.017310426935842074 0.49091847628343921 0.0076403054625496531 -0.0019774989561921405 0.010552034693035391 -0.50822527713195154 0.50006274090747849 0.0082829935504589777 0.048900081463062912 -0.030396423287567254 0.49677592826074246
-0.010599542766229958 0.49392550236828198 0.0010210733020669018 0.023634522518690752 -0.0079071600545180566 -0.50224682884782945 0.49629353635245754 -5.1305031823972979e-05 -0.053166188094822452 0.022019535881289624 -0.50342073250491748
-0.0092939987039038167 0.49191004200070026 0.0041706724505443963 0.0062724550080728988 -0.00099478208760746625 -0.50229028880200499 -0.50904245478256682 -0.0069537619106432927 0.053705863690152518 -0.028429790739205152 0.49266593324309316
-0.0099381272407947988 0.49597510314962912 0.016320125267516437 0.011101015136230687 0.0027411970095181522 -0.51273806714500225 -0.4911095516946391 -0.0038016477975197182 -0.036780359190176609 0.025384307669276275 -0.4974055787850874
-0.0036898423428970658 -0.51331988100472337 -0.0041682320853408776 0.006956801236958513 0.0032166245607404918 0.49486935650118602 0.49527929035649926 0.026755087665338503 0.058605584417182284 0.063677506366633149 0.487863133875866
0.012381028175711181 -0.50029107006481877 0.00097235622055360062 -0.0052999477371791556 0.003280487779047144 0.49296947197284557 0.49491120865279586 -0.00026080184805726304 0.015844295947171488 0.0040257910972291465 -0.51116771940237449
0.0091018826493721328 -0.50505899369413954 0.0075220539988001996 0.00071023838570003113 -0.0026413067933241064 0.50135221188412515 -0.49533539997317216 0.013556296190948605 0.055423855931706775 0.039312722610145762 0.49321013820169346
-0.0048485316271841159 -0.50891772210482922 0.015173958355827683 -0.0074991355575717003 0.0022778760061745651 0.48521400943711446 -0.49158414020440983 -0.0052521294914960317 -0.031933835062022534 -0.00030163509607669729 -0.51239879154722179
-0.020071116064704773 -0.49630656890531 0.01375849410015248 -0.013142691690789892 0.014974252744697956 -0.48884271910577337 0.50412806402156041 0.0060179998417400158 0.031429768735611832 -0.013524917877914133 0.50830247507363613
-0.0089321167654386312 -0.5109634885296559 0.0003485656764179998 0.010527651531507665 -0.013010890386401333 -0.49785698969592895 0.49277702328376416 -0.011395462471107563 -0.04236724133685707 0.0061967523002851074 -0.49588534779548527
-0.0085884913864937903 -0.49587832642902679 0.0078472046365561099 0.0033683596838175 0.0025583341448617877 -0.49962165373890494 -0.5036075337792183 -0.0036554921648877339 0.056356721413936293 -0.019927556515443808 0.49711423084471312
-0.0027384155393593234 -0.50919349044996576 0.007585929537222539 0.010368132507692054 -0.019149337287451766 -0.50197224332212631 -0.49498953371221682 -0.0087452021023654257 -0.040240611889998813 -0.0020837429107763419 -0.49141820255911145
-0.022208517269927341 0.0016187816658250866 0.50669254996956026 0.0061532547643968856 -0.0091618587267588286 0.48088527159345001 -0.0030973685778648689 0.51274685984949386 0.05203668298420517 0.027373509685155974 0.49499324550017659
-0.015301572144236462 0.016354596686749264 0.50458597474738587 0.012429141584781294 -0.0020354192613160019 0.49075419221640737 0.01164544250864376 0.49846938877411584 -0.050240884337492228 0.0046735699684748635 -0.50273227754337613
-0.014228503456013453 0.0068230544042796248 0.49330888341509233 -0.008323601099734448 -0.0036608385401808935 0.5045385718701445 -0.0068488577506079836 -0.48459005079825851 0.058542395477930012 -0.039586094722730246 0.51174875811677889
-0.00045802279876933094 -0.0061671080175936827 0.5091458749389719 0.0035145443774801137 -0.016049898366158586 0.48919456388121524 -0.0055225150193457546 -0.49740991168445131 -0.032978991060703393 0.0097438849391680901 -0.50251496184352973
0.0015330166178785757 0.0028903812240643218 0.48762319296258566 0.0026659838517688115 0.0045600941456203055 -0.50582486999082876 -0.0081020154683141919 0.504750433271687 0.024569626301244329 0.009988406385603851 0.50078352495897582
-0.022255442664233679 0.0052902075493726766 0.49596419128774155 -0.0032481107251762565 -0.0039168273941694951 -0.49955549304906727 0.0050531693650307042 0.50405721291140904 -0.036765032348899974 0.0052475663650439919 -0.49843378153528495
0.0084029369480173779 -0.0014585975625657746 0.50223842849402001 0.015947225710737714 0.0048261367120185856 -0.49847544838506652 0.0032202268213473743 -0.50494216101246769 0.077556496347146495 -0.030413351234605882 0.48683827700155585
0.02062379750089945 0.013913480607916893 0.4987252840973766 -0.020121463055983918 0.0044700657602686029 -0.49585422619258041 0.0092764021711986139 -0.51032201438562297 -0.053932815181490679 0.060716120805624711 -0.4870811952402011
-0.028071886694116702 0.0051554739289134269 -0.50271339464014175 0.0054902748976596843 0.007143689142185417 0.49447523118558606 0.0048205485206027675 0.49624085061807366 0.072076869057252274 -0.047097003936960556 0.49818297953985979
0.0058096223307511543 0.014795299515448408 -0.4954517270450573 0.024526893250713805 -0.031694037115774988 0.5126093511187535 -0.010061716671102748 0.50284164720738678 0.01334737143304133 -0.027155867685351446 -0.48583325580959508
-0.011988480461101774 -0.021394791555402585 -0.48697849048010122 -0.01290710997877267 0.020245240544291391 0.4980218552744789 0.0099603211376526404 -0.48199853915377816 -0.0049902813618334044 0.054882322020284195 0.52743671234999567
-0.003742624717867789 -0.0088792962664114763 -0.50776716813961909 -0.0049135712188883079 0.026031654960843757 0.49128729014690709 0.0068363512767551111 -0.50035371550315921 0.0016031411341754377 0.023805079377973028 -0.49904391984394336
-0.012726866127526427 -0.023399323181102535 -0.49928087115482278 0.012216896857668216 -0.0027864909008646485 -0.51908031225289286 -0.00061079007428549588 0.48722201321511521 0.040655431775197398 0.0073263663065204617 0.49123876025940499
0.0056192765264194942 0.00014117308071030522 -0.49834562061473525 -0.0081135204314703082 -0.0042249065028054089 -0.50055430421849278 0.0055744793091732385 0.49542691713976955 -0.0014674304958785425 -0.002898040094624734 -0.50546246018903485
0.0012699551926711888 -0.002372465376273216 -0.49461154712653527 0.012930907604607619 0.0037653821470331867 -0.49530913778024049 0.0064259272136202488 -0.50241900070019108 0.049364895810887169 -0.056281761613692874 0.50176585495054493
0.0048071408973385755 -0.0019593318419249646 -0.48684425778285439 -0.0068329067397654335 0.0067031638932620336 -0.5120998306694875 -0.015737118661219802 -0.50184773711739006 -0.035834500910589547 0.010676017818988722 -0.49711262961324065
-0.028264039701516742 -0.011088802143809815 -0.010260754073542443 0.51355864990856392 0.48575943722561837 0.0014627772885826759 0.49604146320272274 -0.00045826156757081208 0.046614613838444369 -0.012689026174365533 0.50087400127879733
-0.027689116845239586 -0.0013925393978311174 0.0069346220202398381 0.51892996830992311 0.50000175356709908 -0.0024616322142199253 0.48384797377343852 -0.013706034339310297 -0.031916139504585904 0.0032467161930155833 -0.49453135514084012
-0.017230218377622491 -0.0088545349019840455 0.00072892234480446993 0.51034034699799835 0.49317505887748059 -0.0090815211328086325 -0.50073539267856149 0.0038620236665340506 0.046906108426861201 -0.011999860293675226 0.49272484674211481
0.0076811158121897656 -0.012002740400107579 0.00045748268535350978 0.49330417556653794 0.48351743172737216 -0.011081642917185511 -0.5098070262084442 -0.0094505185928742512 -0.012867345268645591 -0.019274012496567992 -0.51186544497733799
-0.021748632901565125 0.015972718755464119 0.0082042387979151341 0.50477847541036869 -0.50503648501295373 -0.00060110792742868911 0.49593479694072656 -0.0047099466291308711 0.045678326206525607 -0.0088308044732428956 0.49112426016137628
-0.015211165221665983 -0.0034014929312651547 -0.0087738362946587212 0.50580797491883034 -0.51420517615977079 0.0050846658417717065 0.48334047626031451 -0.00047240265761426677 -0.020719381919566598 -0.0019343179568220253 -0.49533248637505634
-0.0015275895151635997 0.0093556916470053757 0.014118811574812255 0.49365141853046818 -0.50812713533912068 -0.0013723133124567432 -0.50463176140670496 -0.012196375729374511 0.051317137601204571 0.0055424461192679301 0.49026306327618718
0.019692002620525569 0.0097964603819787454 -0.0088077978737709801 0.49153035157924485 -0.50746272656195746 -0.0025803589953215886 -0.50342487906391209 -0.0077535597096929981 -0.0032146801807582978 -0.01408864895281914 -0.49659436436680282
-0.0021890592136973434 0.011610460190132827 -0.066013065979097729 -0.47452178515049154 0.45213626523639161 0.02002803909865937 0.47296725178572596 0.047559103767234524 -0.098314060635395259 0.15187377373059932 0.55390634930539862
-0.011914148346690669 -0.0041796896501271486 0.0022498719783192725 -0.48841796196384057 0.47414019693419657 -0.029513335481969466 0.4706413679026436 -0.01544486694901915 0.050237055351789822 -0.017600444493050899 -0.557698909786979
-0.010866362372760631 -0.015438137352883304 -0.0022582469437553558 -0.5035961615326473 0.49604163337852414 -0.0028463524256251739 -0.50078205114331131 -0.0060472112473825713 0.038424873267333827 0.012003350659408357 0.49751804580676401
-0.021952729390407058 -0.0026665521591865424 -0.0020232457031837884 -0.49405759370693758 0.48819026618887912 -0.010042358559108903 -0.51255704006549185 -0.021955193474948509 -0.021884913103751017 0.0003046338771325026 -0.50329672233946876
-0.021695989687443577 -0.0017066766561444403 0.024219888595129534 -0.49800302411984437 -0.50250907346588036 0.010462504397626405 0.48673452382134008 -0.004964946249044584 0.066609380582535668 0.0006624802731552493 0.50688808183251954
-0.013939881629357255 -0.00060795968202148653 -0.003147900635773308 -0.48553889953558543 -0.51570441155047386 0.011742466575833731 0.48664215857823656 -0.016230990616269984 -0.008582459218199414 -0.0041215621439055867 -0.51066992351990947
-0.013519367556165248 -0.00032361180678673731 0.0003742836370520887 -0.49375519174219556 -0.4992638072076831 -0.0095325485055349976 -0.506509266367416 -0.0098869107178849534 0.053930893406390581 -0.012341236621552567 0.49694802398498761
-0.004601801637068516 -0.0040921540582299562 -0.031325309997433583 -0.49548415252169753 -0.50575087689836873 -0.0091012755902511074 -0.50751587979337498 -0.0093806148868116057 -0.0054385265412735034 0.0046839651510156574 -0.48979341897463691
0.48182305686990407 0.4997338322867908 0.01789291434114483 0.0048688401507021185 0.0050150459864980769 -0.021195258342643134 0.027267004067113673 -0.032740170502734207 0.492920099302391 0.2282680251243914 0.46947040718259875
0.47922820487813472 0.52555945498791523 0.039575911783060198 0.015049628798795497 0.00013347102837597127 -0.055079548559162805 -0.009626052533217808 -0.050798266790501923 -0.46459942934370779 -0.29675036872749277 -0.42745120474149362
0.48771934933231403 0.511847090706821 -0.0067994136010434943 -0.043069262216518703 0.036809876847447 0.026413943364441334 -0.023891437982958074 0.010723649640042804 0.48188650067623284 -0.45599454643859638 -0.23528092108122187
0.49102001420079683 0.48903375213717665 0.0079979609397930074 0.023135364522670586 -0.023655771939639868 -0.01419344951876261 0.006187816955573972 0.037118307699852346 -0.53944958245441244 0.39459067604919795 0.26506859757129103
0.49644316463689936 0.52423186479595085 0.0095096722122194471 0.02745276018619193 0.0019461594904737237 -0.028907343009313344 -0.0084524134233823992 -0.038191456614382384 0.11665387540184366 0.49996115993149703 -0.46037192307577862
0.51562076075767549 0.46473403358427057 -0.00077266048109637692 0.027941171834760668 -0.034765472107751536 0.0065636476920906692 -0.018323084106404253 -0.0058704572614418091 -0.17791794891029483 -0.49453869575378101 0.489419010330233
0.4863813459305974 -0.51246781745919301 0.029099823304286222 -0.0076782357930545928 0.014218274687978897 -0.035855268792187082 0.011513651458734078 -0.020993147985090447 0.50124824720502814 0.20226659721192639 0.45352127804196007
0.49931469422006469 -0.45832983308317332 0.025756202568857731 0.018224922544513356 -0.055640480387157944 -0.013794879464966684 0.0016618862930512413 -0.033795321544783721 -0.47811951915599005 -0.29228561910084239 -0.47027956085364953
0.51748604677161281 -0.47332688609054618 -0.0023010587843172664 -0.003449142090870402 0.027038605107603773 0.031840848675795112 0.0078840343133489352 -0.0051173294366116352 0.46811654193896968 -0.46262584211582553 -0.27048774713352663
0.48085086392789167 -0.49969455516316463 -0.04794187144877024 0.020188121550176342 0.015372404049694146 -0.026591279785632464 0.020608220131686665 0.034126696484941009 -0.55471777475992723 0.39668719486440118 0.22085410928819749
0.4836057373596464 -0.51772019387121015 0.03087209497392442 0.014336923911345363 0.00084698139376386213 -0.017700743658605349 0.0027025876317666501 -0.023285044082505122 0.11648999031688305 0.4920062096926322 -0.49033570014221101
0.49541730782270482 -0.51770406497690513 0.026098754003031632 -0.01421590380595176 0.020952970384138934 -0.03702913089589633 -0.038213533572939655 0.010244923642302279 -0.20046634376556624 -0.49043572903470634 0.44896723703031161
-0.50266935186339246 0.49116981405322224 -0.02266140183061835 0.0034068735505135526 -0.0077671532826571691 0.004199633558278148 -0.0088411840905651476 -0.0079300883236047195 0.50341497951898828 0.18222244754721689 0.46765362194316129
-0.47234851128468741 0.52153596929599089 -0.053232326511154421 -0.016073423455031016 0.0021230144372128305 0.024193643792964643 -0.00077429660821323645 0.019629218756256065 -0.5263492886406127 -0.065188666309607235 -0.46853623111566511
-0.49407990142810371 0.48766553777589505 -0.015817383936590476 0.0035318570673180776 -0.0083081136852729259 -0.026068128792450556 0.00047213492256018556 0.0061637691302535991 0.48246488267405302 -0.44390626504185315 -0.29528425019205123
-0.48156298482730664 0.4893177189462431 0.052620593675929028 0.011635538366878072 -0.030717703627492047 0.019764924306877096 -0.017822673008639472 -0.02229190564288409 -0.43694321349788351 0.45154549330952526 0.35888638635116737
-0.48241891701275524 0.4905863972001766 -0.036610122757205439 0.00090141781748897393 -0.026293118986350429 -0.0067024858349792925 -0.010562047253416914 0.017208796851349482 0.27336044501821227 0.51074157279029309 -0.43419929032358118
-0.50950419078541953 0.50410927928162053 -0.013180259298835361 0.0078580678057927587 -0.0045235262059719417 -0.011920577388415322 -0.0065365116951744736 -0.0046224556364714911 -0.25892407694504049 -0.54494701642850329 0.34901040353749413
-0.47277647572473147 -0.47956874720611675 -0.018800586277959656 -0.0023898369986958693 0.010453896957707196 0.0026151830968873242 -0.0073377756425958614 0.019942970723381536 0.44640478777528936 0.41383579584198016 0.41836832897989462
-0.49575217831520674 -0.49473921158024953 0.014519955023256679 -0.01703610639752845 -0.011480782665255091 -0.0059260161002029268 -0.03601728366042662 -0.0073041435678436314 -0.49824465431595599 -0.45291928350925659 -0.23250956540256262
-0.45986728008483119 -0.51314342526266743 -0.032214763568664768 0.044066636855040843 -0.0096621440182817764 -0.032988848889207084 0.034592009966871791 0.0093807284436725775 0.47441540142967131 -0.412084422051397 -0.35337866366366899
-0.49926519550860288 -0.48593632622797012 -0.0017920364992949525 0.003016462871505146 0.01125049014274818 -0.015493394128838413 -0.0081467059186819367 -0.040002172713553025 -0.53048451485309034 0.38041703840269298 0.29397914199402209
-0.50097965043501691 -0.47869827792088632 0.013650963830806872 -0.034309580735453732 0.013329787314117861 0.022124684563247274 0.0054859078303512313 -0.029112052155619836 0.12758195484918181 0.49008572904958608 -0.51038993302996616
-0.46471046866347226 -0.4684039233115595 -0.032780472537068513 -0.011359589908058404 -0.0064045807741682746 0.035088580404662083 -0.011097847888146826 0.038914983965336492 0.097715489051733551 -0.50003677980274375 0.5485831586803287
-0.01725859194023174 0.017610777018828547 0.4920264252365576 0.49728775214122167 0.0062943160617942384 -0.0092368108090094912 -0.0023523153493097276 -0.018131736740155464 0.49910422838036095 0.35319130579676472 0.36837281434084584
0.0056264048417483644 0.012500319702940691 0.50990534463465564 0.5047940263075289 -0.0018619638219640443 -0.0017055988347307448 0.001212932102669209 -0.024581286878714081 -0.51118047952203383 -0.36636226499219227 -0.29808176293256128
0.040349868186255591 0.032736962706549917 0.47012748180452085 0.50170902789592831 0.032796056728343105 0.016764816379963954 0.0087285010725098641 0.015366197409373655 0.46999801334692115 -0.40628623888668841 -0.37004431352507089
0.020395959996934797 -0.03488749072791026 0.48390859598069635 0.51508294142449984 0.015083582852190728 -0.012873493467267747 -0.018021389659165568 -0.012717334667858793 -0.48449482386093495 0.39547805687085685 0.32691135157652557
0.012184771368738335 0.0018697799999948517 0.50524518719813138 0.51631317147188061 -0.00013033155679047348 -0.013758989956159642 -0.013117636651863624 0.012714833529206602 0.047856576620366478 0.47403841356440513 -0.50047008842967189
0.011559349777270682 -0.0026239370823705394 0.48401938643875192 0.49730244861421641 -0.011877148050056678 0.0088857514320701478 -0.010054355757526383 0.020610843096326166 0.03709520150469784 -0.5064544062903451 0.50956546661634872
-0.02586355354167125 0.010898946848560222 0.50498618168940435 -0.48024192996483245 -0.02431666432886723 -0.00083167920322526571 -0.028581834577434958 0.0053973008735528384 0.4971466150554007 0.24832924984984214 0.45089767951416493
-0.011437195450462791 -0.004702351911525628 0.46319679611828368 -0.47419026048980917 -0.070528171202869638 -0.017460635076330795 -0.021214717665998192 0.0098501312641601467 -0.55580086905850101 -0.03505652909778386 -0.49443872324936705
-0.0073497137645101504 0.0076243064303668133 0.50799445603098137 -0.49996414231398617 0.010048100025161454 -0.002935580638321585 -0.0027042662756425182 -0.0070641570615972331 0.4696892230074925 -0.45495594630976804 -0.25319096368192995
0.040978031910928872 -0.033174448554617868 0.486992897980635 -0.4738010403312885 0.031103233367781896 -0.0072909154034421757 -0.0058379004120503982 -0.029947469473321997 -0.46158280996378237 0.43898522908588583 0.35756471577763238
0.026615467002803078 0.026597635471732328 0.51089048440115115 -0.44272025850218422 -0.00080854518978654686 0.022925589530582061 0.0027839143807730404 0.038780021154282612 0.27695685016822774 0.48316970345048232 -0.47893416306989817
-0.042172718372237579 0.016258303837063903 0.49856950318979015 -0.50126460010264506 -0.030641100646601742 0.0011136104208532358 -0.058115704689558019 0.024070828715855565 -0.3273798221608834 -0.52904942521735021 0.32580911768997817
-0.0079562676590229399 -0.0011563781287005149 -0.50403944382834864 0.50518659360356633 -0.018130718598580328 -0.0043603365257929971 -0.0031054598649860416 -0.010185282848108794 0.45543843839386977 0.23362971349107753 0.47770071357622856
0.01198623081581667 0.051412780964660301 -0.51809110446072981 0.46937376596006425 0.036559553787890116 0.045234142671583003 0.030818937468598883 -0.017012351936198052 -0.44851974281348345 -0.30683802471458149 -0.45666338014528984
0.03402769996081758 0.021834737673716298 -0.50423314853726964 0.4870914487394582 0.005200126330673684 0.035332892397639419 -0.018681111852411145 0.011547785369199377 0.49684166874769758 -0.45577782214691942 -0.22475176416701281
-0.033942667048333729 0.022168423832152132 -0.49499029416014101 0.49774065623885672 -0.011628485288585236 0.037395184227251417 -0.00026411374751726224 0.052651195149502929 -0.51118421245967383 0.40445961528352775 0.27639208582927571
-0.020439909474214729 -0.024011541857473836 -0.47899542580186938 0.51591703692570379 -0.016381290134521564 -0.022800026731267534 -0.012726180934239474 -0.028344724672786686 0.096132977496383859 0.50457911861449345 -0.48765094662220876
0.019383002221023855 -0.050292306777836443 -0.47829136933417832 0.50642933392679867 0.0040478263309512413 -0.042669610607915846 0.029271102786827374 0.0098825249917931669 -0.19715668021776048 -0.50301097379184301 0.4660250424893988
0.0017525476252739809 -0.0012000560666023392 -0.50359600176315922 -0.49180654618494574 0.012385008969715646 -0.017582951732372072 -0.0014746631307654 -0.028905003116839242 0.49053414512837429 0.21313733071132149 0.46600577767356521
-0.021033868169727288 -0.059874723456164743 -0.49284923285892807 -0.50059958690989548 -0.016422489026204971 -0.05274341290840618 -0.051281529517756344 -0.0023404911077683395 -0.47509991986571792 -0.2888576574942015 -0.433159049389571
-0.0083992821918957399 -0.016933446113124317 -0.49580768819787679 -0.49710887230653128 -0.013316163812182593 -0.0037182034233326409 0.0025360282393929205 -0.0070138837404483401 0.4727588769141034 -0.47314568908970017 -0.24307539117406218
-0.025165427288859028 0.035815924437383358 -0.48451992566913182 -0.48727687869813724 -0.029502250285792099 -0.004239030528334361 -0.0011496977251631592 0.010646241900452762 -0.54666942127331342 0.39269291193952738 0.26800636237931386
-0.012056824595242431 -0.0053825760450136517 -0.49732205317024225 -0.52959080662748714 -0.0068873481041218749 -0.021169800153769409 -0.010713734760032163 -0.049895003823575222 0.11201215547455534 0.49969988688823413 -0.45462448500965102
0.018843183683200152 -0.016134978060267917 -0.474241287639383 -0.50350799509235877 0.045507055844907475 -0.021764927044017519 0.026579095780301147 -0.024754537313105802 -0.19318486322641162 -0.49732722879159974 0.48212124344355756
-0.0090813111163578729 0.013036225924343092 0.024420551400180558 0.0046346499342661178 0.51301705021447019 0.47958122551953319 0.00017878616021853235 -0.026108996804025522 0.50080338834220084 0.23935579130119747 0.44403621172909608
-0.0091562512985932827 -0.077623818048246071 0.051926981723797123 0.010527690546019486 0.49241904123233227 0.50115015822412301 -0.0097004007888029653 -0.064495306208533512 -0.47830197514431833 -0.31813252735030623 -0.40400574537339867
-0.040016885752884125 0.0010741002399263569 -0.0068434170647728261 -0.026520719742550079 0.49902500517696213 0.4967542155073541 0.0015188738582192125 0.0036467558720025025 0.48154187000159637 -0.44944051998815593 -0.26069455007017389
-0.033787218757866416 0.0069817726183324111 0.007926203227148685 0.016791962146822319 0.51387711630320487 0.4957596518387532 0.01666258726370733 -0.01542386746402245 -0.51101099579262776 0.3883168351720801 0.27600692229923263
-0.0065577875591826748 -0.0085611104266654619 0.024718240636278553 0.0034892718783878151 0.52195161547986502 0.51679280772274439 -0.019324705445242441 -0.025417461784975743 0.15359501435014578 0.48602232818542185 -0.446008540079742
-0.024783234920116071 0.045445264753769567 -0.0097113238518932773 0.036153599282411984 0.48912444139797734 0.48850330850352819 -0.027631798687754623 0.0032516340720422452 -0.14715816631290374 -0.50072238579361539 0.49486200305162098
-0.021873002762520244 0.003322582840428205 0.0044485347615314174 0.023384272013473244 0.49110088390712775 -0.50612770275373209 -0.010134330388900586 0.0090533789118432146 0.49739207454182216 0.20445392045467908 0.46066651620961507
0.0076781197452558663 -0.024236975592184865 -0.020553992617170967 0.026573349996342321 0.46359225450249653 -0.46914715034987103 -0.0040198297491100873 0.024425501526497508 -0.55048557523437192 -0.054315515515394402 -0.50656773575684955
0.017482995100088251 -0.001477518325134284 0.0025655853690671839 -0.015002082515924248 0.50607795869126271 -0.48947533560583706 -0.013806955437585864 -0.0097080460133495295 0.48045775446293798 -0.43387355315216541 -0.2904973675439414
-0.0057150702374097716 0.020926463622801088 -0.042354770954265035 0.017765417697778306 0.49739145920171057 -0.48341533282717902 0.004699018761373454 0.033851864940278475 -0.45000796099553331 0.44668604719115229 0.33634449222898338
-0.006684407876273309 -0.010176665180550829 0.020863283931366789 0.034551555177411125 0.45452442325469339 -0.51808241810915678 -0.00016790956744303873 -0.015389262966552807 0.25313022595237039 0.51132870728066182 -0.44435572295002318
-0.005133926966322421 -0.01009235529760975 -0.0092647422273843347 0.010267404337651585 0.5008081181366858 -0.51192288048541867 -0.017049982408672122 -0.0010667105993020897 -0.2973272361593991 -0.55217915250858829 0.30530244637580789
-0.022819951961566859 -0.0084351121813825876 0.013805078662122374 0.0099862479275279869 -0.50843111943418928 0.50367455954170504 0.024151537602429593 -0.012419144271360824 0.5034187613989084 0.25710093378086862 0.40823848030212473
0.027142933104939378 0.073974451861807733 -0.045572034290538445 -0.039947127259244465 -0.48281878284390095 0.51245097308181264 -0.0058928137867581788 -0.05580801199245309 -0.45593825593408943 -0.26807045799175572 -0.45989972641891746
-0.011244813010957555 -0.005329709053057529 0.01812515902746617 -0.0079591855113496611 -0.48755092458412552 0.49147627869542215 0.021178849743466205 0.0087125045189783215 0.48707943732796638 -0.4541068044565133 -0.27606995896323722
0.012673822628479383 -0.029638776357435666 0.033808819188733331 0.0012058461683486287 -0.48624116965380471 0.49207983853413811 -0.02025489273542375 -0.025639774528270712 -0.52894286740975072 0.44161733169049555 0.20825297339377338
0.0017128057446882256 -0.0060027119274265314 -0.0031836448228294381 0.029485869969708627 -0.50796458113081067 0.48859748683786747 -0.011841551615581068 0.03313470116014626 0.16487466775250953 0.4848183922281713 -0.48872824915411112
0.012565018336323308 -0.08314815868266541 0.054267937282472374 0.026819277858406054 -0.46990318741924914 0.49862755839086481 0.090464743828975389 0.026232600214157215 -0.27897738328529365 -0.4695767190576946 0.46111070162251455
-0.0026497483003777894 0.0085938113196452059 -0.0017197931334689983 0.002761024545722622 -0.48353612306783572 -0.50637628764162057 0.0029621218627971066 -0.025625667654224724 0.50588963488716954 0.34590461896317914 0.36530075305672449
-0.0030081379726666141 0.025876895294631091 0.0053192547011558762 -0.010038825253360941 -0.51254915880501528 -0.51155165076567044 -0.0071779386389867837 -0.010736270652332819 -0.50269941449904687 -0.35586613600000599 -0.30868484724733269
0.065579531410463993 0.013036089559556589 -0.019200391830522461 0.027397202885779147 -0.4750098868754834 -0.48548662398674636 0.0099467466989480342 -0.00070071783839344886 0.47690515521817689 -0.4061238437852171 -0.37497191443777
0.0048410413872427369 -0.021644013458692671 0.022768580330372823 0.0012679532607472424 -0.51077876574135683 -0.49365600778164692 -0.016021424613817635 -0.020322327513100227 -0.47799940808220964 0.4018693844811872 0.32209434043512858
-0.0071161516536627917 -0.010406893743075197 0.0011673922694416931 0.0046332567588729433 -0.515502531182918 -0.50236353078364671 -0.00084968943507166667 0.011805043532998138 0.057221903142413183 0.4737482156743178 -0.50383970792223109
0.03085423462134319 -0.015203676733260355 0.01853192494605705 -0.027891583350516686 -0.48415902299966618 -0.50026191523975383 0.0096330425212153657 0.012078362447664713 0.038349232466981201 -0.51119651626609697 0.49999232408442584
-0.022584782220588753 0.00083774306163546383 0.023927394437652114 0.013411403329502389 0.013561226859529289 -0.027754380215667535 0.5233268414450275 0.49107046364583784 0.49394186144010871 0.23090317087320217 0.43065834174585849
-0.054366673984679995 -0.047188713733146738 0.032847240604419785 0.031620840913693965 -0.048289359315506417 -0.017100340776814178 0.49911199521354793 0.46762772481297671 -0.48201893351914349 -0.30862817536685616 -0.44128484191261158
0.020840567170703879 0.013769803015462722 0.0087515823783530823 -0.027441544407860598 0.021801343905888997 -0.009682064780999795 0.50052479996684751 0.49171167560565898 0.46925775878995596 -0.46037160568973712 -0.27115878547095246
-0.05082716723354215 -0.0013643008942767799 0.043485404809923564 0.0015531486903690125 -0.036185509833233508 0.006281762983956888 0.49910767925831229 0.48422185432673709 -0.53657659918385081 0.40403428694502419 0.24379307180997833
-0.028974013900747497 -0.012788228837887964 0.014797576828562996 0.043944235347234295 -0.005172904735939109 -0.037035468179010003 0.51084002243382498 0.49006050264892387 0.12650491472902206 0.49998613311748635 -0.47785151170388962
0.0054532025718772867 0.055443045030559239 -0.013397029457582582 -0.011583563666319555 0.056705406030037292 -0.0079507715743787986 0.47744987509343495 0.5337730106020685 -0.18318330872478722 -0.47914318220259217 0.46615193921271131
-0.034852363831764842 -0.022097958900529808 -0.0057467237828120275 0.017807416182310024 -0.0058107398887887532 -0.0045679100338183419 0.49653768114687707 -0.4952794305907478 0.49981329262890811 0.19189111926459823 0.46840721731857088
-0.00021221996577727676 -0.0080233543160289824 -0.011918633508054591 -0.0029555205160487204 0.011854783159543296 0.036338705890868371 0.50154494593512056 -0.48371291996369625 -0.52064095762808715 -0.04696102250925728 -0.48941382108041043
0.0068919546860337563 0.011900727017578661 0.0095363905935105121 -0.010174590423596841 0.016161778635691158 -0.0004316221533958036 0.49528228930577251 -0.49581995559714054 0.47406814751895848 -0.45714246952241033 -0.27293442222161041
0.029333869038056164 0.0013210261503654663 -0.035022019712412623 0.028030987118117284 -0.0066129618418221663 0.0014054003451212374 0.48630188938436553 -0.48412412269141164 -0.44894988294748689 0.43590444666001271 0.36694061739210221
0.012037378585702712 0.0070602894182204253 0.02476202845742 0.039920860363262083 -0.067560519853907264 -0.015839258779297549 0.48307806348190946 -0.47866867231251387 0.29698179025340815 0.49384374608799425 -0.44521362530794051
-0.0095818816409731899 0.0027592261272427259 -0.0070389268611557674 0.025464524916021608 0.012577161828444896 -0.0093301221099600061 0.49938358089694612 -0.50814205070338547 -0.29812467170102475 -0.53808348944188911 0.33608463735686306
-0.023140646755745366 0.0036984763485327439 0.005303649826666282 0.016884237216827087 -0.002216681386079878 -0.012996856946439171 -0.51432441208054946 0.49337592779027478 0.5023155537896683 0.18290499007444927 0.45303337145029482
0.0089423654492588652 0.029569520264206516 0.014392493955745739 0.036645917501097372 0.0036465477024804818 0.043671679224318437 -0.48013689817317595 0.47358579869374001 -0.49085470724675201 -0.30433430267214417 -0.45519494331808408
-0.0025286749447640685 -0.017365308116952142 0.0050116120473076616 -0.016591399431510664 0.0019252321028677211 0.0014615036432859374 -0.48602307853031956 0.49629538531837192 0.46647100950006659 -0.46276706593272898 -0.29173569580473102
-0.0321655760937304 -0.0072467393245442191 0.031186479040223133 -0.0037091065369532056 -0.019586316804367343 -0.017951546842331134 -0.49959420665914378 0.48978052265829847 -0.54490930597323239 0.39620482832724246 0.2320277467645486
-0.023243378786616434 -0.017436874929058009 -0.0020646019425771852 0.019996993870387027 -0.0013737928583552566 -0.024391028339446671 -0.50046291206053661 0.49271982048845819 0.096331117398865948 0.48214267986311671 -0.51300833623323361
-0.025488312560080953 0.017484225574840341 -0.03971233009140205 -0.01153781773704384 0.004602427550215101 -0.036109431694757707 -0.50516673515355082 0.48193956016354672 -0.20905195474280036 -0.49966960298685187 0.46387259252475538
-0.0063318555638051778 -0.012977426282388042 0.00042666052272183791 0.017588445687924177 -0.0010493580822217355 -0.013140755894582232 -0.4905251947250453 -0.49960714408909923 0.51692800344581369 0.19337921890929041 0.45219003725874829
0.024975699129053286 0.013441039514750511 -0.028831070783924856 0.003106689550750242 0.0090432623360016205 0.019557292623221728 -0.50223079204019117 -0.5008182877739995 -0.53294211157523153 -0.081366620615792848 -0.4518715031686974
-0.0013456534898205906 -0.002640330143851993 0.003080491738734357 0.0017252606870561797 -0.003114979594416568 0.014835236339631575 -0.49195546706447185 -0.49109971098525518 0.46922382306543287 -0.46659490721281655 -0.2804782581787727
0.070370573308995057 -0.012987725363770818 -0.050988808174240431 0.027686517393691896 0.020490765159875177 -0.0048242076672543486 -0.50247131615428653 -0.46824080191463197 -0.4392470268385974 0.41263481158627274 0.39514230943585277
0.012324062296900118 -0.0028082262943648871 0.00094661435258564083 -0.0040620528288140712 -0.038411227999104888 -0.003151326484616016 -0.50256192991472959 -0.47549315877454329 0.27404448437552753 0.48418861396814611 -0.4584062073670026
-0.0061706325429321789 -0.018479734708628601 0.0078716476379951106 0.020058738882302043 -0.0066649133993732625 -0.0064219432067827344 -0.48751516635111952 -0.49512723058145852 -0.26745262212382775 -0.55415746990638404 0.3709811666544286
-0.021301235958758408 -0.023828252790612021 0.046814224356140514 0.020864970812295734 -0.02067024641292891 -0.032312402550413274 0.014976443430920982 0.013208681783528253 0.98457676273671102 -0.13003291167614825 0.09045153226332335
0.13952217519726531 -0.028098023446356174 -0.09736174651082459 -0.026305459204884703 -0.0081810952627738142 0.13720363800027677 -0.011654818681665078 0.17040823869123964 -0.016818278169019082 0.65970172781156866 0.69714918164501338
0.018601024658001501 -0.036102121185909879 -0.0088748303373019973 0.013871564948628673 -0.026717868312504795 0.04231184527003802 0.018675515851203181 0.058339838491432372 0.011425401134140869 -0.99583631755442559 0.0015799568477405236
0.20615435359911388 0.19493014921157234 -0.18647593833098977 -0.20967069745062328 0.2164032163053187 0.22838448364726466 0.20683815596934813 0.20975917399628863 -0.55459745891806689 0.3660006837588638 -0.46201941765014487
0.13651378054291563 -0.0066543293936612985 -0.14524007964139676 0.0057295634634422958 0.018689847555016327 0.078880348446073348 -0.025815171573893202 0.14401807141869372 0.63108294449491809 0.72965810858468527 -0.03932572928212217
-0.058025129409013623 0.22600060213186016 -0.27329149077579384 0.012438875846872935 -0.2272684436885257 0.2256670671132715 -0.24724487996388494 -0.087203819462706861 0.43101629609250591 -0.50918135032358369 0.50434318191318162
-0.11289165529410201 0.024812051923181529 0.088038253702186098 -0.018564067657863146 0.0079271826996873147 -0.072001738951596936 -0.012171930510484427 -0.12501598171288272 -0.068423921897655837 -0.53116594871798284 -0.81896345287348171
0.064225473039611847 0.014525601995438951 -0.029647375389998992 -0.0335501416901519 0.022427904457806087 0.018240305346995181 -0.0016484394473585086 -0.012529985942762509 -0.97708560960454904 -0.18014933167798525 0.074256372698833284
0.10828016153475507 0.019379790436852715 -0.13094874769795359 -0.012826595571897616 0.045631139283308579 0.057079762845393879 0.011334733793519423 0.082829786347771953 0.60953471261187997 0.0641234435940468 -0.76329142695986762
0.16120738154519473 -0.0082002053757580205 0.18480238074553826 -0.25603672065106886 0.24776982950543316 -0.11969648471484227 0.24607303125855012 -0.097298679727486403 0.39985125847076386 -0.52347738655816578 0.54276376511519164
-0.023975755807486104 0.0058894689953389459 0.03016646894421782 -0.012424572357594617 0.0097529135859245452 -0.032798398345230156 -0.031330348062032658 -0.09905746015804609 -0.25779227332850507 0.95003515203048561 -0.13167239566453062
-0.087282789130091992 -0.0044097345541697051 0.077213551201670963 0.011716384953531648 0.011779585469637321 -0.11191272775656498 0.017889708825757539 -0.051569115461281498 -0.45121135006033097 -0.08884316002619691 0.87128390359944885
0.0065817979449010458 -0.0039829054424519918 0.00021427240305917487 0.49548906894873085 -0.49209192709181832 0.002550154792817152 -0.021357322456780157 -0.51486876852781016 -0.49280159994568368 -0.033008865025026722 0.05273896978674035
