0.9998666705062641 0.0061121392268828484 -0.0034292213049005719 -0.0030032656215055417 -0.004670823413298949 0.0040795319436880816 -0.011353615946014601 0.0060886789538432146 0.0014109480834528232 4.5915902290700248e-05 -0.0014405346865649328
-0.99968919066413597 -0.0092529878840042594 0.0078417927917365012 0.0094571511740987324 -0.012086115517044381 0.0038724487986109817 -0.0040392548408262298 0.0053255740666803527 0.0030016410920542069 0.00064055138222819273 0.013030937796960938
0.00064503305099028723 0.99964934416077289 -0.015620071829000288 0.001636712704556683 -0.0048354401223052812 0.0037719887907486029 -0.0092730821928538529 -0.002683862667441281 0.003212560342024088 0.016966599594301544 -0.0050118440067232952
-0.002091097425929648 -0.99983469781470014 -0.0031109060207572467 -0.00049462561977199149 0.001220862202624648 -0.00096416195906650595 -0.00018919263176012913 0.011914403768878937 0.0017506674160150451 -0.0053912136681161108 0.011821295256066896
-0.013185686656152985 0.01392678209639203 0.99964151939946833 -1.1929483052316975e-05 0.0061776578799679653 -0.0033473405510885249 -0.016260837057158355 -0.004280035920337627 0.0018200786370638467 -0.0035613944158112425 0.00095763609981995795
0.0049387939858079304 -0.00036748025200889471 -0.99986625094304404 0.0017443019748223558 -0.0063503347868264625 -0.0079068611256309894 -0.0013135533469464551 -9.7313304534183307e-05 0.0043634473785586101 0.006395162485498475 -0.0086829162538676567
-0.0048566900650219985 -0.0065302433044395723 -0.0014731309362773517 0.99984614017438433 -0.0043470630473994428 0.0035144588687003216 -0.0018676325986050422 0.0024331889880887733 -0.0092711751584609002 6.8310866363953249e-05 0.010614996654784686
-0.0058948858250656615 -0.0042099386299013046 -0.0075707506344609987 -0.99965675834815371 -0.0096577031576026064 -0.0049494033610154543 -0.01524592838109161 0.0014477314531386046 0.0097514874888251779 -0.006469673105709668 0.0093448221343279837
0.010188107999695791 -0.004676054055028675 0.0038599126683606499 0.0015341929002181444 0.99954293967830599 -0.019077101218347971 0.0023505346534296984 -0.0064144052540874002 0.0083512733219091306 -0.01633240535572595 0.0048887022646429351
-0.0048997449681580521 0.0044563127393926734 -0.00032497505286580876 -0.0011102425695520993 -0.99985333270902332 -0.0058995792009145405 -0.0013611480632064665 -0.0039834767172557527 0.0037018071824591395 -0.002191665192739215 0.013306989931557952
-0.0025587535265760596 -0.0064375126070518067 -0.0033271459654968705 -0.012139757884484568 -0.0079223303925648123 0.99967164093709548 -0.015163651271241765 -0.0078558404783587409 -0.0061576933798503592 0.0065680732667963799 0.0038350037346965484
0.0016759382174875543 -0.0074336380310717686 -0.0015532499938267043 -0.0055626871690035821 0.00078985015645516353 -0.99965515391719262 -0.007880259059320131 -0.021313676877340332 0.0058012897685351958 0.0065689598455380615 -0.0020852013931911581
-0.011293596438180996 0.0060992507896416512 -0.014093439469196146 0.0066836182304511717 0.0075447209565383576 0.0064159701757911863 0.99961753978329915 0.0052003599269799267 -0.0034367728993760236 0.014752929264590641 0.0014630882857471625
-0.005407473776640726 0.0061087730062251763 0.004165929473556893 0.0095988329338672386 -0.0096982178499682662 -0.0034627488380731936 -0.9991225594265184 0.013815492194283553 0.011501833292133043 -0.010945073614675407 -0.032078966840965818
-0.0052098551298274476 0.0019959949477794483 -0.0029283866796586248 0.0099605751887277567 -0.012082333749173332 -0.0085542613122966231 0.0018735461252123407 0.99935974234295133 0.015815188628906914 0.022244553217123195 -0.013175037061904852
0.0021183935348573165 0.0052814558303433175 -0.009889978976981505 7.6619601810044689e-05 0.00034405900699554707 -0.007441182011205345 0.01386104235382596 -0.99980718082233822 0.0022875708346459097 -0.00062395913276206924 -0.0014703359214260686
0.49432976154692099 0.49803251851239366 0.50256044684054435 0.5046062419518067 -0.00377300835818444 -0.0018984638271356631 -0.00021949198549549683 0.0028980110596170399 0.018734007538950423 -0.0040855315725739725 -0.0036461211398045256
0.50104525352086371 0.51288050538595331 0.49789147451281324 -0.48759853697934802 -0.014245833433586092 0.00026957491714786174 -0.0010545025468512612 -0.0034204267671391693 -0.0064143440590047158 -0.0012896712908481013 -0.0005938558988815353
0.4907363750226727 0.49249610596760746 -0.50852173888756702 0.50757078926733312 -0.0030197144043823073 -0.00066732219533412857 -0.015599180764265141 0.0024607157150181697 0.0073176823362367189 0.0038102494374041835 0.0087126784492151336
0.49949115800867516 0.50317102500879596 -0.495570430114046 -0.50079328214677832 -0.0015685837970950956 0.00080434300306925547 -0.0084357275895758504 -0.0023107747694738642 0.012365301331840947 -0.019609161953840989 0.018069629316395202
0.51764575292492143 -0.49531158892957672 0.49158159372918858 0.49416583919686935 -0.010810255610353581 -0.012955829888463735 -0.0048896924415124873 0.019439562730745531 0.0096947571597217532 -0.0087139712745904017 -0.00072247547941338593
0.49845394069714039 -0.495471468302284 0.49372806153532173 -0.51137365704850202 0.0032740139088811805 -0.0033858433692558658 -0.018627369007999911 0.00026087611740174946 0.005632258715051997 -0.019268797147527349 -0.0030063789903820594
0.51205452373836646 -0.49661112656902001 -0.49628635980968094 0.49425861520375974 0.0011630954799614344 -0.0090382196716083645 0.0054329295980332275 0.013892304788767683 0.00038158843830738169 0.0061252300912681395 0.015575780396013705
0.50528279713095448 -0.49117701407134295 -0.49372841302624654 -0.50917010888975756 0.013803010143928183 0.0020620062614570629 0.010483206814508435 0.0047386762538557357 0.0061144070892652988 0.00533298165809844 0.0044199379209891119
-0.49346149573935177 0.50032067579226946 0.49846688370130154 0.50662376866828107 -0.011569081878498332 0.018553387473885755 -0.0048040563669069329 0.018092327940855447 0.00023167548972208255 0.010334907761857307 0.010136535343365451
-0.49591661298216466 0.50964664703337925 0.49847970368371991 -0.49464671819392109 -0.023800278465341777 -0.0083737491828619458 0.010857534885637812 -0.0012134130647367739 -0.015321218380277019 0.0099172613992745875 0.0089774249940982893
-0.5062135325215813 0.49117969438023035 -0.5012061276495291 0.50093123290326069 0.0033520560201637756 -0.0041384622410720632 -0.0089045263232297618 -0.006200527979671612 -0.0043585589136802974 -0.012556181378253189 -0.0052848667901829851
-0.50081265734124225 0.50223802662423733 -0.4945443437017239 -0.50128863568952708 -0.0095021968320805859 -0.027243945547896192 -0.0038176774847230137 -0.0079214322206070855 0.0082288679824862321 0.00013126456166219686 -0.010082814014239612
-0.49158966571887452 -0.50583752280992433 0.49476208347469697 0.50650439280067971 -0.006097870578743835 0.025310082488331317 0.0030331521886081156 -0.011770093277074831 0.00119331453983374 -0.011098464076750724 0.01347822658031678
-0.49265865421460764 -0.51169432882515575 0.49234047059038932 -0.50014624213404946 -0.028199015931515234 -0.0012202547177871956 -0.032644776229605973 0.00093615358128819218 -0.019657446397037693 0.00014126676333193005 0.02571566251928948
-0.50403000434750411 -0.50566416114534507 -0.49302854310469518 0.49677192883460369 -0.0033600852430760737 0.010311003346674293 0.0069605283997040265 -0.008100846443797027 -0.0036914041133574637 0.010508709125440619 0.00650216835083445
-0.50544175299775917 -0.49785182621526253 -0.49382202706065637 -0.50153996919530164 -0.0035240074573478688 -0.010040174372505857 0.014614116616936092 0.011543144979057309 0.013779624182777993 -0.0095450600960415473 0.022991994359219194
0.50460240152398006 0.48706738721158199 -0.0032601297679755968 -0.011661732902340589 0.49612338302778031 0.51067256591802224 -0.0059883003599727333 0.0023809729744459582 0.024294577864426663 -0.012793475752273123 0.016578394179103079
0.51275282864707517 0.50374459980549902 -0.0088329779216742548 0.010093203551932895 0.4798317794245911 -0.50254336132126454 0.013308377506954697 0.0030254000527551801 0.00071199321973043931 0.013050847589502781 -0.00074602679207756478
0.50015424618791227 0.48819490476907984 -0.010082184307588182 -0.0035185774344273181 -0.49889150089925693 0.51208842591905035 -0.0074197579916274363 0.0037345058814203516 0.0077738713140270395 -0.001557130563986377 0.011759738378843499
0.50010053239462193 0.49082820574323949 -0.00019662419261327879 -0.0048087695698575223 -0.50803484759989914 -0.50062850631155975 0.002234340993456495 -0.0024476223872590534 0.008610206383950535 0.0090355951740269617 -0.008300514616192585
0.50998461316764443 -0.50036039331994642 0.011829652684265961 0.011086593932879255 0.50100965038548018 0.48671431432125328 0.011593551851303023 -0.005599404512043475 0.0230758687162517 -0.019102987860100139 0.018100848021395558
0.49938636256420815 -0.49865660034206616 0.0069973882483559202 0.003198419210212996 0.49456761328074511 -0.50632988507734844 -0.00080559382484609796 -0.016133055559418935 0.022891177805073274 0.0056756032024592416 -0.010556652294963787
0.50396497881349678 -0.5134237735085051 -0.0060766326015075315 0.00046942846329437675 -0.49022141141686804 0.49144777916169091 0.0036049069645371192 0.0095258548245825275 -0.0012523297422166446 -0.012118704305865102 0.01697240867527515
0.50593659110780553 -0.49716532147240988 -0.0039208545830864295 -0.013275709909108068 -0.50016509123308317 -0.49620524492013079 -0.01214933154650886 0.0021395163171201836 0.0066824591909636502 0.0058607111458769193 0.0068731922480242741
-0.49460400386799819 0.49591493235755579 0.01778160637406774 -0.0014399509689813591 0.50085055604164386 0.50750534080629617 -0.0039617915392317453 -0.0025515449945603718 -0.016533736425365608 0.018648513049051824 -0.007791800253379234
-0.48752810145397923 0.50357340460405431 -0.0028802279914711538 0.0035429636956895733 0.50181233054339425 -0.50663910946595414 -0.0084561132989512382 0.0038631016446727018 -0.0013083620356645577 0.0026387822144550536 -0.010743437440903544
-0.5027795685850267 0.49787784662146539 -0.013656523199871371 -0.012656457167520166 -0.50271292516321586 0.49574957413690279 -0.010387061572469904 -0.016688613317666749 0.009981827402826729 0.00033289115593062771 0.0030975446096907981
-0.50181983520358575 0.48819812668288193 0.0013095579735913311 0.0057889048199207972 -0.49574066102145242 -0.51372678744407052 0.0040807436153348243 0.0023588110189858413 0.0058631417970182601 0.002102431233533954 0.008317902630934508
-0.48994106772193846 -0.49502969710443201 0.0045467830157032776 0.016505508051458593 0.50883475448770321 0.5052829237939922 0.0051372085423528353 -0.0039145076034350938 -0.016303207196970676 0.0069496780713473134 0.0055494854174260909
-0.49350714403833973 -0.50578243417490776 -0.018204928574970629 0.010089894205944278 0.49782716458319537 -0.50213052941652436 -0.013074937338792099 -0.0013056682856290526 -0.0050398556291245443 -0.00076960343653172233 0.0059997595251283491
-0.49314345171845669 -0.49823814984487197 -0.0084022504324854936 0.0005412444291338699 -0.51402961033310524 0.49368913793413449 -0.0094717810045253422 0.0034709367372206422 0.0095168624770566226 -0.0099225965476290659 0.015849147114726469
-0.49270680119497434 -0.50362304898589516 -0.016928906649919584 0.0068503538772414895 -0.5084455594390872 -0.49403350751053632 -0.0038640039227611353 0.0061768592474293529 -0.0052258969782673845 0.017779614091448903 0.0169651144507291
0.50604442019031382 0.50794105670900391 -0.008704273559504103 -0.0076893022821783331 -0.015826402833095769 0.0088889294600807203 0.49698758057753173 0.48768850468508074 -0.016533862380311581 0.01844247287517049 -0.00056885936846531263
0.50047895401866538 0.50077179549949014 0.0055901985529952236 0.0053764876224773987 -0.0024414378768626566 0.004601237234074745 0.49725959373850631 -0.50122361827645501 -0.0065312518060013118 0.010230699660634229 0.0046468188867923041
0.49226076077427094 0.49437363298321024 0.0029690785377222912 0.005466954377427881 -0.0039177677957905775 -0.0032783231051809404 -0.5044079124404206 0.50763396304262354 0.010484953070953165 0.029357059271064915 -0.010858238885698127
0.49981667706503219 0.50137669056193168 -0.010832958299774025 0.0031337849395581688 -0.0051262176940032192 -0.00031068759631464786 -0.50279315070083996 -0.49527121251277062 0.0054266780794872422 -0.022861095574771215 -0.0021331664794084822
0.49858476963784554 -0.49990893757672256 0.0004860487774538347 -0.0038989691649975087 -0.0071263169857646788 -0.017845453532667685 0.50680670383437443 0.49412466496405222 0.0072767459126678981 0.0072864010683566646 -0.0011560958656079122
0.49959694272784871 -0.48891890381331343 -0.015749539629598467 0.010667521662026853 -0.0054034674164754621 -0.00099997345492033114 0.50468759761837156 -0.50607950602157481 0.0011682269469571601 0.004423360352583245 0.011053977163717605
0.49694229669811724 -0.49436212411266933 0.00048163124873542955 -0.0056805044719308558 0.0041338017065176234 0.0029692535333734589 -0.5060399836107643 0.50146983726839955 0.016911334486117945 0.027337354825607986 -0.0037752094855863223
0.5019571228874441 -0.5002222772826973 0.005541378553642437 0.014630777645154159 -0.0018309090116948121 -0.0067724992693586998 -0.49570744752310925 -0.50141838190725885 0.0098528306906486996 -0.002248406886392512 -0.016563023190739923
-0.51595533006275451 0.50823818711348989 -0.012503431287799622 0.0040741680825019432 -0.005384354186620568 0.019483962431041221 0.48974110885846756 0.48429207518583706 -0.013907362919898624 0.014440106309927462 -0.010742096188325116
-0.49636891569686753 0.50109397893840524 -0.0052095839486308981 -0.0058371447611067521 -0.013019854757119542 -0.00071549638847335421 0.49899678739145897 -0.50315381973847106 -0.0079494637987830869 -0.0078395454730315877 -0.0022957857940311141
-0.49818144753771809 0.49663147537904956 0.0077319433037380545 0.0039004026064314253 -0.0055284592964794863 0.0014247256455682288 -0.49860672647196924 0.50609466634676181 0.011847708215728914 -0.0049746715377428615 -0.01261898032105159
-0.48793819541515843 0.49811911592675301 -0.0011414235353097481 0.0060211905733717902 -0.0010461545336675085 0.0078940613324728903 -0.49991750251748956 -0.51295903229616024 -0.011474371093323884 -0.014210454156267243 -0.017737509387160136
-0.49074610047495515 -0.49435255451160026 -0.014800935421239154 0.0051423839170638358 -0.0066350011182852962 -0.00150114033784303 0.5060568354362055 0.50711474274658275 -0.02904049237120063 0.019730445511861226 0.00071033283372185017
-0.50374055725873534 -0.49016907540659022 -0.0025813019000132742 -0.0030974194966079502 0.0015592476335596986 0.0016520540786834517 0.50016716568367248 -0.50568267254540455 -0.0041865104136279124 -0.0069039461202018903 0.0033106710246583494
-0.49352120130932814 -0.49631556312986091 0.011242906490686957 0.014259348924678571 0.011200322613678046 -0.0076562388170888142 -0.49839941236460589 0.51069118999691743 0.014366245753416246 0.013243717329950316 -0.0021535097126322844
-0.48568192569298962 -0.49079176253521317 0.0083701468902784831 0.003340288620154121 -0.0034046750206823606 -0.005751477494299031 -0.51176390046157672 -0.51073281370750012 -0.016789487760799703 0.0013465826076030139 -0.0087537245283310153
-0.0032624527833761794 0.0066205206924418135 0.50064265695078281 0.50073212891900765 0.49696011008290181 0.49273624516069947 0.019747792637802249 0.016868434372204904 -0.060039587884698528 -0.05358203202062161 0.040756916558584502
0.0012552279728452649 0.011292142356745919 0.49770021474563414 0.49785637997979248 0.49504097667786057 -0.50879658149214513 0.0010918400786115812 -0.010284890370433231 -0.015126957152746518 0.0053041145858956258 -0.00098671277662613129
0.014975145472047964 -0.0031090226208076678 0.49358285324124068 0.50858890112241895 -0.49853611553649374 0.49855681640630145 -0.010789578846462781 -0.0026239169464525492 0.0099956489309190929 0.012061806350710316 0.0036766610585423644
0.0063821494342349485 -0.012170394583730095 0.49417476583664066 0.47988471156223972 -0.50939633692759301 -0.51551534701252799 -0.0068705379305699045 -0.00022924505340112276 -0.0036066196646087497 -0.0030428530355405543 0.001699852333209566
0.0078876224465137899 -6.7406460702764144e-05 0.50733841421119608 -0.49222202493648221 0.48940042636108155 0.50988692051483075 -0.022167201492431444 -0.0036653100995092027 -0.015749814597183408 -0.0032007485360902714 -0.0015565011833870272
0.036740053922825026 0.01921825540054304 0.49428366663949297 -0.50089137688306351 0.49350210998503735 -0.50812215509160441 0.020173449937273095 -0.011295314872108417 -0.026282514764340788 0.010693088879468352 -0.00043651751469811289
0.010383935108352928 -2.1459412738473945e-05 0.5001310769849272 -0.51289794367621455 -0.49802033940167972 0.48778449808886198 -0.0086147411507828762 -0.015462599425725998 0.00047671538704621794 -0.018219048020286666 0.0096611018925309641
0.013189524839739871 -0.0015422767397229502 0.49444731603829478 -0.50792104954725703 -0.49653241363434758 -0.50032615330883701 -0.0066807381167095104 -0.004957223692902633 0.012967762798910241 -0.0090310929410515068 0.013118292254951341
0.015084164363827635 -0.0095678742091838166 -0.4989935341497494 0.49757829870360065 0.50632401260517057 0.49654412584003882 -0.0076819271123640676 -9.8006555829891584e-06 0.0089612944283659311 -0.0065423525057038143 0.00013922403994441412
0.0070550229323461128 0.0081146492320092935 -0.50034990897741771 0.49213093608809866 0.50329921323150484 -0.50377227908966582 -0.005127969823315647 -0.011190401295927209 -0.0084692164712153132 -0.0036768682955840644 0.0028485238611235006
0.0047179151866304902 -0.013057675939045924 -0.50185714133118109 0.5002784213749184 -0.50732995351651999 0.49001122588065671 -0.0065878453332682222 -0.0027177467514190594 -0.0022921334575849873 -0.003309225770585897 0.010318684422488799
0.0051716258687169898 0.0017148506234628367 -0.49322416371313249 0.50277933434251154 -0.50452882578498248 -0.49871644714371444 -0.0079756664286981804 -0.0046978201341774575 0.016413586661045285 0.015457289686621026 0.0071926184830012029
-0.017928962626653364 0.011027482346980083 -0.51973201879686259 -0.51487238536084479 0.4737468793912244 0.48903714447432067 -0.0049218046746394096 0.0011425030825613156 -0.024895210748825579 -0.010050157881908406 0.0015037578398620862
0.0093628359494814933 0.010890751395767641 -0.50815087070402698 -0.5007951308330163 0.49190523823017174 -0.49804614258484897 0.010085414917583227 0.016933820476799456 -0.010295705408789668 0.0020778768412672804 0.016160007417639146
-0.0050009864089054544 -0.0045130172782882191 -0.50703861157256169 -0.4949213128020975 -0.51367976973906171 0.4836241988433394 0.0014497735064445049 -0.0096939774424631333 -0.0017866625624900713 -0.0019700988255322827 0.007546077020150789
-0.00060850299699947139 -0.00013313608663583336 -0.49450646958752559 -0.4950638542575877 -0.50551404381161957 -0.50442865451146834 -0.0031841788371829525 0.0064492728851577074 0.01794673261417646 0.0025349281200149915 0.0013358786807340581
-0.011836497799653052 0.0093172770086809523 0.48782996836675874 0.49576399125726306 -0.00066115183108362749 0.0017891623212123377 0.50797424196766439 0.5072263555117934 -0.018628263885868825 0.012683946701122233 -0.013606374743639904
0.0044163359071227506 0.010251529593095899 0.49370774535042589 0.51036908128074476 0.0018130491480781283 -0.0051302842682490711 0.49708950361164267 -0.49841054365671922 0.0099995050780537689 -0.0019433027749954051 -0.0026546282944443157
0.0080584108609639878 -0.0011472659404030989 0.50383006090271132 0.50019998843450975 0.00063948883231733009 0.0078090035812995199 -0.48660421899005046 0.50844718716278747 -0.007407802671256499 0.01083463716392306 -0.018791610832684127
-0.0078679715284687094 0.010833815495288017 0.50136520626484893 0.51197147175272706 -0.0054045317919649968 -0.010512646874493168 -0.49259727087203237 -0.49300295751613404 0.0057257329908024452 -0.01172868780562801 -0.018022410766648476
0.012077774163861171 0.0095825590560712753 0.48984026336168812 -0.49469609826577832 -0.026827005900292841 0.0011595054960334421 0.49687060907610608 0.51661330680156126 -0.007266487022853485 0.022339554787466825 -0.0072102368283639938
0.010219302182399489 -0.0043214653984322629 0.51310179612723772 -0.48427949118069291 -0.0039792498596252857 -0.0022929160915738586 0.49659572608157787 -0.5053664237919866 -0.005879317404011257 0.0036595068000490733 -0.0022856764623499261
-0.0015441834476935434 0.0018508958946107032 0.49211120766749911 -0.49539968370111892 -0.017686260015513742 -0.00060704444108277561 -0.50765085179165248 0.50346208069326304 0.0079286696247174871 0.028473998850567735 -0.0054445963214974523
0.008872049864424485 0.010069576573260072 0.49040615959374873 -0.49554820768047253 -0.005661156013484412 -0.0057420041692824459 -0.51158423812168818 -0.50165689285194281 -0.016375891489627772 0.0013441083335905639 -0.0063715199932977921
-0.010083642804772894 -0.0021698153456187457 -0.51170823952531674 0.51035476678860481 0.00471794456850825 0.0080315040664801825 0.48899630731220745 0.48793553822514424 -0.017192057801583577 0.00093513312660993607 0.0021490126166814763
-0.01031682696509357 0.0032423593372050939 -0.50127321009252301 0.49889301585039197 -0.014939449224503331 -0.0040320535668158276 0.49965480874557983 -0.49976432814979249 -0.0011374711353193802 0.0037998781246160623 -0.0062840002785312645
-0.012223426166319029 0.0057557611444531403 -0.5010789235131814 0.49394413853532476 -0.0052017221406212046 -0.00086637622116104897 -0.49829277951700846 0.50604035945375658 0.014331555935210148 0.0081447415315760319 0.0091913621337379077
0.0042950711733597069 -0.0014788029967809913 -0.49348729174802641 0.49817573737296778 -0.0051832597634008893 -0.0023329233730979234 -0.50280040337848408 -0.50501588104287676 -0.0043269887428222277 -0.014525435431066713 -0.012620915935412837
0.0035762624900018973 0.0025830269336486623 -0.4990537908484039 -0.49180769987017714 -0.0050107867308034019 -0.0021342467532303195 0.493583890305826 0.51293675907213498 0.026026259336547963 0.031352644571098071 -0.02513653596513683
0.012472525532742541 0.014413495236700376 -0.50210938759208312 -0.48871500153345587 -0.00040950839226626526 0.004872108610849378 0.51039240345843395 -0.49787832522352649 -0.0033126889932976618 0.01211749006189302 0.010749538654658015
0.0015665417118770528 -0.011930897322632117 -0.50413421729132801 -0.49911322761954141 -0.012305965465901019 -0.0076633294112474519 -0.49594910280682691 0.49944428030856541 0.015865393797722931 0.024521765756860287 -0.010797396892966623
-0.00081300038295190177 0.0008218764016326253 -0.4974964182152305 -0.49006724137774826 -0.0037318806507571963 0.00095246876102405989 -0.51047097553631793 -0.5013458899963128 0.0014741073155551596 -0.011659878815531589 -0.015773337106650725
0.020005330939476703 -0.017371757902937976 0.0086421758906168825 -0.0067352698752045905 0.48729435433181623 0.50597668050090372 0.49560220391200727 0.50924744231711372 -0.022426608783962874 0.013454088314555064 0.0084440167981106162
0.015077836186991298 -8.3790009786843328e-05 -0.0068179345239426726 0.0083993585517927842 0.49340773508369412 0.5040515234572025 0.49352439498033268 -0.50834981411111979 -0.00074107378176452776 -0.010447967492216404 0.0063965519906152603
-0.0034448059653425698 0.00096399578315887438 0.013313549283528858 0.015991865633043015 0.51826814297045221 0.49136440606852472 -0.49189350618794414 0.4959863191581062 0.02851891919054643 0.012586447965351478 0.024082534083200512
0.0023933636720535824 0.0055356744299100901 0.00021222337324051311 0.0076999654531254994 0.50083077133467846 0.50448158576040891 -0.49455293109253257 -0.49984326729791612 -0.0058843205798733717 -0.0097864004564022691 -0.0038560792682346811
0.0085811578810804957 -0.015396005762684852 0.001579730185107336 0.0076993580497516593 0.5040428989289446 -0.51168478365245096 0.49580426510860665 0.48732551276617281 -0.019911158195883592 0.0029836330332295505 0.0057972676764289606
0.00096070677775211811 -0.0097703442115772005 -0.010565538350176677 -0.0038871156571366142 0.49789154212995063 -0.49567956639947958 0.50581134493531699 -0.50029679370105395 0.0019933390770209801 -0.0046458456956736272 -0.0038860187163473445
0.0013655984262348167 0.0071524864811906615 -0.024801794129159071 -0.0041968587261464099 0.49183805269262532 -0.50431203330864993 -0.49115078674491697 0.51122955321862729 -0.010199157496524112 0.017268697376296376 -0.0095893336328624849
0.0063853762434387942 0.0093933748844926852 -0.0020916416694953706 0.0021439997244844466 0.48907813790361993 -0.49688647904904254 -0.50903326735338406 -0.5041818256506102 -0.0094292756439725792 -0.019102573533093095 0.00064930592835175645
0.013061562848084692 -0.0096395372075049422 -0.0064391278519505641 0.0067488488211233742 -0.51224926213319988 0.49371420427139201 0.49229764603706827 0.50052492180763153 -0.017912608966076146 0.016226558355517059 -0.0054873595593978733
-0.00097139687513880931 0.0027040663622574417 -0.006238433718686558 0.0017418077148775015 -0.49890597376835388 0.49584996947212118 0.49625437243699022 -0.50865266863390435 -0.010751350251271212 0.0026863290346512908 0.0075287588257992189
0.0049753477819199287 -0.005238698751526813 0.0010412319819079932 0.0076143164979629724 -0.51606041567046479 0.48589523569674242 -0.49912804364814872 0.49815857343878672 0.0020560569295493872 -0.0024524421949426189 -0.013236207383168686
0.0097087964873618093 -0.00058540156393149855 0.005763878616521838 0.0068413330354313911 -0.49820680147468688 0.49053432163048394 -0.50378797540555653 -0.50695377586676871 -0.0021917567504828686 -0.013210119930761741 -0.0027688649676435146
-0.0050116485797907584 -0.005254946680673226 -0.0050396209146871627 0.0033100105867505929 -0.50695874877567526 -0.5003392484130974 0.4934565953236032 0.49735175045817198 0.021245299243362777 0.032962845150240047 -0.012972719435703241
0.0080458715590641331 0.0091976801822117645 0.0092685869652902528 0.003362089842791348 -0.49846316182986727 -0.49448086958827692 0.50595643048552608 -0.50048131320844125 -0.00055603142881104138 0.0063554378974866651 0.016200216206899917
-0.0036587411058339519 -0.0082085365153664654 -0.0079170377140791604 0.0023843838143106279 -0.49628313134137153 -0.50097430640151563 -0.49938053341482996 0.5017896649966791 0.020544323900824463 0.017678017047608779 0.025890153698707962
0.0040682824442385005 0.0068355642994321454 -0.0051163106812761334 -0.0010777427881495372 -0.50004813281024485 -0.49750349702502866 -0.49962722937158155 -0.50266660131182062 0.003123980901467783 0.0018218384889108188 -0.0061124904057410275
0.5113194887200323 0.015119231723114778 0.49795695553984998 -3.8606611020567282e-05 0.011388730354846209 0.48944969837134367 0.0075290854074786737 -0.03230136406811869 -0.04187461029920448 0.49759456039968419 -0.014766618993750466
0.50747906820834665 0.0040993918148271294 0.50545584121443499 -0.006181184249807967 -0.0049225554243296976 0.48988459074702118 0.0079937394322239265 0.0024261238930501777 0.041782379380697787 -0.49506247703759898 0.003289789166836931
0.48286914308170065 -0.0092395181863639021 0.48582392815515985 -0.0087096632312273579 -0.014072534194722451 -0.49386142692733009 -0.0074529641648879551 -0.0067576156497073155 0.023316265467187906 0.53325522674099168 0.039346311264479232
0.50544207961815735 0.013893856054741678 0.49580860119850195 0.0037745520106220887 0.00079156472427714241 -0.49841294269867065 0.0083979283850420718 0.0051025252641423002 0.042338672679000468 -0.49810474746939087 0.0090164851604410835
0.4870816245144578 -0.010704866960103192 -0.49773818885000365 -0.01550688470486954 -0.010333337431910538 0.50754492151215691 0.0045812951464116293 -0.01367523865327851 -0.03609913300823412 0.50475074976024437 -0.025691172620383403
0.50698463970173202 -0.0068194149894537448 -0.5111050846449644 0.0043037769258006181 -0.0027213998738388184 0.49249823717712438 -0.0055984414341679924 0.0042313698723293889 0.033508632123158757 -0.48758591752898345 0.014110937717282323
0.49313995453581638 -0.0012693187027748138 -0.49736745055676534 0.008007521532275283 -0.0035694199826200204 -0.49554068312876631 1.2398279154334006e-06 -0.0062039968914442932 -0.043110387631291547 0.51097393389864354 -0.028428984799652644
0.49218965517308338 0.01543232150427826 -0.50831942656939111 0.008968466322391587 -0.014766546557966036 -0.50670835994364261 -0.011778356115471783 0.00691965703753599 0.053263476142527057 -0.48756184364623723 0.036476573944804899
-0.50529095366021515 -0.0080525457188466189 0.508235574484457 -0.013272197016930311 -0.032993456564776959 0.50808550245291706 -0.0054647333182069203 -0.010113557937666176 -0.052425404098145771 0.47328305902703927 0.0044483672538608663
-0.48986616922407378 -0.0073319547676753086 0.50529921149800971 -0.010863029542127624 -0.013215863231512279 0.49169976138115573 -0.00159637040769146 0.010784252591703106 0.013374631319117807 -0.51214305398949478 0.00072714467866214969
-0.50160983706184803 -0.0097492798633603949 0.49942871441536102 -0.0028372754589827544 0.0010152449488444282 -0.50241258587080495 -0.013136617824114356 -0.0025640779159308491 -0.029223309784408642 0.49519649046974168 -0.013538227169985506
-0.50957201564787291 -0.045988093316620307 0.4886559913642235 0.0069399491253707736 -0.0129085011148143 -0.50214234122048484 0.015729082070854286 0.020696564755345204 0.021062224820342066 -0.495837330022806 -0.010051275055368281
-0.49845105957871255 0.001867814544120452 -0.48233707294891037 -0.0069123194043720498 0.017195119920258087 0.50187719426674038 0.0073930706821115303 -0.0038671143063852748 -0.00019834007778135089 0.51564411148349709 0.026670751499132384
-0.48652268554522443 -0.015528578596997434 -0.50909902868430423 0.012615665050326229 -0.011275315635980845 0.49839563146687937 -0.015080687714324203 0.0067116839997596704 0.064492408518444164 -0.49947746289522915 0.035759543284001737
-0.49521289324354467 0.0018717735842084754 -0.50644310051779129 0.020355827425499986 -0.003735424610630012 -0.49185201673952395 0.0036314593704606015 -0.0086739658294940989 -0.046749070831460869 0.50355642002629819 -0.0092943173671059445
-0.49568712488655298 0.0049608063911728475 -0.49635160478125323 -0.0029798159624951997 0.0031045047956066011 -0.50058781169956834 0.0097710114218067731 -0.016677674375179034 0.054873105765160905 -0.50357892320770437 0.017935090054216129
0.49602282430559058 -0.0048642021693517841 0.0029753707195975011 0.49922217264891222 -0.0021565428647807123 0.00947174605846547 -0.0072431034300872469 0.47896515150350122 -0.043285871072496103 0.52258545979049087 0.013505326297549893
0.50413324918116165 0.016937327496245973 0.0017148399746156737 0.49458836858869715 0.0026284743913780649 0.023418507978843227 0.014118661607537204 0.50540476061562789 0.0039698661414227909 -0.49469858350450102 -0.0033326531941055889
0.48837718199872598 0.002841641665664192 -0.0041777225255310102 0.50316292525755768 -0.002744695490374149 -0.0020018622209734085 0.0029165649358404745 -0.51075293591022985 -0.038841964838126027 0.49584954942285481 -0.0050187511811971381
0.50458977615339073 0.00022738710058163152 0.0058869995993891143 0.5104835946061661 -0.0059378592720972226 -0.013433634012252178 -0.0033873120567756133 -0.4938795687956215 0.046941135607488478 -0.48826531573469845 0.0031995556578040896
0.50580793236797184 0.015500792573056284 -0.0052990247129673408 -0.50355090006420056 -4.5518987328994278e-05 0.0031914703903131165 -0.00075845197031412749 0.47665185243738983 -0.044426690142775858 0.51063847430305398 -0.019832773196383505
0.50093175318645922 0.0059721283901755856 -0.0055210443352671744 -0.49172437447731432 -0.023683333177548945 0.042880723252841098 -0.018797823110173563 0.52945824523804652 0.023538256401967488 -0.47254520174380693 -0.016622407753251942
0.48751014814293681 -0.001748103020648463 -0.0054448209309207931 -0.49649559906430474 0.0036217764146184881 -0.0072192184633015207 -0.00083944941822536529 -0.51101394873172556 -0.035790573510676035 0.50330002967912657 -0.00044016783242723867
0.49665633702139245 0.006500892202804559 0.014563901987008561 -0.49006308007637978 -0.022409492203852455 -0.003406676059320676 0.018065369587742606 -0.50448954587272721 0.063217319195385369 -0.50313222719614892 0.020687529011384802
-0.49549449450389305 0.0022283097808596468 -0.0059764337866027098 0.50311207028770988 -0.0076966751209466269 -0.00090752593821863859 -0.0019011354165752586 0.49348576825873791 -0.046056790362502417 0.50533962620218775 -0.015540964325407556
-0.49117211688962548 -0.0019155260252402744 0.0023189868307325256 0.49441763892223184 0.012862548530458345 0.015960369878871745 0.023980582881468076 0.5012127054185106 0.02708530308065292 -0.51114980419317269 -0.0086570210534259555
-0.50306704735349361 -0.00041857681064635206 0.0032227142247975185 0.50180298792070266 0.0090519232649668799 0.0031535161791980577 -0.0040650363059204176 -0.51321560134914324 -0.033962015355043722 0.4800565658443362 -0.00060101806940156938
-0.50274379440184402 0.0074129090117291954 0.012343050405372502 0.49138406969075343 0.010237749424748343 -0.010458589003220425 0.013937863510413319 -0.49843694490587859 0.04172023850749082 -0.50478293802118368 -0.013741638522408771
-0.50957590556004562 0.014058413009294014 -0.0057292072393207386 -0.49143251836012086 -0.013627582812102223 -0.013377302951510574 -0.0144997528146757 0.48999703212934359 -0.030367296068724448 0.50628699221135431 -0.02598701312585679
-0.50507506453860773 0.015896748316902992 0.019590489571370818 -0.50496771147772634 0.013482829640365868 -0.0019231875715405129 0.014062271205868282 0.5082662742436852 0.063560966007486036 -0.47589798798885125 -0.0057936115989512356
-0.50247245992576772 -0.0003492750033227992 -0.012221766373264675 -0.49861725837145221 -0.00042344668150101378 -0.012443425369557316 0.00071042533521082642 -0.49985677661024563 -0.039456619621042917 0.49710936905155728 -0.008117481373837521
-0.51422388861482426 0.0033732918462826924 0.020097292398470169 -0.50558711057000172 -0.0043368589935691253 -0.0096446874876725194 0.01434793981728714 -0.47943336307969125 0.068725613153346049 -0.49413178390943197 -0.021833795302388194
0.5007124422175232 0.0019025296212112598 -0.0056935687715214348 -0.0069282333641899549 0.49136953386863769 -0.0082803569626318015 0.50077991997957416 -0.014174370967323607 -0.012655915319138211 0.50648704742153006 -0.0044371021597335858
0.50821160160683532 0.0072210310299163517 -0.0076453440113517955 0.01775005135040611 0.48441571815412582 -0.007509126257196571 0.52096943539289964 0.00050886439965585966 0.067462346429046208 -0.48018335941220952 0.0066102741607534585
0.48728854379007058 0.0068292191765072256 0.018749401147690314 0.010232088521115566 0.50456270820056826 -0.01261686683124689 -0.5056645426784766 -0.0014833619483985629 -0.042113658938704106 0.4993581511507636 -0.021756283399152285
0.49689119777359403 0.0071708688566913675 0.0002363512203951651 0.03665383133427659 0.49928086307935987 -0.0015831899543752327 -0.50202330863162614 0.0039980777519462753 0.056365116560263252 -0.49708455662075346 0.01033442998047218
0.49742780708857631 -0.001762534601817183 -0.003457885563907517 0.001629333876009514 -0.49629309750180417 0.0019509216611217741 0.49405797323427347 -0.015724880766870272 -0.045251658340974665 0.50974454089689003 -0.0030743184337402142
0.50766660823225385 0.0077039329062335259 0.0096859265483589686 0.009107580574542716 -0.50246767357221567 0.012490715242917724 0.51237323067183027 -0.0052089947189059762 0.027643897447129515 -0.47533013476860592 -0.012342403902009474
0.50270924607826217 0.015996282678231385 0.0027597873983125523 0.0043578853197136138 -0.48673623284684048 0.015243784756337612 -0.49849801079437778 -0.022377430885318052 -0.084558916795659744 0.50240724975188822 -0.035946080807756804
0.50243272745551493 -0.003152536845045603 0.00081911896011580888 0.0055888522268326907 -0.50503607949916018 0.011250954042510312 -0.48249748430645067 0.00052183281366786742 0.03428190651298036 -0.50666771466307137 -0.040496508955917936
-0.51143721672563014 -0.0034677898874402534 -0.012669171619468862 0.00055918799507654303 0.51187161528785496 -0.018217542004377054 0.49460262747128825 0.0029806938933410352 -0.027862357342722324 0.48001639523697975 -0.0090555792655718937
-0.47907062857135008 0.015857226346324568 -0.017764726815099087 0.00067184011422848121 0.5032583816637618 0.0059515558672482228 0.50984261378813689 -0.003476089327726882 0.054049097515347436 -0.50368587385848085 -0.0068619308281735762
-0.50043459249868572 -0.013980093454522278 0.011358257148746085 0.019463997597147752 0.49981764478395541 0.0064364321282742451 -0.49283277810239579 -7.1947437709991185e-05 -0.039880993459644722 0.50427453086203999 -0.01534158563572169
-0.49008911374602299 0.027002524597581803 -0.0065194591519540492 0.023184353150953695 0.50982592431972795 0.017201501388487337 -0.49223420004750168 -0.00066243926509505086 0.025197534956138936 -0.50434193018441731 0.031535647823634189
-0.5074400516007983 0.006151249850428156 -0.005536621768824578 0.015245412629521348 -0.50268795498983998 0.0035382333541743682 0.48407520651333719 -0.024254271760069033 -0.045101504684227585 0.50249748445536757 0.006406037337571985
-0.49609942967237025 0.0062101749345855033 -0.0099484456789128584 -0.012023430142924185 -0.49382129514556722 0.031782015409095379 0.515072964743576 0.0094991876235615419 0.047475990420023359 -0.49100271587321498 -0.0023784202768710465
-0.50393665391689968 0.0037077883781288018 -0.0074527367156061773 0.018606590813709162 -0.48805652849435027 0.0025953759711188299 -0.50338451249142657 -0.015703883355890468 -0.028700196521812184 0.50222058824790794 -0.027104275429924603
-0.49577397607563289 0.015988949698891801 0.0033547075052267708 -0.0077524568101677233 -0.50724357262789788 -0.012691331215607449 -0.49408975429836177 -0.014731700906106527 0.043668114928957023 -0.50006064250577842 -0.010714143239842957
-0.0075863196950334832 0.50541432734823311 0.4930558246228966 0.012497561633912494 -0.0095392190709303933 0.014295203625062014 0.50159653461400289 -0.0087768774651879322 -0.013937199625364766 0.49902708836187021 -0.0066950062700761514
0.0047641266143047664 0.51398154157953069 0.47241533054450902 -0.0032736920078429389 -0.00050696367679591199 0.0020295424181049279 0.51972911112898312 0.0077714921042752894 0.05290317872689243 -0.48952142511638447 0.00047260328029362256
-0.0066919597811172776 0.50034121224748951 0.49873388569229637 0.003618251193825286 -0.0026382425027632874 0.011230503080721169 -0.48587835801792512 -0.013911110095300614 -0.049984491494497227 0.51177476881031458 -0.0070044873845277102
0.0036707900650650572 0.51467582571613946 0.49495279330266062 0.0031624486418000181 -0.00472770307461728 0.022153145999385077 -0.48940736634963672 0.0013656376847363402 0.051754962537012957 -0.49727870233933985 -0.010383585078341112
0.0044651124143896834 0.49088770214044941 -0.50372401253345234 0.017789068711069399 -0.0065553541588125128 0.0059316750691846389 0.49296906751424868 -0.00062564916532349094 -0.023783432249390429 0.51116700464001186 -0.00076564206027440111
-0.0011829460367437856 0.50562158600065854 -0.515314535211439 0.0060647956314034837 -0.0062993279212959887 -0.0027916925444722873 0.50180195799366822 0.0033104712415034433 0.034095717037860934 -0.47510216611120581 -0.0033667422075946232
-0.0017118083073828997 0.49070746597553072 -0.50192574345674745 0.00020121115414399249 0.0032306962713943795 0.0031615088520146896 -0.49407955773104872 0.006163308715735354 -0.050088351282523709 0.50910769876702122 -0.037433139875621226
0.0088582075288612516 0.50201761337404938 -0.49023190433236741 0.0023394608131420539 0.0061641378213831786 0.011087935670522204 -0.48079079889704962 0.054191687532549736 -0.0066051781946636174 -0.5184160196863743 -0.067162391698877957
-0.011672859789108061 -0.51543488019766148 0.51344066433104318 -0.0089099487637100787 -0.0039413199175380676 -0.016687500661322751 0.48421568158148304 0.0068519758274502079 -0.019815773640986887 0.48505809250578868 0.003181997921407621
0.024287294776403914 -0.51139010115248551 0.49675980194942787 -0.00036259278762036868 -0.011292009018300613 -0.0034028732917319314 0.48828075709365015 -0.026403069332903192 0.0069990699557708844 -0.50068678888075524 -0.033605104923317815
-0.00849657680868382 -0.48908878621347385 0.50715725116043553 0.020759695097119391 -0.012208572554330915 0.010495034183632471 -0.50259151064181717 -0.0098199971520243276 -0.013543654237963328 0.49993773664111563 -0.0023452185510327611
0.0046775571345738336 -0.50183009044825133 0.50109364173146276 0.015174753520872877 -0.0041750546177994566 0.012517657965166599 -0.5076475382588278 -0.0049068019424441797 0.029368508916496224 -0.48778498282262961 0.010892585599280215
-0.0032553558063906358 -0.49683389712019793 -0.50168872816470234 0.0045801238909886632 -0.00090733439563748792 0.0043796150088972301 0.49969764235105268 -0.015671472429198769 -0.045212608508111859 0.49937149465674152 0.0073158104205719426
-0.0039865809860962064 -0.50468164484266942 -0.50548767285920115 0.0090646390974468399 0.0024971821806405179 0.0048926376774371507 0.50218957819415522 -0.012812194245062525 0.033658282652610241 -0.48571696635459527 0.015428527150844005
-0.013564175283871511 -0.49818066700310637 -0.50311918938151423 0.0044711829688141025 0.010051077015128513 0.01031062018621961 -0.48810471768694597 -0.021447284610162237 -0.038940399572396873 0.50767190151196717 -0.017957649771902246
0.014709566439370375 -0.5072384426916704 -0.50368136586563239 0.0036131401188361748 0.02576045440331743 0.0071600016266574022 -0.50477899777494295 -0.00023725127370481143 0.057536171576122695 -0.47944267559820702 0.0096108307393686972
-0.01394159631398381 0.50491021006805648 -0.0049550636252161948 0.50365291372424426 0.49079546349819192 -0.0017740483163044764 -0.0074008269186081098 -0.00064509253936295002 -0.052632827352466306 0.49745744462194436 -0.0028027052273866819
0.012093009780992205 0.51663398928751381 -0.00517910147016808 0.49632512008920571 0.49360038231745129 -0.018771340824428044 0.016702484131643831 0.0016685118303161823 0.019111416018271848 -0.49156911861642616 0.017225856610716819
0.0042841772851273021 0.49600007227821152 0.00027130175400978836 0.50249594664603825 -0.49847837151176894 0.0062944680580773694 -0.0025267646367069206 -0.0074781268194353354 -0.032503159365375255 0.50171876272640603 -0.010126093560498485
0.017994438288776986 0.50778715466891811 -0.0051211328979729456 0.49080207449217428 -0.49420128471017777 -0.017716296206417619 0.0099702033312327777 -0.00093593272973366856 0.041647372775619335 -0.50449114792301419 0.0045413146927611725
-0.010575624261042351 0.49241056081771739 -0.011825888721205595 -0.4932755779167266 0.49799991276289185 0.0037913533450783946 0.0022932763180294998 -0.0070517238734021 -0.046432159958712811 0.51353991336349858 0.002624282726709943
-0.014585577759011788 0.51535245474028413 0.0051600349003630697 -0.50384831195301338 0.49069947826088617 0.0061415072783920039 -0.0067139321810293492 0.00057569393085482481 0.057808227458445813 -0.48566174244544319 0.015203199449589876
0.00072953175182034042 0.50134139026485525 -0.0050937470021642619 -0.4888486552233105 -0.48953761958949926 0.0052599587621394769 0.0066692642069989625 -0.018934941958289243 -0.041917895173922581 0.51661054819749397 -0.030594059918183789
-0.0057978211709669896 0.50421013907046675 -0.0019978762718593055 -0.49690520306995301 -0.50741863039901647 -0.0081562716634572905 0.01427615163237903 -0.010760780511699621 0.03880960286131302 -0.48922174872119312 0.010763351635646474
0.0081760904029006334 -0.51418332994004001 0.0042862505742289145 0.50733247206434207 0.48804005414943602 -0.0031160406228526397 -0.0020813894208476834 -0.0082390763312552764 -0.032249562235520245 0.48870929556695047 -0.0014889730034088604
0.00083452334881280339 -0.50266991517522508 -0.011918701995455526 0.5040721424471003 0.4945347591843367 -0.0074918587102940038 0.0071236385607182208 0.0010874301095528793 0.013802644667390843 -0.49812146706580984 0.010162973452951076
0.00096013626877573832 -0.49367570009211076 -0.0021091749690448297 0.49826903544396295 -0.49960838900537424 0.0059724232502689645 -0.00039671781865718782 -0.015257234646787066 -0.046172335153190497 0.50580928753671328 -0.012443001470146438
0.015880297982570658 -0.50967355947341242 -0.012305578237472522 0.49831923739160283 -0.49329766714160622 -0.012796241462268943 0.0053199596458252656 0.0078816190775303462 0.03620640841682695 -0.49658758735985897 0.00054706144042838284
-0.0048927379454651952 -0.49708027175731972 0.0027227971853882533 -0.48372748550849309 0.51411881416189009 -0.012286599338247002 0.004938550101090111 -0.034018279126104958 -0.044994793756111179 0.500727680788708 -0.022001834483999207
-0.034703772762270602 -0.50769961683748865 0.019797534677981055 -0.48008153522111541 0.49550664285330615 0.0077944344150413757 -0.010837735108803554 0.012263755585188208 0.08585057103495225 -0.50680974448629124 0.0092002284378987324
0.0041422785857569023 -0.50556472565722022 -0.009677882873400585 -0.49002931456474663 -0.48932411878422533 -0.0090343568702835469 -0.00029633853579793016 -0.014975205727736 -0.064288381882943849 0.50979535710465063 -0.01990978522815447
-0.0024859453800276628 -0.49052371239851367 -0.0047242467728697028 -0.49276302560442631 -0.51160471320935275 -0.0056731657923227317 -0.0052999003518433502 0.025268359529481612 0.021408841622287973 -0.50173379836641296 0.043695543159113684
0.011002716309919393 0.49607580876701457 -0.00091660214081008763 0.0043250954983301681 0.0055507489900426879 0.50350019182751826 0.0022027036138523256 0.48385367519914618 -0.029090098775565509 0.51461796633639345 -0.020683702879186274
-0.0070843062929882138 0.49374434540560114 0.015147595960479106 0.0067817898494538969 -0.0082925563951965226 0.5224660886145065 0.01434351634788159 0.50987149584049085 0.019232563874341926 -0.47144300138147799 -0.0069453298762529089
-0.0059595220401874472 0.49331068165570507 -0.00097485911320480557 0.0096931784720274208 0.0023296698876792703 0.49619423882802688 0.0058166840040156619 -0.51305466772590158 -0.025461461882446031 0.49622184882871456 -0.012516477540721332
0.0060074500291422547 0.51213197775908614 -0.0055772714001154486 -0.015290585602478635 -0.0057167721590951669 0.50012432560972087 0.010312763441084572 -0.49606878243174063 0.05424894746916703 -0.48797384674454469 0.0032869415263341376
0.0052778313680535652 0.49588165377664695 -0.0041086297213823713 0.010880352111823664 -0.0097871452325816871 -0.48955394693126875 0.0055203071564309024 0.49156367866992257 -0.027750586773187959 0.51966030509455619 -0.041196603499615653
0.012532548094005065 0.5048923376467791 0.00027681719278565116 0.0078133645682827348 0.0013053179752456525 -0.50015164882112229 0.02330532058533432 0.51235754693023072 0.066503800928594911 -0.47664465914204057 -0.0067735637719210469
-0.0053243652994003892 0.49365892541526796 0.0071226331966282247 -0.0020557942207418251 0.014518414235351428 -0.50018438793210462 0.023049912068986836 -0.50383140073849852 -0.04454844486709867 0.49943965981381638 -0.0045205601448514189
0.010780527180233812 0.50539218313541523 -0.0097155753522086517 -0.0026894306933314556 0.0072319766423959196 -0.50786272023351231 0.018390670171605849 -0.49852252319479223 0.055063566545261823 -0.48423987254100109 -0.00093729784224955235
-0.0018906941662626766 -0.50443928507521341 -0.00082789445113928817 0.021831667020168564 0.00018386161577157219 0.50885499199841389 -0.014559634499637951 0.48134263451348108 -0.04576285700808002 0.50150617297475353 -0.024925765725621891
-0.0019652337950788719 -0.49859637102609916 -0.0019069069445921019 0.0086789504862677634 0.013787505646813903 0.51534618002332722 -0.026159667343458579 0.49605412861783621 -0.016805232557746727 -0.48753991378976835 -0.028556006543705138
-0.0116705405480439 -0.49855626772316092 0.0047657170759838469 0.0092561870078406334 0.0013606721942097243 0.49777927354407475 0.0034411427638500994 -0.51839225452226756 -0.018508934186528828 0.48397136850767081 -0.0098875451503125031
-0.0017978139466978342 -0.49862249970326716 0.00094227862264313492 -0.0010377586660321393 0.0051538140719206739 0.50797841396016663 -0.012244014716001648 -0.48977193508234962 0.030763039144147242 -0.50205316993329485 0.016479097837054379
0.0010995693483782066 -0.5008678361506822 -0.0099854102695864748 0.017998316262466105 -0.0087652685516373535 -0.49213047794976639 -0.0052303917585349996 0.49113160248178817 -0.038183952379339886 0.51250193782670361 -0.032915925338459488
0.028855790930625153 -0.5028425440986205 -0.0025548339062459089 0.0090489302185608762 0.0099903806467693465 -0.49724670288297174 -0.019480983789024679 0.50527932976359313 0.016547340152326673 -0.49219919276885288 -0.025566540285904958
-0.0079317468455818059 -0.49752509521629384 0.00054724782557501585 0.015937486820557338 -0.0022287059636214462 -0.49438733063685508 0.019159489968343234 -0.51079224828012737 -0.034529619546763007 0.49523346751820368 -0.0018642146034736199
-0.0037028484521444793 -0.50548435904696853 -0.012408331854200455 0.0079778426256007159 0.0093835639488170901 -0.49444356009199986 -0.0042951075005950847 -0.50561505510666649 0.047289410107415379 -0.49172189472234396 -0.00010795565027724596
-0.0031894946940331992 -0.0057035460379982446 0.48458247133595805 -0.027246166438531227 0.49745210959438596 -0.017210375534488127 0.0015323177253479257 0.50700532648900098 -0.046991532560545793 0.50695334872186992 0.019321547817105728
0.021545533091956313 0.02565865244118902 0.50887049167902598 -0.033636423603161984 0.50082699058315694 -0.013488600728068149 0.012897981502311187 0.50930866930675578 0.05767165345035416 -0.47393108052605482 -0.016995680624622075
0.0033865990848569393 0.00096208761805617246 0.50532327810013933 0.0058580172262561086 0.4998161884251569 -0.0032455920066023478 -0.017930627303340774 -0.5171020715503396 -0.018483160481272319 0.47609143645518442 0.0073603406547296584
0.018113480676990673 0.026090196297680553 0.49359125224098532 0.0062626853746670886 0.49781767649751801 -0.0059756629361561106 0.032141777304157688 -0.49356798155676312 0.044272347075223616 -0.51071591031231101 -0.0053181151833615057
-0.014506122211281707 0.00031204886293049528 0.48784184472343001 -0.0043960460257590588 -0.51376331078528847 -0.004686524741468156 -0.0063868195834326487 0.47754728669275065 -0.022854589628509826 0.51848998285940084 -0.018957432638325826
0.016274801813548935 0.018436254487866777 0.50774687278757424 0.010807087918767826 -0.49433629917197386 -0.0048369775767209038 -0.0016396129055878306 0.50098100082728036 0.0088815194227428364 -0.49518911863055554 -0.028354650812096701
-0.0029258635150041213 -0.00027639707994394448 0.49012286927711685 0.0036785750190621901 -0.4954114179391218 0.0025739037914322988 -0.0031057540663636473 -0.51347347077523386 -0.034956859368776953 0.49939281804847885 0.0062037396743427342
-0.0044998865928790373 0.014227887760130033 0.50233555426187293 0.01512390884095405 -0.50266344775480154 0.0023517622606967566 0.0062408601232632347 -0.49948829434888531 0.029843286468245335 -0.49407744694303252 0.00092422412927244775
0.0071897511748079098 -0.011443425444722861 -0.50150500074573379 0.01521851974287161 0.49548758131535359 0.0031926131104047686 0.0078700088030249655 0.486005695766698 -0.029754575816743341 0.51494685531250262 -0.015533139582164991
0.024368442472450222 -0.013146705384047554 -0.49105815812439646 -0.0080699861668294161 0.50874762005036811 0.01511609186204413 0.021064686999003279 0.50450273911809795 0.040321043924575438 -0.49081536078845456 -0.038538641472696394
-0.0027568961445959077 0.0045579716342850039 -0.50029726713666978 0.017733444557945208 0.50059238098126779 0.0070893241055465048 0.013017318406130603 -0.50228321110383434 -0.049371747993699137 0.49376731317748346 0.0038986725203430123
0.014412360889102806 0.014283656760936578 -0.51764935929204925 -0.0059361705761644375 0.49635807920382891 0.0026197132646597937 0.012698467322578965 -0.48920126390943675 0.045742785925919995 -0.49352735379572088 -0.0085544682039114615
-0.004600910094431295 -0.0091220132199540532 -0.50548884349971968 0.0092471289385355013 -0.50300220668918827 0.0018256190895704738 -0.003215329511988605 0.48404072372662682 -0.044839575790649851 0.50493061723570098 -0.0023045686789520867
0.017188816865419294 0.0014698121279493699 -0.4929637757952649 0.019596072426605174 -0.51245058434242208 -0.011413046187038964 0.0070851400325407819 0.5121912748835975 0.051113025696542025 -0.4780378246686311 -0.0068139873868069238
0.0048806702923042539 -0.0021965459193387347 -0.49974577396728892 0.0014425559201719179 -0.50044789771192477 -0.0042482512239049039 -0.003440204195472806 -0.50558238742528716 -0.043197422628009491 0.49210000152678313 -0.010172237271385479
0.0001089303874122873 -0.0052252687286866214 -0.48445326868481492 0.016695212922929442 -0.48956821946268764 0.0095024587433828051 0.0037965339607718912 -0.50625350804959102 0.023511745751107017 -0.51636364592740847 -0.041718121848437748
0.0057457581617139366 -0.0016912098526132215 -0.017539505967534938 0.50352822033174338 0.00024299780360685641 0.52201248406685008 0.4978367500465668 -0.0062850951939683051 -0.041803526979850819 0.47321041228867167 -0.0078847497026181199
0.0092539426925490956 0.0045650209594190107 -0.024935973969461206 0.49616165920905581 -0.0028679107446419262 0.49812347691452619 0.48900580288655909 -0.021986897125130338 0.061631562719189063 -0.50902722393939137 -0.049425134894774882
-0.0061039799031647511 0.005521923320270964 -0.017905596596929647 0.50767205318034037 0.0023174205474034326 0.50122994837796164 -0.49207834373557846 -0.020773381028738196 -0.043029502990175786 0.4960038365990117 -0.014139322895696724
0.00063533707135496169 0.0090436115722716919 0.0022250852238837591 0.50919776687723228 -0.012829748869470114 0.49239680264775221 -0.49600259758835835 -0.0074622431097542763 0.028905608123269633 -0.50089713721281559 0.014266772239730162
-0.0013432403382015417 0.0019603203609133133 0.0062695355706522838 0.50521132131480107 -0.010925709334930664 -0.48773175521219786 0.49822776688060771 -0.0028242302888160163 -0.039425311082629942 0.50683360304049008 -0.0064335160826919403
-0.0018125485535871505 -0.0032369827073204268 -0.0086318329909815545 0.51464910710611 0.00044265598344326364 -0.49112408067246111 0.50570187160119562 0.0044859383288461136 0.033029472137678609 -0.486825957447375 -2.4621409066012594e-05
-0.0038387238512448824 -0.0050212606349014808 0.007480418738741698 0.5114531365564895 -0.00069884592496715953 -0.49306712431129879 -0.48984962283926642 -0.010740848427430861 -0.034320696679817637 0.50358626088738589 -0.018948744675380481
-0.011271558176877654 0.008102330344008828 -0.0069962218084283143 0.50639061151784914 -0.0037679835841370902 -0.51028388419151405 -0.48115863239677548 -0.010061832698409774 0.070380703325768387 -0.49580271653760444 -0.023117490488693812
-0.0028864298929901873 -0.0062635106469890612 0.019380310338578077 -0.50263567630927797 0.012914918812182706 0.50948126142712269 0.48691153608843551 -0.030896357530444139 -0.034672642107786818 0.49783388815255103 -0.010865788851970152
0.012016041539089462 0.020576186123927621 0.00083809988838131353 -0.51382991404107836 0.0017448703129313379 0.49990712664773757 0.49719954293031454 0.001403226723441265 0.010817653209082482 -0.48800980170327413 -0.0044977522232229304
-0.0059630376685107728 -0.0082757653718248773 0.0066970841259635979 -0.48776030124074393 0.011628866664581038 0.49420658243158627 -0.50069330866385298 -0.023805711437372059 -0.040057719758823523 0.51343860308360001 -0.032883028174141828
-0.0052308048099836127 0.0097428383868485655 -0.0078747573851892152 -0.49873114921324285 -0.0031632411555541085 0.50173269214135507 -0.49405504430577796 -0.0018647978303949358 0.033280666222678945 -0.50411854199767825 0.00052241623932767014
-0.009666372369005782 -0.010652929192228058 -0.014132332301354557 -0.48953980564467059 0.004553530920504853 -0.50300463952567576 0.49063585527523634 0.010906965579426475 -0.03188203143017497 0.5147155588772262 0.010892902805451682
-0.018590647020227898 0.012835558659159665 -0.0011109256763498804 -0.51305690948799698 -0.00090504160520674386 -0.48805318722072644 0.52503628296065974 0.017284521462140295 0.037102592506012756 -0.46974964224344673 0.0078163434924711853
-0.0014426957545668534 -0.0068365998563080137 -0.0061339842259682722 -0.50594464648386173 0.019321817742184878 -0.5017590381241368 -0.49552417030347984 -0.011682833579344305 -0.05729439523464299 0.49129727155306724 -0.038232901627948769
-0.014036747635175345 0.0023090705725779411 0.0337884623785253 -0.48565843619849186 0.029790545834320663 -0.48212759286138052 -0.50756595755083356 0.022814464825748667 -0.010569402782606607 -0.51817740090717401 -0.051905071938652472
0.48668516285843194 0.0046736421810187195 0.52583752248331783 0.013016392536614789 0.017322894134890136 -0.0028673781423203624 0.50250059403188552 0.010572581510872887 -0.010594837967619144 0.0097075397056866439 0.48301942494753286
0.48135303122221573 0.02221078124095565 0.50569130607191659 0.012683188075954206 -0.00091180213462686475 0.0034796378531066945 0.49902155769865136 -0.0017635449540576713 0.016588300974777797 0.0019283287427720405 -0.51244894931190499
0.50035867957238445 -0.00053113660011285511 0.49143873886777756 0.01029558163027006 -0.001160623325008574 0.0079402266234433524 -0.49961345529199791 -0.012245461391820419 0.030481540675659027 0.020225040467233387 0.50681036862590878
0.50480235866526302 0.0065509723807004863 0.51073136942834407 -0.00043609313490194723 0.0077626683464098994 -0.011693633896263763 -0.48801003819826544 -0.0067474868479610508 -0.010630688924540277 -0.012767032065566277 -0.49559318683988668
0.50865911627898219 0.0139722561308005 -0.49726362468422941 0.0015773879615519129 0.00031429350374490451 0.011093654618594852 0.48970095726624396 -0.00099394209599170703 0.019372849699882327 0.022185477213729921 0.50298945592502897
0.48580488303029551 -0.016574514473315163 -0.50536981531652903 0.013558466496241711 -0.0018700498913504639 0.018358133464183225 0.51032894354886205 0.0030139355624827268 -0.05014422948734041 -0.0053239697590872544 -0.49478116158567537
0.49716820411233015 0.0013037922920012257 -0.4948997685255645 0.0055230467588929487 0.0045532428013775241 0.0043757197392541797 -0.49697524838952883 0.012703923717491726 0.0093394398634489249 0.072942208446763857 0.50524482676250027
0.49733953368102984 -0.017457350300298533 -0.49834900816033045 0.011833862031161891 0.020092429495653836 0.0040693281810754598 -0.50120793728201884 0.0013167431387969793 -0.020635488276600809 0.0065866039620963313 -0.50175317920610185
-0.5033128064829645 0.008583214692841061 0.49896674937050711 0.015863366328294617 -0.0061956292926131605 -0.018250023993772922 0.49062079022344246 -0.033305313544501003 0.013816939198100741 0.029291053958974161 0.50412771926212641
-0.51245212135364471 -0.0010890222569767951 0.49599153569481347 -0.01734722979985465 -0.010977209244920242 -0.0020486678770669968 0.50810074397524208 -0.00070801840804628864 -0.012566131126853583 0.011186043138290552 -0.48219136117761147
-0.4995421970158529 0.016489900092964749 0.48950569719752096 0.011447975938867573 0.0023034380405295338 -0.0088282690928441522 -0.51070587068552087 -0.027797411122171316 0.017500772289052405 0.023018693564192009 0.49792191053389295
-0.51274235720077954 0.0083320082510283441 0.49727801090487844 -0.01592568415021451 0.0048725005690287756 -0.0034452659430129584 -0.49145968174917337 -0.0058189899411171583 -0.017829994550219164 -0.0189238810932554 -0.49720085749733856
-0.51117045435698827 0.0060437797088854399 -0.49414685079190712 0.013342532369273718 0.0024207420618473133 0.00047959716462570658 0.49793438448273547 -0.010251991497545014 0.0099018929135179842 0.0025539407470326924 0.49613979009919112
-0.50064570167292111 -0.01226431705007869 -0.51066613665619309 -0.0087670902679475964 0.0053505665357327127 0.0065009441507414504 0.4963371949169133 -0.007841807997231897 0.0017166350272955237 -0.0071814743854727451 -0.49174097517561965
-0.48946409796788792 0.01302040759570516 -0.49852607661553539 0.0120944063569558 0.010456993497396327 -0.0067098920073856488 -0.50435603028576526 -0.029981030661899551 0.014092101041332827 0.039948936578914365 0.5043392691048868
-0.52040581773366112 -0.023300626302882398 -0.50632772946672222 -0.010424249339891238 0.035121809330647222 -0.0096455227762388476 -0.49038782559382105 0.0074929777629628037 -0.027733348433213123 -0.02144029546691938 -0.47860909350943415
0.50130106519711737 0.0027837496416848835 -0.0070398919493126219 0.50514436403711716 -6.0284112859498196e-05 0.49832754000498503 -0.0071766851138768172 -0.0060852585074143116 0.022164915029877941 0.0052417035850385622 0.49450123287649278
0.50383208986291594 -0.00038230256351433025 0.013562094433643604 0.50648920059205205 0.0048186811482010339 0.48218114638572285 -0.010579761487678417 -0.0078246194755853312 -0.028418977301292593 0.0047688499503314389 -0.50587787509010684
0.49567487400900295 0.012614502310257928 0.0052459950984242026 0.51097761086986104 -0.00070977922609207064 -0.48944304502000807 -0.003991488935370254 -0.0024279925130460478 0.043050349540214784 0.022118261258969638 0.50110106667173737
0.48914482930945319 0.00056922482593051366 0.0011254425195094996 0.50471134503795001 0.0016267918994088354 -0.5056905423474185 0.01091307248380877 -0.0083826282101212915 -0.029904358164505818 0.0015426282712994763 -0.49918996233355023
0.49692977987250553 -0.0085724140782130562 -0.00027697784397979737 -0.49126354293896662 -0.0078993062043572135 0.49882879529853813 -0.0079898604377833093 -0.0084256126121871628 0.02327032979212949 0.044211247534541802 0.51002335703638202
0.49803842718286134 -0.0080281498104243353 0.0098155415006442436 -0.48175879185091941 -0.0027095884949523493 0.5073248027663505 -0.0058218145095531512 -0.018295430236617564 -0.037185820387958736 -0.011582043523219045 -0.51032739770237767
0.50486948752309091 0.00033694461220027961 -0.0040407507747524567 -0.49545495928500688 -0.0010463726892071317 -0.48862917192206462 -0.010857807050725471 -0.0090815816353698748 0.022398395850683667 0.0040519958226236672 0.51003598523510074
0.48045392438746859 -0.029227439835698074 -0.020394111838767413 -0.46354079009390881 -0.0079640624634181 -0.46203544480827718 0.018522608036922732 0.0053510039218262377 0.11495070456960442 -0.10192929321474826 -0.56170157141037313
-0.49453821711253515 -0.0011471347065759975 -0.0031947387904535203 0.49386669548958106 0.0015897492327104897 0.49599057052775258 -0.010314939159661122 0.0026029058439467744 0.021006081560764271 0.0079807659311782204 0.51467351019479146
-0.51150434392288902 0.0010227989862143293 0.0071705094649423531 0.49610404677011299 0.0091122684630778814 0.49249075970610107 -0.0093365379124146341 -0.0058639207397680549 -0.029832358429682192 -0.01319809687891748 -0.49837307400461456
-0.49884023317047893 0.012011131517665447 -0.0060884999930992311 0.50074283091422866 0.021277838457123246 -0.50363713049150793 -0.0078997924689987401 -0.0090860196359256306 0.042368480612044304 0.016338265809289956 0.49388622857282877
-0.5041896507722462 0.0034813339711255477 0.0020533160448530327 0.50113688807810874 -0.0054030044896315986 -0.49520187969310009 0.014556738472213416 -0.0078235025922316799 -0.033742840560267912 0.0056142110520160625 -0.49793672396890432
-0.50501081185249952 0.004284127198490857 0.0021126365395762667 -0.50428353215768862 -0.0006589454964268396 0.49854448357515124 -0.00020202438205208566 -0.0028392407473985435 0.015764746622192224 -0.012701322649986885 0.49160389835747659
-0.5074930792340655 -0.0015856823319004018 -0.013996777729527354 -0.49116092274672363 -0.0061805642109103807 0.50301739166853987 -0.0039808111830910119 0.0093161123749728684 0.00038475030223630472 -0.0021354540740753779 -0.49783657722339297
-0.5114743419138299 0.005529983583702454 0.013051876014667032 -0.48703935494509287 0.020808454403124323 -0.50551817718533076 -0.0074889029651373723 -0.014329607192811088 0.026630835932582118 0.0010656196458645375 0.49399631030555158
-0.49173036211914462 -0.0057894149323241637 -0.010543908852863845 -0.48653131860148757 -0.0028846589410887343 -0.50617583051659754 0.01335055462640029 0.010673954570070403 -0.03406244871599616 -0.0084210823831439869 -0.51341816031234511
0.50684256048364218 0.009319607338299115 0.0072655089990109152 0.01262675749821349 0.48034176721707295 0.0072154373623290096 0.0047734571738462647 0.50502512085191886 0.0021899086086165343 0.01090061046945027 0.50678840526669011
0.50069662851100694 0.022618578672642317 0.012464131164275581 0.021495163431535045 0.48895947545187968 -0.0076775100834921518 0.015020405186740825 0.50555535387651107 0.0096100789507700905 0.036128534230683025 -0.50182080833338905
0.5015710064447223 0.012416147763324951 -0.012916939090943543 0.0052722498723981066 0.48241825714655101 0.00098726352532898794 -0.0094180574058389636 -0.51109114153149782 0.035334619305633391 0.01633921925010846 0.50252463735872765
0.50538848445021911 0.014688588481336813 -0.003802387186357194 0.012043047533351956 0.49498935884194467 -0.017327254803051646 -0.0011944919855853321 -0.50954652986784865 -0.016887215443303016 -0.007926618639746438 -0.48877953173757538
0.50131843616157445 0.0072200666711299752 -0.0080668279425130055 -0.0048902595380912817 -0.50707102757915512 -0.0064753174106986101 0.0014511361554065203 0.48988778523443194 -0.0073712536684296167 0.036825094370266882 0.49997317951122372
0.49873761857939813 -0.014208344282378367 0.005005664949343752 0.036160391444804166 -0.49862226326304487 -0.009670490019783826 6.7977752830705669e-05 0.50114254143506221 -0.0079223560320424054 0.021944822446099448 -0.49931994749102149
0.496918903608986 0.0029683610357495115 -0.0054042132044767877 0.0035646327137473822 -0.50547493819075007 0.004742343609374226 0.0013919507599315982 -0.49777646942604492 0.016659788630439865 0.014346822818078276 0.49922614720870645
0.49057817608044768 -0.0013955782321995968 0.021371641785067796 0.011229439778962099 -0.49232354832202119 0.001371373662093479 0.0097545176106788103 -0.51025687694934796 -0.028646564203251897 -0.0037327906840778345 -0.50504664217443584
-0.48653494471245845 -0.0083414957923302561 0.014344948146269113 0.017761247408294489 0.51033940949303935 0.0022378686488973652 0.029404883279126534 0.49670133650756898 0.0042256746221362588 -0.02308245249949932 0.50409729799763014
-0.48665193315287231 0.018546389896128532 0.0096956878543379629 0.016293677209727471 0.49768670218426475 0.0039239927487968252 0.0025668160293468032 0.50802213169289678 0.030876264684102872 0.0035790198201581538 -0.50566763581648055
-0.48651470062185975 0.019380935771681353 -0.0028111237479211651 -0.0071340369588983503 0.50051723765182066 0.016291343080860513 0.0030596996161112045 -0.50954121255929175 -0.0061262158514694973 -0.0055715256336498166 0.50237031558872214
-0.49388414683094051 -0.0076150126209156115 -0.0023750512877343654 -0.0080887400849917451 0.50802139796566037 -0.0094279034119139418 -0.0072257662932236648 -0.51194857377195135 -0.018634959714372984 -0.0021958622554375698 -0.48505579981388408
-0.49455169647196301 0.0054403540030776012 -0.001746030441121415 -0.014828927413844364 -0.4903829148065364 0.010645816880702208 0.02421081852380309 0.50465323830436792 0.020971985154121926 0.024869067762095517 0.50819089960951502
-0.50939915507201383 -0.0072467671414178725 0.010744524650141763 0.0097421212881498697 -0.49089189452251863 -0.0049068436643802549 -0.0022957050248432766 0.49510476753117005 0.038279405558568333 -0.018506323296898587 -0.50230359767034316
-0.49451333486081339 -0.0035662304280962335 -0.0047941891365789191 -0.017791976051334188 -0.49270602917469702 0.012649256114081757 -0.01167355052274825 -0.51383413120335819 0.025659483530626581 0.0047566389912187916 0.49733514780063243
-0.50002521835390046 -0.0076177469186182812 0.01384431306074029 0.0056402989880353091 -0.49007391694666919 0.0092201785792120818 0.0025160424554017571 -0.50848074019142564 -0.011989105555431373 -0.00037242346900481571 -0.50073240981008948
0.0064445046593996332 0.4962955233856155 0.49316901792815143 -0.0025645162042141909 0.49941552711429638 -0.005535936659718358 -0.015003368202906198 0.002394181142688002 0.034647841685623793 0.021308430938817766 0.50901384480055223
0.01896523045919131 0.51924336776254676 0.48606794485592414 -0.00026537400467876375 0.50470868840969618 -0.0043382007761346257 -0.008612423786490523 -0.014564633127567084 -0.018301753677533936 0.004254816723196198 -0.48823712215640119
0.00026628809794248403 0.49939762843543817 0.48966427547363367 0.0060673726821306277 -0.50298372619181364 0.030540897594283373 0.0066009454424768169 -0.0045008703980366311 0.029185837247059497 0.025862618070649188 0.50525649768538961
-0.010451931982972645 0.50250614184576958 0.49774798247549906 0.011405237962611323 -0.49749126630237922 -0.0018762630678059182 -0.0058510359351527947 -0.015759719694036608 -0.031472810682541499 0.0046597848531925948 -0.50069877751993608
0.0062290671256276468 0.50484970205856727 -0.50163897476389741 0.0037254348630836195 0.49426194278893354 -0.00039604426467952116 -0.0012839536338514982 0.0043895832238222956 -0.0051375860349705919 0.022050655440089661 0.49860191442979773
0.014450876094230776 0.49397808498234258 -0.50075427469105227 -0.0080637031566051561 0.50330428011047834 -0.014734625414205151 0.023753505213499837 0.00064743046875957917 -0.043951079374718767 0.014087284606049447 -0.49872823471484851
0.0065832673458532968 0.5032065588827257 -0.49763782073527335 0.0020868091017460255 -0.50261085437265896 0.0016192071123932118 -0.02288600569610779 -0.0049327545509074318 0.019487645116562442 0.03202737678781948 0.4944877642823054
-0.029965101633977777 0.48455986486759461 -0.4932367294834063 0.0018434869929171006 -0.51591159852301083 -0.017870432541780612 0.011781733678482025 -0.00074737023844394994 -0.024303031008123269 -0.0036778497527774449 -0.50377604025226852
-0.003936709133875645 -0.50686256158196696 0.4902896984673592 0.01366779832454563 0.49716521057119922 -0.0089346367577177784 -0.0018729990651073837 -0.02001338284060045 0.0036086609205203722 2.5583294481412805e-05 0.50481076435714356
-0.013689571687581585 -0.4996847658844546 0.51564902690089065 0.013827147070974382 0.5005228572352044 -0.010463882440560606 -0.020423330935760112 0.010054534529532533 -0.019326113745210389 -8.5099952500955611e-05 -0.48220149932763146
0.011840880614612193 -0.49947906080174453 0.49602906955618919 0.018472404994850995 -0.49443368756969797 0.0024453654276722554 -0.0047279379984911879 -0.0018761543269681282 0.015348529346590206 -0.0023635489851137094 0.50917256945978184
-0.0041063773808153988 -0.49409541876645136 0.49637981659149982 -0.010975498174576779 -0.50934403180171894 -0.011245691631540706 -0.025634440350116951 0.00090047100541631639 -0.01497315042467339 -0.0050804579008575873 -0.49887244959077515
0.012405862018612941 -0.49952299635727171 -0.49731016207972467 0.00067438200966347278 0.50602968431741469 -0.0024395999837530675 0.0010551306824559863 0.00049696875416404087 0.013042343784501299 0.021783046166204356 0.49627317218457034
0.0027789213034963337 -0.5077411942387422 -0.49545944693991756 0.016364118894264163 0.49879462097087041 -0.0032255551789533731 0.010544364236668111 -0.022126806469370902 -0.026569946695654996 -0.0017882812774593327 -0.49631330025045456
0.004945799271619142 -0.50465440379337456 -0.504507175687678 -0.00021001405261045371 -0.4817565581722244 0.0048377246233415406 -0.009205676285197327 0.0084673522389656277 0.036958455227739301 0.016569192643596183 0.50681579135450316
0.022135569099069139 -0.51649047744290266 -0.49024086284430501 -0.02717998218858611 -0.48675580248077671 -0.0027303915979222187 -0.0099396010340537331 0.0063122832875866968 0.0049506052925591924 -0.030401815449286919 -0.50363346047099078
0.0097420770082521733 0.50258544382276615 -0.0028638189395431592 0.49707810574645467 -0.020609495041227156 -0.0013650981899008246 0.014692505250260399 0.50769009737206361 0.010609289397325363 0.022598491552321499 0.49112437388157937
-0.0016338005631531493 0.50317726515163674 -0.0076305778244990996 0.5085274946395768 -0.01454243648991606 0.0069043870334733488 0.0048881159305007235 0.49132764657627437 -0.0046263863152692436 -0.0045431451139394136 -0.49641070234548018
-0.0054236522351425549 0.51163588789188752 -0.010568622983148968 0.4947479923939021 -0.002175385187131563 -0.012166515327652722 -0.0074993980661739942 -0.50019995334427136 0.023943228644754129 0.011000434140200663 0.49214708371161853
-0.00038300297735732383 0.49694224348347177 -0.0065230536101006731 0.50563205096272956 -0.00051277020729142552 -0.0030342733711202171 0.006394433762916308 -0.49645050180061939 -0.030475322434534484 -0.012239364690287855 -0.49974986960101803
0.013229413901219495 0.5117472930382212 0.011206783557470137 -0.49027513465471634 -0.0057142532681890984 0.021736190690956985 -0.0077425363548121193 0.50233948191965216 0.026664505111286652 0.032521894007046387 0.49271259873699907
-0.0034001006255298667 0.50850884592068302 0.014470616865694477 -0.48071320213066215 -0.0064842760325557027 0.001952137483571639 -6.0737080226581425e-05 0.49941897567096427 -0.012466897747297078 -0.0023623739121690192 -0.51037871576445193
0.0077451925148122316 0.50698552370954308 0.011688335413353864 -0.49315462029679891 -0.0060270355767623436 -0.011148083344566406 -0.013432605028668096 -0.50386006549190032 0.016542574234497204 0.0068981904929401663 0.49500540082630801
0.016566246198514014 0.49540387282494064 0.0042584138973610353 -0.50236841482218308 -0.0017085511736286397 -0.00619750704449699 0.013354073403364324 -0.49869030966450112 -0.017227494392088712 -0.016981811667931872 -0.5024057633189466
0.0056611110405953464 -0.49857751568320602 -0.0027588377135026585 0.49585315689379639 -0.010627367688451628 0.018311273713192393 0.0095501478457449326 0.51295186400571435 1.7075230402961746e-05 -0.0018297258116764664 0.49178047572262173
-0.017635041737190538 -0.49944880182489715 0.010802114969205138 0.50801520998845451 0.0019907350768714666 0.005066156916449043 0.010720631426594322 0.48652399598507617 0.0097492912720613459 -0.00041032780400742877 -0.50507265196449391
-0.0026220382969581531 -0.49229544741145609 -0.01111198638519019 0.49493604836057054 -0.0080861534783487309 -0.0024457017200127042 0.0012529895525264781 -0.50733443436667736 0.030716750595482182 0.00077271519372854416 0.50413080415409262
-0.0032394983991637007 -0.49493497869960984 0.0003561916041631665 0.51296562220069886 -0.005800166706548507 0.0016082249944898877 0.0078662978760273995 -0.50098037975349663 -0.019293618002673686 -0.011721505037085595 -0.4902100884721502
-0.0029233449252037756 -0.48649875145830895 0.0088253681327344798 -0.48343815707394583 0.01930783837239303 0.0010150011152136368 -0.021568465415273828 0.48754267587916605 -0.045564762958139569 0.10430921905825088 0.52728231232289968
-0.01134912547879824 -0.50950846951330742 0.0094146114269346923 -0.50585151722990873 0.025988204938516168 0.0043484366760211807 -0.0028261209846418053 0.50355753342914433 -0.0082479760204913211 0.0088991328598455616 -0.47945618011278729
0.0051785190282668718 -0.5071286507891678 -0.011919460107336273 -0.49723919511489989 0.0049752809233948661 -0.00120603560723936 0.0073918737392092843 -0.48958316133168628 0.015680893170477841 -0.020597421580696766 0.50493777836107134
0.00235852063616871 -0.49873611246700994 0.022414682296573975 -0.4882648768236017 -0.0017195140223267473 0.013638759659372536 -0.0044642910241162077 -0.51405979658560863 -0.020339151439775577 -0.023222524080542133 -0.49692290752209606
-0.005444475028395305 0.50066290035888705 -0.0019670870248649792 -0.0021897102482849513 0.012189424192578553 0.50745984574631753 0.49783629412476615 0.0010802764513440193 0.0084870588087413469 0.010698978866511081 0.49356421615169122
0.0025355130851157258 0.50272563356394406 -0.014538706097140058 -0.0092022338324701126 -0.0011741801030691521 0.49805032953393918 0.50009828221317709 -0.0075664690470991381 -0.0094339574931075684 0.0066356151463089078 -0.49861846108231556
0.003150678250429164 0.49473147874045331 -0.0016601101655626057 0.001431566684991158 0.0070481233023289196 0.4982053293625151 -0.49918914945474496 -0.019082214355231688 0.013798911053348609 0.040554845629306974 0.50554798217902963
-0.0037963428778834095 0.49650774366477163 0.011459666401154344 0.0037931159559002714 -0.0018906671040731541 0.50890444187236106 -0.48749668274995545 -0.011091361185580496 0.0084616927102521312 0.010352964415229713 -0.50633764712749474
0.001492875987847345 0.4991291133380848 -0.020196630405658049 0.0026705887308954668 0.0069202106112191859 -0.49483689895943417 0.51067948181981437 0.004011257471031357 0.023310681150737502 0.016693161484254083 0.49387219489936218
-0.0043022963817885727 0.48978014122777158 -0.008348245565163984 0.0085054489155645986 -0.0042810949671125784 -0.50175861010447576 0.51204683532589457 -0.00093909982986389222 -0.031228393426712523 -0.0013128664704537083 -0.49497985555095703
0.012355235891443746 0.50112996060647896 -0.011370136108389051 -0.0040697609271527404 0.012709597438336211 -0.50296584379405029 -0.50000823276963757 0.011798940817033031 0.026013209611192918 0.066975088641479497 0.4900247916935967
0.011166541273365181 0.50048622756810746 0.00031166080947831956 0.0077152418174244895 -0.004557215856773154 -0.50295448695672695 -0.49033594109808099 -0.015200410961636851 -0.023858092692365801 0.0057999250364385337 -0.50505643523502852
-0.013752455354207832 -0.49660563912539574 -0.0049226301238702941 -0.0085865195770913946 -0.005743002635584948 0.5072076379025654 0.48500755169917248 0.0076467921064738743 -0.021542484737847912 0.025423122945368606 0.50931519324001151
-0.01706654878289568 -0.50647791159913125 -0.0082482138609455396 -0.0058275108490879234 -0.0022992832035226389 0.50246175641228918 0.49138547456836257 -0.0067373116021478699 -0.010617884229692539 -0.0039734510178051673 -0.49897911573246567
0.0040833195220466795 -0.50485675125927465 -0.0099704610975457839 0.0044750701553656338 0.022275784767659453 0.49903207738972544 -0.50247097180229838 -0.01037882290425078 0.013554007847180635 0.026842756339220945 0.49189966847505229
-0.00053051740090159815 -0.49132577817981343 0.017888751562285234 0.018013130081019783 0.0030779409153460836 0.49553700639245291 -0.5003607471921816 -0.024774921068733656 0.020109783139777848 0.0080913049595465851 -0.51082606912361583
-0.019823984236773867 -0.50215190878773319 -0.009868029533444702 0.0097324140174647831 0.0085973102380756099 -0.49176520653578093 0.50211911911464957 -0.007179355835972105 0.018765909656579108 0.010766180619593373 0.50270092223583906
-0.012116898724970767 -0.50060016136220742 -0.019459518966135809 0.017245104812137691 -0.0056898533128067535 -0.49971182332684316 0.51030725686849132 -0.0035573350650389959 -0.029439316361934285 0.0032395964454290248 -0.4873694620196159
0.0020079173511492747 -0.49846168705733357 -0.010016271173752343 0.0085642727627990023 0.0087475391516205724 -0.49076405471411139 -0.50409214793478108 -0.013006758046178166 0.02879817155186766 0.052169601542132168 0.5025965520503225
-0.00079364152831320795 -0.49093968698330825 0.00078360482324435076 0.018269435066645211 0.0082498369755710319 -0.50062170310481935 -0.49728798494474097 -0.015745767748273905 -0.021246116405120665 -0.00238084286878735 -0.50985559044354867
0.034898344104999521 -0.0013576685528496062 0.50447582297003157 -0.0070833266813679864 -0.025026338336372876 0.50606646866144767 -0.0061097624234519084 0.51278568499757748 -0.00067976053258347489 0.037647423347434865 0.47233501461174882
-0.010895994694124854 -0.0056711400828514036 0.50674223555190023 -0.0075230429206828309 -0.0040674694692490951 0.49574987064528914 -0.0044293371231752332 0.47997903139639658 -0.056867257741274713 -0.0010959434696946706 -0.51340604958208569
0.0050957653444397184 -0.0087568865440295178 0.50250981506820824 0.00091629654732626421 0.0033358837604674941 0.49946205696595453 0.0056847491717857768 -0.4952280765792218 0.0095832109976246495 -0.0039552829205359201 0.50250997542708331
-0.0061537906649485547 0.0057301490007748779 0.50622259682618398 0.01466879036823125 0.007792342274779201 0.50100511952112126 0.0062211886765031225 -0.50654626279650627 -0.015888207589764787 -0.013963494882957776 -0.48508836416538642
-0.0087356988271550355 -0.023414770754254972 0.50442549274091064 0.01522251355336986 0.0085479580326533588 -0.50138667496513178 -0.0069661499253675218 0.4904240696617152 0.034947430166219255 -0.0042037358823745164 0.50143162883157089
-0.0026733870331432596 -0.0050912694491045893 0.49274201597581652 0.01391621145677042 -0.002155345242432322 -0.50691263494305572 0.014857015267327512 0.4936559714556194 -0.017404669879808272 0.0072547471976611979 -0.50570842271307725
0.0062433614947131084 -0.018641230450623585 0.49328911557245136 -0.010192919545309634 -0.0099329970485325242 -0.49591598268817844 -0.015313186721763485 -0.51305965453424363 0.010263083894262181 -0.0069000416939807158 0.49651435752927048
-0.0075878091467542572 0.0020445159621461069 0.49385629012492993 0.00037083808403897003 0.0088546245267520519 -0.50152069207942973 0.013467414652215678 -0.49345895840139009 -0.041004752100820011 -0.030641259581459229 -0.50807408117622144
0.020615138230561856 0.012520602894968664 -0.49602627695815893 0.0063482534612480431 -0.0098656576427951503 0.51221655265079358 0.0043641169734233926 0.50040246466630134 0.005815855242931091 0.028314005194565995 0.48950543979641487
-0.010615973881376162 -0.00063111958014776986 -0.49861429508308813 0.023991120962309976 -0.016827174103949349 0.5051467188290133 0.0067302513724305938 0.48791227335084947 0.0095544008942710663 0.012620164663229093 -0.50683775945152698
0.010721698488198879 0.0072952392119437397 -0.51017186288494898 0.0016455282125452703 -0.010980093916714385 0.49559461946720146 -0.0030343637341876542 -0.50170366444590697 0.021341605137881164 0.01114839769960064 0.49145058017430254
-0.011037843175689772 -0.00079094017894061012 -0.48980031856662382 0.013035804252089023 0.01198763142189632 0.49925183024505826 -0.0019413234504591639 -0.50149255530532277 -0.028796706402630649 -0.0016297610430476561 -0.5080125044493996
0.012899109814821058 -0.0060886860491101034 -0.50068898273202822 0.02219029423663095 0.01087154625424948 -0.49471156022133117 0.012413831454694222 0.49470128961792631 0.027260602695787832 0.047272362643749635 0.50586131504175358
-0.0030799076490552841 -0.0071441359928398574 -0.4980801707406845 0.023936782637978871 -0.00046271106346336811 -0.4842440516904698 0.010586197398570672 0.4996781201327854 -0.024959264525745387 -0.0015762591670267548 -0.51611470909973833
-0.0031975493554590767 0.0053345639283047339 -0.50035948046295553 0.0042276042872126853 -0.00021486776942489442 -0.50125501358926028 0.016064966836789877 -0.50348550859551211 0.015638750225633637 0.021421063739531589 0.49382995854506129
-0.0066051346740309104 0.0015020011065700225 -0.49599765148006575 0.010539868126838865 0.0042320971563554093 -0.49972922872203307 0.0075875278152514837 -0.49770486913532513 -0.031441010636653936 -0.010940911544457104 -0.50517937049591299
0.0065473510038525562 0.0041507023661685738 -0.020122324428575263 0.49923532746889565 0.49794806968627203 -0.0029421158402365955 0.49607110844616698 -0.030249748057469779 0.031437581984923357 0.040962378231507807 0.50266322493039495
0.0028992971809785038 0.0019686258859383035 -0.010808831467196092 0.51410508375464636 0.50651399510993556 -0.0040498129590553931 0.49366388114874948 0.0014172201276252811 -0.017646435156488213 0.0089232132627532507 -0.48466170253929347
0.0037905859442532264 -0.0012384835979509746 0.0050656045802986126 0.50776076239701562 0.49398094939938442 0.0022937090151839783 -0.50047098022745407 -0.027628441714878264 0.0058377332911091692 0.024354514969523823 0.4962391072814103
-0.0072444443970292611 -0.0022860035775434623 0.00055579354980717869 0.51375803917773577 0.50072202168377655 -0.001889044008138714 -0.49426053234867479 0.0075450687308503137 -0.0047373913872380321 -0.0071757992459131458 -0.49075881258386461
0.022850055147903742 -0.0083759967877290072 0.0081917325334908853 0.49796909927814215 -0.48842056248055749 0.0091499877084489836 0.51164871805944134 0.008888794287516882 0.034497038639914053 0.014660763111580277 0.49946032495603015
-0.011705453412446892 -0.0041300300386130813 0.011944864873242282 0.49416728182386765 -0.5055558606522158 0.0020580076687690793 0.50097401850747603 -0.0031739749728172117 -0.033232359658461323 0.0063358974086946624 -0.49777646056617847
0.0030132458424791146 -0.0055866642561886925 -0.0062576369751917238 0.4949995748836204 -0.49728873501352944 0.00018297176989805385 -0.50571751092255979 -0.014994932360695185 0.030407129592268791 0.041360802228598566 0.49898847139511421
-0.011446077523569595 -0.0068186888566238082 -0.0050570217220276947 0.51352145183085796 -0.49836102092547768 0.0025583685825833714 -0.48599470032955044 9.2174151312507515e-05 0.0075806639878283353 -0.009928195459689702 -0.50137360583568502
-0.008875635191664049 -0.0059087635899397516 0.03851446236382499 -0.49216652505248387 0.50171508245578056 0.020200525575716805 0.51096811272952758 -0.0063325716415119091 0.042288788312725464 0.0089421376036008804 0.4909706254862653
-0.0028664147040318682 0.012074754466932071 0.017381664629667466 -0.49893506195460147 0.50076285273014942 0.0072925398994713756 0.50258867890072723 0.031693324159373121 0.019201167093300782 0.0038537281698844063 -0.49578994226561629
-0.013396721278644899 -0.0045311516313832345 -0.0013346717279619875 -0.49764897789506446 0.50200391881451967 0.0060084715718271616 -0.5137373791678056 -0.018797787479735133 0.032426806375426415 0.037906524965465309 0.4830443248445031
0.0041223695980623781 -0.0015400040154789532 -0.007444042012559428 -0.48227769675619103 0.51672754520661779 0.026539242204539286 -0.48472002084076438 0.010879891494275467 -0.0014544485417720687 -0.0040913127113611234 -0.51432580301932973
-0.012103412338250637 0.0057677480511244932 0.014189317083577525 -0.50129309986626081 -0.48735824290338997 0.0096313693947822077 0.50387511710354427 -0.020902878631035009 -0.0029488058293023968 0.040479140996489624 0.50471674364366037
0.0022828089458371745 -0.00092726626200399288 -0.0081516024410730574 -0.4960350100707821 -0.49810440559314717 0.0095040769538859236 0.51678895047289741 -0.012273585945668315 -0.013117153623005895 0.012571054356539687 -0.48798244989202344
-0.00066396926099088042 0.0090717028267944342 0.015565547819981948 -0.49269733154936374 -0.49070886806330105 -0.0019669762218388893 -0.49925812285704202 -0.0036135924240530224 -0.017093352241683259 0.085562762076774199 0.50915651241284354
-0.0018639108888274458 0.019770429528776137 -0.0003001644235847427 -0.50462824415147367 -0.49422130699424377 0.014589570215880712 -0.4963490693446051 -0.001780933346954796 -0.04912646917392037 -0.01491053584508319 -0.50148483605853666
0.50206691939291992 0.48403792036106014 -0.060581877463620148 -0.0052966961968391214 -0.034423320314772736 0.0096914083084351857 0.02258189315676673 -0.011994894139710898 0.22004925100104405 0.45881417098525806 -0.49907219629303518
0.49377127893917355 0.489916543034637 0.015627556540506238 -0.0085916922153825605 0.01331566653306167 0.0033443782465824054 0.031804361120163112 -0.010402267164591942 -0.10768749333568295 -0.48831273718597978 0.51429517336712904
0.48451531168200551 -0.49880355005379501 0.029703089897786954 0.0048373407764696237 0.017967512295637734 0.010245746780827075 0.018801062931139097 -0.039691026750240159 0.080880317387465914 0.49396162358363249 -0.51248207975797699
0.50555787548686115 -0.4942012240464207 -0.0011149800206543107 0.0058128286077715544 0.0025522980787057183 -0.019779997912677778 -0.020909516044102214 -0.015930982783870284 -0.1410948195844989 -0.51326085294040591 0.46444389826554816
-0.49505572835209805 0.50128327955514485 -0.0016288757169660229 -0.0099995528444368972 0.012038264303012877 -0.010252109961824305 0.0072217194852225268 -0.028110448543594766 0.051920507048009344 0.47874928838209452 -0.52013773067985947
-0.49050105975088792 0.52247386066394819 -0.0087974968424856855 -0.001826159441581152 -0.0092649431071616418 -0.0023238759234318514 -0.0082627402999801459 0.017196150439461336 -0.059348753215476266 -0.45704206577212497 0.52295707287156412
-0.50045597102683614 -0.51902690451620348 -0.01035779852211075 -0.018998024798554829 0.001400032359102464 -0.010625312797651413 -0.0010391808247182789 -0.02037144229545812 0.11999275444750394 0.46485396309834709 -0.49866650525844092
-0.50019123185503256 -0.49475857543468865 -0.0087115958747155837 0.014214140406244462 -0.016004410840473066 -0.0091142552146362323 -0.057003253799112613 -0.0023687041468122864 -0.033386815292758859 -0.4843878815739418 0.51517400764250199
0.0027907550259511659 -0.060887848575694931 0.49921576697682435 0.48767014398001057 -0.017907650539096213 -0.042466632660825815 0.02867463708259076 -0.011382486539198362 -0.36705719115866081 0.40590776294374797 -0.45461889754625068
-0.0076417315372133759 0.024614087257060779 0.46320987448281226 0.47292579369759863 -0.023529822032961677 -0.019749022462097161 -0.040714005443217176 -0.022827508431742274 0.20760952803755978 -0.48934572307649332 0.5248144451765322
-0.034927663473742376 -0.013244934726288897 0.49035456982389608 -0.52128157771049421 -0.026238828647153239 -0.0013352126851556834 -0.0032231062496878441 -0.014448378759027171 0.13681400409777658 0.47124834015628275 -0.49469189382803991
-0.0066073744040084067 -0.0012377896287899281 0.50084435312461251 -0.49344540475642734 0.025743126704174956 -9.2740168356284002e-05 -0.047990412738202849 -0.0015330536445195106 -0.018073120397639864 -0.48834859348090087 0.5136557634944694
0.0055437716388028234 -0.016442487327663263 -0.50290586529917114 0.51733921847239139 0.012196014645884636 -0.0069868478986688382 -0.0099678695424361401 -0.0039367969214117882 0.13601551460264799 0.47216824133938767 -0.48722607784517574
0.011380841549444796 0.0081397962741168919 -0.4904610514091915 0.49477294945855266 -0.016173366838811081 -0.019749062969342708 0.022742133051314055 -0.01145159528784952 -0.13257056728280317 -0.47107979437072128 0.52312601807732872
0.0049788240408993904 -0.021992385554406912 -0.49227697653425034 -0.50017075569270331 0.012275159187793233 -0.0018816203449798453 0.010451615606195933 -0.029604697356409717 0.023859124878032063 0.48395100897606319 -0.52064038306823235
-0.01513156908598641 -0.0093918606921558467 -0.45114760310167989 -0.47697659090720435 0.036807610671097592 0.0054783064933842983 0.061129350921563144 0.10945332811417008 -0.23176812081852741 -0.48918302215284948 0.50845242540165791
0.064764941173590704 -0.011778293847399403 -0.030719349418197969 -0.017923474993746025 0.5319682943432984 0.47348894774391576 0.017993612416733164 -0.01440924026825964 -0.36101628210624165 0.40613693471134232 -0.43750249485767184
0.022800916000669087 0.0070063961385689755 -0.044929033627385297 -0.023995318339824084 0.4598860793915136 0.46552598146388463 -0.031743666780117516 0.0049911732271157279 0.20814641027233116 -0.48072358466115633 0.54145574582987777
-0.016978902709082637 -0.01492705330798391 -0.018251176596742989 0.0080482736192472801 0.49276717304784079 -0.5060903520455351 0.01658617944785586 -0.00087213938820563438 0.10797746056360846 0.482091013126835 -0.50576412448548902
0.00088996806156426734 -0.0052802193351764023 0.011765003546046055 0.019335095686286982 0.48692052272846187 -0.50590060392183345 0.020153729280688128 -0.016149345939674067 -0.047134858371373614 -0.50226461354384255 0.50127202039822405
0.022567824976181646 -0.023897174654401158 0.013360936382474051 -0.025313995432828709 -0.52148763295667744 0.50170292231419333 -0.0037454631134833972 -0.01753757058859309 0.17107939288492813 0.46639013263713336 -0.47679725500571934
0.01372453285598779 -0.0075185872753570785 -0.0085411679309221594 -0.0062429418572489213 -0.48372160584269236 0.49779650744360182 -0.04279900011969958 0.0002885623346047923 -0.085074386622338793 -0.47347041844881732 0.53348992615024804
-0.0053659701429250722 0.002333603242724352 0.012766212513230133 0.00057674212115373981 -0.49092882400581145 -0.49739520562297002 0.016046691202137572 -0.035636542459506378 0.029988724107264601 0.49933671262982909 -0.50953450856632554
-0.01352897148138309 0.004666781448959067 0.055449382967444429 -0.0031611239227787016 -0.47806429308568643 -0.4653546627484284 0.10216009908578734 0.02776087624799415 -0.22729264670439597 -0.49527418107141324 0.49340076718960896
-0.017485962146930621 -0.014162983789812183 0.0026921451406114708 -0.0021462084721490704 -0.013218080384778676 0.019165495228582879 0.49954379847867469 0.4598325040673063 0.0061402481901711272 0.5352998277730433 -0.50136435518322175
-0.049843117717408097 -0.02530445298038813 0.18212436944321295 0.12017923551491663 0.14073512221882531 0.14503006460404877 0.38621480130924607 0.29205916685251748 -0.44869203124380952 -0.49874297364449238 0.47317374933755391
-0.0012216770393369612 -0.0088633551484337235 0.0092452371475689309 0.0091531817976835284 0.014671401463564613 0.0093064131185346798 0.50788646963886686 -0.50489434189799398 -0.20915104092401368 0.43992304823153566 -0.49930494203441
0.0064790779177444418 0.020008514685458011 -0.010372406171717868 0.00042001144559466569 -0.0063107219571670869 0.0057592677462328492 0.50042481471938882 -0.50461159108249221 0.2054183803519927 -0.43496395331382193 0.51276575410498615
-0.00071484918996397666 0.0016636190133685633 0.029527570478679498 0.012972341953557551 -0.0033326150340050645 -0.0035125341281226157 -0.48644805753865505 0.45376775807311248 -0.0071454303460155898 0.51160630917647199 -0.54277449678064593
0.0117718716294053 0.021310763441324598 0.038750659882645373 0.05833729840786013 0.0074951903729050988 -0.040157295187634737 -0.51802459380351995 0.44061527257736666 -0.21581738605384759 -0.49131143635782726 0.49231927070212456
-0.004877018130826965 0.0034110097221227093 -0.016602299637628336 0.0031900213385329503 0.016395957405222702 -0.022057027057838328 -0.47784306885807803 -0.5172766673979019 0.15271705547686354 0.50822961991729565 -0.47052569809817779
-0.035080973445459067 0.026119203145830643 -0.007308454520377902 -0.030165603007569874 0.019060793382992804 -0.00576156339528568 -0.31434017603322395 -0.51707379026721256 -0.4052835617133016 -0.54988282007415223 0.40487812228137338
-0.0085580125110437579 0.07380527740270125 -0.02175940888250056 0.062069433142355745 0.02809376903552414 -0.049012952188876538 0.494631856398076 0.47946035123521136 0.45615565046393253 0.41836217503814316 0.35960274884896692
-0.037141719458683789 -0.03543604021311865 0.082689462766891875 0.01088761692638282 0.10388025359095644 0.041433641101678804 0.11215899809174726 -0.070771451307345412 -0.047817342060143937 -0.51590962408079821 -0.83178324158377337
0.50975373785637934 0.011436686324130921 0.4915127514674969 -0.032345040669564937 0.48969442478164077 -0.0091790202554744155 -0.0046844847608373506 -0.020135519386131253 0.50598513984161353 0.032065942107300231 -0.005280950581659451
0.49813512757157113 -0.0081814074351773368 0.49032409805795202 -0.0050110617144059223 -0.51271993349813971 0.0073521537184909743 -0.0029182300925241732 -0.015108126948265736 0.49670513443391262 0.034021448414112566 -0.017482045451961047
0.50568580425792276 0.0032575747254538546 -0.50610538064253008 0.0041251538577779107 0.49161159098674034 -0.018680828892237988 -0.007487845870805635 0.0020505297729519882 0.49369789010027587 0.047032661353405017 -0.0084084586612097594
0.50558440773974145 -0.00054692814473838644 -0.50340251208465436 -0.0027259595653408401 -0.50107900818107287 0.00094726918763524126 0.0046657059327686297 -0.00436437115156099 0.48669249884047783 0.051756240500219666 -0.017099834122606152
-0.51328680554569572 -0.0087167940715333712 0.4970788916173095 -0.066175175102192105 0.5109387130298485 -0.023066685558651611 -0.00077601851853703857 -0.016979391877643711 0.47210426333508043 0.014737884539812222 0.0038873325182848984
-0.49598809048121767 -0.0087787015763108548 0.50742148633550577 -0.015351418716728477 -0.49872953699099559 -0.010953224460361576 -0.0091541203530352711 -0.015782300700104938 0.4955942868568648 0.037367079373077677 0.0035381822568627029
-0.4918284662467356 0.0027571073113892754 -0.49470249799745886 -0.012987997589794287 0.51197762954707537 -0.010743596818363701 -0.012245445442338127 0.0047190190238153521 0.50010996745491487 0.024193310329268945 0.009688891888555172
-0.50703094404590277 0.0058600347709492047 -0.50107155178847596 0.0043049868124278414 -0.49439152175554479 -0.013256653821487573 -0.0056088285524506683 0.001679217116454238 0.49527347036081421 0.04275654268023122 0.0060927893337845759
0.49660194973415045 0.013745836966089749 -0.013429160141819534 0.50883996042287982 -0.0071087608781451898 0.0011479333727824942 0.48360191719975154 0.004636545557159988 0.50367322475741905 0.067011573329385649 -0.044471062694996129
0.49946972352067343 0.000535944236003122 -0.0066985107172404749 0.49500389851575499 -0.0069292655283315473 0.0051155268340544449 -0.50422092935451601 0.002156198334886541 0.49644436516665075 0.064674171026296315 -0.022330343229172853
0.49296736089289106 0.0078843648648794663 0.0044006333695530732 -0.49095297905912844 -0.022543024685658084 0.024727265833710169 0.50920494130570293 0.0092538324542694884 0.5030387927016623 0.047759832064027723 0.0065471245241033081
0.49499118191662539 0.0048151254325692157 -0.0034174275448057272 -0.49915678224542653 -0.01846781268667293 0.0065727278289923899 -0.50922497253754218 -0.0096496133055216839 0.49582870986458105 0.012467173376371933 0.0015439662874025546
-0.50767741177982439 0.0055530013234574918 -0.0014337807522754689 0.51470893611891322 -0.0068779349986817636 0.010051883498075224 0.50357218920954272 0.0062917141100217577 0.47057797183389755 0.040023053943448295 -0.022070589281396241
-0.50362417499465328 -0.012580434435343749 0.012961730434939768 0.49803689895897907 0.0044066041916026241 0.0075467898473186466 -0.48880463418435832 -0.0034553521916875231 0.50766438853921458 0.027634492434894655 -0.02214915868437977
-0.49578325341625529 0.012690339563837298 -0.01031867138920196 -0.4961568368316695 -0.016262236213691904 0.0016170502457694413 0.49976511799138995 0.0036759740383879051 0.50276309291610699 0.069375764908045381 -0.011417255375492501
-0.49503564731489369 0.010761649444462789 -0.0057764863964403831 -0.49645608070505648 -0.01629251205254038 -0.0038493938351252255 -0.50782130263208414 0.0010243122550464682 0.49768578869597685 0.042445300562096042 -0.02579439300466865
0.4972496000522269 -0.011100954801180519 -0.0079955739696684434 0.0093480897097372641 -0.0081810718397737851 0.50542900737584484 -0.0023574872780853452 0.49064318461912831 0.50134304199292679 0.065426735957209867 -0.024105616368288219
0.50913655455337958 -0.0058641884507248882 -0.0092501487915488661 0.016829711592789239 -0.0097028363836707474 0.49478212984411962 0.00017231162910254802 -0.50080359014156928 0.49257315271217339 0.036093308550736364 -0.027165627812788518
0.49824394797908045 -0.0066781211070546199 0.0071522157037919257 -0.010225697332682736 -0.016518109306265794 -0.48057410333805956 -0.011916692250688733 0.49112153756753701 0.52630547755091928 0.037157047601666479 0.024654839029668259
0.48751013625807643 -0.014230797224046287 -0.003493779897143771 0.0053317129386620792 -0.020608168046441264 -0.49391994845164605 0.0021022178551775889 -0.50348793346173304 0.51287312038232435 0.03398721299130332 0.0032586818450422565
-0.48997059246351199 -0.011703916741269763 0.0065535816119273484 0.0099934698539944581 0.0033649954576863445 0.50681832484203948 0.0095339962457112182 0.50172556931556611 0.49971397678859664 0.03515193738637603 0.001928497536525029
-0.51108840019707114 -0.0029024052696781989 0.017843394737661437 0.010605979973710199 0.017826676513747104 0.50753629457023552 0.016985724199639587 -0.48583565374532028 0.49357467584188619 0.017427714556766609 -0.013927879782923487
-0.49122551468452513 0.014837967718061486 0.0026495910990884273 -0.0036280173856022518 0.011701921175349819 -0.50339484466713413 -0.013503811963817501 0.48934385812551945 0.5120928299470453 0.054549781475823789 -0.0077026899314589729
-0.49946991463116658 0.001957637603077011 -0.002054157691268251 -0.00081954365586718082 -0.0040563788969284736 -0.49860177492914909 -0.013680839808317066 -0.49827485384325609 0.49987123894585411 0.049039914401674711 -0.034054846429056526
0.0011824921949726926 0.49223131568680517 0.49519792791986228 0.012324946109219968 -0.013014326866761116 0.0095593275893126797 -0.0070089574355540162 0.50236256161519444 0.50433862110992123 0.066148188655583126 -0.03038077692531593
0.016187493220671645 0.50056609745001079 0.49349190776235169 -0.0031294380620297117 -0.017444018984674233 -0.0016572777370550617 -0.0035266991576960202 -0.50521365130360818 0.4978766630464676 0.038894329238120952 -0.025946846550397001
0.0075809286658023774 0.49642368944395088 -0.49854488509754941 -0.0075991758724599867 -0.0057400209120753764 -0.010789308508156291 -0.017600715212205808 0.48738172197444307 0.51078904333551889 0.058600971689710353 -0.050613183707880711
-0.0088039109961694124 0.49615104110298464 -0.50890794279140672 0.0046651966371101658 -0.012053326290355101 0.00046605217607638031 -0.01650869277674891 -0.50021208462080402 0.48977682496097708 0.040758417354339112 -0.050742723581662888
0.0030432631742670266 -0.49432758445761454 0.50735784740019374 0.0024920280442616337 -0.020450196776163294 0.0089541514309241024 -0.0041639945797930017 0.4951041596198838 0.50188290615176545 0.010486680212445091 -0.023927081355591608
0.0070231185904800521 -0.49989065615491723 0.50397207914894282 0.013736113190338973 0.0037118113709801569 0.0064113779312473789 -0.002846915945513524 -0.49275849948440403 0.5016471683753575 0.021243318851543933 -0.030139395099906111
-0.0023609248212191035 -0.50376258163165311 -0.49332005786165578 0.0090235076647246903 0.0095744909075850017 -0.0041664738769812441 -0.0027533783005934229 0.50226514660036325 0.4977954982601136 0.04658412719634214 -0.020353285868884578
-0.01779825751053718 -0.49129283511323402 -0.50686577043865622 -0.0058509784709824758 -0.0049379846075905919 -0.0025390593426145103 0.0022438745642703799 -0.49971662522851912 0.49953937334912246 0.041758258450300081 -0.018207699265469258
-0.012429909952990533 0.50305563869631786 -0.024481303387348819 0.50006307632461044 -0.020603534088479109 0.49520012980447281 -0.010345537470624862 0.0046353601856633031 0.49981345314893871 0.022417994880927831 0.0050854564757768757
-0.0086296949001566543 0.50700730682968986 0.00071749533867092308 0.49412163156776973 -0.00014477813157690316 -0.49458075535330581 0.0024136153299958015 -0.013095903437100875 0.49897935950528227 0.060700207014700934 -0.035496880260111142
-0.0047229273146403381 0.49781094202080928 -0.014140007633533715 -0.49516998150171693 -0.0092591018123909345 0.49404761506926553 -0.0076427810441219322 -0.012304177110300704 0.5079719542547888 0.064849398252076043 -0.012213803834647806
0.0079881653820122172 0.51220341249659418 0.014561091930983488 -0.49433162506261652 0.0020539440490814579 -0.49893678319305773 0.018371842298375615 0.0020972396090681695 0.4897114631874368 0.05828782483482909 -0.022566113791260702
-0.00064859732004861857 -0.5057033320942419 -0.014527059730599213 0.49262487321015574 -0.016750833172408469 0.49793904615043055 0.0043056587725011451 -0.0074858532441581917 0.502499696728953 0.023834091901237229 0.0009737154019612579
-0.0066465729504388482 -0.50495995350371714 -0.0013819885945688894 0.49348948861965286 -0.01054318298745037 -0.50062383264207222 0.0074310878614716165 -0.00075570277099217182 0.49857246787866089 0.043598501803570722 -0.013075756139302855
-0.00065511308523798976 -0.5065435753348061 -0.0077331969182144588 -0.5014761817176705 -0.019533939574846327 0.49584090986455809 -0.005972600178307334 0.0015920191724837899 0.49318570325305244 0.048629951179054352 0.00012139077426408
-0.0097133705159409035 -0.50947274221983974 0.014801958605081066 -0.49562948341737195 0.00029061824331257682 -0.49170357508084284 0.0052491771366258025 0.013306411971922727 0.49908532375447656 0.057086906075209207 0.012381948890430896
-0.0059176594612214617 0.51585271191866144 -0.011044670161758804 0.0061127479112300237 0.50986057384954764 0.0046099797193849702 0.47919024225962115 -0.043687379637441154 0.48906544423197806 0.054164926333471933 -0.0084752819716830512
0.0058903705759572123 0.49516780100386087 -0.0068685692088807761 0.0032481263076811254 0.48928076505454038 -0.0027697903167334848 -0.50764136038428054 -0.011690701306698321 0.50448515441314834 0.044658025105680441 -0.031257839429373852
-0.0042113361776704699 0.50120496901980283 -0.017428935093549251 0.0080043473437884077 -0.50779014941661249 -0.0010372083935848283 0.48984780132059919 0.0044385709493021813 0.49835057530698074 0.046383302673421084 -0.0089899182629463222
-0.001233521996577951 0.50237629911565895 0.0072637198579349445 0.0032355724789334388 -0.50740689906925907 -0.008173427146305267 -0.49783611055909199 0.00020243196468168963 0.48916396170633497 0.044357570406676872 -0.030576565872819334
-0.0041876790181684023 -0.50643637259316487 -0.0041804730052216726 0.014681997588019696 0.49307205025136414 -0.0056130669618821025 0.50591666526038004 0.007411208487195343 0.49177120347979447 0.038215105351737735 -0.028533561697760206
0.0022190293891594499 -0.49266759895378642 0.0023120677819176909 0.00099065068653213131 0.49564743796750338 -0.013917479628789134 -0.49876204512102923 0.0041834415088685311 0.50768413874733753 0.063702228030695335 -0.02872402082981813
-0.0082839383340769616 -0.49109271150886902 -0.014582751874409465 -0.008091970469142425 -0.51290899750475949 -0.00021240503272452579 0.48625183495879026 -0.0091867059817264396 0.5024717397485875 0.079142930319564056 -0.011781695967881509
-0.0031549411935444557 -0.49664322290475421 0.0014717050356821261 -0.0022197957275864062 -0.49775932166853581 -0.015347996345170967 -0.49973723315027324 -0.014128375315660288 0.50487839041691007 0.017734098761532216 -0.013227177541830931
-0.015410920487936514 -0.028162548719452233 0.5024077136877495 -0.0058518766480545022 -0.030854613390640093 0.50564253350388499 0.517304348144079 0.005921208353922308 0.47125943348372534 0.012414479230768329 0.0041009793044795156
0.0011051356936473532 -0.0040765205397259134 0.48534676863364173 -0.0082943904808845809 -0.024146009257120103 0.50863812458040425 -0.49141259659339942 -0.0020459311502847529 0.51310105500596692 0.0096090258570468139 0.014161724047873265
-0.012740484334713129 0.0075858872557771411 0.49368561451850645 0.014280802634620417 0.0082791782324217536 -0.51330373054043021 0.50774503702852836 -0.0014246898037857017 0.48285685867336381 0.033454814735486581 -0.014980638273971636
0.0052090211724395074 0.0070606192420763318 0.50030237106574771 -0.014764410297616498 0.00011704901993539728 -0.49381225906943244 -0.50147124296760437 -0.0076087487217058282 0.50369052269276504 0.013127872557506326 -0.012009091230715512
-0.0024545317490463582 0.0014359917574008395 -0.51376277346050148 0.013449785927466026 0.020513292424555678 0.47857805570310968 0.49258450298233003 0.010461530379733719 0.51219784005443381 0.036131413736355852 0.00018944215481731907
0.00057458040922122948 0.006280124981604014 -0.50110246907858613 -0.0011542172545926197 -0.036037114718573897 0.49073176160733256 -0.51035073800398645 -0.0010073043590028878 0.49319143350753497 0.055127144392423895 -0.001787481077265978
0.0016865896586886198 0.0046586035190089997 -0.5054589608939366 0.0061709068792006423 0.0016832308909082178 -0.51161773976464342 0.48138729438591699 0.0023507338595425346 0.49706342413980104 0.051363610249184018 -0.035263939931402651
-0.0019173728497802463 -0.00098395206608301294 -0.50428671720829121 0.0064128732160614139 0.0082468594332670338 -0.50358825553907038 -0.50659793224796601 -0.0082468760613592963 0.47980374036842893 0.062277412702732078 -0.034357157762574579
0.014333801234144648 0.00089513312483840881 0.0039593014392776691 0.51719486319021202 0.4975858876019098 -0.035942789849477255 -0.009198018237078746 0.49210887765738393 0.49069319829362945 0.0047855151121785891 0.018586866402814851
-0.0028199588572386707 -0.011796434917328633 -0.013630546371577712 0.49321846069766745 0.49851284966841192 -0.016802424580578769 -0.012491029256390934 -0.51031066859000229 0.49610618950384666 0.024385186850804472 -0.017784109232106653
-0.0056899633219822136 -0.010284526545501414 -0.0075595630808271341 0.49522519612522664 -0.4995933554234252 0.00081925911568927535 -0.0085674834850719764 0.49085137689013131 0.50849186194668994 0.073248595148962869 0.0049711835249410868
-0.010760868934220919 0.0050187271390818794 -0.0070056612275260629 0.49379595348737698 -0.50421977525199535 0.01106702120016013 0.0047053055105292611 -0.50444528495232577 0.49508353356939494 0.043534830707126312 -0.011191974253307166
0.0056613790159313615 0.00089767454277852612 -0.0001257641771559669 -0.50413359094420029 0.48005141391567696 0.011612350032560946 -0.0085092376568308269 0.4946852546144383 0.51601661069744009 0.064477902569108875 0.0039739481091861225
0.008762344822389391 -0.002674544647317268 -0.024002710697409523 -0.51261971444602394 0.4911848896886653 -0.030175020296125253 -5.0054872110666573e-05 -0.49739089226786459 0.49502636873241695 0.028230352218805172 -0.033794643258140154
-0.0030325523216654382 0.0071511572755303772 0.008985660334439316 -0.49745515424054754 -0.51138744125867197 0.01057140179558352 -0.0042900506060614563 0.48594921069466407 0.50370314172501418 0.028380235104013649 -0.0090049849367142658
-0.0043634103080331024 6.9382292126528961e-05 -0.0042309622376486868 -0.50320587046939524 -0.50182718430488815 -0.0020645056703231537 -0.010347519739385967 -0.50133440238862814 0.48927420392974696 0.053592123409204162 -0.034749174429232782
0.47798582738680356 0.50474303151311017 -0.028157975794772378 0.0097462573715742674 -0.0082118214157171892 -0.0039475884798027359 -0.018642590548735894 -0.029223044223654626 0.50288573252363156 0.28005204004356993 0.42809859232712555
0.49727003289301858 0.47164851884355968 -0.017370266774792389 0.013921382246024487 0.016857627911660861 -0.020931788164288305 0.00087371449008310413 -0.027041526256338183 0.52242065521294867 -0.44296905342401482 -0.2432599593633239
0.4769279612859173 -0.47627460229682561 0.031893179923529774 0.023452757171436325 0.012131564083820207 0.014335916617537279 0.059210872773567166 -0.0076240410184279569 0.49063724299057115 0.23947780793245596 0.49208103468444725
0.49027725846815878 -0.51310178458717914 -0.022568149240527895 0.0021575281009669203 -0.01113662876725623 -0.0074936179152482307 0.012087003786322301 -0.0054605323335236685 0.51834046525599842 -0.38264639319913507 -0.28353059827994176
-0.51017125988642498 0.50252102451990499 -0.013706722573689514 0.0075736721921688885 0.012159620483358061 -0.01385758534865145 -0.038346072049588661 -0.020069082526178325 0.46633223001519319 0.36309867705585291 0.3680124921241853
-0.48563017567307848 0.50308397904777924 0.037793111274336169 0.018666491391003091 0.049687349648934925 0.019874006858030875 0.0080655867708007371 -0.029981292689100353 0.48959392394124368 -0.42453434360081799 -0.29246149424973344
-0.50034999902306243 -0.4791060282651356 0.023792519964338444 0.019856377868250081 0.019001827465085344 -0.027771192764489239 0.051578392634869311 0.0092466143044431376 0.4663664809172951 0.35361879267631074 0.41560179053371216
-0.49044747662046811 -0.48746800716018457 0.0028481155720446239 0.026220814253516276 0.004401031396243817 0.034501814615625549 0.070177971251590032 0.033346991295348322 0.47178677628786719 -0.43405835069818882 -0.32078722535657744
0.0027872691698934329 0.033359820677399551 0.45943941454815823 0.5111497940801385 -0.047297640647518534 -0.03415184864116684 -0.037750208418816135 -0.019549051572085103 0.41757703094874343 0.4618882927917462 0.36551147019337077
0.030289374305927385 -0.01318151307804662 0.46095268807573586 0.5134062142068031 -0.054247213667234964 -0.021068658966816756 -0.015788708765491672 0.0084613657705748836 0.5022672920914022 -0.32624773831091919 -0.40053456032207368
-0.0053818252063059608 0.036753818136049339 0.50708215272859902 -0.46068937281796984 0.002386631601378141 -0.0050739337058858204 0.064738547889165082 0.0024904472442836391 0.46262373097228021 0.36132008050426911 0.42479588652473499
0.016763709959785301 -0.011427266513801588 0.47974887953480577 -0.48621458638691328 0.01496454069632973 -0.0095604582818875541 0.076841907728146003 0.0097054030304397597 0.48630073450424299 -0.43028337077373957 -0.3241579663716968
-0.005267848556488844 -0.016253887265380254 -0.51073005427121609 0.49175172031509767 0.027047151115771578 -0.007559052877113291 -0.013948870438923809 -0.039297264190993622 0.44550688632955132 0.322608342316902 0.43813588785764229
0.0038600253359914057 -0.02203703595525805 -0.50811189133518087 0.51009872844836723 0.0065122507539081883 -0.013276169410291347 0.0027246091745150875 -0.00059919143062628518 0.51439759094788573 -0.40988260834420553 -0.21974070984731464
-0.018720313437199272 0.01581999197571483 -0.49171054976109235 -0.50055207185970207 0.0097048075569108345 -0.0046890814928847047 0.019597038727978206 -0.0074334916081456983 0.4565922384098921 0.20639832706624875 0.50540619627982941
0.011177073310723618 -0.0091152919643444387 -0.4997358029263374 -0.50159985293368403 -0.020277061813751929 0.002031347190106465 0.017213368228526215 0.01004855739417517 0.46942831846001287 -0.48940800390797551 -0.1943141777509356
0.021356410266157342 -0.011780169265490659 -0.065636785881863113 -0.034565050401704114 0.52305396377440927 0.46391982983531854 0.038060530952176395 -0.0065295300924622223 0.40664228137204372 0.4633963102914701 0.3514396381700492
0.02520122996069012 -0.011333652166425389 -0.049020323162961045 -0.049531219341955916 0.48106390882070554 0.49813660760314066 -0.036014803378539122 -0.0010828828328780797 0.52316135678779185 -0.31088751176859969 -0.37837872489474889
0.0087208959116600576 0.015965263184417072 -0.0074852761706608942 -0.013927435504300541 0.50155271125222489 -0.50662379276156067 -0.026150035559426958 -0.02291931995028669 0.4754362634296922 0.32731393135154924 0.39599633097134779
-0.014787692553006432 -0.024817873816713874 -0.04831617410522443 -0.018010387394254371 0.49356696785736898 -0.49587934192303007 -0.030045490110528521 0.0032856585808290705 0.4686862025076286 -0.41937601326586432 -0.33248364335091707
-0.031475801588961606 0.012647044116629171 -0.023338667126004867 0.0092775694904919728 -0.46681045518666126 0.49656228324836299 0.053714260328225252 0.012454528699465011 0.45341146954260114 0.34380896236813635 0.45486872494050379
0.0032315046542044628 0.019019495767508172 0.0071806521487589522 -0.0096046805043193163 -0.50032195587659711 0.48746538446868087 0.019356488202046409 -0.037823585948029766 0.51586387499175468 -0.42819771350690228 -0.24548997383729118
-0.0091174819589425696 -0.0010355404597199886 0.0052792659257871431 -0.0090376432258165544 -0.49639383279341182 -0.49469887314164124 0.012596169313996423 -0.0078443886349797882 0.45295138200487806 0.21517517273867984 0.50693878316247987
0.0014646356352802795 -0.0088344384760416714 0.005943316061585136 -0.0079372111439300289 -0.49806778976079752 -0.49587465553876631 0.038924717334160717 -0.0097071635936914324 0.48195904257247774 -0.48650940890385008 -0.18781107980065942
0.049870339333978976 -0.19615038276247682 0.032511946593586215 -0.098632644530122562 -0.1424419172719556 0.026432394485002484 0.36392473373757883 0.40564002102741525 0.42263055398830573 -0.47611777242439879 0.47431468796179299
0.0044827284602860637 0.06725595475193355 -0.020775787413650916 0.047386898430761257 0.068320360015248327 -0.0026823864746597747 0.51480279174544996 0.48001728213793743 0.47002074836378294 -0.32220281003344503 -0.40979490381738515
-0.006444606990845354 0.0053431422638598085 -0.024921259796125271 0.029687272839572301 -0.019868285120158563 -0.015443590842053387 0.47803897915431043 -0.49019581127565809 0.4377382824985957 0.52922339065716839 0.23935091621864649
0.00016938509309644075 0.0012108270744713423 -0.0039464878514432642 -0.0053118127821115907 -0.011709782184155436 0.0014179205320723192 0.52006988584199321 -0.5025631451669057 0.51985742336734686 -0.21865610209364142 -0.39838543263399911
-0.021292803199313697 -0.0039044941017069013 0.00099566545295881321 0.019415384679406233 0.025100256338365729 0.017392275140447871 -0.45971635550867279 0.47226502792125807 0.49433616366378341 0.18545847787198627 0.53393298737098549
-0.0061130199271589363 -0.014576705485761182 0.010799449785554843 0.0078684487250554828 -0.0087039601480175498 0.019980198312641965 -0.4680718785722624 0.47574441736478329 0.51394961060058808 -0.51236310714918487 -0.16435465563434576
-0.013261351517579831 -0.036598808562501112 0.012139339730424387 -0.041079201427904409 0.013191003528338196 0.054851403298897074 -0.4574589059032132 -0.51856346822414223 0.47272212746753872 0.31545739558462094 0.43853257689419245
-0.002565317810787034 -0.0078541636642679487 0.016176438041730745 -0.0053327919871883362 0.010959989047796157 0.010816885601250955 -0.49751545665156582 -0.50244095386960164 0.40759736620402698 -0.48324240159791976 -0.31587515840017194
-0.030819200918425556 0.0026721241818734166 0.041170185227225035 0.029195491564334423 0.022374449777213971 0.0084519719579592353 0.041921686436936119 -0.00077168245384935175 0.98878787320724415 -0.077048664221007951 0.10260431641746397
0.10603812244141961 -0.08189668351753171 -0.10914289190362519 -0.13844459693904995 -0.14438753860106066 -0.085041298334936025 -0.15956173992967784 0.095868902829753175 0.60237608505381335 0.72279622923595643 -0.054294167235694892
0.030358586386366276 0.066319791108770565 -0.2007938360906025 -0.10095910739387584 -0.15913481135072585 -0.14832986286835131 -0.33488045101643016 -0.16697861337506789 0.45289862541938769 -0.51925498671379444 0.53110622217071246
-0.05025795521632611 0.013700580129953881 -0.15210952264153965 -0.049352373827083344 -0.14215736386181185 -0.068910796734564683 -0.15841726989386215 0.050927625383410412 0.61270074620292692 0.040193705205208548 -0.73623954090409638
0.016710092574088224 0.012928287412808643 -0.015957081290305344 -0.020174222057938188 -0.012722225688209094 -0.016895113334600958 0.04497360868348519 0.038193162443448954 0.0084594621393733749 -0.99744257921193291 0.00031649747327113978
0.51106897767270809 0.0057080183038097348 -0.016095456477728837 0.49154379678008392 0.49687352237712956 -0.0072627699596647475 0.0082706054995821572 0.0030648726270288322 -0.49930308629791709 -0.019067836882721619 0.01485109083217994
0.49324520877142303 0.00942608748242337 -0.011309140486232378 0.5069045682282125 -0.4959464074425341 -0.0057088848712079877 0.0050396410339966112 -0.0081247504567865912 -0.50185418685826588 -0.039593777428384588 0.0052955545560752649
0.47783341947953317 -0.029946967909561101 -0.00425308863058361 -0.49048849292531521 0.50745903090535138 0.023582053174741581 0.00098794517232598557 -0.015335986479379188 -0.49686461407480148 -0.13428641095768545 0.083469259027390955
0.50679151399470823 0.0017119292164258968 -0.0085953568974730197 -0.51443604012811472 -0.49741544198308785 -0.0033010392630349688 0.015102127535099938 -0.018493123356511043 -0.47866028873322841 -0.031186924490055095 0.018700967303348012
-0.49960603079696986 0.0027543783774323918 -0.011088231298337824 0.4940927714489024 0.49583851537314094 -0.023266755086278838 0.0025023983452804074 -0.011461813086523802 -0.50777588141211683 -0.031541244035859756 0.027741764977960309
-0.48891842930870832 0.0054639005796411717 0.024151938787902467 0.49426273115928415 -0.49945564123949915 -0.017625543007851123 0.01177512161726289 -0.0022598528964909376 -0.49874594655304044 -0.095683875973007829 0.090756105203505688
-0.5165770897521742 -0.010194312688126157 0.0042988321548047999 -0.4968241092819029 0.50469824563130861 -0.0052834697500967085 -0.016432227108038735 0.01585424313072353 -0.47928627160380621 -0.033131866308914446 0.010433158124503404
-0.51059373449571865 0.0061030318370432291 -0.013108472674523466 -0.48976530753113667 -0.50844641245305633 -0.010753297552167067 -0.001794395971507364 0.00071877592676008182 -0.48861727858098636 -0.033831973996961445 0.026197922558851349
0.50444260714602518 0.01601112264917982 0.49202744619795175 -0.0035763579551426959 0.0014470907947964214 -0.021949069672364471 -0.0028891956899770388 0.50458318175832484 -0.49794174276696584 -0.011013356107018975 -0.0037199731247208674
0.51233905621296705 0.0092175211443293204 0.4840745656936305 -0.0018274597907813126 -0.0042611757457282767 -0.0063238760557375422 -0.018803879556244994 -0.49333794467667164 -0.50545838809698607 -0.049901399208503741 0.036329185376961566
0.49522255255333425 0.026527979313379059 -0.50581373567983767 -0.0041875152443140709 0.0032063208427155301 -0.0034723950304024302 -0.016741670160189612 0.49908769205562226 -0.49861041123755001 -0.0076472918962445348 0.011128795991305387
0.51053711217733921 0.0066037566083449531 -0.50360592166643614 0.0084903251034203833 -0.0040210985203388318 -0.010199747661733266 -0.002645889804127383 -0.50093840223738839 -0.48221035590867461 -0.037540741651233896 0.024791434941264685
-0.50376602375270196 -0.0010977488077257734 0.49210772281005083 -0.0022991397008733745 -0.0068935668055571846 -0.011644887236828367 -0.0044088242111752513 0.51142891185762807 -0.49145464959102875 -0.017151403046755088 0.021432542063702327
-0.48982621673112631 0.0049405676201106519 0.49142991353290189 -0.0024507010619942661 -0.008607396075092465 -0.0036721486139954665 -0.0024573160695719361 -0.51403992936940923 -0.50255184043222356 -0.033238144131298199 0.023296275790227583
-0.48687327075496456 0.03458155968950441 -0.50424022377771716 -0.018911126065431823 0.0043155930622307626 -0.0090852345927703755 -0.022879542817476461 0.49346990730810569 -0.49820658642900539 -0.098741587147390647 0.071033847329425442
-0.49812418607999753 0.0035822319653671399 -0.49821372780291606 0.0046857546327739282 -0.0091898484091049813 -0.0061831099235714667 0.00021151890657697704 -0.5078709334035022 -0.49382904116366022 -0.035480045136536319 0.020952770473551145
0.5033631588672951 0.0040725473680601103 -0.0088379024448614878 -0.0070060739454847866 -0.0050634480088398194 0.5059361083419639 0.48368314053058592 -0.023349489357936504 -0.50370646057160573 -0.028966967200448671 0.037827293508729702
0.50076243421362587 0.0034467952976920705 0.012133666488857374 -0.0013680134002355925 0.015664984233113619 0.50315432881527045 -0.50168459973017776 0.037873737783485309 -0.48781499951548174 -0.058787622213238563 0.033541325630156056
0.50142775574714138 -0.013457231973220581 -0.016325855956428159 0.0098701824126023064 -0.0095029720935655548 -0.51520677544286309 0.48482828717400872 -0.0043506887927895876 -0.49163870842434076 -0.051994932887435716 0.054839196341798777
0.50262961519881688 -0.00893060760954985 0.0040856877318598984 0.037735772856760705 -0.0055562801835919275 -0.49901662998248497 -0.51415093360049158 0.012066858738804583 -0.47647542657574066 -0.062017966120395111 0.037718850361530804
-0.49876454308427692 0.0034162612961189144 -0.014321929265939115 -0.013035989063130696 -0.0048936255028984707 0.49670837411403862 0.49892570422905658 -0.01851000152610207 -0.5043236129325861 -0.020429847974788355 -0.0086536015482534222
-0.50846704342263505 -0.0046804820576115437 -0.0065947732280304703 0.0041938777224779242 -0.021443105100540892 0.49857103455924257 -0.50881654492093931 0.016220631151729489 -0.47925639140761017 -0.050379605112001374 0.031035743298934174
-0.49780276825201603 0.0012928903138530983 -0.001606139795010868 -0.0052346835442145688 -0.0054185111871552921 -0.50467667079994949 0.49640913021325189 -0.023141825489663814 -0.49933494446001231 -0.017765192503908778 0.028710468048345816
-0.49832451820618268 -0.0045744687958109492 -0.0079341361284746472 0.016529610357916408 -0.014262107566715993 -0.50864515336823446 -0.49978266816350958 0.00094831439466403725 -0.49107335984312062 -0.021014842477912424 0.031843169582699046
-0.0034311564872384517 0.50471197612035601 -0.0108087669991314 0.4972139446963596 -0.011295775480752933 0.00090534009250203091 0.5038934248332434 -0.0084258186221777259 -0.49260623830641836 -0.020766856613176073 0.026746056443395536
-0.011378739884916722 0.49376554598874156 -0.0032421902813793285 0.50899895237320059 -0.018232254991603962 -0.0089156829695396424 -0.50654144461588801 0.019871726673941666 -0.48783482110932241 -0.029420405838386891 0.027134229901141942
-0.00029714429219208102 0.51649987604621084 -0.01979474908157226 -0.49564028335775545 0.0038318029318885646 -0.0042152533102976916 0.4844276823209353 -0.0061507000184920363 -0.50047353380668658 -0.026939532391696323 0.035166875624583718
-0.022881559140048347 0.49998228012710866 -0.0048901194888343602 -0.49814424185065359 0.02011469724579314 0.014966558601069713 -0.50296749531927265 0.0053911915703851055 -0.49591012387728106 -0.030555468508687157 0.028776761752053844
0.0032738996731065742 -0.50118404693962604 -0.011395894957322617 0.50103972716962009 -0.011902719385511924 0.01122203131429478 0.49600769922063231 -0.0044532013554588997 -0.49983068369675099 -0.032316609902739518 0.021142492891081926
0.0087629276110378924 -0.50816900901282225 -0.018458909074169597 0.5028127086429538 -0.010169843540730021 0.015026991331564495 -0.50380457414704582 0.025959990231902551 -0.48224711433825634 -0.033787217916128161 -0.00023767415066857072
-0.0017562659331521091 -0.50469744741835154 -0.014629807812537718 -0.50136460110682346 0.0040520920267018033 0.0038606899683198441 0.50233357416767221 -0.016125568180757926 -0.4895812794473357 -0.036985402861582584 0.0029631583771506124
0.022218910384733066 -0.50910686077688061 -0.014835041342132187 -0.48545514012538055 -0.0016642857216816868 0.0071398905381643086 -0.51229192424008796 -0.0078360020376900333 -0.49071966505967685 -0.032070184139782569 0.0061073697285822914
-0.0015119441831774236 0.4953928614779543 0.49412141501475243 -0.01635797010532165 -0.02176688713673661 0.50082937680005235 0.0049147410944406769 -0.02128787948004034 -0.50626384518301926 -0.039155216302151387 0.023295244618263249
-0.022189486082353178 0.50011834662434496 0.49399004087738324 0.026070620800596394 -0.015391171883331882 -0.48715633244941364 0.0022609719666290854 0.0056428027468322416 -0.50003912070056988 -0.097162669703590859 0.087227220938521144
-0.0025581401285633926 0.50009944827266128 -0.5072614125795295 0.011489801663287254 -0.022048717312777393 0.50074669328817767 0.0097549627220195508 -0.011119317200451714 -0.49043833142719351 -0.017965671430008299 0.011963442318375815
0.009495017561076291 0.50774563707822984 -0.50035840320973135 0.010816525262321637 -0.016065646857318955 -0.50716062173139675 -0.0020202285186473501 -0.0050087699549517407 -0.48277966933785066 -0.025505379182743367 0.02006937844888684
0.021644408939609078 -0.51444501778054319 0.49925721508376725 -0.0067894751622215822 -0.0018788810766893365 0.4839853636350539 -0.0068772286189897692 -0.01940908181168724 -0.50046272163262306 -0.016755189783263964 0.012686062838489364
0.016909851838556738 -0.50860748066094152 0.48463072516427125 -0.019998540609455762 -0.0025431958845442762 -0.51149708802382077 -0.0080857832253530132 -0.0060633988890578172 -0.49287353000233125 -0.028394896495980971 0.017237627568365527
0.0044410325793393058 -0.48986681806683546 -0.51785855084553289 -0.0030835153132938451 -0.0098890781656990768 0.48695339274855282 -0.002835857302804157 -0.021039731009187768 -0.50234619752931087 -0.037143416725716173 0.020502256317006962
0.01400503632148759 -0.51011813089703206 -0.50993071820727642 -0.012705114806940929 -0.0061951292881633748 -0.50126921004603353 -0.011819615470834814 -0.0089938332368591188 -0.47547646688761946 -0.034762953693388748 0.024009742760829816
0.0021325290390168516 0.51507336169538331 0.0062446303781551193 -0.0027770118212154982 0.49062874549029512 -0.00087608584854079131 0.0031141571804267527 0.50776656351697991 -0.48493016161287084 -0.025996499535222251 0.016161161157152191
0.018719603655019651 0.50752305766629802 -0.0093563398785872515 0.010302666494073085 0.48576142254349419 0.0099327005831610533 -0.0090755946270942613 -0.50008418639212759 -0.50436560379246265 -0.029964076542851173 0.019087956977422736
-0.0020314725847456992 0.51260606768140116 0.0016547015386262685 -0.013207505959149169 -0.510132609837884 0.01151382007854162 -0.010811612970863943 0.4840103734823562 -0.49121985972336624 -0.023881512384580347 0.020872439668460436
0.007808643179794625 0.5025420066578713 -0.0085505341940825038 0.0049151077840649754 -0.50292835102164457 -0.0081247274001893209 -0.00090790944508255841 -0.50362118898790675 -0.48865679944399337 -0.038340970989208398 0.019993130404307734
-0.012204394469874643 -0.4967488440811122 -0.017574106735567058 0.0095135065406460328 0.501951348766141 -0.004067591708846287 -0.0025193822957477775 0.49263117917268451 -0.50779968051142765 -0.011804412665362432 0.0053754189500761548
-0.00094499513500222176 -0.49863993318677313 -0.0073416762353032084 0.022642799159376618 0.48504723544301237 -0.00083270467109377005 0.0061802812599521407 -0.51516523797311631 -0.49834677849849701 -0.033521520103626017 0.024750579826611462
0.0043487482270655291 -0.48534891606198499 0.0047842510961384095 -0.0036764733036427212 -0.50320467719137196 -0.016113444762346156 -0.0110971340948558 0.50748148552002081 -0.50255410264596145 -0.023023672433162147 0.012458017222058072
0.0056944359305808401 -0.50389870711287021 0.0097103707304528331 0.0092865111113442141 -0.50281077493440463 -0.012302536533510492 0.0033154428942583623 -0.50717813819425195 -0.48274663373849236 -0.044732098231849121 0.024843086843804339
-0.0092118294556735314 0.0091150099343177866 -0.0079993920414597759 0.48252421187090383 -0.0077905902874617289 0.4814416697499736 0.0089032514614772601 0.49982715159934926 -0.53347300291193711 -0.013717174136876379 -0.020090389342936752
-0.0098255829930741622 0.0062238389341443181 -0.0051939854548158654 0.50595563141980671 -0.012506619545424752 0.48854710161026998 0.00303996407062905 -0.50143479512360445 -0.49843726398159705 -0.049207501519895343 0.05200747830558447
-0.0051112749220654907 0.0029324270489766375 -0.0083355857134518405 0.50748458555137088 -0.010384942324842121 -0.51363447730389822 -0.00054101270687517309 0.49412908747785356 -0.48277062043932156 -0.024853306732890702 0.024040783579770318
-0.00070859430289032805 0.0063603511927849679 0.0010340683022812733 0.49695852464393475 -0.0093241966245722202 -0.5027730028349745 -0.0092106097650265593 -0.50612465454729616 -0.49187461092331614 -0.036966554669462547 0.023841266387081225
-0.014826814119240623 -0.0022014649018233202 -0.015381539541627829 -0.50375396454632726 -0.030345729412468193 0.50201188941845198 -0.013326375719592212 0.49805752909243234 -0.49451444378722503 0.0069358056613811466 0.0015280967402519247
0.0016247495571709535 -0.01019037332234299 -0.0054275439083246377 -0.4912399352523068 -0.0043565890975202463 0.49525209622705457 -0.013404701134045334 -0.51633783335549843 -0.4946202525910352 -0.027608464602739163 0.032525371901336884
-0.0027632157762484807 0.034673423346091962 -0.0015038550407777147 -0.48593662931996484 -0.023429615085203827 -0.5231779952439396 0.0057541151392532771 0.50024970665302748 -0.48359554537174604 -0.026063481632592245 0.059686280341556673
-0.012128719893740423 -0.0075964577572185969 -0.014140594323592246 -0.51373233007997621 -0.019741440850945587 -0.4999415742582578 0.0033402455842591579 -0.50898001501050583 -0.47154217773584989 -0.060215966133584792 0.017123713540952268
0.010053022812629066 0.0052246012776494093 0.46940316724784148 -0.0060971060388142007 0.46356899831277459 -0.00047968255026099805 0.47581432197793166 -0.015634135696420755 -0.57138649606177661 0.069735955939401795 -0.081297965697653185
-0.0041248452522692604 0.0062270396867266297 0.50036929507974093 -0.0068129902132861653 0.50314410493086159 -0.020709642601861634 -0.49632793404094094 0.036022069328717592 -0.49448875758988747 -0.045774943756052379 0.041133894345604952
0.010781526260936461 -0.010216691444062349 0.50569784699174136 -0.016601639547430345 -0.51356897571218818 -0.014869811453706626 0.48060418347957462 -0.00036382380082898032 -0.49859975515674904 -0.013434594000971077 0.0060439398386601551
-0.013876690106825587 0.0010235692426460174 0.50718085942065838 0.0058585244177318894 -0.48716007643032871 -0.0015461114743622593 -0.50645639047074165 0.0079094064744866608 -0.49762061889253689 -0.02728602629263506 0.016759207651141143
-0.0012926475995136937 -0.0045495414888639491 -0.50233879230210565 0.0012121579738901675 0.48803816138825412 -0.0066561743032455883 0.49599651939926015 -0.011126825379714267 -0.50974175986903147 -0.043240881675059628 0.039541856642362899
0.010838941370511538 -0.0022810360751026491 -0.49629907854252764 0.0070082470631012122 0.49951239761411881 0.011376516131906114 -0.50558375111898668 -0.0049567245649917886 -0.49555619543358803 -0.042461863717437751 0.02923887188139928
0.0066801729735333805 -0.007722023179760863 -0.51166741425540596 0.0030777902267699604 -0.51168633196639535 -0.023288601838481821 0.48717905930232996 -0.0049331513639443115 -0.48348437870604422 -0.043669123386996758 0.051822390445683722
0.0016358503468807233 -0.02081135796146058 -0.51030345294593271 0.002249350442920098 -0.50431259195306666 -0.013554494232729317 -0.51215035734144732 0.0078442278907942427 -0.46769035968300804 -0.052568643037691723 0.027881316033135702
0.47819010445025334 0.50746531691940544 0.0088000388761191629 0.059192019745456445 0.0097347205759091299 0.058290026780720781 -0.021779300939365438 0.015899105382661542 -0.46819272553285957 0.40965038728508574 0.34495588223873308
0.4713812998309706 0.51675274318609199 -0.0066732017872560001 0.059210021377897125 0.0041802591856227285 0.064407426171629603 -0.03059932995509718 0.039474067207540514 -0.44215861362779485 -0.38040000691456782 -0.40043376152776228
0.51359150143160226 -0.51220762362848071 0.013510880084493209 -0.01242330436675727 0.017291012989990622 -0.00492883047910156 -0.0049271316611117708 -0.0056144325252928855 -0.4610027235651501 0.40762284615349414 0.30736179131796798
0.49619665919785677 -0.48067169780391505 -0.016678549083954903 0.002477558087487165 1.4070762355484444e-05 0.0051945206492697883 0.014563558408680828 0.026796695014939507 -0.52060315624675824 -0.27940911140597319 -0.41521686004640257
-0.50245319451421577 0.50040777053439423 -0.0026054837353423769 0.012306674250261272 -0.020069776674390635 -0.0085149243938067252 -0.0073102587098088463 -0.019950072477511811 -0.51733016751528016 0.38417916053160744 0.28429515117048121
-0.51047208564016289 0.48496934182121448 0.02377892382841533 0.016537901579571041 -0.0068914345982692181 0.008926376980043239 -0.013717612521555454 0.0063151214945413184 -0.49143782545315989 -0.36412769023127428 -0.3590664437951549
-0.47427880079309787 -0.49375292179529851 -0.02904412455836524 -0.016937145812525114 -0.0043001703790633448 -0.02115734983542425 0.0050520312624356186 -0.027406739077580105 -0.51519883545784428 0.37194348522000686 0.35372682923184556
-0.51305883651819739 -0.50538344383974332 0.0040922106046352913 0.0067788884664660301 -0.011373914708767485 -0.015253389028558479 -0.00077578681476916489 -0.0051275673349213775 -0.50700231974300947 -0.33243109391055153 -0.33666718791534683
0.04231541198309717 -0.049955952073093404 0.47407085634708412 0.48203699550936324 0.0015643936036235887 -0.01740997091208148 -0.021354051407803068 0.014507113004221616 -0.5132381169228486 0.17806347342942372 0.49246217661644481
0.023112808923746033 -0.023195700236448999 0.45990111152315549 0.48994675093238954 7.96154211321342e-05 -0.024919509543221956 -0.033022981196586948 -0.01446600545473894 -0.4722254263457924 -0.53580113831586373 -0.18807025926844223
0.0013298345912076965 -0.007185539692537022 -0.50910033113476094 0.50344816336766496 -0.0026756234275956388 -0.013086680224879004 -0.016412191380614359 -0.015448130896134692 -0.52060438167199719 0.39335125575011765 0.24670395547919224
-0.025675505396293475 -0.020050088067684442 -0.48804964852656896 0.50901971676195601 0.021176893928817629 -0.0049662540025847066 -0.010287422581620085 0.00028053798499246029 -0.45495817687272999 -0.36382033406355307 -0.4021368155865559
0.0099777199521786618 -0.0013156280822156125 0.48586752318551946 -0.4961207277564057 0.0018971746540838031 0.020699079872575403 -0.030298532851838662 0.0021371163251800679 -0.51343745645194772 0.38538010001253387 0.32280834084547999
-0.011313750919207242 -0.0075176950750536322 0.48672060044479454 -0.52071410051380695 -0.013002785041494033 -0.015948273662312228 -0.010365336929063003 0.033856210023421325 -0.50587545586206728 -0.35224043755547568 -0.33183574282810258
0.023007145338016972 0.043594238349453092 -0.49817819203728553 -0.47811871573548115 -0.02011671228375032 0.015591789288397948 -0.025741295954601853 -0.053669457314869544 -0.48496004780276847 0.42348919246349076 0.31948558843488256
0.0061430435409174531 0.040275932289674354 -0.48884881214148429 -0.47251317650238128 -0.024599996197029777 0.022215456759594753 0.018981508188495186 -0.064230875572593604 -0.47910969741089793 -0.35585728087196944 -0.41753221831269977
-0.04195983284088551 0.019333918932626593 -0.02360182428438758 -0.027527290914723754 0.4554307533597387 0.4837110135082528 -0.0050424085268062375 0.016254009607702725 -0.52094152015857842 0.18074255322996746 0.50081903096000635
-0.028541861243874138 0.0247222886133781 -0.043893617015705225 0.014461507006912823 0.46131665567609997 0.50400959282471569 -0.0024103092542668079 -0.031378318165025489 -0.46236396974283783 -0.53238826121795113 -0.17717660595774815
0.01042516047868761 0.025407643367663286 -0.022503766119001317 -0.0043597486175014528 0.5121592660735742 -0.47052254156152695 -0.012681158787602152 0.012806381523261374 -0.50623599338982417 0.39328439379708818 0.32210162098903911
-0.0029098773985839761 0.00029225885671419822 -0.016853531492209414 -0.014240386879387812 0.48843144250572273 -0.51565912194664187 -0.013522396544770806 0.002497141589159682 -0.51404113701880483 -0.32857086143603637 -0.35021253621795795
0.0080129681264245779 -0.0277823605983974 0.0075565500128396378 0.013398250100538829 -0.51356511948868799 0.48985173740751176 -0.0049061382227943194 -0.01235636824034317 -0.51518098424921233 0.38059473190514226 0.29117505922839254
-0.012716427535701366 -0.02565802263117712 0.048119024519379917 0.0087831417174226677 -0.49378537132438344 0.49778573777810042 0.01695201702500845 -0.018190060505657787 -0.4611668862447908 -0.39166528556185243 -0.37212618627508143
0.044016297599709327 0.010682164354039899 0.015154445170411925 0.014955859563476618 -0.47330065201505961 -0.49358418583084157 -0.034957216541784811 0.0080773379960902211 -0.49086836155742813 0.42824200240212562 0.32284060291347833
-0.0060356379145003322 -0.0016586034627861833 0.0047561883707244804 0.020147440702269096 -0.48992064998262885 -0.48018794522495206 -0.079872764914090302 0.02959964432094531 -0.45552212036196849 -0.35016476385846884 -0.43767340779400449
0.02525532506875584 -0.015181954883324881 -0.026295638262713878 -0.037325412617706652 -0.01117263870908425 0.0091634748698619373 0.50164592645734152 0.47142479984384605 -0.51870166409011131 0.38870157402530198 0.32063674966665873
-0.0020936732934435636 0.036150797778019404 -0.039660375982650264 -0.0053641197075930932 -0.018387878866196763 -0.047861494079024569 0.50101614716436493 0.49581283853957236 -0.51045275674820489 -0.2934102292515211 -0.38853449057038841
-0.039027896942826316 0.012115709856778111 -0.031053479127322359 -0.0056420289019458855 -0.0026957192534703932 0.045680113525130898 -0.4766682931761832 0.51435056225898745 -0.43567093069818491 0.44601277380061677 0.33872440898244632
-0.032038626267798034 -0.027987298206191634 -0.038087441802473636 -0.036844077043049782 0.054845576197911271 0.059881096539696609 -0.46594415748230139 0.50990046509109699 -0.41599477003309093 -0.37193137941776722 -0.44755030275490326
0.0030297577748216414 0.038449304796593801 0.026704969237778049 -0.021853374281256565 0.0072392320347596977 -0.037318261317465365 0.46895420685197714 -0.49817916210589064 -0.48289989276520862 0.26929787479578066 0.47123508951258813
0.01217726666757107 0.0039193897705617582 0.0068757346890209493 0.0095587549347806878 -0.0071820180480919064 -0.0073305070776637209 0.50833747545869812 -0.50498439578286791 -0.48732909709006389 -0.46065497197750022 -0.19100656612152977
0.029684157835121648 -0.016715803157963602 0.023527557796091229 0.03993510689590573 0.023702248177915969 0.0087284359127347919 -0.53832056395516414 -0.46208619438985155 -0.49258950523360145 0.39563627386733308 0.30588875315870057
0.0062740519609950631 0.0077229319984357418 0.037096908571432531 0.033591054175421083 0.029131681815504948 0.046832754157478999 -0.49075661137628029 -0.44708042265513687 -0.53195653445338231 -0.19452873441968394 -0.48250632359191803
-0.26836624620911748 -0.04983707558913246 -0.26327061845209421 0.084189616154761088 -0.2599682347004999 0.15002191753127755 0.0010046518134770449 0.055232352734422785 -0.6014612127309964 0.37662465902794984 -0.50234759745544144
-0.02173984648288738 -0.013272437147636713 0.032848750391262782 0.023549314456731675 0.029767435498750515 0.031894882991789421 0.035671679123410627 -0.03536270512876985 -0.26325304544970302 0.96121538583398058 0.0073521145367530993
-0.00014366244145914639 0.011586126195715153 -0.001119569203374079 0.0058016311508302847 -0.0033004338312784369 -0.011419812131749411 0.01372907371821909 -0.022789845840698531 -0.022978029951855397 0.038490799734043249 0.99848491608327838
0.29277615592938783 0.22567335501045466 0.13808487192827418 -0.26570256051223684 0.096902927335296096 -0.25743127144383376 -0.012606836335999905 -0.013847016206439654 -0.59291720022643768 0.39027909154110424 -0.44023640489770904
0.01082412321396564 -0.0051990512860572557 -0.029665940729009875 -0.021998757017000978 -0.033464162520366915 -0.034553631478017953 -0.017757223228558629 -0.016547815617905338 -0.98745875230032099 -0.10666090123812734 0.095590306649191034
-0.033070794592888732 0.0060297782949751541 0.3028437827640838 0.28462665122533665 0.29393306151029491 0.28994502967439367 0.0093765638126314735 0.022700681475619589 0.45412973800390066 0.4929531368216255 -0.45369445352598037
