0.99912077244849573 -0.012929096395383033 -0.018479816884460338 0.012480610359695317 0.011109675214180431 -0.0072084041036551954 0.0061360993139423373 -0.0019000430722124512 0.0061240037269407552 -0.002789698514761563 0.028343358397288968 0.0052888188705497875
-0.99775972207326336 0.023693511841565165 0.022084402174144431 -0.019333506996147779 -0.00086034054559808507 0.02104530094554731 0.015227917274829377 0.0084752581335607122 0.022108003880544246 -0.0077983442890722336 -0.040376506320178446 -0.01120020438114493
0.022101715368894142 0.99822222708399166 0.017012970017109313 -0.043140235211335316 0.0078234358028505223 0.005790511978378694 0.014296362239017577 0.011928749980739332 -0.011666804912716027 -0.0020103205301012571 0.0033186993140664933 -0.017910660892001426
0.00011504195059413365 -0.99854267945929309 -0.0031620601484316198 0.041759286403777435 -0.0044925992218482185 0.0084459588738915164 -0.0010584989683861121 -0.0090374085977289464 0.027142088679347316 -0.009762821554742852 -0.0034763117395527126 0.011843318330452835
0.022742794620992528 -0.012566548171014023 0.99922673962162822 -0.00021113648838737905 0.0072072503747031913 -0.005732485272633754 0.0066392835814351216 0.0054671848244935732 -0.0092512689730225185 -0.0061274903210022233 0.023650039038012268 0.005430736866902785
-0.021287942226087632 0.033920144773604673 -0.9980524433265251 0.0071399299404578676 -0.026510923492785922 -0.0040031284442603897 0.00094295136507314373 -0.00010994614520178207 0.02453721155238996 0.0093051887842818086 -0.027250249651209126 -0.0092518280556183174
-0.0081099934332320503 0.056208196522098998 -0.022092365386134665 0.99635860227489625 0.039020985091473344 -0.027195011585504539 0.021608759490316574 -0.021625692650469684 0.01187489546745886 -0.0044821778786601181 0.011858981022367904 -0.007601067092941693
0.028226992914592193 -0.034074523098015529 0.01999254721843825 -0.99838449813688968 -0.0055715870660902091 -0.00099599960263064787 -0.016286201832572521 0.019741966869829812 0.0064687438190505842 0.0048511091087560486 -0.010414638796754888 -0.003161147133444966
-0.0024309712063022332 0.007588181155241216 0.0096745348081650993 -0.0062133585349464946 0.99968712292457129 -0.0047741601710271737 0.010185284871435185 -0.0059939004295457444 0.0070455365078397857 -0.0019412532164725157 -0.013864187508777376 -0.0046776572001272793
-0.03246719231944406 -0.022258964913298544 -0.021922608836783465 -0.018357131530378264 -0.99866034544343241 -0.0093382873491503343 0.0008949057646396078 0.004701037881122137 0.0098061937799322745 0.0013220308067581619 0.01004351606120567 -0.0012098122056126812
0.016838325508756 -0.015576218051729694 -0.017621137636988797 0.0014460416505412597 0.0061945986397134289 0.99915774376541122 0.0020245557427169391 0.0013495212699659678 0.003940662863734676 -0.0012066433255545558 0.025749219244906685 -0.010989066440733865
-0.012069907737043872 0.0038701120909467759 -0.00072166899059578765 0.004811504690082226 0.00071298921153363298 -0.99894626159025346 0.014182525894329591 0.0010447336640781681 0.015086915512806732 -0.0082060716801091223 -0.037734449958074519 -0.00066889642609962898
0.00418939374402211 -0.011112910740835981 -0.00013087826904368256 -0.03018798919204025 0.0016188792577664891 0.004215842608308591 0.99931087947476227 0.0095366939669114612 0.0002578140955198824 -0.0088524128322870696 0.010911745758182594 -0.0040676812068803653
0.011946550388833225 0.005262291673673908 0.0030178862601509733 0.0076409463474148148 0.0066558181546326357 0.013226459859725856 -0.99904342709248295 -0.0078283943025869475 0.033159331059025174 0.011569931817245761 0.0061628602075062293 -0.01106431142598875
0.0015015496998055772 -0.015934608306131096 -0.00035985662674514589 0.019332448122539512 0.013640729807223041 -0.00061693945686329833 -0.00038043064754679783 0.99899689008413739 0.013943444559156673 0.001231941053172401 0.031506210462299344 2.6221674930336299e-05
-0.0017576292255747905 0.021123508695906464 0.0037524475631816479 -0.01853437958293893 -0.0073301897822580829 0.011369785905802831 0.0111738612943289 -0.99888704941834128 0.013653348668795957 -0.0070866243004056723 -0.026236666622808109 -0.013598190895307968
0.011960841640266406 0.023889516866558318 0.02235256115042546 -0.0075957981803783927 0.011248994058049768 0.0066711495479336996 0.01740248167440504 -0.0013162831461364934 0.9990307917557415 -6.5627093001478128e-05 -0.0090713253122314333 -0.010414264825771676
-0.0060928526520038946 -0.015927601828939836 -0.015412227424570869 -0.0034359652299475467 -0.0064482321300237252 0.005054093969575576 0.005188812093046293 0.0075908316774413584 -0.99938357103104036 -0.019511957596604169 0.011817092571213031 -0.0045050818528403124
0.010854550403936247 -0.00015656098322573491 0.012282528870416309 0.0058586622279950297 0.0051687282219181879 0.0059529481764236886 0.0077860623886944237 0.0045635449357894686 0.0081108541569062456 0.99971690785909573 -0.0012978762288808512 -0.0072112020562443415
0.0078821073868730537 0.0041094408229559532 -0.006216684099783318 -0.00051054083203219594 0.0091040355145231896 -0.00069795617844046174 0.011099208245298309 0.0078782838302275098 0.011424875287804876 -0.9996442878094951 -0.0014373870051192243 -0.013861842372885926
-0.021948447992108822 -0.0070972633126345792 -0.022592656996152101 -0.017133244474475017 0.016202384775081159 -0.011705883332172495 -0.0048374402736550406 -0.028054223988037499 0.036274158771909766 -0.010168465115692022 0.99795506876035633 0.010972758858931578
0.039824547098117717 0.0062000595849389314 0.024949701802616246 0.013514742328995482 -0.0063617726582587625 0.036485604267064133 0.02102843519872977 0.029198222113062066 -0.0078581615452774315 -0.00044195900733537977 -0.99741755369369689 0.00055104518961430842
0.0082525498964479069 0.025040570657240527 -0.0056016057569987275 0.0097811389879139642 0.018650443049275687 0.01402932809777168 -0.0033870061664222394 -0.0077455452425285228 0.0030851380734235254 -0.0026211313357089763 0.009494103119858403 0.99922728336413147
0.011215611920606028 -0.011564933107655486 0.012481140414824874 -0.0048200424281665917 0.00091831642993087245 -0.0013756449355464973 0.0098523731147914205 0.014093127296611302 0.0061907896086976265 -0.00074217698845254604 -0.011860090940980497 -0.99954164047305327
0.50768424996234296 -0.013660478282774925 -0.02604678316212088 -0.0040570642809426563 0.012716920235729325 0.50419514080065853 0.49704725990453624 0.003677652779448419 0.00021328947928853049 -0.004943786890551945 0.033083468521268193 0.48868418513710293
0.50714515142733141 -0.017893442446015956 -0.0053315250379915337 -0.0025805686291057524 0.0056907207795662699 0.49155430007786005 0.4997392203605564 0.0066667164101594208 -0.0052197889075994803 -0.001923798428066358 0.032167115142041854 -0.49994111394444335
0.51142579479871575 -0.013537747742398944 -0.030840277262989876 0.005006155960554177 0.023821828354246354 0.50590943393445698 -0.49154546244779818 -0.0085193849718860799 0.012181244233576829 -0.012091800999555469 0.019555975486966942 0.48826817891229285
0.5084457378130256 -0.0046576225633373812 -0.0075257419153390336 0.0096187846619104067 0.015861401040970408 0.49746252981411659 -0.49283319072643667 0.00018525142442868644 0.0060207281726767257 -0.007407146344419956 0.018910434244596867 -0.50025815347910796
0.48970790607855896 0.0090714087487194801 -0.0064272916591454309 -0.011412788981459641 0.0037513242795430483 -0.4887872668693129 0.51316254258968574 -0.0032796046047008265 0.006733529827191281 -0.0081907652766863414 -0.0072556361738019617 0.50743829724423084
0.50176896718185415 -0.012991007051572872 -0.0077629102469968505 -0.005692967088189946 0.0021662004396089014 -0.49895831852035821 0.50474565872946431 0.0050805602984971389 -0.00034150226354135241 -0.0051505507141873961 0.0038504565530292694 -0.4941324778872096
0.50577386854929829 -0.0029077353461735315 -0.008534496926974602 0.016550804873851497 0.025673365267581929 -0.49861414949221761 -0.49174132879031573 -0.022806680615838969 0.018257565807132604 -0.021422132884924013 -0.0012108722276170294 0.50143692386060223
0.49534779653563793 0.0039616480575170908 0.0024881138755092065 0.013570900192573334 0.0019382277414847766 -0.4957956212423818 -0.49819185063384519 -0.0014012705949701819 0.015107911454790863 -0.0039750695644037385 0.0097048634987595556 -0.50997267854269612
-0.48573469602706271 0.0061327340867094945 0.0044621160326207875 -0.023197349504191198 0.0035504133145668436 0.51077978701232418 0.51247480179894966 -0.00031258496054573667 0.015931159557060405 -0.020237642326878934 -0.010976637710169584 0.48902269897635353
-0.48159998761807948 -0.0066171824662328823 0.015867474094087536 -0.028041192950991018 0.0053984285066070743 0.50616810217088759 0.50284923407161575 0.0069674880179898908 0.0030553030527185033 -0.0025800196698757562 -0.0019694422830391104 -0.50775832905406437
-0.49619397772423479 0.0066390008024988416 -0.0070550540427137647 -0.0024582710316703991 0.013695431251555505 0.5263412489936854 -0.49068383887721462 -0.0010920409003354749 0.025332012122904667 -0.020614797933768358 -0.020521295224862738 0.48395179661488719
-0.47917449531582412 0.00095780142324135102 0.011298714498582777 -0.011174514072381805 0.0050348798992305684 0.50654789809061895 -0.49103697072075952 0.0066236602707559593 0.010543119515973278 0.0018161385023151683 -0.014102790431347203 -0.52158192831943495
-0.49760649283320824 -0.00048916041928840205 0.017274650942787868 -0.03972051612427302 0.0087139254676642328 -0.4819008254273966 0.50779329622426472 0.0088040922678630333 0.016068367898298502 -0.02068721952284816 -0.044055361311577841 0.50759087453531126
-0.48597576349112487 0.0021994663094969959 0.020755469956427724 -0.024183430644657531 -0.0045968401351702045 -0.49271761723237067 0.51096710416431845 0.011919322504393813 0.016354469369619821 0.0063145761323449689 -0.013751433169525899 -0.50822181602583627
-0.51741955307181742 0.061479088775174884 0.054672730590910115 -0.050279909086164198 0.049809256568561701 -0.50656608826851834 -0.48220187361045636 0.003931459923102956 0.023516462110918276 -0.0083504280346455521 -0.044056860261348196 0.47832219614559907
-0.49597203410937712 0.0054053760884246729 0.030383416935551973 0.00051401900749768715 -0.0091974549634541991 -0.48914879769341746 -0.49059730433522564 0.00025635684518970084 0.016296443340098263 -0.016706127568865352 -0.046436324923767661 -0.51992421160365032
0.49296766973800543 -0.026809120512885771 -0.037998868159310667 0.01989485608915733 0.021575235285584932 0.48694347139125888 -0.0086743247109089434 0.48087823317295808 0.011809042514713331 -0.003751650072752044 0.53419306994589444 -0.0031796024395287035
0.52434395988194504 -0.012803309612751567 0.0035319466108394266 0.026004449876337748 0.0067778051213601065 0.50741256844451099 0.0065714322854395013 0.51192121305812233 -0.007113773258921023 -0.0054090205283531369 -0.45218243485185305 -0.0064805800313321778
0.49312849429086758 -0.017534073901965909 -0.042066436075355651 -0.0018546674854112589 0.023246926540352666 0.48932869974372001 0.00041090341346669844 -0.50732015214773374 0.015597100541464992 -0.008371702895878165 0.50685213453362066 -0.013208962715779982
0.52001425103999444 0.0080617602362467958 -0.00018391093873478079 0.0031582149885327104 -0.0010751873113295824 0.51541739894143934 0.015456413738211064 -0.48350536267387412 0.0019842899082365591 -0.0040329793443585893 -0.47935709168969493 -0.0058452793492254056
0.49357641421226534 -0.0024978976428562541 -0.017196300987399448 -0.0035026944390410294 0.024087769652960663 -0.51611531647970343 -0.0021530439223180534 0.48015247446760928 0.0083713795519586784 0.0035827308037832393 0.50838806218652 -0.004526542617400005
0.51334743028705476 -0.01120006828283986 0.0014159463323736318 0.028677774020374684 0.0037147561752051569 -0.48060263042265938 0.014402583946682566 0.51030027599602368 0.0049162557280746895 0.0006416656898926772 -0.49381673029546108 0.0062061540293548694
0.48010976843235842 -0.0010429688237165386 -0.037776712395765993 -0.001956684453414655 0.0054411918410280256 -0.50644545500317384 -0.0031310596953345537 -0.52247567966323538 0.029791682234645449 -0.016054800705128738 0.4871587130693546 -0.0092981904980402302
0.51916851689974663 -8.8374611465463364e-05 0.0065261888509893663 0.0011550389685018557 0.00070465260407728001 -0.48913434181129167 0.018316134437865027 -0.47962278252600771 0.0018796821060584406 -0.011585992566203077 -0.51054434948329819 -0.00064930965348105902
-0.50857328341017449 -0.0025752812513251096 -0.0069671049986533666 -0.01564681356564751 0.014981747675649295 0.49911032421278345 0.0062906501358280026 0.49404016105478116 0.025307562029534183 -0.00638229097648217 0.49671158943882521 -0.014099257811932591
-0.46814202306425462 -0.0034764094812642274 0.019302227271332958 0.0054109314379202555 0.0012182954441747002 0.52336403617504446 0.013407303163444632 0.51204814411952992 0.0061707709607705732 -0.0094010357183255955 -0.49398160026674703 -0.00060917423421315037
-0.51627654988833316 0.025099242491424874 0.0037422676159564066 -0.015514306730360574 0.010438375969274898 0.49853389530104186 0.0066615000295469325 -0.5057832832244612 0.030575531127926662 -0.0018698469326487185 0.47612578137913031 -0.020823665082398336
-0.46808059217315323 0.011485469555556073 0.023119699297057743 -0.016317367167030358 -0.0041209819873563851 0.52907007636973258 0.013674949903090304 -0.4759934604538017 0.0095205286136742853 -0.014413104427672603 -0.52219937625986279 -0.016982131506397029
-0.52286082835407266 0.011489448870423658 0.017228356973214103 0.0012771398329656303 0.011205701684838264 -0.51285291012171252 -0.0041776956842040844 0.49298425015663933 0.033218623224876259 0.0021022854238233429 0.4677013345570375 -0.011792594019611293
-0.47613168241503501 -0.00078353239143443129 0.026038724903038591 0.01048576684718428 0.0029582542848303303 -0.46625697160889773 0.018837010425469754 0.52001768295360906 0.021375644056293004 -0.016599057408491668 -0.53209965034675299 0.021679885224275532
-0.50525485699990214 0.023461909580436147 0.00091550240425255494 -0.040116071833038502 0.0083976863150371905 -0.49598598501451896 0.017700566813919603 -0.52389046179093357 0.051644417423303141 -0.043352099447501236 0.46379669723529415 -0.045341588874857508
-0.48670043958472564 0.026474177278772992 0.038934892843587074 -0.009513582481331927 -0.015539776339702665 -0.47936707268697887 0.028865171261528339 -0.48114083591520312 0.023675151340182766 -0.020356840643465057 -0.54540479895277738 0.0031749516663271923
0.51068830032928858 -0.00615362113325522 -0.0035454916724627747 0.0051797020913618742 0.0057121329859520934 0.49877181976581519 0.0076449283058409373 0.0040860462602385289 0.49543591159491107 0.49427665724114472 0.018482022171186049 -0.011460983172681115
0.50750290386004837 0.0066153047958676979 -0.0022455147322668063 0.005094418923731801 0.011368321536563747 0.49442118981677569 0.012317284831333071 0.0052175781688014837 0.50048168823362271 -0.49667208207488084 0.017883936331568009 -0.010983716358708477
0.5122853775672298 -0.050470942398781221 -0.048534117091331472 0.02556709383460392 0.032947825404916323 0.50252439662754533 -0.0049478258548323259 -0.00068295037641568376 -0.49640402311567272 0.48050039610558648 0.032258836443389359 -0.0052579403540646647
0.5026107603964266 -0.022062946850793182 -0.038994138784564154 0.0077256146985201354 0.0081145616713723095 0.49547840583864633 0.001333800571731837 -0.007830192656932862 -0.4907637209203583 -0.50738927281671931 0.034939510439957668 -0.013189423511734997
0.50636973811234487 0.0097187383117489073 0.0092992649165938007 0.0016935157966892159 0.0068497819916316796 -0.49661430429845699 0.0077200180268994448 -0.0038246923865649239 0.50682047011189013 0.48960590720870634 -0.0071819976393661241 0.0051441267840246852
0.50012936204009517 0.0076596136090937841 -0.0015717517010569041 0.0097941477328020096 0.0078915630051860971 -0.49651121720738101 0.015350394310044344 0.0024164467736433682 0.50365799844359194 -0.49916927901343783 -0.0050412532299881707 -0.0044332460423775946
0.49343594858580458 -0.013210894638069008 -0.033443561245886322 0.033488013215617521 0.013952046077974961 -0.50332095735586702 0.0015482892379307886 -0.0073942026386556578 -0.49841629503678381 0.50154034315834761 -0.023329614705269331 -0.0041244462239424864
0.49663291499014506 -0.012679164672576607 -0.011338696880276838 0.0087180480601121886 -0.0072427339514398083 -0.49706525833706144 0.0072499264278488946 0.018056994085513936 -0.49285021499415177 -0.51215406344248382 0.0091615409562693078 -0.014086108765683491
-0.48535356808380387 0.020931679558814361 0.025751360727123952 -0.013648046766709717 0.004850783236005944 0.51181365680705715 0.008033927590644507 0.0073535151306935581 0.51220145646300896 0.48806701271045538 -0.015022582997611313 -0.016235470764439024
-0.48263409457101974 0.016526372566555529 0.021102982035459524 -0.0088735764359490661 0.01127037979830965 0.50573004041987324 0.017781919962979478 0.0084131946123790057 0.5084997864607711 -0.50078272894442954 -0.015407924011432208 -0.019936931328252246
-0.50510627770315242 -0.013516610324804446 -0.0010703931859632986 0.0031739286236359054 -0.0079986470892351429 0.51559543425832799 -0.0065643412687437196 0.0059124733152120749 -0.48594581572507956 0.49191696588926842 -0.017420501449049282 -0.016246254469020543
-0.49032289426497694 0.0023643623762239123 -0.01735122353249851 -0.01463564258579291 0.0059855688245129234 0.49979695715819955 0.0054153867230392711 0.0067395562154729458 -0.4878368684967419 -0.52036732193199586 -0.0076328125555806875 -0.018160640991246365
-0.501332946935927 0.027254908294718331 0.033192506361793862 -0.0036519486147760373 -0.0057321465731197049 -0.49164180621220055 0.02109193774589628 0.0074043253748470317 0.5107257428713452 0.49060470322882821 -0.054993702102853953 -0.002254674776351542
-0.48764556671007275 0.020502228501819004 0.015956165043330309 -0.0038453303966945341 0.0087379965603482882 -0.48939660482282354 0.014323509720571864 0.016144937536543381 0.51403064208057236 -0.50539613233403247 -0.041937515410874433 -0.0070253837012419634
-0.53063002408913806 -0.0016044623062411662 0.022357762666939573 -0.051497443798382517 0.022500915624150082 -0.49836907368667654 -0.0062142917532352834 0.011446330828651438 -0.47493073193756719 0.48450933368496152 -0.07279833498272309 -0.024931788967096982
-0.50675781666880693 0.015768930457916313 0.01801509524200955 0.0077876404378419833 -0.017729779429883293 -0.50378561117738985 -0.0082455317688285706 0.011031294146739605 -0.47385235793328995 -0.51252428302393738 -0.030068050668168787 -0.011722382235492176
0.0093464598179795969 0.50397038417130646 0.004477983795341034 -0.029132334864725083 0.5038923827411832 0.012228940197907202 0.50775782607499231 -0.00076348701534039809 -0.0063825596504095174 -0.0064466390980502343 -0.0067605426787820354 0.48275674611248626
0.018173789227205962 0.48698314724523251 0.014491107153904656 -0.035057332305028305 0.49589565482417869 -0.00039024364703782791 0.50725610137704213 0.01608774107742713 -0.014019539619539972 0.00017295533559528613 -0.0034971011597234648 -0.5073352848633077
0.0022597687584408753 0.5155007168713901 0.02092884106874324 -0.010939410257162966 0.5139587206761419 0.025190428233020059 -0.48041190440945597 0.01279298246821969 0.0077258502265249666 -0.0053519769941353787 -0.020105034586872239 0.48729486955785423
0.010489481014877754 0.5039486202852419 0.025848967448202771 -0.01278718124980689 0.49513222216335279 0.0049645987264672134 -0.48497670819705335 0.0059991262891134203 -0.0026358367485602809 -0.0078415486944856741 -0.011755555557716842 -0.51426499540179171
0.024099265086356111 0.50632465456985565 0.002835094078295942 -0.044023790638045714 -0.50136469323872968 0.01771011638598715 0.50488554271210573 0.012515800722070817 0.003951425389272822 -0.018045960749570666 0.007943398245260691 0.48369185366573075
0.020303897854850279 0.48674108432790736 0.010113123369971288 -0.028986665608348856 -0.49285057253051878 0.0045643980609784895 0.50879307277398522 0.020018790097564559 -0.003259326239637649 0.0016356699690094928 0.012649766720647118 -0.50927535563470183
-0.013371953835388747 0.51895947577271728 -0.026284350539823951 -0.025655187518964617 -0.50251983437946057 0.0036773042344841601 -0.49724489073221462 0.011525221044785424 0.019784436572687539 -0.010719419070092072 -0.0078479203288334305 0.47818433611588945
0.0087809692309177029 0.50366594991826552 0.012299242106572154 -0.010266534000949665 -0.49363869985000569 0.0038027265314158156 -0.47948040197835434 0.016063793859134767 -0.0032429839368199572 -8.4996688401589744e-05 -0.0088084443724331853 -0.52157989940261784
-0.002336852407874073 -0.49390099015089245 -0.004503197407191387 -0.0012558675820909956 0.5100344140707761 0.014589254084463118 0.50236175336660971 -0.0025040495406489492 0.017512739440489599 -0.0058334402319012877 -0.0042966683136483868 0.49290339545527112
-0.00024393049177942914 -0.50250955453672541 0.00074576032880471668 -0.0061377134859290517 0.49539434832161661 -0.0027343045219411851 0.5027982438031533 -0.017160491878703183 0.0043732538804939656 -0.0059290836871662518 0.0018916320409897119 -0.49886311703110531
0.00020515360954350575 -0.48836127552355368 0.017715572570620858 0.028072014336041097 0.51360589007798241 0.0097382989397486047 -0.49254844327089953 -0.026702354044449355 0.034875729138297111 -0.0029717387828449406 -0.015497885434118688 0.50173018779442391
0.0023712922918790588 -0.49962406418559152 0.013613284165659009 0.018187289910267215 0.50274426198532918 0.011126319149613583 -0.49988270053730932 0.0058273422816528487 0.030299229932992989 -0.014212358793125849 -0.027638802551975858 -0.49515439451189985
-0.013645599781664046 -0.49222386807020357 -0.023100755493803075 -0.00050402066038377727 -0.49835265623729075 0.0076852027920211695 0.50833238090915978 0.015643771259606937 0.027537522142450341 -0.021638077488212795 -0.0014005641062085695 0.49870443138569742
0.0061791371400698233 -0.50112576361230265 -0.0028406183515783728 0.0029631095707483143 -0.4934884933786064 -0.00097425254455535144 0.5042220068066926 0.015300256782065222 0.015846177285615728 -0.007469056876002406 -0.0031879416176312679 -0.50049486989321756
-0.0021165183434223083 -0.46109724829777954 0.0017596294240097719 0.033002999680927778 -0.46803237787120838 0.0032767916697926031 -0.52163278970637073 0.047967889633685007 0.069784056505985279 -0.05680660618671534 -0.060984820220716301 0.53010364128182297
-0.00055667785472492592 -0.49803366867122467 -0.0073862954137246433 0.022692705061080523 -0.49495885878022922 0.0017976724835894688 -0.50402597862710552 0.00098203129263817863 0.0062379918458976965 0.01402887681593386 -0.0030144925067080363 -0.50211271108865962
-0.024006131684929304 0.49940590120290113 -0.0048940105358352129 -0.015979650581026544 0.50599475438580155 -0.020155277100970769 -0.005696881251460722 0.49289769448485632 -0.0083722307291123083 -0.0048169763231144316 0.50003013230550708 -0.014042857481337673
0.02961258956761903 0.49405378914865039 0.027070454762828343 -0.001192313192140517 0.49237731345995023 0.017189459928356708 0.017780392549915175 0.51636428583758198 -0.012591061663331878 0.0017842074418272695 -0.49428631633436226 -0.011828850294755914
-0.010387525521767266 0.50687894171916292 -0.0077033025122289177 -0.035908219563073829 0.51028094270915736 -0.0019977599007016565 0.009075550485261985 -0.50421977460206402 0.016314625630369665 -0.005350576592537409 0.47505585155700875 -0.030555860688110663
0.029026701421121341 0.51300004608423944 0.03109553642790425 -0.011271376395126305 0.49495397913629052 0.021867546672686859 0.01157776433622669 -0.47402746581406419 -0.0092786644663864649 -0.0026001837376601333 -0.51404609498479525 -0.016262553251951892
0.0015425640951869238 0.50727939162687097 -0.0082940417274696733 -0.018546633601262942 -0.4909988959026072 -0.0011115869666435297 0.0010014047449468991 0.49902232604844821 0.0058408181806174058 0.00048564617414485685 0.5020222022481784 -0.0092947249448423717
0.026292504407541474 0.48730962382323673 0.018444900774302948 0.0084453756587847522 -0.4962200404819776 0.021966997779001834 0.0099348340726101107 0.52863386380654231 -0.00094236860730685928 -0.0022484387292695824 -0.48491034768771013 -0.0036285972872643858
-0.031436374750365828 0.51651855616119302 -0.024975945366853582 -0.019111259485737036 -0.50436155231863766 0.013821343078385832 -0.00077492357180691666 -0.49684239468016267 0.016666065966113867 -0.01681352355873177 0.47873782179202107 -0.0075081565233339536
0.037329983227686832 0.51005312005145731 0.028969573548781522 -0.028821660290750839 -0.50894167667366785 0.031854323292278545 0.014053794013384269 -0.46385252093209056 -0.011526447150889086 -0.0031247465806988396 -0.51100018697974037 -0.011204918428772378
-0.012336613931080801 -0.50770494694285695 -0.011431412453164057 0.020067337753514478 0.51007920732837886 -0.012871037766664732 0.008679691436477302 0.4792761088900595 0.039043743203291348 -0.0086252606048969425 0.49968264228785303 -0.011881944517379384
0.018660042314646876 -0.49829519080831358 0.0081115586492510293 0.02633815161279756 0.50146376611960197 0.017843704702131976 0.010584708852766441 0.50293177773548758 0.0040648735216131122 -0.0090915092098193661 -0.49561289023157779 0.0051165103184274158
-0.020287449815466849 -0.49572454051640902 -0.0095739499057049277 -0.018137198883383464 0.50948487065518577 -0.0073540421951200884 0.0056063614713305274 -0.51097978170739911 0.032391563456761967 -0.006059194266345715 0.48117902961447145 0.0067164785985927844
0.01867577928360651 -0.48695055004934185 0.013824387836151312 0.010468746266510339 0.50233074060901828 0.018494649205888104 0.0047501595471441983 -0.48899946448808945 0.015004926530741241 -0.0041235531022580452 -0.51968326424437428 -0.0097753151290892962
-0.024040151837224411 -0.5120860409379201 -0.015365279617945104 0.019318093322655973 -0.48860652188973425 -0.01942843586960364 -0.0057859923723933126 0.48808459681353139 0.014862309231675804 -0.015931847036475311 0.50842365824770841 -0.015411043743106586
0.019107078340117409 -0.5005056039451431 0.0043625016568251416 0.036674026651118026 -0.48889931875383935 0.021638484329224841 0.017860330612503257 0.51225624424946692 0.02569379740304871 -0.0012487221561857467 -0.49483227392900109 0.0053023963780129638
-0.019712433425922958 -0.48080490388054792 -0.02130087310285092 -0.01747364238620314 -0.48538507870846626 -0.004370147865417868 0.035108250078751443 -0.5259074389549192 0.063780438691498686 -0.044331772552632522 0.49641337091918208 -0.042314623454234188
0.01153492546716107 -0.50157652598995472 0.011111935491477657 -0.0021859218159934568 -0.50727919929190968 0.011851784507895695 -0.00033751357112167925 -0.47966174064448497 0.023834937601499986 -0.012493120491559925 -0.50978826561256618 0.0018089929906683656
0.010535857202401444 0.50884140342598838 0.022841528427927353 -0.010823504219639147 0.49936716957295674 0.0040080775471866628 0.017428563536090052 0.010944762780445849 0.49238885841626784 0.49747806511191589 -0.023939512982538318 -0.0043643297275265816
0.018011160686500102 0.51028539766115166 0.018997718661840877 -0.020354069675207889 0.50216721043400359 0.0031659105017529032 0.017708095390398741 0.015949637213886158 0.48941801803842644 -0.49557748537936119 -0.01617117091185008 -0.019255248624490538
-0.0029031624382797601 0.49342093342955889 0.0050143429340051993 -0.015540574123090945 0.49915945953823776 0.0012121480362207108 0.011654274409431746 0.018566996243135628 -0.50132450592877209 0.50487086852872798 -0.0082663598923851649 -0.018147268990240432
0.0082851768567650877 0.4926230819522544 -0.00089826463218460433 -0.018364578693810942 0.49756724207126146 -0.0015420293142079545 0.0085703659755155884 0.011506910862887618 -0.49888440688440466 -0.50971575265080504 -0.0016331098751458709 -0.020878815923101791
0.010322435234412826 0.50894324561615534 0.019333197217656115 -0.015111749338305124 -0.49312341183819819 0.010220287436794222 0.019602557758148429 0.020447967588316063 0.50354791443874647 0.49215902558904617 -0.006082296637599508 -0.019301461749203084
0.01222097813048873 0.50807395823557822 0.012573268361412036 -0.011174157120742193 -0.48719869075099703 0.013019566525039094 0.012236423054333343 0.020486402783425249 0.50051347069069929 -0.50240019385435375 -0.0076478962754168737 -0.01867822840589695
-0.023515337926372445 0.51131528104475976 -0.019685222408974232 -0.018750983620498415 -0.50027336239198072 0.0014920809526224362 -0.0088676911384187422 0.0077266589094928942 -0.48300755930251871 0.50342723836593073 0.0080914578746821147 0.0070601623962345634
0.0042569747695203851 0.50708342265141815 -0.0089619001098843465 -0.027214961903875012 -0.49691386045653635 0.009418852912309145 0.012821144741830139 0.013317814838598976 -0.49026139745485853 -0.50382057351935983 0.0059380907090873618 -0.021137557269495254
0.0084389704064082895 -0.48747125684358478 0.019309550669061575 0.017821821580173865 0.50542044937722086 0.0075091671942724807 0.022914978026877815 0.0034743272498678366 0.50211094592140104 0.50250942071392912 -0.028815356622409822 -0.010259208170950013
0.0032130247294702677 -0.47705590741428194 0.003646295949410515 0.0099457609944137489 0.50605799729652168 0.000994638061296887 0.0094611778308122795 -0.010889434291399413 0.51424568478609278 -0.50123536236134569 -0.017464329894859919 0.00091039455152743974
-0.03888162174336697 -0.49978324204886226 -0.023620238235459039 0.031906997356013163 0.51606704947694038 0.018031565249478475 -0.030272962215842667 -0.019835195252824841 -0.49206079735851688 0.48652041128119528 -0.016629997386075249 0.0081387042306037827
0.0046528334715438182 -0.50996749542836473 0.0015489735625711194 0.00035633997869295974 0.51530628634903464 0.007146845228134479 -0.0012305123308418515 -0.0075891969184801985 -0.4738341413949082 -0.49972991857303933 0.0012217618332030949 0.0028185921083894797
-0.0044639290684410403 -0.49377596804555868 -0.0027751334342842574 0.016329268240780608 -0.48901588803321588 0.0044691289294327714 0.0090776962572814944 -0.0079222551927543225 0.52642548718577165 0.48923709786523367 -0.0042719422980263266 0.0097139494920395735
0.001926607591112645 -0.47994989788492182 -0.00095141946817270189 0.019876219226856021 -0.48263000676975248 0.0051467709356508894 0.010072048421658583 0.0040553116767504402 0.52383083659439122 -0.51138505927643008 -0.015805928259828163 0.0030097224710818131
0.0045043153037595627 -0.48827663808847793 -0.016791868996032001 0.020120370900409513 -0.48845000845952136 0.0021179346122484023 0.040691981001221615 0.040976520231135849 -0.50155682498103904 0.51474031739916948 -0.03829540545265895 -0.031187330630905966
-0.00026430997276699435 -0.50806193543914502 -0.01805678945563494 0.016883283697549455 -0.49794118568833251 0.0042595798892064111 -0.015297159675846394 -0.003376560324304256 -0.47415699657700811 -0.51775196176450355 0.010490214561296401 0.0071371135230906286
-0.00059152785227297019 -0.00058026113659150058 0.49880262906227413 0.48853518734847534 0.0092991902377900972 0.0068609494451722661 0.52159760683780343 -0.0022400837789570359 0.0035370094944671454 -0.012518865700745264 0.015358527998072377 0.48981718583291234
0.0068823537806655911 -0.0010968568672434602 0.49884026395150521 0.483686553617037 0.0077165944048477953 0.0039325421351971189 0.51723576072642585 -0.0027129790597048955 -0.0091049262213739809 -0.0056005284033896416 0.013446097117522312 -0.49924630469163406
-0.027223080605078453 0.029216548415565674 0.50876838803925317 0.51149251155152342 0.033768032132615908 -0.024854213596034784 -0.47863877896907897 -0.033456916610771076 0.0057604463663032358 -0.0045357939235448289 0.030013293674593697 0.49498325551876371
-0.0044795808697533131 -0.0023735696543398647 0.51726561779056202 0.50660711010303539 0.010433827111893796 0.00030722512678398316 -0.47111543077755003 -0.0035925953638233235 0.0013669138983094101 -0.0051994542333670601 0.0017386396456663142 -0.50364300404923201
0.02438112499146915 -0.0223428797194699 0.5037076035670166 -0.5096691204183158 -0.0038784631128065089 0.011987932645344012 0.49066240851944604 0.013003978934929031 -0.004028725080578807 -0.0074809323931729638 0.0062636699312114442 0.49419986860283727
0.028379262565046706 -0.02961725926384487 0.50375777388909782 -0.50606970519064054 -0.0034657195979822929 0.0048851248178889946 0.49308561891340774 0.020593822136485588 -0.010709683876402988 -0.0041452848690317467 0.0046007010110311278 -0.4946640660419197
0.017733154290531294 -0.0044459442229257988 0.51038541037848095 -0.49374073667488072 0.0032328562454695658 0.020666184050679437 -0.49798804351699499 0.029089244000311081 0.012308206207837185 -0.011710031714084558 -0.0045210017666012748 0.49578998807410707
0.023267600529141525 -0.021465234379883485 0.51368397782805686 -0.48214722054149672 -0.0024014842110714699 0.0012329496707585792 -0.49999792986794317 0.012513478549856179 0.0050855633968787889 -0.0046117251882400335 -0.0022762218792019089 -0.50244061804974982
-0.015173106054679053 0.030639277066085102 -0.50768651057448833 0.4810203498126332 0.02450635707887279 0.021987926662059624 0.51420394456512275 0.0011365935869119736 0.021963322066664525 -0.0094012800405432681 -0.01172208755957556 0.49346291023085725
-0.016137185505327372 0.014159146104189434 -0.49140163552277927 0.47313570485819567 0.00823609402042964 0.0043150029070873471 0.51850896991242823 0.0092720163088879509 0.015731888440333186 -0.009782156077347802 -0.014594815902559767 -0.51441809942488548
-0.016588740463422701 0.062340619709920178 -0.49491942241819792 0.4972523569661001 0.019623390033997601 0.021560901771035691 -0.49614367940506943 0.024054870588788222 0.048588483853499204 -0.02743491252578004 -0.050676256661411283 0.50036445129222917
-0.0096626959081277577 0.033949384192768661 -0.48698681302023999 0.49421319984160966 0.010762541875251538 0.0048004645911707789 -0.49521039570351993 -0.009661303063876291 0.037105524901927048 0.0023653082431622442 -0.0042927433819761841 -0.52008156360585711
0.0021452934464339015 -0.0041282612809013753 -0.50023567807765934 -0.50701887529427003 0.0065082466453689246 0.010463253725955213 0.49517576965775895 0.018598906369007521 0.024504020237721073 -0.017802291197575516 -0.018076778683351693 0.4957151843688819
0.011181580879714523 -0.015421656431873602 -0.48454557855660979 -0.5158125931094597 0.0013554026615271296 0.0044185010292504632 0.4895510876716157 0.014178693145586767 0.0093202929254909816 -0.0016655110600289091 -0.0034429201405612301 -0.50872972914796499
-0.021213151652442249 -0.0034065987563245406 -0.50676890992950252 -0.50855639117517148 0.025987676660326756 0.025259953413257468 -0.49287392826454235 0.02157970751011876 0.028156291636458684 0.0013638694851981496 -0.0025897889164804701 0.48845563235213768
0.01647244900636427 -0.0074895168764056398 -0.48695908780413921 -0.50446546628002853 0.0014874479363076237 0.010377856749289123 -0.50391897433929556 0.025141620205192245 0.029080927980316272 -0.0070749122371600668 -0.03735829783899678 -0.50108907625885857
-0.01061645895933791 -0.0030269264774352295 0.49609424520472734 0.5026420106639875 0.020827114056653512 -0.016141427521686003 0.01224920378170804 0.48017498888581961 0.011481726397638399 -0.0027998011469144591 0.51911821483310905 0.0091580729132706828
0.016955499126061174 -0.0018278532921572829 0.50597852539253518 0.5178786503766204 0.010648134112732133 0.024943153754773909 0.024798537484277978 0.50520119427412413 -0.0087342871498979416 -0.0064526689036376603 -0.46775872040093414 0.0013047113169366092
-0.020799095274512687 -0.0043657342179020831 0.48765021767919925 0.47157832782771236 0.012704668330059782 -0.0082706069113813903 0.022568432162081899 -0.52167567938754933 0.010796401026833788 -0.030800177892583023 0.51513665987266322 -0.0066205900237532155
0.025704551671453097 0.011372316390454074 0.52341723637312076 0.49015510155343239 -0.0037825805905466812 0.020899572695730149 0.030100721331236313 -0.48500174047824968 -0.013804027553964069 -0.0050532940833508009 -0.4981693859088645 -0.0044332573752276132
0.0094157352878409747 -0.029443538759731928 0.48791455860342992 -0.48796921247636882 0.01071363156486845 -0.0094016008650711583 -0.0036301839758275324 0.50405305555432967 0.0046649184079253303 -0.01864189635438631 0.51789388715868423 -0.00081238109631352068
-0.367721718930834 0.38347425424833642 0.41691889520968717 -0.39658413529156916 0.37954205657843543 -0.38695118931681055 -0.11212482507739024 0.13816089619378238 0.1028126297417848 -0.12378115933287936 -0.14390284689934987 -0.12076359285922832
-0.0037224591155204656 -0.025835335246273697 0.49919834471925767 -0.51587334268404073 0.010394435631250053 -0.00053588748560710984 -0.0028708777891569112 -0.49781354639930214 0.017155269985932368 -0.024726049264684923 0.48470116953532322 -0.01478447677578585
0.040672775545714718 -0.011532508931729971 0.522250675285442 -0.49725540702879106 -0.010434597169271989 0.017887311013803232 -0.010750778603689412 -0.47137170451441956 0.0033227460697630904 -0.0050970029101455169 -0.50534549730867784 0.0075648800789721131
-0.034134240232645441 0.017880945658828237 -0.51807032294394606 0.49989538909495257 0.023606324699963183 -0.0071694284864891687 0.0064567399692958237 0.48396281836070781 0.017743896725703895 -0.0075356780757287137 0.49472404821774224 -0.015132460311844649
0.0037479148735986246 0.01849094575214431 -0.48541220247070194 0.50446981227664567 0.010775380676972616 0.02279206555751408 0.029105464769646969 0.50799261294314424 0.013000531147370308 -0.0063709733319844411 -0.49964464103804357 -0.01164731122111652
-0.14618256616634553 -0.13150520034804297 -0.12634242301087217 -0.12053045539473406 0.13862389297960417 -0.11813925051651043 -0.38673411303359123 0.43336238447287517 -0.36315668176074845 0.38119812131565223 0.37767684842505678 0.3747969575448305
0.004585896953744068 0.036367517689513039 -0.48605279970427318 0.48020862413560567 0.0057684743105699482 0.0022945603418723973 0.028139167425952242 -0.49786747227007466 0.0095151442863233085 0.0085597757389908116 -0.53153326743270635 -0.020369862577473037
0.51396888966911658 0.0022583164047442162 -0.050851902000096302 0.001370186117882415 -0.48070859634855423 -0.0077790830562957927 -0.017214032698789693 -0.0062849893288559862 -0.4832071485502587 -0.0036790354132151116 0.033184880303030261 0.5168772333646583
0.028736584490429453 -0.016865378368980041 -0.47773560397973852 -0.483202551046303 0.001928072864056906 0.020008357649539316 -0.0041507637052828226 0.52636196885061193 0.0090632437810517393 -0.010449950084506145 -0.50941202251930839 0.0018972644804504651
-0.022090471936717853 -0.0024299682108449017 -0.51044485140793061 -0.5118090050734917 0.023374836452472649 0.01024110124318167 -0.027426870532748369 -0.50098995957809156 0.039566781741061936 -0.016961790165512441 0.47036653066634415 -0.038876221880969578
0.024749869293126812 0.012634929177463039 -0.4840506608297957 -0.51657898603647701 -0.012957624297702417 0.01641282565391592 0.013086859438226151 -0.46408209936575279 0.023567612683159808 -0.011558449856565178 -0.53024172523093949 -0.015583723842438788
-0.0056041318455549273 0.020079468651369854 0.51275139063006303 0.49618461169887113 0.0088137836013683774 0.0065821284785844685 0.032626936699213106 0.00024892222532474649 0.49552680765958446 0.49353624135238666 0.0045894138222180181 -0.010989251612936589
0.0033062483884315785 0.018434582659317009 0.49996213287683389 0.5013083433430674 0.012498275632283435 0.0045830373139456992 0.022675689006826972 -0.010080357018273436 0.49722446240047574 -0.50023620518548961 0.0081027941371977757 -0.0070676454809551871
-0.027543747393052515 -0.023764384888621717 0.50629512255240505 0.4939235920281389 0.012801186493236741 0.011279894088131555 -0.0012512805137235004 -0.015165628615185016 -0.49218694552664732 0.50435474488397725 0.034453505140638441 0.0070653858548800335
-0.0012837850239246695 -0.0067827711974145352 0.5029048212078201 0.49556125544981311 0.013590850932690999 -0.011009792694394291 0.024578520319046795 -0.015393056068730177 -0.49106190437940139 -0.50848391365438184 0.024767678584462983 0.00017301130028643917
0.029633945166427204 -0.0070112611744587369 0.5182992491873093 -0.49059928002994441 -0.0080059260002000813 0.0027675048782525671 0.00040983094657452381 0.021903849013673739 0.49601363987351793 0.49294523843740751 -0.011982530407188267 0.0055754520489578368
0.027367619254293183 -0.0071317729447904314 0.50551045941905837 -0.49178246154699934 0.0014598930448524059 0.0033686748556472374 0.0008571828941022412 0.020147366725444669 0.49592194981080612 -0.50522871806081138 -0.012846164020557748 -0.0054355284644773136
0.0059016277639937905 -0.042547611993020804 0.50891497793617035 -0.49238791578069208 -0.0027596159045879249 0.00179747162732013 -0.0015894741401316728 0.028900007683144619 -0.50066800226288233 0.49516648082969655 -0.0021948099100669825 -0.0016924700195522402
0.01098733718922441 -0.031009963877053327 0.49030197258493796 -0.5003595907133328 0.0080528519682714957 0.001768665124966185 -0.0091410991599661581 0.020444425738580171 -0.49692063785788582 -0.51022508240710363 0.017242687582264604 0.005944750800132517
-0.022377960280299519 0.0288760515514856 -0.48946886129446959 0.49112647401456755 0.015157428812431812 0.0096965644808628317 0.024287026337485675 -0.0050618571502820493 0.52484810221681388 0.49112471955247877 -0.012031929430936367 -0.011286272485496966
-0.0081576822001610434 0.039598086832960878 -0.48878329161234196 0.49054845176900785 0.016546056605436628 0.0084867644349445083 0.026408854404239103 0.0019784456065200942 0.51903483557960761 -0.49754963343907027 -0.0266933776859241 -0.010299531902496223
-0.031279258171100888 0.022191399644265239 -0.49845187813494651 0.49963448925842147 0.014978013436499028 0.010355563308407253 0.049029519870796616 0.02693046070936991 -0.49265707233473294 0.50293667334666992 -0.020854657898054452 -0.029804780356620209
-0.023883915853028737 0.021420096062252619 -0.51922745829741601 0.49455310586881318 0.0029302572216749782 0.0010921474940673965 0.0062779866830981095 -0.0025364905624098385 -0.47473019750997481 -0.50889932174834407 -0.010023725239720232 -0.016953725477277942
0.015141012374042369 0.012449415005317861 -0.48396904093921106 -0.5092822117214949 -0.010705872395781744 0.0097237419029390527 0.0044052875475689545 0.0286167132684064 0.50462886967602028 0.49874759307947142 -0.037068894565499229 -0.014153010011033081
0.0088165795324942915 0.0074119721723645785 -0.48284493257945493 -0.49704832649908404 0.0076446863794851563 0.00055937999292991585 -0.003413796403436622 0.019867794706869758 0.51789521488047496 -0.50048110690530645 -0.021553096517059524 -0.006678132802006455
0.0092135403950549238 -0.0021569455638969148 -0.49144827297328347 -0.50145138712177773 0.0035712173951040916 0.012368323775892011 -0.032505763315099967 -0.0069104631759756025 -0.48824640418751097 0.51513591421121563 -0.042067316868255468 -0.012092599678296682
0.0085944375494625413 -0.011987009553545079 -0.5137162203361032 -0.51025510405686203 0.0092454040547530984 0.0090411738320979856 -0.012502789593156141 0.010899639293568068 -0.47017815253629408 -0.50357161626332481 -0.016808450031841227 -0.011878003492584008
-0.0075687242778159003 0.50305654988088255 -0.013216547089720847 -0.010457829070817326 0.0015569154549180061 0.51318273662257263 0.0091683847803574955 0.49657034052791937 0.0014407849811680815 -0.0071227624090607422 0.026899675151281197 0.48558343163178108
0.0092710141183298296 0.48168542617736171 0.0063429524690626661 -0.0055596369042325931 0.001203646173227319 0.49954224061742503 0.010392906781279224 0.51215171958280903 -0.0022239043701289068 -0.0050188618837144709 0.014761492796672996 -0.50559145977162023
-0.0049601916203305379 0.51349521026914757 0.0098456763959606317 -0.014356500246945687 0.0088717157634779324 0.51035621613417947 0.018961854965896016 -0.49583124060142925 0.0058013668007745123 -0.019218667580347657 -0.00094565864683042336 0.47837304061643782
0.0093981815946570374 0.50131919946735315 0.0044832695011549455 -0.027317706694956447 -0.0067179523711720498 0.50006373101706858 0.015066803305941215 -0.48352296252262256 -0.0055046523337711805 -0.01161057827021493 -0.0053975010873875415 -0.51332232375893749
0.016721292176370983 0.51116824670843419 0.0088725805875223222 -0.016045836812408173 0.0041149889186823108 -0.4964460709061142 -0.0024537927391422702 0.50774505440503992 0.0065547400115318968 -0.0046009694520245748 -0.015854825493261133 0.48320702139791311
0.012154464795350876 0.48414969492503179 0.010937796884298131 -0.010734098790024663 0.001115356904921387 -0.49524490060655479 0.014149324414964394 0.51439585228697982 -0.0078348378809790162 0.010331478928773384 -0.0035899786364560473 -0.5049390277000424
0.0095423979501451078 0.51094565102341905 -0.01089558928436099 -0.039704113391305723 0.0025307567129951264 -0.48892340744792701 0.0060550451216115709 -0.49872131564196442 0.017145766434305518 -0.0054974756734164016 -0.046834452295263354 0.49680838465274169
0.0082064884454465109 0.50954531272753301 0.0079024148829373603 -0.03004454965218159 0.0018905638424717255 -0.49955371930000281 0.014221936564336591 -0.47324184536860692 0.0065050444847189262 -0.00082737151564761947 -0.038173757111561062 -0.51391951552260817
0.0053787077810353804 -0.50025464489073435 -0.014875886691004342 0.02243370488533835 0.0098463204502240668 0.50213622910568245 0.0087396456169503509 0.50229084617528541 0.028201499552394888 -0.011577057086454338 0.016627188317206939 0.49312854537648265
0.0044037052703356436 -0.50861833849714566 -0.0042070111715708644 0.018584992365788703 0.0065516015107102438 0.49640462312118983 0.0042745860141319789 0.49455423447001307 0.016294286002096203 -0.003233285083973826 0.023502480408400032 -0.49903299641376669
-0.019451372568465141 -0.49180531983396186 -0.026565483713255022 -0.013932327326460417 0.013620203049616498 0.50562985142177586 0.0052785039418675583 -0.50599703422627651 0.026943164057580359 -0.015607235602103961 0.00030772766643670187 0.49393502042283277
0.0113530053122229 -0.49531165067591398 0.0017793944600564444 -0.002541449421457502 0.0015600938401017627 0.49894297131874704 0.0018501767710996772 -0.4975517099699629 0.017844322572144855 -0.0042812784527975082 -0.017240949210049761 -0.50733243881411183
0.0012693755419913226 -0.50512566731589603 -0.011236867369344478 0.024912795031548782 0.015608030831197375 -0.50891843809243098 0.004827955179067648 0.48955377453009186 0.025480193119875424 -0.013290397714659815 -0.012607304282561156 0.49415273019684169
-0.0080950700703875354 -0.50785802447734829 0.00028347640332260763 0.019686852382906479 0.009892670445523109 -0.4983907023680888 0.0021083710839342826 0.49720472835863477 0.032988025740793209 -0.0053712885789486764 -0.015040020372316375 -0.49454588991975035
-0.003067456474098952 -0.47746300579686057 0.0034480884755660698 -0.0035692665612906253 0.022961287612479505 -0.48478184884916453 0.027531063604522898 -0.51282891694183441 0.048392640448705317 -0.038643993296942597 -0.056150114551340398 0.51547539163306033
-0.005256111540686185 -0.49410635679730458 0.0052284618896950184 0.0056029491370967665 -0.0051410177124326479 -0.49749502160970638 0.008202459094610726 -0.50236890426371539 0.030650086253254539 -0.013491014716570826 -0.039305434122242466 -0.50312689880224293
0.021916321730553624 0.026079940943471963 0.017680954606897416 0.49793848316962108 0.0092707240709334598 0.51366197455811535 0.034220941729502768 0.0089135266888593183 0.49699551686401755 0.0041416589540251804 -0.48810712035336262 -0.01134945113254131
0.010999492813910113 0.5117758863375198 0.012953928846977802 -0.018559115523051457 0.011947036935110048 0.50703083541553728 -0.48189493635802466 0.01131458421327375 0.4972432670094406 -0.011976527687254712 -0.0005011038947612779 -0.021997820705768188
0.0021725279758692865 0.48001841743567775 -0.013370654993246456 -0.035342767688098874 -0.0048707080305825066 0.51436401841642265 0.50124564262478088 0.0036647434940701457 -0.50164939827615729 -0.010861510416004758 0.021823547292873214 -0.0069758979873511106
0.018963619089295718 0.49854073655293324 -0.035633535796352554 -0.035850877970301336 -0.029303895244936172 0.5205695373447814 -0.48665604768818749 0.009843722719236522 -0.48916418015287783 -0.0062107654535895652 0.013555461179658954 -0.016006012226878152
-0.022565276474727947 0.046736310292239493 0.0049754998277419128 0.48265758143878223 0.020346025868726438 -0.5088152143261514 0.01080190562589289 -0.025092093497031596 0.51892860661021945 -0.010706664243160059 0.48462701989869794 0.0023177199680956334
0.0024187523933132411 0.055067938527670571 -0.52126624013595613 -0.036978745786295328 0.034917909121953479 -0.52125993890941424 -0.49288390423425527 -0.0031924311674304605 0.035403256907817711 -0.0080751117021823516 0.45459995910354273 -0.0044845549261433564
0.0040230193587228198 0.48126855033078098 0.00082198852757724259 -0.030297702625301601 0.0016128902354277919 -0.49670341224160447 0.51724898480029724 0.023463277655705803 -0.50234785246059732 -0.007489061500495533 -0.011829427957411183 -0.0090810916664032584
-0.15046600902616514 -0.14686472131421088 -0.14113196953662679 -0.11952841978151754 0.13867143477334606 -0.13586453419187453 -0.40317525410697902 0.37335162444702946 -0.37888961016787137 -0.38007341481022139 0.38910414591384651 -0.37754420220623025
-0.0073016523471502535 -0.51965964369808837 -0.0099479040560088734 -0.50735890632151626 0.013282156241243058 -0.006089655838344827 0.48335279060765424 0.0033942845035692072 0.019075135143248968 -0.0050502462135046423 0.48785710647095248 0.011817653142642472
0.0070966269744087793 -0.4827363190374187 0.011149698539874672 0.019817124302677628 0.013154429842705493 0.50212766550961452 -0.48524268115089009 -0.0019902005907254149 0.52777906941376251 -0.0079259232663006739 -0.0018591372862621573 0.0034022358507934968
-0.0047168859321928885 -0.51399959615220092 -0.020453548810108899 -2.4139583630510637e-05 0.00086542034490864493 0.49999036625757415 0.50336837521702293 0.008136341309742709 -0.48136827195188275 -0.0082843809961244946 0.010003009617765827 0.0065327611081037601
-0.0074260574798767813 -0.51388600096485559 -0.022933185316543151 0.028181158834902065 0.0048569099478197484 0.50498552332007929 -0.49976397096219949 -0.0050804374686040672 -0.47864842942956509 -0.021442094279498312 0.0034606536159306539 -0.012085470649051928
-0.0031408632158279538 -0.4853408364705134 0.0030247608732535377 0.00082198175947892978 0.004491777998188712 -0.48962871051512374 0.50651889600476285 -0.00032288659389692083 0.51725215110357214 -0.0094123240871924994 -0.021593477200071945 0.0014064780479456059
-0.0045994147634857464 -0.48596717398350664 0.015939376692873441 0.026598284068436527 0.005633729840192829 -0.49677372090127792 -0.49032964609498114 -0.010723090984242366 0.5233897510971206 -0.022523818255746172 -0.031208731730527361 -0.0090035915680503377
-0.022173694104878284 -0.5217999810355336 -0.010844368749269492 0.0030249021764631508 0.014585775827220206 -0.50439376213074316 0.50031574120226052 -0.029136311967598798 -0.46985167033699193 -0.011741712474032683 -0.0048361109882338977 0.019847697897010168
-0.13412143112148492 -0.14066448133973075 -0.12829080333377027 -0.14292059282908962 0.12837651949866585 -0.12541246317158183 -0.38597050870694011 -0.38351683429636929 -0.35942126289333809 0.38300229250422274 0.35758447340056215 -0.4396951796081684
-0.018117249466010944 0.50192030881649818 -0.018660945485468587 -0.0078441003560121847 0.014917728083384405 0.5018962226530479 0.005750217157484327 0.0025189194193153 0.005716015994637 0.49028033960096051 0.50423904026560962 -0.022621830816630596
0.019650277308612497 0.49769980468495256 0.011851993408754492 -0.018351708604834916 0.010084970715115263 0.52549919480371698 0.017011076415172546 0.019449230009929694 -0.013430351489916106 0.49129746828679866 -0.48263512272412612 -0.004745318347869185
-0.021440801998704042 0.50258284847443857 -0.022422599310875639 -0.03493005510481248 0.021715963485964756 0.48837029794794151 0.0057642078331939066 -0.001027372765119513 0.0047380929852494195 -0.49946330364555513 0.50626078977845179 -0.020747280884305497
0.035402783907654736 0.49935662551930454 0.023234637493304133 -0.008160572172632663 0.003054338637708496 0.51271298377328733 0.014442715197695402 0.023965683427585208 -0.010517618869510774 -0.49866312871394192 -0.48600343334016827 -0.011891507111546733
-0.034097788649115161 0.50488945057040058 -0.0081807509394692876 -0.035902765366450977 0.0022980393051741806 -0.50183638372271844 -0.0046393138233232307 0.0070254310583427546 0.017209083765260279 0.51160579421318964 0.47763197373552346 -0.021981577904617373
0.027877892527405239 0.50448484566772611 0.028916561589770934 -0.0012798442865107435 -0.00088068716469562964 -0.48080512720208646 0.023701513364156365 0.018338409856663143 -0.010625763249996891 0.48945326280495688 -0.52165087512637331 -0.003257953893965312
-0.005729406266043997 0.500787689338691 0.0016791363491580602 -0.029467336058252622 0.009147716334241834 -0.50796732670234679 0.0097491675134062771 0.0054596089707596111 0.0091250661656099331 -0.50898597676093649 0.48045911454005535 -0.0087993915926092986
0.031283333231764396 0.50220768771459579 0.016175761772419202 -0.0082098891616335691 -0.0018488071008071435 -0.47615087394610983 0.018464976803404101 0.015568567206782491 -0.010437581759681019 -0.50381118433562655 -0.514964030326863 -0.0071218191215229659
-0.031025017419482503 -0.49738623976205731 -0.012908673749347711 0.0044853057534202231 0.0096287349278310497 0.49092679440648934 0.003349406408194938 -0.023352784972836448 0.04067903828635349 0.49600813934045168 0.51167340141027684 -0.017626562720921217
0.027375658706764058 -0.50221471810507867 0.019754749535761267 0.019822339605572177 -0.00099057891968217307 0.5167430998976239 0.0030581148748768279 0.0018887590390739351 0.0084673285991195228 0.48405789080987222 -0.49478955225945598 0.0031630053161145009
-0.012209000539407652 -0.49585921857194104 -0.025190698685745225 -0.0016190086586141104 0.01610004594604697 0.48745263989423182 0.001107963234245549 -0.015717766828024206 0.030183972929340639 -0.51369667641027805 0.500380683983077 -0.006606307417469804
0.024871476021876102 -0.4948920278656469 0.0013164830580217821 0.015955827914434031 0.0034979517067201273 0.51251020083799048 0.013411087336947031 0.013494936135165688 0.011865730026612417 -0.50452873021616362 -0.48627931140710318 -0.0029073706828130863
-0.026762080613246832 -0.48940232310287307 0.016486157498892668 0.011766965137934174 0.030549646949640411 -0.53163013226139155 -0.0011463720275775679 0.0027260020552279788 0.055006712604527351 0.49119905675933062 0.48107855760986529 -0.0068882673641916543
0.020027199477358912 -0.50526500499945981 0.0066367921990898018 0.015516285194736903 -0.00098901588744414811 -0.48614201509598798 0.021281516254920176 0.0018715611219441289 0.014998476420322452 0.48805644511444707 -0.51846493884980493 2.2106162798021159e-05
-0.01845980012966069 -0.49788059334667434 -0.018211750583854637 0.0017329477377198601 0.010726580407853813 -0.51262873090634986 -0.00027425376918258239 -0.019847103107337286 0.031081364129575583 -0.51129092826175915 0.47513506946233469 0.0021030535081008354
0.013590741375331498 -0.48720355008472555 0.012467538668929445 0.022896497337018703 0.0076260019790277177 -0.48280663444810418 0.011514096347181934 0.010610771034046765 0.022273178831384601 -0.50736142054720956 -0.52004790239582721 -0.0011009231528306667
0.041175926323706827 -0.029967467759710813 0.51048846903596068 -0.47459628198611947 -0.0024071535218915443 0.018814631236373447 0.0021514006930702994 0.52708879890121652 -0.008681640143471123 -0.010991527579254867 -0.48287919987149741 -0.0032961587304488945
0.41616221863007641 0.36739696760540913 0.39557190399098913 -0.37420592030802102 -0.40076579637480791 -0.38762082441671625 -0.1171205095239375 0.14078099550236103 0.1051738101847013 -0.12507886322677073 -0.10856320303500097 -0.11148732223582404
0.50839006464326053 0.0075000392056117152 0.48488232015200738 -0.0015349644736933577 0.001408594235510704 0.0080009333435288339 0.021675560569519248 -0.50070956562107238 0.0067619093627347363 -0.024316612942202557 0.0069622688562541732 0.5044191498135604
0.51182986022114396 -0.013381842796736978 0.49470176626850637 0.00023544543348300004 -0.0095005522955501753 -0.011515560122990669 0.016198694319330527 -0.49419340994595501 -0.0084212866248080005 -0.014042596322496619 0.0069609958386426052 -0.49808861329300408
-0.49014021418537979 0.0045563645359838539 0.51453585419852987 -0.0090223171108421533 0.0099040495971315055 0.0057492803541684852 0.0109252652432783 0.50389128202843003 0.0059519687468492545 -0.020398285978547846 0.012009625862790686 0.49006181799296644
-0.48095559530621912 -0.013535945449476752 0.51240987000241467 -0.00071987542703751356 0.002735404058723159 0.011149707424300111 0.014631587649197395 0.50415373002418828 -0.002533830504441031 -0.0083076729713362323 0.0046951086612416672 -0.50131801622312788
-0.49989808096598259 0.0083392223119726477 0.49914221224649913 -0.020122824616682588 0.00020825545121777768 0.023438711317238983 0.012962055493116782 -0.5051037311896196 0.026213480470283851 -0.030352056823818162 -0.02353933987341086 0.49241728723164285
-0.48275740597846217 9.0146235028548761e-05 0.52835013600796654 -0.024159692665862695 0.006968885265117848 0.0074748184258427823 0.014520955355873924 -0.48358085567286824 0.0068953917500121755 -0.010109684572809299 -0.03220013868356119 -0.5018519506850404
0.49898131036403875 -0.0082238231246628754 -0.51540665319660894 0.01614587417557279 0.017830456606586251 0.0053250410739621931 0.0014933915339986181 0.49601533148082771 0.025635516872002988 -0.0036900412424684106 0.0085849567797246593 0.48777156035203073
0.49404489906005805 -0.0018870318628783675 -0.50651512872354454 0.014226075116189424 0.0086260181899098509 -0.0020096903748855906 0.0010172155698363562 0.49682371146960841 0.019073978994230269 0.0023385937015664654 0.014757631524563006 -0.50165303203498079
0.48664246744542083 0.019175872799506034 -0.52189414215787955 -0.0025558329098570075 0.0013659402501272784 0.0054015322667215629 0.0085671494371307617 -0.51158881771564935 0.029406801899348647 -0.0071517903778965559 -0.014032011563883381 0.47696017089855863
0.49316550659898245 0.0066145957656992601 -0.49722323313160188 -0.0068443113031266293 0.0012601548169363821 -0.0023131919712551432 0.015841239231490473 -0.4968694777861426 0.01949782316816278 0.0025947896220761186 -0.021847297958249867 -0.51133636476207067
-0.16180436499073761 -0.13912114836189049 -0.14697260117305933 -0.13582602312369732 0.12944638334720449 -0.13887461101399654 0.35553873831332539 0.39202327214165267 -0.39405553652376052 -0.38114567449522441 0.39457343296395825 0.37688519519183511
-0.49799528881340727 -0.0035981436395221555 -0.479893273827596 -0.010091325068669497 0.012877840830934632 0.003383842991962207 0.00036946152790047438 0.5054854135096708 0.027200742733953849 -0.0043425658541851059 -0.02286336071798108 -0.51440641138876664
-0.27421848983115127 -0.2193418148596355 -0.24093145852686676 0.25353712641947596 -0.26752734260637417 -0.24840689869849134 -0.33574276995329932 -0.34136333989433398 -0.31563219587144392 0.30488489771004473 0.2989414382703352 0.33149792564612768
-0.033901447484028333 0.045717661630136408 -0.51308524859571136 0.4791888193356364 0.018581110214706216 0.0011275958154205186 0.032230438978727086 -0.52291543307378086 0.044884792110422629 -0.02357834742269576 0.4734446844481387 -0.04833071110528022
0.5116451405776351 -0.0051603644179337811 0.49300235017766647 -0.0029029656617194522 0.0043156760208052239 -0.00028403828428260767 0.50860511929072927 0.0041433704451812551 0.4856879997365991 -0.0055784009980637565 0.022180170467502213 -0.0013870975391744543
0.51475536266023825 -0.0033047732225043283 0.5002251332727522 0.019846444433664682 0.014787685433688521 -0.0094000341917226133 -0.48719040430847887 0.0035529049641525325 0.4963025438425494 -0.013869805053774196 0.014583954649276915 0.0012255834572878195
0.50955697521537124 -0.033714926315668151 0.48043056207964802 -0.0030752733939030394 0.012024802418244735 -0.011544419033648192 0.50388307992818293 -0.0024235811276351609 -0.5024881393979751 -0.011177201976870558 0.039680056005651984 0.0040425331882965095
0.52183137458765405 -0.068174753657535572 0.49648720523624962 0.06001820028769847 0.028909994326788757 0.027563819241682358 -0.48119142108511598 -0.0037039860957144358 -0.4886916115817837 -0.005266739709320711 0.03065461012391691 0.0010488513373764388
-0.47603798392544672 0.0076098758698406807 0.51532384201506132 -0.026388407109875188 0.0043243338673776277 0.0090579995929613681 0.51241066942705671 0.011944403423528142 0.49393346558158124 -0.0092779047885970176 -0.013598201436033318 -0.0050545339684312301
-0.48121511191369576 0.01539660868933946 0.52692972708535712 -0.00091318094120073647 0.002753022456694185 0.013403194735918663 -0.47594627133231709 0.0058454780941492469 0.51291195179182325 -0.0057896611782753751 -0.024779345042188948 -0.0081691702050343436
-0.48703030738561132 -0.0067521511249978806 0.50451752472647204 -0.019233914354971293 -0.0052074142839109308 -0.0021040948825938256 0.51265297988837588 0.013826681225321984 -0.49461011665409149 -0.01223458893237777 -0.0014751892975959633 -0.0046025860341512622
-0.49904508651603607 -0.0089504178248237393 0.5210207706693305 -0.0091668140046389911 -0.0086032640623952602 -0.010860107152527198 -0.49091406948682442 0.0053994965318705243 -0.48730284869344154 -0.014877209221347918 -0.014888395184238309 -0.014227418043306881
0.49237283787171243 0.0099723008856248026 -0.49526093426959261 -0.00712751902004861 0.0054845949947949606 0.00079636793408120103 0.50626768038702952 0.0028326251955218319 0.50555494883223617 0.0056322873260016256 0.0079840670774900171 -0.0104100898046808
0.49415449762307423 0.027740405750617959 -0.49191505639490424 0.019004458526956133 0.014818061070545101 0.0034105387573245454 -0.48739972502365164 0.00063659948388768519 0.52411767922104302 -0.0014525414402651634 -0.011121792890652843 -0.009217400362548981
0.47975583005073996 -0.01387193149340228 -0.51030450781346881 -0.010146996209091447 0.0018003960252228129 -0.0019992219406220861 0.50858323433549202 0.020850329413297213 -0.49966693632966552 -0.0095134157311933219 -0.0031163327269393549 -0.016190001684130314
0.48725695445479184 -0.0078137450583056888 -0.51874574042811739 0.016996762496261683 0.0091643409514271836 0.0014686966119831322 -0.51225059906905768 -0.0045775730457705581 -0.47981692511564644 -0.01595237158315958 -0.0057295430589613099 -0.010687024342583028
-0.49695400639706738 0.024264308871313828 -0.47265290084163752 -0.032064539886623507 0.0066918591811752958 0.0064392087445349962 0.50960815411971638 0.017752327637247475 0.51597542062542012 -0.0085088388707217442 -0.03222391640604888 -0.023995486269151493
-0.50655671425671545 0.03305080196620646 -0.47932833937516972 0.0022657569471314968 0.0095053799315813481 0.022404478345595048 -0.48480907775595788 0.0057171194960768485 0.52304598960691806 -0.012021896686161193 -0.052442524840637383 -0.020259744943085044
-0.5154888327806344 0.003686705762852432 -0.50820974226912752 -0.028540429041152442 0.00045212375131526263 0.025530425218312214 0.50205606382557177 -0.0082403049280455609 -0.47108702385719659 -0.0031070230394900115 -0.021193376178920073 -0.0019938761905856275
-0.52914172456655562 0.052640693396458736 -0.51014314319306064 -0.047883239369054059 0.027917940066335321 0.026424392313580698 -0.48395430962454838 -0.0034057222906157137 -0.46344201878314228 -0.0077586211285618776 -0.057473222816531257 -0.029261862729299599
0.48836093620235788 -0.024417993851851921 0.48646018781535466 0.00031264034764786106 0.00847291771507808 -0.01157363950986212 0.014802192991953745 0.0022935300933261548 0.0094784406929564451 0.49464636555780045 0.52821876361099529 -0.0073287654117169176
0.53492614971358121 -0.019434328364918697 0.50190567701171229 0.011865257609304727 -0.0045852117550410102 0.0018302811648434798 0.019070683829273488 0.0070839323916265396 -0.013971670507209806 0.49026320168579779 -0.46931043077128803 0.013508744144377886
0.49890500582504704 -0.02367832283557875 0.47637720650035204 -0.0050347758157350707 0.019749689202594425 -0.019113683635015203 0.005171473025876447 -0.015357153323041739 0.0069057759506612913 -0.50350154476641695 0.51864523450044053 0.00044310156957753298
0.53060883914303036 -0.0098780931285474913 0.49505821608172845 0.021400541048729856 0.004576598969061243 0.013244340138468287 0.016504573511245867 0.01784852449294555 -0.011296454814060424 -0.50308283143874344 -0.46776711733616266 0.0016470623136130181
-0.51693846766879414 0.0007658988812115421 0.50188850175559008 -0.016913724502420433 -0.0055165167383173308 -0.0011962045455520568 0.0039891629834411281 -0.019052892708057535 0.028198101945903036 0.49161242146130246 0.4873515195409015 -0.013989041454433653
-0.4635607360580033 -0.00081161349636722281 0.53007127188290837 -0.0034302762280680908 -0.0081621320320681701 0.040081124032406205 0.0065709572635552728 0.024663427380130963 0.00066271692859905631 0.48582920581862604 -0.5154076109586383 -0.011109649483658279
-0.50301948853179279 0.010708749385494711 0.49555758528609523 -0.017846258499225075 0.016238893133083673 -0.01062025639746654 0.0073963905852748911 -0.0053137989342484978 0.01998351366815327 -0.51825590431521151 0.48105963830378462 -0.0097249286267403756
-0.46831987830985788 -0.0037991339615644792 0.51637821980891963 -0.0061424096568440693 -0.0030796186173583794 0.030458506528226272 0.020797595826040953 0.021004990479541127 -0.0061840404767321356 -0.5061306172387956 -0.50592524261365868 -0.00033705605120453477
0.46485769125437987 0.0014535042903168864 -0.5166267130268134 0.0006627557274400173 0.02275616362668495 -0.0095038305109566741 0.011520724070003964 -0.013936673111619224 0.025994637164534474 0.50070314593312193 0.51409207746757357 -0.01991142906505344
0.50841112694605262 -0.0016438729429918354 -0.49514209566928974 0.013532193856589929 0.0036582211671166991 0.019704239713163436 0.01009096792481874 0.021357177493838069 0.011007602154528701 0.49204095753716526 -0.50290260224580052 -0.0083972406788422969
0.47465346828213428 -0.0035871151456025466 -0.52344258137646593 0.0089169180673569926 0.0094227396418975432 -0.013973737204890585 0.0009088455616212684 -0.011574804862440008 0.032510468707967935 -0.50436180044329204 0.4946635660067466 -0.0084210990128770358
0.51012995279458662 0.0048172895436810453 -0.49520779315784064 0.010344938977957616 0.0047755299293461579 0.012409253619198901 0.014630143546640426 0.012442921768585467 0.012285266438820887 -0.49733433884172684 -0.49618427186705544 -0.013022370823027958
-0.52371468930562215 0.011446884122140264 -0.50256989176731082 -0.032526886686807553 0.0043097490963042977 0.0088964020347455965 0.00021869543677860363 0.0051346792286183626 0.05846795876398566 0.49383377991672739 0.47265582715152821 -0.033755452697155706
-0.49798187837478569 0.022959720716830549 -0.47466771170032956 0.0045100162051531041 -0.01046259450896808 0.032243452545536136 0.025915430536337571 0.01677000174257496 0.023036594410350355 0.49088048453676125 -0.53147229224887427 -0.0099016379623253371
-0.52929758775844171 0.019877773104444375 -0.50973911839247443 -0.021665554401987332 0.010576417932096542 -0.0070033093769207751 0.00081024657603441421 -0.0117183160474483 0.029807343819114433 -0.50526141512084488 0.44988992465892891 -0.016375915495908284
-0.48050622938979998 0.011570123457181888 -0.47356710869353713 -0.011236923144188241 0.0017896590708852743 0.025620977732892122 0.018781455139327836 0.023464190729903456 0.027173458978796219 -0.50512402644175303 -0.53575390394565792 -0.010195471775446746
-0.0071529539672832605 0.030302086172315345 -0.0044703221020727466 0.50441666901127558 0.51919686933632714 0.0038444374226663338 0.016390071953993435 0.4901993961412876 0.011035813585370004 0.00094364493059551058 0.012822046184967776 0.48388337777580726
-0.0092103242470168711 0.0085300134413535452 0.0094128146439073912 0.49882548566783746 0.50463976648572306 0.0042752321968569556 0.018918591767258044 0.48983777506076492 -0.011522422330279464 0.0024770560964785786 0.014916211509154115 -0.50555614590032782
-0.0075455597456784455 0.026675949933622437 -0.023188179703784489 0.48344557373294572 0.50495770826109676 0.015474364522006304 0.02021461253991624 -0.51680333373319465 0.018203635559454531 -0.012873623726968035 -0.021214302606448205 0.49123409409898144
-0.0070475837308297149 0.025791647800436864 0.011408391919244615 0.47686745437507955 0.50274105054059648 0.00055572481492831814 0.019798744791528204 -0.49797557824701066 0.0044834756039400375 0.005975808317215228 -0.018331776559049981 -0.5198461278052382
-0.013607255603416312 0.0036184834810350152 -0.019536695129379895 0.51711504810216358 -0.48445286384932812 0.0058070656809875373 0.028281457855149728 0.50687360275275151 0.029312087862330864 -0.005921035508781927 0.02775243230380085 0.48774855177358722
-0.0061567298384141572 -0.002492669492453737 -0.0030113122603748705 0.5008589327819426 -0.48360147274658727 -0.0019759354765799967 0.0061569874963719002 0.50801532891337897 0.011494414363037371 -0.0028569094208561303 0.005806733741598534 -0.50687411593816178
-0.0092268563417527913 0.02808835780543292 -0.0076098743647900263 0.47225836260303222 -0.47927848921719901 0.0060149616015054185 0.070430395487311614 -0.51809649736924579 0.055100193738053992 -0.067531414151676988 -0.061695076444932655 0.51137927329183641
-0.01318855463407735 0.014463225712491198 -0.0023282421213924953 0.49089395422610566 -0.49913659499931484 0.0035979230131869969 0.03698652237371839 -0.48981407764060619 0.020029174608490373 -0.010155478969874161 -0.0016503013665924323 -0.51738905866725848
0.023001716281005169 -0.0034379306411676477 0.0091534405733577247 -0.48167659664849694 0.4938657897111926 0.010930193689144625 0.0061164653915248453 0.51130862823008494 0.016706911421918328 -0.018744455207611831 -0.020138629608790502 0.5107153030039896
0.025271682020155829 -0.02572527183065346 0.010105080532644195 -0.48905268817765923 0.49474871283352767 -0.00016972045663852416 -0.0037679390420751447 0.51385948279715721 -0.0077326992706269479 0.0042282324537219309 -0.00037968371049584945 -0.50050475340667822
-0.0027818238730524169 0.0094359075734138861 0.010631985664361925 -0.51572040629431981 0.49607803976009196 0.016647103109486666 0.0046679923569303587 -0.49240419846388828 0.020291420809242611 -0.011244381946413893 -0.035919154066847842 0.49309233680144077
0.019648431690945142 -0.0033658366795145714 0.01794617528665593 -0.51031306214940975 0.48484246405726322 0.0040191516147166182 0.010336069341987183 -0.49571401494864448 0.013669776056363882 -0.018404170092767524 -0.043758824302740883 -0.50546327782584322
0.034169747436026819 -0.0013659632816029963 -0.0020790422449087956 -0.499348947208824 -0.50010815239959072 0.025100613116441003 -0.013308741417647043 0.50651712880680844 0.005477912331107255 -0.005413539794908352 -0.00082935087830347961 0.49187593761190268
0.023962558155548576 -0.025392201375170356 0.0040499060983882253 -0.48710299826711911 -0.49415196975516829 0.00011815116928273563 -0.0067100518527691173 0.51548585340645192 -0.00011936788759527104 0.0031086332718933446 0.0070581360448997849 -0.50147675029969774
0.0072444466595196185 -0.011585837395704068 -0.017555453815181022 -0.50743933697394761 -0.49089712163307292 0.0042140337938090773 -0.037868381914603969 -0.48980826142978101 0.027818331310534471 -0.027005711079243617 -0.026203708118229807 0.50742163923913541
0.01842463307651902 -0.0047869833229465617 0.018776423882851424 -0.51521125547856994 -0.50341234151189196 0.014851642783664751 -0.0047941901117494832 -0.47187102504679612 0.011778149872632463 -0.0021037923600391302 -0.028476304926337275 -0.50651611001492691
-0.0061754346497060316 0.024513938479487886 0.010313402549749679 0.47461840044263842 0.5048211103657525 0.0047209379002569052 0.52225796068774388 -0.0037301327338004364 0.49620053945353937 -0.0044219077947600226 -0.0046885223146820075 -0.010074499228392174
-0.011384487341172726 0.037097953198715269 0.018127020600625654 0.4915564331226745 0.50760202630694795 0.012135928043259005 -0.48135523143524128 -0.012327035288435604 0.51647901295873477 -0.0049269338882633974 -0.0096171562820248063 -0.0029277649349081173
-0.00539190795621776 0.010376471183053963 0.0014245246070845046 0.48100639475940843 0.50767784442427477 0.0022364412190394637 0.5163979603563279 -0.010264043576965398 -0.49377075289788208 -0.0097828367371392676 0.0079928826638245559 -0.0033059310344825715
-0.042218052268997219 0.051620208630327319 -0.013160042452674154 0.4874329864627055 0.4713694550575025 -0.043503836224943152 -0.52218034421934378 -0.014693698869774062 -0.510281092631795 0.0045734141094305979 -0.018658849872368339 -0.0079411094054471394
-0.0043622564512597753 0.023121930923289895 0.0067333301180828682 0.48128957122605787 -0.48382562269078178 0.0091273322017735147 0.52641596382249667 0.012104462346906852 0.50570578566344093 -0.017058060975461985 -0.0016835740350471071 -0.017273623337853775
-0.021010025491415577 0.019840461882917302 -0.0014938016108935076 0.51455876241191156 -0.48792723787730613 -0.0085517689703350722 -0.46529866310367873 -0.0095566966538569859 0.52867872522073578 -0.0050260504600143398 -0.0058381768215841328 -0.0095469858091044059
-0.024425371863274821 -0.0045701884422636608 -0.028191752664914613 0.48795373114664664 -0.49342752336903689 0.015237541811527686 0.52666438757213085 -0.0094192410167660556 -0.48844626288649584 -0.01524832798261075 0.022010853691555796 -0.0050152046608442514
0.058903535122647094 0.085669295536089929 0.067606459115752901 0.54726394263121869 -0.5306937171540469 0.0742420675618468 -0.44464205533176426 -0.013412081113316744 -0.44673757960910138 -0.010514849559008254 0.018196306621457062 0.0085093566723486481
0.020434544919012015 -0.0069826706534791439 0.012519889691324667 -0.51329909876143687 0.49766500203639058 0.00016792721194423691 0.49467333317041906 0.019363122839940971 0.49277233001459897 -0.00049887142607717399 -0.016206833066937026 -0.0081461764687015669
0.026628319266882815 0.011854783462061466 0.02843856514782964 -0.49929262892004306 0.50885531930753414 0.0089844748834596502 -0.49522832970983982 0.020258286186054759 0.49283542117506185 -0.009314104446710221 -0.0354734725035971 -0.011861273107361204
-0.000578593783382863 -0.024451543000436567 -0.00098201524029661717 -0.50892455995031605 0.48885275984874854 0.010498425663500033 0.49469554697994239 -0.010043598252382451 -0.50618441441468909 -0.001583799225884175 -0.0039036458358464249 0.015633653176568247
-0.00011387662668843669 0.0086191472474494782 0.018442400504943387 -0.49879581627609298 0.48649476275983522 0.0055411837464506364 -0.51603640057814415 0.019725388877445644 -0.49510350447670215 0.0043411943560170956 -0.045649704670317787 -0.012944906867670443
0.020303218438501552 -0.011408115136495698 0.011730327260083955 -0.51141261582992781 -0.49574341128672256 0.006995531303838687 0.49154450151111745 0.026629023777796808 0.49933965660763774 -0.0095415635599190862 -0.0088528799068092797 -0.011493183979905165
0.017533452963593973 -0.0054529839202659466 0.015143986814667434 -0.49327620053459975 -0.48247489566315632 0.0057098275835993943 -0.501060570351888 0.018752841200451641 0.52110992465246009 -0.0044920796947047707 -0.017445589691453735 -0.002005093870568997
0.017991705661412002 -0.019060702250340747 -0.0044099948311855271 -0.51711674058356183 -0.49936442344408005 0.0059019206864841141 0.4924289055709658 0.022705167439513976 -0.4893530211128736 -0.0039316180867347335 0.0007232098292316877 -0.00021223972757607559
0.0098736016033982629 -0.022232435552567341 -0.010919306932463851 -0.49854712788467564 -0.50460294875121647 0.0016468452083378473 -0.50745093648555528 0.0080914723551493532 -0.4882437484814775 -0.010332235618931214 -0.00042891269416710215 -0.0072174075748265608
-0.041816554211001292 0.0094572593406488468 -0.017048666007321436 0.48379898374008579 0.51232428468189539 -0.0021265396100804594 0.021639531676492307 -0.0078048619619249943 0.020427027705602892 0.50094485170056924 0.49938573981351581 -0.0071286237716870074
0.0090489292735251321 0.022451082590027361 0.020874732126303565 0.50009098229868476 0.49562966653949314 0.01607105483730039 0.026290012082385808 0.0022837461361507215 -0.0047995796662174198 0.49555314990230553 -0.50660850773807264 -0.0059795406784220444
-0.023792035955885263 0.024592252950336058 -0.0087774177655480512 0.48144938292566714 0.5155344657660923 -0.0070137907432620212 0.014881380477123661 -0.021267011073628449 0.013061280710964013 -0.50704849029548127 0.4928837597615397 -0.016022472909132442
0.0040281037248150794 0.017152846598077358 0.020866286839719878 0.49661909848035962 0.50248963766015464 0.023216281072766378 0.02035341441579612 0.00050007080489527958 -0.010700899629933905 -0.50050817574172779 -0.49848712588280963 -0.007869066784699839
-0.028399549044472054 0.010747782380246462 -0.013819404259669632 0.48011576529527328 -0.47325073610595031 -0.019609937457786549 0.058636021476528091 0.028749809074759176 0.056050719040790793 0.50880542734804102 0.52483948814936432 -0.047740433971290075
0.013294108221559076 0.0154288709272908 -1.2794325451608134e-05 0.51199464100224013 -0.49893175121625566 0.011553275461950381 0.023195414528150608 0.010123875494603633 0.027465095129084498 0.50051069488041133 -0.48593946866346316 -0.018367336468899827
-0.042363097612195401 0.015832750974480194 -0.035909296382649836 0.49003309375422976 -0.49010984800176549 -0.032358301182113199 0.027358936755044066 -0.028222200393843315 0.031176030683082844 -0.51600281511872803 0.49639086810254052 -0.0099151702910105863
0.011538328277278196 0.014829923072013073 0.010042832451658924 0.50086096571176952 -0.48548529568719567 0.019393543404293161 0.037948436433692209 0.02657041683494317 0.0082608540810916332 -0.51051900668173833 -0.49909832141447119 -0.025868703869005194
-0.02211219282622176 -0.0014290540573766908 0.0087643039376490393 -0.50461068775501972 0.494224247525548 0.006863602221479752 -0.012811034965298831 0.023422838102802275 0.035259279068947852 0.50991470211539991 0.48822891783687428 -0.012612900833127574
0.030549140134070306 -0.011689769767636277 0.036337597697384601 -0.49316182471614012 0.49420706969469036 0.018607001022852464 0.0092312905414049032 0.029598730985821543 -0.0050500533249957166 0.49638324544166645 -0.51228017101014833 -0.00037433647575744138
-0.0044978484905425628 -0.010728304037441612 -0.0058217877774408974 -0.5061037114028667 0.50860689951936633 -0.01529097382118118 -0.0067180747849765248 -0.003215034307926844 0.01830983726938536 -0.50383000886612905 0.48011895159126128 -0.0050414479335837183
0.031743927563751675 -0.0076269448975226691 0.019044491172026671 -0.49096774230297585 0.49167849120599832 0.014916687558683242 0.0046749345906255176 0.02133778185652099 -0.014056622213296038 -0.49574415196775712 -0.51876278336422177 0.00023595738809121142
-0.020890781897653827 -0.027636482917454491 -0.0017573236273583511 -0.50273878441970388 -0.49374225474285816 -0.011342963158712121 -0.027565237693409364 0.022198206358092894 0.034597829620130367 0.49245925182278305 0.50701959510235339 -0.010283605063399801
0.017358275239432924 -0.0094385777657778093 0.0209124828152711 -0.49886044466590651 -0.49951692522289515 0.017128076125268992 0.0071845551167341757 0.033495117739909278 -0.0020755831280793351 0.48576258788349957 -0.51313033581726286 -0.007356402085872708
0.0054963772367826241 -0.01712579003400028 -0.0061386061864463692 -0.51385204282655161 -0.49209147253497831 -0.0061588837138339134 -0.012734349140362563 0.015954456177668403 0.016772726386326195 -0.50921324506605836 0.48309492327519971 -0.0051065687545536831
0.035082855243222903 -0.0099210058273553215 0.013693760545475135 -0.48638159525840491 -0.49691305969840271 0.02367407872993256 0.00077619754411806772 0.030901225243654944 -0.0029830202742792407 -0.50937544910804888 -0.50398518540161485 -0.0020829912048788289
0.018043471525509953 0.0085894532370276964 0.50410630608449847 0.0027961573294770781 0.0080318440253008307 0.50411752699969714 0.022306017260758631 -0.0017989029804673436 0.49860828492382508 -0.017818733207090914 0.014515387228131131 0.49156022680802181
0.025922223735700918 -0.0029972058456390286 0.51080066273582969 0.000289633886968452 0.0031893202580334378 0.49699190246208891 0.014668293581393153 0.010770060437180606 0.48890489353014827 -0.0051101335622174456 0.013088960215138912 -0.50183059786873885
-0.038981530804436219 -0.0271957165295998 0.50139442288711811 0.019618578192082167 0.02191301970884903 0.51524637612065705 -0.003985655512988468 -0.0080626473119379503 -0.49443602591735597 -0.021271999464217185 0.02004041136702563 0.48435377287919529
0.0086895581045683956 -0.031713452835664541 0.4977658468750697 -0.0030372216578425791 0.0019915592000144832 0.49834285863637168 0.0016922011256471606 0.00023851513357660807 -0.49916284498715502 -0.011362785115526318 0.027582870650356198 -0.50272529328444382
0.010118962316972079 0.01397691076221267 0.5078873457363241 0.0052672999489001698 0.0046404372942563119 -0.4894773459684082 0.019260150034010309 0.0049254189141600957 0.50752319580369754 -0.014218055784321408 -0.017440114552721986 0.49359297824145021
0.01811288351974279 0.0022858988400338443 0.51389160342023521 0.0010955782908818421 -0.00061532646631074698 -0.49270378648993163 0.012472276624659896 0.0015338782355135371 0.49725216282406104 -0.0039684034156720355 -0.015907462586268864 -0.4951132177793805
0.0046021621490340819 -0.0054978246891348448 0.47947085297603459 -0.0056639836653447143 0.0072993595395223418 -0.48551567680865082 -0.0046184576628968566 0.0077777783218962726 -0.51011773827382167 -0.032742934281158362 0.0054656822368202287 0.52234237533441874
0.0021658468461840008 -0.017687816040257247 0.50497171192724211 -0.0010927892421157368 0.002690066847037746 -0.50207736390523539 0.0090951358548162723 0.011796502141879562 -0.49115243970119066 -0.0057462451199929519 -0.0017785466235040607 -0.50110590685595824
0.0061758497366567701 0.027753899635797653 -0.48862698485284328 -0.0073512425764675534 0.0069867733503559864 0.50664693538221406 0.011809877254590449 -0.0056578230413108195 0.52277722656899961 0.00047452501171884969 -0.015055314153277074 0.47952776381294931
0.0044599023643948996 0.010568689369081513 -0.47704595360643109 -0.0097635296846904206 0.0097283617980555431 0.49565843183959235 0.012776450268678647 0.0023778056331575808 0.51264149894106914 0.00019053524967562932 -0.013037963194644172 -0.51311606754144812
-0.016674974825331552 -0.005260315544294028 -0.52601933322191086 0.0062949196338301684 0.019060422181340356 0.50940348099459609 -0.0063730044677616721 0.014179536594635226 -0.47015501390440601 -0.0050737828635253057 0.00050351933363180221 0.4917211556031364
-0.0087266620364798552 -0.0094618392241096975 -0.4981745125023776 -0.0034983845573742854 0.0023064449434112557 0.48674721235580209 0.010150901277244769 0.022109443213676361 -0.49298462573728496 -0.0018798984174079022 -0.009784599620284393 -0.52056804074511209
0.0024679435076457165 0.02163808150394185 -0.49303690781216819 0.0059990494717385521 -0.0014420159966522152 -0.49223492555029741 0.0021039733326255593 0.0011198112453179295 0.5212879772093254 -0.0073913852437513406 -0.041819719683216898 0.49046576117836943
-0.0028257862922243335 0.016735758069848956 -0.4783200652492734 -0.0078688536537651031 0.0071649350761839236 -0.49272279062276186 0.0067322085833949824 0.011714205868860969 0.51917144795282344 -0.0044088602083006394 -0.04261824564991426 -0.50643415211697995
0.027382043540749301 0.045948753862416189 -0.52527143930352616 -0.0039503815889155563 0.038786799863165321 -0.51280830557720392 0.0018771159234306539 0.01231884209588081 -0.47136423486623186 -0.023392793829541216 -0.035732410060195618 0.48225815063830363
0.0042870913939999375 0.0045765127635651369 -0.51580120473008872 0.018197712639031031 0.0074699108067081462 -0.50844601217239793 -0.016035750929191298 -0.0040912574983422347 -0.46812135893543427 -0.002443583254796666 -0.036117717567043676 -0.50426534578712845
0.0062421464970706273 -0.032576036456106024 0.50769258274762774 0.010382556662992258 0.0068030565696616868 0.50609694751866019 0.0068349419300244929 0.49648943964614439 -0.0010330198767744714 0.48593977780271946 0.046163040349970923 0.0064682565659093727
-0.0026078520124351357 -0.012586823087997821 0.50940195028557012 -0.0079389667321937453 0.0021806680803871875 0.51328379370113408 0.019041574232332808 -0.49181849520193116 0.0023278079907752742 0.48423443777674663 0.0080755771950800498 -0.0038406402377058795
0.018743913825073351 -0.01614218311350387 0.49307142454501468 0.01133973944846212 0.010976550323031931 0.50017751329012294 0.0060889126638512944 0.50207603409699741 0.0027186664065284088 -0.50258233095871341 0.033588656053594478 -0.00019884855141327358
0.019542346143265936 -0.0060089281230691072 0.49693158893008915 -0.010025372733921104 0.0090465607490798072 0.49923912586101049 0.0063875409554637903 -0.49450967306498123 0.0011111449561874401 -0.50821734168688193 -0.002493290978043117 -0.018601002514661319
-0.0036612276577228753 -0.0066673665036336488 0.50660152869867159 0.014194587336735346 0.0073354443663139913 -0.48737754410190265 0.011371349127549495 0.51021672368103721 -0.0018468198255015241 0.49493157954397055 -0.0096612994967354444 0.00065925828342904534
-0.0015650927670904215 -0.0014959496346643331 0.5037577270293474 -0.010709207243090274 -0.0081141582818112668 -0.49452475423611192 -0.029446295400412853 -0.50383358071324869 0.0058797681965378108 0.49542487119755541 -0.031983690267811699 -0.016416861923438584
0.013224566425211064 -0.015099397191696262 0.4899738417369166 0.013539929814949017 0.0041640080383925394 -0.49363450820059634 0.013191722773323894 0.508719456143231 0.00894799081172447 -0.50636117740529674 0.013746289267382228 0.0026232636613121897
0.015830787309694939 0.0085942327461726205 0.50244886339986361 -0.023042041504330403 0.005069528032358132 -0.50327751634204121 0.012875197116326951 -0.48618738894570257 0.0012668389501765442 -0.50637613551927918 -0.020185496234809506 -0.0024439977574947447
-0.011623732740653699 -0.0087826320218186392 -0.4909991598742296 0.016167291108448518 0.0042112002418868248 0.50226106064437148 -0.0026920363176660671 0.50485412891900361 0.025779662925836833 0.50042833462355085 0.0054582771195399449 -0.012427800126600589
-0.0052708261639111131 0.023410818884790859 -0.50464820467889882 -0.0098431086109215613 0.0091074732392211442 0.50442778906449126 -0.0031523563999089747 -0.50592395123601774 0.020592145491163501 0.4825494119566176 -0.022241716061168731 -0.019633315424252631
0.001256410306510868 0.0010469310079717373 -0.49826409479479672 0.0033031208511953253 0.013176836103839866 0.49866960478288458 0.004010784647817873 0.50133751181799391 0.021489726455116952 -0.50086617103552089 0.0094328798553253643 -0.010060161675245019
-0.0037916717598183319 0.025356735874361176 -0.49769613319852052 -0.013698968947269066 0.008455120596518052 0.49847952491380554 0.014475036317687663 -0.49154903800580485 0.029632915161052546 -0.50929948721859664 -0.024748426396045721 -0.01391708322574332
0.0040929346938559383 0.0040825421413283533 -0.50413084638210626 0.021487473422732693 -0.0059564025855614079 -0.503948449014469 -0.0025270457256902231 0.50119418336418575 0.011849455824788599 0.48940879448827063 -0.021763540896862534 -0.0045184195252840715
-0.0049802770507138923 0.029800822051624459 -0.49374708757921759 -0.0064648269387713453 0.014572380931977751 -0.49341597653020758 0.03482306951614296 -0.49800356040736216 0.042286854862600309 0.50851545938355158 -0.032455008368323178 -0.030623140606316667
-0.0073467661509349844 0.001415447211946309 -0.49810301150486996 0.008046979596468877 0.011557710383351117 -0.4898935457826859 0.0015881970723098989 0.51138454335906913 0.027847689937289043 -0.4988739291348373 -0.015149714356213831 -0.015700710486344017
-0.0074263326692239739 0.020766438502563267 -0.49994341817676735 -0.0028794738973275929 -0.0072387245730338142 -0.4986761585255729 0.010177818972659359 -0.4870981339641986 0.023646704722481579 -0.51096532487546154 -0.041754159160958558 -0.0086753596203317102
-0.00411642168409951 -0.024095326387328291 0.48570637658861038 -0.022494615654745587 0.0085903502448523156 0.49329847260630588 0.49719388938492137 -0.0096186039467089056 -0.0051214713537929488 -0.017682111873554441 0.52146796238790172 0.0025685801050152725
-0.030179568560264044 -0.027903346531474842 0.50011881470205266 -0.0090116570258317076 0.027386554734420872 0.49569078588865539 -0.49078840220711617 -0.012892828451515464 0.01081735281185711 -0.017199102937226887 0.50999815756421552 -0.010037617660535215
0.038885995055652676 -0.011254977048811675 0.50486375893435087 -0.0035019705238226203 -0.0013915761950150482 0.51419419704538849 0.50938018455498457 0.024265197771823063 -0.013721964260575464 -0.0088246922130142819 -0.46769101996673834 -0.0024263850282066827
0.036693733276760822 -0.007877835610378487 0.5111943815182125 0.011587177983557202 0.010296487241772165 0.51837761601544186 -0.4918233003766595 0.015539658732981087 -0.00016914527087718867 -0.012175454007742469 -0.47534872249822946 -0.0089365967506208101
-0.0092221835131915727 -0.011225585934670674 0.49329035371861257 -0.028335056973266007 0.0096465582281494155 -0.49746958550116926 0.50705822202940309 -0.015502890629760924 0.006478596886133791 -0.015893565401677898 0.50042945519984638 0.0030078274390014249
-0.014201118513328686 -0.011991743913648429 0.49579899338218231 -0.0046568158546582625 0.019718049619695397 -0.50758048057822469 -0.49737435093491705 -0.0026623593439084451 0.019244811814050997 -0.03126246574560422 0.49691671364478096 -0.011278068202303976
0.029850126348936874 -0.0058745640089057838 0.51184600050840545 -0.00290860073727364 7.2376051139738467e-05 -0.48175926877595132 0.50813225664590822 0.021803961109992248 -0.0091000993752834314 -0.0096297807790107284 -0.49612323027982247 -0.00025670255087782153
0.039274032990685964 0.0082292832460131443 0.51325849315345962 0.018161454699104417 0.0057986926839680552 -0.46884112796575766 -0.48883075118940483 0.024282770662672693 -0.0097774270202569992 -0.0082813729686100832 -0.52426237522906793 0.014822561595391035
-0.020180129726032718 -0.0035951608788255996 -0.50192022549091464 -0.017126950975979483 0.019146354107331093 0.48574754191006198 0.50304311458368223 -0.0034442420942783049 0.023603973683735353 -0.0054895330915112357 0.50690207405936183 -0.021073714956719954
-0.026091513462398953 0.011504450469449326 -0.51336744867289619 0.010538334006802675 0.011670880911670702 0.49096389880020253 -0.5019221600546121 -0.0036840099678050737 0.042503198586527471 -0.01054435307251566 0.49031990880980014 -0.0087853507240746934
0.018626366200865888 0.0024121058776867261 -0.48621824814122255 -0.01569318766218664 0.0040235281150013159 0.5139725125170872 0.50615263814832423 0.020046514859676158 0.0096326706128566086 -0.0047014532716585346 -0.49189510393047431 -0.011866158685332912
0.019218915203336132 -0.0026975450321164449 -0.48109625144694185 -0.0030783020951602662 0.014661263848630663 0.51651814483483105 -0.48644099123606532 0.0088988422323597969 0.0077433002474281672 -0.0024745229272409982 -0.51410061491091386 -0.0092075667709953252
-0.024121029596772051 0.0046042339171361258 -0.49483329220002026 -0.038988917580077442 0.012370721278754927 -0.50255702042058581 0.50571498541856241 -0.014331146347469648 0.032329420363242156 -0.021315154213753542 0.49256843013024298 -0.014968195114868655
-0.0091889061911502225 -0.00037117650543673454 -0.49947115746856185 -0.49729446127541088 0.007172118882402264 -0.0043079560900001618 -0.0085100739157656941 0.50457059257732662 0.042096495461354501 -0.0026877759349441038 0.4961583510058688 -0.021350819739192391
0.0099041671891150918 0.010386468605643495 -0.48635340403615257 -0.015515104301346243 -0.0016106665374388831 -0.48320955934558535 0.50902905260205866 0.015948563191216181 0.023145056813181412 0.0085524183544645454 -0.51916690092944362 -0.0034003790109506352
0.023826772566701831 0.024701259680722457 -0.48415733005895989 0.0064754031244721377 0.0063088762858889503 -0.48185438766546784 -0.48935028356250926 0.0021551298673107341 0.024009136089972495 -0.0070395638270816111 -0.54041998798284752 0.00057153988913280116
0.0017499239344462272 0.5290602299299445 0.016281619274815237 0.47558041612142116 0.011037607854776079 0.0097483941874629068 0.040255790306583918 0.0080072124843039612 0.5044181894210783 -0.012651229619310532 -0.0089410071204375826 0.48689955681726632
0.0035310071031158892 0.51550648162793189 0.020103219181335841 0.47361528332903263 0.011105597413362289 0.0035935146838210444 0.033119400677985751 0.0081782968232454161 0.49422669089303228 0.0022174522161371685 -0.0071463701094305809 -0.51372072840318461
-0.027845243335424142 0.5342079471380724 -0.054820992475682014 0.47502340180142033 0.019553861104119212 0.017204028987054878 0.021632675828360152 -0.013962607061138662 -0.50296583551284713 -0.0091703183356213192 0.012856989152672964 0.48023811844189834
1.8749323350598511e-05 0.51537328062970555 -0.012008782910622783 0.48027184856889932 0.0060214914426391253 -0.010001367519529313 0.017338209373688015 0.0013893662176319714 -0.49378998630119258 -0.011250740825264949 0.0039659292317535998 -0.50909275576981816
-0.013370308209645897 -0.46619192059207637 0.0027833428021611273 0.51522975736355936 0.020951364395430192 0.017754738433249401 0.022441698004318666 -0.01354705908594624 0.52150232843834932 -0.0062142777445014941 -0.0066258469204228407 0.49348590402868314
-0.0054150987595987651 -0.47252664583184084 0.0074429800397691577 0.50477424060022602 0.012763000056234377 0.00036098058193577626 0.027513021357928949 -0.0098029964570718851 0.51768019846116631 -0.0023336227742351873 -0.011737010661839929 -0.502677563756739
-0.014651709035487678 -0.47183833991782503 -0.024528114188092583 0.5036257217094553 0.014766465988209453 0.0058696977965488374 0.045371208111341287 0.034485679558978369 -0.49501082187437312 -0.053939325802457645 -0.033087340928891304 0.51997419666007949
-0.010637592004358491 -0.49293539694332383 -0.0033001598407711346 0.5026280197551537 -0.010156111329406633 -0.0095654322879508581 0.014509977999955671 -0.021278202942291241 -0.49204777511711273 -0.018084346881117413 -0.0052679549006146168 -0.5108150011069168
0.018852410563195768 0.50306035809052796 0.014746362067586965 -0.516508606771797 0.0024561661961368599 0.010881318647190334 0.0012024674096371424 0.017321196607779449 0.49963425842801412 0.0035168196764038188 -0.021492430713223373 0.47858298783912434
0.025208838051678378 0.48316809845622999 0.028705702497179901 -0.513904726856523 0.0018875323632022276 0.001974289520365562 0.0049973458934871153 0.034314028592412324 0.48924386264698894 0.00042957395410878882 -0.022320858999688865 -0.50982660624684628
0.015993940820306533 0.48823061256411898 -0.018658512851614524 -0.5087581076035157 0.0070557221599314253 0.0037573820360047739 -0.0070397884026739896 0.039245358423561402 -0.50688365310888406 -0.028354802302305623 -0.0071265360116760388 0.49269933288620382
0.026655470676884743 0.46259684792763134 0.0061242955692792081 -0.50613768057100061 -0.0076203402122854971 -0.010301222019121122 0.0047610740763485478 0.013711304291794398 -0.5130969257296164 0.0077065644567410174 0.008475016265904866 -0.51507888599611995
0.012797590510510029 -0.48917724295784087 0.0062374533013671634 -0.47918570793944898 0.0031878432969296815 0.0070868541402796803 0.0096493494833063149 0.017552228968853886 0.52400129374036397 -0.020707551578363879 -0.026510540423019719 0.50469144465801008
0.017099034927543794 -0.50431795040695837 0.011756998834839062 -0.48676927965286637 0.0063483062705433912 8.2485428253645173e-05 -0.0050234842614376388 0.0032397146675911407 0.5113298734170626 -0.0098097997208690928 -0.020045432571248308 -0.49624201690168723
0.0069804781293157717 -0.50718405687747403 -0.0068262181926457763 -0.47778087416874893 -0.0039852646868847597 0.028831570367428186 -0.032713498639151135 0.0022734026746738618 -0.49910309774914191 0.0037323347536891752 0.0056694865342657068 0.51314908718387975
0.029792048177338767 -0.54431740736179357 0.0087763711115964038 -0.49167435580249036 -0.017753536094551225 0.014202934052658229 -0.0054604374297040894 0.0081876158984573559 -0.47811700089169828 -0.0170907676753673 -0.006974228299247388 -0.48110282841850699
0.007828128186365451 0.52772042046170742 0.011745690679928504 0.49527775461994783 0.0071698201065029795 -0.004255474212152009 0.0074478181404712207 0.49182490175804594 -0.0031770851055567349 0.48327760443219603 0.020669710018261542 -0.0007547666308491787
-0.0096523133288979514 0.53853980007464508 -0.014640079303651094 0.47066917539393199 0.0003098785742461164 0.015050755652636213 0.032034129575779162 -0.49737372930268636 -0.0043976437337289922 0.48906056563222278 -0.0099037500450469707 -0.014381177784931042
-0.0044178623588397182 0.50801056646985765 0.0067511243987672448 0.48893672752424727 0.0098918302110292209 0.0020143265398957478 0.0087944135710926845 0.49660853259207743 -0.0029582855851589774 -0.50535378425920285 0.024695546585130082 0.00083350758686776309
0.0023531700274451502 0.52317805394142847 0.0096879641784405161 0.46724718381055474 0.012159035099167412 0.0084943521061786945 0.029627977314883557 -0.49411337852875498 0.00048709235597366651 -0.51185273888123528 -0.0096954659830177717 -0.023067062733107629
-0.01038279036716048 -0.48969863797759022 -0.0060650371309307512 0.52357065277048431 0.015320036857744799 -0.0017235779984597472 0.025330312446737502 0.49227722606485907 0.011587564896123479 0.49239827458613322 0.0086136427952395542 -0.006613237493546564
-0.011636506176900931 -0.46474616571045785 0.0017557062560594337 0.49267519282087746 0.0041732944363973758 0.0050810637604626037 0.048703919336653814 -0.52956827024953301 0.038747633719754641 0.50425970381097518 -0.037486976549754691 -0.033185922156802009
-0.010030633152726906 -0.48341402171397158 -0.012711355903179112 0.51808910980843148 0.01748296644319574 0.0059369202210561205 0.019838292427827042 0.49103153557668122 0.032659796039930473 -0.50441038795870474 0.0094154399454434538 -0.014169881999902181
-0.024643025163658135 -0.4733244655343396 -0.0040856385035796527 0.49319805551555956 0.018208330581740706 -0.0094044013476407423 0.013469639024101535 -0.51368569126869601 0.011769925550271983 -0.51696465096542055 -0.013416764333172609 -0.0070893944561817059
0.028372715427626302 0.48059872618962418 0.024162563198120469 -0.50168547792268858 -0.0041866355682909908 0.0066938457179196243 0.0031658013442533799 0.52005120999519672 -0.0033192387212792477 0.49529867471995082 -0.0076453098451547841 -0.0056427913483145338
0.0055133154409991343 0.48898906023385236 0.016490642952257797 -0.51889366123616965 0.0020824178606240152 -0.0038859962790002839 -0.02361057039512383 -0.48456444449879871 0.019250128937880043 0.5026501624301406 -0.047221272283290469 -0.026448633218803471
0.026098216712633193 0.47205257707543419 0.0080654062398592633 -0.49798425065800939 0.0031577083941248542 0.0019639019634702577 -0.0023208101800233356 0.52584401671186187 0.0010192611444138837 -0.50166262514761284 0.0013438139057786443 -0.015248100726304758
0.026649247714152967 0.48867911096037631 0.0066875673436197066 -0.52581570097581121 -0.0077952554071105302 -0.0019733515304161597 -0.0039187519711536296 -0.47590631466120775 0.0084894861189966433 -0.50711826972685126 -0.011747421036637224 -0.0031335788973964273
0.012256894790781044 -0.52608918373240421 0.010616498493321212 -0.47335601907981878 -0.0049329592573011871 0.0025560079155196331 0.0043658982709463123 0.50348455809390702 0.028899416738077582 0.49437459301880221 -0.0084385399775046919 -0.0064850915969905266
0.0042325936120192796 -0.49792791304611528 0.0018339304600913694 -0.49316424288734256 -0.0024378062242989135 0.015692606799520017 0.0010998093682731234 -0.5110740037463315 0.013374716899317598 0.49677466349652649 -0.020527089800040157 0.00043167591003618965
0.0069568167263701422 -0.51546222593275426 -0.0056204157395877107 -0.46947703196208507 0.012846474307606898 0.0036540980171776895 -0.01580115323222513 0.50907676856151018 0.029205311427910222 -0.50335164274521027 0.0022096295852271561 -0.0014483524128587691
0.013037056800805372 -0.49944906399318784 -0.0012833187475892621 -0.49937985145970959 0.0058612755292289124 0.0041659273592257419 -0.0051430284652739522 -0.48526558589172786 0.021937213789762246 -0.51396972342612868 -0.028004998593861616 0.0027454848956198676
-0.0085433941432381585 0.52271997014720695 -0.0070652298121976313 0.46478255554930326 0.024894670270494381 3.9869649541446827e-05 0.50668928773528832 -0.0086389293749975157 0.0051296519049106003 -0.010611097177949296 0.5029221270272185 -0.010959728149156129
-0.041462487923138183 0.53961137933080561 -0.027111053385615484 0.48358816625244361 0.020510274007755472 -0.008570840536838294 -0.48306176877721191 -0.032266354245082736 0.018781608204380993 -0.0072646856721129936 0.48700616426585519 0.0065915416582833508
0.018957518359138038 0.51244619141802239 0.012040328105546227 0.47442048279245425 0.0018457274436557839 0.021094038905254367 0.525361248580828 0.013595719540263933 -0.012633018710942074 -0.0068993368409644932 -0.48460786198844391 -0.011407243573644353
0.024866253677393375 0.50235023263264544 0.031436917858176316 -0.039199125559062777 -0.039157120719903557 -0.52083559426215387 -0.49047766850400365 -0.0036595291781179183 -0.48070279867722043 -0.0015415205218847904 0.0051489603137469999 -0.0035016297069582164
-0.040811573667531867 -0.48856293844434268 -0.013742483808929697 0.49711549356734047 0.016324800061503268 -0.0028452532871855768 0.51285269550721679 -0.021635790921384696 0.025294566095164294 -0.016341370440427851 0.49765093281046963 -0.0020261138657620887
-0.022976133154582936 -0.46788971211684377 -0.011425606357661277 0.50603269556493713 0.015260092676682619 -0.006486597156101814 -0.50435975768037333 0.00077709529356226261 0.065135103300085387 -0.047795644874037403 0.51141541626793896 -0.040306728670399895
0.0039520771126305091 -0.48344662038875447 0.0021787367068875295 0.50011700491592015 0.0051008342671794533 0.014729177734416938 0.52416548340351643 0.00039693249187035983 0.013361976741470166 -0.0091175570587006729 -0.49076965380460397 -0.0057338227066462549
0.033528756881246971 -0.52358451282630281 0.026755881962261314 -0.011995496212947822 0.044866628837627071 -0.52201376435206448 -0.48471143968245783 -0.0049960719679113703 -0.46209644934570687 -0.0096513910364290304 -0.026920162474435908 -0.0065431793919372983
0.018303584929485854 0.50036920737394031 0.016600384224377242 -0.033610309271873411 0.0084453912880347731 0.50035200836319882 0.51042840121817701 0.011573181901684489 0.48620800965012517 -0.0021528470714711695 0.007616050076344783 -0.018302830687435465
0.0044127469167990572 0.48722086996254371 0.011111452018191142 -0.52451725896392876 0.0099985086869869063 -0.0043924178211675611 -0.50192589667971832 0.018649699724251467 0.011319876436995573 -0.014979724903251777 0.48372140495987209 -0.024878148558582499
0.012331719948344214 0.50654227042448496 0.016839363283678785 -0.035510403202855693 -0.0026031989436540088 -0.49070737891420091 0.50899036031858003 0.018716120019416912 0.49121750198019015 -0.0046091750547915672 -0.010295877577515145 -0.0086273873249633291
0.014302363612618794 0.52252692197833328 0.025486207686545949 -0.0079833282363752367 0.0063664124628656955 -0.48118665230911806 -0.48376033028424736 0.0094402622965352508 0.50935739438663508 -0.00037039740640323248 -0.027291646642243469 -0.012788675728509771
-0.38148280638283816 0.38270810136296107 -0.36197944057682147 -0.40661931167606125 -0.38854693454450773 -0.3804155311577026 -0.12717377668242283 0.15041431957302889 0.13252120874609571 -0.12239351675549391 -0.1676230259433247 -0.12851124978495104
-0.011388046902013879 -0.52084805047749128 -0.00064060277495647799 -0.48860589119766251 0.004154747239410817 -0.0057322058175793391 -0.50625571659275315 -0.012055781685500866 0.043298292672655857 -0.015919241685053116 0.48077593032335303 0.0093552803831955453
0.029942298862559009 -0.50896099254152771 0.0090404457288839873 -0.48798865609878372 -0.0044861217455958368 0.016697774058581406 0.49603125454679725 0.017603934425873876 0.0075987907516708413 -0.0076167133008483382 -0.5049536224254686 0.0098867075171111714
0.031949990619950699 -0.51456975020214923 0.012481865277713566 -0.47954206172577696 0.012412765943018487 0.021776199290794489 -0.49264665097069305 0.010119369995394608 0.015675363231306323 -0.0031417344237825075 -0.5101841671042282 0.010291185750574312
0.49997791369642242 0.014264888846989513 -0.0032739262203808723 0.0081982650461357252 0.5056350421499769 0.0078197588526671101 0.011947458666068179 -0.0089890007737453842 0.50442740083668347 -0.00041097670976164341 0.0037917944344929119 0.4892112334314706
0.50556050220539039 0.0022345897877286444 0.0086968745806884629 0.0017041307841190686 0.49993039663580252 -0.0041880024943798909 0.010864969355019082 0.0011712952588052933 0.49337799964314449 0.0036076142454794981 -0.00046790747593116161 -0.50082192528113123
0.49341794749950796 0.0062028782308339052 -0.013469162382534389 0.0086057119334972954 0.50573077807575284 0.012977507287584117 0.0072228053259489377 0.0012228530493447341 -0.5012247148266703 -0.024516997110791316 0.0019420634515774989 0.49842552842740379
0.50017353299961642 -0.023017118217896253 -0.015391773711137011 0.0042280046681603591 0.50012541173005565 -0.0173063660083289 0.001400310280310619 -0.0060411520220353433 -0.49571260174633625 -0.0095746162731684178 0.017506418516293164 -0.50244337072828649
-0.49023487822638168 0.032100827489620301 0.022554082126245038 -0.018716583708475489 0.50415527460576792 0.017246286964706415 0.022567032744307207 0.0092723901719849611 0.51206864279228592 -0.013950120251072628 -0.0431620724028563 0.48830647663638405
-0.48282695654337088 0.010520874561827187 0.029575288424705661 -0.019538600826380339 0.50294554028984606 0.0035134776666058982 0.013572343174197352 0.0059755451875781844 0.50466084678517276 -0.0039251591801500608 -0.034665083134577633 -0.50638410798753641
-0.52587738080937607 0.012965340294523973 -0.020311671385582999 -0.0044150241687463615 0.50574255234039223 0.035387115671436535 0.002793498417607647 -0.008999608810707424 -0.47472101412353845 -0.0061721103416910415 -0.020182946042693835 0.48982727830148987
-0.5057860311533714 0.011564479315424089 0.024765083970429726 -0.032085970414264871 0.51029609623608185 0.02275179584268151 0.001487515429143615 0.0058653066751205903 -0.48348760210337893 -0.0064934130665934304 -0.018011550856813295 -0.49731351106641303
0.50646723681547867 0.011470621882432471 -0.0046827586352439108 0.0086493713892934788 -0.49065596078901463 0.0047592289891787215 0.015985286424484275 0.0074281420185628409 0.51205430199533641 -0.0052285737962590962 0.0053040823817620819 0.4898274336459606
0.50558000147848181 0.0011621973696898053 0.001394745791333425 0.015280878002862012 -0.48891002161959268 -0.0030679521791784031 0.010566539414411831 0.0099297819709409808 0.50407369295784454 -0.0002865337994936018 0.0080355095672845021 -0.50074389413183762
0.36831803310382505 -0.39856543115388421 0.34628502095158004 0.40064066836573242 -0.39395064314255335 0.37772114038636317 0.11670147877222806 -0.15494868571468481 -0.13948896059800875 0.1213481763370958 0.17477258740078236 0.15758951703814611
0.52101788167469298 -0.026380519399984426 -0.02231377923918261 0.0062984656698741089 -0.49631591833855637 0.0053986735508414988 -0.010310181419429661 0.012923732084637629 -0.4835758532488198 -0.0083550824806248088 0.026894127144867976 -0.49602035570121156
-0.50200937197566886 0.020113338152618964 0.006058373696157404 -0.007252825444524786 -0.48946133438680595 0.01290092481002964 0.01436148113608387 0.011087047100072149 0.521764637714901 -0.014596614998530008 -0.030480823825203104 0.48378120186035933
-0.48151201983731223 0.0054512612229516318 0.02621911113777203 -0.013331553858897026 -0.48951698672342753 0.0073493968296242948 0.015869229586585352 0.023195287358091964 0.51320534190886946 -0.0080037424847001493 -0.033252782946567874 -0.51208496192236608
-0.487359743432008 0.010452799385377659 0.00030771473300120677 -0.014219921532904122 -0.48697048524657055 0.016141979523781845 0.046019480636913593 0.055736379972562214 -0.50125971677826464 -0.058154175382317458 -0.061451967847328197 0.5110031397399053
-0.50546504651425961 -0.0058014897953707501 0.011075730664710624 -0.016472385444105869 -0.49768695963725418 0.010674029592794686 -0.00071616962915410664 0.0083504677227087872 -0.48379081791512568 -0.0066511777692539568 -0.010204668951420418 -0.51185838015270912
0.49950684771259707 -0.0030819671898403662 -0.0079449753402344152 0.014554993807267678 0.49936605818735591 -0.0031692449286573514 0.0054753310936566119 0.5015149789301091 0.0012423412092821319 0.49902239403297444 0.015873040581724434 0.0027992835404259853
0.49281494373162454 0.0053662340804185573 -0.0060650922788586447 -0.010216002991456304 0.49993024329837987 0.010552733867147043 0.010897043705953293 -0.50301103330716623 0.0093550017304228142 0.50323923612091026 -0.0173650287710332 -0.012010000218337268
0.50379665296367904 -0.011856359031424863 -0.012932777706617427 0.014596199784760743 0.50400251028204934 -0.0038908835350206176 0.0059917087115928394 0.49433197642926252 0.0031925883543070174 -0.49656295321550409 0.024216193718770606 -0.0079370915317383255
0.49751187655806134 0.0083470207263103714 -0.014010321060590003 -0.0099786015636227389 0.50034448302826717 -0.002055621927055851 0.014388636387221085 -0.49740704526605528 0.00388205758782689 -0.50407570311740491 -0.0040290795187994891 0.0048115695331112183
-0.49915444441187484 0.010107754056325321 0.023663727476720062 -0.0019473320143252309 0.49867797303588124 0.018778870687464814 0.023569180290017425 0.50029229724519653 0.013277458383196191 0.49892835875537633 -0.029430009565621029 -0.018075690287456959
-0.50361236183102309 0.018228869275036075 0.0044657902993907803 -0.02014401432406664 0.49725396009036826 0.023965440905937344 0.019027726160840898 -0.49505748518406995 0.018647524098040023 0.50062404778534453 -0.036286479602452425 -0.006919940674578547
-0.4891668057635114 0.004207188467023372 0.0094950335689482426 -0.0023008031581050361 0.50501910206963341 0.011964243463621705 0.0011860339422663368 0.50572183850170416 0.016105698422392508 -0.49883911435567979 -0.019801084472434574 -0.012935481306471047
-0.49472482692471159 0.026427304394503508 0.0073011463568717853 -0.030073406880860479 0.50472098768775731 0.013612405335782183 0.012929238346481423 -0.49035377271799474 0.016550014115200153 -0.50596005054362647 -0.040473504349725034 -0.011877953738607415
0.5174721534162815 -0.0055918443178693128 -0.018931439948221492 0.026374681298522051 -0.48892838974033387 0.0050603180235381734 -0.0097525818488547102 0.50335740860556299 0.0067316536140258855 0.48723381846689634 0.033672830361368686 0.0045759367970838096
0.49145298598520482 -0.0079338767345137097 -0.023241913742627442 -0.003701583086529027 -0.5117550107465012 0.0055459825332052261 0.021338879332226942 -0.49809956361157337 0.020063961895200339 0.49658689486317342 -0.012801219075350185 -0.014480261745571028
0.49976292034770115 -0.011716165288936334 -0.019686803374675405 0.02893068106595844 -0.48615581491054538 -0.00023722651226645039 -0.0034959798641176387 0.5089861769991878 0.015704683642796126 -0.50143836956182353 0.040956483044066863 0.009165610875106936
0.51444840738525688 0.0008183208606079382 -0.0042653585634738755 -0.010023523313504349 -0.50048267393196433 0.0021838042147288537 0.0020780565543805996 -0.47812003887199384 0.011104325473393743 -0.50591342634037373 0.0070698779829632304 -0.0033244878017026532
-0.49657516112688588 0.0026865377591065399 0.0098429574271828579 -0.0010570876263040448 -0.4912424203475127 0.0066208474789599498 0.0089319295666861875 0.51545338819735675 0.017893614399690491 0.49564455976556226 -0.011696448039667014 -0.0072420109876185695
-0.49542026510284398 0.022551701363850808 0.027696532026313371 -0.012836020313526061 -0.49454874314382435 0.01708545854082491 0.046371082225512728 -0.50277804689558558 0.043941841090044301 0.49593118856401314 -0.063207573725659549 -0.037922023633714393
-0.48762528599315874 -0.0028198932502623069 0.0083798178806966748 0.0023358372408884298 -0.48370035773729964 0.011877851889584345 0.011078242288622402 0.51857905918610503 0.028603258800775151 -0.50771851079465757 -0.012576297909622131 -0.0151481937168567
-0.49633010658696919 0.017812785172022932 0.0024194237489392921 -0.028312206407154289 -0.49120363140053075 0.01395641806126083 0.01118071420030177 -0.49057334404471037 0.0079316723550333437 -0.51815741409260674 -0.03757720192349788 -0.017510815617012732
0.48382105453877239 -0.010662535765880875 -0.01771056297598975 -0.010507451792821304 0.51095764764404805 -0.011157166220075678 0.4969003125903646 -0.015130564200198945 0.0085531916912737534 -0.0032519184612829523 0.50689929255690913 -0.0027834162508056301
0.48008888582379972 0.0069103117141483261 -0.0095621392412988618 0.0083644427555720369 0.5155065534587151 -0.013711125098970177 -0.49724559394313833 -0.012177910351790385 0.017432375715836043 -0.010587524970129185 0.50532924113671418 -0.013978616824734561
0.51624887619203386 -0.0070996877699649567 0.0019023303575469548 0.0022220358838216194 0.49477317285354089 0.013645465210071199 0.50707561812979696 0.011441819201622615 -0.0073468844316317942 3.128892911055965e-05 -0.48075950128649575 -0.0010822051408093569
0.51899365805882447 0.0043694106618670323 0.004653319623795585 0.02364034249892813 0.50636361770915417 0.017679697495446324 -0.48143473279227667 0.0091327859482307622 -0.01031875451765892 0.0068554882780063105 -0.49121646223245691 -0.0044034105786278253
-0.50606654188668643 0.0087179400527649907 0.0076655280050528223 -0.037546071011594712 0.50986624078489717 -0.0038368991436791718 0.50607409514050217 -0.0087547576829177277 0.011500459078643102 -0.0079867221181818011 0.4751897530432983 -0.013597588315345091
-0.5266916442881826 0.020162272158696683 -0.0064281537272880178 -0.00020498278408984845 0.50669078411480628 0.0063549810072667853 -0.49933178169681991 -0.019945207164280537 0.021359261374803366 0.015562822568030517 0.46349371927008781 -0.010826271413508212
-0.47111947777001989 0.010265764351156208 0.026801128587982254 -0.016495595012616146 0.49440157139835039 0.024845170411711158 0.50932589777883941 0.002608286030728765 -0.0057277723720692 -0.0013047608898526888 -0.52194693886983312 -0.0042024074625252031
-0.48404468060776207 0.022913206918995656 0.033932459327296174 0.0010609191394843343 0.50530518016891846 0.038842838181616275 -0.4789219427667929 0.0083705827826164661 0.013803721316813186 -0.0074549937713905496 -0.52674952235823402 -0.005799199639592874
0.49431040227034356 -0.0096692096074583143 -0.015950567264178084 -0.023221308891772145 -0.49482660196900841 0.0020384150113716692 0.48751005222190769 0.0041739678360144753 0.017251490301220727 -0.0031415613441103077 0.52145319901948983 -0.002857715939920315
0.48738515164948232 -0.022370350012267403 -0.039434415143764862 -0.003915585157654897 -0.4936494415498156 -0.029003127476746656 -0.5043326976940119 -0.020519399965769354 0.018290233978427172 0.00033498105190601132 0.51058907724807201 0.0067496315900778562
0.51880966363768399 -0.0076729667386933138 -0.0019214509455089063 0.0070447780390649507 -0.49566685889860307 0.017902117305836938 0.50992512986517258 0.021157002612214568 -0.0012297732781910372 -0.008543572885018778 -0.47346817028630533 -0.00058883785448921424
0.52629463295295886 0.0016683371843690688 -0.00087271424665913216 0.02593052743251599 -0.48229939621408913 0.01807044897249932 -0.49188770847371921 0.013310100916707724 0.002551368505115636 -0.0075810171748626459 -0.49718265628761998 -0.0036772038989628963
-0.50365076686034449 0.0020624484394367324 -0.00057258994397428717 -0.04033449480021533 -0.48709181654436801 0.00062310766702309162 0.50715490164606247 0.018790775805513797 0.026879520491273307 -0.016955136827835792 0.49873246371492419 -0.011932428121799532
-0.5012501088118223 0.022789363811295951 0.0041149616504090551 -0.0095624624196216316 -0.47536771079075896 0.00016963086674831327 -0.51554245746980509 0.035528913638403346 0.067258755860834185 -0.054140535326331472 0.49515882950322765 -0.04962435974919862
-0.46806177610034394 0.010610732315675967 0.018382829423324868 -0.020354279880872048 -0.49358384922878556 0.026316060430937659 0.51841774155345866 0.033169080363066837 0.0087993844434638788 -0.015482571160216783 -0.51477587568807148 -0.023818600170357231
-0.46077617981115193 0.019950483802873582 0.023869401162897288 0.0045455212851194145 -0.48550890979821992 0.026304804953286097 -0.51207705951848603 0.021480707262826658 -0.010488467404093047 -0.004089906239421702 -0.53591740707913094 -0.016355360601157096
-0.01142415246831666 0.015826021554135414 -0.019763139432940249 0.50998470092805714 0.029503231593410131 0.51522827427896933 0.014629599358038045 -0.0097523186303028787 0.0035708155475405053 0.48682610041902269 0.014250707602750519 0.48506578450164284
-0.0034122615859313479 0.0035671325143169803 3.7102804846374021e-05 0.49566613170611068 0.0078739121288487965 0.50527832033234887 0.017102616141130757 -0.0041435863865437418 0.006706886528404404 0.4880611040917639 0.014752637886572434 -0.51004568842749953
-0.0022436634004706301 0.024308673606766317 -0.010106768058227373 0.49640403079672479 0.020491537114987263 0.51490104353506816 0.013468679384941807 -0.0059893764070027443 0.014003660885529425 -0.50812464892130071 0.017444328837122203 0.47794729224160371
-0.0037380548138535386 0.0043519010176481642 -0.0025979241194446683 0.49154723807397077 0.015504091814639798 0.49561862335998036 0.0051714005469891038 -0.011553483600163793 0.0038331769878208743 -0.50073074835864462 0.014361203647058701 -0.51122500781640734
-0.004710365645938238 0.016113383955367523 0.0062235547620463853 0.49063636557402285 0.0045001693544139887 -0.48193903289217205 0.052190039568745739 0.027053343602991001 0.042345629094952847 0.50699926057029121 -0.041929322165275493 0.51245951869037221
-0.014445992184077081 0.012090464740615918 0.016427166503599204 0.4960822432675136 0.0093179309287541607 -0.51187759021594015 0.0084584596828639804 -0.009445145067876054 0.005510316237489995 0.48794696269917787 -0.01136811945383232 -0.50275203276324076
-0.012278270605227437 0.027525903952864906 -0.01121289734419813 0.49432885389109854 0.016965417296302236 -0.50420945319923971 0.0031865197022409772 -5.2819432915879791e-05 0.014025758339270493 -0.50608058799253541 0.00011730049276315972 0.4937260088853907
-0.0048816768731310932 0.016301522126243626 0.002636016381875893 0.48851156963386777 0.0056890096123059109 -0.4952935085162618 0.02728740750910897 -0.0080840848607259506 0.018106795448547243 -0.50214720272779301 -0.01575904105810667 -0.51202922894070069
0.018429482285597484 -0.026783320224358378 0.005647312280341139 -0.48509740207755037 0.012342893224143772 0.49524125782543238 -0.0020113403958072502 0.025730074041795521 0.02583729955609626 0.50566493513748878 -0.0076240604683066177 0.51096631460600639
0.022739836212578184 -0.030649240806552947 0.022565461313525204 -0.49582083318291825 -0.000477702547102017 0.49808572516798583 -0.002717973260821942 0.012989839018630321 -0.0030396575693122877 0.50276943655497541 -0.010405187648405865 -0.50103459993332666
0.023050104918374847 -0.0036270899319401145 -0.0038917467500106167 -0.49093071038908509 0.0053291795531738503 0.50085737534525043 -4.2480119900612991e-05 0.0063941048263694593 -0.003392077971104334 -0.51192999677917195 -0.0033606531223610027 0.49538359886834316
0.021518376246800995 -0.017569951574797089 0.0099637629428108113 -0.49969768902399347 0.00086889983049083172 0.49779041842567084 -0.003596641877628746 0.02133054488850503 0.0058201350295663734 -0.49809815803105167 0.00049202846378361149 -0.50302219092044631
-0.00082277181891551214 -0.0081132341867600974 -0.0041106591474306302 -0.49480487737828482 -0.0053045474640682471 -0.49132913335514866 -0.0063115243458850192 -0.015202385444303497 0.02025052601620906 0.51598266544305305 -0.045761427251988902 0.49460997548141222
0.024336374455085141 -0.020689005117430711 0.019726490112396477 -0.50482457813414527 0.0010083239413511806 -0.50072293383481847 0.010215867548298006 0.022010160590331548 0.017631140693792211 0.49883567917686272 -0.028190390776352662 -0.49242953045764404
0.01638546754296398 -0.0094858406071495014 0.0011321080944251547 -0.49764269184943588 0.0092020405591880967 -0.48957552519619729 -0.0093749946976598459 0.017834695800445024 0.015337617835743179 -0.51697187784853482 -0.023668638249933691 0.49372238767985932
0.015075246039297155 -0.016739115352740044 0.0096008673632518946 -0.50385463484071469 -0.0027214529436870465 -0.49086583851270632 -0.014122010909807813 0.019468517925006808 -0.0012806178730306974 -0.49936663188650643 -0.02062947112820479 -0.50418398334277315
-0.011500834926988704 0.02371260307325624 0.00031431361182548457 0.49223556225896947 0.016463957917823936 0.49426401674686082 0.026831032905824802 -0.023099521398723247 0.51164742593034718 -0.0013121515061543635 0.49925179638881939 -0.012282382876657998
-0.055418610393023378 -0.0057651682372334241 -0.015864175028498042 0.50102031474015918 0.034717028747255546 0.4971840304227535 0.0056057880245963098 -0.021810062930571941 -0.48118014444965573 -0.0079210047965470824 0.51478522008166461 -0.010829597622720838
0.00767449272957245 -0.48933119674395226 0.0037356070645665086 -0.001384869413188437 0.0073414490175390994 0.49918565886596611 0.50338088874063092 0.00019067262072464225 0.50766345708205562 -0.0059499486811231796 0.0062797106767368185 -0.0071142619129105009
0.01436947231759742 0.0026671371921561968 -0.011196490581039423 0.49766613032830703 0.0053876512813028059 0.52447416493056287 0.022092726081090128 -0.0024848139279806188 -0.49416461383693555 -0.0061960788550995067 -0.48178005463095319 -0.0066293780513656123
0.36753337691294208 -0.37085777025252786 -0.4154698481444849 0.40037603087796036 -0.37699660550493919 -0.39149542851780811 0.16875173403348603 -0.12967273880254437 -0.083873642629898562 0.13141085602791747 0.12101839293096003 0.12178357771662417
-0.028243417116029148 0.0049184628596956126 -0.018059248760473372 0.47650077798794827 0.0066698834951630327 -0.50103469365013964 0.056895360222450508 0.019928994173144334 -0.49711026416331627 -0.039989995816151466 0.51564729446217283 -0.049744798976521058
0.012682233511479315 0.029795109719581842 0.022797977810182078 0.49795076197838445 0.0045003023184847857 -0.47469970452552518 0.038275650736771728 0.0057676535187926132 0.50556097341962292 -0.0067921776036419601 -0.51759262187365473 -0.00884285243664726
-0.0020007449889405228 0.020057559276732549 -0.0011184665235216946 0.49458881488285006 -0.014412146169693225 -0.46766397136578025 0.033619929883167678 0.025802453570922586 -0.51635540204545849 -0.017898181013630356 -0.51700090686442268 -0.0052720385569049073
0.0019885464406529029 -0.0071435771121947959 0.0074261430348549736 -0.50561600796872619 -0.0007465791835002233 0.49443990054884868 -0.0030835479082549173 0.00072801829479417343 0.50877507906613095 -0.0095172404674814266 0.49072287939958681 -0.0030505163223076264
-7.0998248230615859e-05 -0.032643948809571097 -0.027266361204687988 -0.50261016752185139 0.022135061067050918 0.48382330287625613 -0.01563379989766342 0.024997420096604481 -0.49123808743183189 -0.024986598389212258 0.51761372218734636 -0.016326130314123718
0.041845458025172089 -0.0065742782630655305 0.028683921774893838 -0.49225398387068781 -0.00045238423325784691 0.5141757107266085 0.005072916303092717 0.029796376328267385 0.49334622850768839 0.00046465955859445435 -0.49628619047962919 -0.0093733599185124358
0.020460851730207289 -0.028957041237901122 0.0029795022932880828 -0.47532225636453634 0.0079100640165564121 0.50895548146348035 -0.50232642609075717 0.51055864962132125 0.013074077154771787 0.0096214635929693683 0.020799199558399623 -0.0025265481812886798
-0.0019341557527194034 -0.0011487980042027084 0.011603624224027801 -0.51221546666915108 0.011926352901903118 -0.50792036443802824 -0.0078526068402383718 0.015118246193533086 0.51353228606905543 -0.011562955305745932 0.46368924779933474 -0.014940626240542992
-0.13104817204640565 -0.15723019730539164 -0.15446243320080991 -0.12931419477843228 0.13366848486492675 -0.14168744169509351 0.36249473458305648 0.37006287103470259 -0.41414577482000459 0.38110273597055022 0.38986216057754353 -0.37747073913394913
0.034189102327323799 -0.0057184694804300945 0.032780657528863492 -0.48904804627045639 0.0018533120252506559 -0.47686995886838168 0.001956750492745944 0.025920372703605969 0.49856005241649565 0.0001471458892980104 -0.53094953515597765 0.00148252821153787
0.050837924922132814 -0.0067221557167093035 0.029419575952455847 -0.50635730602815432 -0.012405890789671827 -0.49593743716161837 -0.0020198025321796946 0.028825447431773035 -0.48934758887205276 -0.0099531697560413072 -0.50347817316861365 0.010670158757058359
0.0036717355226465929 0.0034177176602761105 -0.005095656047178967 0.49332348612142274 0.016790680240176093 0.50266111034819916 0.51103191788700042 0.49122768731704142 0.0005383940192862952 -0.0038273323402500683 0.033300288186317237 -0.0069700555894455767
-0.0029377502279561833 0.01654115811391163 -0.0048082058145948155 0.47283004025981706 0.007422969991810577 0.50496758909080486 0.51883527383232408 -0.50120596154947994 0.0046221235687301633 -0.016767694281567824 -9.6543036677981779e-05 -0.01946898038289907
-0.0079559074775186565 -0.0022806557246200011 0.0079533638595739413 0.51229730918327732 0.024836832450644278 0.51019059187328242 -0.48255348662013037 0.49324008636875433 0.004979671439446557 -0.0009853995362235691 0.017988022688481087 -0.0039265149868145232
-0.0089181364507242844 -0.0058237872517771716 -0.014506686372798405 0.49062475793862659 0.017566832384380074 0.50487338878845323 -0.48554063579529977 -0.51695435037949877 0.015370138483929615 -0.021755768802861532 0.0072877642248066884 -0.0018829392638007175
-0.0086400241151832688 0.0065657362436331197 -0.0094258804994364048 0.4876986208178089 0.011544682838811065 -0.4928414749982124 0.51854862270375202 0.49971601381427883 0.013679104212890536 -0.0075405292146313151 -0.0042392928811992399 -0.0068361021347171647
-0.009499412756102471 0.017187642575499252 -0.0016804226685928289 0.46715150123649091 0.0049352411326618216 -0.48334428011019087 0.53102133545823826 -0.51348196461538775 0.013091687212890094 -0.022379016423709128 -0.028752173918517605 -0.024262328814748404
-0.010345903213537021 0.019814505450026526 0.0085969121366021358 0.51511357222938103 0.010305346222815316 -0.48793173720574157 -0.49394738364012442 0.50022986767095745 0.034923050036085534 0.0016019493764338748 0.0094524759673675351 0.019375109065876462
-0.0090626755861388571 0.039830038655926346 0.016592461851237597 0.48396446219433403 0.011351026279013491 -0.48091925883526121 -0.49758351424174946 -0.52316817001109717 0.046962129927290895 -0.043237414496214661 -0.073104904278070815 -0.041337824220048447
0.027227871167685786 -0.023301853648451665 0.0026095799262744941 -0.49978914510040068 0.0048067475768291592 0.50005134992757216 0.48688847178238287 0.51109313739462547 0.00070522416117569601 0.00011832376569857698 0.02344647780666298 -0.0042874333057354571
0.015612846085149717 -0.014679633353747367 0.0099610055356307205 -0.522538990489404 -0.011461460399535568 0.50113276522249961 0.49296671796364328 -0.48132317480751008 0.0071934056373372177 -0.017691654637214636 -0.0065786249613790345 -0.0057370788072270669
0.045134235626132425 -0.029308993617703019 0.0060129502141270412 -0.48931976711926145 -0.010160013651537243 0.51280599170093866 0.0048764601497323914 0.026532155180807277 -0.50227658124316377 -0.0074852782660381383 -0.49140944136681941 -0.0034518052137450773
0.027505909045861726 -0.0070094962666398895 0.0044358920486472489 -0.50690609727055758 0.0048188561396320549 0.50351644584165234 -0.49950649696956889 -0.48801027950308057 0.009458474779335424 -0.018191110736931526 -0.021682360772164535 -0.010840354914642617
0.0072825520468138387 -0.019935401515575078 0.0062377809398858741 -0.49962220973527499 -0.0020084146863768248 -0.49181235538833118 0.48630585868864845 0.52081438170551553 0.0092081117821783583 0.00089073905729490589 -0.0073848206562881821 0.011123330756827258
0.007602065032979651 -0.017768133538394196 0.0019883014175946134 -0.51999729630946767 -0.0082636359476007393 -0.48738761330907632 0.50224854972929012 -0.48769336033663691 0.017037050941706829 -0.016860278034819754 -0.030213803059262512 -0.0049561923690287094
0.022290239528229089 -0.013017686663906319 0.0087887256292196077 -0.47067326393583353 0.012739007697176041 -0.49183935170023935 -0.51261593456072918 0.52062072953981986 0.014804006566013503 -0.015945743490187628 -0.036652686020486526 -0.0041239113661144669
0.023092096445621473 -0.012432573025725747 0.010918551862311962 -0.51071519209911098 0.0033578115024399326 -0.49513782018886154 -0.50954081753968983 -0.48143233132254065 0.028695115360481891 -0.0072556847044097832 -0.02994356241144806 -0.0029363577778353704
0.02515506842456465 -0.0080681611483163392 0.50704737267862177 -0.0030898108711279681 0.50388112344446279 -0.0053728737591606287 0.018685948427966417 0.010487321151543084 0.0029811211741853031 0.48891800285178016 0.0034471297197466752 0.49874818899693329
0.015815783201876248 -0.0039844585937257211 0.51278019504325356 -0.0057089250095143798 0.49889574337843146 0.0011952199619277004 0.0095555308348119084 0.0088551867948901495 -0.0091418272647429619 0.49002094801682289 0.0029318710765151267 -0.49747065506864702
0.0058609634956761593 0.004237267642243127 0.49714275415652781 -0.0058255332693632313 0.50152603177142518 0.0061199882667356889 0.004550468005740607 -0.010471759181597644 0.0037292815711980239 -0.50851891586557929 0.00080088317975451006 0.49240290796603237
0.018755147086275615 -0.009383491299101758 0.49938207090650788 -0.005570188329591096 0.49591347761749788 -0.0010281580816857362 0.012318615909961328 0.010958857909524168 -0.0025917242401633854 -0.50039730437899166 0.001330561356018679 -0.50352525844663643
0.0040032219277182264 0.0095657265839749414 -0.51212836349015267 0.005649354246254094 0.49728034469805532 0.0045470160888226767 -0.0038316225098858894 -0.021165923271191427 0.01728548890752923 0.50081463166530515 -0.016582697368701195 0.4882877550261302
-0.0014607295990391878 0.011167339957562257 -0.48733226694926313 0.00055673075035163225 0.50642548697882139 0.011005175058791202 0.014320572444477628 0.011031761960437069 0.020050148062775993 0.50334499062347426 -0.027457525378329007 -0.50095243127305833
-0.013762712847604107 0.024215327731569813 -0.50232782571840628 -0.0089146608859019313 0.51253173973528976 0.01430101815665424 0.0054808985076826465 0.0011909319123445518 0.024105213554884063 -0.50007695879371084 -0.02068842278804282 0.48249423952023879
-0.0030608568169481769 0.0069188745964567462 -0.48839528509138364 -0.014777324503039539 0.50082375436597248 -0.0023344409845125844 0.0082354231993565247 0.0010517152230020235 0.017592001489806809 -0.49606731333534593 -0.028608087862917186 -0.51291806859521294
-0.017162343759487109 -0.021055550099185798 0.49222429885189695 0.0025919605911922604 -0.50276184662021361 0.009498608042584707 0.020958248323618266 0.023275905023393204 0.019328026020281858 0.48766254227939471 -0.0039162651755205126 0.51470987979872662
0.016960838598633163 -0.023554408887055185 0.51972731103623016 0.0051059299077380951 -0.50416156679365642 0.00027848419795109916 0.004422134985078232 -9.7306850857834201e-05 0.0005038794206858342 0.47919193151770467 0.0075317576802346915 -0.49511064943829913
0.01586215776404119 0.005974058154111732 0.5081829838857318 4.0648784603777003e-05 -0.49218070920193785 0.0091866905694202861 0.0057513872016971201 0.0060613560253345118 -0.0025903593068223154 -0.51168328547250785 0.025492819971351294 0.4864055027112561
0.0078063937224990667 -0.0060327995819091842 0.49544470294151249 0.0027063270927196077 -0.49264876785598721 0.0024981908626673494 -0.0031712911812504575 0.00049858482775575472 -0.00024980611084300924 -0.50915226139168468 0.014855833557257989 -0.5022486924730436
-0.0016789554677926418 0.018824422108333023 -0.4956829782404002 2.8246147422664063e-05 -0.48788271781261844 0.01071509304285371 0.042523952149232679 0.037945450828006953 0.038918640462401163 0.50136595642896364 -0.047467493177225026 0.50735890400359662
-0.011139374738265992 0.0082648248650588514 -0.48793141112681732 -0.0066665586269107104 -0.4950779806204188 -0.0027027118623065539 0.0058696361848175676 0.0079046781929151457 0.017351944056989591 0.49833440575195403 -0.014033665997384474 -0.51734363842550823
-0.010529161680534502 0.0073895231427800944 -0.50755101534710068 -0.0026032894493938463 -0.47580965398217034 -0.0022441024194065043 0.0048960754063079549 0.020313855806793277 0.022061096722009517 -0.51874473412759836 -0.0065366878049325106 0.49573956351558479
-0.0023292304469748862 0.00052064733823877743 -0.49185759447945199 -0.0092767291451441008 -0.48783837660046808 0.0033708852169983612 0.012333433654960865 0.01619718200943128 0.030441263138278891 -0.50477040995072586 -0.023132586312471511 -0.51314451376415648
-0.003660558671365984 0.0064450033446738723 0.50073054749557355 -0.0081012962348504178 0.5091817558138888 -0.0072968631179460078 0.011978519843160403 -0.0098428213059640491 0.49856767845792305 -0.011882207388829205 0.49075386829928369 -0.0061970320447166573
-0.0048150265105961834 -0.017034904967041613 0.48396605428789963 -0.00054543255205842598 0.50852414152195735 -0.0099928723260607338 0.010435569791258922 -0.0020218107162114909 -0.49177930966511058 -0.011941957237461252 0.51414684900020646 -0.017806105559465071
0.036351402099078792 0.0084720468641198473 0.52315031326469807 0.0077163513821458841 0.49546610142835606 0.019065177266331033 0.018095999165942157 0.015013487103844614 0.48196851955708486 -0.0056242550213894986 -0.49609893845421477 -0.0043076891861447836
0.027036016681699856 -0.015647603744738451 0.50514784650116762 0.0064687747418581817 0.48815320207386437 0.016920252840483683 0.019042021392288784 0.015734857045629415 -0.51388232468081274 -0.0025333387723048368 -0.49031777865866077 -0.011180383627038935
-0.018800370870784337 0.024367110678896391 -0.49388155509405679 -0.0054287260979174823 0.50916097995087695 -0.0089168715557043574 0.0086578722132486709 0.00072493571388858021 0.52029287534501534 -0.0097131145811549628 0.47346429012524527 -0.02714728906783162
-0.028194875110314321 0.0004699968728065778 -0.52062653087663757 0.0028483084029718607 0.52244210431849214 0.012443395889270343 -0.024192430268572922 -0.033749229755345188 -0.46609213216094841 -0.0027079858007133047 0.48586456186555343 0.0025049198471010681
0.0169140860497797 0.021129926007512203 -0.46773195431794984 -0.0081711619366976618 0.50040735179666507 0.020518399758321967 0.012002609147780981 0.0092320652960592824 0.50467133997057567 -0.0016518191709288487 -0.52398963245935548 -0.010423531387894657
0.010654987958076326 0.024870200349440368 -0.49922579011250579 0.010927863073548563 0.51229234241409205 0.029689783634856456 0.014454246634807426 0.0081759380084605385 -0.48324427519559182 -0.0024428124857500976 -0.50273789767153521 -0.0067117440008963997
0.0049011983300519743 -0.0024993444235131036 0.50158608658421922 -0.0041748057367646269 -0.49244030558852042 0.00028977884883334885 0.0082678061683386459 -0.004448387742601566 0.50987828495108711 -0.0041525900595751732 0.49576688390027362 0.00032298804262892851
-0.035675983868862754 -0.0310330615183727 0.47673980651270886 -0.015438993930726261 -0.47840244187507663 0.0023263006485224496 -0.017515774889350109 -0.01684787210267593 -0.49188633975978452 -0.014237390715806654 0.54645588128588007 0.0033319154717414185
0.036269826946951383 0.0032737969354478601 0.51610649147766341 0.01443073899492355 -0.49517356789467776 0.02386119765384705 0.019888484278145352 0.018881176871164657 0.49268546497602811 -0.011423436100727113 -0.49264761066367024 0.003197625366042288
0.03087662515548632 -0.032720139287898423 0.52021860171003087 -0.0031771964830458479 -0.49997940812409825 0.023990751334664894 0.01060122989114712 0.013849839485587585 -0.50291914422183159 -0.023385176061768893 -0.47222541020739622 -0.0028283219135390109
-0.012160651312541803 0.022448183398096157 -0.49797973441545496 -0.016011917434150962 -0.49027496744867827 0.00051112259728660866 -0.00011822023975808696 -0.0030995854359925686 0.53190453336380505 -0.0022146968172219103 0.47728249799371247 -0.0016289531256307782
-0.025327571367720177 0.0052938594755698011 -0.51578736124066549 -0.02184395658967726 -0.48464298383735638 -0.011210772421700189 0.037193803958441032 0.026116405751497936 -0.48337976141665545 -0.040820302951373212 0.50787488561839178 -0.049875740594636696
0.01613217000961744 0.01928540549003047 -0.47177650902302015 0.0030590445244529797 -0.49266792394182946 0.023741227657424362 0.022315548321474473 0.021428590751902548 0.51509025910444484 -0.0068685259023529184 -0.51672180378941024 -0.013278646483871984
0.019656316078762288 0.0081465663511881056 -0.4970019582174679 4.8979451701635466e-05 -0.50862712348643357 0.023744580583178212 -0.0099005740340558767 0.015030797050922253 -0.48920194776759357 -0.016029917768061785 -0.5032662775627339 -0.00972428143665496
0.013204560119191668 -0.017093792714028961 0.49443662945508399 -0.0041930395677840975 0.49686143204709582 0.0015179171066244093 0.50509365934671924 0.50250526714894495 -0.008799278470539202 -0.0088939973139532894 0.01957504460597909 -0.0019575241794147274
0.011844286597532991 -0.0010093294357768139 0.50090001490113067 -0.021142229650934045 0.49626671561871427 0.0085624775859212184 0.50517662239404038 -0.4968446834860536 -0.0050546719345621258 -0.0077863841522658201 -0.0022535122541818505 0.0027552036774322517
0.0098945712167858701 -0.0067002147651355724 0.50749974701166778 0.021190354841581775 0.51157070084811362 0.010288155476245913 -0.4848497816116058 0.49469010933832747 -0.0065052792405571897 -0.0055645624204629877 0.012540010164857809 0.0036881220333320002
0.017156026005450013 0.0016842540863575681 0.50819486412013248 -0.0043828815713751485 0.50750562465181681 0.010743843613241655 -0.48321507185174745 -0.49963301288308459 0.0053913457044893103 -0.007278530843449745 -0.012785160116091834 -0.019203075166521845
-0.0033001909251175626 0.005968394875804809 -0.49370734082200618 -0.013899068658365271 0.50414340010138348 0.0061290755297301186 0.49695708957919327 0.50474480653364107 0.0073569927297634664 0.000382965605815655 0.0034059742899203395 -0.0039610361618024484
-0.004566723658277815 0.01985993167498511 -0.49174293976564204 -0.031104921070798496 0.49937437614299912 0.010581306674296858 0.50952243220860216 -0.49603065438851429 0.019828986899378703 -0.0036596721573731368 -0.030509585094444566 -0.017956221883083684
0.0060836060366833969 0.020423446469494823 -0.50037558182096842 0.0040954248670327306 0.51776716106353826 0.018150392381384679 -0.4910985257935982 0.48863427787596336 0.019032788212181101 -0.004562783099941182 -0.013653627565516724 -0.015178941021542972
-0.013518309818565897 0.038060801750122282 -0.48555682320792054 -0.01909668900515047 0.50568252328978225 0.0031697914887561358 -0.50460462254044947 -0.49853568641901125 0.028365963401203443 -0.0043684143648733704 -0.05020967625120238 -0.0022974770511533498
0.014107061151384498 -0.021684990144538598 0.49561189260911598 -0.00042687012080524334 -0.49336549901679544 0.0055478571418130732 0.50174428577069374 0.50747019527832538 -0.0014626321076098335 -0.013114833352117567 0.027934272556723139 0.0055980573666265417
0.011005472537033869 -0.0080099229596631051 0.50463119076255092 -0.015278350763355122 -0.50113819759496991 0.015662539348835113 0.5116240681921409 -0.48081316628628445 0.00032474999259391786 -0.022543051831215941 0.0048938078300130869 -0.0084328973153703739
0.0065348280746080978 -0.011998008048924501 0.51193987291096876 0.021470080443793744 -0.47696783357555772 0.0022113389237571708 -0.49219097612428586 0.51647936799866578 0.0011501898562657905 -0.0037323690989913747 0.02734720478013461 0.00085090385647819844
-0.0064498728726604011 -0.019729979796975463 0.50125799624557932 -0.01934714973083879 -0.50142688728348739 -0.0075304494560244958 -0.49863567464273612 -0.49674966628405742 0.010552211370375163 -0.028840389977870456 0.010355368080264066 0.0012195030882794109
-0.0023095440878598823 -0.0026314964807256816 -0.49655412594044562 -0.0070462442450481997 -0.4844047815262974 0.0063604983573533188 0.50188326502927338 0.51557379821277016 0.024545649098496995 -0.011250078741885531 -0.0030480345074571599 -0.015561059903920944
-0.0019344374399181056 0.013615272158095321 -0.496650266860302 -0.027044874011345754 -0.49727439433405218 0.013966525124894838 0.51267053514925454 -0.48976890900412057 0.020211756173529851 -0.02057490745158605 -0.027673304057282033 -0.025273839236937903
-0.00015455104470127383 0.006935313213684997 -0.4924328308643332 0.012206117070421513 -0.4817978695213071 0.0037501769477660853 -0.50880399788968778 0.51404186780480166 0.042546518315474589 0.0039132306301031018 -0.00030788221834776239 -0.014945899913436853
-0.0012535703097679362 0.02866878960227617 -0.48039970734105181 -0.0088613393357057993 -0.48595015582919326 0.0089936423130892677 -0.50956974978256331 -0.50969763839755233 0.062032160940838389 -0.045813420386599545 -0.06493859553610401 -0.049686972269779715
0.50834185689953892 0.50575541564619653 -0.022428246616441886 -0.0066755104045629343 0.012631303359616141 -0.0016726433877315436 0.01751472799611823 0.012034743691472763 0.0016568877675005799 0.488880698769804 0.0090679036968292614 0.49552918106391963
0.51595562618723145 0.48645007266370344 -0.0025494410783024309 -0.015195311625761425 0.0038378220293909149 -0.01491344565078364 0.010858929901926922 0.01018333258779696 -0.0078715096317040264 0.49877646101761042 0.018336586198621992 -0.49727639797514367
0.50761158345577306 0.50179931978806969 -0.028886477624235796 -0.010438306092698713 0.0087914488397267399 -0.0048146500670062948 0.0057755408335217126 0.010262524830763077 0.0067751271559610667 -0.49993199302541635 0.014410475515786236 0.48903969947173659
0.50940186707576185 0.48435352707649287 -0.001682172884753123 -0.012319439656645956 0.0013588836809451837 -0.0019600875121554939 0.01209094163623033 0.0072498228082186599 -0.00383322212458728 -0.49566523115742245 0.010678647316325479 -0.50964655649008594
0.50239095501502451 -0.50430429899881013 -0.021932915473452622 0.01939148887563678 0.024421733880922013 -0.012962606672901255 0.0050665012390025592 -0.01023386911007337 0.011204999531717604 0.48228256205706399 -0.00029386956933410003 0.50873024276231271
0.50116139246175839 -0.50966612663749589 -0.00039965788493110944 0.01953975498548273 -0.00096916443625934701 -0.011274903364378048 0.0069702628890565546 -0.012419083089739496 0.015429515031223381 0.48929017326806401 0.011834482502410175 -0.49857983997630922
0.49736352562908454 -0.4932541385039742 -0.0255652728044343 0.021708985528286442 0.0098043473182697332 0.0017971136506502181 0.0094380580114880354 -0.0020395498238568511 0.024376972695849815 -0.51070129608261794 0.0070210663275177953 0.496541113563921
0.49854195823196623 -0.50669077463375689 -0.017294438356050441 0.030455105168374748 0.011438890318972991 -0.0061638324116151813 0.0043884171649741163 -0.011040242504508442 0.019673384527628537 -0.50049620713468079 0.010649948702585864 -0.49212484262691991
-0.49971722153587 0.49020132426704421 0.017482685823484213 -0.014883573178449131 0.0036694453442267052 0.027213979062908577 0.026771265814584624 0.0046518107451236617 0.011514994236208073 0.502267127265415 -0.029657868685765348 0.50465962611680804
-0.48441628981301132 0.49911201037415281 0.03413723192282013 -0.029300669879590447 -0.00023239808902752554 0.011754421441733064 0.019859691419967386 0.015316578882841683 -0.0029335393865431475 0.49047536214073456 -0.03098493048960722 -0.52144242405388119
-0.48959794032939569 0.51577956418145532 -0.00036480122228271626 -0.032155660143527054 0.0053468949789566532 0.015007454491168229 0.0068910889238386498 0.0075556967808722841 0.016102320525718122 -0.51229488071538976 -0.026434748705170208 0.47902887630034208
-0.48743424661489154 0.49851426484993683 0.013750209077027294 -0.022005954536377249 0.00022236539626349487 0.0080268492964378577 0.01355362313081823 0.018111822576823512 0.0046874765895448638 -0.49817761275467254 -0.027623946371925653 -0.51349376375032663
-0.52229469485942792 -0.49805876103470792 0.044255554995255179 0.024152784612546822 0.036597013025719216 0.047955053163360475 0.0094409397835878359 0.0065198904485429861 0.030718512461318927 0.47946983377518737 -0.03047036794015192 0.49098854415696597
-0.50036433271390368 -0.49833181285274392 0.026387337663431522 0.013059514872390723 -0.014554026187320176 0.012896330327053847 0.015570252653714639 0.007586673086003237 0.023288810757783031 0.49913420262091535 -0.030402740202873813 -0.49915360701316119
-0.51181625362297378 -0.4856268561315224 -0.0079917672959485021 -0.00044381349776785042 0.0086106467745596191 0.012346509421015792 0.0059712063550199377 -0.01201655734513964 0.036092097138195667 -0.51290741130886863 -0.017297073128264583 0.48689232951187378
-0.49305190378950098 -0.49187997311440979 0.0075591889581940403 0.0010005519234522506 0.0070679941383261381 -0.0025910566116855399 0.0090653932560576089 0.0053872494778692019 0.032105606579818424 -0.50949007419454084 -0.03201385984010028 -0.50308260052485687
0.49491553621218431 0.50356222026418684 -0.0082237801993372377 -0.031644540917546461 0.013830529493824805 -0.016210982408294623 0.0085197933177433086 -0.006474204300066626 0.49233057464368313 0.0030269848473976689 0.50735977116431619 -0.005798133267604158
0.49751464878574098 0.49455029399730549 -0.067696670257154257 0.0073363111262821894 0.024266355273949696 -0.01854796785796765 -0.0019088267623464266 0.002413571377439343 -0.49395774732287251 -0.010484013373791548 0.508039524447083 -0.01057540507314722
0.52488166006650228 0.50050393140006877 0.02070104261641896 -0.0036861784388132054 0.00068638509318723849 0.01584229742745041 0.021813353040444135 0.020762752978566158 0.48265790819991461 -0.00037497663469926695 -0.48920270019043927 -0.01079323300111538
0.5233221351549272 0.49032330279748737 -0.015159744725938904 -0.011079062092064211 0.0002615142029260042 0.01290310450702791 0.0062504919834248506 0.020241318929767899 -0.50619202735099011 -0.0054432097742321646 -0.47794722480723817 -0.007453401150766664
0.48697199171482214 -0.49150168779108122 -0.013663922238900584 0.0087658785553801702 0.012655767344713081 -0.016933321198830634 0.0027827595841499386 -0.018137254450835857 0.52210923836593937 -0.00071675232975057328 0.49761373106080869 -0.0043842172588815873
0.47220799297968991 -0.52013259186730032 -0.057425781386054808 0.013601407008937257 0.018345706513276241 -0.02304285327630445 -0.0047394038996600857 -0.018409133121157502 -0.47087770962702841 -0.0062458075660081214 0.52915507326179179 0.00040539173001860948
0.51508196803127304 -0.48887573630397035 0.010106268818258143 0.03157534911072761 0.0044897245481806966 0.012460579269973496 0.011229835010958663 0.0034093718427266953 0.50462751995365418 -0.0050587112882321435 -0.48948346509213631 0.0031933673943467596
0.51094852613827935 -0.51266546255293488 -0.016296294900757406 0.03197891667177976 -0.0044560203995830548 0.0083455075271323658 0.012225048745346216 0.0120022196458104 -0.4835910979509534 -0.013474100724721076 -0.49026982283712078 0.0053007078850562687
-0.50450180514987153 0.52022187089529137 0.018612443882342455 -0.043795855733403742 0.023052812349312182 0.00013960585447073896 0.013942412436853199 -0.00059030460703320456 0.50782135551691487 -0.00027781958087496906 0.46227165087459299 -0.016696021078564265
-0.52388385595718678 0.4964381477069913 -0.0055709470416104596 -0.033578142714884386 -0.0035585914478064844 0.0045263146090159627 0.00055791259981254982 -0.0013955858471047006 -0.48723405509833756 0.0038541142923615183 0.48995144156331105 -0.020895934812465291
-0.46318244595350239 0.51673562622724933 0.046347640191596449 -0.017682985891228607 -0.0034119391329623071 0.030729723874838775 0.018902384957239875 0.027464688435867812 0.4893514718552977 -0.0024679196329896636 -0.52369235271407399 -0.013904033775102008
-0.46510840317678254 0.51504500811942067 0.021924459171401775 -0.036166358969033932 -0.0048471134763510733 0.018255443799714343 0.029975708354319057 0.019192887178278439 -0.49894429297319376 -0.0064401942830305441 -0.51546285136978653 -0.017367354214778134
-0.50911460371674089 -0.47710395069008599 -0.0015255527754233164 0.00033463459176901329 0.0055026887478740859 -0.010629089250806288 0.010192894008683362 -0.00083368763105397411 0.53296406594079271 -0.025785260069912923 0.47736469301586409 -0.018199687426889963
-0.54930597986459595 -0.52172105573892436 0.036439277963161036 -0.023728060354199453 0.040597038706142043 0.040447330202407303 -0.0015601319042108212 -0.021956557004267237 -0.45074785179500948 -0.012042912112086988 0.46575527080098655 -0.012805399989959739
-0.47292911880689059 -0.47604634433649001 0.030907140751194072 0.010314909761960603 0.0064102879182863087 0.02318757100739114 0.019599572950268759 0.0055853064199452287 0.51855213503765851 -0.011753772655936127 -0.52782322114944658 -0.0055102685230064823
-0.49514712091647722 -0.51476477098233309 0.013043716536557013 0.029355386991149691 -0.02145492448384714 0.033911772717790466 0.0023543957213802537 0.012669316556223493 -0.46838463784533635 -0.0090118974242388433 -0.5172300630468607 -0.0067811251504928784
0.51102710090841907 0.47887168377601602 -0.0050292741752713203 -0.0042766924287967701 0.0042138022738024842 -0.0020778932408292796 0.5010732925945961 0.507251081026592 -0.0067192843456163557 -0.0050451885666968248 0.030938160666242512 -0.007853591435744111
0.50400736144557279 0.49735692990026409 -0.0023659727033256777 -0.034800471472415592 -0.00046542562455533621 -0.0046435104654546254 0.50744468097713991 -0.48933736550454177 -0.013333469116274116 -0.010453581577838936 -0.0059147865313665679 -0.010050345255641149
0.51010437333116676 0.49916607453600109 -0.0032477260623710426 0.00086008932892991008 0.021654158455162574 0.0089791215856663727 -0.49279485424425967 0.49683192809326165 0.0039750577286384791 0.00021210772823412909 0.018741620951385672 -0.003180579765813226
0.52001144927267307 0.5061185000534022 -0.010677202850718022 -0.017042513781550559 0.010316100360509775 -0.01264996958900207 -0.48098104834575356 -0.49106972875195493 0.0011160770616180883 -0.010268383449054612 -0.0080539607139816314 -0.0098723837507638905
0.49795924955070381 -0.51220045749116383 -0.019577587580330472 0.024362045227716032 0.0085288316906430919 -0.0070216678546237881 0.49739708575275959 0.49019928331013862 0.015755860802460473 -0.004070175992344916 0.024141799815784157 0.0064500315068377126
0.49200004699943356 -0.49748282914672021 -0.0075035518653549151 -0.00038403201895586587 0.0047777443424158695 0.0073014358774538702 0.50229861237465145 -0.50743868034646167 0.014403747258017833 -0.016106490833033543 -0.0045600555851841246 0.0053486899744062451
0.49549310147564724 -0.50874017730794241 -0.014175896025353291 0.051754936084595436 0.01630510363083813 -0.011203652744512266 -0.49099268780207628 0.50031188399753113 0.027464141514986114 -0.0025650085826241223 0.015355139529476328 0.0040830520242966985
0.49181876469965818 -0.5021645705831812 -0.0067550630899863139 0.02152127779862301 0.0028407061372925525 -0.0051822493542940896 -0.48684785200024489 -0.51663140364871307 0.029974093225430456 -0.0201108709766822 -0.0071412237122976214 0.010890199246059126
-0.48371099383634603 0.49931662201986599 0.014623184927934015 -0.029056112068980438 -0.0011651202756119729 0.0030069786720211397 0.50225991207880671 0.51302698675172653 -0.0024226039811672544 -0.0081505860195032805 1.4780023662888412e-05 -0.010202014830684055
-0.48373579847073656 0.51120420570583969 0.019593269941139472 -0.064473025295268813 0.006048318416493316 0.01040322873294351 0.51664228085829833 -0.48149990946719051 -0.004392301422734942 -0.017599710928513122 -0.02098690502430484 -0.021296931672435938
-0.47900821711646963 0.49889556388994516 0.020712588419704515 -0.0085202590956530277 0.0081902973917882451 0.018039638018557173 -0.50016928193438348 0.51905690448865094 0.0037282144274996733 -0.013187406921546645 -0.029461091542671035 -0.010727755283010168
-0.50320857824611065 0.50823331857419285 0.033203914141212834 -0.026464842167315424 -0.0039099308230140344 0.022655418482816138 -0.48662878179477054 -0.4962431452705478 0.016314511769709935 -0.0081654302414718351 -0.04798077410278602 -0.021183829016429515
-0.49431901488498264 -0.50061003262937898 0.0030639847434171803 0.00077086906506922972 0.0035430790805634177 0.0066297064778078341 0.50127907417293971 0.50284006879566023 0.027451772858915903 -0.0045592140285934382 -0.0023632027380712686 -0.0079373869777641971
-0.49926756306141679 -0.48456836756086968 0.013478138784860375 -0.01694855596090751 -0.0052662640224877657 0.017297747723321457 0.50735210215805437 -0.50463269713832204 0.027079339811905752 -0.021153825188512044 -0.04179030090032012 -0.011917191254722268
-0.51106739612944063 -0.49942532253640443 0.030460974753386123 0.017051918049362298 0.0089009577920634401 0.031169786944282216 -0.4960720348352754 0.48937950651727663 0.032582186240782227 -0.011220971151090598 -0.017645155473012344 -0.006034612899922835
-0.51143735796616041 -0.4879763600448439 0.034638287981470679 -0.024195275216668574 0.02725553871837583 0.034637551990249059 -0.49206908775131092 -0.49931418828030089 0.040443013481862349 -0.028229100594857778 -0.049298991622345321 -0.016537787182169653
-0.011305084202013881 -0.0017648068705895456 -0.0073113722029186012 -0.017677870656530523 0.51099097197108556 0.4951250685470816 0.0042300532620109868 -0.01382446751039193 0.025047699827446274 -0.021179506405285344 0.50173485598786005 0.49012210375561333
-0.0059111322581206936 -0.0085758713712958227 -0.0031983699581616897 -0.013251093749653329 0.5023902618307351 0.48140633216636169 0.0014688048954105385 -0.011791068125436611 0.014019105878893616 -0.00058612315163954968 0.49973854951664326 -0.5152484610739988
0.021874597210983872 0.0022168568246209953 0.013139575284321473 0.0047226542717177973 0.49391722275458028 0.51757377126763193 0.015383794081452582 0.0024042561849980668 0.0021847665208747833 -0.010086102879358362 -0.49455764086696252 0.49249223305426298
0.028871463955450254 -0.0013350887143460119 0.019969164618910799 -0.00097753137357652563 0.49398223866214885 0.50803656432949351 0.014789506590581654 0.017390620779170668 -0.0033018091269102295 -0.0029970311964566689 -0.49165886606337134 -0.50435686005064473
-0.015759414964791885 -0.0019606929061377208 -0.012490924897383961 -0.016149022671430695 0.50984749305453958 -0.49327841254541338 -0.014683842189801607 0.0068990944407375642 0.033125003832043878 -0.0043506565953841071 0.49032648096753628 0.50424543545052558
-0.01505106093297303 0.0061593403037157046 -0.004287214635690287 -0.017500423868905636 0.51236843841052349 -0.51963563444455285 0.0014692592026122296 -0.0026838015951602683 0.018710495148292407 -0.010983153335944559 0.46323810720239689 -0.50179543244144664
0.021934015904922673 0.023840114416312959 0.013176831868124517 0.013384264288567743 0.49758409257447767 -0.47326896165440818 0.015861581937203828 0.016703277091212585 0.015536548153801694 -0.015044888010323007 -0.523090610028212 0.50239648952103821
0.024068848775625755 -0.00012111806367315713 0.024945716075312874 -0.00059867867811675009 0.49593044893170607 -0.48031036013750006 0.0073022477149223509 0.013669689372706925 -0.0028164293869576531 0.0087331027562273789 -0.52286786584878397 -0.49843534056545558
-0.043415059600521881 0.010152686098182715 -0.016134323323718964 -0.018306702771138259 -0.50182289034186323 0.49412231537730045 -0.013187485104357397 -0.0081917820190619082 0.019558605015353541 -0.030343126088075271 0.50642697751479004 0.49337712253689764
-0.0072809208681510595 -0.0023608843378958005 -0.012169351524347644 -0.019753706717515002 -0.49259337979873641 0.49577085033658735 0.0012092845981213471 -0.0028457830384496325 0.016999403239387239 0.0078443636085667266 0.5001386437230233 -0.51036006991092053
0.034884067159929887 0.013548561987260918 0.011058150836888358 0.0041295070990386862 -0.49934708409768719 0.53196096167380114 0.0099664157481789799 0.021817251283324766 0.004182468266875434 -0.0045351220602453746 -0.48223012683027455 0.48267064356950073
0.027664137127859346 -0.010602540843313347 0.017914494120691678 0.0081923414795771789 -0.49480749234202176 0.50962909516150079 0.0045440106525581163 0.025927874041092747 -0.0076000039982923378 0.001696146431323476 -0.48766856041495116 -0.50557274896636362
-0.015559949996578136 0.0085146857725602199 -0.0098585071645072488 -0.018166793623552634 -0.4754492994441345 -0.48998374431156172 0.041026599171896057 0.045120955185020822 0.059702902630586793 -0.04249539537175355 0.50631232148946403 0.51737850260514284
-0.0047914450686993709 0.0064311298955370749 0.0049891304540500185 -0.019360498113765331 -0.49996485509678146 -0.51749862604226338 0.003810155609049713 -0.0088640753424555057 0.021052047950945812 -0.010189295976349258 0.48317164619061376 -0.49766589068322908
0.021780807635515972 0.022113115797994107 0.012523974687329419 -0.0052009051062675941 -0.50680388093151252 -0.48739705762832891 0.017366659249139282 0.024595391576155035 0.0075118865062172059 -0.0041600812278799843 -0.50967480654792707 0.49365774011548597
0.023087034188190945 -0.0018331133317798895 0.015673353598795549 0.0077091809035414929 -0.49253571984030686 -0.48401319282582045 0.023917703870056945 0.030678656666750358 0.011677008798850846 0.010206324363126728 -0.51658796916980165 -0.50366799471561596
0.0078051938417433384 -0.0029966229839454499 0.0075698479349682445 -0.017557077576248963 0.50133249114841161 0.50724036455725174 0.50266509047432661 0.0008304407932822642 -0.0075638894615922903 0.48773966214866832 0.016692068029234008 -0.0062284112349161079
0.010566619952113955 0.00045563377289849926 -0.0016554863672720993 -0.018346350437666924 0.50038607086155351 0.49499850557592168 0.50282354880650715 0.0071249095474435623 -0.00020091573852299384 -0.50100602383363524 0.0079890541413151998 -0.013633871617208696
0.0074794401302587772 0.0093726027551953323 0.00091850386666557696 0.0070695092614973505 0.50144478868532361 0.50663554485891182 -0.4943043575451942 -0.0042276245496706433 0.019179859951238866 0.49678514425717279 0.00096655778856845765 -0.012648626581430483
0.0085416236414489772 0.012848556418385894 0.00083094640101130646 -0.0027072302678166449 0.50884128085054703 0.5013872199134296 -0.48578444186386738 -0.0052493564591535114 0.00093459381968135865 -0.50327247244398565 -0.00026739271050228546 -0.01212996789639428
-0.0018869688856573354 -0.0065305234781941907 0.0074347161089666301 -0.017216468372990706 0.50105668911812484 -0.49299847792820711 0.51274207889170886 0.0093548070921482609 -0.0025390046313944043 0.49190496479419515 -0.022000125688510654 -0.0066262002075527758
0.0036879786792484263 0.0032749724564322003 0.0032147749321238981 -0.011626850357793888 0.50239927245499927 -0.4950980528631545 0.501392166044341 0.0060895147593122518 0.0021254141523846747 -0.50061575003413505 -0.014139225667465718 0.0071619409862647828
0.020396174921178126 0.028279074664401337 -0.0020412263616047545 -0.0046968933761049412 0.51386075646811025 -0.51133045880151662 -0.48442849034733798 -0.013614820961932337 0.015014171292815754 0.48723544222973814 -0.026362269586275525 0.0084410345297195304
0.0073035635571545108 0.011323584943586122 0.0056652760979505872 -1.4254737517016799e-05 0.51072141363507473 -0.48884024857268671 -0.48992109888479263 -0.0014746671334216219 0.01062259795194569 -0.50866666765484903 -0.033096461456111469 -0.0032149572350288259
0.0017264147709199842 -0.005915347200158674 0.011439128945574202 -0.010687743592138588 -0.49033719528329861 0.5131873124101749 0.50350417369969758 0.010391996230708529 0.009373938448179046 0.49134870991887647 0.027317899940790948 0.0065592904739415455
0.011575846165916656 -0.0039179935984388695 -0.0042861171771550735 -0.011343097064675229 -0.49214364303398461 0.50262411062316836 0.49650849029465555 0.016119808945643969 0.0070573547468228102 -0.50746503294991818 0.021379995911323016 -0.0076844764664331239
0.026128977310228473 -0.018770347902024212 -0.015454983225214847 -0.0084107173593301991 -0.5020108362764234 0.51176270401622737 -0.48845971380582054 -0.0031695810177662354 0.00040387744135370399 0.49594445380610258 0.013099395239494599 0.0019524757770055263
0.0053115116400250673 0.0038387657895725363 -0.0028488725829827963 0.0074136565645187853 -0.47947260974635081 0.50455677296265034 -0.4934467745538455 0.0094542016136148817 0.022840585326400046 -0.52086120616994402 0.0018418545380280266 -0.0046766011648059613
0.012155746161955534 -0.0034145695839839121 0.016805537935071366 -0.016628316533193851 -0.48984160753398737 -0.48250506981144281 0.51441708707616995 0.025014637589604084 0.02730353799172899 0.5097745524660755 -0.025655846908756153 0.0011122452207416181
0.0043660461463661997 -0.0032744640034820089 -0.0088694355070587493 -0.017924307521706304 -0.48965096618915671 -0.49356493857519657 0.50847833124667396 0.021392161745427057 0.013826996706416036 -0.50643423260232956 -0.022916676454637165 -0.0024537275271786715
0.0082756789684150876 0.015797663164465313 0.019796359277339713 -0.0018221061808322619 -0.48184576172400623 -0.48200091874847245 -0.51292792154509981 0.04098940000943694 0.044954781241672417 0.51351836305974918 -0.058347332829506417 -0.029746779333991152
0.0035953437106550951 0.0093895273279868512 -0.0049658172489829913 0.020919716434839156 -0.4843770883654126 -0.48961121792281842 -0.50316806626376831 0.012176446287939253 0.029882422440575204 -0.52007728131267261 -0.016163513519229341 -0.011633672019932541
0.016278039153341861 0.006061524783163335 0.013896528023136023 0.0037530863775178972 0.50606650308595069 0.49842646621869774 0.010950945449725611 0.49630160236256055 0.49830705800415726 0.0038652524492490742 0.010209581483890924 -0.0097228049476427662
-0.0069893359722720599 -0.010244416438184932 -0.001628703796952185 0.0070422846030140512 0.49519432636287714 0.48655506474040267 0.0065414612019305679 0.51136617688103159 -0.50603998388334193 0.0036066029191252529 0.012919618656307915 0.0067938050771282812
0.0070867081515962821 0.014363206271005791 0.015763655653354233 -0.014544648408746844 0.50051931885967238 0.50563446111945054 0.015617562916257235 -0.49199852422857138 0.50033256342559218 -0.0020048358478554208 -0.016522058942252574 -0.013472656603794639
0.0061921573891718573 0.0075184682328763835 0.00068398515514604815 -0.0055113257829396672 0.50100316932788069 0.50312250286223381 0.0095125200214423306 -0.50348987762803721 -0.49134078553507321 -0.011409857452231244 -0.0052219810023003861 -0.023918451827734832
0.0029429422992846279 0.0068925857323922646 0.015256627369087656 0.0038797186962233553 0.5034701691948591 -0.49094136875395966 0.0052513172521567409 0.49793877804313097 0.506671635519509 0.0042176995406733656 -0.022040285690598897 -0.00025139385444844525
0.018068535319316806 0.0034223657884502167 0.01422134527452093 0.015196509586621524 0.51002373793815492 -0.50940266452007743 -0.0012976624290436947 0.49301667677832245 -0.48623025571120998 -0.0019031034619717861 -0.010827671519809286 0.0023447060778817056
0.0047379072056550871 0.031460525632000302 0.01848530405246902 -0.015716381933094725 0.50030458486251472 -0.49290195630145511 0.026614358906892358 -0.49548027145794266 0.50604231683722511 -0.006355137368638757 -0.05127799198868279 -0.013579031910316454
0.0057145365804326517 -0.011321814534133289 -0.031215686882640075 0.00035245260518398393 0.49601623175855963 -0.49044773542589726 0.0010982321636320346 -0.52386304767335723 -0.4875116927374446 0.012250310711575957 -0.0062268156570136433 0.0018278871931678405
0.013434497592769509 0.00031502101151285915 0.010267495296362276 0.01050427296963825 -0.48542464830375165 0.50013084694801235 0.0044810462981676449 0.5033999201883339 0.50995110862652338 -0.0021417035718808868 0.017682320368941216 -0.006062723593131882
0.0040300671698466949 -0.024476644937435614 -0.020505931605262501 0.010631889554664329 -0.49257769906241416 0.5136093630013373 -0.0033336406319250536 0.51201632932503061 -0.47756840922887184 -0.0035774135485542222 0.04655667423809845 0.00011303054010091533
0.010081135533994888 0.020451318656044513 0.016477774883515258 -0.0083206726486618008 -0.49383311297571969 0.51362455876624014 0.012813693982150553 -0.4845693861905172 0.50606466138187045 -0.011382414363080677 -0.0097936588532790761 -0.012626772251613487
-0.0094870864806148557 -0.010958818841616001 -0.025906787258277685 -0.015605359677934931 -0.4870690402038903 0.50770776736827194 0.0054193025746919962 -0.50548478211717596 -0.49703610338428322 -0.029486726966135947 0.00070415847457581775 -0.020314991153310282
0.0051944066150685902 0.0025075495506858372 0.0080323011119131614 0.014875141658175677 -0.48565936075615135 -0.48801130177427454 0.013018051377534636 0.51034632153298642 0.51438215661400366 0.0055100592982672038 -0.019803146916145865 -0.0051508540189679278
0.0062883297333026006 -0.010747673157564081 -0.0031075060281580834 0.0079392178653888128 -0.49968568123909646 -0.50320634743533732 -0.002004286104229586 0.51492784092203725 -0.48115810513836166 -0.0075540943379890368 0.010029901156297741 0.0066606759425374973
0.0064385188651398095 0.023054544854428812 0.010049304915403913 -0.016771490270332649 -0.49833199409231627 -0.49750820066241791 0.011844361140854553 -0.48792048105460578 0.51368393346743779 -0.0055167125304687063 -0.032463994233822395 -0.0057760448489840611
0.0062053141648975288 0.0043530177698712178 -0.002284921420765423 -0.0097756213016869306 -0.49093962079629572 -0.47688174578950776 0.052497813351484617 -0.51031591212444483 -0.50902377207356508 -0.048940084672784857 -0.057719962830381305 -0.058254388957450685
0.51392206823570574 -0.031589895397628007 0.49061950478751659 0.01527955923527447 -0.0073453159827173414 -0.015693497159808247 0.0062112529430746466 0.49068693903838095 0.00090982912167513039 -0.0048991952263692613 0.047854196958811782 0.50051760956562796
0.5128031328064826 -0.029634736032636704 0.49135319062749572 0.028303371501136331 0.0053128816978961404 -0.015306045813714109 0.0088145303153382513 0.50190648094524148 -0.0034021791395275999 -0.00093522476772787131 0.029756143082853986 -0.49069083932415869
0.51560933580160784 0.02016134667025549 0.0010633918300512011 0.51507366433079049 0.013287426362986668 0.022073256000273947 0.016408873730200425 0.0071920669376675933 0.007127925100769688 -0.0032798906033342317 -0.47648784340288997 0.49025659734699178
0.50784776496853945 -0.0004953080149667947 0.0071360737308511606 0.50816722648615464 0.0036681441606202306 0.0098112301961388367 0.026995551903150526 -0.00074770137219586866 -0.0028681616417753106 0.0041435422778259758 -0.48139848173626876 -0.50119519226771092
0.49389872804788421 -0.027669366094427505 -0.032990263264854096 -0.498486370090794 0.016639089082629458 -0.0028250453181637267 -0.015035596972357707 0.01400239340692516 0.020498471748838207 -0.02100452904105507 0.50693111095428467 0.49716589663253014
0.50297324832387702 -0.029483550726033151 -0.0060070987186223272 -0.50023385153126132 0.011193248214327763 -0.0092156480042526311 -0.012982628872231639 -0.0072061959003967349 0.0086027960541149272 -0.00019545495699923909 0.49989692408234682 -0.49545631932512724
0.52364136790433602 -0.012843395458746952 -0.0020988611336780023 -0.47567350537255726 -0.0047774300618885646 0.019404822573441689 0.00047566217631887423 0.01021335360519408 0.0056880909832685679 -0.0095178371621240324 -0.49664830754064959 0.50207437822612222
0.52911884622100092 -0.02586941285316911 0.0087447300125569616 -0.48043746373100416 -0.0045292762439767421 0.0096118182080146622 0.0074901663039461976 0.030250998645640115 -0.004709109843374323 0.0015831578088168698 -0.49101904444266398 -0.49624478050724918
-0.51789773883545398 0.035601361841588332 -0.0065728610135508975 0.46563539051949604 0.019948100239428428 0.004483844975305371 0.047635881795029353 0.017970394993550996 0.054302582431678272 -0.046533134624575451 0.50056174787420604 0.5049442002111163
-0.52342760742732686 0.013927207133971142 0.0068480238459450605 0.47542153044885044 0.015479577082457941 -0.0057556115886500349 0.013065603502243919 -0.018813806928979871 0.017745160059210115 -0.011677196137454786 0.48076091530264248 -0.51708541523058416
-0.51566984650385161 0.016472202849608198 -0.50277692966625687 0.0039088779517988097 -0.0029422476903635452 0.016955316571718046 0.0032260408282299476 0.50494713886669074 0.028259885469507102 -0.0057755748565131862 -0.024038648425375252 0.47362998282215291
-0.48036012806724587 0.015676518218285949 0.027321801622588061 0.48401211425672441 0.004700759399738446 0.015700940335893317 0.030732264545159062 0.02204532746570018 0.013758801521161138 -0.002102578768747036 -0.51967081895286038 -0.51190195917497661
-0.51802978066525263 -0.017343322988032324 0.014847238317264045 -0.51780764137746882 0.031437808052366546 0.0057185174440770505 -0.013832564157423228 -0.0082603790321170798 0.030334287169305332 -0.0085104527160762503 0.47492736739780272 0.48494324362791857
-0.49958084189291896 -0.012046208701007647 0.017501804902421186 -0.52156984265881512 0.011454838189812503 -0.00089440557257310961 0.0018837419043525958 0.013011000112665606 0.029301273028990726 -0.014666512387023954 0.47253486758018876 -0.50325414769377608
-0.50814670459216837 0.038124974544394848 -0.48708483678082165 -0.030333986498322564 0.011708432932313616 0.017417550764811999 0.031899444514886827 -0.50468065388867789 0.053959599137470192 -0.014673081738735274 -0.078778971332641709 0.48648531789990784
-0.50133530119231007 0.023685631970696366 -0.48122497846131335 -0.023787597641681823 -0.0074093635134413133 0.00075400461089319981 0.014780763104546478 -0.49164014610512374 0.032353307686328187 -0.0023440854317389515 -0.056348054377128289 -0.51937199676360835
0.49566003056146557 0.025591723450376507 0.0087276542084281632 0.50575979786170611 0.023468565791615898 0.019542579718543063 0.50609274581227082 -0.01701941271115549 -0.001460826319879912 0.48945168205327411 0.029569396173647927 0.0023252247102617221
0.48939357623968782 0.006927856001814058 -0.017377722740332845 0.49566963183921853 0.011450078518629909 0.00036030561598745072 0.5132079498988964 -0.0018134477536880503 0.0017025616126758313 -0.50032908935936016 0.024555351014160523 -0.001891819821568163
0.4892053004331493 -0.026778561301475486 -0.036613441846686037 0.52868326479694994 0.0024480015057603056 -0.02055654664070334 -0.47890276126392567 -0.01583553523306162 0.017796187003676436 0.4982817781410972 0.021673155601269818 0.0040249802457684057
0.49501937826553216 0.01549721475198009 -0.017610940029436525 0.50799775778563239 0.020097976089159954 0.0026345426702023269 -0.48238314396460324 -0.015774380277377348 0.013738919476160735 -0.51255567254374768 0.0070565811834567239 0.0062221810621482659
0.51504842443096632 -0.037619746570364154 -0.0070582578902373735 -0.50095270939635217 0.0033807929966203614 0.0090907368261900351 0.48934097270795973 0.0048907695881158517 -0.0046182271002910349 0.49244937868851069 0.014255254155466284 0.0017116613617398876
0.5114984958259966 -0.019036109808272868 -0.010775288963487681 -0.50102678923212485 0.0036167684411320977 -0.0014764070082388542 0.48913062500273891 0.01681023181166226 -0.0017328926212710598 -0.4972012862119019 0.010082718989512738 -0.0016027351749689982
0.51613390367873369 -0.016736242776953972 0.010244692448743009 -0.48536596377523417 0.009488009185849312 0.006144458827790601 -0.5022562548877687 0.017333476306852155 0.010414577235599964 0.49471884543813122 -0.0050029763727287395 -0.0084153577254296019
0.51208868174375188 -0.01080735952677183 -0.0020285359139594881 -0.47940867589221275 0.0085977180673943287 -0.00014347524695971914 -0.50271209374221859 0.015348360830761873 -0.0001933295545791694 -0.50472301864293945 0.0044290912588328237 -0.0042008382021666577
-0.50322495473001738 0.0071197071778628341 0.022628288733955219 0.47157648390838058 0.0086901996096295196 0.024729268140841677 0.53209796426119893 -0.0041565551932191544 0.006281035742270815 0.48969228634763651 -0.010958340298205723 -0.0051852045059893838
-0.50243552962705484 0.017155854453619845 0.0035864561706957445 0.46632035528593541 0.011241821501338661 0.0059000795340232578 0.52183730224208458 0.012671073675718545 0.010910216908338195 -0.50645660517964353 -0.018172958792272896 -0.014600719214194023
-0.49701981655510907 0.03693560774872795 0.01621841466581618 0.48618755531567459 0.0082299570572284229 0.011223098526464239 -0.49740865958298069 0.026356920456977188 0.04470731393687432 0.50968110648861575 -0.053827433844071217 -0.044620264798568357
-0.50159901126047457 0.028963643499800944 0.0040863456380558789 0.48855143226914582 0.02444195180669044 0.011222718541134179 -0.4869044863434755 -0.013612768629998702 0.025717984608092988 -0.51965620321158579 -0.012606734399530296 0.0035749591981528652
-0.48524991997998618 -0.013245383577009969 0.027525773741495809 -0.52303105737626798 0.0055043276721814345 0.020803344227046605 0.49464318061719342 0.0099101061073677763 0.0049874982354315492 0.49398741850934369 -0.026403381851925114 -0.0076924201271775837
-0.47624800579002796 -0.008081029684550857 0.0088526363120604648 -0.52142411981475012 -0.0038547554796481212 0.013291564581038218 0.49072892844060473 0.025196607180491961 0.0093766613401969866 -0.50893641648995369 -0.02018803519504616 -0.0028323881700093481
-0.49275336813800286 -0.0052563966937306346 0.034498130335681276 -0.49797283705287182 -0.0083604659901673605 0.036688456032599924 -0.51464523386160932 0.005028732785845343 0.0056904699326674477 0.49116703522850713 -0.019307524423714716 0.0069467627848655575
-0.47938397476272532 0.0024455005630318718 0.012176639922012202 -0.51160980554326763 0.010958048065357065 0.020938728097314497 -0.49813729459768907 0.017201531992184115 0.018787390986565993 -0.50792590803558757 -0.030906812919434212 0.00026316812636835056
0.49262594255695052 0.011182940739541429 -0.0026301959468303005 0.51349611395395733 0.017078220848883496 -0.0026456305400978661 0.021426950574338591 0.48318595666243702 0.50824126065328967 0.0070246097979135922 0.030350014691647598 -0.0018303277544995959
0.50672094762092668 -0.0079082206475451205 -0.03370688945167629 0.52407558256730646 0.01453247617703716 -0.015981926832685674 0.0049342627284955295 0.4853638900122148 -0.4796147615426955 -0.0015669006803489666 0.035100881875779845 -0.0067864974124767921
0.49267134961011544 0.035361403146084269 -0.0041488589745903625 0.49412315494683595 0.015407785794000914 0.0031842859006265579 0.029990338874900539 -0.50826417072754626 0.50193601723556613 -0.014858920388958533 -0.0081713449385926208 -0.011952244683973604
0.49450920696026829 0.0165536635665109 -0.037516396846392686 0.49959158238993862 0.010629420256022933 0.011427004692828273 0.022433565317549475 -0.51648533137528807 -0.48607896863050482 -0.017210643032157014 0.0063323693891492328 -0.0086254829633545579
0.51480337066898607 -0.018095018452663734 0.0063291276810782887 -0.47368356048910198 0.0062361117222795703 -0.0022728807094713919 -0.0033231013314376327 0.51106063248518219 0.49890738749654845 -0.0015906089828780058 0.0085828391239213923 -0.0033229358212518035
0.51452204096073506 -0.049076239363018179 -0.014297868803760974 -0.46645152276425228 0.003690741825078381 -0.0011199601744916572 -0.021281692485061607 0.51064296191335112 -0.50305320827307698 -0.00053995074796297973 0.025719699680985645 0.011348754520103182
0.5142626545561898 -0.0036891101252845573 0.0084193405618813427 -0.50024900136265282 -0.0066917138461823544 0.006414745502503076 0.002734509457202806 -0.484068898068508 0.50058941792514766 -0.0022299155278444559 -0.013574266273773217 -0.0022938516545435942
0.51893899568658886 -0.040509115064469456 -0.038206465033901724 -0.49552470410214189 -0.0036692081395996025 -0.00065188129426395857 -0.013918558565060775 -0.49020916731778891 -0.49098597618758782 -0.01521005849073733 -0.015508954443818977 0.0022626563930148182
-0.49751085185024269 0.023369427219844151 0.018585855199054108 0.49052936127857566 0.015459529551095147 0.013494056850938711 0.025221212887747167 0.4956371150700879 0.51364474385310355 -0.0021611192805934365 -0.011005784985758885 -0.01738583349829137
-0.52139087358838032 0.0050344606422462008 -0.0076788275645261039 0.48968409523834117 -0.00020478235782526554 0.001766142206347079 -0.0099634838228647542 0.49990138364476788 -0.48717054204096016 -0.014605583618630734 0.015072111261460025 -0.022299762453406546
-0.50754056477841814 0.045550149318115636 0.014969019398614581 0.48914584828470975 0.019877921754164189 0.017091198334110366 0.026231160215487454 -0.49680152666608202 0.50037896154097716 -0.0069669489089444914 -0.043223466144736988 -0.018895595050823867
-0.50724223455260276 0.031083045515770562 0.010394195271066128 0.46562974769157245 0.009077556308353248 0.010221708577026201 0.052092205166956985 -0.51331031332066857 -0.50034849135962745 -0.041790907759249811 -0.064115653165842876 -0.047182494884570637
-0.47448421118304995 -0.0098951222858561193 0.028834117878711676 -0.49721792385470331 0.0085143451877527799 0.012232936296089571 -0.0030183933983584529 0.5151524908047681 0.5103822585208051 0.0028576629492443849 -0.023521882680480596 -0.0067019725524649224
-0.49790476271086737 0.0021021074960596124 0.010037333483709047 -0.51839933920952475 -0.0033646724612198405 0.02921755843208727 -0.011761334258623307 0.50349410043288567 -0.4774441451203783 -0.00025590406363551179 -0.021198549473854317 -0.018325524969101333
-0.48273563298755312 0.015189292087183523 0.027244898906381883 -0.52155534368510748 -0.010554537336432641 0.011919242233471919 0.010753421932202018 -0.47779851388813238 0.51072426000397975 -0.018657404475105666 -0.059662662732884245 -0.023786732301489585
-0.50135636976892228 -0.0073585302238684015 0.01673323148120941 -0.52005956738370407 0.010400982985433948 0.028106144790965924 -0.010516917464380595 -0.49998149779619205 -0.47570775412741634 0.005983403087914718 -0.017865245184468758 -0.014234216291345882
-0.0057649396261368717 0.50508768473026944 0.4898346883386574 -0.036204281701946645 0.015914943021587327 -0.00099390970888148266 0.021676818205844047 0.0074552715974298351 0.012864975243822152 -0.028272857769870468 0.50964698262145069 0.49205668020247428
-0.007247477526206538 0.49152351769147956 0.50278850732430569 -0.028641502368981601 0.0072457902390134282 -0.023436010628069031 0.010123427572683719 -0.012688091444400239 -0.0082479789863349647 -0.0096003463298311633 0.50338646396437026 -0.50031204206986035
0.015201699190800961 0.50057243584185962 0.51997791673870075 -0.0047371854363710735 -0.0071673870481847642 0.01185312945656177 0.027544103347720197 0.0075092043396443658 -0.019197572071310471 -0.016889588949225851 -0.47797853111576138 0.49867068783450375
0.045172216503486913 0.48087257678354822 0.52186221109291353 -0.0080098010662364803 -0.0069741206525593437 0.016118897346230093 0.01882501883270514 0.024636182553493272 -0.020820749520489571 -0.0080248491544089844 -0.48891403502287478 -0.5034998470521288
-0.010270215011582609 0.49673956920577622 -0.51323079961019957 -0.030007653087030167 0.021984771954654106 0.011470547031709652 0.0084557720554142828 -0.0079158023706253668 0.023248710517672268 -0.0022368765214761574 0.4964659646862522 0.49098369245024104
-0.022671220099154392 0.50022951774599234 -0.4847487748935343 -0.030748940241871595 0.011874566094377838 -0.014308059607079818 0.0014837227673670911 0.0034852866244533941 0.018551874120866767 0.0033337992100532731 0.48284033256470438 -0.5286581369094101
0.013455632663420996 0.51954916640391857 -0.48098989906472689 -0.024631578135724874 0.0057631651565923396 0.022292021572651668 0.027034261087205046 0.022877583935802311 0.0077071013332378627 -0.0066480909881226711 -0.51864707531744481 0.47649432663683738
0.018445724599508672 0.49674103616711973 -0.47141952435219792 -0.014542331836200488 -0.00068302294616783628 0.015578775395616907 0.012806892973241852 0.030078928400235988 0.0059540006231912409 0.0077725485413298349 -0.51678239461081787 -0.51184804547588403
-0.029740409065231576 -0.50299108349528165 0.48871439942756184 0.0082789241953283872 0.013327987654223319 -0.01678360197153252 -0.008499156335425969 -0.016905281077632773 0.030592966102072197 -0.031559190732265069 0.50273833440955673 0.50170716507035251
0.0013710819619355678 -0.50730160675809632 0.48658833753663339 0.004422822896803051 0.0025445922039225694 -0.018980225393060445 0.0020082147111307432 -0.013953419031088774 0.021014975070808024 -0.013677398102251905 0.49945001811211182 -0.50518407793908615
0.02547351928140865 -0.49665973847776729 0.51106507669920287 0.020147042759021148 0.011685692926008443 0.015776016797857277 0.017633289865960983 0.010896772964416653 -0.0039023934483031855 -0.014586277994353729 -0.49201298413696287 0.49796276226210356
0.02739133946444406 -0.5097923537140191 0.50578425741914679 0.019705862258273692 0.0010550170507359639 0.0098154592138099666 0.018238695738748801 0.011582777952358399 0.0057902929705423295 -0.0080154951859328933 -0.49054922565283959 -0.49178740228316514
-0.02183170693300715 -0.49321228394491129 -0.52091899495399185 0.0046775451428444619 0.03257821619927373 0.004451151660871659 0.0057916769493979621 -0.0049249131209686322 0.067910328990717611 -0.023088473975615566 0.47886856399861644 0.49928708935098415
-0.024628812699317017 -0.49573391518770693 -0.5210120794313241 0.014182931109334392 0.0049037422059368587 -0.019477021145316943 0.0020465369541178679 -0.0067583750452349023 0.047668816331124256 -0.01547923196193127 0.47306753491653614 -0.50520142935057177
0.010172720868987269 -0.48046805200471299 -0.50169112850855513 0.023951446898753417 -0.0026093139446410236 0.020218599607990741 0.016005347119367332 -0.012487988776852556 0.037238788151711485 -0.014586041652503727 -0.51955833989740408 0.49437964836719495
0.0082309719707217028 -0.49278252239577869 -0.48196645098218721 0.01451213001967127 0.00042956661609658682 0.012798195024306888 0.013084391129108069 0.0064878103608621163 0.031166612953633314 -0.0081928303604867064 -0.52176396212616749 -0.50094110554817572
0.011231540834285961 0.4922306103372312 0.50987634127263093 -0.033485266602811314 0.0087363884722847576 0.0022429873226086543 0.50590752037474984 0.0018889223750969695 -0.015722960628952024 0.48945389924925869 0.025282497195409877 0.0029755583820101896
0.022354500994675886 0.48424391157518004 0.49607713943966519 -0.023833101348053814 -0.0021902643441561141 0.0019423800775352571 0.51107264963394894 0.02144740762803311 -0.011734312219147247 -0.50614511757033642 0.010206002173108193 -0.016093917892983124
-0.0060157138601037484 0.50763169073738657 0.52376027663250968 -0.013662606867943149 0.011669971348862862 -0.0031034573586719684 -0.48195774220947835 0.017578408309248873 -0.0047561663795698894 0.48463158870990636 0.0033265161768188251 -0.011083074666676608
0.018792745257114375 0.49268302979881451 0.5023916645084141 -0.0041470247331994526 0.0072731564825437639 0.0072061035544628048 -0.49852885476420677 -0.012090533590337287 0.0037586429948980754 -0.50564184907904064 -0.0050545120713056486 0.0005483558222140303
0.0083862830366183728 0.49504462874037869 -0.48087612772999033 -0.041768253163414502 0.0043514942762766448 0.015137274314712824 0.51971084196994677 0.01841235133958178 -0.0052982323740468013 0.50069295486688115 -0.012423346899332586 -0.017656620071226026
-0.00018163483590353534 0.50040440035592859 -0.49205711617801601 -0.030732608337379397 0.009850644231798756 -0.0029173747807796748 0.50585761801549833 0.016616877438841174 0.0040316564351918606 -0.49985848534459082 -0.0086608802086619602 -0.017531037004479076
-0.0010488032421609673 0.51466685180507588 -0.48794849839868859 -0.012257501831664814 0.012893601866763128 0.0066529079319513733 -0.49756866948394551 0.0076434387916382721 0.025686942842126997 0.49704864150740469 -0.032127935897139519 -0.016735105035412624
0.0021130443231340591 0.51186129561172788 -0.48500912998788481 -0.014039973803931374 0.011676278566897055 0.0073427834262816613 -0.4894887507657581 0.016089924268615757 0.014570434316922697 -0.51059521602529612 -0.028890735744030584 -0.027563572475436431
0.0071411173646812121 -0.51360608120556583 0.49872150063598392 0.003309788223989999 -0.0029827399037178864 0.011348480584491212 0.50653577035109032 -0.0049832180340383192 -0.00022845930061685132 0.48006737265942084 0.014296152305773732 0.0036864053184433032
0.0087835106564552769 -0.50763260825090772 0.48206840547697744 -0.0026602298777019021 0.0045992352564035791 0.00098245121276879441 0.50093624659843139 0.0044208635928943323 0.0096908820829926384 -0.50854303186407679 0.011616913926382639 0.0033606681215461636
0.0051333458763968389 -0.51104051803414907 0.49398743639184861 0.018435866926308019 0.00089309776796555414 0.005720623911707844 -0.50157692445559487 -0.0074179515290430809 0.025305791168500878 0.49205279157147591 -6.2565208836330791e-05 0.004844811456834788
0.0024756116456078037 -0.49524870270641463 0.49435959525348705 0.028916629103370513 0.0091990651572658177 -0.0037013818991510575 -0.48712097944677818 0.0025351364537696103 0.017346013872507358 -0.52133733984070774 -0.0031370507047431525 -0.00025922647673188161
-0.034420059561179155 -0.49057088848298314 -0.50680771759550824 -0.013587144755243249 0.010238074692446229 0.019345192657747066 0.50020178721027853 -0.023098430671499949 0.028550230301984024 0.4988608722909601 -0.010972720679355228 -0.010231496632236017
-0.0070849893933670801 -0.4872936411688738 -0.5059638296583594 2.3783734773727359e-05 0.0096640428381286215 0.002547802838009238 0.50124406780482988 0.0055594625166160245 0.035175177511379781 -0.50358493282241568 -0.015976679894297154 -0.0053453323576031003
0.030548790000934505 -0.51017046390408005 -0.51615295384876103 -0.01802886429634061 0.0060076119757870973 0.036696666783326025 -0.48602153432197059 -0.016650821815955466 0.037926176466111877 0.48224513271680169 -0.011949293844363327 -0.0059573915858173732
-0.0041664416180579294 -0.48791414525455634 -0.50505418519040146 0.011696287066363501 0.018374236360123704 0.0041213237510653701 -0.49908512404781585 -0.018614405888083177 0.042577188985564944 -0.50462506261959328 -0.01852031075364256 -0.01079660759027809
0.025022754244543411 0.48899750534711145 0.51307517561312155 -0.0010434541969442561 0.004551436602346348 0.0050819185979866632 0.018912510522009252 0.51222179295751702 0.48365260744366939 -0.0074960217930421166 0.013006838215829361 -0.0093527712699101716
0.00054952700230103974 0.48325087121476412 0.50304855999040854 -0.014270926257325648 -0.0023460428345986103 -0.017887977246742473 0.0031006034396549665 0.50189247519455982 -0.50886893950449741 -0.016411904262927494 0.041920988915939157 -0.0011440692059659873
0.019422441215177021 0.50708866815613807 0.51515055321537095 -0.02499300676234301 -0.0065332732970050005 0.0022819502004820498 0.030541125909472409 -0.48862258046139079 0.48616736486507883 -0.018485057439509067 -0.0054745621169939506 -0.0040070232997498007
0.0098531384951266471 0.48950133786915306 0.50535415479946877 -0.033832253219812439 0.0040887636436298079 0.0060862591747450588 0.01841604283179608 -0.48962453161618952 -0.51203383841795636 -0.033776414199827035 -0.0075476652823994505 -0.01619736181665838
0.0034744591809823264 0.50936724675398348 -0.47464497238775394 -0.0065899404545092678 0.011829596629250941 0.0026922933304371023 0.0088094293553294921 0.51016503419009251 0.50422264358646263 0.0034252683371128671 -0.01631264376545798 -0.013791079321314674
-0.0095052777875011939 0.48406922444432632 -0.4988633796723787 -0.011095717034338337 -0.0056848797465375031 0.0030225734789624936 0.00045747995985216189 0.52632455732539318 -0.489066894808384 0.0020940581133315405 -0.006082484493814092 -0.017658909678386896
0.0054041769820108868 0.52922632466864694 -0.47984100994186474 -0.036411024005096639 0.0083502830762581873 0.0026095357825339483 0.019482812268474922 -0.4777746990363182 0.50750145760472187 -0.005584866139288428 -0.035227378377394057 -0.027612793268564355
0.00012863660404308503 0.4942605715458892 -0.50682514578842186 -0.046721258354120242 0.0016831403042615585 0.0069608092451401574 0.014425304917182981 -0.50488209420069785 -0.49002545502581141 -0.014264283321620715 -0.021904894498094341 -0.026044604702985506
0.010316378614784391 -0.49914725332844778 0.50173985976121871 0.029810387919568162 0.0078344877595101867 0.0009659133624704742 0.0092781270322461456 0.48874205907728907 0.50885246363790915 -0.0074280250368842582 0.009242798903933272 0.005041324083097742
-0.0025261878875665516 -0.52513408620688506 0.48573697605191951 0.0312077241568414 0.0037730656917769911 -0.0067492222189130535 0.0059777692739024103 0.50116376598121748 -0.48536752791125598 -0.0062424472160573317 0.020701801074205897 0.0019146744934541522
0.011145068003941409 -0.48319207914048679 0.50560506023400098 0.0079157375068534801 -0.0018754134072180495 0.008219494870021481 0.015608294761594718 -0.49946497698216552 0.51052074359481547 -0.0078832521776540116 -0.015114272879234046 0.0003006025318993114
-0.0011517549264135932 -0.50340828394026271 0.47817054104813922 -0.0019887212115614551 0.008046781238028957 0.0051838901092467913 0.0089757133112973349 -0.52194592032236053 -0.49481114334104404 -0.018243606764383077 -0.012338112456741351 0.0022125609103816062
-0.0064815257749021478 -0.48133177945596811 -0.4902733266219359 0.01879919889697159 0.014747645226708024 0.0064631146836970762 0.0090105986367908075 0.49507238804687231 0.53054088692851098 -0.0027718600327376079 -0.022915689652995289 -0.010620419233493748
0.0005505879305289105 -0.51338645277941841 -0.53335633277592209 0.026105070890846432 -0.021424203703224978 0.0022297349984959488 -0.017091870584710126 0.49027116668091225 -0.45792485307413311 -0.018014370730918584 -0.011622129436247927 -0.0026296135537195648
-0.01170248473492063 -0.46077070862217401 -0.48888185164930731 0.0045679601851365452 0.0039341025003810093 -0.0015155610019198704 0.022654349106458388 -0.51175142099530369 0.53184822867174364 -0.021500092764637206 -0.049899531402721763 -0.017082409618844111
0.013753152728637493 -0.50248401882811078 -0.52906218219154133 0.018023723085408092 0.036842398864178609 0.03471430879274337 0.0091715812517879376 -0.49553262452969687 -0.46573017229809321 -0.023771522184440744 -0.03540868353028917 -0.012900209422364172
0.44542037651101485 0.43021131744949076 0.43733640627942677 -0.061690175489063068 0.45353492795692535 0.43426075006823905 0.058552459499207773 0.072284676585541607 0.022886470504661246 -0.064214052807197469 0.1019421793214791 -0.058998835359518671
0.43069670867813398 0.45266685406364088 -0.46484632751757726 -0.03076868532526254 -0.40868353810185049 0.44625930122272878 0.063248724151181573 0.063391886580002221 0.058347791998463044 -0.052864643602686862 0.086361164361078838 -0.068690082576888717
0.42843487070858016 -0.32199494471483481 -0.5456817827876006 -0.025260531808526943 0.4584371539193689 0.4486195504238798 0.020942691503832014 -0.01032404462798032 0.038140513121099777 -0.026453964065140209 0.010992248450285971 -0.010557783029373697
0.35864649312969982 -0.39097635480156545 -0.42043648483701712 -0.38645343365025303 -0.39334938176440615 0.39251117477757624 0.099762559404720244 -0.11642168916849698 -0.098528418934236112 0.12552273247157253 0.14012166139759227 0.12249027171371149
0.40583552233836373 0.39851625602623753 0.38396344007864519 0.39715541581699954 0.39025303458098642 -0.39048533209565545 -0.095658002910527354 0.11081264097115723 0.094805364483335861 -0.11279823353588789 -0.10360924250162422 -0.11255878732744679
0.36818968415161352 0.39080385538350432 0.37189038663973834 0.370264048305807 -0.38655093328054191 -0.39718424165072047 0.13286243347992585 -0.14577391552104071 -0.14864925553516983 0.1378242941067539 0.16941565590944491 0.14296002854712056
0.43381383669914803 -0.45333138826840264 0.43252638340024913 0.017266380687087694 0.44036358309520746 -0.44757092322888037 0.072060320851873277 -0.076810071102797084 0.066235538302892111 -0.052035839598636231 0.062454270601936493 -0.050904839708560537
0.38924436852257732 -0.40170724326063467 -0.3874099207394483 -0.36413409637275762 -0.3912542813266417 -0.39028081806691106 -0.12757637450257511 0.12905051780391574 0.13840855490565943 -0.12494784957299433 -0.13685786294969454 -0.11230432109950431
-0.46049486535080647 0.30146233913758186 -0.50497153101660153 0.045383286431481956 0.46964016623197452 0.46579951893610105 0.034996454227956081 0.0035670024002609556 0.02667475838509387 0.019234786024403379 -0.006047873536922448 0.011063355995759127
-0.41794197794898474 0.43448728520162661 0.45653070769722509 -0.078422321066882475 -0.43473613487703111 0.44742741124897367 0.075582072838043621 0.079158430234694585 0.059793014771045767 -0.075342001440507372 0.079695310158240038 -0.07215599891886737
-0.37788566762021714 -0.46952941096914902 -0.3460292657982228 -0.51423546577818258 0.33804024515466052 0.361767107897291 0.0035579527306393525 0.053289031492083347 -0.036405606496280614 0.0066780729476604971 -0.056572799296186492 0.00084458319387234742
-0.47045596813805574 -0.42821518615216903 -0.4043949004760668 0.022344678019060902 -0.44731783068314518 0.45439608394556141 0.060111300066921558 -0.062106902953275957 0.089301537378709772 -0.056942209583553498 0.048086567056271713 -0.060821377336336024
-0.3889775851241537 0.39142915206197382 0.38570337637888763 0.36203161594430472 0.38480302609787853 -0.39841563095721277 0.13610788346449249 -0.14954703129159752 -0.13070953930692975 0.12566712277439865 0.12175318202766451 0.14229044434953503
-0.3756323401899645 0.40236444386732151 0.41893606878633349 0.37882439643114135 -0.38499048302471633 -0.38098324452237881 -0.10533954362157533 0.12434298095136134 0.10506207001755591 -0.12733689313429863 -0.1358401372110167 -0.11117139684978702
-0.47019205970513911 -0.42608589917283374 -0.43085690727259823 0.0011933171108285522 0.4432017103933269 -0.43117890635126999 0.076777205903722015 -0.085057808903974255 0.086699880577055591 -0.056552203175551728 0.021924457152470274 -0.071153753160259361
-0.45628335997261404 -0.45145485926346873 0.44580113374611147 0.014692576853619259 -0.46563424914516505 -0.38819310452742234 0.057969557885054063 -0.058943095565714566 0.066667494957555251 -0.07469935078173727 0.049009443660420454 -0.047635184482435519
0.42317967949560192 -0.30335508851012688 0.25195357501715238 0.52912946228202851 0.51433125856964079 0.3347161910579623 -0.059822995469374945 -0.020044397039147538 -0.060921128828003768 0.0045951258910552741 0.033931697861382476 0.00023945993118212563
0.31365405340242541 -0.43498293958353695 0.32085417765635904 -0.43720392867622543 0.51265665050572906 0.37898646922331064 -0.018750356597321809 0.0035086349398517733 -0.063706568443788081 0.049421752768140093 0.031538164398331535 0.063317727447233921
0.36284517189691368 0.46084235328844397 -0.32676217640540345 0.48354924262242233 0.36059425297566255 0.39780457590711782 -0.11683641561257165 0.00067790663539125473 -0.015653002880122061 0.06372092358248925 -0.093403445579451391 0.02041658558505309
0.2791856120568979 0.46130162013903242 -0.35614602489064812 -0.52546495182437369 0.36754110387621153 0.37577891971963168 -0.11324460087126 0.026374408058129569 -0.011437811755736707 0.017018794991690053 -0.1263823923497614 -0.0096758487190756522
0.3850390815487395 -0.37594466286558337 0.38812994398976769 0.42657750372069914 -0.39230811880450811 -0.39304104410752683 -0.1124681695416084 0.10996086358363819 0.11250713073189413 -0.11463008913775448 -0.10266508835235363 -0.09127902694533345
0.37788549776060459 -0.40620162244962144 0.36768017762045124 -0.36872188414023155 -0.39720782639753399 -0.39679386173124076 0.10395192118105176 -0.14128797377934069 -0.13034704116909035 0.12508964479538676 0.14340295688713148 0.14787952431318294
0.36160296984110241 -0.36584761781126629 -0.39334076744174651 0.42487769628474414 0.41305978658381348 -0.38570961831108408 -0.11050028872944774 0.10249108792193358 0.13152546558326045 -0.10864902115537427 -0.12579273939639038 -0.11457919343929863
0.37748987975613407 0.37691678318942051 -0.40088496701221987 -0.42221885862442959 -0.38367606384812408 -0.37870174725357802 0.11245692949038955 -0.12375407275642177 -0.09923906838972818 0.13013023512660329 0.1358979778404574 0.11235261389986267
-0.50163471016926398 -0.23360746381719025 0.34361006952405326 0.52405105571163091 -0.36066266637928129 0.35054206182200098 -0.020251384762690141 -0.012570702563726902 -0.015745409220351725 -0.0027770967996563842 -0.15267831191469261 0.15492271379705322
-0.39088204279751276 0.25469700885383822 0.30359173652884386 -0.50484377932866864 0.39583919497375764 0.52622025786560522 -0.0046620142792864307 0.005232133582700112 -0.032548438795807925 0.0047059050704580871 -0.010225686159552033 0.021767626221171271
-0.37485935435399359 0.41211854114546492 -0.32735292064292232 0.43341277092898223 -0.37581576897413149 0.45339143756253014 -0.12941428327486648 0.014275606659038724 0.01169828443415402 -0.064962799010939515 -0.13674902660731356 -0.088440708510836019
-0.39587228588346368 0.37321976023866937 -0.38681686451871472 -0.45214936504218789 -0.3399127176487336 0.42523225841997214 0.084905338231597544 -0.073083820980751474 -0.094699233877014025 0.10824277182829108 0.093105761413412494 0.10797866884086764
-0.33422928433562377 -0.47153705431715554 0.32436003709343381 0.5254274085804167 0.3087717474981887 -0.39350476900845494 -0.096919255407438426 0.002414281482380386 -0.0061201596280130218 0.0018888189525531349 -0.15299188795173152 0.040342145064145477
-0.37652519911152482 0.36339639755590936 0.39181957481806096 -0.41322031523035058 -0.40274386899505238 -0.38649714666329432 0.11576374316552394 -0.12916286864863125 -0.12294375754788699 0.11137533419699157 0.11778010867116302 0.13725698051630231
-0.40640894474376765 -0.38110437097585487 -0.38057497407084578 0.41280350838615665 -0.37540647711927022 -0.3767159744091374 -0.14198639115996736 0.1115472215894316 0.081429307745431515 -0.11540768199999024 -0.16738074351642487 -0.10456259249228832
-0.391221423213992 0.39137580670166056 -0.39196380710614376 -0.42913840348886506 0.3951702111701057 -0.36003142723136095 0.11193260443952396 -0.10453433840676563 -0.1077094891094835 0.12771069191927406 0.083683235466499098 0.10873215490750628
-0.34185076037899048 0.454240670890531 0.34495893648097836 0.43765724098875647 0.34214946528048412 0.46180732006255154 -0.10487312357269764 -0.022033568474766937 -0.014218853864918585 -0.0059096633524196021 -0.10608355259433758 -0.1138244894095209
0.40117610456488534 0.3623215263507647 0.3654366547653437 -0.41081945597858038 0.38025031916735386 -0.40100480061809457 0.10438946958936104 -0.12433232587622518 -0.14947552599700667 0.12934613981175982 0.14280682368011904 0.1193577856778207
-0.38730802910831746 0.4132309671482729 -0.3671748896397522 0.37528842372318422 0.39846173501411464 -0.38344404091740419 -0.10894514984158241 0.12230478683823126 0.12077113189235675 -0.11818470271286979 -0.15778514251385822 -0.1322717771115661
0.44819729235586703 0.45689815707383213 -0.4646046789582608 -0.010486437118356024 0.45271062984713395 -0.39405887246577431 0.061554923916920641 -0.042883216807756273 0.036716913554807003 -0.033151194361419355 0.045548266800248163 -0.063377612681358775
0.41123950274743759 0.3928552282904999 0.39092180787232172 0.40747997047554529 -0.38207175549268318 0.39298081511911598 -0.041968650631121276 0.11691768499684975 0.099249285514790925 -0.11620794958865753 -0.069233531466234122 -0.11702651227861133
0.40365211640548204 0.36803344830302576 0.3631944722571338 -0.40863206169437893 -0.3824491382172116 0.3895417623634258 0.079146886439686828 -0.12377218250710702 -0.1454953794913551 0.13706559088352635 0.16585489695510985 0.12517317637292832
0.38920505251996501 0.41205995719305849 -0.37509538501400141 0.40195414415384184 -0.37902069664383059 -0.38490407964886597 -0.1137170976037376 0.12521122613740487 0.11569262882004654 -0.11101758977306703 -0.11994201221102062 -0.12629050859517751
-0.40952624502323454 0.40823558321765907 -0.38092618745967871 0.35620593443602938 -0.38736286825334254 -0.39449867245588371 0.18107350375885789 -0.11153251676026243 -0.076170427442953617 0.1245472280416719 0.090946090389767115 0.11468691074358751
-0.42203501167707147 -0.43429619027801331 0.43483646589878006 0.15280073866834692 0.4445310763571082 0.43899995496965583 0.071550021569917951 0.057408629844525313 0.076439215017827827 -0.07681584427859757 0.066782410220745658 -0.076778497629782352
-0.38104669243110562 -0.53332444219331887 0.38719925630904284 -0.43869265094524607 0.36072975920284961 -0.28740028599356088 0.0047117931976378936 -0.0071470649715997328 -0.071247079696565296 0.062549098557337215 -0.075975376129057012 0.020856473736185453
-0.30457520247085168 -0.48390748918715565 -0.39186660433416093 0.52911578383409408 0.31795713731239128 0.32001853882436271 -0.12642219930245208 -0.024758667097847981 -0.0034663047159529292 0.0074245560944256788 -0.13899390664735886 -0.0073432850202862299
0.33761686445016598 -0.37061941268189341 -0.37053354445471587 -0.45287574670397673 0.46845939647989204 -0.38706735555595634 -0.029362749303422742 -0.025223576262618501 -0.11703571756320262 0.089380925750862733 0.048881267052560427 0.10684157986248048
0.41432616290066415 -0.41475805545388128 0.38473174240652652 -0.35395790736158733 -0.39401714299096197 0.3829315769261043 -0.12545196681774304 0.12612487083587218 0.11754134740795785 -0.12629294247275094 -0.08263987080458754 -0.11348069376766312
-0.47393406326544812 -0.34143644012242452 0.32821924233869526 -0.50402775294266833 -0.32852834527066294 0.3473537426868803 -0.0056802511422947982 0.0030006201198761388 0.004726572636545366 -0.020334630163555648 -0.18458460742383051 0.18412423551996721
0.37670448139662055 -0.3745481440853996 -0.40219305730105015 0.41513849897941074 -0.37971864837752389 0.39253687287565314 -0.12056941796411912 0.11172751068201769 0.13763273004800555 -0.11892288578719663 -0.09950909933363046 -0.12421449634874526
-0.41468643153562224 -0.40507350698237921 -0.37743801905569602 -0.41889101379873483 -0.38249319697374412 -0.36268666171671027 0.10801089859807098 -0.10872437071146919 -0.10881574565397426 0.11388278837644897 0.068393151617884104 0.12330326545311478
-0.07626136459613575 -0.071499715749830925 -0.085142433520297961 -0.067439941564223435 0.079983678609690773 -0.082430806340628673 0.42159840270521975 0.42923028121251705 0.42969830506487694 0.44056625494312412 0.17275670266648629 0.43990272149189558
0.022806658279135618 0.011962396243994229 0.017100474231236739 0.0052002641380823342 0.010481766110811377 0.021263446339392478 0.26987286071098471 0.46873566490404694 0.50593539467895798 -0.24251671926915061 -0.48381417921257952 0.39629491499971964
-0.058573163592715312 -0.064826398989291767 -0.10942658084973424 -0.095299710531764725 -0.065328514062916176 -0.071353813113043049 0.43691538289520293 -0.4496116136393799 -0.43590563365652252 0.42294663725496545 0.080678625828725356 0.43988527443780467
-0.009719137721939412 -0.0019421990215580803 0.0025126754683129273 -0.066393287431649781 0.048025835127030722 0.0028292672267021968 0.29308426654027836 -0.49390368655379546 -0.47223432147596234 -0.34180267742230208 -0.48557410890767538 0.29617076101286699
0.080424351518736309 0.085472196413926976 0.090210148389141459 0.063350695877311888 -0.05281276000282828 0.080679381183256099 0.42022731081230053 0.40697188532751744 0.40675664866442712 0.28383185929638649 0.45020889022552008 -0.41696552254734881
0.018980366478042875 -0.0081754681574644477 0.0081784340707542827 -0.0052733943814134857 0.014354830793616078 0.00047898940840506327 0.36598565871389582 0.37315869920540201 0.49062343029628885 -0.4915052297815572 -0.12170574042156342 -0.47851643195595234
-0.048284909904062048 -0.044210324160299797 0.090758458624698335 -0.078521113258521069 0.062545149474856759 -0.05830363323808796 0.44954381284100708 -0.42998975889012059 0.43956131090102846 0.44910258336007308 0.047919001707019251 -0.43567855437464659
-0.097606166954912504 -0.12882114012824064 -0.10997588240498224 -0.1284174269365605 0.10051461602257719 -0.1083616691532376 0.39589891971414765 -0.39063766453062188 -0.39426482673772162 0.36815970724840541 -0.41400854108137608 -0.38951745158333057
0.14157251669909457 0.1353627631498738 0.14664285056360099 0.14044469658725423 -0.11512210337345861 0.14789177201745196 -0.3780079472874221 0.39428939073289959 -0.39523045656323552 0.38061050561742565 -0.35933224274760961 0.39589767391951836
-0.10392104034139421 -0.13908137320763711 -0.11862510407797452 -0.087235558999757559 0.10805602464409365 -0.088261387621961451 -0.40838008132614345 0.4042457300975999 -0.34300747688111105 0.40863473408258905 -0.40823158987111574 -0.38370593783887214
0.072907821276186419 0.11231258808358346 0.081476664375400937 0.071843910110466175 -0.078514264840463005 0.087312630356258691 -0.26464869669912022 -0.42739339192750031 0.42486296100587939 -0.44454212408581473 0.40467041035494999 0.40236045012869442
-0.12627543435315616 -0.088362766802261045 -0.10180071150108136 -0.12506964946089844 0.10870908748172559 -0.082749925220567233 -0.35338505643440943 -0.38470207711331822 -0.38681518713443208 0.35307043820551076 -0.47085027466930679 0.40337839243489798
0.12334293956595994 0.12381726486224773 0.1097818663178186 0.11903467967758265 -0.099465084936227868 0.12546656789870925 -0.40138793119624655 0.36636276104655513 -0.38026792944363336 -0.39639028756530775 0.41352731876091131 0.38669313760233393
0.14083829418967742 0.11215617936409705 0.12803532143307356 0.13777996171349033 -0.10944825472870007 0.12462963686684475 -0.39039556248084883 0.40142450144970232 -0.40087493877040764 -0.39424041114675956 -0.35679887427754697 -0.38433807711086826
0.12561205429957428 0.14456542817785686 0.13869852737560298 0.1264661678964476 -0.12235303608207106 0.11926394198438905 -0.38325134209608913 -0.401618890035076 0.38854933864306423 0.38320649093200748 0.37589508469585575 -0.38936240236226505
-0.059419497618995593 -0.023822599873035609 -0.053818111009037571 -0.059519633803191287 0.069311401421826499 -0.068009795761301436 -0.42949584447489658 -0.43865054610217691 0.45768576337308936 -0.44739565555324151 0.048099262076638949 -0.43726396700301595
0.019733632303715741 0.10157353303822625 0.02353372526594253 -0.10231149073075316 -0.014105195116122243 0.024093789604950799 0.51602880380810412 -0.20957693662915466 0.2740314043532191 0.4099168324295015 -0.50734425633620273 0.40836383692774414
-0.046200252789910308 -0.021159620038743061 -0.047903540083904558 -0.065785993379720201 0.053324828012060954 -0.039892424711036892 0.44935355861346155 -0.41975352572102931 0.44181705995563775 -0.4688653142889237 -0.20028971879860741 0.39127446422078133
-0.10967855738206786 -0.14402514353999621 -0.14060602119997581 -0.11081435836104792 0.11861951509373983 -0.10621476001371957 0.37789439526917024 0.39454646196218235 -0.38840650671500071 0.39236341161322802 -0.38005891891003557 0.40261744194614002
0.10262656925243679 0.11053603849406091 0.060662942923326517 0.070982908217922733 -0.098008494615144284 0.095018830623383455 0.40321157612806363 -0.40999700382804993 -0.32231090376417665 -0.41050721365582238 0.43297973095379511 0.39918379920449693
0.0087066988211124512 0.001176743231424443 0.010885523798850978 0.0020748236649335739 0.0076442590394588152 0.0048983596654162071 0.2541200189650647 0.39592945900079263 0.49970623555761645 0.46249662459390684 -0.47860538398417929 -0.29275911051184289
0.074273607628335889 0.081355557967734957 0.069263244343875471 0.066726553377975464 -0.061253580372665345 0.066747724035694872 0.42378764661423873 0.2874574724757783 0.43495894892713571 -0.42556988248513927 0.44426825038030854 0.37484204186734388
0.11415453077187274 0.097706365755054328 0.10356442750713794 0.12179135374437866 -0.11517559226515392 0.10935574010840904 0.37367331559256456 0.38344156693929432 -0.38621789000510098 -0.3906194711621504 0.42820687324846113 -0.39353684910579995
-0.10822059644218396 -0.13416835806164298 -0.11806162230742913 -0.11606189672907453 0.11816735935816718 -0.12169434474364084 0.39495332548293011 0.39485672859811988 -0.40393415573674596 -0.37747853629733852 -0.3843114576961294 -0.38582003035685553
0.12178460231341168 0.1396279807201134 0.12439519317874353 0.1399709026590826 -0.11489736464220469 0.13259389428206622 -0.39040222474210123 0.36314965017852036 0.39115502614508679 0.38168806753051793 0.4016725651583628 0.39433935167137107
0.024917814670858136 0.015071953655930363 0.010987659532561709 0.0091973596768998543 0.00086212174365577637 0.023965857339387855 -0.45681653659519761 -0.27965060627421978 0.25455027643264933 -0.51918915331136228 -0.51665194467914843 0.3319687504583167
0.14038169144482618 0.15294790045553147 0.14364640677358992 -0.16136799141359162 0.14808555211335681 0.14179246051304428 -0.37605838015231585 -0.38659092213379892 -0.37997513815267214 0.37573030184540007 0.38558865266022907 0.37826729737065518
-0.096128183700786254 -0.068571518933220429 -0.10136158511080341 -0.084249203990630878 0.086794554493380069 -0.078189987406345141 -0.42945758699998449 -0.4389152471201791 -0.41504924429317974 -0.45171600607278145 0.13845884659848537 0.42716947484757822
-0.1098981798676078 -0.10661328761354541 -0.093276964138520879 -0.12264735934592497 0.11588403399332675 -0.10070586250760565 -0.38617949503051013 -0.36363063529863465 0.39231910105414275 0.40405881940344895 -0.42197773040724118 -0.39068836332251994
0.1168814486272763 0.12321710850939037 0.11258148060101414 0.13681968116979357 -0.10613380362082375 0.099740732040788149 -0.39063928295872069 0.3670752887092803 0.3869985435762911 -0.38447883495794227 0.42070283590083224 -0.39575676613458355
0.11855660867805742 0.12053812824356502 0.1194892467890061 0.1453736866508519 -0.11005333138515778 0.11574317721849436 -0.38614744263510559 0.3781339299938396 -0.38524052963925853 0.37459191851052032 0.41730674713904387 -0.39436794205907771
0.1184744355455507 0.12291204502075607 0.095084061932048755 0.11114339388115241 -0.11874884090596707 0.10855143879010284 -0.39844448270760902 -0.39947553139784858 -0.36802438953544098 -0.39771465241433418 0.40114356014502817 -0.38820631695607904
-0.091940792518686892 -0.083122626701125593 -0.072754279830435212 -0.063570977739071041 0.08848002873605966 -0.096929326587071665 -0.43753865943767961 0.41432800545599296 0.43298955752563756 0.44248135337951311 0.19705927449165475 -0.41577544183559467
-0.07664877200109875 -0.062599306748768083 -0.074964371830289048 -0.045549396720891408 0.087646301366782559 -0.070574477487262158 -0.43967685503579446 0.42891665559085818 0.44825544703754833 -0.43235419746602288 0.14202053636161249 0.4295708230696057
0.11539998592763467 0.12431959989451626 0.1076428485844728 0.12408787583621445 -0.11964136895492307 0.11520047248384645 0.3889826541534791 0.37235007505319084 -0.39562739814359627 0.37417216112169688 0.41482451646724666 0.39761813730776474
0.1434248498551329 0.11214526817208087 0.11372081720841447 0.12805748480228457 -0.11971383639109962 0.13445434928444536 0.38184226334629601 0.40137224937005267 -0.41130800072831625 -0.38868239454199738 -0.34417391787155222 0.39938086490260372
-0.11056210610046062 -0.11560898798206547 -0.11130128313896387 -0.093141250592967656 0.12577138485644307 -0.092703948124162522 -0.39921646735191418 0.39358211511160429 0.38698492334900353 0.40276728329233213 -0.39751874557481692 0.38033434441464053
0.026530641054892695 0.0083097504167785035 0.027253371929871841 0.023557780902114585 0.0029288952976815759 0.01562205724677555 -0.48061768117438108 0.33727901936666244 0.50975970092642053 -0.19487282475943371 -0.50232412028861628 -0.3205719045798272
0.13656888075906073 0.11218237000208718 0.13537877636718396 0.12665743176546826 -0.12820815978684841 0.13120762025344618 0.38740115460010227 0.39888967182779617 -0.41589339473049858 0.4020417296827784 -0.34454722509251184 -0.37179494795682944
-0.12375152244769395 -0.13705147215098373 -0.13121083773037887 -0.087851772442620005 0.12251746310191085 -0.097687752483727727 -0.40616770469052027 0.38512639233356011 -0.37040259505496864 -0.38400302009376402 -0.39387799264324042 0.40413363347409459
0.072590862859081659 0.093942744172753362 0.074192461274881091 0.057076430198197914 -0.073979665703377231 0.076676015065762257 0.45950254632423321 -0.43240544079324655 0.41003843704048615 0.24904396003296878 0.41117505948460026 0.41043207269997256
0.085725097138908204 0.093128653430211955 0.080353166670946594 0.03964334029736595 -0.085360385499004654 0.086122510821274728 0.41475995524219023 -0.40604784468025107 0.41819827658980052 -0.40628333967463776 0.42060992683176607 -0.32783718473177881
0.11488501304476684 0.11692514503322082 0.11431772479751615 0.097244616650828508 -0.1226841949828115 0.11875254001482578 0.39092857532102715 -0.40457260803806805 -0.39075877724088587 0.37803930369348315 0.4042314175523461 -0.38201830697780231
-0.093319632024123189 -0.07613334735325826 -0.08537047711170119 -0.091899996007196463 0.068886592729343374 -0.086917897909651168 0.42083408401997063 -0.43016391044595148 -0.43584639246244739 -0.43996081458172626 0.14517661593026424 -0.4367094987636379
0.14321717848308979 0.1579932578530599 0.14997282294710682 0.13785939475476863 -0.12683798964491014 0.14657113384962406 -0.37894585993670049 -0.37795341603004085 0.38379601064889474 0.3883339175636854 -0.38226321488308784 0.38050284203308526
0.029967826987511811 0.005825885461754424 0.030569551322001079 -0.010787943283343995 -0.023341369676365548 0.015132062784765227 0.34541179945540362 -0.4740724877337632 0.23431971999685841 -0.30619674518210294 -0.51829784940250923 -0.48568965285410798
0.14870150347284775 0.13272481872972597 0.14187041159218641 0.12697788275504168 -0.12109067200794578 0.14299397154056012 -0.38239780042171717 -0.38071053843090241 -0.39392452308651194 0.39476058112430362 -0.37620772677935826 -0.38104838327011326
-0.10224753861006797 -0.1113767899869027 -0.10246322397310643 -0.12190583524652503 0.10173821480153832 -0.1238550727192566 -0.37820702285104502 -0.39675933360374749 -0.39230864411035948 -0.38647607974423903 -0.42504085714767348 -0.37643336666458016
-0.14328585803623792 -0.10977228534458801 -0.12079609738365416 -0.14023598661179559 0.13784930617772251 -0.12060857871237529 -0.37807449563743628 -0.39276996949408083 0.44904550407639848 0.38401835952820512 0.34403951344737355 0.36732654888163568
