-0.1745553246979861 -0.032822936611638015 -0.12328210824157618 0.20152785509786353 -0.71799494551286702 -0.4100703464543356 -0.021806399781821122 -0.21809088928370854 0.38474643837160105 0.16503647645764222 0.075237574220220552
0.1745553246979861 0.032822936611638015 0.12328210824157618 -0.20152785509786353 0.71799494551286702 0.4100703464543356 0.021806399781821122 0.21809088928370854 -0.38474643837160105 -0.16503647645764222 -0.075237574220220552
-0.13561121074511939 0.61577645521920865 0.31738925150536157 0.1529947198443912 0.065631843622155156 -0.0066804171193149704 0.4895471968239663 0.12781792555626878 0.061487089464994697 0.44553207408085121 -0.12514031068767573
0.13561121074511939 -0.61577645521920865 -0.31738925150536157 -0.1529947198443912 -0.065631843622155156 0.0066804171193149704 -0.4895471968239663 -0.12781792555626878 -0.061487089464994697 -0.44553207408085121 0.12514031068767573
0.0083453636353539411 -0.2694237657441102 -0.014618597853968643 0.23219156254072917 -0.072922366707994873 0.092673412299118726 -0.10381695160754857 -0.19806659453855713 -0.61035701423771971 0.62943544024842291 0.20143370557873949
-0.0083453636353539411 0.2694237657441102 0.014618597853968643 -0.23219156254072917 0.072922366707994873 -0.092673412299118726 0.10381695160754857 0.19806659453855713 0.61035701423771971 -0.62943544024842291 -0.20143370557873949
-0.21642800734701198 -0.41822447327860135 -0.14754448062352399 -0.033473348452181376 0.35315472389309199 -0.08263890809953979 0.526721448610597 -0.50931294727417997 0.17132145870266752 0.053482579913544701 -0.23401566053130984
0.21642800734701198 0.41822447327860135 0.14754448062352399 0.033473348452181376 -0.35315472389309199 0.08263890809953979 -0.526721448610597 0.50931294727417997 -0.17132145870266752 -0.053482579913544701 0.23401566053130984
-0.16150660602198819 0.33310179069696982 0.24172871477449653 -0.30800132921714851 0.26754647666781822 -0.13377859984067367 -0.3951773529674783 -0.57243692416082925 0.10860200965909921 0.063557821487646063 0.34713142515714596
0.16150660602198819 -0.33310179069696982 -0.24172871477449653 0.30800132921714851 -0.26754647666781822 0.13377859984067367 0.3951773529674783 0.57243692416082925 -0.10860200965909921 -0.063557821487646063 -0.34713142515714596
0.1862273440401408 0.30505722550976172 -0.41492558789386247 -0.23270244963991352 -0.10293482340360507 0.080435500389610282 -0.24727273566929278 -0.23415213692743392 -0.10038929841517322 0.18757842575737133 -0.68384620951463582
-0.1862273440401408 -0.30505722550976172 0.41492558789386247 0.23270244963991352 0.10293482340360507 -0.080435500389610282 0.24727273566929278 0.23415213692743392 0.10038929841517322 -0.18757842575737133 0.68384620951463582
-0.58375528495559492 0.15319450905042031 0.062929339249373537 0.11610891761203518 -0.30157174984737772 0.44259939710283119 0.066100839734368727 -0.22781891150379516 -0.31691714422882439 -0.40980658088233457 -0.082652241839088023
0.58375528495559492 -0.15319450905042031 -0.062929339249373537 -0.11610891761203518 0.30157174984737772 -0.44259939710283119 -0.066100839734368727 0.22781891150379516 0.31691714422882439 0.40980658088233457 0.082652241839088023
0.58783581940533836 0.24889175596617003 -0.21859506752957361 -0.003938029318716914 -0.18241701091665211 0.1367066938581647 0.41908907172908338 -0.34042768586998046 -0.12175580371663879 -0.22091329431738174 0.37092334369945418
-0.58783581940533836 -0.24889175596617003 0.21859506752957361 0.003938029318716914 0.18241701091665211 -0.1367066938581647 -0.41908907172908338 0.34042768586998046 0.12175580371663879 0.22091329431738174 -0.37092334369945418
-0.058233862908323088 0.24283225451306045 -0.26407451312103514 0.58842718803126137 0.3152211282209913 -0.51527291922971663 -0.10249793461440414 -0.037571764611924498 -0.26071571588410919 -0.2740211741130919 -0.042557206774031908
0.058233862908323088 -0.24283225451306045 0.26407451312103514 -0.58842718803126137 -0.3152211282209913 0.51527291922971663 0.10249793461440414 0.037571764611924498 0.26071571588410919 0.2740211741130919 0.042557206774031908
0.35050445202586494 -0.15384190346607804 0.71337563239364365 0.11207218514044767 -0.15167415151936661 -0.2030816126531643 -0.028347246221342635 -0.23624807261624697 -0.16059520960184095 -0.19482011352429726 -0.38393322918440198
-0.35050445202586494 0.15384190346607804 -0.71337563239364365 -0.11207218514044767 0.15167415151936661 0.2030816126531643 0.028347246221342635 0.23624807261624697 0.16059520960184095 0.19482011352429726 0.38393322918440198
-0.17577988012204868 0.013188015264917245 -0.03320310159210333 -0.59968907323649967 -0.14619233771346096 -0.52027135214028941 0.25106028960028237 0.17303287941260234 -0.46411843672617809 -0.078758569630816691 0.039536287731831862
0.17577988012204868 -0.013188015264917245 0.03320310159210333 0.59968907323649967 0.14619233771346096 0.52027135214028941 -0.25106028960028237 -0.17303287941260234 0.46411843672617809 0.078758569630816691 -0.039536287731831862
-0.11078940679378765 0.13579344724123299 0.11904863775378929 0.098503254105216431 -0.63708783514160827 -0.04505853080752921 -0.1156627709690439 -0.45815500516559227 -0.09657760693711874 -0.12600589609580914 -0.53759705315895268
-0.46129385881965257 0.28963535070731106 -0.59432699463985439 -0.013568931035231241 -0.48541368362224163 0.15802308184563507 -0.087315524747701267 -0.22190693254934532 0.064017602664722215 0.068814217428488131 -0.15366382397455064
0.47296587816180724 -0.01740106180918731 0.056119298504415771 -0.017605663506818747 -0.33551608529423044 -0.48765792791036039 -0.18176361070341263 -0.23033609366179714 0.22033953729170569 0.28380068478652543 -0.45494481131986458
0.12246142613594233 0.13644084165689074 -0.65725633388922788 -0.12967784864726642 -0.18384193377486385 -0.28457631525719612 -0.15341636448206997 0.0059119789544498508 0.38093474689354662 0.47862079831082271 -0.071011582135462603
-0.29701675083392842 -0.16926377826852873 0.53397422564765173 0.33120570374512998 -0.53415301173800322 -0.12549403119713948 0.13160996470024888 -0.22400286823815838 0.0038116914780544492 -0.31358432185318047 0.1462491563556832
-0.64752120285979342 -0.015421874802450677 -0.17940140674599189 0.21913351860468228 -0.38247886021863658 0.077587581456024804 0.15995721092159154 0.012245204378088598 0.16440690107989542 -0.11876420832888319 0.53018238554008512
0.2867385341216665 -0.32245828731894904 0.47104488639827824 0.21509678613309474 -0.23258126189062545 -0.56809342829997067 0.065509124965880156 0.0038160432656367815 0.32072883570687888 0.096222259029154114 0.22890139819477123
-0.063765917904198471 -0.16861638385287098 -0.24233074599536544 0.10302460099264708 -0.08090711037125882 -0.3650118156468064 0.093856371187222787 0.24006411588188376 0.48132404530871981 0.29104237255345139 0.61283462737917316
0.063765917904198471 0.16861638385287098 0.24233074599536544 -0.10302460099264708 0.08090711037125882 0.3650118156468064 -0.093856371187222787 -0.24006411588188376 -0.48132404530871981 -0.29104237255345139 -0.61283462737917316
-0.2867385341216665 0.32245828731894904 -0.47104488639827824 -0.21509678613309474 0.23258126189062545 0.56809342829997067 -0.065509124965880156 -0.0038160432656367815 -0.32072883570687888 -0.096222259029154114 -0.22890139819477123
0.64752120285979342 0.015421874802450677 0.17940140674599189 -0.21913351860468228 0.38247886021863658 -0.077587581456024804 -0.15995721092159154 -0.012245204378088598 -0.16440690107989542 0.11876420832888319 -0.53018238554008512
0.29701675083392842 0.16926377826852873 -0.53397422564765173 -0.33120570374512998 0.53415301173800322 0.12549403119713948 -0.13160996470024888 0.22400286823815838 -0.0038116914780544492 0.31358432185318047 -0.1462491563556832
-0.12246142613594233 -0.13644084165689074 0.65725633388922788 0.12967784864726642 0.18384193377486385 0.28457631525719612 0.15341636448206997 -0.0059119789544498508 -0.38093474689354662 -0.47862079831082271 0.071011582135462603
-0.47296587816180724 0.01740106180918731 -0.056119298504415771 0.017605663506818747 0.33551608529423044 0.48765792791036039 0.18176361070341263 0.23033609366179714 -0.22033953729170569 -0.28380068478652543 0.45494481131986458
0.46129385881965257 -0.28963535070731106 0.59432699463985439 0.013568931035231241 0.48541368362224163 -0.15802308184563507 0.087315524747701267 0.22190693254934532 -0.064017602664722215 -0.068814217428488131 0.15366382397455064
0.11078940679378765 -0.13579344724123299 -0.11904863775378929 -0.098503254105216431 0.63708783514160827 0.04505853080752921 0.1156627709690439 0.45815500516559227 0.09657760693711874 0.12600589609580914 0.53759705315895268
0.27063698791958496 0.38197914968867713 -0.51043863839302372 0.27665728208524726 -0.3440628258060664 -0.3541005357181386 0.023756000831782677 -0.4151212383465237 -0.049057189822160063 -0.071159783107730037 -0.14012124918449648
0.32887085082790807 0.13914689517561668 -0.24636412527198853 -0.31176990594601411 -0.65928395402705775 0.161172383511578 0.12625393544618682 -0.37754947373459924 0.21165852606194913 0.20286139100536188 -0.097564042410464569
-0.3171988314857534 0.13308739372250708 -0.29184357086345009 0.28059531140396415 -0.16164581488941435 -0.49080722957630329 -0.39533307089730074 -0.074693552476543232 0.072698613894478736 0.14975351120965169 -0.51104459288395065
-0.25896496857743029 -0.10974486079055337 -0.027769057742414949 -0.30783187662729722 -0.47686694311040567 0.024465689653413308 -0.29283513628289659 -0.037121787864618741 0.33341432977858793 0.42377468532274359 -0.4684873861099188
0.084409643879444177 0.076921924178915385 -0.095513050499161214 0.5093597317251608 -0.24112800240246138 -0.43453603610774894 0.27102873650107545 -0.18096910141908981 0.051332108593013126 -0.25873820886510135 0.5437249603301394
0.14264350678776727 -0.16591033033414507 0.16856146262187394 -0.079067456306100625 -0.5563491306234527 0.080736883121967723 0.3735266711154796 -0.14339733680716529 0.31204782447712232 0.015282965247990526 0.58628216710417125
-0.50342617552589419 -0.17196983178725461 0.12308201703041238 0.51329776104387759 -0.0587109914858093 -0.57124272996591352 -0.14806033522800793 0.15945858445089064 0.1730879123096519 -0.037824914547719635 0.17280161663068516
-0.44519231261757108 -0.41480208630031506 0.38715653015144752 -0.075129426987383729 -0.37393211970680063 -0.055969810736196945 -0.045562400613603789 0.19703034906281516 0.43380362819376106 0.23619625956537227 0.21535882340471707
0.44519231261757108 0.41480208630031506 -0.38715653015144752 0.075129426987383729 0.37393211970680063 0.055969810736196945 0.045562400613603789 -0.19703034906281516 -0.43380362819376106 -0.23619625956537227 -0.21535882340471707
0.50342617552589419 0.17196983178725461 -0.12308201703041238 -0.51329776104387759 0.0587109914858093 0.57124272996591352 0.14806033522800793 -0.15945858445089064 -0.1730879123096519 0.037824914547719635 -0.17280161663068516
-0.14264350678776727 0.16591033033414507 -0.16856146262187394 0.079067456306100625 0.5563491306234527 -0.080736883121967723 -0.3735266711154796 0.14339733680716529 -0.31204782447712232 -0.015282965247990526 -0.58628216710417125
-0.084409643879444177 -0.076921924178915385 0.095513050499161214 -0.5093597317251608 0.24112800240246138 0.43453603610774894 -0.27102873650107545 0.18096910141908981 -0.051332108593013126 0.25873820886510135 -0.5437249603301394
0.25896496857743029 0.10974486079055337 0.027769057742414949 0.30783187662729722 0.47686694311040567 -0.024465689653413308 0.29283513628289659 0.037121787864618741 -0.33341432977858793 -0.42377468532274359 0.4684873861099188
0.3171988314857534 -0.13308739372250708 0.29184357086345009 -0.28059531140396415 0.16164581488941435 0.49080722957630329 0.39533307089730074 0.074693552476543232 -0.072698613894478736 -0.14975351120965169 0.51104459288395065
-0.32887085082790807 -0.13914689517561668 0.24636412527198853 0.31176990594601411 0.65928395402705775 -0.161172383511578 -0.12625393544618682 0.37754947373459924 -0.21165852606194913 -0.20286139100536188 0.097564042410464569
-0.27063698791958496 -0.38197914968867713 0.51043863839302372 -0.27665728208524726 0.3440628258060664 0.3541005357181386 -0.023756000831782677 0.4151212383465237 0.049057189822160063 0.071159783107730037 0.14012124918449648
-0.26518432484841881 0.47411542575026033 0.66771146896143763 0.036587246689862768 -0.060033790538385465 0.049529383744839131 0.066061718684757048 -0.45434299136230127 -0.15371162735328572 -0.047768399419067284 -0.12229717827700989
-0.61568877687428369 0.6279573292163384 -0.045664163432206029 -0.075484938450584904 0.091640360980981148 0.25261099639800344 0.094408964906099679 -0.21809491874605433 0.0068835822485552312 0.14705171410522999 0.26163605090739206
0.31857096010717612 0.32092091669984002 0.60478212971206413 -0.079521670922172397 0.2415379593089923 -0.39307001335799208 -3.9121049611680683e-05 -0.22652407985850614 0.16320551687553869 0.36203818146326727 -0.039644936437921857
-0.0319334919186888 0.47476282016591809 -0.10859350268157955 -0.19159385606262008 0.39321211082835889 -0.18998840070482781 0.028308125171730952 0.009723992757740843 0.32380072647737962 0.55685829498756456 0.3442882927464801
-0.10367771882643059 0.14101363505329056 0.42598275418694109 0.34458857590701125 -0.3275802672062037 0.18330798358551281 0.46123907165223538 0.11809393279852795 -0.26231363701238491 -0.11132622090671333 -0.46942860343415582
-0.45418217085229551 0.29485553851936858 -0.28739287820670256 0.23251639076656355 -0.17590611568683712 0.38638959623867708 0.48958631787357804 0.3543420054147749 -0.10171842741054397 0.083493892617583929 -0.085495374249753842
0.4800775661291643 -0.012180873997129762 0.3630534149375676 0.22847965829497607 -0.026008517358825978 -0.25929141351731838 0.39513823191786662 0.34591284430232316 0.054603507216439459 0.29848035997562122 -0.38677636159506779
0.12957311410329939 0.14166102946894826 -0.35032221745607606 0.11640747315452842 0.12566563416054063 -0.0562098008641541 0.42348547813920928 0.58216091691857008 0.2151987168182804 0.49330047349991851 -0.0028431324106658329
-0.12957311410329939 -0.14166102946894826 0.35032221745607606 -0.11640747315452842 -0.12566563416054063 0.0562098008641541 -0.42348547813920928 -0.58216091691857008 -0.2151987168182804 -0.49330047349991851 0.0028431324106658329
-0.4800775661291643 0.012180873997129762 -0.3630534149375676 -0.22847965829497607 0.026008517358825978 0.25929141351731838 -0.39513823191786662 -0.34591284430232316 -0.054603507216439459 -0.29848035997562122 0.38677636159506779
0.45418217085229551 -0.29485553851936858 0.28739287820670256 -0.23251639076656355 0.17590611568683712 -0.38638959623867708 -0.48958631787357804 -0.3543420054147749 0.10171842741054397 -0.083493892617583929 0.085495374249753842
0.10367771882643059 -0.14101363505329056 -0.42598275418694109 -0.34458857590701125 0.3275802672062037 -0.18330798358551281 -0.46123907165223538 -0.11809393279852795 0.26231363701238491 0.11132622090671333 0.46942860343415582
0.0319334919186888 -0.47476282016591809 0.10859350268157955 0.19159385606262008 -0.39321211082835889 0.18998840070482781 -0.028308125171730952 -0.009723992757740843 -0.32380072647737962 -0.55685829498756456 -0.3442882927464801
-0.31857096010717612 -0.32092091669984002 -0.60478212971206413 0.079521670922172397 -0.2415379593089923 0.39307001335799208 3.9121049611680683e-05 0.22652407985850614 -0.16320551687553869 -0.36203818146326727 0.039644936437921857
0.61568877687428369 -0.6279573292163384 0.045664163432206029 0.075484938450584904 -0.091640360980981148 -0.25261099639800344 -0.094408964906099679 0.21809491874605433 -0.0068835822485552312 -0.14705171410522999 -0.26163605090739206
0.26518432484841881 -0.47411542575026033 -0.66771146896143763 -0.036587246689862768 0.060033790538385465 -0.049529383744839131 -0.066061718684757048 0.45434299136230127 0.15371162735328572 0.047768399419067284 0.12229717827700989
0.11624206986495385 0.72030112819770453 0.038224192814624691 0.21474127466989357 0.23299121879715629 -0.25951262116577029 0.20548049048558359 -0.41130922454323271 -0.10619121023832703 0.0070777135690118231 0.27517862569744622
0.17447593277327694 0.47746887368464402 0.30229870593565983 -0.37368591336136781 -0.082229909423834999 0.25576029806394635 0.30797842509998774 -0.37373745993130825 0.15452450564578216 0.28109888768210373 0.31773583247147819
-0.47159374954038452 0.4714093722315344 0.25681926034419827 0.21867930398861049 0.41540822971380842 -0.39621931502393498 -0.21360858124349977 -0.07088153867325224 0.015564593478311739 0.22799100788639354 -0.095744718002007928
-0.41335988663206141 0.22857711771847394 0.52089377346523347 -0.36974788404265091 0.10018710149281709 0.11905360420578165 -0.11111064662909562 -0.033309774061327749 0.27628030936242093 0.50201218199948539 -0.05318751122797602
0.27774867588694202 0.38719933750073465 -0.20350452195987184 0.52274260388704208 -0.034555257870661937 -0.12573402132509662 0.60065784345306195 0.16112769961759654 -0.21479321989742622 -0.05648010791863424 -0.071952799459699707
0.33598253879526513 0.1443670829876742 0.060569991161163281 -0.065684584144219293 -0.34977638609165324 0.38953889790462004 0.7031557780674661 0.19869946422952106 0.045922495986682951 0.21754106619445768 -0.029395592685667798
-0.31008714351839634 0.13830758153456463 0.015090545569701741 0.52668063320575897 0.14786175304599017 -0.26244071518326129 0.18156877172397856 0.50155538548757705 -0.093037416180787452 0.16443318639874749 -0.44287614315915391
-0.25185328061007323 -0.10452467297849583 0.27916505869073688 -0.061746554825502398 -0.16735937517500113 0.25283220404645534 0.28406670633838271 0.53912715009950152 0.16767829970332174 0.43845436051183939 -0.40031893638512195
0.25185328061007323 0.10452467297849583 -0.27916505869073688 0.061746554825502398 0.16735937517500113 -0.25283220404645534 -0.28406670633838271 -0.53912715009950152 -0.16767829970332174 -0.43845436051183939 0.40031893638512195
0.31008714351839634 -0.13830758153456463 -0.015090545569701741 -0.52668063320575897 -0.14786175304599017 0.26244071518326129 -0.18156877172397856 -0.50155538548757705 0.093037416180787452 -0.16443318639874749 0.44287614315915391
-0.33598253879526513 -0.1443670829876742 -0.060569991161163281 0.065684584144219293 0.34977638609165324 -0.38953889790462004 -0.7031557780674661 -0.19869946422952106 -0.045922495986682951 -0.21754106619445768 0.029395592685667798
-0.27774867588694202 -0.38719933750073465 0.20350452195987184 -0.52274260388704208 0.034555257870661937 0.12573402132509662 -0.60065784345306195 -0.16112769961759654 0.21479321989742622 0.05648010791863424 0.071952799459699707
0.41335988663206141 -0.22857711771847394 -0.52089377346523347 0.36974788404265091 -0.10018710149281709 -0.11905360420578165 0.11111064662909562 0.033309774061327749 -0.27628030936242093 -0.50201218199948539 0.05318751122797602
0.47159374954038452 -0.4714093722315344 -0.25681926034419827 -0.21867930398861049 -0.41540822971380842 0.39621931502393498 0.21360858124349977 0.07088153867325224 -0.015564593478311739 -0.22799100788639354 0.095744718002007928
-0.17447593277327694 -0.47746887368464402 -0.30229870593565983 0.37368591336136781 0.082229909423834999 -0.25576029806394635 -0.30797842509998774 0.37373745993130825 -0.15452450564578216 -0.28109888768210373 -0.31773583247147819
-0.11624206986495385 -0.72030112819770453 -0.038224192814624691 -0.21474127466989357 -0.23299121879715629 0.25951262116577029 -0.20548049048558359 0.41130922454323271 0.10619121023832703 -0.0070777135690118231 -0.27517862569744622
-0.22066673832069403 -0.34414781671918465 0.30707094658276229 0.21344965842051533 -0.086506772090823622 0.1247761443246229 0.23032904525803727 -0.58572326296638966 -0.45827395468285875 0.039145662877667867 -0.24958371298803017
-0.57117119034655894 -0.19030591325310658 -0.40630468581088136 0.10137747328006765 0.06516737942854299 0.32785775697778718 0.25867629147937993 -0.34947519035014263 -0.29767874508101783 0.23396577640196514 0.13434951619637181
0.36308854663490087 -0.49734232576960496 0.24414160733338874 0.097340740808480139 0.21506497775655414 -0.31782325277820828 0.16422820552366851 -0.35790435146259447 -0.14135681045403437 0.44895224376000242 -0.16693147114894216
0.012584094609035951 -0.3435004223035269 -0.46923402506025491 -0.014731444331967533 0.36673912927592073 -0.11474164012504399 0.19257545174501117 -0.12165627884634747 0.019238399147806576 0.64377235728429971 0.21700175803545982
-0.00423873097368202 0.074076656559416712 0.45461542720628628 0.24692300687269669 -0.43966149598391563 0.20741505242416269 -0.29639240335255973 -0.076410315692209643 -0.62959541338552627 -0.014336917035876792 -0.015568052456720327
-0.35474318299954699 0.22791856002549477 -0.25876020518735737 0.13485082173224905 -0.28798734446454904 0.41049666507732696 -0.26804515713121707 0.15983775692403734 -0.46900020378368529 0.18048319648842048 0.36836517672768165
0.57951655398191293 -0.079117852491003601 0.39168608795691273 0.13081408926066151 -0.13808974613653791 -0.2351843446786685 -0.36249324308692848 0.15140859581158553 -0.31267826915670188 0.39546966384645776 0.067084189382367709
0.22901210195604796 0.074724050975074438 -0.32168954443673092 0.018741904120213856 0.013584405382828721 -0.032102732025504191 -0.33414599686558583 0.38765666842783253 -0.1520830595548609 0.59028977737075505 0.45101741856676969
-0.22901210195604796 -0.074724050975074438 0.32168954443673092 -0.018741904120213856 -0.013584405382828721 0.032102732025504191 0.33414599686558583 -0.38765666842783253 0.1520830595548609 -0.59028977737075505 -0.45101741856676969
-0.57951655398191293 0.079117852491003601 -0.39168608795691273 -0.13081408926066151 0.13808974613653791 0.2351843446786685 0.36249324308692848 -0.15140859581158553 0.31267826915670188 -0.39546966384645776 -0.067084189382367709
0.35474318299954699 -0.22791856002549477 0.25876020518735737 -0.13485082173224905 0.28798734446454904 -0.41049666507732696 0.26804515713121707 -0.15983775692403734 0.46900020378368529 -0.18048319648842048 -0.36836517672768165
0.00423873097368202 -0.074076656559416712 -0.45461542720628628 -0.24692300687269669 0.43966149598391563 -0.20741505242416269 0.29639240335255973 0.076410315692209643 0.62959541338552627 0.014336917035876792 0.015568052456720327
-0.012584094609035951 0.3435004223035269 0.46923402506025491 0.014731444331967533 -0.36673912927592073 0.11474164012504399 -0.19257545174501117 0.12165627884634747 -0.019238399147806576 -0.64377235728429971 -0.21700175803545982
-0.36308854663490087 0.49734232576960496 -0.24414160733338874 -0.097340740808480139 -0.21506497775655414 0.31782325277820828 -0.16422820552366851 0.35790435146259447 0.14135681045403437 -0.44895224376000242 0.16693147114894216
0.57117119034655894 0.19030591325310658 0.40630468581088136 -0.10137747328006765 -0.06516737942854299 -0.32785775697778718 -0.25867629147937993 0.34947519035014263 0.29767874508101783 -0.23396577640196514 -0.13434951619637181
0.22066673832069403 0.34414781671918465 -0.30707094658276229 -0.21344965842051533 0.086506772090823622 -0.1247761443246229 -0.23032904525803727 0.58572326296638966 0.45827395468285875 -0.039145662877667867 0.24958371298803017
0.16075965639267858 -0.097962114271740536 -0.3224163295640507 0.3916036864005461 0.20651823724471813 -0.18426586058598649 0.36974781705886384 -0.54268949614732098 -0.41075353756790012 0.093991775865746974 0.14789209098642594
0.21899351930100169 -0.34079436878480096 -0.058341816443015559 -0.19682350163071527 -0.10870289097627316 0.33100705864373015 0.47224575167326799 -0.50511773153539652 -0.1500378216837909 0.36801294997883888 0.19044929776045785
-0.42707616301265977 -0.34685387023791053 -0.10382126203447707 0.39554171571926305 0.38893524816137026 -0.32097255444415118 -0.049341254670219541 -0.20226181027734058 -0.28899773385126126 0.31490507018312869 -0.22303125271302823
-0.36884230010433666 -0.58968612475097104 0.16025325108655808 -0.19288547231199832 0.073714119940378936 0.19430036478556545 0.053156679944184597 -0.16469004566541606 -0.028282017967152101 0.58892624429622065 -0.18047404593899632
0.37718766373969059 0.32026235900686084 -0.17487184894052671 0.42507703485272752 -0.14663648664837384 -0.10162695248644671 -0.15697363155173316 -0.033376548873141051 -0.58207499627056758 0.040509195952202315 0.38190775151773582
0.4354215266480137 0.077430104493800361 0.089202664180508442 -0.16335015317853385 -0.46185761486936516 0.41364596674326992 -0.054475696937329017 0.0041952157387834428 -0.32135928038645833 0.31453037006529422 0.42446495829176767
-0.21064815566564776 0.071370603040690789 0.04372321858904693 0.42901506417144442 0.035780524268278255 -0.23833364634461141 -0.57606270328081655 0.30705113699683939 -0.46031919255392884 0.26142249026958403 0.010984407818281638
-0.15241429275732465 -0.17146165147236966 0.30779773171008207 -0.15941212385981696 -0.27944060395271303 0.27693927288510523 -0.47356476866641239 0.34462290160876385 -0.19960347666981962 0.53544366438267588 0.053541614592313547
0.15241429275732465 0.17146165147236966 -0.30779773171008207 0.15941212385981696 0.27944060395271303 -0.27693927288510523 0.47356476866641239 -0.34462290160876385 0.19960347666981962 -0.53544366438267588 -0.053541614592313547
0.21064815566564776 -0.071370603040690789 -0.04372321858904693 -0.42901506417144442 -0.035780524268278255 0.23833364634461141 0.57606270328081655 -0.30705113699683939 0.46031919255392884 -0.26142249026958403 -0.010984407818281638
-0.4354215266480137 -0.077430104493800361 -0.089202664180508442 0.16335015317853385 0.46185761486936516 -0.41364596674326992 0.054475696937329017 -0.0041952157387834428 0.32135928038645833 -0.31453037006529422 -0.42446495829176767
-0.37718766373969059 -0.32026235900686084 0.17487184894052671 -0.42507703485272752 0.14663648664837384 0.10162695248644671 0.15697363155173316 0.033376548873141051 0.58207499627056758 -0.040509195952202315 -0.38190775151773582
0.36884230010433666 0.58968612475097104 -0.16025325108655808 0.19288547231199832 -0.073714119940378936 -0.19430036478556545 -0.053156679944184597 0.16469004566541606 0.028282017967152101 -0.58892624429622065 0.18047404593899632
0.42707616301265977 0.34685387023791053 0.10382126203447707 -0.39554171571926305 -0.38893524816137026 0.32097255444415118 0.049341254670219541 0.20226181027734058 0.28899773385126126 -0.31490507018312869 0.22303125271302823
-0.21899351930100169 0.34079436878480096 0.058341816443015559 0.19682350163071527 0.10870289097627316 -0.33100705864373015 -0.47224575167326799 0.50511773153539652 0.1500378216837909 -0.36801294997883888 -0.19044929776045785
-0.16075965639267858 0.097962114271740536 0.3224163295640507 -0.3916036864005461 -0.20651823724471813 0.18426586058598649 -0.36974781705886384 0.54268949614732098 0.41075353756790012 -0.093991775865746974 -0.14789209098642594
-0.35445951589131108 0.54360810252215397 -0.03390504936561535 -0.28164394270999338 -0.2425335336711443 -0.0019584358835814664 0.27971779524466234 -0.080560121731178977 -0.40996889495259048 0.072272674662535646 -0.42605123715478388
-0.17867963576926238 0.53042008725723666 -0.00070194777351201623 0.31804513052650629 -0.09634119595768334 0.51831291625670795 0.028657505644379938 -0.2535930011437813 0.054149541773587578 0.15103124429335232 -0.4655875248866157
0.22929576906428384 0.3904135934717336 -0.096834388614988887 -0.39775286032202861 0.059038216176233421 -0.44455783298641266 0.21361695551029358 0.14725878977261619 -0.093051750723766119 0.48207925554487013 -0.34339899531569584
0.40507564918633254 0.3772255782068164 -0.063631287022885563 0.20193621291447109 0.20523055388969438 0.075713519153876752 -0.037443334089988789 -0.025774089639986161 0.37106668600241199 0.56083782517568681 -0.38293528304752766
-0.54068685993145194 0.23855087701239225 0.38102053852824708 -0.048941493070079889 -0.13959871026753923 -0.082393936273191748 0.52699053091395509 0.15359201519625493 -0.30957959653741729 -0.11530575109483568 0.25779497235985194
-0.36490697980940323 0.225362861747475 0.41422364012035046 0.55074758016641978 0.0065936274459217348 0.43787741586709766 0.27593024131367272 -0.019440864216347414 0.1545388401887608 -0.036547181464018995 0.21825868462802009
0.043068425024143028 0.085356367961971935 0.31809119927887358 -0.16505041068211507 0.1619730395798385 -0.52499333337602294 0.46088969117958634 0.38141092670005011 0.0073375476914071258 0.29450082978749886 0.34044721419893997
0.21884830514619169 0.072168352697054683 0.35129430087097696 0.4346386625543846 0.30816537729329946 -0.00472198123573353 0.20982940157930396 0.20837804728744774 0.47145598441758518 0.3732593994183156 0.30091092646710815
-0.21884830514619169 -0.072168352697054683 -0.35129430087097696 -0.4346386625543846 -0.30816537729329946 0.00472198123573353 -0.20982940157930396 -0.20837804728744774 -0.47145598441758518 -0.3732593994183156 -0.30091092646710815
-0.043068425024143028 -0.085356367961971935 -0.31809119927887358 0.16505041068211507 -0.1619730395798385 0.52499333337602294 -0.46088969117958634 -0.38141092670005011 -0.0073375476914071258 -0.29450082978749886 -0.34044721419893997
0.36490697980940323 -0.225362861747475 -0.41422364012035046 -0.55074758016641978 -0.0065936274459217348 -0.43787741586709766 -0.27593024131367272 0.019440864216347414 -0.1545388401887608 0.036547181464018995 -0.21825868462802009
0.54068685993145194 -0.23855087701239225 -0.38102053852824708 0.048941493070079889 0.13959871026753923 0.082393936273191748 -0.52699053091395509 -0.15359201519625493 0.30957959653741729 0.11530575109483568 -0.25779497235985194
-0.40507564918633254 -0.3772255782068164 0.063631287022885563 -0.20193621291447109 -0.20523055388969438 -0.075713519153876752 0.037443334089988789 0.025774089639986161 -0.37106668600241199 -0.56083782517568681 0.38293528304752766
-0.22929576906428384 -0.3904135934717336 0.096834388614988887 0.39775286032202861 -0.059038216176233421 0.44455783298641266 -0.21361695551029358 -0.14725878977261619 0.093051750723766119 -0.48207925554487013 0.34339899531569584
0.17867963576926238 -0.53042008725723666 0.00070194777351201623 -0.31804513052650629 0.09634119595768334 -0.51831291625670795 -0.028657505644379938 0.2535930011437813 -0.054149541773587578 -0.15103124429335232 0.4655875248866157
0.35445951589131108 -0.54360810252215397 0.03390504936561535 0.28164394270999338 0.2425335336711443 0.0019584358835814664 -0.27971779524466234 0.080560121731178977 0.40996889495259048 -0.072272674662535646 0.42605123715478388
0.17144336120628162 0.50491201588797641 0.17588239144205381 0.31039582168809338 0.063121998460087383 -0.32229972430629278 0.055714640159463383 -0.1900770242996683 -0.23010656721806433 0.082134606100416688 -0.61773847808037274
-0.17906109081958332 0.65875391935405447 -0.53749324095158979 0.19832363654764568 0.21479614997945401 -0.1192181116531285 0.084061886380806014 0.046171048316578672 -0.069511357616223388 0.27695471962471396 -0.23380524889597076
0.22967722411460473 0.2620797613749159 0.43995690456308895 -0.278031366343168 -0.25209912976090393 0.19297319492342385 0.15821257477386749 -0.15250525968774381 0.030609148666044861 0.35615578021350858 -0.57518127130634078
-0.12082722791126023 0.41592166484099397 -0.27341872783055471 -0.3901035514836157 -0.1004249782415373 0.39605480757658812 0.18655982099521015 0.083742812928503163 0.19120435826788582 0.55097589373780587 -0.1912480421219388
-0.014783982833859177 0.19985479037821463 0.59080797933591622 0.54309827132800681 0.16605682186369247 -0.40273522469590306 0.30298737582875612 0.044075112627765589 -0.12971726880289111 -0.10544381965695464 0.066107731434263073
-0.36528843485972412 0.3536966938442927 -0.12256765305772738 0.43102608618755917 0.31773097338305906 -0.19965361204273879 0.33133462205009878 0.28032318524401256 0.030877940798949843 0.089376293867342624 0.45004096061866505
0.043449880074463931 -0.04297746413484578 0.85488249245695136 -0.045328916703254493 -0.14916430635729883 0.11253769453381356 0.40548531044316027 0.081646877239690108 0.13099844708121811 0.16857735445613725 0.10866493820829504
-0.30705457195140101 0.11086443933123226 0.14150686006330776 -0.15740110184370215 0.0025098451620677725 0.31561930718697784 0.43383255666450293 0.31789494985593708 0.29159365668305903 0.36339746798043454 0.49259816739269702
0.30705457195140101 -0.11086443933123226 -0.14150686006330776 0.15740110184370215 -0.0025098451620677725 -0.31561930718697784 -0.43383255666450293 -0.31789494985593708 -0.29159365668305903 -0.36339746798043454 -0.49259816739269702
-0.043449880074463931 0.04297746413484578 -0.85488249245695136 0.045328916703254493 0.14916430635729883 -0.11253769453381356 -0.40548531044316027 -0.081646877239690108 -0.13099844708121811 -0.16857735445613725 -0.10866493820829504
0.36528843485972412 -0.3536966938442927 0.12256765305772738 -0.43102608618755917 -0.31773097338305906 0.19965361204273879 -0.33133462205009878 -0.28032318524401256 -0.030877940798949843 -0.089376293867342624 -0.45004096061866505
0.014783982833859177 -0.19985479037821463 -0.59080797933591622 -0.54309827132800681 -0.16605682186369247 0.40273522469590306 -0.30298737582875612 -0.044075112627765589 0.12971726880289111 0.10544381965695464 -0.066107731434263073
0.12082722791126023 -0.41592166484099397 0.27341872783055471 0.3901035514836157 0.1004249782415373 -0.39605480757658812 -0.18655982099521015 -0.083742812928503163 -0.19120435826788582 -0.55097589373780587 0.1912480421219388
-0.22967722411460473 -0.2620797613749159 -0.43995690456308895 0.278031366343168 0.25209912976090393 -0.19297319492342385 -0.15821257477386749 0.15250525968774381 -0.030609148666044861 -0.35615578021350858 0.57518127130634078
0.17906109081958332 -0.65875391935405447 0.53749324095158979 -0.19832363654764568 -0.21479614997945401 0.1192181116531285 -0.084061886380806014 -0.046171048316578672 0.069511357616223388 -0.27695471962471396 0.23380524889597076
-0.17144336120628162 -0.50491201588797641 -0.17588239144205381 -0.31039582168809338 -0.063121998460087383 0.32229972430629278 -0.055714640159463383 0.1900770242996683 0.23010656721806433 -0.082134606100416688 0.61773847808037274
-0.46287256307013791 -0.067932089020205338 -0.054087234219137317 -0.024930368992935881 -0.61934069989085039 -0.19753444459633754 0.095768888972640701 -0.23547175795672926 -0.50332307841056056 0.15295338309645692 0.11677766284585195
-0.28709268294808921 -0.081120104285122591 -0.020884132627033983 0.57475870424356379 -0.47314836217738937 0.3227369075439519 -0.15529140062764168 -0.40850463736933162 -0.039204641684382452 0.2317119527272736 0.077241375114020072
0.12088272188545703 -0.22112659807062565 -0.11701657346851085 -0.14103928660497109 -0.31776895004347261 -0.64013384169916865 0.029668049238271973 -0.0076528464529340978 -0.18640593418173618 0.56275996397879158 0.19942990468493998
0.29666260200750572 -0.2343146133355429 -0.08381347187640753 0.45864978663152856 -0.17157661233001162 -0.11986248955887929 -0.22139224036201038 -0.18068572586553644 0.27771250254444191 0.6415185336096082 0.15989361695310811
-0.28831723837215179 -0.03510915240856731 0.069194874022438874 -0.22645822409079941 0.098654245622016717 0.21253590185799803 0.11757528875446183 -0.017380868673020702 -0.88806951678216162 -0.012083093361185272 0.041540088625631383
-0.1125373582501031 -0.048297167673484562 0.1023979756145422 0.37323084914570026 0.24484658333547768 0.7328072539982875 -0.13348500084582055 -0.19041374808562306 -0.42395108005598348 0.066675476269631412 0.0020038008937995205
0.29543804658344314 -0.18830366145898761 0.0062655347730653337 -0.34256714170283459 0.40022599546939447 -0.23006349524483313 0.051474449020093099 0.21043804283077444 -0.57115237255333728 0.39772348752114928 0.12419233046471942
0.47121792670549184 -0.20149167672390486 0.039468636365168661 0.25712193153366508 0.54641833318285538 0.29020785689545625 -0.19958584058018927 0.037405163418172113 -0.10703393582715917 0.47648205715196601 0.084656042732887543
-0.47121792670549184 0.20149167672390486 -0.039468636365168661 -0.25712193153366508 -0.54641833318285538 -0.29020785689545625 0.19958584058018927 -0.037405163418172113 0.10703393582715917 -0.47648205715196601 -0.084656042732887543
-0.29543804658344314 0.18830366145898761 -0.0062655347730653337 0.34256714170283459 -0.40022599546939447 0.23006349524483313 -0.051474449020093099 -0.21043804283077444 0.57115237255333728 -0.39772348752114928 -0.12419233046471942
0.1125373582501031 0.048297167673484562 -0.1023979756145422 -0.37323084914570026 -0.24484658333547768 -0.7328072539982875 0.13348500084582055 0.19041374808562306 0.42395108005598348 -0.066675476269631412 -0.0020038008937995205
0.28831723837215179 0.03510915240856731 -0.069194874022438874 0.22645822409079941 -0.098654245622016717 -0.21253590185799803 -0.11757528875446183 0.017380868673020702 0.88806951678216162 0.012083093361185272 -0.041540088625631383
-0.29666260200750572 0.2343146133355429 0.08381347187640753 -0.45864978663152856 0.17157661233001162 0.11986248955887929 0.22139224036201038 0.18068572586553644 -0.27771250254444191 -0.6415185336096082 -0.15989361695310811
-0.12088272188545703 0.22112659807062565 0.11701657346851085 0.14103928660497109 0.31776895004347261 0.64013384169916865 -0.029668049238271973 0.0076528464529340978 0.18640593418173618 -0.56275996397879158 -0.19942990468493998
0.28709268294808921 0.081120104285122591 0.020884132627033983 -0.57475870424356379 0.47314836217738937 -0.3227369075439519 0.15529140062764168 0.40850463736933162 0.039204641684382452 -0.2317119527272736 -0.077241375114020072
0.46287256307013791 0.067932089020205338 0.054087234219137317 0.024930368992935881 0.61934069989085039 0.19753444459633754 -0.095768888972640701 0.23547175795672926 0.50332307841056056 -0.15295338309645692 -0.11677766284585195
0.063030314027454848 -0.10662817565438291 0.15570020658853184 0.56710939540515082 -0.31368516775961863 -0.51787573301904888 -0.12823426611255825 -0.34498866052521859 -0.32346075067603441 0.16281531453433795 -0.074909578079736916
-0.2874741379984101 0.047213727811695125 -0.55767542580511176 0.45503721026470317 -0.16201101624025199 -0.31479412036588461 -0.099887019891215609 -0.10874058790897162 -0.16286554107419343 0.35763542805863524 0.30902365110466506
0.12126417693577793 -0.34946043016744338 0.41977471970956698 -0.021317792626110513 -0.62890629598060999 -0.0026028137893322617 -0.025736331498154096 -0.30741689591329407 -0.062745034791925211 0.43683648864742985 -0.032352371305705008
-0.22924027509008701 -0.19561852670136531 -0.29360091268407668 -0.1333899777665582 -0.47723214446124335 0.20047879886383202 0.0026109147231885375 -0.071168823297047101 0.097850174809915744 0.63165660217172714 0.35158085787869697
0.23758563872544095 -0.073805239042744886 0.27898231483010805 0.36558154030728734 0.40430977775324844 -0.10780538656471329 -0.1064278663307371 -0.12689777124151003 -0.70820718904763547 -0.002221161923304224 -0.15014715229995748
-0.112918813300424 0.080036664423333154 -0.43439331756353561 0.25350935516683964 0.55598392927261509 0.095276226088451002 -0.078080620109394469 0.10935030137473695 -0.54761197944579443 0.19259895160099305 0.2337860768844445
0.29581950163376403 -0.31663749355580534 0.54305682795114318 -0.22284564772397403 0.089088649532257105 0.40746753266500335 -0.0039299317163329715 -0.089326006629585536 -0.44749147316352628 0.27180001218978767 -0.10758994552592557
-0.054684950392100917 -0.16279559008972727 -0.1703188044425005 -0.33491783286442173 0.24076280105162373 0.61054914531816762 0.024417314505009662 0.14692206598666144 -0.28689626356168535 0.46662012571408495 0.27634328365847638
0.054684950392100917 0.16279559008972727 0.1703188044425005 0.33491783286442173 -0.24076280105162373 -0.61054914531816762 -0.024417314505009662 -0.14692206598666144 0.28689626356168535 -0.46662012571408495 -0.27634328365847638
-0.29581950163376403 0.31663749355580534 -0.54305682795114318 0.22284564772397403 -0.089088649532257105 -0.40746753266500335 0.0039299317163329715 0.089326006629585536 0.44749147316352628 -0.27180001218978767 0.10758994552592557
0.112918813300424 -0.080036664423333154 0.43439331756353561 -0.25350935516683964 -0.55598392927261509 -0.095276226088451002 0.078080620109394469 -0.10935030137473695 0.54761197944579443 -0.19259895160099305 -0.2337860768844445
-0.23758563872544095 0.073805239042744886 -0.27898231483010805 -0.36558154030728734 -0.40430977775324844 0.10780538656471329 0.1064278663307371 0.12689777124151003 0.70820718904763547 0.002221161923304224 0.15014715229995748
0.22924027509008701 0.19561852670136531 0.29360091268407668 0.1333899777665582 0.47723214446124335 -0.20047879886383202 -0.0026109147231885375 0.071168823297047101 -0.097850174809915744 -0.63165660217172714 -0.35158085787869697
-0.12126417693577793 0.34946043016744338 -0.41977471970956698 0.021317792626110513 0.62890629598060999 0.0026028137893322617 0.025736331498154096 0.30741689591329407 0.062745034791925211 -0.43683648864742985 0.032352371305705008
0.2874741379984101 -0.047213727811695125 0.55767542580511176 -0.45503721026470317 0.16201101624025199 0.31479412036588461 0.099887019891215609 0.10874058790897162 0.16286554107419343 -0.35763542805863524 -0.30902365110466506
-0.063030314027454848 0.10662817565438291 -0.15570020658853184 -0.56710939540515082 0.31368516775961863 0.51787573301904888 0.12823426611255825 0.34498866052521859 0.32346075067603441 -0.16281531453433795 0.074909578079736916
-0.56873488922332183 0.04062992086685302 0.061955235904121386 -0.41252741664689718 0.086468556500035793 -0.14704473148883584 0.22435261248888488 -0.56826795176310108 -0.25055605629661787 -0.18576237455598024 0.034999905259289976
-0.39295500910127318 0.027441905601935771 0.09515833749622471 0.18716165658960249 0.23266089421349676 0.37322662065145357 -0.026707677111397474 -0.74130083117570345 0.21356238042956022 -0.10700380492516356 -0.0045363824725418861
0.015020395732273054 -0.11256458818356729 -0.00097410334525216066 -0.52863633425893242 0.38804030634741354 -0.58964412859166704 0.15825177275451618 -0.34044904025930589 0.066361087932206547 0.22404420632635433 0.11765214709837801
0.19080027585432174 -0.12575260344848455 0.032228998246851173 0.071052738977567309 0.53423264406087445 -0.069372776451377627 -0.092808516845766201 -0.51348191967190826 0.53047952465838466 0.30280277595717103 0.078115859366546136
-0.4072282832013337 -0.2924718698301168 -0.17977347887037515 -0.10452608742974867 -0.18107792016778246 -0.013266131648162177 0.6195299654563633 0.0041689723977282322 -0.35915806595571709 -0.24932019604362629 -0.31213151989785598
-0.23144840307928499 -0.305659885095034 -0.14657037727827182 0.495162985806751 -0.034885582454321495 0.50700522049212726 0.36846967585608087 -0.16886390701487411 0.104960370770461 -0.17056162641280961 -0.3516678076296878
0.17652700175426123 -0.44566637888053712 -0.2427028181197487 -0.22063500504178385 0.12049382967959527 -0.4558655287509934 0.55342912572199454 0.23198788390152342 -0.0422409217268927 0.16048638483870828 -0.22947927805876792
0.35230688187630993 -0.45885439414545431 -0.20949971652764537 0.37905406819471582 0.26668616739305623 0.064405823389296041 0.30236883612171211 0.058955004488921062 0.42187751499928539 0.23924495446952496 -0.26901556579059976
-0.35230688187630993 0.45885439414545431 0.20949971652764537 -0.37905406819471582 -0.26668616739305623 -0.064405823389296041 -0.30236883612171211 -0.058955004488921062 -0.42187751499928539 -0.23924495446952496 0.26901556579059976
-0.17652700175426123 0.44566637888053712 0.2427028181197487 0.22063500504178385 -0.12049382967959527 0.4558655287509934 -0.55342912572199454 -0.23198788390152342 0.0422409217268927 -0.16048638483870828 0.22947927805876792
0.23144840307928499 0.305659885095034 0.14657037727827182 -0.495162985806751 0.034885582454321495 -0.50700522049212726 -0.36846967585608087 0.16886390701487411 -0.104960370770461 0.17056162641280961 0.3516678076296878
0.4072282832013337 0.2924718698301168 0.17977347887037515 0.10452608742974867 0.18107792016778246 0.013266131648162177 -0.6195299654563633 -0.0041689723977282322 0.35915806595571709 0.24932019604362629 0.31213151989785598
-0.19080027585432174 0.12575260344848455 -0.032228998246851173 -0.071052738977567309 -0.53423264406087445 0.069372776451377627 0.092808516845766201 0.51348191967190826 -0.53047952465838466 -0.30280277595717103 -0.078115859366546136
-0.015020395732273054 0.11256458818356729 0.00097410334525216066 0.52863633425893242 -0.38804030634741354 0.58964412859166704 -0.15825177275451618 0.34044904025930589 -0.066361087932206547 -0.22404420632635433 -0.11765214709837801
0.39295500910127318 -0.027441905601935771 -0.09515833749622471 -0.18716165658960249 -0.23266089421349676 -0.37322662065145357 0.026707677111397474 0.74130083117570345 -0.21356238042956022 0.10700380492516356 0.0045363824725418861
0.56873488922332183 -0.04062992086685302 -0.061955235904121386 0.41252741664689718 -0.086468556500035793 0.14704473148883584 -0.22435261248888488 0.56826795176310108 0.25055605629661787 0.18576237455598024 -0.034999905259289976
-0.042832012125729152 0.0019338342326754437 0.27174267671179053 0.17951234775118957 0.39212408863126752 -0.46738601991154716 0.00034945740368596233 -0.67778485433159041 -0.070693728562091704 -0.17590044311809921 -0.15668733566629889
-0.39333646415159407 0.15577573769875347 -0.44163295568185312 0.067440162610741913 0.54379824015063416 -0.26430440725838289 0.028696703625028595 -0.44153678171534338 0.089901481039749251 0.018919670406198061 0.22724589351810309
0.015401850782593957 -0.24089842028038499 0.53581718983282567 -0.4089148402800718 0.07690296041027618 0.047886899318169432 0.10284739201809011 -0.64021308971966595 0.19002198732201753 0.098120730994992703 -0.11413012889226698
-0.33510260124327096 -0.08705651681430697 -0.17755844256081799 -0.52098702542051945 0.22857711192964281 0.25096851197133374 0.13119463823943275 -0.40396501710341892 0.35061719692385845 0.29294084451928998 0.269803100292135
0.11867459389625903 -0.33116795646429437 0.030013961937293998 0.48751367696833808 0.12457761196344923 -0.33360742007087352 0.39552681037116427 -0.10534793017076109 -0.17929573822119094 -0.23945826460574526 -0.50381876082344479
-0.23182985812960591 -0.1773260529982163 -0.68336167045634966 0.37544149182789038 0.27625176348281583 -0.13052580741770925 0.42387405659250693 0.13090014244548587 -0.018700528619349968 -0.044638151081447988 -0.11988553163904281
0.17690845680458211 -0.57400021097735476 0.29408847505832914 -0.10091351106292328 -0.19064351625754206 0.18166549915884311 0.49802474498556842 -0.067776165558836601 0.081419977662918266 0.034562909507346654 -0.46126155404941294
-0.17359599522128283 -0.42015830751127675 -0.41928715733531452 -0.21298569620337093 -0.038969364738175458 0.38474711181200738 0.52637199120691103 0.16847190705741039 0.24201518726475924 0.22938302303164393 -0.077328324865010956
0.17359599522128283 0.42015830751127675 0.41928715733531452 0.21298569620337093 0.038969364738175458 -0.38474711181200738 -0.52637199120691103 -0.16847190705741039 -0.24201518726475924 -0.22938302303164393 0.077328324865010956
-0.17690845680458211 0.57400021097735476 -0.29408847505832914 0.10091351106292328 0.19064351625754206 -0.18166549915884311 -0.49802474498556842 0.067776165558836601 -0.081419977662918266 -0.034562909507346654 0.46126155404941294
0.23182985812960591 0.1773260529982163 0.68336167045634966 -0.37544149182789038 -0.27625176348281583 0.13052580741770925 -0.42387405659250693 -0.13090014244548587 0.018700528619349968 0.044638151081447988 0.11988553163904281
-0.11867459389625903 0.33116795646429437 -0.030013961937293998 -0.48751367696833808 -0.12457761196344923 0.33360742007087352 -0.39552681037116427 0.10534793017076109 0.17929573822119094 0.23945826460574526 0.50381876082344479
0.33510260124327096 0.08705651681430697 0.17755844256081799 0.52098702542051945 -0.22857711192964281 -0.25096851197133374 -0.13119463823943275 0.40396501710341892 -0.35061719692385845 -0.29294084451928998 -0.269803100292135
-0.015401850782593957 0.24089842028038499 -0.53581718983282567 0.4089148402800718 -0.07690296041027618 -0.047886899318169432 -0.10284739201809011 0.64021308971966595 -0.19002198732201753 -0.098120730994992703 0.11413012889226698
0.39333646415159407 -0.15577573769875347 0.44163295568185312 -0.067440162610741913 -0.54379824015063416 0.26430440725838289 -0.028696703625028595 0.44153678171534338 -0.089901481039749251 -0.018919670406198061 -0.22724589351810309
0.042832012125729152 -0.0019338342326754437 -0.27174267671179053 -0.17951234775118957 -0.39212408863126752 0.46738601991154716 -0.00034945740368596233 0.67778485433159041 0.070693728562091704 0.17590044311809921 0.15668733566629889
0.30331432347939219 0.1488566154983694 -0.34067117743475406 -0.30206899482720045 -0.25223326937085649 -0.10522787279669785 0.15952983702626219 -0.29980676896168457 -0.64831027654785489 0.25867100102879786 -0.035976436252305129
0.47909420360144089 0.13566860023345215 -0.30746807584265068 0.29762007840929922 -0.10604093165739553 0.41504347934359154 -0.091530452574020177 -0.47283964837428694 -0.18419183982167678 0.3374295706596146 -0.075512723984136998
-0.28452149592594617 -0.10003514046780063 -0.1220761099051804 -0.29813096550848356 -0.069816258454204402 -0.24193456665486254 -0.25955923470282122 0.040620916908295876 -0.52655447283121615 0.47958429534617958 -0.40689977995175935
-0.10874161580389748 -0.11322315573271788 -0.088873008313077081 0.30155810772801611 0.07637607925925656 0.27833678548542684 -0.51061952430310353 -0.13241196250430648 -0.062436036105038034 0.55834286497699626 -0.44643606768359118
0.11708697943925141 -0.15620061001139235 0.074254410459108453 -0.069366545187286938 -0.14929844596725145 -0.18566337318630813 0.40680257269555498 -0.065654632034250662 -0.5479209781326817 0.071092575271426567 0.64786977326233075
0.2928668595613001 -0.1693886252763096 0.10745751205121178 0.53032252804921276 -0.0031061082537904711 0.33460797895398131 0.1557422830952726 -0.23868751144685302 -0.083802541406503589 0.14985114490224327 0.60833348553049882
-0.47074883996608696 -0.40509236597756243 0.29284947798868205 -0.065428515868570042 0.033118564949400672 -0.32237006704447285 -0.012286499033528409 0.27477305383572981 -0.4261651744160429 0.29200586958880831 0.27694642956287646
-0.29496895984403826 -0.41828038124247963 0.32605257958078543 0.53426055736792966 0.17931090266286165 0.19790128509581659 -0.26334678863381078 0.10174017442312745 0.037953262310135183 0.37076443921962504 0.23741014183104461
0.29496895984403826 0.41828038124247963 -0.32605257958078543 -0.53426055736792966 -0.17931090266286165 -0.19790128509581659 0.26334678863381078 -0.10174017442312745 -0.037953262310135183 -0.37076443921962504 -0.23741014183104461
0.47074883996608696 0.40509236597756243 -0.29284947798868205 0.065428515868570042 -0.033118564949400672 0.32237006704447285 0.012286499033528409 -0.27477305383572981 0.4261651744160429 -0.29200586958880831 -0.27694642956287646
-0.2928668595613001 0.1693886252763096 -0.10745751205121178 -0.53032252804921276 0.0031061082537904711 -0.33460797895398131 -0.1557422830952726 0.23868751144685302 0.083802541406503589 -0.14985114490224327 -0.60833348553049882
-0.11708697943925141 0.15620061001139235 -0.074254410459108453 0.069366545187286938 0.14929844596725145 0.18566337318630813 -0.40680257269555498 0.065654632034250662 0.5479209781326817 -0.071092575271426567 -0.64786977326233075
0.10874161580389748 0.11322315573271788 0.088873008313077081 -0.30155810772801611 -0.07637607925925656 -0.27833678548542684 0.51061952430310353 0.13241196250430648 0.062436036105038034 -0.55834286497699626 0.44643606768359118
0.28452149592594617 0.10003514046780063 0.1220761099051804 0.29813096550848356 0.069816258454204402 0.24193456665486254 0.25955923470282122 -0.040620916908295876 0.52655447283121615 -0.47958429534617958 0.40689977995175935
-0.47909420360144089 -0.13566860023345215 0.30746807584265068 -0.29762007840929922 0.10604093165739553 -0.41504347934359154 0.091530452574020177 0.47283964837428694 0.18419183982167678 -0.3374295706596146 0.075512723984136998
-0.30331432347939219 -0.1488566154983694 0.34067117743475406 0.30206899482720045 0.25223326937085649 0.10522787279669785 -0.15952983702626219 0.29980676896168457 0.64831027654785489 -0.25867100102879786 0.035976436252305129
-0.22370822009421165 0.21583011166456614 -0.31534467980974634 0.35201260927205613 -0.081103905868993187 0.050217695280921792 -0.19374339107843841 -0.34880470379085532 -0.64418958638291324 0.066593055505183851 -0.30381097627450815
0.36004706486138327 0.06263560261414583 -0.37827401905911989 0.23590369166002093 0.22046784397838454 -0.3923817018219094 -0.25984423081280711 -0.12098579228706019 -0.32727244215408885 0.47639963638751842 -0.22115873443542008
-0.16547435718588854 -0.027002142848494309 -0.051270166688711205 -0.23641457875920527 -0.39632503408998448 0.56549061451063842 -0.091245456464034258 -0.31123293917893086 -0.3834738704988041 0.34061422961827575 -0.26125376950047619
0.41828092776970638 -0.18019665189891462 -0.11419950593808476 -0.35252349637124047 -0.094753284242606761 0.12289121740780723 -0.15734629619840296 -0.083414027675135699 -0.06655672626997966 0.75042081050061027 -0.17860152766138818
-0.40993556413435245 -0.089227113845195605 0.099580908084116126 0.58471505891196962 0.021830917534611888 -0.030217805108688489 0.053529344590854393 -0.11465256686342143 -0.54380028796774005 -0.12098537025218745 0.38003523324012767
0.17381972082124247 -0.24242162289561592 0.036651568834742576 0.46860614129993444 0.32340266738198964 -0.47281720221151968 -0.012571495143514334 0.11316634464037371 -0.22688314373891566 0.28882121063014715 0.4626874750792157
-0.35170170122602934 -0.33205936835825606 0.36365542120515126 -0.0037121291192917516 -0.29339021068637938 0.48505511412102814 0.15602727920525852 -0.077080802251496938 -0.28308457208363091 0.15303580386090446 0.42259244001415963
0.23205358372956558 -0.48525387740867637 0.30072608195577771 -0.11982104673132693 0.0081815391609983135 0.042455717018196948 0.089926439470889796 0.15073810925229822 0.033832572145193529 0.56284238474323911 0.50524468185324767
-0.23205358372956558 0.48525387740867637 -0.30072608195577771 0.11982104673132693 -0.0081815391609983135 -0.042455717018196948 -0.089926439470889796 -0.15073810925229822 -0.033832572145193529 -0.56284238474323911 -0.50524468185324767
0.35170170122602934 0.33205936835825606 -0.36365542120515126 0.0037121291192917516 0.29339021068637938 -0.48505511412102814 -0.15602727920525852 0.077080802251496938 0.28308457208363091 -0.15303580386090446 -0.42259244001415963
-0.17381972082124247 0.24242162289561592 -0.036651568834742576 -0.46860614129993444 -0.32340266738198964 0.47281720221151968 0.012571495143514334 -0.11316634464037371 0.22688314373891566 -0.28882121063014715 -0.4626874750792157
0.40993556413435245 0.089227113845195605 -0.099580908084116126 -0.58471505891196962 -0.021830917534611888 0.030217805108688489 -0.053529344590854393 0.11465256686342143 0.54380028796774005 0.12098537025218745 -0.38003523324012767
-0.41828092776970638 0.18019665189891462 0.11419950593808476 0.35252349637124047 0.094753284242606761 -0.12289121740780723 0.15734629619840296 0.083414027675135699 0.06655672626997966 -0.75042081050061027 0.17860152766138818
0.16547435718588854 0.027002142848494309 0.051270166688711205 0.23641457875920527 0.39632503408998448 -0.56549061451063842 0.091245456464034258 0.31123293917893086 0.3834738704988041 -0.34061422961827575 0.26125376950047619
-0.36004706486138327 -0.06263560261414583 0.37827401905911989 -0.23590369166002093 -0.22046784397838454 0.3923817018219094 0.25984423081280711 0.12098579228706019 0.32727244215408885 -0.47639963638751842 0.22115873443542008
0.22370822009421165 -0.21583011166456614 0.31534467980974634 -0.35201260927205613 0.081103905868993187 -0.050217695280921792 0.19374339107843841 0.34880470379085532 0.64418958638291324 -0.066593055505183851 0.30381097627450815
0.030008360595579167 0.22981587658584729 -0.040976699119919677 -0.24205286558150338 0.045088609442567026 -0.23644199175048974 0.84320900338196458 -0.2744449140876446 -0.17653284613757733 0.099671395023098769 0.025651830106150235
0.20578824071762786 0.21662786132093004 -0.0077735975278163498 0.35763620765499626 0.191280947156028 0.28382936038979967 0.5921487137816821 -0.44747779350024697 0.28758559058860078 0.17842996465391545 -0.013884457625681627
-0.55782745880975915 -0.019075879380322739 0.17761836840965392 -0.23811483626278646 0.22750562035921912 -0.37314868560865444 0.42411993165288114 0.065982771782335817 -0.054777042420938532 0.32058468934048046 -0.34527151359330394
-0.3820475786877105 -0.032263894645239988 0.21082147000175724 0.36157423697371321 0.37369795807268008 0.14712266653163497 0.17305964205259877 -0.10705010763026652 0.40934139430523953 0.39934325897129719 -0.38480780132513576
0.16561957134069855 -0.38596057863336136 -0.35836595062528126 -0.39504758542589458 -0.020543234179588102 -0.22976157463117478 0.35366180655799823 -0.40226283964391341 -0.23801993560257204 -0.34586067905775247 0.15079214079382597
0.34139945146274725 -0.39914859389827856 -0.32516284903317788 0.20464148781060509 0.12564910353387287 0.29050977750911466 0.10260151695771585 -0.57529571905651578 0.22609850112360605 -0.26710210942693574 0.11125585306199409
-0.42221624806463981 -0.63485233459953139 -0.13977088309570765 -0.39110955610717768 0.16187377673706399 -0.36646826848933944 -0.065427265171085158 -0.061835153773932991 -0.11626413188593324 -0.12494738474037073 -0.22013120290562821
-0.24643636794259111 -0.64804034986444869 -0.10656778150360431 0.20857951712932199 0.30806611445052495 0.15380308365094994 -0.31648755477136753 -0.23486803318653532 0.34785430484024482 -0.046188815109554034 -0.25966749063746009
0.24643636794259111 0.64804034986444869 0.10656778150360431 -0.20857951712932199 -0.30806611445052495 -0.15380308365094994 0.31648755477136753 0.23486803318653532 -0.34785430484024482 0.046188815109554034 0.25966749063746009
0.42221624806463981 0.63485233459953139 0.13977088309570765 0.39110955610717768 -0.16187377673706399 0.36646826848933944 0.065427265171085158 0.061835153773932991 0.11626413188593324 0.12494738474037073 0.22013120290562821
-0.34139945146274725 0.39914859389827856 0.32516284903317788 -0.20464148781060509 -0.12564910353387287 -0.29050977750911466 -0.10260151695771585 0.57529571905651578 -0.22609850112360605 0.26710210942693574 -0.11125585306199409
-0.16561957134069855 0.38596057863336136 0.35836595062528126 0.39504758542589458 0.020543234179588102 0.22976157463117478 -0.35366180655799823 0.40226283964391341 0.23801993560257204 0.34586067905775247 -0.15079214079382597
0.3820475786877105 0.032263894645239988 -0.21082147000175724 -0.36157423697371321 -0.37369795807268008 -0.14712266653163497 -0.17305964205259877 0.10705010763026652 -0.40934139430523953 -0.39934325897129719 0.38480780132513576
0.55782745880975915 0.019075879380322739 -0.17761836840965392 0.23811483626278646 -0.22750562035921912 0.37314868560865444 -0.42411993165288114 -0.065982771782335817 0.054777042420938532 -0.32058468934048046 0.34527151359330394
-0.20578824071762786 -0.21662786132093004 0.0077735975278163498 -0.35763620765499626 -0.191280947156028 -0.28382936038979967 -0.5921487137816821 0.44747779350024697 -0.28758559058860078 -0.17842996465391545 0.013884457625681627
-0.030008360595579167 -0.22981587658584729 0.040976699119919677 0.24205286558150338 -0.045088609442567026 0.23644199175048974 -0.84320900338196458 0.2744449140876446 0.17653284613757733 -0.099671395023098769 -0.025651830106150235
-0.49701418297802469 0.29678937275204403 -0.015650201494912003 0.41202873851775318 0.21621797294443035 -0.080996423672870105 0.48993577527726395 -0.32344284891681541 -0.17241215597263568 -0.092406550500515272 -0.24218270991605276
0.086741101977570248 0.14359486370162372 -0.078579540744285553 0.295919820905718 0.51778972279180813 -0.52359582077570122 0.4238349355428952 -0.095623937413020249 0.14450498825618871 0.3174000303818193 -0.15953046807696472
-0.43878032006970158 0.053957118238983581 0.24842431162612313 -0.17639844951350819 -0.09900315527656095 0.43427649555684655 0.5924337098916681 -0.28587108430489094 0.088303559911473511 0.18161462361257663 -0.19962550314202085
0.14497496488589334 -0.099237390811436732 0.18549497237674958 -0.29250736712554337 0.2025685945708168 -0.00832290154598464 0.52633287015729935 -0.058052172801095758 0.40522070414029787 0.5914212044949112 -0.11697326130293281
-0.3614029722329053 -0.31898708246716462 -0.3330394530002736 0.25903401867336195 0.15058612932227522 -0.074316006553555136 0.00038857845329764301 -0.45126077447308421 -0.23389924543763038 -0.53793862458136643 -0.11704239922837703
0.22235231272268963 -0.47218159151758493 -0.39596879224964709 0.1429251010613268 0.452157879169653 -0.51691540365638633 -0.065712261281071077 -0.22344186296928906 0.083017898791194006 -0.12813204369903192 -0.034390157389289001
-0.30316910932458219 -0.56181933698022513 -0.068964939879238435 -0.32939316935789942 -0.16463499889871608 0.44095691267616149 0.10288651306770177 -0.41368900986115975 0.026816470446478807 -0.26391745046827458 -0.074485192454345123
0.28058617563101274 -0.71501384603064544 -0.13189427912861196 -0.44550208696993454 0.13693675094866167 -0.0016424844266696992 0.036785673333333054 -0.18587009835736454 0.34373361467530317 0.14588913041405999 0.0081670493847429068
-0.28058617563101274 0.71501384603064544 0.13189427912861196 0.44550208696993454 -0.13693675094866167 0.0016424844266696992 -0.036785673333333054 0.18587009835736454 -0.34373361467530317 -0.14588913041405999 -0.0081670493847429068
0.30316910932458219 0.56181933698022513 0.068964939879238435 0.32939316935789942 0.16463499889871608 -0.44095691267616149 -0.10288651306770177 0.41368900986115975 -0.026816470446478807 0.26391745046827458 0.074485192454345123
-0.22235231272268963 0.47218159151758493 0.39596879224964709 -0.1429251010613268 -0.452157879169653 0.51691540365638633 0.065712261281071077 0.22344186296928906 -0.083017898791194006 0.12813204369903192 0.034390157389289001
0.3614029722329053 0.31898708246716462 0.3330394530002736 -0.25903401867336195 -0.15058612932227522 0.074316006553555136 -0.00038857845329764301 0.45126077447308421 0.23389924543763038 0.53793862458136643 0.11704239922837703
-0.14497496488589334 0.099237390811436732 -0.18549497237674958 0.29250736712554337 -0.2025685945708168 0.00832290154598464 -0.52633287015729935 0.058052172801095758 -0.40522070414029787 -0.5914212044949112 0.11697326130293281
0.43878032006970158 -0.053957118238983581 -0.24842431162612313 0.17639844951350819 0.09900315527656095 -0.43427649555684655 -0.5924337098916681 0.28587108430489094 -0.088303559911473511 -0.18161462361257663 0.19962550314202085
-0.086741101977570248 -0.14359486370162372 0.078579540744285553 -0.295919820905718 -0.51778972279180813 0.52359582077570122 -0.4238349355428952 0.095623937413020249 -0.14450498825618871 -0.3174000303818193 0.15953046807696472
0.49701418297802469 -0.29678937275204403 0.015650201494912003 -0.41202873851775318 -0.21621797294443035 0.080996423672870105 -0.48993577527726395 0.32344284891681541 0.17241215597263568 0.092406550500515272 0.24218270991605276
0.037997004281657712 0.28117931265820956 -0.066675781294378289 -0.35505028833725077 -0.38952890873758095 -0.46370680228856698 0.12658280429003316 -0.47896130995095798 -0.046262896206058307 -0.03553878300145507 0.41641431540432622
0.2137768844037064 0.26799129739329236 -0.033472679702274966 0.2446387848992489 -0.24333657102411999 0.056564549851722434 -0.12447748531024921 -0.65199418936356035 0.41785554052011975 0.043219786629361621 0.3768780276724944
-0.5498388151236806 0.032287556692039532 0.15191928623519532 -0.35111225901853388 -0.20711189782092881 -0.60041349614673167 -0.29250626743905023 -0.13853362408097752 0.075492907510580493 0.18537451131592667 0.045490971704872089
-0.37405893500163195 0.019099541427122283 0.18512238782729865 0.24857681421796579 -0.060919560107467852 -0.080142144006442262 -0.54356655703933265 -0.31156650349357984 0.53961134423675861 0.26413308094674337 0.0059546839730402271
0.21255232897964377 0.31400224926984749 0.056606326947197874 -0.55657814343511425 0.32846603677528613 -0.053636455834231378 0.1483892040718543 -0.26087042066724941 -0.43100933457765933 -0.20057525945909729 0.34117674118410574
0.38833220910169247 0.30081423400493029 0.089809428539301198 0.043110929801385367 0.47465837448874709 0.46663489630605803 -0.10267108552842807 -0.43390330007985178 0.033109102148518726 -0.12181668982828062 0.30164045345227392
-0.37528349042569459 0.065110493303677519 0.27520139447677144 -0.55264011411639746 0.51088304769193815 -0.19034314969239607 -0.27069986765722909 0.079557265202731056 -0.30925353086102059 0.020338034858284448 -0.029746602515348448
-0.19950361030364588 0.051922478038760267 0.30840449606887482 0.047048959120102263 0.65707538540539923 0.32992820244789334 -0.52176015725751146 -0.093475614209871286 0.15486490586515753 0.099096604489101139 -0.069282890247180318
0.19950361030364588 -0.051922478038760267 -0.30840449606887482 -0.047048959120102263 -0.65707538540539923 -0.32992820244789334 0.52176015725751146 0.093475614209871286 -0.15486490586515753 -0.099096604489101139 0.069282890247180318
0.37528349042569459 -0.065110493303677519 -0.27520139447677144 0.55264011411639746 -0.51088304769193815 0.19034314969239607 0.27069986765722909 -0.079557265202731056 0.30925353086102059 -0.020338034858284448 0.029746602515348448
-0.38833220910169247 -0.30081423400493029 -0.089809428539301198 -0.043110929801385367 -0.47465837448874709 -0.46663489630605803 0.10267108552842807 0.43390330007985178 -0.033109102148518726 0.12181668982828062 -0.30164045345227392
-0.21255232897964377 -0.31400224926984749 -0.056606326947197874 0.55657814343511425 -0.32846603677528613 0.053636455834231378 -0.1483892040718543 0.26087042066724941 0.43100933457765933 0.20057525945909729 -0.34117674118410574
0.37405893500163195 -0.019099541427122283 -0.18512238782729865 -0.24857681421796579 0.060919560107467852 0.080142144006442262 0.54356655703933265 0.31156650349357984 -0.53961134423675861 -0.26413308094674337 -0.0059546839730402271
0.5498388151236806 -0.032287556692039532 -0.15191928623519532 0.35111225901853388 0.20711189782092881 0.60041349614673167 0.29250626743905023 0.13853362408097752 -0.075492907510580493 -0.18537451131592667 -0.045490971704872089
-0.2137768844037064 -0.26799129739329236 0.033472679702274966 -0.2446387848992489 0.24333657102411999 -0.056564549851722434 0.12447748531024921 0.65199418936356035 -0.41785554052011975 -0.043219786629361621 -0.3768780276724944
-0.037997004281657712 -0.28117931265820956 0.066675781294378289 0.35505028833725077 0.38952890873758095 0.46370680228856698 -0.12658280429003316 0.47896130995095798 0.046262896206058307 0.03553878300145507 -0.41641431540432622
-0.48902553929194614 0.3481528088244063 -0.041349283669370629 0.29903131576200581 -0.21839954523571761 -0.30826123421094731 -0.22669042381466742 -0.52795924478012868 -0.042142206041116653 -0.22761672852506909 0.14857977538212327
0.094729745663648793 0.19495829977398599 -0.10427862291874415 0.18292239814997061 0.083172204611660111 -0.75086063131377845 -0.29279126354903617 -0.30014033327633355 0.27477493818770771 0.18218985235726548 0.23123201722121131
-0.43079167638362303 0.10532055431134585 0.22272522945166451 -0.28939587226925556 -0.53362067345670894 0.20701168501876929 -0.12419248920026327 -0.49038748016820422 0.21857350984299254 0.046404445588022813 0.19113698215615518
0.15296360857197189 -0.047873954739074465 0.15979589020229099 -0.40550478988129079 -0.23204892360933119 -0.23558771208406187 -0.19029332893463202 -0.26256856866440909 0.53549065407181695 0.45621102647035738 0.27378922399524319
-0.31447021459396007 0.38097574543604429 0.081932824572205548 0.097503460664142255 0.49959540027714944 0.10180911224338823 -0.20488402403284628 -0.30986835549642017 -0.42688864441271768 -0.39265320498271133 0.073342201161902737
0.26928507036163485 0.22778123638562398 0.019003485322831998 -0.018605456947892896 0.80116715012452722 -0.34079028485944296 -0.27098486376721503 -0.08204944399262501 -0.10997150018389332 0.017153375899623263 0.15599444300099077
-0.25623635168563696 0.13814349092298384 0.34600733769324066 -0.49092372736711909 0.18437427205615811 0.61708203147310492 -0.10238608941844213 -0.2722965908844957 -0.16617292852860852 -0.11863203086961943 0.11589940793593465
0.32751893326995796 -0.015051018127436477 0.28307799844386716 -0.60703264497915432 0.48594602190353586 0.1744826343702737 -0.16848692915281088 -0.044477679380700519 0.15074421570021587 0.29117455001271519 0.19855164977502268
-0.32751893326995796 0.015051018127436477 -0.28307799844386716 0.60703264497915432 -0.48594602190353586 -0.1744826343702737 0.16848692915281088 0.044477679380700519 -0.15074421570021587 -0.29117455001271519 -0.19855164977502268
0.25623635168563696 -0.13814349092298384 -0.34600733769324066 0.49092372736711909 -0.18437427205615811 -0.61708203147310492 0.10238608941844213 0.2722965908844957 0.16617292852860852 0.11863203086961943 -0.11589940793593465
-0.26928507036163485 -0.22778123638562398 -0.019003485322831998 0.018605456947892896 -0.80116715012452722 0.34079028485944296 0.27098486376721503 0.08204944399262501 0.10997150018389332 -0.017153375899623263 -0.15599444300099077
0.31447021459396007 -0.38097574543604429 -0.081932824572205548 -0.097503460664142255 -0.49959540027714944 -0.10180911224338823 0.20488402403284628 0.30986835549642017 0.42688864441271768 0.39265320498271133 -0.073342201161902737
-0.15296360857197189 0.047873954739074465 -0.15979589020229099 0.40550478988129079 0.23204892360933119 0.23558771208406187 0.19029332893463202 0.26256856866440909 -0.53549065407181695 -0.45621102647035738 -0.27378922399524319
0.43079167638362303 -0.10532055431134585 -0.22272522945166451 0.28939587226925556 0.53362067345670894 -0.20701168501876929 0.12419248920026327 0.49038748016820422 -0.21857350984299254 -0.046404445588022813 -0.19113698215615518
-0.094729745663648793 -0.19495829977398599 0.10427862291874415 -0.18292239814997061 -0.083172204611660111 0.75086063131377845 0.29279126354903617 0.30014033327633355 -0.27477493818770771 -0.18218985235726548 -0.23123201722121131
0.48902553929194614 -0.3481528088244063 0.041349283669370629 -0.29903131576200581 0.21839954523571761 0.30826123421094731 0.22669042381466742 0.52795924478012868 0.042142206041116653 0.22761672852506909 -0.14857977538212327
-0.13210720316862146 0.071426511004569038 -0.42987384161526249 -0.1387188416486666 0.20962434549850867 -0.5188738395399678 0.21400553396359123 -0.30400198470046802 -0.3269509961613965 -0.055859369036496277 -0.4604413945440729
0.043672676953427206 0.058238495739651785 -0.39667074002315911 0.46097023158783307 0.35581668321196963 0.0013975126003216154 -0.037054755636691139 -0.47703486411307039 0.13716744056478158 0.022899200594320414 -0.49997768227590472
-0.07387334026029839 -0.17140574350849141 -0.16579932849422732 -0.72714602967992792 -0.10559678272248266 -0.0036009203102511655 0.31650346857799538 -0.26643022008854356 -0.066235280277287284 0.21816180507659563 -0.41788418777004094
0.10190653986175029 -0.18459375877340867 -0.132596226902124 -0.1274569564434283 0.040595554990978305 0.51667043183003825 0.065443178977713012 -0.43946309950114593 0.39788315644889083 0.29692037470741234 -0.45742047550187276
-0.31833454720876231 -0.23363071450519265 -0.014948253721399993 0.093983607991246942 0.31255916890211372 -0.59930933992957813 0.46127826963288399 -0.069849847773034116 -0.22656169774622326 -0.2434377947938676 0.22340481497056297
-0.1425546670867136 -0.24681872977010991 0.018254847870703337 0.69367268122774661 0.45875150661557468 -0.079037987789288666 0.21021798003260161 -0.24288272718563647 0.23755673897995483 -0.16467922516305092 0.18386852723873109
-0.2601006843004392 -0.47646296901825314 0.24912625939963515 -0.49444358004001443 -0.0026619593188776103 -0.084036420699861419 0.56377620424728814 -0.032278083161109611 0.034154018137885905 0.030583379319224301 0.26596202174459488
-0.08432080417839051 -0.48965098428317033 0.2823293609917385 0.10524549319648521 0.14353037839458335 0.43623493144042802 0.31271591464700577 -0.20531096257371195 0.49827245486406402 0.10934194895004098 0.226425734012763
0.08432080417839051 0.48965098428317033 -0.2823293609917385 -0.10524549319648521 -0.14353037839458335 -0.43623493144042802 -0.31271591464700577 0.20531096257371195 -0.49827245486406402 -0.10934194895004098 -0.226425734012763
0.2601006843004392 0.47646296901825314 -0.24912625939963515 0.49444358004001443 0.0026619593188776103 0.084036420699861419 -0.56377620424728814 0.032278083161109611 -0.034154018137885905 -0.030583379319224301 -0.26596202174459488
0.1425546670867136 0.24681872977010991 -0.018254847870703337 -0.69367268122774661 -0.45875150661557468 0.079037987789288666 -0.21021798003260161 0.24288272718563647 -0.23755673897995483 0.16467922516305092 -0.18386852723873109
0.31833454720876231 0.23363071450519265 0.014948253721399993 -0.093983607991246942 -0.31255916890211372 0.59930933992957813 -0.46127826963288399 0.069849847773034116 0.22656169774622326 0.2434377947938676 -0.22340481497056297
-0.10190653986175029 0.18459375877340867 0.132596226902124 0.1274569564434283 -0.040595554990978305 -0.51667043183003825 -0.065443178977713012 0.43946309950114593 -0.39788315644889083 -0.29692037470741234 0.45742047550187276
0.07387334026029839 0.17140574350849141 0.16579932849422732 0.72714602967992792 0.10559678272248266 0.0036009203102511655 -0.31650346857799538 0.26643022008854356 0.066235280277287284 -0.21816180507659563 0.41788418777004094
-0.043672676953427206 -0.058238495739651785 0.39667074002315911 -0.46097023158783307 -0.35581668321196963 -0.0013975126003216154 0.037054755636691139 0.47703486411307039 -0.13716744056478158 -0.022899200594320414 0.49997768227590472
0.13210720316862146 -0.071426511004569038 0.42987384161526249 0.1387188416486666 -0.20962434549850867 0.5188738395399678 -0.21400553396359123 0.30400198470046802 0.3269509961613965 0.055859369036496277 0.4604413945440729
0.45406980406216602 -0.0090586976343738218 -0.033844751826658193 -0.079020821135182065 -0.041935630973265886 -0.034289163252464547 0.33509526922452249 -0.66007042134392069 -0.10570942651549273 -0.087336201085381482 -0.4654358777654467
-0.13376601534317231 -0.25795045360054386 0.18475031570291539 -0.075082791816465169 0.14048137994338622 -0.17099585711062926 -0.083993802504560885 -0.31964273547394023 0.016046377201146059 0.13357709323200023 -0.83635922146490094
0.1035653520363011 0.14478320583170423 -0.74722038422030179 -0.19109300627562975 0.10973852054610073 0.16879244940069976 0.36344251544586514 -0.42382234872767366 0.054885783086348235 0.10748391243891578 -0.081502648581044723
-0.48427046736903723 -0.10410855013446581 -0.52862531669072821 -0.18715497695691286 0.2921555314627528 0.032085755542535052 -0.055646556283218254 -0.083394662857693258 0.17664158680298703 0.32839720675629752 -0.45242599228049896
0.26784246002202527 -0.3141159231441355 0.38108083606720428 0.15368162850473144 0.060999192430339175 -0.11472466364207483 0.58236800489381535 -0.42591828441648671 -0.0053201281003194961 -0.27491462684275281 0.21841033174918911
-0.31999335938331308 -0.56300767911030558 0.5996759035967778 0.15761965782344836 0.24341620334699127 -0.25143135750023954 0.16327893316473185 -0.085490598546506286 0.1164356756163193 -0.054001332525371065 -0.15251301195026509
-0.082661992003839696 -0.16027401967805749 -0.33229479632643938 0.041609443364283766 0.21267334394970577 0.088356949011089467 0.6107152511151579 -0.18967021180023977 0.15527508150152147 -0.080094513318455532 0.60234356093359109
-0.67049781140917808 -0.40916577564422751 -0.1136997287968658 0.045547472683000689 0.39509035486635785 -0.048349744847075229 0.19162617938607451 0.15075747406974069 0.27703088521816027 0.1408187809989262 0.23142021723413689
0.67049781140917808 0.40916577564422751 0.1136997287968658 -0.045547472683000689 -0.39509035486635785 0.048349744847075229 -0.19162617938607451 -0.15075747406974069 -0.27703088521816027 -0.1408187809989262 -0.23142021723413689
0.082661992003839696 0.16027401967805749 0.33229479632643938 -0.041609443364283766 -0.21267334394970577 -0.088356949011089467 -0.6107152511151579 0.18967021180023977 -0.15527508150152147 0.080094513318455532 -0.60234356093359109
0.31999335938331308 0.56300767911030558 -0.5996759035967778 -0.15761965782344836 -0.24341620334699127 0.25143135750023954 -0.16327893316473185 0.085490598546506286 -0.1164356756163193 0.054001332525371065 0.15251301195026509
-0.26784246002202527 0.3141159231441355 -0.38108083606720428 -0.15368162850473144 -0.060999192430339175 0.11472466364207483 -0.58236800489381535 0.42591828441648671 0.0053201281003194961 0.27491462684275281 -0.21841033174918911
0.48427046736903723 0.10410855013446581 0.52862531669072821 0.18715497695691286 -0.2921555314627528 -0.032085755542535052 0.055646556283218254 0.083394662857693258 -0.17664158680298703 -0.32839720675629752 0.45242599228049896
-0.1035653520363011 -0.14478320583170423 0.74722038422030179 0.19109300627562975 -0.10973852054610073 -0.16879244940069976 -0.36344251544586514 0.42382234872767366 -0.054885783086348235 -0.10748391243891578 0.081502648581044723
0.13376601534317231 0.25795045360054386 -0.18475031570291539 0.075082791816465169 -0.14048137994338622 0.17099585711062926 0.083993802504560885 0.31964273547394023 -0.016046377201146059 -0.13357709323200023 0.83635922146490094
-0.45406980406216602 0.0090586976343738218 0.033844751826658193 0.079020821135182065 0.041935630973265886 0.034289163252464547 -0.33509526922452249 0.66007042134392069 0.10570942651549273 0.087336201085381482 0.4654358777654467
-0.19358749270850301 0.15984914736541866 -0.035083748896305278 -0.043535825940828832 0.18182645023367683 -0.53832472945578047 -0.17521597479457429 -0.31752120194935424 -0.61329457859445391 0.17010675899608022 0.27277210584684269
-0.01780761258645433 0.14666113210050141 -0.001880647304201951 0.55615324729567084 0.32801878794713779 -0.018053377315491059 -0.42627626439485666 -0.49055408136195661 -0.1491761418682758 0.24886532862689689 0.23323581811501085
-0.13535362980017993 -0.082983107147641788 0.22899076422472986 -0.6319630139720902 -0.13339467798731447 -0.023051810226063868 -0.072718040180170168 -0.27994943733742977 -0.35257886271034472 0.44412793310917209 0.31532931262087455
0.040426250321868751 -0.09617112241255904 0.26219386581683318 -0.032273940735590534 0.012797659726146507 0.49721954191422557 -0.32377832978045251 -0.45298231675003214 0.11153957401583336 0.52288650273998882 0.27579302488904273
-0.20193285634385694 0.42927291310952886 -0.020465151042336652 -0.27572738848155798 0.25474881694167167 -0.63099814175489921 -0.071399023187025762 -0.11945460741079715 -0.0029375643567342014 -0.45932868125234272 0.071338400268103203
-0.026152976221808261 0.41608489784461167 0.012737950549766678 0.32396168475494169 0.40094115465513264 -0.1107267896146098 -0.32245931278730811 -0.29248748682339948 0.46118087236944388 -0.38057011162152599 0.031802112536271347
-0.14369899343553386 0.18644065859646844 0.24360936207869852 -0.86415457651281935 -0.060472311279319596 -0.11572522252518258 0.03109891142737839 -0.081882842798872632 0.25777815152737493 -0.18530750713925079 0.11389560704213511
0.03208088668651482 0.17325264333155119 0.27681246367080187 -0.26446550327631968 0.085720026434141366 0.40454612961510683 -0.21996137817290398 -0.25491572221147496 0.72189658825355307 -0.10654893750843411 0.074359319310303262
-0.03208088668651482 -0.17325264333155119 -0.27681246367080187 0.26446550327631968 -0.085720026434141366 -0.40454612961510683 0.21996137817290398 0.25491572221147496 -0.72189658825355307 0.10654893750843411 -0.074359319310303262
0.14369899343553386 -0.18644065859646844 -0.24360936207869852 0.86415457651281935 0.060472311279319596 0.11572522252518258 -0.03109891142737839 0.081882842798872632 -0.25777815152737493 0.18530750713925079 -0.11389560704213511
0.026152976221808261 -0.41608489784461167 -0.012737950549766678 -0.32396168475494169 -0.40094115465513264 0.1107267896146098 0.32245931278730811 0.29248748682339948 -0.46118087236944388 0.38057011162152599 -0.031802112536271347
0.20193285634385694 -0.42927291310952886 0.020465151042336652 0.27572738848155798 -0.25474881694167167 0.63099814175489921 0.071399023187025762 0.11945460741079715 0.0029375643567342014 0.45932868125234272 -0.071338400268103203
-0.040426250321868751 0.09617112241255904 -0.26219386581683318 0.032273940735590534 -0.012797659726146507 -0.49721954191422557 0.32377832978045251 0.45298231675003214 -0.11153957401583336 -0.52288650273998882 -0.27579302488904273
0.13535362980017993 0.082983107147641788 -0.22899076422472986 0.6319630139720902 0.13339467798731447 0.023051810226063868 0.072718040180170168 0.27994943733742977 0.35257886271034472 -0.44412793310917209 -0.31532931262087455
0.01780761258645433 -0.14666113210050141 0.001880647304201951 -0.55615324729567084 -0.32801878794713779 0.018053377315491059 0.42627626439485666 0.49055408136195661 0.1491761418682758 -0.24886532862689689 -0.23323581811501085
0.19358749270850301 -0.15984914736541866 0.035083748896305278 0.043535825940828832 -0.18182645023367683 0.53832472945578047 0.17521597479457429 0.31752120194935424 0.61329457859445391 -0.17010675899608022 -0.27277210584684269
0.39258951452228452 0.079363938726475805 0.36094534089229896 0.016162194572655712 -0.069733526238097684 -0.05374005316827727 -0.054126239533643053 -0.67358963859280696 -0.39205300894855011 0.138629926947195 0.26777762262546878
-0.19524630488305381 -0.16952781723969423 0.5795404084218726 0.020100223891372622 0.11268348467855442 -0.19044674702644199 -0.47321531126272648 -0.33316195272282645 -0.27029720523191136 0.35954322126457672 -0.10314572107398537
0.042085062496419579 0.23320584219255386 -0.35243029150134469 -0.095909990567791953 0.081940625281268928 0.14934155948488703 -0.025778993312300422 -0.43734156597655993 -0.23145779934670918 0.33345004047149229 0.65171085180987076
-0.54575075690891872 -0.015685913773616181 -0.13383522397177106 -0.091971961249075057 0.26435763619792102 0.012634865626722322 -0.44486806504138382 -0.096913880106579475 -0.1097019956300704 0.55436333478887401 0.28078750811041664
0.38424415088693059 0.34878770447058605 0.37556393874626759 -0.21602936796807343 0.0031888404698971751 -0.14641346546739598 0.049690712073905505 -0.47552304405424983 0.2183040052891696 -0.4908055133012279 0.066343917046729317
-0.20359166851840779 0.099895948504416007 0.59415900627584128 -0.21209133864935653 0.18560585138654928 -0.28312015932556067 -0.36939835965517792 -0.13509535818426932 0.34005980900580834 -0.26989221898384619 -0.30457942665272486
0.033739698861065648 0.50262960793666411 -0.33781169364737607 -0.32810155310852113 0.15486299198926379 0.056668147185768306 0.078037958295248136 -0.23927497143800283 0.37889921489101053 -0.29598539977693061 0.4502771462311313
-0.55409612054427271 0.25373785197049403 -0.11921662611780243 -0.32416352378980423 0.33728000290591587 -0.080038546672396391 -0.34105111343383526 0.10115271443197765 0.50065501860764927 -0.075072105459548913 0.079353802531677134
0.55409612054427271 -0.25373785197049403 0.11921662611780243 0.32416352378980423 -0.33728000290591587 0.080038546672396391 0.34105111343383526 -0.10115271443197765 -0.50065501860764927 0.075072105459548913 -0.079353802531677134
-0.033739698861065648 -0.50262960793666411 0.33781169364737607 0.32810155310852113 -0.15486299198926379 -0.056668147185768306 -0.078037958295248136 0.23927497143800283 -0.37889921489101053 0.29598539977693061 -0.4502771462311313
0.20359166851840779 -0.099895948504416007 -0.59415900627584128 0.21209133864935653 -0.18560585138654928 0.28312015932556067 0.36939835965517792 0.13509535818426932 -0.34005980900580834 0.26989221898384619 0.30457942665272486
-0.38424415088693059 -0.34878770447058605 -0.37556393874626759 0.21602936796807343 -0.0031888404698971751 0.14641346546739598 -0.049690712073905505 0.47552304405424983 -0.2183040052891696 0.4908055133012279 -0.066343917046729317
0.54575075690891872 0.015685913773616181 0.13383522397177106 0.091971961249075057 -0.26435763619792102 -0.012634865626722322 0.44486806504138382 0.096913880106579475 0.1097019956300704 -0.55436333478887401 -0.28078750811041664
-0.042085062496419579 -0.23320584219255386 0.35243029150134469 0.095909990567791953 -0.081940625281268928 -0.14934155948488703 0.025778993312300422 0.43734156597655993 0.23145779934670918 -0.33345004047149229 -0.65171085180987076
0.19524630488305381 0.16952781723969423 -0.5795404084218726 -0.020100223891372622 -0.11268348467855442 0.19044674702644199 0.47321531126272648 0.33316195272282645 0.27029720523191136 -0.35954322126457672 0.10314572107398537
-0.39258951452228452 -0.079363938726475805 -0.36094534089229896 -0.016162194572655712 0.069733526238097684 0.05374005316827727 0.054126239533643053 0.67358963859280696 0.39205300894855011 -0.138629926947195 -0.26777762262546878
-0.27209013923673864 0.41948689419277413 -0.051585235724676534 0.1716303448685082 -0.24166715569159078 -0.72614751747182837 0.30815157601401166 0.022594075536619046 -0.13930031238684576 0.12889440339729244 -0.02646182775482761
-0.096310259114689947 0.40629887892785693 -0.018382134132573207 0.77131941810500781 -0.095474817978129817 -0.20587616533153891 0.05709128641372932 -0.1504388038759833 0.32481812433933233 0.20765297302810912 -0.065998115486659473
-0.21385627632841553 0.1766546396797137 0.21248927739635862 -0.41679684316275317 -0.55688828391258216 -0.21087459824211169 0.41064951062841581 0.060165840148543537 0.12141540349726346 0.40291557751038432 0.016095379019204298
-0.038076396206366839 0.16346662441479645 0.24569237898846194 0.1828922300737465 -0.41069594619912114 0.30939675389817772 0.15958922102813344 -0.1128670392640588 0.58553384022344157 0.48167414714120105 -0.023440908712627564
-0.13647892849161924 -0.19628956102643449 -0.36897448723003812 0.018635625024117031 -0.30729899931374594 -0.71946710035251327 -0.18139562080995458 -0.10522385001964975 -0.20078740185184046 -0.3166376706835588 0.098678482932848116
0.039300951630429445 -0.20947757629135175 -0.33577138563793474 0.61832469826061676 -0.16110666160028494 -0.19919574821222391 -0.43245591041023695 -0.2782567294322521 0.26333103487433762 -0.2378791010527421 0.059142195201016247
-0.07824506558329615 -0.43912181553949498 -0.10489997410900295 -0.5697915630071444 -0.62252012753473718 -0.20419418112279669 -0.078897686195550432 -0.067652085407725229 0.059928314032268754 -0.042616496570466879 0.14123568970688002
0.097534814538752526 -0.45230983080441217 -0.071696872516899629 0.029897510229355329 -0.47632778982127627 0.31607717101749272 -0.3299579757958328 -0.24068496482032758 0.52404675075844687 0.036142073060349812 0.10169940197504815
-0.097534814538752526 0.45230983080441217 0.071696872516899629 -0.029897510229355329 0.47632778982127627 -0.31607717101749272 0.3299579757958328 0.24068496482032758 -0.52404675075844687 -0.036142073060349812 -0.10169940197504815
0.07824506558329615 0.43912181553949498 0.10489997410900295 0.5697915630071444 0.62252012753473718 0.20419418112279669 0.078897686195550432 0.067652085407725229 -0.059928314032268754 0.042616496570466879 -0.14123568970688002
-0.039300951630429445 0.20947757629135175 0.33577138563793474 -0.61832469826061676 0.16110666160028494 0.19919574821222391 0.43245591041023695 0.2782567294322521 -0.26333103487433762 0.2378791010527421 -0.059142195201016247
0.13647892849161924 0.19628956102643449 0.36897448723003812 -0.018635625024117031 0.30729899931374594 0.71946710035251327 0.18139562080995458 0.10522385001964975 0.20078740185184046 0.3166376706835588 -0.098678482932848116
0.038076396206366839 -0.16346662441479645 -0.24569237898846194 -0.1828922300737465 0.41069594619912114 -0.30939675389817772 -0.15958922102813344 0.1128670392640588 -0.58553384022344157 -0.48167414714120105 0.023440908712627564
0.21385627632841553 -0.1766546396797137 -0.21248927739635862 0.41679684316275317 0.55688828391258216 0.21087459824211169 -0.41064951062841581 -0.060165840148543537 -0.12141540349726346 -0.40291557751038432 -0.016095379019204298
0.096310259114689947 -0.40629887892785693 0.018382134132573207 -0.77131941810500781 0.095474817978129817 0.20587616533153891 -0.05709128641372932 0.1504388038759833 -0.32481812433933233 -0.20765297302810912 0.065998115486659473
0.27209013923673864 -0.41948689419277413 0.051585235724676534 -0.1716303448685082 0.24166715569159078 0.72614751747182837 -0.30815157601401166 -0.022594075536619046 0.13930031238684576 -0.12889440339729244 0.02646182775482761
0.31408686799404895 0.33900168555383126 0.34444385406392775 0.23132836538199275 -0.49322713216336528 -0.24156284118432508 0.42924131127494297 -0.33347436110683359 0.081941257259058001 0.097417571348407242 -0.031456310976201496
-0.27374895141128941 0.090109929587661272 0.56303892159350133 0.23526639470070965 -0.3108101212467132 -0.37826953504248978 0.010152239545859571 0.006953324763146862 0.20369706097569679 0.31833086566578894 -0.40237965467565567
-0.036417584031816025 0.49284358901990932 -0.36893177832971591 0.11925618024154507 -0.34155298064399869 -0.038481228531160802 0.45758855749628563 -0.097226288490586621 0.24253646686089897 0.29223768487270452 0.35247691820820048
-0.62425340343715441 0.2439518330537393 -0.15033671080014233 0.12319420956026196 -0.15913596972734662 -0.17518792238932551 0.038499485767202205 0.24320139737939384 0.36429227057753771 0.51315097919008623 -0.018446425491253693
0.44969807873916834 -0.27677476966537734 0.027054602558566176 0.07833364553760154 -0.55885897578552046 -0.23488242406501009 -0.060305885549023316 -0.4612922866631024 0.020454167794063297 -0.34811450273244399 0.093683999711474231
-0.13813774066617004 -0.52566652563154737 0.24564967008813976 0.082271674856318464 -0.37644196486886833 -0.37158911792317478 -0.47939495727810671 -0.12086460079312192 0.14220997151070208 -0.12720120841506224 -0.27723934398797995
0.099193626713303368 -0.12293286619929931 -0.68632102983507748 -0.033738539602846132 -0.40718482426615382 -0.031800811411845806 -0.031958639327680685 -0.2250442140468554 0.18104937739590427 -0.1532943892081467 0.47761722889587621
-0.48864219269203502 -0.3718246221654693 -0.4677259623055039 -0.029800510284129212 -0.22476781334950174 -0.16850750527001052 -0.45104771105676406 0.11538347182312506 0.30280518111254306 0.067618905109235017 0.10669388519642203
0.48864219269203502 0.3718246221654693 0.4677259623055039 0.029800510284129212 0.22476781334950174 0.16850750527001052 0.45104771105676406 -0.11538347182312506 -0.30280518111254306 -0.067618905109235017 -0.10669388519642203
-0.099193626713303368 0.12293286619929931 0.68632102983507748 0.033738539602846132 0.40718482426615382 0.031800811411845806 0.031958639327680685 0.2250442140468554 -0.18104937739590427 0.1532943892081467 -0.47761722889587621
0.13813774066617004 0.52566652563154737 -0.24564967008813976 -0.082271674856318464 0.37644196486886833 0.37158911792317478 0.47939495727810671 0.12086460079312192 -0.14220997151070208 0.12720120841506224 0.27723934398797995
-0.44969807873916834 0.27677476966537734 -0.027054602558566176 -0.07833364553760154 0.55885897578552046 0.23488242406501009 0.060305885549023316 0.4612922866631024 -0.020454167794063297 0.34811450273244399 -0.093683999711474231
0.62425340343715441 -0.2439518330537393 0.15033671080014233 -0.12319420956026196 0.15913596972734662 0.17518792238932551 -0.038499485767202205 -0.24320139737939384 -0.36429227057753771 -0.51315097919008623 0.018446425491253693
0.036417584031816025 -0.49284358901990932 0.36893177832971591 -0.11925618024154507 0.34155298064399869 0.038481228531160802 -0.45758855749628563 0.097226288490586621 -0.24253646686089897 -0.29223768487270452 -0.35247691820820048
0.27374895141128941 -0.090109929587661272 -0.56303892159350133 -0.23526639470070965 0.3108101212467132 0.37826953504248978 -0.010152239545859571 -0.006953324763146862 -0.20369706097569679 -0.31833086566578894 0.40237965467565567
-0.31408686799404895 -0.33900168555383126 -0.34444385406392775 -0.23132836538199275 0.49322713216336528 0.24156284118432508 -0.42924131127494297 0.33347436110683359 -0.081941257259058001 -0.097417571348407242 0.031456310976201496
0.099722654960984439 0.24875256400278536 0.25348782884108717 -0.51416033347655699 -0.066627417984307213 -0.38834803212225855 -0.2098685226289157 -0.43490212714595389 -0.30825046754204655 -0.011221217955048289 -0.34055586290502998
0.27550253508303313 0.23556454873786811 0.28669093043319055 0.085528739759942685 0.079564919729153749 0.13192332001803087 -0.46092881222919807 -0.60793500655855626 0.15586796918413157 0.067537351675768409 -0.3800921506368618
-0.25078179706488052 0.4025944674688634 -0.45988780355255648 -0.62623251861700469 0.085046733535059399 -0.18526641946909425 -0.18152127640757304 -0.19865405452970686 -0.14765525794020556 0.18359889556924899 0.043377366279371991
-0.075001916942831828 0.38940645220394621 -0.42668470196045311 -0.026543445380505015 0.23123907124852036 0.33500493267119513 -0.43258156600785541 -0.37168693394230923 0.31646317878597252 0.2623574652000657 0.0038410785475401291
-0.086504689079156358 -0.056304661506976342 0.66841341673494969 -0.2814578838366435 0.036307405419297875 -0.46878353251186883 0.03740421304037711 -0.20074999021851997 -0.2078611691268733 -0.19879964371241959 0.34329034660960583
0.089275191042892318 -0.069492676771893594 0.70161651832705296 0.31823118939985617 0.18249974313275885 0.051487819628420584 -0.21365607655990526 -0.37378286963112234 0.25625726759930478 -0.12004107408160292 0.30375405887777401
-0.43700914110502131 0.097537241959101698 -0.044962215658693988 -0.3935300689770912 0.18798155693866447 -0.26570191985870451 0.065751459261719741 0.03549808239772699 -0.047265959525032347 -0.003979530188122346 0.72722357579400787
-0.26122926098297261 0.084349226694184445 -0.011759114066590661 0.2061590042594085 0.33417389465212544 0.25456943228158491 -0.18530883033856263 -0.13753479701487537 0.41685247720114571 0.074779039442694345 0.68768728806217594
0.26122926098297261 -0.084349226694184445 0.011759114066590661 -0.2061590042594085 -0.33417389465212544 -0.25456943228158491 0.18530883033856263 0.13753479701487537 -0.41685247720114571 -0.074779039442694345 -0.68768728806217594
0.43700914110502131 -0.097537241959101698 0.044962215658693988 0.3935300689770912 -0.18798155693866447 0.26570191985870451 -0.065751459261719741 -0.03549808239772699 0.047265959525032347 0.003979530188122346 -0.72722357579400787
-0.089275191042892318 0.069492676771893594 -0.70161651832705296 -0.31823118939985617 -0.18249974313275885 -0.051487819628420584 0.21365607655990526 0.37378286963112234 -0.25625726759930478 0.12004107408160292 -0.30375405887777401
0.086504689079156358 0.056304661506976342 -0.66841341673494969 0.2814578838366435 -0.036307405419297875 0.46878353251186883 -0.03740421304037711 0.20074999021851997 0.2078611691268733 0.19879964371241959 -0.34329034660960583
0.075001916942831828 -0.38940645220394621 0.42668470196045311 0.026543445380505015 -0.23123907124852036 -0.33500493267119513 0.43258156600785541 0.37168693394230923 -0.31646317878597252 -0.2623574652000657 -0.0038410785475401291
0.25078179706488052 -0.4025944674688634 0.45988780355255648 0.62623251861700469 -0.085046733535059399 0.18526641946909425 0.18152127640757304 0.19865405452970686 0.14765525794020556 -0.18359889556924899 -0.043377366279371991
-0.27550253508303313 -0.23556454873786811 -0.28669093043319055 -0.085528739759942685 -0.079564919729153749 -0.13192332001803087 0.46092881222919807 0.60793500655855626 -0.15586796918413157 -0.067537351675768409 0.3800921506368618
-0.099722654960984439 -0.24875256400278536 -0.25348782884108717 0.51416033347655699 0.066627417984307213 0.38834803212225855 0.2098685226289157 0.43490212714595389 0.30825046754204655 0.011221217955048289 0.34055586290502998
0.01440063623394805 0.52012264061166091 -0.16443130069978301 -0.21426644528187186 -0.15968855374990834 0.26298149575496627 -0.078630088586659486 -0.68741782923101935 -0.21523011835076861 -0.18979181397734946 -0.024221841248561859
-0.57343518317139031 0.27123088464549094 0.054163766829790606 -0.21032841596315496 0.022728457166743765 0.12627480189680157 -0.49771916031574287 -0.34699014336103895 -0.093474314634129807 0.031121480340032273 -0.39514518494801604
0.59815592118954297 0.3669281315612406 -0.22736063994915656 -0.33037536289390707 0.14188319609746941 -0.17961790134786493 -0.14473092832102824 -0.45959891772722417 0.10168702587805578 0.22001476690498512 0.058430400590526177
0.010320101784204616 0.1180363755950706 -0.0087655724195829371 -0.32643733357519017 0.32430020701412149 -0.31632459520602962 -0.56382000005011168 -0.11917123185724374 0.22344282959469458 0.44092806122236683 -0.312492943108928
-0.1718267078061928 0.21506541510189922 0.25049428719407946 0.018436004358041633 -0.056753730346303252 0.18254599536535598 0.1686426470826333 -0.45326569230358549 -0.11484081993559539 -0.37737023973472078 0.65962436826607396
-0.75966252721153116 -0.033826340864270804 0.46908935472365304 0.02237403367675855 0.12566328057034887 0.045839301507191274 -0.25044642464645006 -0.112838006433605 0.0069149837810434031 -0.15645694541733907 0.28870102456661983
0.41192857714940212 0.061870906051478908 0.18756494794470596 -0.097672913253993549 0.24481801950107451 -0.26005340173747521 0.10254180734826457 -0.2254467807997903 0.202076324293229 0.032436341147613776 0.74227661010516199
-0.17590724225593621 -0.18702084991469112 0.40616001547427955 -0.093734883935276625 0.42723503041772659 -0.39676009559563991 -0.31654726438081882 0.11498090507019014 0.32383212800986777 0.2533496354649955 0.37135326640570787
0.17590724225593621 0.18702084991469112 -0.40616001547427955 0.093734883935276625 -0.42723503041772659 0.39676009559563991 0.31654726438081882 -0.11498090507019014 -0.32383212800986777 -0.2533496354649955 -0.37135326640570787
-0.41192857714940212 -0.061870906051478908 -0.18756494794470596 0.097672913253993549 -0.24481801950107451 0.26005340173747521 -0.10254180734826457 0.2254467807997903 -0.202076324293229 -0.032436341147613776 -0.74227661010516199
0.75966252721153116 0.033826340864270804 -0.46908935472365304 -0.02237403367675855 -0.12566328057034887 -0.045839301507191274 0.25044642464645006 0.112838006433605 -0.0069149837810434031 0.15645694541733907 -0.28870102456661983
0.1718267078061928 -0.21506541510189922 -0.25049428719407946 -0.018436004358041633 0.056753730346303252 -0.18254599536535598 -0.1686426470826333 0.45326569230358549 0.11484081993559539 0.37737023973472078 -0.65962436826607396
-0.010320101784204616 -0.1180363755950706 0.0087655724195829371 0.32643733357519017 -0.32430020701412149 0.31632459520602962 0.56382000005011168 0.11917123185724374 -0.22344282959469458 -0.44092806122236683 0.312492943108928
-0.59815592118954297 -0.3669281315612406 0.22736063994915656 0.33037536289390707 -0.14188319609746941 0.17961790134786493 0.14473092832102824 0.45959891772722417 -0.10168702587805578 -0.22001476690498512 -0.058430400590526177
0.57343518317139031 -0.27123088464549094 -0.054163766829790606 0.21032841596315496 -0.022728457166743765 -0.12627480189680157 0.49771916031574287 0.34699014336103895 0.093474314634129807 -0.031121480340032273 0.39514518494801604
-0.01440063623394805 -0.52012264061166091 0.16443130069978301 0.21426644528187186 0.15968855374990834 -0.26298149575496627 0.078630088586659486 0.68741782923101935 0.21523011835076861 0.18979181397734946 0.024221841248561859
-0.10812938007059091 -0.29585064904570013 0.2046729709682201 -0.15978119072518493 -0.33135335542630129 -0.60803110967366458 0.36381404610385781 -0.3953095148807666 -0.034322874626875249 -0.027529813391963524 -0.25158751388182971
0.067650500051457771 -0.30903866431061733 0.23787607256032342 0.43990788251131474 -0.18516101771284033 -0.087759757533375116 0.11275375650357544 -0.56834239429336897 0.42979556209930281 0.051228756238853167 -0.29112380161366153
-0.45863383209645586 -0.14200874557962204 -0.50870266142542353 -0.27185337586563257 -0.1796792039069347 -0.40494949702050026 0.39216129232520047 -0.15906144226451963 0.12627233497496568 0.16729030013233373 0.13234571530257228
-0.28285395197440716 -0.15519676084453929 -0.47549955983332021 0.3278356973708671 -0.033486866193473727 0.11532185511978915 0.1411010027249181 -0.33209432167712194 0.59039077170114374 0.24604886976315041 0.092809427570740399
0.10829862727642108 0.12237382423290126 0.35221745159174406 -0.12630784227300357 -0.68450807931939339 -0.52539220157412481 -0.16290740250673919 0.11400343239341339 -0.20564433332954274 -0.081012393305508218 -0.017571853350519868
0.28407850739846974 0.10918580896798401 0.38542055318384744 0.4733812309634961 -0.53831574160593232 -0.0051208494338353394 -0.41396769210702156 -0.059029447019188955 0.25847410339663535 -0.0022538236746915269 -0.057108141082351731
-0.24220582474944385 0.27621572769897929 -0.3611581808018996 -0.23838002741345121 -0.5328339278000267 -0.32231058892096048 -0.13456015628539653 0.3502515050096604 -0.045049123727701784 0.11380772021878904 0.36636137583388212
-0.066425944627395192 0.26302771243406209 -0.32795507920979622 0.36130904582304846 -0.38664159008656573 0.19796076321932893 -0.3856204458856789 0.17721862559705803 0.41906931299847627 0.19256628984960572 0.3268250881020503
0.066425944627395192 -0.26302771243406209 0.32795507920979622 -0.36130904582304846 0.38664159008656573 -0.19796076321932893 0.3856204458856789 -0.17721862559705803 -0.41906931299847627 -0.19256628984960572 -0.3268250881020503
0.24220582474944385 -0.27621572769897929 0.3611581808018996 0.23838002741345121 0.5328339278000267 0.32231058892096048 0.13456015628539653 -0.3502515050096604 0.045049123727701784 -0.11380772021878904 -0.36636137583388212
-0.28407850739846974 -0.10918580896798401 -0.38542055318384744 -0.4733812309634961 0.53831574160593232 0.0051208494338353394 0.41396769210702156 0.059029447019188955 -0.25847410339663535 0.0022538236746915269 0.057108141082351731
-0.10829862727642108 -0.12237382423290126 -0.35221745159174406 0.12630784227300357 0.68450807931939339 0.52539220157412481 0.16290740250673919 -0.11400343239341339 0.20564433332954274 0.081012393305508218 0.017571853350519868
0.28285395197440716 0.15519676084453929 0.47549955983332021 -0.3278356973708671 0.033486866193473727 -0.11532185511978915 -0.1411010027249181 0.33209432167712194 -0.59039077170114374 -0.24604886976315041 -0.092809427570740399
0.45863383209645586 0.14200874557962204 0.50870266142542353 0.27185337586563257 0.1796792039069347 0.40494949702050026 -0.39216129232520047 0.15906144226451963 -0.12627233497496568 -0.16729030013233373 -0.13234571530257228
-0.067650500051457771 0.30903866431061733 -0.23787607256032342 -0.43990788251131474 0.18516101771284033 0.087759757533375116 -0.11275375650357544 0.56834239429336897 -0.42979556209930281 -0.051228756238853167 0.29112380161366153
0.10812938007059091 0.29585064904570013 -0.2046729709682201 0.15978119072518493 0.33135335542630129 0.60803110967366458 -0.36381404610385781 0.3953095148807666 0.034322874626875249 0.027529813391963524 0.25158751388182971
-0.19345139879762729 -0.024480572436824527 -0.21324615857265011 0.14011269746950022 -0.42441449119190244 0.043298418203560257 0.49505248014611403 -0.64782521696583206 0.05869747456440267 -0.20610040941426472 0.064746507774638418
-0.78128721820296565 -0.27337232840299452 0.0053489089569235121 0.14405072678821712 -0.24199748027525037 -0.093408275654604439 0.075963408417030642 -0.30739753109585166 0.18045327828104146 0.014812884903117038 -0.30617683592481576
0.39030388615796763 -0.17767508148724484 -0.27617549782202366 0.024003779857465036 -0.12284274134452471 -0.39930097889927096 0.42895164041174527 -0.42000630546203688 0.37561461879322705 0.20370617146806991 0.14739874961372645
-0.19753193324737076 -0.42656683745341484 -0.057580430292450038 0.027941809176181952 0.0595742695721274 -0.53600767275743566 0.0098625686826618875 -0.079578619592056449 0.49737042250986579 0.42461946578545162 -0.22352459408572772
0.022976608549384658 0.39374390084177679 -0.065701677949126125 0.17358604592168159 -0.77756921508499444 0.12593732630310003 -0.031668968464482972 -0.13851226969165209 -0.11262398413826483 -0.25958298932780938 0.29876216830594826
-0.5648592108559537 0.1448521448756068 0.15289338958044749 0.17752407524039848 -0.59515220416834236 -0.010769367555064663 -0.45075804019356636 0.20191541617832837 0.0091318195783739661 -0.038669695010427649 -0.072161175393505916
0.60673189350497958 0.24054939179135651 -0.12863101719849968 0.057477128309646401 -0.47599746523761666 -0.31666207079973119 -0.097769808198851726 0.089306641812143067 0.20429316009055956 0.15022359155452519 0.3814144101450363
0.018896074099641225 -0.0083423641748135158 0.089964050331073936 0.061415157628363311 -0.29358045432096458 -0.45336876465789588 -0.51685887992793511 0.4297343276821235 0.32604896380719833 0.37113688587190691 0.01049106644558212
-0.018896074099641225 0.0083423641748135158 -0.089964050331073936 -0.061415157628363311 0.29358045432096458 0.45336876465789588 0.51685887992793511 -0.4297343276821235 -0.32604896380719833 -0.37113688587190691 -0.01049106644558212
-0.60673189350497958 -0.24054939179135651 0.12863101719849968 -0.057477128309646401 0.47599746523761666 0.31666207079973119 0.097769808198851726 -0.089306641812143067 -0.20429316009055956 -0.15022359155452519 -0.3814144101450363
0.5648592108559537 -0.1448521448756068 -0.15289338958044749 -0.17752407524039848 0.59515220416834236 0.010769367555064663 0.45075804019356636 -0.20191541617832837 -0.0091318195783739661 0.038669695010427649 0.072161175393505916
-0.022976608549384658 -0.39374390084177679 0.065701677949126125 -0.17358604592168159 0.77756921508499444 -0.12593732630310003 0.031668968464482972 0.13851226969165209 0.11262398413826483 0.25958298932780938 -0.29876216830594826
0.19753193324737076 0.42656683745341484 0.057580430292450038 -0.027941809176181952 -0.0595742695721274 0.53600767275743566 -0.0098625686826618875 0.079578619592056449 -0.49737042250986579 -0.42461946578545162 0.22352459408572772
-0.39030388615796763 0.17767508148724484 0.27617549782202366 -0.024003779857465036 0.12284274134452471 0.39930097889927096 -0.42895164041174527 0.42000630546203688 -0.37561461879322705 -0.20370617146806991 -0.14739874961372645
0.78128721820296565 0.27337232840299452 -0.0053489089569235121 -0.14405072678821712 0.24199748027525037 0.093408275654604439 -0.075963408417030642 0.30739753109585166 -0.18045327828104146 -0.014812884903117038 0.30617683592481576
0.19345139879762729 0.024480572436824527 0.21324615857265011 -0.14011269746950022 0.42441449119190244 -0.043298418203560257 -0.49505248014611403 0.64782521696583206 -0.05869747456440267 0.20610040941426472 -0.064746507774638418
0.023729362397025403 0.10284940063696883 0.49147159222646658 -0.051215302855465827 -0.15257850615933366 -0.31867998480682497 0.30422164429767873 -0.066731931092966504 -0.58679178555037204 0.40069441558708002 -0.13405177328075316
0.19950924251907409 0.08966138537205158 0.5246746938185699 0.54847377038103384 -0.0063861684458726836 0.20159136733346444 0.053161354697396357 -0.23976481050556886 -0.12267334882419392 0.47945298521789675 -0.17358806101258503
-0.32677508962883955 0.25669130410304686 -0.22190404016717702 -0.16328748799591347 -0.0009043546399670338 -0.11559837215366067 0.33256889051902139 0.16951614152328048 -0.42619657594853111 0.59551452911137737 0.24988145590364882
-0.15099520950679085 0.24350328883812963 -0.1887009385750737 0.4364015852405862 0.14528798307349394 0.40467297998662877 0.081508600918739016 -0.0035167378893218582 0.037921860777647004 0.67427309874219399 0.21034516817181695
0.015383998761671472 0.37227316638107899 0.50609019008043532 -0.28340686539619497 -0.079656139451338773 -0.41135339710594371 0.40803859590522729 0.13133466344559064 0.0235652286873477 -0.2287410246613428 -0.3354854788594927
0.19116387888372016 0.35908515111616179 0.53929329167253859 0.3162822078403047 0.06653619826212219 0.1089179550343457 0.15697830630494491 -0.04169821596701169 0.48768366541352581 -0.14998245503052612 -0.37502176659132452
-0.33512045326419349 0.52611506984715706 -0.20728544231320839 -0.39547905053664267 0.072018012068027826 -0.20827178445277941 0.43638584212656994 0.36758273606183767 0.18416043828918863 -0.03392091113704556 0.048447750324909299
-0.15934057314214478 0.51292705458223975 -0.17408234072110507 0.204210022699857 0.21821034978148879 0.31199956768751003 0.18532555252628757 0.1945498566492353 0.64827887501536674 0.044837658493771131 0.0089114625930774363
0.15934057314214478 -0.51292705458223975 0.17408234072110507 -0.204210022699857 -0.21821034978148879 -0.31199956768751003 -0.18532555252628757 -0.1945498566492353 -0.64827887501536674 -0.044837658493771131 -0.0089114625930774363
0.33512045326419349 -0.52611506984715706 0.20728544231320839 0.39547905053664267 -0.072018012068027826 0.20827178445277941 -0.43638584212656994 -0.36758273606183767 -0.18416043828918863 0.03392091113704556 -0.048447750324909299
-0.19116387888372016 -0.35908515111616179 -0.53929329167253859 -0.3162822078403047 -0.06653619826212219 -0.1089179550343457 -0.15697830630494491 0.04169821596701169 -0.48768366541352581 0.14998245503052612 0.37502176659132452
-0.015383998761671472 -0.37227316638107899 -0.50609019008043532 0.28340686539619497 0.079656139451338773 0.41135339710594371 -0.40803859590522729 -0.13133466344559064 -0.0235652286873477 0.2287410246613428 0.3354854788594927
0.15099520950679085 -0.24350328883812963 0.1887009385750737 -0.4364015852405862 -0.14528798307349394 -0.40467297998662877 -0.081508600918739016 0.0035167378893218582 -0.037921860777647004 -0.67427309874219399 -0.21034516817181695
0.32677508962883955 -0.25669130410304686 0.22190404016717702 0.16328748799591347 0.0009043546399670338 0.11559837215366067 -0.33256889051902139 -0.16951614152328048 0.42619657594853111 -0.59551452911137737 -0.24988145590364882
-0.19950924251907409 -0.08966138537205158 -0.5246746938185699 -0.54847377038103384 0.0063861684458726836 -0.20159136733346444 -0.053161354697396357 0.23976481050556886 0.12267334882419392 -0.47945298521789675 0.17358806101258503
-0.023729362397025403 -0.10284940063696883 -0.49147159222646658 0.051215302855465827 0.15257850615933366 0.31867998480682497 -0.30422164429767873 0.066731931092966504 0.58679178555037204 -0.40069441558708002 0.13405177328075316
-0.061592656330010986 0.37421947724584437 0.07355246268559644 0.24867858533921933 -0.24563964192493476 0.33264954307039984 0.43546007833993494 -0.31924763317803195 -0.4937714363590941 0.22212381956477889 0.18228224837571497
-0.64942847573534934 0.12532772127967437 0.29214753021517004 0.25261661465793622 -0.063222631008282668 0.19594284921223515 0.016371006610851557 0.021180052691948476 -0.37201563264245535 0.4430371138821606 -0.18864109532373921
0.52216262862558394 0.22102496819542408 0.010623123436222889 0.13256966772718415 0.05593210792244295 -0.10994985403243138 0.36935923860556619 -0.091428721674236824 -0.17685429213026971 0.63193040044711346 0.26493449021480298
-0.065673190779754448 -0.027866787770745943 0.22921819096579649 0.13650769704590104 0.23834911883909504 -0.24665654789059607 -0.049729833123517198 0.24899896419574363 -0.055098488413630915 0.85284369476449517 -0.1059888534846512
-0.069938019965364973 0.64364324298995457 0.088171060539565069 0.016487022798490143 -0.17271727521693991 0.2399761307712811 0.5392770299474835 -0.12118103863947484 0.11658557787862561 -0.40731162068364402 -0.019151457203024552
-0.65777383937070333 0.39475148702378449 0.30676612806913867 0.020425052117207059 0.0096997356997122058 0.10326943691311641 0.12018795821840011 0.21924664723050563 0.23834138159526441 -0.1863983263662623 -0.3900748009024787
0.51381726499022995 0.49044873393953425 0.025241721290191518 -0.099621894813545039 0.12885447463043781 -0.20262326633155009 0.47317619021311474 0.10663787286432033 0.43350272210745006 0.0024949601986905684 0.063500784636063484
-0.074018554415108379 0.24155697797336426 0.24383678881976512 -0.095683865494828116 0.31127148554708994 -0.33932996018971479 0.05408711848403136 0.44706555873430076 0.55525852582408886 0.22340825451607232 -0.30742255906339067
0.074018554415108379 -0.24155697797336426 -0.24383678881976512 0.095683865494828116 -0.31127148554708994 0.33932996018971479 -0.05408711848403136 -0.44706555873430076 -0.55525852582408886 -0.22340825451607232 0.30742255906339067
-0.51381726499022995 -0.49044873393953425 -0.025241721290191518 0.099621894813545039 -0.12885447463043781 0.20262326633155009 -0.47317619021311474 -0.10663787286432033 -0.43350272210745006 -0.0024949601986905684 -0.063500784636063484
0.65777383937070333 -0.39475148702378449 -0.30676612806913867 -0.020425052117207059 -0.0096997356997122058 -0.10326943691311641 -0.12018795821840011 -0.21924664723050563 -0.23834138159526441 0.1863983263662623 0.3900748009024787
0.069938019965364973 -0.64364324298995457 -0.088171060539565069 -0.016487022798490143 0.17271727521693991 -0.2399761307712811 -0.5392770299474835 0.12118103863947484 -0.11658557787862561 0.40731162068364402 0.019151457203024552
0.065673190779754448 0.027866787770745943 -0.22921819096579649 -0.13650769704590104 -0.23834911883909504 0.24665654789059607 0.049729833123517198 -0.24899896419574363 0.055098488413630915 -0.85284369476449517 0.1059888534846512
-0.52216262862558394 -0.22102496819542408 -0.010623123436222889 -0.13256966772718415 -0.05593210792244295 0.10994985403243138 -0.36935923860556619 0.091428721674236824 0.17685429213026971 -0.63193040044711346 -0.26493449021480298
0.64942847573534934 -0.12532772127967437 -0.29214753021517004 -0.25261661465793622 0.063222631008282668 -0.19594284921223515 -0.016371006610851557 -0.021180052691948476 0.37201563264245535 -0.4430371138821606 0.18864109532373921
0.061592656330010986 -0.37421947724584437 -0.07355246268559644 -0.24867858533921933 0.24563964192493476 -0.33264954307039984 -0.43546007833993494 0.31924763317803195 0.4937714363590941 -0.22212381956477889 -0.18228224837571497
-0.14272289871247643 0.61055626740715108 0.010455135072209742 -0.093090601957403665 -0.24387572431324939 -0.23504693151235698 -0.08735464579731296 -0.44843101240785144 0.22722311954026087 0.43085239889175542 -0.19330876041247252
0.01878370730951176 0.27745447671018125 -0.23127357970228679 0.21491072725974486 -0.51142220098106761 -0.10126833167168334 0.30782270717016535 0.12400591175297779 0.11862110988116166 0.36729457740410931 -0.54044018556961848
-0.0071116879673570471 -0.0052201878120575751 -0.30693411643315183 -0.24608532180179482 -0.30950756793540452 -0.22836651439304198 -0.57690184262127919 -0.57624893796412024 0.16573603007526616 -0.014679675189095798 -0.068168449724796798
0.15439491805463113 -0.33832197850902745 -0.54866283120764836 0.061916007415353677 -0.57705404460322274 -0.094587914552368341 -0.18172448965380095 -0.0038120138032909923 0.057134020416166956 -0.078237496676741847 -0.41529987488194275
-0.32895024275261719 0.30549904189738941 0.42538072296607221 0.13961184768250984 -0.14094090090964428 -0.31548243190196723 0.15991808987197981 -0.21427887548041755 0.32761241795543405 0.24327397313438412 0.49053744910216329
-0.16744363673062904 -0.027602748799580468 0.18365200819157568 0.44761317689965835 -0.40848737757746251 -0.18170383206129362 0.55509544283945811 0.35815804868041168 0.21901040829633489 0.17971615164673801 0.14340602394501734
-0.19333903200749786 -0.3102774133218193 0.10799147146071064 -0.013382872161881318 -0.20657274453179947 -0.30880201478265223 -0.32962910695198644 -0.34209680103668627 0.26612532849043941 -0.20225810094646712 0.61567775978983907
-0.031832425985509658 -0.64337920401878912 -0.13373724331378589 0.29461845705526718 -0.47411922119961764 -0.17502341494197862 0.065548246015491848 0.23034012312414293 0.15752331883134019 -0.26581592243411317 0.26854633463269306
0.031832425985509658 0.64337920401878912 0.13373724331378589 -0.29461845705526718 0.47411922119961764 0.17502341494197862 -0.065548246015491848 -0.23034012312414293 -0.15752331883134019 0.26581592243411317 -0.26854633463269306
0.19333903200749786 0.3102774133218193 -0.10799147146071064 0.013382872161881318 0.20657274453179947 0.30880201478265223 0.32962910695198644 0.34209680103668627 -0.26612532849043941 0.20225810094646712 -0.61567775978983907
0.16744363673062904 0.027602748799580468 -0.18365200819157568 -0.44761317689965835 0.40848737757746251 0.18170383206129362 -0.55509544283945811 -0.35815804868041168 -0.21901040829633489 -0.17971615164673801 -0.14340602394501734
0.32895024275261719 -0.30549904189738941 -0.42538072296607221 -0.13961184768250984 0.14094090090964428 0.31548243190196723 -0.15991808987197981 0.21427887548041755 -0.32761241795543405 -0.24327397313438412 -0.49053744910216329
-0.15439491805463113 0.33832197850902745 0.54866283120764836 -0.061916007415353677 0.57705404460322274 0.094587914552368341 0.18172448965380095 0.0038120138032909923 -0.057134020416166956 0.078237496676741847 0.41529987488194275
0.0071116879673570471 0.0052201878120575751 0.30693411643315183 0.24608532180179482 0.30950756793540452 0.22836651439304198 0.57690184262127919 0.57624893796412024 -0.16573603007526616 0.014679675189095798 0.068168449724796798
-0.01878370730951176 -0.27745447671018125 0.23127357970228679 -0.21491072725974486 0.51142220098106761 0.10126833167168334 -0.30782270717016535 -0.12400591175297779 -0.11862110988116166 -0.36729457740410931 0.54044018556961848
0.14272289871247643 -0.61055626740715108 -0.010455135072209742 0.093090601957403665 0.24387572431324939 0.23504693151235698 0.08735464579731296 0.44843101240785144 -0.22722311954026087 -0.43085239889175542 0.19330876041247252
-0.098205312184751675 -0.20770697506229394 -0.35018538730646565 0.083771809773248898 -0.27034870586568749 -0.15980017093257318 0.07691268077596726 -0.57981128401193982 -0.077339207789312178 0.51776646118849057 -0.32059529512349283
0.11822269516226031 0.21051749821630741 -0.20264090668294166 0.11724515822543026 -0.62350342975877959 -0.0771612628330334 -0.44980876783462975 -0.07049833673775982 -0.24866066649197971 0.46428388127494591 -0.086579634592182986
-0.10655067582010561 0.061716790681816278 -0.33556678945249696 -0.14841975276748026 -0.19742633915769259 -0.25247358323169189 0.18072963238351586 -0.38174468947338269 0.53301780644840746 -0.11166897905993234 -0.52202900070223235
0.10987733152690637 0.47994126396041759 -0.188022308828973 -0.1149464043152989 -0.55058106305078458 -0.16983467513215214 -0.34599181622708114 0.12756825780079731 0.36169634774574005 -0.16515155897347703 -0.28801334017092245
-0.28443265622489244 -0.51276420057205563 0.064740200587396823 0.31647425941316243 -0.16741388246208244 -0.24023567132218346 0.32418541644526006 -0.34565914708450585 0.023050090625861039 0.33018803543111919 0.36325091439114299
-0.068004648877880491 -0.094539727293454306 0.21228468121092081 0.34994760786534379 -0.52056860635517443 -0.15759676322264368 -0.202536032165337 0.1636538001896741 -0.14827136807680646 0.27670545551757453 0.59726657492245283
-0.29277801986024643 -0.24334043482794543 0.07935879844136548 0.084282696872433255 -0.094491515754087527 -0.33290908362130223 0.42800236805280861 -0.14759255254594875 0.63340710486358076 -0.29924740481730366 0.16181720881240352
-0.076350012513234422 0.17488403845065589 0.22690327906488947 0.11775604532461462 -0.44764623964717953 -0.25027017552176245 -0.098719080557788372 0.36172039472823125 0.46208564616091324 -0.35272998473084838 0.39583286934371337
0.076350012513234422 -0.17488403845065589 -0.22690327906488947 -0.11775604532461462 0.44764623964717953 0.25027017552176245 0.098719080557788372 -0.36172039472823125 -0.46208564616091324 0.35272998473084838 -0.39583286934371337
0.29277801986024643 0.24334043482794543 -0.07935879844136548 -0.084282696872433255 0.094491515754087527 0.33290908362130223 -0.42800236805280861 0.14759255254594875 -0.63340710486358076 0.29924740481730366 -0.16181720881240352
0.068004648877880491 0.094539727293454306 -0.21228468121092081 -0.34994760786534379 0.52056860635517443 0.15759676322264368 0.202536032165337 -0.1636538001896741 0.14827136807680646 -0.27670545551757453 -0.59726657492245283
0.28443265622489244 0.51276420057205563 -0.064740200587396823 -0.31647425941316243 0.16741388246208244 0.24023567132218346 -0.32418541644526006 0.34565914708450585 -0.023050090625861039 -0.33018803543111919 -0.36325091439114299
-0.10987733152690637 -0.47994126396041759 0.188022308828973 0.1149464043152989 0.55058106305078458 0.16983467513215214 0.34599181622708114 -0.12756825780079731 -0.36169634774574005 0.16515155897347703 0.28801334017092245
0.10655067582010561 -0.061716790681816278 0.33556678945249696 0.14841975276748026 0.19742633915769259 0.25247358323169189 -0.18072963238351586 0.38174468947338269 -0.53301780644840746 0.11166897905993234 0.52202900070223235
-0.11822269516226031 -0.21051749821630741 0.20264090668294166 -0.11724515822543026 0.62350342975877959 0.0771612628330334 0.44980876783462975 0.07049833673775982 0.24866066649197971 -0.46428388127494591 0.086579634592182986
0.098205312184751675 0.20770697506229394 0.35018538730646565 -0.083771809773248898 0.27034870586568749 0.15980017093257318 -0.07691268077596726 0.57981128401193982 0.077339207789312178 -0.51776646118849057 0.32059529512349283
-0.25260023023938283 0.13061500344673346 0.19847744390118274 0.021855802357895249 0.30670533873753525 -0.06521225638020485 0.25863717042976819 -0.57599927020864872 -0.13447322820547913 0.59600395786523241 0.094704579758449939
-0.036172222892370834 0.54883947672533484 0.3460219245247067 0.055329150810076611 -0.046449385155556744 0.01742665171933494 -0.26808427818082881 -0.0666863229344688 -0.30579468690814671 0.54252137795168764 0.32872024028975977
-0.26094559387473676 0.40003876919084369 0.21309604175515137 -0.21033576018283393 0.37962770544553015 -0.15788566867932358 0.36245412203731675 -0.37793267567009164 0.47588378603224057 -0.033431482383190457 -0.10672912582028957
-0.044517586527724765 0.81826324246944493 0.36064052237867539 -0.17686241173065256 0.02647298155243813 -0.075246760579783786 -0.16426732657328022 0.13138027160408833 0.304562327329573 -0.086914062296735178 0.12728653471102028
-0.091093624217394642 -0.20248678725023636 -0.043251270873313791 0.32985713157504376 0.039158862069717026 0.068566343460468818 0.65381452339724655 -0.0035623460478195201 -0.24307523786457835 0.53244613637758642 -0.25242684539869603
0.12533438312961737 0.21573768602836499 0.1042932097502102 0.36333048002722512 -0.31399586182337497 0.15120525156000861 0.12709307478664952 0.5057506012263604 -0.41439669656724587 0.4789635564640416 -0.01841118486738616
-0.099438987852748573 0.066936978493873839 -0.028632673019345162 0.097665569034314587 0.1120812287777119 -0.024107068838649909 0.757631475004795 0.19450424849073761 0.36728177637314141 -0.096989303870836513 -0.4538605509774355
0.11698901949426342 0.48516145177247516 0.11891180760417883 0.13113891748649595 -0.24107349511538009 0.058531839260889881 0.23091002639419808 0.70381719576491752 0.19596031767047381 -0.15047188378438123 -0.21984489044612568
-0.11698901949426342 -0.48516145177247516 -0.11891180760417883 -0.13113891748649595 0.24107349511538009 -0.058531839260889881 -0.23091002639419808 -0.70381719576491752 -0.19596031767047381 0.15047188378438123 0.21984489044612568
0.099438987852748573 -0.066936978493873839 0.028632673019345162 -0.097665569034314587 -0.1120812287777119 0.024107068838649909 -0.757631475004795 -0.19450424849073761 -0.36728177637314141 0.096989303870836513 0.4538605509774355
-0.12533438312961737 -0.21573768602836499 -0.1042932097502102 -0.36333048002722512 0.31399586182337497 -0.15120525156000861 -0.12709307478664952 -0.5057506012263604 0.41439669656724587 -0.4789635564640416 0.01841118486738616
0.091093624217394642 0.20248678725023636 0.043251270873313791 -0.32985713157504376 -0.039158862069717026 -0.068566343460468818 -0.65381452339724655 0.0035623460478195201 0.24307523786457835 -0.53244613637758642 0.25242684539869603
0.044517586527724765 -0.81826324246944493 -0.36064052237867539 0.17686241173065256 -0.02647298155243813 0.075246760579783786 0.16426732657328022 -0.13138027160408833 -0.304562327329573 0.086914062296735178 -0.12728653471102028
0.26094559387473676 -0.40003876919084369 -0.21309604175515137 0.21033576018283393 -0.37962770544553015 0.15788566867932358 -0.36245412203731675 0.37793267567009164 -0.47588378603224057 0.033431482383190457 0.10672912582028957
0.036172222892370834 -0.54883947672533484 -0.3460219245247067 -0.055329150810076611 0.046449385155556744 -0.01742665171933494 0.26808427818082881 0.0666863229344688 0.30579468690814671 -0.54252137795168764 -0.32872024028975977
0.25260023023938283 -0.13061500344673346 -0.19847744390118274 -0.021855802357895249 -0.30670533873753525 0.06521225638020485 -0.25863717042976819 0.57599927020864872 0.13447322820547913 -0.59600395786523241 -0.094704579758449939
0.14817556178364263 0.24553830803178633 0.14681769549620421 0.40633513073251365 -0.1602208920312026 -0.06952422046094249 0.17717236531385266 -0.42103321730097354 -0.42999193671570662 -0.54978058141855268 -0.069109667049033874
0.20640942469196574 0.0027060535187259233 0.41089220861723935 -0.18209205729874772 -0.4754420202521939 0.44574869876877421 0.27967029992825682 -0.38346145268904908 -0.16927622083159749 -0.27575940730546084 -0.026552460275001966
-0.43966025762169569 -0.0033534479343836493 0.36541276302577785 0.4102731600512306 0.022196118885449534 -0.20623091431910723 -0.24191670641523072 -0.080605531430993083 -0.30823613299906788 -0.32886728710117102 -0.44003301074848805
-0.3814263947133727 -0.24618570244744409 0.62948727614681288 -0.17815402798003083 -0.29302500933554176 0.3090420049106094 -0.13941877180082657 -0.043033766819068592 -0.047520417114958677 -0.054846112988079093 -0.39747580397445614
-0.20232889024222231 0.3993802114978644 -0.56655793689743938 0.29426294559206595 -0.0085467405118359735 0.13355739219222179 0.20551961153519532 -0.18478514468472654 -0.2693967271138657 -0.35496046789425545 0.31482356213536811
-0.1440950273338992 0.15654795698480395 -0.3024834237764043 -0.29416424243919537 -0.32376786873282731 0.64883031142193848 0.30801754614959947 -0.14721338007280207 -0.0086810112297565217 -0.08093929378116356 0.35738076890940002
-0.79016470964756058 0.15048845553169438 -0.3479628693678658 0.2982009749107829 0.17387027040481615 -0.003149301665942919 -0.21356946019388806 0.15564254118525389 -0.1476409233972269 -0.13404717357687373 -0.056099781564086071
-0.73193084673923758 -0.092343798981366063 -0.08388835624683072 -0.29022621312047847 -0.14135085781617518 0.51212361756377367 -0.11107152557948392 0.19321430579717838 0.11307479248688228 0.13997400053621817 -0.013542574790054163
0.73193084673923758 0.092343798981366063 0.08388835624683072 0.29022621312047847 0.14135085781617518 -0.51212361756377367 0.11107152557948392 -0.19321430579717838 -0.11307479248688228 -0.13997400053621817 0.013542574790054163
0.79016470964756058 -0.15048845553169438 0.3479628693678658 -0.2982009749107829 -0.17387027040481615 0.003149301665942919 0.21356946019388806 -0.15564254118525389 0.1476409233972269 0.13404717357687373 0.056099781564086071
0.1440950273338992 -0.15654795698480395 0.3024834237764043 0.29416424243919537 0.32376786873282731 -0.64883031142193848 -0.30801754614959947 0.14721338007280207 0.0086810112297565217 0.08093929378116356 -0.35738076890940002
0.20232889024222231 -0.3993802114978644 0.56655793689743938 -0.29426294559206595 0.0085467405118359735 -0.13355739219222179 -0.20551961153519532 0.18478514468472654 0.2693967271138657 0.35496046789425545 -0.31482356213536811
0.3814263947133727 0.24618570244744409 -0.62948727614681288 0.17815402798003083 0.29302500933554176 -0.3090420049106094 0.13941877180082657 0.043033766819068592 0.047520417114958677 0.054846112988079093 0.39747580397445614
0.43966025762169569 0.0033534479343836493 -0.36541276302577785 -0.4102731600512306 -0.022196118885449534 0.20623091431910723 0.24191670641523072 0.080605531430993083 0.30823613299906788 0.32886728710117102 0.44003301074848805
-0.20640942469196574 -0.0027060535187259233 -0.41089220861723935 0.18209205729874772 0.4754420202521939 -0.44574869876877421 -0.27967029992825682 0.38346145268904908 0.16927622083159749 0.27575940730546084 0.026552460275001966
-0.14817556178364263 -0.24553830803178633 -0.14681769549620421 -0.40633513073251365 0.1602208920312026 0.06952422046094249 -0.17717236531385266 0.42103321730097354 0.42999193671570662 0.54978058141855268 0.069109667049033874
